Date,AlphaBank,BNPPariBas,BRD,BT,Erste,ING,Unicredit,Robor3M,VIX,10Y_Bond_Yield,CURS_Valutar_Eur_Ron,Soc_Dobanda_BNR,System_Return
20010103,0,-0.009049852,-0.008534354,-0.008534354,-0.001787324,-0.031981649,-0.019462547,53,-0.009569467,0,0.0086,0,-0.011335726
20010106,-0.03264,-0.002931116,-0.008682116,0.027728651,0.008427008,-0.023270837,0.003244587,47.25,-0.047487975,0,0.0021,0,-0.004017689
20010108,0.00729,0.001006534,-0.00070132,0.017120467,0.007695693,-0.004911568,0.004522099,37.62,-0.050271436,0,0.0066,0,0.004574558
20010110,-0.02516,-0.007825644,-0.024263739,-0.029630242,0.00609256,-0.007599549,-0.060744417,38.22,0.012140208,0,0.0098,0,-0.021304433
20010116,-0.01575,-0.006989547,0.015642423,-0.054174876,0.026317277,0.005370826,-0.009936452,53.25,0.028894515,0,0.0006,0,-0.005645764
20010119,-0.00573,-0.02610847,0.052516893,0.010507458,-0.002077644,0.053449523,0.000528311,53.25,-0.005578262,0,-0.0105,0,0.011869439
20010122,-0.01738,0.029639371,-0.039573191,-0.043784863,0.001700212,-0.001942796,0.001055779,53.25,0.00043021,0,0.007,0,-0.010040784
20010123,-0.00999,-0.006060636,-0.018750154,-0.017640259,-0.003403319,0.005710958,-0.014704843,53.25,-0.075001686,0,-0.0005,0,-0.009262608
20010124,-0.01667,-0.002028381,0.016543097,0.016543097,0.005665781,0.026118138,-0.005548116,53.25,0.021101746,0,-0.0171,0,0.005803374
20010125,-0.0006,-0.016893173,-0.004226104,-0.023274935,0.007504705,0.009359748,0.014432321,53.25,0.027313034,0,0.0058,0,-0.001956777
20010126,0.0006,0.002577996,-0.000511348,-0.019930096,-0.007504705,-0.007836775,-0.003189226,53.25,-0.003096649,0,0.0003,0,-0.005113451
20010129,-0.01147,-0.003611045,0.007383119,0.026801867,0,0.006369556,-0.009091781,53.25,0.001770736,0,-0.0073,0,0.002340245
20010130,0.02636,0.022484339,-0.012949591,-0.032368338,0,0.029375658,0.004467083,53.38,-0.001770736,0,0.0115,0,0.00533845
20010131,0.02914,0.004537434,-0.012107693,-0.012107693,0.012166754,-0.009418473,-0.001427296,53.38,-0.024670425,0,0.0115,0,0.001540433
20010203,0.01575,-0.0282358,-0.006282008,-0.013554887,-0.007181414,0.015227395,-0.019652351,53,-0.02342026,0,0.0067,0,-0.006275581
20010207,-0.01217,0.019268434,0.001199139,0.001199139,-0.006308071,-0.019643244,-0.011259383,39.66,-0.015864914,0,-0.0012,0,-0.003959141
20010208,0.01681,0.006018083,0.000556436,0.061373661,-0.003412999,0.01184804,0.005725988,37.75,-0.023125228,0,0.0043,0,0.014131316
20010210,-0.00319,0.024391452,0.005470276,0.015498792,-0.003318612,-0.003119557,-0.02291848,37.89,-0.035909351,0,0.0041,0,0.001830553
20010211,-0.04236,0.014512481,-0.004630432,-0.017271845,-0.013560857,-0.013763154,-0.016240815,36.62,-0.050788518,0,0.0004,0,-0.01333066
20010213,-0.00298,0.00922611,0.010715484,0.010715484,0.008928625,0.000618925,0.011792167,53.25,-0.025411357,0,-0.0104,0,0.007002399
20010214,-0.0006,-0.01128797,0.002160675,0.002160675,-0.004632899,-0.016848417,0.000887707,53.5,0.006994648,0,-0.0022,0,-0.00402289
20010220,0.01653,-0.001066658,0.009950432,-0.024417746,-0.002683145,0.010189325,-0.012693476,53,0.10991611,0,-0.0094,0,-0.000598753
20010221,-0.02148,-0.019941375,0.002444326,0.002444326,-0.001254602,-0.031220312,-0.011399746,53,0.042036302,0,-0.0026,0,-0.011486769
20010222,-0.0081,-0.036024957,0.002441662,-0.018760884,0.010525481,0.009438702,-0.014665703,52.88,0.038473617,0,-0.0024,0,-0.007877957
20010223,-0.0183,-0.010209965,-0.013804241,0.007398306,-0.001776213,0.005230258,-0.019581045,52.88,0.016676275,0,0.0145,0,-0.007291843
20010227,-0.02777,0.015173091,-0.00729571,0.007093262,0.005352344,-0.034095245,-0.017062025,53,0.040837703,0,0.0071,0,-0.00837204
20010228,-0.00987,-0.00952655,-0.006128649,-0.020517621,-0.00356502,-0.017636863,0.011784968,53,0.067859749,0,0.0065,0,-0.007922819
20010307,-0.02563,-0.006701799,8.69E-05,0.005507021,0.000342,0.019327806,-0.007177063,39.41,0.008492612,0,0.0005,0,-0.002035021
20010308,0.00317,0.005982062,0.003708448,-0.001406652,-0.001710877,0.041784149,-0.000611928,37.75,-0.010005124,0,0.0013,0,0.0072736
20010310,-0.0161,-0.013785724,-0.013259092,0.005609393,0.011749736,-0.002514564,0.014224997,37.5,0.005118368,0,-0.0073,0,-0.002010751
20010312,0.01239,-0.007168492,-0.037293984,0.00526563,-0.0233474,0.028854977,-0.024704459,36.25,0.077846194,0,-0.005,0,-0.006571961
20010313,-0.00526,-0.004385957,0.015038034,0.015038034,0.006872861,0.01699026,0.006482682,52.38,-0.095805043,0,-0.0144,0,0.007253702
20010314,-0.02333,-0.026727651,0.00321545,-0.003953156,-0.024440048,-0.001635846,-0.015987707,51.75,0.072109655,0,-0.0031,0,-0.013265565
20010315,0.01406,0.021217997,0.011250994,0.0184196,-0.00422019,0.011564445,-0.02294325,51.75,-0.036105044,0,-0.0122,0,0.007049942
20010316,-0.00067,-0.012229179,0.001406358,-0.005762248,-0.010807095,-0.007807359,-0.013940363,51.62,0.046185749,0,-0.0001,0,-0.007115698
20010319,0.00332,-0.002800326,-0.166093575,0.003594078,0.023936414,-0.003641466,-0.014765789,51.62,-0.004355817,0,0.0033,0,-0.022350095
20010320,0.02747,0.023830435,-0.172907708,-0.025931272,0.006932418,0.001882525,-0.006937898,51.62,0.038858969,0,0.0109,0,-0.020808786
20010321,-0.03212,-0.023269756,-0.147436437,0.019325458,0.001725639,0.002392533,0.012995362,51.62,0.030849997,0,-0.0142,0,-0.0237696
20010322,-0.0168,-0.048229776,-0.087757877,0.015802574,-0.031170466,-0.002930219,-0.027873431,51.62,0.028101273,0,-0.006,0,-0.028422742
20010323,-0.00748,0.02612631,0.032523482,-0.002567838,0.004968111,0.006528094,0.014244954,51.62,-0.07556127,0,0.0028,0,0.010620445
20010326,0.02094,0.026577755,0.020995176,-0.007335331,0.008810624,0.001900006,0.026868222,51.75,-0.047411798,0,0.0075,0,0.014108065
20010327,0.00799,0.041000551,-0.050102694,0.008602257,0.016184097,9.00E-05,0.025764689,51.75,-0.071356936,0,-0.0022,0,0.007075554
20010328,-0.01134,-0.010228905,-0.021892984,0.000842396,0.009791373,0.013979825,-0.019618388,51.62,0.055389885,0,-0.0075,0,-0.00549524
20010329,-0.01964,0.015570796,-0.099952086,0.002047082,-0.008756168,0.001254885,-0.018553408,51.31,0.020433617,0,-0.002,0,-0.018289843
20010405,0.00752,-0.002587334,0.009439399,-0.029553773,-0.008368244,0.007679973,-0.004518932,49.44,-0.075302249,0,0.0038,0,-0.002912702
20010409,-0.00488,0,0.015785173,0.038468689,-0.000847823,-0.010062294,-0.028617403,37.38,0.036639919,0,-0.021,0,0.00140662
20010410,0.02247,0.033846031,0.005279102,0.014848717,-0.016006275,-0.007588404,0.073263829,37.62,0.0199027,0,0.0064,0,0.018016143
20010412,-0.00095,0.003078499,-0.019978664,0.002000243,0.002097552,0.006282285,0.01661688,36.25,-0.067829425,0,-0.0017,0,0.001306685
20010417,0.00064,-0.004123703,0.045269056,0.018377085,0.006920424,0.00078708,0.001146569,49.81,-0.027726047,0,-0.0045,0,0.009859502
20010418,0.03952,0.014359205,0.025263893,-0.00862472,0.025533286,0.015346321,0.011582778,49.69,-0.059527079,0,-0.0012,0,0.01756868
20010419,0.00552,0.021159487,-0.024433663,-0.003444007,0.008368244,-0.033593224,-0.00929357,49.69,0.001242522,0,0.0211,0,-0.00510239
20010420,-0.01665,-0.013045837,-0.018995499,0.015540579,0.008133494,-0.007135887,-0.012270099,49.69,0.049263062,0,0.0054,0,-0.006346178
20010423,-0.01126,-0.017320861,-0.036082726,0.059454995,0.016559104,-0.019324414,-0.002704267,49.81,0.103941097,0,-0.0064,0,-0.001525453
20010424,-0.01457,-0.003088027,0.015637623,0.014906791,-0.001627285,0.041076145,0.008858139,49.81,0.011650615,0,-0.0009,0,0.008741912
20010425,0.00889,0.003088027,0.023282816,0.028227832,-0.011466157,0.018161914,-0.005768138,49.56,-0.039010141,0,0.005,0,0.009202328
20010426,0.00944,0.016310237,-0.036810188,0.009211975,0.017150273,0.003187638,-0.007742978,49.56,-0.053986143,0,0.0083,0,0.00153528
20010427,0.0025,0.010060445,0.004403504,0.023669955,0.004040374,0.014591149,0.014469241,49.56,-0.077670021,0,-0.0104,0,0.010533524
20010503,-0.00065,0.021394279,0.004991328,0.012264207,0.008968738,-0.014363532,-0.008485498,53,-0.011365822,0,-0.005,0,0.003445646
20010506,-0.04501,0.009737173,-0.009108094,0.01829122,0.034198758,-0.019602093,-0.003445642,47.09,-0.087947233,0,0.0099,0,-0.002134097
20010507,0.00258,-0.004800776,0.008604467,0.008604467,-0.002580666,0.004600844,-0.003490404,39.03,0.060002619,0,-0.0093,0,0.001931133
20010509,-0.02392,0.011016625,0.00323956,0.021588851,0.008445991,0.034150122,-0.068147824,37.5,0.019157674,0,-0.0017,0,-0.001946668
20010510,-0.01923,-0.001074105,0.006404496,-0.002985245,-0.034144547,-0.013960799,-0.030779119,37.62,0.043458494,0,0.0019,0,-0.013681331
20010512,0.00473,0.027288199,0.010443746,-0.015797885,0.004008052,-0.00395639,0.063164283,36.25,-0.045018194,0,-0.0024,0,0.012840001
20010514,-0.01849,-0.003506141,0.021441732,0.020098111,-0.024442829,0.004471079,0.007750544,49.31,0.030127772,0,-0.0003,0,0.001046071
20010515,-0.01342,0.012465867,0.002129515,0.014352018,-0.009429989,0.032519651,-0.018178945,49.31,-0.022932051,0,0.0049,0,0.002919731
20010516,0.01008,0.020599068,-0.008357848,0.004142491,-0.003970002,0.004048573,-0.004878975,49.19,-0.079866978,0,0.007,0,0.003094758
20010517,-0.01144,0.013500692,0.021033027,-0.017979279,0.023417909,0.000900861,0.00805625,49.19,-0.019373304,0,0.0014,0,0.005355637
20010518,0.03523,-0.013500692,0.052345139,0.012964361,0.003541575,-0.000646088,0.00650983,49.19,-0.011241326,0,-0.0018,0,0.013777732
20010521,0.02133,0.017324795,-0.040383229,0.004931967,0.008382274,0.004966971,-0.023256862,49.25,-0.022387185,0,-0.004,0,-0.000957726
20010522,-0.00192,0.001906562,0.032301212,4.95E-05,-0.021941767,0.013190812,0.019914244,49.16,0.028023688,0,-0.0132,0,0.006214364
20010523,0.0102,-0.000952827,-0.011716421,0.014265604,-0.013745955,0.024331953,0.008151209,48.5,0.03362046,0,-0.0089,0,0.004361938
20010525,0.01632,-0.017274913,0.001104608,-0.005452793,-0.022748094,-0.022325374,-0.011747565,48.25,0.001457405,0,0.0058,0,-0.008874876
20010529,-0.02055,0,-0.014486478,0.023878684,-0.000876815,0.014458106,-0.005753012,47.62,0.072094805,0,-0.0051,0,-0.000475645
20010530,-0.02364,-0.001943639,0.023239701,-0.002905579,-0.008279787,0.012765195,-0.013490927,47.25,0.02761872,0,0.002,0,-0.002036434
20010531,0.01386,-0.00292255,-0.001516407,0.029820181,0.003355364,0.01894407,-0.013293015,47.12,-0.005286393,0,-0.0101,0,0.00689252
20010603,0.00455,0.002285719,-0.003750072,-0.018349112,0.008888942,0.006154461,0.009467522,53,-0.046414724,0,0.0046,0,0.001321066
20010607,0.00172,-0.034266703,-0.010640907,-0.016090579,0.004297347,-0.053832198,-0.005361944,39.03,0.073859015,0,0.0112,0,-0.016310712
20010608,-0.00317,-0.00498257,0.016448128,-0.020248452,0.004271718,-0.004126913,0.008735455,37.75,0.095812821,0,-0.0014,0,-0.000438948
20010609,-0.00251,-0.002992516,-0.018633565,-0.014625543,-0.007598168,-0.01613875,-0.044484362,37.75,0.082288039,0,0.0138,0,-0.015283272
20010612,-0.00094,0.001992036,-0.021317189,-0.030159354,0.006414145,-0.005497459,-0.009461666,36.25,0.029533438,0,0.0097,0,-0.008424212
20010613,-0.00281,0.022829786,0.02266529,-0.078014009,0.012799125,-0.012872207,0.015439962,44.62,0.035590944,0,0.0022,0,-0.002851722
20010615,0.00072,-0.011928572,0.000644888,0.059141869,-0.012121383,0.005988741,-0.01045935,44.12,-0.013499067,0,0,0,0.004569456
20010618,-0.00359,-0.014098929,0.012983035,0.039164996,0.000169364,0.009878059,-0.009990479,44.25,0.015659329,0,-0.0005,0,0.004930864
20010619,-0.02326,0.010090901,0.010191588,0.010191588,0.004224726,0.023207608,-0.01165288,44.12,-0.036479541,0,-0.0071,0,0.00328479
20010620,-0.00516,-0.002010055,0.014757339,0.006699135,-0.004224726,0.015099831,-0.009618289,43.5,-0.028605859,0,0.0017,0,0.002220462
20010621,-0.0119,0.00801609,-0.007125663,-0.006276184,0,0.006362892,-0.021128954,42.38,-0.113531379,0,0.0007,0,-0.004578831
20010622,-0.0204,0.014859111,0.018021205,0.01014012,-0.00288309,-0.018208121,0.009623173,42.38,0.032490234,0,0.0036,0,0.0015932
20010625,-0.03971,0.012701678,0.005970864,-0.017110277,-0.008185577,-0.012664156,0.012491484,42,0.031951581,0,0.0031,0,-0.006643712
20010626,-0.03147,-0.006819318,-0.03048726,-0.005794647,-0.00171381,0.020632274,-0.021510485,41.88,0.02531784,0,0.0056,0,-0.011023321
20010627,0.01868,0.000977052,0.035492383,0.010140858,-0.002060385,0.00841568,0.003015381,41.62,-0.015209495,0,-0.0049,0,0.010665853
20010628,-0.02114,0.019342958,0.01595217,0.010532036,0,0.009175212,0.009787354,41.62,-0.042559563,0,-0.016,0,0.006235676
20010629,0.01872,-0.015444331,-0.019450557,-0.007255284,0.011280188,-0.011070389,0.011855504,40.78,-0.04864029,0,0.0074,0,-0.001623553
20010703,-0.01437,0.047375813,0.00209307,-0.00528716,0.026202355,0.063841169,0.012485537,52.38,-0.070815364,0,-0.0044,0,0.018905826
20010705,-0.01004,-0.004153678,-0.004703715,-0.030759992,0.008368244,-0.000366406,0.005457807,49.44,0.038963336,0,-0.0025,0,-0.005171106
20010708,-0.04463,0.003988048,0.039293018,0.026228089,0.000852158,-0.000474546,-0.011391499,37.25,-0.041031358,0,-0.005,0,0.001980753
20010712,0.00094,-0.002989534,-0.007881483,0.040625334,-0.000172817,0.001700737,0.014159134,36.25,-0.009322073,0,-0.0028,0,0.00662591
20010713,-0.03753,0.001000513,0.011959183,0.010633716,-0.016514916,0.010576231,0.016102039,38.62,-0.043958073,0,0.0022,0,-0.000539033
20010716,-0.03701,-0.002002006,-0.001531761,-0.006951895,0.01080897,0.016096586,0.006076503,38.38,0.080406538,0,-0.0011,0,-0.002073372
20010717,0.00692,-0.005022611,-0.003071992,-0.009114306,0,-0.022340575,-0.012401634,38.38,-0.013181177,0,0.0093,0,-0.006433017
20010718,0.0537,-0.023434604,-0.017482485,-0.022932157,0.006567651,-0.034935239,-0.000634715,37.5,0.042854415,0,0.0165,0,-0.005593078
20010719,0.08927,0.010256519,0.037185883,0.007128867,0.013687089,-0.001108467,0.019698876,37.38,-0.047287063,0,-0.0007,0,0.025159824
20010720,-0.03387,-0.005115121,0.066592024,0.004570877,-0.001190182,-0.004510323,0.002487045,37,-0.007580865,0,0.0007,0,0.00413776
20010723,0.04744,-0.000512937,0.012089291,0.006669289,-0.000510512,-0.01525398,-0.001657343,37.12,0.060782579,0,-0.0011,0,0.00689483
20010724,0.01089,-0.004628461,0.046071416,0.020230503,0,0.009412397,-0.006448284,37.12,0.061268649,0,0.0062,0,0.010789653
20010725,0.00416,-0.011404985,-0.02351955,0.017746454,-0.000851362,-0.030530447,-0.006700192,37.12,-0.050376198,0,0.0082,0,-0.007300012
20010726,0.00991,-0.003133157,-0.004271516,0.045819127,0.005097686,0.012777156,-0.000210102,37.12,-0.042124916,0,-0.0007,0,0.009427028
20010727,0.03154,0.011440571,0.005372282,0.047806027,-0.005097686,0.022323177,0.001050092,37.12,-0.044886461,0,-0.0003,0,0.01634778
20010730,-0.03979,0.018443158,-0.029056654,-0.02100583,-0.003412999,-0.020051322,0.011063674,37.12,0.030881869,0,-0.0027,0,-0.011972853
20010731,0.01888,0.008089017,0.02932227,0.021271446,-0.004282694,-0.005964972,0.007651782,38,-0.048305471,0,0.0023,0,0.01070955
20010802,0.01244,0.000520704,0.007864164,0.014598299,0.003577849,-0.028417437,0.005051427,53.12,-0.009738125,0,-0.0077,0,0.002233572
20010803,0.02405,0.033720069,-0.0026385,0.019340771,0,0,0.011565279,52.38,0.007023374,0,0.0037,0,0.012291088
20010805,-0.00887,-0.002083338,0.005131392,0.018376817,-0.00668897,0.004567666,0,49.42,-0.017038954,0,-0.0049,0,0.00149051
20010808,-0.01589,0.000994522,0.009316059,0.015911586,0.011686084,0.030380238,-0.013801849,37.25,0.060484598,0,0.0038,0,0.005513806
20010810,-0.01631,-0.009176852,-0.01004291,-0.00065317,-0.011775071,-0.031778224,-0.011635234,37.88,0.050514303,0,0.0015,0,-0.013053066
20010811,-0.00098,0.01135788,0.005725188,0.023964836,-0.00985229,0.018513296,0.004314755,36.5,-0.017662739,0,-0.0032,0,0.007577666
20010813,-0.01125,0.00403225,0.021157031,-0.003135661,-0.001679274,-0.008184641,0.001290599,37.12,-0.006346087,0,0.0042,0,0.000318615
20010814,0.01211,0.016958012,-0.027986499,-0.027202048,-0.000840696,-0.000315228,0.012815212,37.12,0.002933961,0,0.0071,0,-0.002065892
20010816,0.00515,0.000981848,-0.043542543,0.042041996,-0.007598168,-0.023918198,0.004869278,37.12,0.029684208,0,-0.0024,0,-0.003145112
20010817,-0.00257,-0.011846142,-0.03785215,-0.025717582,0,-0.007806138,-0.012752564,37.12,0.101453134,0,0.0067,0,-0.014077797
20010820,0.00257,0.000992547,0.061036911,0.003878497,-0.004246323,-0.027419716,0.014440682,37.12,-0.041538804,0,-0.0041,0,0.0073218
20010821,-0.00773,0,0.021879807,0.015610358,0.000850708,-0.031421138,0.012570876,37.12,0.064757072,0,0.0039,0,0.001680087
20010822,-0.00779,0.003960408,-0.001466774,-0.016339761,0.000340081,0.006543457,0.005605749,37,-0.083738012,0,-0.0039,0,-0.001306691
20010823,0.00087,0.011787957,0.023809764,-0.000984895,0.003055534,0.012880108,0.008247467,37,-0.009402397,0,0.0018,0,0.008523705
20010824,0.01036,0.010684889,0.020019881,0.018865533,0.008438863,-0.010815868,0.006549348,37.12,-0.120316633,0,0.0004,0,0.009157521
20010827,0.03296,0.003857292,0.003063704,-0.015984655,-0.007591758,0.000845394,-0.003269308,37.12,0.04222134,0,-0.0027,0,0.001982953
20010828,0.01731,-0.018456088,-0.002785798,-0.002785798,-0.00186458,-0.03382666,-0.011527506,37.25,0.067695039,0,0.0027,0,-0.007705204
20010829,-0.01564,-0.00787405,0.015833905,-0.019456913,-0.00749321,0.031035003,0.009068484,37.06,0.04575529,0,-0.002,0,0.000781888
20010830,0.01237,-0.015434713,-0.028208463,0.011090377,0.00273133,-0.029747205,-0.009482648,37.06,0.098345048,0,0.0104,0,-0.008097332
20010831,0.02429,0.013456469,0.011979506,0.003980261,-0.003244286,-0.013811013,-0.019661791,37.06,-0.019472094,0,-0.004,0,0.002427021
20010902,-0.00472,0.009326499,-0.006734558,0.013199956,-0.001429604,-0.019047514,-0.007224158,53.12,0.026214497,0,0.0072,0,-0.002375626
20010903,-0.01098,-0.011646494,-0.000531496,0.020975058,0,0.138965617,-0.00692311,52.38,0.053308549,0,0.0004,0,0.018551368
20010905,-0.01862,-0.008902913,-0.008932912,0.01091905,-0.001679274,-0.005361724,-0.001314679,49.42,-0.003689291,0,0.0018,0,-0.004841779
20010907,-0.05193,0.005958321,-0.011529588,-0.010855256,-0.005159051,-0.031925441,0.002065687,39.28,0.038544803,0,0.0056,0,-0.014767904
20010908,-0.01273,-0.00498257,0.074300787,0.00790889,-0.006588399,-0.012735592,-0.020748938,37.12,-0.025869366,0,0.014,0,0.003489168
20010910,0.00438,-0.007074878,-0.018240645,0.024319128,-0.017630204,0.010165393,-0.019613406,37.88,-0.008291601,0,-0.0067,0,-0.003384945
20010911,-0.01476,-0.007730014,0.010773027,0.001294283,-0.017780963,-0.006465973,-0.021762393,36.5,-0.042103981,0,0.0026,0,-0.008061719
20010917,-0.00604,-0.002242157,-0.026102184,-0.082098767,-0.022075901,-0.001297774,0.007851677,38.88,0.271215538,0,0.0047,0,-0.018857872
20010918,-0.0071,-0.033089158,-0.037561194,0.016727787,0.001784062,-0.009847706,-0.007851677,38.62,-0.071716186,0,0.0039,0,-0.010991127
20010919,0.01314,-0.034822058,-0.003644781,0.020169087,0.029852974,0.007596098,-0.049592335,38.25,0.042559676,0,-0.0011,0,-0.002471574
20010920,-0.06534,-0.054935137,-0.011741585,-0.022310226,-0.00851364,0.010024269,-0.050376676,38.25,0.07548066,0,0.0019,0,-0.029027571
20010921,-0.00537,-0.037496287,-0.049746121,-0.005306657,-0.078183213,0.01497875,-0.033290609,38.12,-0.025001344,0,-0.0135,0,-0.027773448
20010924,0.02763,0.061941265,-0.056820081,-0.003279314,0.018692121,0.006462213,0.122877016,38.25,-0.122276234,0,0.0032,0,0.025357603
20010925,0.00731,0.052469063,0.055341866,-0.007632934,0.009583557,-0.014954347,0.040898893,37.88,-0.052758253,0,0.0059,0,0.020430871
20010926,-0.02209,0.022081088,0.004387324,0.057972895,-0.009583557,0.010051039,0.023965721,37.88,-0.015478093,0,0.0021,0,0.012397787
20010927,0.00953,0.015398079,0.002566617,0.002566617,-0.00650255,-0.001331879,0.019625964,38.12,-0.036388605,0,-0.0033,0,0.005978978
20010928,0.01776,0.016278789,0.010666747,-0.013043626,0.00650255,0.009165965,0.05212586,38,-0.062814508,0,-0.0053,0,0.014208041
20011005,-0.00911,0.048765113,-0.002547972,-0.008794282,0.026535551,0.012522826,0.01806549,49.31,-0.014478035,0,-0.0039,0,0.012205247
20011007,-0.01273,-0.004962788,0.001464585,-0.026912697,0.00344237,-0.018954101,-0.018536402,38.88,0.033679127,0,0.0045,0,-0.011027005
20011008,-0.00772,-0.011049825,0.066151575,0.057752932,0.010118138,-0.001292357,-0.0162258,37.38,-0.056752854,0,0.0022,0,0.013962095
20011009,-0.04548,-0.012220113,-0.02245212,-0.021419535,-0.014536352,0.013769898,0.007269109,38,0.027058801,0,-0.0086,0,-0.013581302
20011010,0.00109,0.013561377,-0.010782921,-0.014876413,-0.00893313,0.072008989,0.012616875,37.88,-0.097322004,0,-0.0026,0,0.009240682
20011012,-0.01617,-0.014070589,-0.017070535,-0.0208569,-0.003982993,-0.002967475,-0.025998983,36.25,0.08679854,0,0.0037,0,-0.014445354
20011015,0.00541,-0.031168564,-0.060858306,0.038703633,-0.017324757,0.016258891,-0.044134185,37.5,0.001133492,0,-0.0024,0,-0.013301898
20011016,0.0224,-0.006571754,0.043428955,0.001317469,0.009661905,0.04459879,0.008570363,37.12,-0.071301646,0,-0.001,0,0.01762939
20011017,0.02911,0.021202196,0.025706354,-0.013051808,0,0.039653117,0.021236573,36.75,0.064766617,0,-0.0051,0,0.017693776
20011018,-0.00205,-0.009186771,0.029114358,-0.000738605,0.041437195,0.002110501,-0.009666834,36.75,-0.003712729,0,0.0003,0,0.007288549
20011019,-0.00618,-0.010368433,0.027295005,0.003080747,-0.043554836,0.000487822,-0.0359133,36.62,-0.024327876,0,-0.003,0,-0.009307571
20011022,0.01232,0.006015883,-0.00852929,0.024278085,-0.032115549,0.012130131,0.024084933,36.62,-0.056072571,0,-0.0063,0,0.005454885
20011023,0.00813,0.014077106,0.030470254,0.0197788,0.00891535,0.017492291,0.048716258,36.62,-0.00778214,0,-0.0003,0,0.021082866
20011024,-0.01222,0.003756378,-0.017059087,0.032276732,-0.035126478,0.00020396,0.029374604,36.38,-0.033362879,0,0.0024,0,0.000172301
20011025,-0.0072,-0.008066738,-0.003657629,-0.016253473,-0.02064064,0.01574239,-0.038531953,36.38,-0.049339644,0,-0.0016,0,-0.01122972
20011029,0.01355,-0.008066738,-0.027931346,-0.013542608,-0.005437024,-0.041616248,-0.009490279,36.62,0.107328998,0,0.014,0,-0.013219178
20011030,-0.01565,-0.013043665,-0.021496926,-0.001984112,-0.014574155,-0.034017359,-0.031039109,36.62,0.055928545,0,0.0011,0,-0.018829332
20011031,0.05324,0.010881498,0.011847963,0.002043963,0.041672671,0.051596568,0.027119462,36.62,0.002984254,0,-0.0029,0,0.028343161
20011104,0.01008,0.015053479,0.045194253,-0.04423196,-0.016936497,0.002855664,0.018862982,49.81,-0.033854752,0,-0.0011,0,0.004411132
20011105,-0.00065,0.002002006,-0.014519757,0.012799733,-0.017334314,-0.005201109,-0.003698225,49.31,-0.01935269,0,-0.0063,0,-0.003800238
20011106,-0.03435,-0.031191609,-0.005050556,0.018062451,-0.013345952,0.001194533,0.011633579,45.12,0.038409481,0,-0.0084,0,-0.007578222
20011107,-0.03918,-0.021116931,0.006478792,0.016506936,-0.015584778,-0.018274333,-0.008020303,38.88,0.032165288,0,0.0055,0,-0.011312945
20011110,0.01408,0.009117789,-0.006407395,0.027099982,0.020721013,0.012667725,0.041503807,37.5,-0.003169587,0,-0.0082,0,0.016968989
20011112,-0.00577,0.008064554,-0.014623165,0.016562173,-0.006615673,0.010989552,0.00183067,36.38,-0.012568964,0,0.0011,0,0.001491159
20011113,-0.00712,0.022941568,0.028331413,0.031569076,0.025769546,0.043773829,0.038090772,36.5,-0.103280569,0,-0.0149,0,0.026193743
20011114,0.02122,0.02192289,-0.016000635,-0.0021436,0.055199499,0.054340865,0.025370367,36.5,0.003394314,0,0.0031,0,0.022844198
20011115,0.02762,0.00503019,-0.007228373,-0.019661058,0.051783938,-0.010083017,0.014021034,36.5,-0.038377696,0,0.0008,0,0.008783245
20011116,0.03442,-0.011607493,0.006759058,0.014551363,0.002283324,4.91E-05,0.003586639,36.5,-0.019356709,0,0.0029,0,0.007148861
20011119,0.00656,0.006577303,0.001936177,0.006576556,0.00262807,0.003635351,0.027804085,36.5,-0.024632807,0,-0.0057,0,0.007959649
20011120,0.00744,0.000504145,-0.005260713,-0.005260713,-0.000700091,-0.001503558,-0.023338792,36.62,-0.013997686,0,0.0056,0,-0.004017103
20011121,-0.00744,0.003522017,0.013989582,0.004730257,-0.001051164,0.004193276,0.005775228,36.62,0.00289794,0,-0.0049,0,0.003388457
20011123,-0.03327,-0.013496829,0.008307306,-0.000825177,0.000175425,0.001778402,0.001114201,36.38,-0.039634215,0,0.001,0,-0.00517381
20011126,0.01089,0.006521213,0.000950803,-0.02067905,0.000701391,0.030487122,-0.028463633,36.38,0.022960231,0,0.0033,0,5.83E-05
20011127,0.01369,-0.013085253,0.000748784,0.013328801,0.004372509,-0.002990342,-0.019903459,36.38,0.008788468,0,0.0036,0,-0.000548423
20011128,0.00774,-0.00558801,0.021330943,-0.022432002,0.003484351,0.005086771,0.010463995,36.25,0.076189124,0,0.0055,0,0.002869435
20011129,0.00096,0.003559629,0.041242133,-0.001682912,0,-0.003014454,-0.018679034,36.12,-0.028192913,0,0.0013,0,0.003197909
20011130,0.00384,-0.005089068,-0.001705441,-0.01007369,0.017241795,-0.012175641,-0.005198502,36.25,-0.054685192,0,0.0104,0,-0.001880078
20011202,-0.00712,0.001545991,-0.007799498,-0.021044923,-0.003044711,-0.009049861,0.008483039,53.12,-0.005005726,0,0.0075,0,-0.005432852
20011203,-0.00913,-0.026984924,0.003851102,-0.00326648,0,-0.012924722,-0.021061617,52.38,0.168434221,0,-0.0039,0,-0.009930949
20011204,0.04317,0.001544399,0.007419996,-0.007286151,-0.006230526,0.005428604,0.007484923,49.81,-0.085798224,0,0.0082,0,0.007361606
20011206,0.01557,-0.013958357,-0.014569346,-0.041819325,0.003395615,-0.005093416,-0.000758724,44.62,0,0,0.0122,0,-0.008176222
20011207,0.03276,0.015128878,-0.004993428,0.012681379,0.012142408,0.036905569,-0.007871546,38.62,-0.083345395,0,-0.0066,0,0.013821894
20011210,-0.00864,0.009035406,-0.02556322,-0.029217634,0.023167077,0.003106766,-0.036750829,37.5,0.113045211,0,0.0105,0,-0.009266062
20011211,-0.02306,-0.019326794,0.009304858,-0.004746895,0.003822587,0.004522157,-0.04669648,36.5,0.067290737,0,0.0015,0,-0.010882938
20011212,-0.02836,-0.006042305,0.038443005,-0.002378989,0.000872988,-0.002677483,-0.007112573,36.38,-0.017142074,0,0.0024,0,-0.00103648
20011213,-0.01802,-0.020408888,-0.01222155,0.022810848,0.006089669,-0.001886976,-0.031577878,36.5,0.040966697,0,-0.006,0,-0.007887825
20011214,0.01404,-0.00984208,-0.009987486,0.006819888,-0.013094933,0.000189617,-0.009311278,36.62,-0.050663811,0,0.0119,0,-0.00302661
20011217,0.001,0.033780088,0.016267847,0.019314046,0.00438401,0.006548331,0.039276065,36.62,-0.015136265,0,-0.0052,0,0.017224341
20011218,0.01089,0.003516709,0.02389446,0.022455644,0.006105604,0.007331892,0.012832441,36.62,-0.04080479,0,-0.0019,0,0.012432393
20020102,-0.00519,0.010133656,0.021974937,-0.022953776,0,-0.018717433,-0.001121708,36.88,0.001421497,0,0.0016,0,-0.002267761
20020103,0.02335,-0.017094437,0.142318818,0.019689398,0.016992227,0.025681174,0.005550017,35.88,-0.078500027,0,-0.0058,0,0.030926742
20020107,-0.01809,-0.011675025,-0.007010383,0.025218907,0.006612499,0.04089854,0.022453452,29.91,0.065153527,0,-0.0031,0,0.008343999
20020110,-0.01342,0.018029336,-0.004309359,0.00275781,0,0.00519108,0.017979245,25.84,-0.151215541,0,-0.0016,0,0.003746873
20020114,-0.03286,-0.009606219,-0.008228383,-0.007491447,-0.004943745,-0.002727166,-0.026010428,36.75,0.042448969,0,-0.0103,0,-0.013123913
20020115,0.0043,-0.002899969,-0.0277902,-0.004247252,0.037291602,0.011547042,0.004759214,36.62,-0.038033934,0,-0.0128,0,0.003280062
20020116,-0.00107,-0.011684652,-0.017095739,-0.003174401,-0.003542989,-0.008496902,-0.019174294,36.62,0.032505569,0,0.0013,0,-0.009176997
20020117,0.0472,0.038429331,0.043005633,-0.002664404,0.022808035,-0.019529352,0.020755681,36.62,-0.052528519,0,0.0018,0,0.021429275
20020118,-0.01549,-0.020953146,0.023450408,0.005750831,-0.001736125,0.003643,-0.007477097,36.88,0.012061815,0,-0.0029,0,-0.001830304
20020122,0.00311,0.020933209,0.006653267,0.024045284,0.034626661,0.000461549,0.011959974,36.88,0.047266553,0,-0.004,0,0.014541421
20020123,0.00414,0.009372138,0.064438164,0.01400731,-0.009386595,0.018533795,0.022403068,36.88,-0.076097438,0,-0.0138,0,0.017643983
20020124,0.01841,0.004653334,-0.013374513,-0.018395238,-0.001348174,0.002194431,-0.005498747,36.88,-0.033933052,0,-0.0007,0,-0.001908415
20020125,0.00202,-0.006520733,0.010068936,0.014226946,0.003367032,0.012514695,0.012275473,36.88,-0.006641362,0,-0.0144,0,0.006850336
20020128,-0.00202,0.020352228,0.006441073,0.015534287,0.005029387,0.01221424,0.018135214,36.88,0.006168426,0,0.0037,0,0.010812347
20020129,-0.00712,-0.017552417,-0.007782531,-0.011906248,0,0.000854261,-0.03283975,36.88,0.141364914,0,0.0122,0,-0.010906669
20020130,-0.01439,-0.024529538,0.018415148,0.023239753,-0.010084126,-0.003623402,-0.002213367,36.88,-0.047517918,0,-0.0059,0,-0.001883647
20020131,0,0.031032117,0.015557294,0.007460084,-0.012749881,0.016961008,-0.011813353,36.88,-0.096214945,0,-0.0049,0,0.006635324
20020204,-0.02935,-0.010416762,-0.003298527,0.002780522,0.01612939,-0.007543247,0.017850534,35.12,0.022698273,0,-0.0025,0,-0.001978299
20020207,-0.02129,-0.101653652,0.011455871,0.050051471,-0.011600712,-0.025709836,-0.026172148,29.78,0.06601285,0,-0.0053,0,-0.017845572
20020208,-0.01046,-0.007898234,0.002348864,0.012517397,-0.06613858,-0.00024641,-0.033245568,28.06,0.111054694,0,0.0031,0,-0.01473179
20020210,-0.00338,0.027028661,-0.008275593,-0.020227558,0.023530482,-0.00780373,-0.012223431,25.84,0.076429089,0,0.005,0,-0.000193024
20020212,0.01908,-0.033481115,0.02387459,0.029953993,0.047478682,0.008087469,-0.001251724,21.44,-0.001455638,0,0.002,0,0.013391699
20020213,-0.00106,-0.000951014,-0.008114834,0.007389364,0.026016449,0.017427786,0.026848815,35.81,-0.036264884,0,-0.0071,0,0.009650938
20020214,-0.00426,0.021647895,0.014065826,-0.005277152,0.011605571,-0.006887255,0.00069085,35.69,0.04317893,0,0.0047,0,0.004512248
20020215,-0.00858,-0.006539026,0.012391976,0.000963272,-0.004626104,2.90E-05,-0.009715557,35.69,0.027187917,0,0.0004,0,-0.00229664
20020219,-0.0277,-0.03448618,-0.013594402,0.010593084,0.023220354,-0.023414354,-0.007062176,35.62,0.088091085,0,0.0069,0,-0.010349096
20020220,-0.00225,-0.008810615,-0.00216275,0.018077382,0.011104392,0.017066698,-0.021973657,35.62,-0.075210649,0,-0.0049,0,0.001578779
20020221,-0.00113,0.030026473,-0.031266357,0.011361299,-0.003072222,0.011231433,0.012002067,35.62,0.0490843,0,0.0088,0,0.00416467
20020222,-0.00679,-0.003824103,0.002804038,-0.004800567,0.010711674,-0.004563463,-0.01732895,35.62,-0.040296864,0,0.0043,0,-0.003398767
20020225,0.01016,0.014265574,0.004895564,-0.007570123,0.000760751,-0.005896862,0.009423776,35.62,-0.045645527,0,-0.0073,0,0.003719811
20020226,0.02442,0.017782409,0.006657532,0.006657532,-0.010549767,0.005410276,0.015511581,35.75,-0.007352967,0,-0.0109,0,0.009412795
20020227,-0.01658,0.01929321,-0.001595485,0.010870201,-0.019556752,-0.00075939,0.049432696,35.75,-0.008802491,0,0.0095,0,0.005872069
20020228,-0.00896,0.019820467,0.012958251,-0.00580404,-0.012301018,-0.006980365,0.01231957,35.88,0.004642552,0,0.0072,0,0.001578981
20020301,0.00893,0.009920714,0.032238791,-0.014879132,-0.000336194,0.025504927,0.03454382,36.62,-0.062222063,0,0.003,0,0.013703275
20020304,-0.05413,0.006956544,0.029469272,0.022041333,0.002754844,0.002554514,0.000589561,35.12,0.052857878,0,0.0001,0,0.001462295
20020306,-0.01674,-0.010846992,-0.013386885,-0.00863628,0.007099095,-0.009539994,-0.000837169,32.44,0.156721434,0,0.0084,0,-0.007555461
20020307,0,0.009950328,0.003465213,-0.013151237,-0.022333954,0.024014673,-0.007699956,29.78,0.015759182,0,-0.006,0,-0.000822133
20020310,-0.038,-0.064036225,0.00379979,0.031019403,-0.039369601,0.006207234,-0.055343439,25.84,0.012948644,0,-0.0006,0,-0.02224612
20020312,-0.00474,-0.003790296,0.042800728,0.014094227,0.002621254,-0.000633523,-0.026654707,21.44,0.031190944,0,-0.0009,0,0.003385383
20020313,0,-0.00736651,-0.032200083,0.429807637,-0.022717768,-0.006631209,0.025043754,35.75,-0.00665821,0,0.0008,0,0.055133689
20020314,0.02082,0.017407662,0.014837221,-0.148656495,-0.006385802,0.015300802,0.019716321,35.75,-0.013450711,0,0.0086,0,-0.009565756
20020315,0.00433,-0.005464486,0.015229535,-0.16004869,-0.013370272,0.012029348,-0.022234682,35.5,-0.041473284,0,-0.0015,0,-0.024218464
20020320,-0.00219,-0.02315331,-0.168775257,0.005584266,0.001074205,0.001337935,-0.011630454,35.38,0.016384815,0,0.0049,0,-0.028250374
20020321,-0.01103,-0.007233299,-0.39671798,-0.011461448,-0.003072222,0.00366158,0.008528394,35.38,-0.01693564,0,0.0014,0,-0.059617854
20020322,-0.00222,0.016201967,0.009073788,-0.009131604,0.055216347,0.01993994,0.001862385,35.5,-0.021158872,0,-0.0029,0,0.012991832
20020328,-0.00333,0.02359218,0.003322406,0.015347371,0.009011618,0.006158205,0.039180695,35.38,-0.017094498,0,-0.0007,0,0.013326068
20020401,-0.00099,0.007866308,-0.001236085,-0.017496845,-0.020209584,0.037993271,-0.021477627,36.62,-0.042600333,0,0.0016,0,-0.002221509
20020402,-0.00626,-0.016636235,0.041145465,0.004792288,0.016963925,-0.015556151,-0.012877174,36.88,0.163441793,0,0.0122,0,0.00165316
20020403,0.01959,0.009033483,-0.02857879,-0.005664515,0.041258715,0.011357889,0.020596696,35.75,0.026694661,0,0.006,0,0.009656211
20020406,-0.0026,-0.044604317,-0.004132534,-0.016069517,-0.01359684,0.012433479,-0.030182952,31.94,0.022006751,0,-0.0058,0,-0.014107526
20020410,0.01051,-0.109627259,0.001484196,-0.050341605,-0.066852612,9.96E-05,-0.069364312,25.22,0.056026053,0,-0.0098,0,-0.040584566
20020411,0.03736,0.054334374,-0.004937685,0.009877567,0.012428736,-0.002869987,0.043760281,23.38,0.05057633,0,0.0029,0,0.021421898
20020412,-0.00158,-0.029806936,0.017932311,-0.020183684,0.012314808,-0.011408264,-0.000514667,21.44,0.020612089,0,0.0059,0,-0.00474949
20020415,-0.02857,0.011802218,0.060290383,0.040782435,-0.001332455,0.038153472,-0.004534259,34.81,0.020388047,0,0.0013,0,0.016655971
20020417,0.03613,-0.004338401,-0.09416005,-0.025960043,0.031632034,0.008320609,0.004660204,34.75,0.017515483,0,0.0087,0,-0.006245092
20020418,-0.00636,0.013817135,0.011284729,0.010995964,0,0.011812759,0.005602252,34.75,0.045607086,0,0.0004,0,0.00673612
20020419,0.00255,0.028742469,0.024044452,0.007852866,-0.01261148,-0.005716794,0.008440491,34.62,-0.052685856,0,0.0028,0,0.007614572
20020422,-0.02317,-0.021904841,0.03341512,0.086843488,-0.017421607,-0.007349236,-0.005362971,34.62,0.077264642,0,0.0039,0,0.006435708
20020423,-0.01311,0.001702131,0.007239169,0.048696425,0.023552188,-0.002392101,0.006699226,34.62,0.025469552,0,-0.0038,0,0.010341005
20020424,0.0118,-0.014561285,-0.02501302,-0.004604138,-0.015727728,-0.006146374,0.006844139,34.5,0.023874447,0,0.0061,0,-0.006772629
20020425,-0.01049,-0.012152932,0.009910332,0.017037865,0.000528266,0.005290553,-0.019514685,34.5,0.008629023,0,0.0047,0,-0.001341514
20020426,-0.0106,0.004357322,-0.011674955,0.057953336,0.022971527,-0.004904342,0,34.5,0.055247217,0,0.0067,0,0.008300413
20020429,0.02498,-0.006980844,0.06450147,0.056133803,0.066633093,-0.001556321,0.008464848,34.5,0.082749065,0,0.0049,0,0.030310864
20020430,-0.01835,0.015638904,0.00018658,0.043426514,0.001929586,0.00503724,-0.012530287,34.56,-0.093191818,0,-0.0056,0,0.005048362
20020502,-0.01583,-0.029316525,0.022686186,-0.012825253,0.029828249,-0.009052605,-0.011433918,36.62,0.023053481,0,-0.0039,0,-0.003706267
20020503,-0.00649,0.014285946,0.019557563,-0.019357284,-0.012351447,0.009778385,-0.006745759,35.88,-0.009804038,0,0.0027,0,-0.000188942
20020506,0.02062,0.006993048,-0.015499535,0.00391856,-0.010484996,0.0018142,-0.004325261,31.81,-0.055067623,0,-0.0031,0,0.000433717
20020507,-0.00141,0.049533927,0.012826142,0.007887858,0.009729015,-0.018780803,0.029174768,29.66,-0.081772032,0,-0.007,0,0.012708701
20020508,-0.00602,-0.031322482,0.010010739,0.026707064,-0.002163118,-0.024281339,-0.00360861,28.06,0.087818368,0,-0.0071,0,-0.004382535
20020511,-0.00669,0.007901396,-0.008170033,-0.001052563,-0.01530597,0.003361003,0.017133772,23.06,0.013215337,0,0.0015,0,-0.000403199
20020512,-0.00317,-0.025090426,0.023094309,-0.018441266,0.056631562,-0.004946143,-0.021858796,21.44,0.039991784,0,0.0029,0,0.000888463
20020513,0.01393,0.020118032,-0.03630959,-0.037035897,-0.004830964,-0.001466179,0.019998688,33,-0.078407897,0,-0.0014,0,-0.003656559
20020514,0.02239,0.016461273,-0.035906796,-0.052298757,-0.007168444,-0.009727259,0.008783115,33,-0.068406945,0,-0.0078,0,-0.008209553
20020515,-0.01862,0,0.003301257,0.02916079,-0.000121945,-0.013220129,-0.003114051,33.38,-0.008303101,0,0.0109,0,-0.00037344
20020516,-0.00377,-0.009844215,0.011205056,-0.018850158,0.000609525,0.002671561,-0.005865119,33,-0.036618606,0,-0.0015,0,-0.003406193
20020517,0.00877,0.002470167,-0.028842465,-0.009039828,-0.020314593,0.001504297,0.00956198,33.19,-0.044206049,0,0.0095,0,-0.005127206
20020521,0,0.006622536,0.004099763,-0.021362364,-0.030433586,-0.003815895,0.00325071,33.19,0.041237682,0,0.0009,0,-0.005948405
20020522,-0.01494,-0.009950332,-0.014438414,-0.004729596,0.025446006,-0.007389887,0.005865123,33.19,-0.023720482,0,0.0069,0,-0.002876729
20020523,-0.00882,0.016529298,0.027130917,0.023652855,0.00747202,0.002369049,0.007633623,33.19,-0.07144007,0,-0.0049,0,0.010852537
20020524,-0.01146,-0.000820001,0.025140265,-0.019009745,-0.013490087,0.005709033,-0.004814454,33.19,0.036093338,0,-0.002,0,-0.002677856
20020528,0.00128,-0.002462041,0.006568481,0.012867921,0.010827228,-0.005282416,0.00853837,33.06,0.071951447,0,0.0081,0,0.004619649
20020529,-0.01027,-0.00329219,-0.005593664,-0.026213165,-0.012727782,-5.10E-05,-0.004870134,32.69,0.003931205,0,0.0041,0,-0.009002561
20020531,0.03113,0.010008425,0.009618118,-0.016186119,-0.021147859,0.006284225,-0.012887312,32.44,-0.031044674,0,-0.0033,0,0.000974211
20020602,0.01058,-0.010612728,0.00843231,0.038691388,0.000816,-0.021482335,-0.00785042,36.62,0.024836332,0,-0.0021,0,0.002653459
20020603,-0.00109,0.016703688,0.014351473,0.026869254,-0.005775951,-0.004082357,0.017531026,35.75,-0.017893057,0,0.005,0,0.009215305
20020606,0.00889,0.010398708,-0.002798301,0.034871781,0.010484996,-0.000310245,0.000433369,31.81,0.066306053,0,0.0094,0,0.008852901
20020608,0.02536,0.055907632,0.013183368,0.049667378,0.022331897,0.000438043,0.020641988,28.03,-0.07005511,0,-0.0083,0,0.026790044
20020611,0.00502,0.015852684,-0.002494585,-0.002494585,0,-0.002123316,-0.021010246,22.78,-0.016139795,0,0.002,0,-0.001035721
20020612,-0.01764,-0.014547697,-0.046201711,-0.023965751,-0.042765074,-0.000272354,0.001314582,21.44,-0.041375899,0,0.0093,0,-0.020582572
20020613,-0.01683,-0.017094437,-0.016475687,-0.002086942,0.00135222,-0.000477312,-0.037844653,30.47,0.035391159,0,0.0022,0,-0.012779544
20020614,-0.01845,-0.025736724,-0.004863282,-0.026842431,-0.002706326,-0.012922238,-0.019915306,30.47,0.036881333,0,0.0049,0,-0.015919472
20020628,-0.01777,0.052233577,-0.051647234,-0.047303848,0.004988213,-0.044272061,0.027896428,29.91,-0.034439515,0,0.0026,0,-0.010839275
20020701,-0.00198,-0.002942616,-0.043030938,-0.004646695,-0.004987509,-0.000578658,0.006914264,36.62,0.070328559,0,0.0079,0,-0.007321736
20020702,-0.00634,0.001937969,-0.078511577,-0.023725244,0.017304546,0.002304451,-0.010251725,36.62,-0.038285908,0,0.0036,0,-0.013897369
20020706,-0.00253,-0.018269327,0.015887879,-0.01969386,-0.00916833,-0.001830411,-0.007392944,31.25,-0.027272494,0,-0.0035,0,-0.006142428
20020708,0.04323,0.004716999,0.031643122,-0.006578107,0.028187653,-0.00229473,0.006516452,28.03,-0.081769138,0,0.0076,0,0.015060198
20020710,-0.03186,0.01675537,-0.013992694,-0.006798416,-0.090151114,-0.017621854,0.011083855,25.09,0.077505288,0,0.0051,0,-0.018940693
20020711,-0.0067,-0.029781824,-4.60E-05,0.007435496,-0.022280299,-0.00022596,-0.01565794,22.78,0.022205274,0,0.0091,0,-0.009608074
20020715,-0.00463,-0.063668717,-0.054452977,-0.00857335,0.01416493,-0.024793887,-0.055181339,29.16,0.061517119,0,0.0197,0,-0.028162191
20020716,-0.00933,0.016246041,0.003801778,-0.010184471,0.036288842,-0.003960904,0.002518256,28.78,0.045208668,0,0.0001,0,0.00505422
20020717,0.00778,0.04214562,0.004881476,0.031028295,0.005437305,0.026906716,0.020413955,28.78,-0.033290195,0,-0.0106,0,0.019799052
20020718,0.01843,-0.010424525,0.005254736,0.017049038,0.00645971,-0.009247258,-0.002467307,28.78,-0.009352536,0,0.0192,0,0.003579199
20020719,-0.01843,-0.068137793,0.041085263,0.004882197,-0.014560153,-0.026776508,-0.035453114,28.78,0.08327908,0,-0.0094,0,-0.016770015
20020722,-0.02036,-0.066494045,-0.010519889,-0.018150494,-0.014775232,0.001749281,-0.037819092,28.78,0.092519736,0,-0.0131,0,-0.023767067
20020723,0.0157,-0.04044485,0.043466423,0.037851796,-0.068606324,0.040568853,-0.041242958,28.62,0.070313535,0,-0.0002,0,-0.001815294
20020724,-0.02524,0.002290386,-0.000254391,-0.004630767,-0.075379698,-0.030654071,-0.031230557,28.62,-0.119509759,0,-0.0107,0,-0.023585585
20020725,0.0299,0.081957105,-0.0107935,-0.006417124,0.045965771,-0.02977796,0.011931966,28.56,-0.01491245,0,0.0071,0,0.017538037
20020726,0.00464,0.011410051,0.013354117,-0.003303902,0.025784131,0.048562705,-0.010789436,28.56,-0.100646581,0,0.0009,0,0.012808238
20020729,0.0304,0.079846771,0.004386994,-0.021515057,0.025844961,0.003306798,0.055253469,28.56,-0.125238197,0,-0.0204,0,0.025360562
20020801,-0.01397,0.001962713,-0.014377209,0.007601698,-0.039565611,-0.009725048,0.011491841,36.75,-0.005026312,0,-0.0083,0,-0.008083088
20020802,0.00634,-0.000968515,0.008781909,-0.002868717,-0.002729412,-0.007510167,-0.001640692,36.38,-0.076531041,0,0.0038,0,-8.51E-05
20020803,-0.00537,-0.025317798,0.031203445,0.000637939,0.010678928,0.008709629,0.004103233,35.75,-0.039180816,0,-0.0088,0,0.003520768
20020805,0.02111,0.034016877,-0.018697148,-0.043464657,0.008904797,0.005582937,0.007408884,33.94,-0.073266925,0,-0.0127,0,0.002123099
20020807,-0.00423,0.016590234,-0.013571517,-0.040464683,-0.023793935,-0.023444446,-0.006606498,29.66,0.041190772,0,0.0173,0,-0.013645835
20020808,0.00982,0.055136172,0.009769897,0.009769897,0.008784836,0.007288855,0.011034967,27.78,-0.063970585,0,-0.0093,0,0.015943518
20020810,-0.01632,0.020473969,-0.005088603,0.053054247,0.027908771,0.005807413,-0.03743419,25.16,-0.038733002,0,-0.006,0,0.006914515
20020811,0.01832,-0.045771769,-0.009732975,-0.002615504,0.00948692,-0.000860691,-0.007126867,22.78,-0.066109888,0,0.0022,0,-0.005471555
20020813,-0.00957,0.008425001,-0.008846343,-0.012734047,-0.005511322,0.009222926,-0.013394247,27.75,-0.033761943,0,0.0084,0,-0.004629719
20020814,0.00957,-0.05683347,-0.007620191,0.025161509,0.018103433,0.009590016,-0.019883537,27.75,-0.101583277,0,-0.0027,0,-0.00313032
20020816,0.01351,0.007526706,0.008777445,0.01972109,0.002258884,-0.001574912,0.040172536,27.44,-0.021292042,0,-0.0005,0,0.012913107
20020819,0.00268,0.050564011,0.006313017,0.029589732,-0.06269502,0.012778843,0.041160206,27.25,-0.006966202,0,-0.0106,0,0.011484398
20020820,0.00534,-0.025063962,0.005376748,-0.026303382,-0.039861567,-0.000438957,0.00531176,27.25,0.033680143,0,0.0079,0,-0.010805623
20020821,0.03789,0.025063962,0.002180113,0.017053117,0.028911361,0.000220096,0.016264593,27.5,-0.047051246,0,0.0002,0,0.018226177
20020822,-0.02993,0.034066546,0.022057313,-0.00941359,0.035627186,0.00055621,0.024274824,27.44,-0.017149386,0,-0.0092,0,0.01103407
20020823,-0.00265,-0.033076946,0.002040308,0.031584224,-0.006269596,0.015730707,-0.01145098,27.44,0.055034026,0,0.0064,0,-0.000584612
20020826,0.00528,-0.01595247,0.021772355,0.037937616,-0.001573576,0.003602357,-0.008366189,27.44,0.019254089,0,-0.0021,0,0.006100013
20020827,0.01179,0.045194332,-0.012266838,-0.012266838,0.068467756,-0.010110159,0.016662975,27.44,0.007333407,0,0.0133,0,0.015353033
20020828,-0.00653,-0.048012375,7.34E-05,0.004081437,-0.029852945,0.006812436,-0.037385222,27.44,0.101300445,0,-0.0041,0,-0.015830465
20020829,-0.02926,-0.048528147,0.015591611,-0.026237715,0.002270166,-0.004295351,-0.025550697,27.25,0.010449371,0,0.0073,0,-0.016572876
20020830,-0.0027,0.00632779,0.004952834,0.004952834,0.032277659,0.019877936,-0.002072537,27.25,-0.031068667,0,-0.0046,0,0.009088074
20020901,-0.01928,0.021339315,0.025439277,-0.013069179,-0.01372609,0.007161227,0.012663925,36.75,0.013648949,0,-0.0046,0,0.002932639
20020907,-0.01279,-0.02498973,0.020953556,0.023514611,0.001415381,-0.000566474,0.008579961,29.78,0.067410477,0,-0.0005,0,0.002302472
20020908,0.01936,-0.004056808,0.012643099,-0.024089122,-0.014684543,0.007333295,0.009589843,27.78,-0.027911383,0,0.0033,0,0.000870823
20020909,-0.00836,-0.01257877,0.009578241,0.058769903,0.022203647,0.008697207,-0.013465558,27,0.003297583,0,0.0015,0,0.009263524
20020910,-0.0055,-0.013378116,-0.005427955,0.002566931,0.004576702,0.014602389,0.017019008,25.16,0.026700338,0,0.0133,0,0.002065566
20020912,-0.00812,-0.031424858,-0.020603974,-0.032934967,0.015519928,0.00281169,-0.017493156,21.44,0.063715866,0,0,0,-0.013177905
20020913,-0.03112,-0.024986691,0.014183544,0.02616057,-0.024456765,0.013459046,0.018287697,26.62,-0.045834545,0,-0.0113,0,-0.001210371
20020916,-0.03064,-0.004502907,-0.006515556,-0.014952755,-0.003816267,0.000515762,0.013940154,26.5,0.025359737,0,-0.0007,0,-0.006567367
20020917,-0.01794,0.005920679,0.00859419,0.006523407,-0.004421498,0.011232397,0.012506419,26.5,0.033983113,0,0.0106,0,0.003202228
20020918,-0.02598,-0.055590105,-0.006630357,-0.018644318,-0.018636414,-0.015549299,-0.0226254,26.25,-0.012975103,0,0.0025,0,-0.023379413
20020919,-0.00777,-0.033505655,-0.025196456,0.019660305,-0.016692347,-0.007555859,-0.036508917,25.88,0.080124737,0,0.0102,0,-0.01536699
20020920,-0.00626,-0.019286506,0.002671497,0.002671497,-0.028717497,0.012726079,-0.014878056,25.88,-0.041950191,0,-0.0026,0,-0.007296141
20020923,-0.02544,-0.063837002,0.004435902,0.037841604,-0.022293955,-0.009286241,-0.028507428,25.84,0.017798608,0,-0.0069,0,-0.01529816
20020924,-0.01623,-0.052105633,0.000335654,-0.033070048,-0.00662413,0.003908976,-0.024816559,25.84,0.020948401,0,0.0024,0,-0.018371677
20020925,-0.01318,0.033132935,0.011414533,-0.007392943,0.028918085,0.003534969,-0.011071797,25.84,-0.081998349,0,-0.0094,0,0.006479397
20020926,0.02133,0.078854526,0.003525137,0.018792785,0.009404465,-0.003663642,0.066801873,25.84,-0.075943704,0,0.001,0,0.027863592
20020927,0.00486,-0.025419434,0.004538124,-0.021274441,-0.002342854,-0.003777424,-0.00642916,25.84,0.066253168,0,0.0038,0,-0.007120741
20020930,-0.03118,-0.112310231,-0.013221863,-0.006204288,-0.014966785,-0.011088994,-0.022558377,25.84,0.070992426,0,0.0046,0,-0.030218648
20021001,-0.00103,-0.004810013,-0.003740653,-0.003740653,-0.001820107,-0.036767856,-0.014423326,36.75,0.010339559,0,0.0044,0,-0.009476087
20021005,0.01284,-0.007591775,-0.009749411,-0.023822772,-0.019093656,-0.00275901,-0.006180862,33.12,0.03866756,0,0.006,0,-0.008051069
20021006,0.00632,-0.006164707,0.0083952,-0.001174256,0.005249342,-0.00710151,0.023296994,31.25,0.008892673,0,0.0017,0,0.004117295
20021007,-0.02462,-0.035292166,0.015716708,-0.015831897,0,-0.011281963,-0.016565813,29.59,0.120793405,0,-0.0062,0,-0.01255359
20021009,0.00974,0.034162358,0.037089068,0.021393887,0.021155719,0.018617123,0.028562149,27,-0.03831026,0,-0.0048,0,0.024388615
20021010,0.01279,0.071145414,-0.003053009,-0.014690887,0.022574345,-0.001990439,0.032588184,25.16,-0.115086743,0,-0.0017,0,0.017051944
20021012,0,0.022703092,-0.018423907,0.00137872,-0.002346257,-0.003839187,0.003736322,21.06,-0.06787961,0,-0.0019,0,0.000458398
20021014,-0.01377,-0.010650977,-0.039023203,-0.013334542,-0.026553462,0.001457726,-0.020812712,25.03,0.009478748,0,-0.0014,0,-0.017526739
20021015,-0.01396,0.12719069,0.032870012,0.002564651,0.020871586,0.008854257,0.10292865,23.47,-0.057680858,0,-0.0031,0,0.040188549
20021016,-0.01238,0.013527779,0.012506037,0.017122736,0.019048195,-0.000382685,-0.010206909,23.59,0.056570338,0,-0.0012,0,0.005605022
20021017,0.01062,0.039021918,0.02883732,0.010555269,0.080042697,0.00084176,0.020839648,23.25,-0.054221599,0,-0.0097,0,0.02725123
20021018,0.01572,-0.005982083,-0.012469676,0.025575102,-0.01642179,0.00237974,-0.007697446,23.5,-0.016856815,0,0.0036,0,0.000157692
20021021,0,0.001249235,0.003405258,-0.015505383,0.010437159,-0.001401952,0.006109726,23.5,-0.012605154,0,0.0007,0,0.000613435
20021022,-0.01221,-0.025285791,0.010403455,-0.007615057,0.007434969,0.008410599,0.013415956,23.47,0.029168721,0,0.0083,0,-0.000777981
20021023,-0.01058,-0.071923821,0.001326107,0.020171578,-0.013455631,0.000664076,-0.021926646,23.34,-0.026454192,0,-0.0065,0,-0.013674905
20021024,0.00354,0.031688489,-0.005311108,0.00972694,-0.006878492,0.009319382,-0.00481929,22.97,0.024692554,0,0.0065,0,0.005323703
20021025,-0.01424,0.0082305,0.012704129,0.002008836,-0.00246814,0.02014689,0.005887095,22.97,-0.126045071,0,-0.0026,0,0.004609901
20021029,0.00179,-0.065894479,-0.005091122,-0.00156378,-0.016201367,0.009190676,-0.025722273,23.06,0.037895307,0,0.0011,0,-0.014784621
20021030,0.02996,0.043283018,0.002128269,0.002128269,-0.03390153,0.012509233,0.024117138,23.06,-0.032758864,0,-0.0019,0,0.011460628
20021101,-0.01655,0.008641442,-0.009712278,-0.009712278,-0.002553833,-0.003226496,-0.005518174,36.75,0.010676248,0,0.0105,0,-0.005518802
20021102,-0.00528,0.014430261,0.007383654,0.016498677,0,-0.01399271,-0.005409866,36.38,-0.065743008,0,0.0028,0,0.001947145
20021103,-0.00865,0.004568303,0.01986684,-0.049649293,-0.002430829,-0.005563242,-0.0056192,35.75,0.029150603,0,0.0012,0,-0.006782489
20021104,-0.00505,-0.018843076,0.015946456,-0.014450135,0.01608615,0.000489335,-0.006787807,34.94,0.109748827,0,0.0041,0,-0.001801297
20021106,-0.00759,0.013163855,-0.008723106,-0.025456263,-0.00538093,-0.003539599,0.023808138,31.19,0.030311702,0,0.0036,0,-0.001959701
20021107,-0.03128,-0.050169745,-0.006578407,-0.001805126,0.011251905,-0.006739197,-0.036747157,29.59,-0.007358385,0,0.0012,0,-0.017438247
20021109,0.01785,0.023302876,0.022726502,0.034785935,0.011251905,-0.018578772,0.026008602,27,-0.007726478,0,-0.001,0,0.016763864
20021110,0.05988,0.063479641,-0.016822491,-0.017674577,0.008534894,-0.001598839,0.041765297,25.03,-0.050522648,0,0.0023,0,0.019651989
20021112,0.00812,0.044701687,0.017544168,0.029490619,0.010847012,-0.002683694,0.015332048,21.06,-0.035389397,0,0.0027,0,0.017621691
20021113,-0.01519,0,0.034068341,0.015774577,0.014267942,-0.005647525,-0.008613781,22.59,0.02135312,0,-0.0028,0,0.004951365
20021118,0,0.021326715,-0.050734029,0.018507011,-0.025404711,0.007995321,0.009389739,22.59,0.037198184,0,-0.0024,0,-0.002702851
20021129,-0.00799,-0.008016564,-0.008507585,-0.000208782,-0.008223042,0.001965609,-0.01243178,21.44,0.009132484,0,0.0012,0,-0.006201735
20021202,-0.00424,0.004764181,-0.006917044,-0.019885639,0.006410261,0.011641994,-0.003307346,36.12,-0.007373298,0,-0.0002,0,-0.001647656
20021203,-0.01974,-0.006401487,-0.007286963,0.01507138,0.002279071,-0.008046402,0.008417007,35.75,-0.01268087,0,0.0005,0,-0.002243913
20021204,-0.01146,-0.00818559,0.075292101,0.03069417,-0.001330682,0.00973743,0.018261722,34.88,-0.044317382,0,-0.0021,0,0.016144164
20021206,-0.01149,-0.022928681,0.010668111,0.00589483,-0.027888916,0.011810066,-0.0020842,31.19,-0.012345883,0,-0.0062,0,-0.005145541
20021207,-0.01832,-0.030682354,0.061898888,0.019040488,0,0.014108409,-0.032166172,29.47,-0.027251271,0,0.0035,0,0.001982751
20021209,-0.0234,-0.059538744,-0.013013588,0.042038496,-0.02191674,-0.011466817,-0.032227851,27,0.074436192,0,0.0062,0,-0.017075035
20021211,-0.00501,0.008900253,0.02106602,-0.020260538,-0.014267942,-0.002355538,0.007803085,22.78,-0.023271875,0,0.0055,0,-0.000589237
20021212,-0.01139,-0.005249365,-0.010320848,0.035489216,0.01237125,0.003542775,-0.001575215,21.06,-0.017075776,0,0.0109,0,0.00326683
20021213,-0.00822,-0.007395716,-0.020654249,-0.019881691,0.024452732,-0.003272857,-0.013756833,21.06,0.032092149,0,0.0039,0,-0.006961231
20021216,0.01474,0.072098683,-0.002918242,-0.029698237,0.011768542,0.008878369,0.026808444,20.81,-0.071327562,0,-0.0001,0,0.014525366
20021219,-0.02744,-0.016077917,0.043560309,0.038316958,-0.007806436,0.003788602,0.012782235,20.56,0.065664547,0,-0.0067,0,0.006731964
20030104,0.00401,0.007330017,0.006301871,0.000911022,0.00913249,-0.005690439,0.01369493,18.75,-0.027475177,0,-0.0007,0,0.005098556
20030108,-0.01549,-0.016063761,-0.011211668,0.009503476,-0.003214375,-0.021426524,-0.008177061,19.13,0.062644745,0,0.0022,0,-0.009439988
20030110,-0.00225,0.030181254,0.011700423,0.000336665,-0.018594374,-0.013896926,-0.00246549,20.5,-0.07539535,0,-0.0012,0,0.000715936
20030113,0,0.013708905,0.07981177,0.046911533,0.000314765,-0.016924928,-0.002879961,19.91,0.023568744,0,-0.005,0,0.017277441
20030114,0.00541,0.004850855,-0.008216697,0.011968065,0.001572274,-0.011760428,-0.010808068,19.79,-0.013341614,0,0.0007,0,-0.000997714
20030115,0.01429,-0.020533611,0.002269811,0.002269811,0.001569871,-0.001915763,-0.023328578,19.79,0.037544367,0,-0.0013,0,-0.003625494
20030116,0.02105,-0.00868169,-0.020387626,-0.024043087,0.005475222,-0.029231882,-0.007078713,19.66,-0.019794787,0,0.0098,0,-0.008985397
20030117,-0.02283,-0.046140456,0.005780037,-0.008013428,-0.039782534,-0.012522329,-0.010712919,19.66,0.027215268,0,-0.0019,0,-0.019174518
20030121,-0.00913,-0.0236825,-0.00136673,-0.00136673,0.030836283,-0.055474244,-0.015616604,19.66,0.070962372,0,0.0019,0,-0.010828646
20030122,0.00183,-0.025373662,-0.00718591,0.002932221,-0.028216317,-0.026776357,-0.004224763,19.66,0.050187212,0,-0.0034,-0.5,-0.012430684
20030123,0.03774,0.022919682,-0.024005768,-0.017641886,0.021836727,-0.029861306,-0.009072928,19.66,-0.052364262,0,0.0023,0,0.000273503
20030124,0.01401,-0.028241074,0.026685213,0.010203202,0.01192853,-0.014468157,-0.011746305,19.56,0.135028619,0,0.0053,0,0.001195916
20030127,-0.02643,-0.02444694,0.02385061,0.028412175,-0.016740124,-0.025121323,-0.022440108,19.56,0.096146458,0,-0.0011,0,-0.008987959
20030204,0.02372,0.038991814,0.020744433,0.01289019,0.016529304,0.008968711,0.010990672,18.69,-0.012061166,0,0.0019,0,0.018976446
20030206,0.05303,0.016490343,-0.00804341,0.003450969,0.042819987,-0.017791548,-0.001028805,18.5,0.068479182,0,-0.0032,-0.25,0.012703934
20030207,0.05723,0.027306236,0.005586272,0.012938725,0.00623378,0.007899996,0.013648763,19.13,-0.022344312,0,-0.0029,0,0.018691967
20030209,-0.03216,-0.000651951,-0.002169023,0.003528998,0.034171327,0.01111595,-0.000235262,20.84,0.020717942,0,0.0008,0,0.001942863
20030210,0.01233,0.010545715,0.016094863,-0.000712255,0.007129904,0.00145042,0.000246826,20.5,-0.012897263,0,0.0016,0,0.006726496
20030212,-0.01563,-0.003750793,0.010234848,-0.012291828,0.00314633,-0.001366037,-0.001183295,21.81,-0.030268654,0,0.0006,0,-0.002977254
20030220,0,-0.017378201,0.029611071,0.004316744,-0.020040771,-0.00330233,-0.00227079,19.31,-0.004802302,0,0.0095,0,-0.001294897
20030221,-0.00536,0.012222212,0.026626936,-4.13E-05,0.012872227,0.031704881,0.007643345,19.31,-0.029639032,0,-0.0003,0,0.012238327
20030224,-0.01991,-0.022214425,0.062998693,-0.003183214,0,0.021073934,-0.013057234,19.29,0.055614509,0,0.0038,0,0.003672536
20030225,-0.04678,-0.031135098,-0.02405737,0.000881578,-0.00079962,0.00142177,-0.014388741,19.29,-0.007532985,0,-0.0014,0,-0.016408212
20030226,0.01332,0.000817566,-0.005966989,-0.019572781,-0.012882657,0.014940851,0.011813999,18.91,0.006281452,0,0.0055,0,0.000352856
20030227,0.01128,0.015944116,-0.001595509,0.017073585,0.004850424,0.032911737,0.017041026,18.78,-0.04514933,0,-0.0024,0,0.01392934
20030228,0.01484,0.029064131,-0.011939005,-0.006849935,0.001611616,-0.014855623,0.04514942,18.66,-0.029922496,0,0.0069,0,0.008145801
20030303,-0.01484,0.009331344,-0.031323718,-0.013838923,-0.001611616,-0.030975784,-0.064197618,18.63,0.026641641,0,-0.0008,0,-0.021065188
20030304,0.02126,0.027455231,0.019884393,-0.000949694,0.022108477,0.003946749,0.00976162,18.69,0.006757935,0,0.0014,0,0.014780968
20030306,0.00999,0.00930241,-0.017429187,6.40E-05,0.003851551,0.009921464,-0.021590129,18.56,-0.000479742,0,0.0028,0,-0.000841417
20030307,0.01106,0.00200155,0.003313943,0.01791286,-0.001814137,-0.001152393,-0.022769983,19.25,0.01874072,0,-0.0035,0,0.001221691
20030309,-0.00546,0.019589478,-0.00826816,-0.002537485,0.023648254,0.004372066,0.010299713,20.84,0.021841745,0,-0.0004,0,0.005949124
20030310,0.02312,0.037157362,-0.001558737,-0.001558737,0.005459141,0.010928797,0.012507825,20.5,-0.064538484,0,0.0003,0,0.012293664
20030311,0.01936,0.032647092,0.004166088,-0.001597617,0.017096217,-0.001361034,-0.002362389,21.72,0.02756676,0,-0.0008,0,0.009706908
20030312,-0.00371,0.013684646,0.00110061,0.008281717,-0.013175434,0.007082957,0.025021766,21.75,0.021885293,0,0.0032,0,0.005469466
20030313,0.01835,0.048790161,-0.023202279,0.013355316,0.049627199,0.038210017,0.03874651,18.11,-0.053636208,0,-0.0068,0,0.026268132
20030314,-0.00202,0.107275056,-0.058195455,-0.003537042,0.023284919,-0.005218748,0.056448729,17.99,-0.024865823,0,-0.0039,0,0.016862494
20030318,0.04091,-0.009904848,-0.004391124,0.0297369,0.0054838,0.018244014,0.003356643,18.5,-0.042463751,0,0.0003,0,0.011919341
20030319,-0.00805,0.014191824,0.001709127,-0.012084339,-0.007056075,0.03218658,0.007511507,18.25,0.035827637,0,0,0,0.004058375
20030320,-0.00405,-0.020079462,-0.001969651,0.006158077,0.000314666,-0.015862558,-0.010027937,18.25,-0.03549906,0,0.0052,0,-0.006502409
20030321,0.03586,0.062450333,0.012297469,-0.004509649,-0.005046572,0.010801421,0.042209608,18.25,-0.059906268,0,0.0058,0,0.022008944
20030324,0.00974,-0.071217811,0.000902706,-0.01843094,0.028829448,-0.015130223,-0.035791283,18.25,0.058262304,0,0.0042,0,-0.014442586
20030326,0.02299,-0.010457951,0.002499641,0.002499641,0.0225238,0.007578238,-0.008365916,18.25,-0.018252541,0,-0.0001,-0.5,0.005609636
20030327,-0.0057,-0.040554943,-0.000209322,0.013584144,-0.021148799,0.030666053,-0.010981388,19.13,-0.009610341,0,-0.0011,0,-0.004906322
20030328,-0.01342,0.014579463,0.000651953,0.014257745,0,-0.010929822,0.01014093,19.13,-0.007539044,0,-0.0006,0,0.002182896
20030331,-0.03938,-0.034809413,-0.011341444,-0.011341444,-0.001527896,-0.026748896,-0.024685602,18.75,0.04921906,0,0.0089,0,-0.021404956
20030403,-0.02078,-0.044041408,-0.013592092,0.010595809,-0.008097205,-0.015011191,-0.039220709,18.56,0.044980265,0,0.0043,0,-0.018592399
20030404,0.03568,0.024748176,0.003606623,-0.014957933,-0.004382741,-0.000122068,0.023317471,18.81,0.03209205,0,0.0014,0,0.009698504
20030406,0.04717,0.009675259,0.022815809,0.020137859,0.01067975,0.003602273,0.000788544,18.88,-0.010612705,0,-0.0021,0,0.016409928
20030408,0.00445,-0.010570942,-0.001548843,-0.001548843,-0.001933628,0.002646711,-0.000241512,19,0.024751404,0,0.0056,0,-0.00124958
20030409,0.00981,-0.016767383,-0.000171027,0.008084648,-0.007896276,-0.023761789,-0.004668545,20.84,-0.038274735,0,-0.0003,0,-0.00505291
20030411,-0.00506,0.000642182,-0.003280235,0.002483469,0.014875912,0.00326404,-0.007120847,21.72,0,0,0.0008,0,0.000829217
20030412,-0.00841,0.005749513,-0.006854379,0.003349791,-0.015504172,0.000592524,0.014899992,21.75,-0.020043182,0,0.001,0,-0.00088239
20030414,0.00179,0.022439226,-0.008482043,0.024620788,-0.002256081,-0.009958163,0.005730668,18.09,-0.043057881,0,0.0025,0,0.004840628
20030415,0.00534,0.018080149,0.004116048,0.029758727,-0.023422952,0.002139901,-0.013072075,18.34,-0.036984872,0,-0.0012,0,0.003277114
20030416,0.00177,-0.010710905,-0.044623478,0.011713012,-0.03439994,-0.00133805,-0.00607103,18.5,-0.001774579,0,0.0007,0,-0.011951484
20030417,0,-0.006629858,0.00748228,0.045582167,0.016759699,0.007970081,0.013673631,18.5,-0.046350888,0,0.0048,0,0.012119714
20030422,0.02105,0.014430959,-0.026014364,-0.003914017,-0.014668006,-0.03447547,0.00780441,18.5,-0.058633437,0,0.0062,0,-0.005112355
20030503,0.00191,-0.008937096,0.002544874,-0.002760179,-0.022528258,0.007029733,0.028543945,18.5,-0.046624769,0,0.0038,0,0.000829003
20030506,0,0.006626324,-0.013493187,0.00110573,0.001703479,0.004339906,0.010714856,18.88,0.010132732,0,0.0042,0,0.001571015
20030508,-0.01228,0.025806545,-0.003027262,-0.003027262,0.003091959,-0.004486089,0.01224358,19,0.064185842,0,-0.0033,-0.25,0.002617353
20030509,-0.00326,-0.007179408,-0.002128198,-0.002128198,-0.001700212,-0.023410688,-0.001170544,20.84,-0.029286205,0,0.007,0,-0.005853893
20030511,0.00405,-0.013139652,-0.006533674,-0.006533674,-0.006128726,0.001132578,-0.011499891,21.72,0.018557933,0,0.0058,0,-0.005521863
20030512,-0.00188,-0.00616146,-0.010318628,-0.005177228,-0.004752692,-0.001089509,0.003407158,21.75,0.047328445,0,0.0007,0,-0.003710337
20030513,0.0299,0.017992918,-0.009840143,0.001720679,0.01773117,0.013584065,-0.012784622,18.38,0.019782506,0,-0.0028,0,0.008329152
20030514,0,0.004214459,0.019947513,0.002656016,0.040582218,0.001965444,0.014054144,18.38,0.004510163,0,0.0004,0,0.011917113
20030515,-0.01091,0.011614554,0.021202358,0.029855341,-0.017286196,-0.027185289,0.014609832,18.38,-0.03874084,0,-0.0004,0,0.003128657
20030516,0.03239,-0.001617951,0.018808716,0.011975971,0.000133095,0.022270482,0.001998499,18.38,-0.044640789,0,0.0001,0,0.01227983
20030519,-0.02614,-0.052962618,-0.018711948,0.012855357,0.011380332,-0.036588763,-0.064422063,18.38,0.108561939,0,0.004,0,-0.024941386
20030520,0.01392,-0.006116225,-0.0013972,0.013418007,-0.011513427,-0.005960218,-0.007212539,18.38,0.037324939,0,-0.0019,0,-0.000694515
20030521,-0.00771,0.004651736,-0.021019366,0.021750428,-0.003733809,0.000620801,-0.012952145,18.38,-0.003764796,0,0.0023,0,-0.002627479
20030522,0.00309,0.002439625,-0.004883358,-0.034297483,0.003866904,0.010945404,0.014023955,18.38,-0.069801365,0,0.0001,0,-0.00068785
20030523,0.00308,0.012350305,-0.006653386,-0.015960713,-0.005872938,0.023121799,-0.00214477,18.38,-0.0313248,0,-0.0003,0,0.001131471
20030527,-0.01734,-0.001458083,0.009248634,0.018489519,-0.008745442,0.001828546,0.01013613,18.38,0.041885576,0,0.0048,0,0.001737043
20030528,0.03284,0.013526776,0.006185218,-0.020347165,-0.00135222,0.004928633,0.008456709,18.38,0.001999047,0,-0.002,0,0.006319707
20030530,0.00151,0.001188369,0.004808178,-0.021501409,-0.026046737,0.027960489,0.017373706,18.88,-0.04812964,0,0.0059,0,0.000756085
20030603,-0.00191,-0.024787817,0.00138324,-0.012222552,-0.002164339,-0.009233,-0.041765297,18.25,0.032067579,0,-0.0004,0,-0.012957109
20030606,0.04245,0.024075871,0.002610718,-0.0119882,0.019705061,0.008434582,0.006477543,19.31,0.019962644,0,0.0025,0,0.013109368
20030608,0.01671,-0.028786522,0.001941027,0.001941027,0.001413984,-0.010903028,-0.004783557,19.25,-0.053430557,0,0.0035,0,-0.003209581
20030610,0.03738,-0.001319264,-0.012028464,0.004778654,0.001389013,0.017564054,-0.002684567,21.31,0.000512701,0,-0.0007,0,0.006439918
20030611,0.01105,0.010353842,0.000401465,0.000401465,-0.011334486,-0.00595834,0.008159391,21.72,-0.007142937,0,-0.0016,0,0.00186762
20030613,-0.0013,-0.018271463,0.000985185,0.029972955,0.009794418,0.000174248,-0.020064292,19.25,0.012174487,0,0.0016,0,0.000184436
20030617,0.02955,0.020289918,-0.014661706,0.017220304,0.018776837,0.016314455,0.007567476,19.25,-0.01044002,0,-0.0023,0,0.013579612
20030618,-0.01788,0.013793336,-0.008381846,-0.016870976,-0.017470491,-0.009516575,0.002671527,19.13,-0.012572456,0,-0.0001,0,-0.007665004
20030620,-0.01476,0.017890335,0.008026034,-0.01812766,0.00065248,0.001863279,0.007220248,19.38,-0.033901545,0,0.0008,0,0.000394959
20030623,-0.02324,-0.038767924,0.008186936,0.022575788,0.004296075,-0.0071563,-0.010850016,19.25,0.072539373,0,-0.0052,0,-0.006422206
20030624,0.00689,0.00266135,-0.012529473,-0.015153484,0.000259776,0.000799023,0.00121139,19.13,0.00822652,0,-0.0012,0,-0.002265917
20030625,0.015,-0.00266135,-0.006820987,-0.018324185,0.001946172,0.014254821,0.007237667,19.13,0.002887368,0,-0.0018,0,0.001518877
20030626,0.01478,0.000222061,0.013974782,0.02547798,-0.000648303,0.006272083,-0.000240418,19.13,-0.070160568,0,-0.0031,0,0.008548312
20030627,0,-0.000666309,-0.013077628,-0.03058685,-0.001297869,0.014818632,0.010761792,19.13,-0.012448282,0,0.0002,0,-0.002864033
20030701,-0.01034,-0.004157014,0.026376808,0.027066436,0.01375115,0.013143668,-0.017800033,20.31,0.008792995,0,0.0009,0,0.006863002
20030703,-0.01538,-0.019997872,-0.000865673,0.007463061,-0.010892455,-0.014213113,-0.039801636,18.13,-0.009287526,0,0.0022,0,-0.013383955
20030704,0.03624,0.039695431,-0.009282779,0.009281776,0.054837525,0.007053054,0.033069679,18.69,-0.023620355,0,-0.0013,0,0.024413527
20030707,0.06188,0.028516084,0.007251553,0.0214363,0.012903397,0.034039331,0.009164153,19,0.033970318,0,-0.0007,0,0.02502726
20030708,-0.00665,-0.006415774,0.000415229,0.000415229,0.010859287,0.006164231,0.005260655,19.56,-0.059404425,0,-0.0011,0,0.001435551
20030710,-0.01585,-0.016639315,-0.011125972,-0.005460234,0.003464233,-0.00162354,0.000488639,21.19,-0.005138777,0,0.0031,0,-0.006678027
20030711,0.01093,0.00342758,-0.005745229,-0.005745229,-0.015666107,-0.009554261,0.009514825,21.72,0.011286163,0,0.0042,0,-0.00183406
20030714,0.04107,0.015923551,-0.014290507,-0.024224016,0.026604951,0.014152132,0.010829547,18.81,0.058871483,0,-0.0043,0,0.01000938
20030715,0.00472,0.001945729,-0.003552608,0.010632139,-0.026604951,0.009074141,0.002933267,18.81,-0.002043992,0,-0.0011,0,-0.000121755
20030716,-0.00118,-0.00389525,0.019623681,-0.000677293,0.014452033,-0.004914651,-0.006120716,19.09,0.010684456,0,-0.0102,0,0.002469686
20030717,-0.01545,-0.006307797,0.022384247,-0.016102157,-0.011166273,0.004192459,0.001717575,19.09,0.023012476,0,0.0015,0,-0.002961707
20030718,0.0178,0.003485067,-0.013169859,-0.001193668,-0.003412352,0.012526584,-0.00540807,19.09,-0.056460389,0,0.0037,0,0.001518243
20030721,-0.02622,-0.028674202,-0.014678692,-0.002557332,-0.017882687,0.00911645,0.00172392,19,0.034459571,0,0.0007,0,-0.011310363
20030722,0.00482,0.005800985,-0.006665654,-0.015148345,-0.007633136,-0.006661152,-0.003697773,18.88,-0.0313248,0,0.0003,0,-0.004169296
20030723,0.01076,-0.006248614,-0.00945302,-0.003299154,0.017508145,-0.020103221,0.002713038,18.88,-0.028036785,0,0.0022,0,-0.001160404
20030724,0.00119,0.035191663,0.000109722,0.008554774,-0.006401247,-0.002623985,0.018062492,18.94,-0.002148175,0,0.005,0,0.007726203
20030725,-0.00715,-0.025389852,0.000467351,0.000467351,-0.004634388,0.000302259,-0.008014618,18.94,-0.046776085,0,0.0031,0,-0.006278842
20030728,0.01661,0.028626445,-0.006632551,-0.000478685,0.006430886,0.003640097,0.011395444,19.13,0.033788903,0,0.0008,0,0.008513091
20030729,0.03355,-0.00280444,-0.001381703,-0.01598062,0,0.024288775,-0.004348878,19.13,0.016743543,0,0.0029,0,0.004760448
20030730,0.03905,0.005815848,-0.001092554,0.013506363,-0.0032103,-0.001633283,-0.006802748,19,0.009594972,0,-0.0019,0,0.006519047
20030731,-0.00329,0.037103752,0.015688064,-0.011180946,0.001927417,0.004486119,0.017639699,19,0.033388568,0,-0.0034,0,0.008910586
20030801,-0.02634,-0.007625151,-0.017512216,-0.010132109,-0.002278725,-0.008465588,-0.002084417,20.1,0.01579194,0,0.0096,0,-0.010634029
20030805,-0.01888,-0.032063105,-0.026699721,0.015024017,-0.01855083,0.004777577,-0.012954842,18.38,0.011363748,0,0.0036,0,-0.012763843
20030807,-0.02743,0.013742187,-0.003705446,-0.011955456,-0.009661931,-0.00415462,0.003445738,19.25,-0.029339481,0,-0.0096,1,-0.005674218
20030808,0,0.003213021,0.001276089,0.001276089,-0.00573437,0.006694051,-0.003823178,19.5,-0.03362927,0,-0.0015,0,0.000414529
20030809,-0.01978,0.004357313,-0.000977332,0.012816095,0.017430854,0.015483399,-0.001171924,20.84,0.004941001,0,0.0031,0,0.004022629
20030810,0.01794,-0.006058584,0.005190888,0.013318578,0.011461436,0.00706181,-0.010558724,21.19,-0.011920304,0,0.0003,0,0.005479343
20030813,0.02426,-0.010098967,-0.003262255,0.011126597,0.013261953,0.00238337,0.013982983,20.31,0.045226989,0,-0.0023,0,0.007379097
20030814,0.0076,0.029174824,-0.003741583,-0.018130435,0.006253925,-0.022223671,0.009673042,20.38,-0.016112118,0,0.0007,0,0.001229443
20030818,0.01609,0.010419941,-0.002154073,0.004037897,0.01472891,-0.000934478,0.001374254,20.38,-0.00493829,0,-0.0042,0,0.006223207
20030819,-0.0032,-0.005707302,0.007358479,0.01555536,0.025594211,-0.009913585,-0.006659798,20.38,-0.017758496,0,-0.0028,0,0.003289624
20030820,0.01167,-0.020444703,0.007391388,0.001237523,0.016980738,0.010971366,-0.007632745,20.38,-0.002242205,0,0.0015,0,0.002881938
20030821,0.02911,-0.018955908,0.015211691,-0.011372434,-0.009701898,-0.000447127,-0.012616992,20.31,0.001121731,0,-0.0031,0,-0.001253238
20030822,0.01323,-0.00918516,0.015271462,0.003223123,-0.010157252,0.001604974,-0.004713658,20.31,0.039026612,0,-0.0027,0,0.001324784
20030825,0.00605,-0.014699794,-0.00296994,0.003036085,0.001080376,-0.008306816,-0.000472589,20.31,0.051482032,0,-0.0017,0,-0.002326097
20030826,-0.02545,-0.023800152,0.030140655,0.006330007,-0.001801275,0.007349582,0.001181059,20.31,-0.002050278,0,-0.0049,0,-0.000864303
20030827,0.00103,0.013952161,0.030831585,0.004869141,0.007901405,0.009048541,0.007057192,20.97,-0.018643762,0,0.0075,0,0.010670004
20030828,-0.00413,0.018952752,-0.015718566,0.023816289,-0.009705881,-0.004978854,0.00257521,20.97,-0.034568698,0,0.0026,0,0.001544421
20030829,-0.01774,-0.020934033,-0.000244662,-0.019929034,0.010182756,-0.003876018,-0.009632403,20.97,0.008084098,0,0.0062,0,-0.008881913
20030901,-0.00894,0.002219748,0.019842966,0.001493828,-0.012703962,-0.025558591,0.00390473,19.98,-0.051437641,0,-0.0017,0,-0.002820183
20030905,-0.06826,-0.004562376,-0.008630283,0.002669273,-0.008356601,0.001494302,0.001503381,18.38,-0.075775266,0,-0.006,0,-0.012020329
20030907,-0.00728,-0.019248201,0.001091218,0.029262315,-0.003111602,-0.001705486,-0.004926121,19.09,-0.028640293,0,-0.0005,0,-0.000845411
20030909,-0.04078,-0.015775969,-0.001895463,-0.015688891,-0.012903411,-0.003012605,-0.008478617,20.84,0.031800046,0,0.0003,0,-0.014076422
20030910,-0.01369,0.028183375,-0.006394703,-0.006394703,0.022424723,-0.000974743,0.011291239,21.19,-0.018947967,0,0.0017,0,0.004920741
20030912,0.01127,0.006011004,-0.007706011,0.004564165,0.000649426,0.027043275,0.002964993,21.75,0.063820204,0,0.0016,0,0.00639955
20030915,-0.02975,0.012773271,-0.00528715,0.000378587,-0.03056265,0.005880712,-0.003568459,20.84,0.031614876,0,-0.0012,0,-0.007162241
20030916,-0.00336,0.027236478,-0.000392085,-0.000392085,0.008697716,-0.014748899,0.009723782,20.84,-0.067031249,0,-0.0029,0,0.003823558
20030917,0.01116,-0.006521752,-0.001330822,-0.001330822,-0.001824832,0.000975825,-0.016419169,20.84,0.006633464,0,0.0017,0,-0.00218451
20030918,-0.02586,0.013862017,-0.008102679,-0.016391008,-0.001370813,-0.007760504,0.007410093,20.84,-0.032477655,0,0.0052,0,-0.005458985
20030919,0.01582,-0.019329498,-0.000501263,0.013485088,0.005812973,-0.000276752,0.003565914,20.84,-0.001708846,0,-0.0008,0,0.00265378
20030922,0.00447,-0.020829485,-0.020959082,0.010125843,-0.02229463,0.000938916,-0.012416581,20.84,0.11359328,0,0.0042,0,-0.008709288
20030923,0.00778,-0.000447929,-0.009142078,0.002553962,-0.004309081,0.016424916,-0.00505843,20.84,-0.009202535,0,-0.001,0,0.00111448
20030924,0.00772,0.002461143,0.002698189,0.010438824,-0.001518437,-0.006176974,-0.00338655,20.84,0.086069317,0,-0.0001,0,0.001748028
20030925,-0.01439,-0.019404953,0.002773264,-0.010832491,-0.005156454,-0.004904021,-0.003884447,20.84,0.047847255,0,-0.0004,0,-0.0079713
20030926,-0.01121,0.001366123,0.003862779,-0.001968141,0.002464326,-0.006404137,-0.001216984,20.84,-0.001348649,0,0.0003,0,-0.001872291
20030929,0.01566,-0.023714714,0.014102502,0.002541679,0.004443966,-0.019816081,-0.001218475,20.84,-0.025513888,0,-0.0007,0,-0.001143018
20030930,-0.01341,-0.019290164,-0.002271249,-0.021795351,0.013329673,0.002456953,-0.009801595,20.84,0.047316745,0,0.0063,0,-0.007254533
20031001,-0.00721,-0.000492855,0.019692011,0.034819316,-0.021643479,-0.008080827,-0.006254909,19.91,0.002882427,0,0.0102,0,0.001547037
20031006,-0.02142,0.011462097,-0.001188312,-0.001188312,0.020331067,0.004428603,0.029605776,18.94,-0.070606568,0,-0.0012,0,0.006004417
20031007,0.00243,-0.013339461,-0.010254671,0.00172152,0.003111602,0.0098636,0.000493705,19.09,0.013641357,0,0.0004,0,-0.000853386
20031009,0.03633,-0.014683249,-0.000756277,0.007339129,-0.004527443,-0.003743904,-0.008312603,20.72,0.059719226,0,0.0053,0,0.001663665
20031010,-0.00319,-0.004166212,-0.000283846,0.018987646,0.013942921,-0.015415085,-0.002688503,21.19,-0.019855706,0,0.0008,0,0.001026703
20031011,0.00394,-0.016604152,0.000124432,0.013369756,0.018873375,0.014324916,0.001419445,21.72,0.039947454,0,0.0029,0,0.005063967
20031012,-0.00187,-0.008925856,0.005753018,0.01787446,-0.01768412,0.073352657,-0.006397098,21.75,0.013521427,0,-0.0009,0,0.008871866
20031013,0.01583,0.018936251,-5.70E-05,-0.005722706,0.016241013,-0.009571137,0.008286666,21.19,-0.050010505,0,0.0034,0,0.006277588
20031014,0.00314,-0.005404833,0.001462529,-0.012143225,0.003884787,-0.011630058,-0.000971344,21.5,-0.010309278,0,0.0003,0,-0.003094592
20031015,0.01245,-0.00696108,0.007065036,0.015036973,0.004298759,0.014260753,0.013992991,21.5,0.01825491,0,-0.0023,0,0.008591919
20031016,0.00412,-0.000873555,-0.005634366,0.032333633,0.017012636,-0.016507036,0.007161644,21.5,-0.028671688,0,-0.001,0,0.005373279
20031017,0,-0.012531779,-0.016629008,-0.024176311,0.007876097,-0.000608345,0.000475624,21.5,0.024706818,0,0.0022,0,-0.006513389
20031020,0.0041,0.002651354,-0.005838068,0.031973812,-0.005454176,-0.00265063,0.004270473,21.5,-0.033471093,0,0.0011,0,0.004150395
20031021,0.00612,-0.010424855,0.00818687,0.022335103,-0.027942517,-0.024778188,-0.005221946,21.5,-0.029177519,0,-0.0003,0,-0.004532219
20031022,-0.00612,-0.022548864,0.001535361,0.001535361,-0.002815965,-0.014139236,-0.01197046,21.56,0.065482235,0,0.0022,0,-0.007789115
20031023,-0.02171,-0.008013784,-0.017526846,-0.031675079,-0.002062879,-0.020598814,-0.005797111,21.56,0.000565784,0,-0.001,0,-0.015340645
20031024,0.00104,-0.003684925,0.014628092,-0.004207789,0.006175871,-0.011781736,-0.002668287,21.66,0.001695326,0,0,0,-7.13E-05
20031027,0.01554,0.018743393,-0.013781797,0.010851202,0.003450492,6.80E-05,0.007742598,21.66,0.019016242,0,-0.0004,0,0.006087698
20031029,0.00717,0.002673208,-0.011572269,-0.005741349,0.02655496,0.007030307,0.011712814,21.66,-0.023459686,0,0.0083,0,0.005403953
20031030,-0.0082,0.013479391,-0.001832848,-0.007663768,0.01343138,0.018357447,0.007339921,21.66,-0.006105048,0,0.0059,0,0.00498736
20031031,0,-0.007933066,0.007288298,0.00149118,-0.016475865,-0.001685751,-0.000235936,21.72,-0.014184607,0,-0.0019,0,-0.002507306
20031103,-0.02552,-0.013736891,0.006312374,0.014668809,-0.01410033,0.005486004,0.005760021,17.94,0.008965966,0,-0.0018,0,-0.003018573
20031106,0.0027,0.036208001,-0.002102389,-0.002102389,-0.001258663,-0.002420265,0.016184756,18.94,-0.021053425,0,0.0014,0,0.00674415
20031107,-0.01469,0.017746704,0.002383975,0.002383975,0.022400949,0.010255419,-0.002718401,18.81,-0.038241581,0,-0.0027,0,0.00539466
20031108,-0.00894,0.005332229,-0.008284091,-0.016729143,-0.003199974,0.012209309,0.008819024,19.84,0.008134252,0,0.0039,0,-0.001541807
20031109,0.00888,0.004249136,-0.0111873,-0.005489278,0.016315443,0.003178982,0.00309561,20.72,-0.038721099,0,0.0046,0,0.00272037
20031112,0.00187,0.01469551,0.00027635,0.007137519,-0.004968261,-0.015806309,0.000229169,22.31,-0.065919888,0,0.0002,0,0.000490568
20031114,-0.01698,0.010108707,0.015483031,0.026761353,0,0.001907395,-0.006846921,21.63,0.028137218,0,-0.0021,0,0.004347652
20031117,-0.01341,-0.034617592,-0.00677605,-0.008762374,-0.007762022,-0.016750551,-0.014316637,21.56,0.09348388,0,-0.0016,0,-0.014627889
20031118,0.00481,-0.003328523,0.006633458,-0.004119333,-0.004164492,-0.00323148,-0.000721235,21.63,0.027050189,0,0.0025,0,-0.000588801
20031119,0.00287,-0.001557104,-0.007481818,0.003270974,0.001563734,0.012504974,-0.000721765,21.56,-0.016354961,0,0.0018,0,0.001492714
20031120,0.00573,-0.001336603,0.005039634,0.007025958,-0.010576563,-0.022461938,-0.002650925,21.56,0.035531445,0,0.002,1,-0.002747205
20031121,0.00285,0.013066281,0.00122273,0.00122273,0.005459329,-0.009019217,0.002891565,21.75,-0.026002506,0,0.0008,0,0.002527631
20031124,0.02252,0.015934001,0.010046477,-0.000591921,0.004075016,0.006169042,0.010769519,21.84,-0.08461932,0,-0.0005,0,0.009846019
20031125,0.02925,0.00281111,0.008308149,0.015609962,-0.015764899,-0.008707729,0.000475972,21.75,-0.042759161,0,-0.0022,0,0.004568938
20031126,-0.0009,0.003233802,0.016639939,-0.004194148,-0.017094431,0.018847338,-0.000714034,21.81,-0.029145934,0,0.0017,0,0.002259781
20031128,0.00182,0.002556461,0.013852839,0.015760228,-0.002096453,0.011334821,-0.000952834,21.81,0.005529978,0,-0.0041,0,0.006039295
20031203,-0.03438,-0.035343603,0.028097895,-0.034013883,0.002050948,-0.004518443,0.009526906,18.06,-0.002979808,0,-0.0054,0,-0.009797169
20031205,-0.01742,0.007433197,-0.014926922,-0.003498226,0.008495288,0.015062066,-0.014628257,18.38,-0.008671315,0,0.0039,0,-0.002783265
20031206,0.03579,-0.024213189,-0.000264481,-0.000264481,-0.041136901,0.008040111,0.004126728,19.25,0.009847483,0,0.0001,0,-0.002560316
20031208,0.0056,0.016037468,0.005845917,0.020444834,0.008298813,-0.002639137,0.011091559,20.31,-0.096120605,0,-0.0013,0,0.009239922
20031209,0.01753,-0.010544109,0.014315894,-0.010841293,0.001115412,-0.022756374,0.001188075,20.72,-0.030057612,0,0.0009,0,-0.001427485
20031211,0.02221,0.01212661,0.018761678,0.015304552,-0.005243847,0.00339165,0.003829584,21.63,-0.046085781,0,-0.0011,0,0.010054318
20031212,0.02033,0.000821525,0.003069707,0.049587925,0.028908472,-0.003468361,-0.010365174,22.31,-0.019312592,0,0.0025,0,0.012697728
20031215,-0.01012,0.006547999,0.012023827,0.001871456,0.002255536,0.006967907,0.007381809,22.38,0.048761128,0,0.0018,0,0.003846933
20031216,-0.00742,0.008125165,-0.001655288,0.020817754,-0.035045338,-0.000829132,-0.001149816,22.31,-0.078447881,0,-0.0015,0,-0.002450951
20031217,-0.00748,-0.022091304,-0.010335376,-0.000183005,0.015435789,-0.009174005,-0.000690532,22.31,-0.022216108,0,0.0004,0,-0.004931205
20031218,-0.00848,0.007418139,-0.00846169,0.029443498,0.010340217,0.00195861,0.008255033,22.31,0.036551008,0,0.0009,0,0.005781972
20031219,0.04078,0.004915009,0.021271,-0.009845269,0.029343267,-0.002762863,-0.00480715,22.31,0.015961065,0,0.001,0,0.011270571
20040103,0.00736,-0.003940899,0.006069239,0.014727371,-0.003565057,0.023631844,-0.002361273,22.5,-0.007588902,0,-0.0063,0,0.005988746
20040104,0.01584,0.021287969,-0.001382127,0.019236235,0.027931397,0.002411851,0.017116272,22.5,-0.005390858,0,0.0041,0,0.014634514
20040106,-0.02266,-0.01055052,0.014767401,-0.001693876,-0.041233787,-0.018974979,-0.00260756,22.38,0.050325037,0,-0.0004,0,-0.011850474
20040107,-0.0048,-0.010939929,-0.001783535,0.009487138,0.018495579,-0.013087591,0.002460032,21.38,0.058242569,0,0.0005,0,-2.40E-05
20040109,-0.001,0.008602618,0.000821272,0.000821272,0.007323697,-0.001092925,0.010101102,19.31,-0.025166899,0,-0.0021,0,0.003653862
20040110,0.01355,0.031237759,0.010584685,0.01359563,0.001789426,0.005934734,0.009804006,19,-0.04523578,0,-0.0005,0,0.012356606
20040113,0.01866,-0.002974712,-0.016239761,0.023352158,0.008413259,-0.014612038,-0.008690595,22.19,0.070022929,0,0.0019,0,0.001129759
20040114,0.0378,-0.005976124,0.00691275,0.041069477,0.006312241,0.002589861,0.002591592,22.19,-0.074193307,0,-0.0022,0,0.013042828
20040115,-0.00819,0.003988048,-0.007665811,-0.012803111,0.006657375,0.024050071,-0.003771814,22.06,-0.073694713,0,-0.0012,0,0.000323537
20040116,-0.0015,0.009901069,0.004046077,-0.000572869,0.016783087,0.028379333,0.008700821,22.06,-0.036653345,0,-0.0044,0,0.009391074
20040120,-0.02494,-0.00789739,-0.016428876,-0.002698683,-0.019686414,0.004114166,-0.009547169,22.19,0.013902908,0,0.0026,0,-0.011012052
20040121,0.01099,0.005928882,0.024774321,0.011750538,0.009797002,0.008600943,0.012786417,21.97,-0.058900263,0,-0.0006,0,0.012089729
20040122,-0.00862,0.00882792,0.030827645,0.024136026,0.010264227,0.032498504,0.012624979,21.97,0.025474691,0,0.0022,0,0.015794186
20040126,-0.03798,-0.002908383,0.039976355,0.014866013,-0.013220195,-0.00747758,-0.000454442,22.56,-0.019735241,0,-0.0027,0,-0.001028319
20040127,-0.00413,0.003875981,0.007290215,-0.01032822,0.00511995,-0.036148791,0.003176763,22.44,0.053524492,0,-0.0021,0,-0.004449157
20040128,-0.01836,0.001932371,0.007416958,0.025035393,0.013806266,0.003062139,-0.004086275,22.44,0.089072243,0,-0.004,0,0.004115265
20040129,0.00672,-0.013605657,-0.019042805,-0.024029492,-0.021782023,-0.018830481,-0.003189792,22.44,0.021227136,0,-0.0009,0,-0.013394321
20040130,0.03858,-0.02176149,-0.022201341,0.003551155,-0.007559462,0.00025388,-0.006180628,22.38,-0.030206635,0,-0.0007,0,-0.002188269
20040202,0.01756,0.022739477,0.033373913,0.008397572,0.010415268,0.002268379,0.003438399,22.38,0.028454881,0,-0.0037,0,0.014027573
20040203,0.02334,0.003940899,-0.00054646,0.012753037,0.017699566,-0.005348093,-0.004739348,22.5,0.028670912,0,0.0017,0,0.006728514
20040204,0.01171,0.023347367,-0.008670363,-0.020931519,0.005970147,0.013005338,0.021797177,22.5,-0.062578436,0,-0.0078,0,0.006604021
20040206,-0.01637,0.003595696,-0.00395279,-0.008373855,-0.003217948,0.005709228,0.003388509,22.19,-0.013588802,0,0.001,0,-0.00274588
20040207,-0.00966,-0.012477523,-0.004888544,0.02104757,0.018756924,-0.003130146,-0.002706363,21.38,-0.007926058,0,-0.0005,0,0.000991703
20040208,-0.02051,0.003713627,0.011740344,0.011454834,0.015384909,-0.016281024,-0.005542975,20.25,0.003258406,0,-0.0021,0,-5.76E-06
20040209,-0.00703,0.005958321,-0.005575004,0.012566684,0.000951331,0.003092071,0,19.31,-0.04317218,0,0.0006,0,0.001423343
20040211,0.03781,0.00555558,0.029546361,0.016629729,0.045112003,0.011325105,0.004716993,18.96,-0.005547019,0,-0.0046,0,0.021527967
20040212,0.01864,0.00843095,0.048942169,-0.004818564,-0.006554092,0.00806238,0.006660349,18.06,0.000770657,0,-0.0073,0,0.011337599
20040213,-0.01361,-0.001947424,0.041048656,0.031732483,0.036555294,0.002972106,-0.00672433,22.28,0.017481798,0,0.0006,0,0.012860969
20040217,0.01678,-0.00193424,0.010681703,0.016914361,-0.004794082,-0.007102824,0.00501254,22.63,-0.011620551,0,0.0022,0,0.005079637
20040218,0.00632,-0.011684652,0.013541511,0.018409276,-0.014521709,0.008840698,-0.000238128,22.63,0.012262208,0,-0.0034,0,0.002952428
20040219,-0.01908,0.015549398,-0.021404485,-0.023846777,-0.009352103,-0.017014242,0.003565914,22.63,0.013380259,0,-0.0019,0,-0.010226042
20040220,-0.00241,-0.002897148,-0.027556835,-0.00516784,0.007755072,0.005807606,-0.013378119,22.5,0.015075707,0,0.0046,0,-0.005406752
20040224,-0.01133,-0.011628039,0.021623869,0.014853432,-0.001421223,-0.011721274,-0.006671457,22.13,-0.024232394,0,-0.0043,0,-0.000899242
20040225,-0.05005,-0.008810615,-0.000727964,-0.000727964,0.002219774,0.011879374,0.004531909,22.13,-0.062946453,0,-0.0025,0,-0.005955069
20040226,0.03199,-0.008888953,0.004934983,-0.003798768,0.002568743,-0.003055992,-0.002859865,22.13,-0.006720481,0,-0.0029,0,0.002984307
20040227,0.00989,0.008888953,0.013483068,0.010744417,-0.005677808,-0.010749947,0.01186253,22.5,-0.019061144,0,-0.0027,0,0.005491602
20040302,-0.01515,0.000977052,0.022205629,0.005538576,-0.006197882,-0.006660881,-0.004587167,22.38,0.013352857,0,-0.0002,0,-0.000553525
20040303,-0.00719,-0.008888953,-0.005812209,0.006421796,0.005511108,0.005242649,-0.004523278,22.5,-0.021082009,0,-0.0006,0,-0.001319841
20040306,0.01062,0.013861613,0.007785571,0.00813331,-0.002068269,-0.001913814,-0.006002896,22.31,0.057400276,0,0.0002,0,0.004345074
20040308,0.00207,0.019576496,-0.032321268,-0.023932332,0.004569699,-0.00779839,0.008052383,20.25,0.042044459,0,0.0031,0,-0.004254773
20040309,0.00503,0.014742278,-0.000263914,0.01061935,-0.001268643,0.00571383,0.009751289,19.31,-0.026251943,0,-0.0012,0,0.006332027
20040311,0,0.007359733,0.007683447,0.020166704,-0.007148777,-0.016606544,0.007501207,18.93,-0.141865535,0,-0.0209,0,0.002707967
20040312,0.00753,-0.009372138,0.002670073,0.041858492,-0.017347374,0.001477688,-0.001898441,17.91,-0.001541982,0,-0.0234,0,0.003559757
20040315,-0.02082,-0.030854484,0.003913238,0.022674302,-0.013129319,0.010305664,-0.043844603,22.5,0.143792774,0,-0.0006,0,-0.010250743
20040316,0.01206,0.026972574,0.011214938,0.014871369,-0.004415015,-0.007010143,-0.003189013,22.5,-0.038104394,0,0.0006,0,0.007214959
20040317,0.02448,0.011196056,0.000182739,-0.007143361,0.03478613,-0.002171768,-0.009876629,22.5,-0.116125093,0,-0.0008,0,0.007350452
20040319,0.00231,0.010857413,0.004078425,0.02677186,-0.002612124,0.008032196,-0.015625317,22.5,0.032911618,0,0.0016,0,0.00483035
20040322,-0.0481,-0.014778579,-0.01037659,-0.006576105,-0.017147031,-0.000595106,-0.000254037,22.5,0.119464261,0,0.0016,0,-0.01397535
20040323,0.01999,0.000620145,0.004193816,0.01750279,0.053109803,0.00619425,-0.001525552,22.5,-0.043083579,0,-0.0024,0,0.014297893
20040324,-0.01516,-0.00871736,-0.020428982,0.009174368,0.054022962,-0.0002777,0,22.5,-0.042496544,0,0.0018,0,0.002659041
20040326,0.00161,0.014527126,-0.025156467,-0.003006324,-0.010595026,0.001716831,-0.002536782,22.5,-0.031243623,0,0.004,0,-0.003348663
20040329,0.04166,0.014919617,-0.012364686,0.016413606,-0.012366218,-0.000379403,0.003549695,22.5,-0.049078718,0,0.0056,0,0.007347516
20040330,0.00077,0.000400161,-0.01328991,0.025769618,-0.00682538,-0.00093092,-0.005583773,22.5,-0.013422978,0,0.0039,0,4.43E-05
20040331,-0.03682,-0.005214601,-0.00035425,-0.032445014,0.017141141,-0.009233284,-0.012292083,22.5,0.027863649,0,0.008,0,-0.01131687
20040402,-0.0008,-0.019724521,-0.000230248,-0.000230248,0.013584957,-0.006530814,-0.004377382,22.5,0.030107396,0,-0.0005,0,-0.002615465
20040403,0.01432,0.005934746,0.023405301,0.017515134,0.018753521,-0.005155467,0.006895764,22.5,-0.010362827,0,0.0029,0,0.011667
20040405,0.00909,0.004923692,0.001225781,-0.011642575,0.024494286,0.000613142,-0.004569699,22.5,-0.004220784,0,-0.0003,0,0.003447804
20040406,0.02654,0.012701678,0.015948961,-0.00468345,0.034991363,-0.029342159,0.005742644,22.19,-0.014788793,0,-0.0012,0,0.00884272
20040408,-0.02726,-0.003033692,0.009046447,0.001527615,0.003034896,0.000964262,-0.008810633,20.25,0.01116627,0,-0.0035,0,-0.003504444
20040410,0.02187,0.013882681,0.008120297,0.00074019,-0.001789426,0.005123291,0.007290433,19,0.050469414,0,-0.0012,0,0.007891067
20040411,0.04533,-0.007359733,0.03178187,0.006702186,0.005777993,-0.012104204,-0.002806368,18.93,-0.004998203,0,-0.0022,0,0.009617392
20040413,0.02025,0.010431568,0.032610098,0.008819686,0,0.002205539,0.009952804,22.63,0.121846933,0,-0.0008,0,0.012038528
20040414,-0.02025,-0.017126957,0.0063276,0.009063679,-0.021978912,-0.014406927,-0.003720704,22.63,-0.099839562,0,-0.0007,0,-0.008870317
20040415,-0.00456,-0.019380447,-0.025854293,0.019143361,-0.000793972,-0.001849723,-0.003485187,22.13,0.007653091,0,0.0019,0,-0.005254323
20040416,-0.00229,0.007797305,0.000608338,0.01385375,-0.005575459,0.00244889,0.004975129,22.13,-0.052163077,0,0.0005,0,0.00311685
20040419,-0.02628,-0.001943639,-0.031747395,0.088898645,0.002393285,0.004520329,-0.007472015,22.5,0.031623221,0,-0.0013,0,0.004052744
20040420,0.01013,0.019268434,-0.019430973,-0.008618499,-0.000797136,0.01706191,-0.006018074,22.5,0.077945328,0,-0.0015,0,0.001656523
20040421,-0.00388,-0.016354381,0.001686902,0.028024193,0.01070803,-0.018185011,-0.006560702,22.5,-0.066339763,0,-0.0034,0,-0.000651567
20040422,0.01084,0.002905566,-0.009398452,-0.035735743,-0.010787779,0.001473545,-0.007623925,22.5,-0.065564736,0,0.0002,0,-0.006903827
20040423,0.00077,0.008666386,0.0538109,-0.017636935,0.003820777,0.022318953,0.002038734,22.5,-0.041934826,0,-0.0023,0,0.010541259
20040430,-0.02131,-0.005970157,-0.023474256,0.003092945,-0.017074069,-0.002754399,0.00514801,22.5,0.034925132,0,-0.0002,0,-0.008905989
20040502,0.01278,-0.014042341,0.001249484,-0.006981016,0.003014911,-0.003528118,-0.016529303,22.5,-0.008993976,0,0.0101,0,-0.003433769
20040503,0.02419,0,-0.008643968,0.015212687,-0.014488012,-0.003077814,0.011778694,22.5,0.005540175,0,0.0016,0,0.00356737
20040505,-0.00757,0.004899568,-0.007340087,-0.015847751,0.002772849,0.009207434,0.007604599,22.5,-0.048276626,0,0.0014,0,-0.000896198
20040508,-0.00533,0.01067806,0.022412018,-0.00336194,-0.019893534,0.008601764,0.001515925,20.25,0.122365063,0,-0.0014,0,0.002088899
20040510,-0.00188,0.002753554,-0.004568571,-0.004255927,0.014815076,0.026403888,0.007237667,19,0.039478809,0,0,0,0.005786527
20040511,0.01915,0,-0.008795133,-0.024232677,-0.02051071,0.000915803,0.006768615,18.93,-0.009349231,0,0.007,0,-0.003814872
20040513,0.02976,0.016685935,0.007619198,0.016537046,0.013357919,0.006937268,0.009312016,22.44,0.038923899,0,-0.001,0,0.014315626
20040514,0.00525,-0.001840296,-0.006358969,-0.002130633,-0.032817962,-0.005428833,0.001286508,22.44,-0.020895553,0,0.0031,0,-0.006005741
20040517,-0.02837,-0.015261181,0.004560973,-0.008325789,-0.031044638,-0.004250855,-0.007743973,22.5,0.077582468,0,-0.0006,0,-0.012919352
20040518,-0.01021,0.016079513,-0.002158159,-0.002158159,0.017857606,0.018221812,0.000259105,22.38,-0.032071936,0,0.0026,0,0.005413103
20040519,-0.02264,0.029221224,0.036413576,-0.000857819,0.051735678,0.001438529,0.01542447,22.38,-0.020910308,0,0.0001,0,0.01581938
20040521,-0.00598,0.001207246,0.024321476,0.013257397,-0.008438863,-0.025754754,-0.002037696,22.38,-0.009687929,0,0.0018,0,-0.000489313
20040524,-0.00702,0.012390248,-0.040846334,-0.001158586,0.02510594,0.014790825,-0.02530474,22.38,-0.022423682,0,0.0003,0,-0.00314895
20040525,-0.01522,-0.00497761,0.009757394,-0.002315187,-0.014987802,-0.014647831,-0.001570268,22.38,-0.124720756,0,0.0023,0,-0.006280186
20040526,0.03516,0.012890603,-0.01532866,0.017750996,0.016804313,0.022799039,0.008346422,22.38,0.000626385,0,-0.0023,0,0.014060388
20040527,0.02918,0.002951301,0.003532433,-0.000524368,0.003129883,-0.003051263,0.00285307,22.38,-0.044167213,0,0.0001,0,0.005438722
20040528,0.02649,-0.01783991,-0.001785852,-0.001785852,0.039505341,0.009118349,-0.008061409,22.38,0.014295258,0,0.0016,0,0.006520095
20040602,-0.00477,0.008048327,0.012206865,-0.004053656,0.008897263,-0.009870889,-0.002350175,22.5,-0.101540678,0,0.0032,0,0.001158248
20040605,0.00228,-0.033800434,-0.002619355,-0.011353404,-0.031258828,-0.011333673,-0.017834865,22.5,0.078040729,0,0.0032,0,-0.015131508
20040607,0.02448,-0.003446527,0.017132303,0.005917723,-0.025442806,0.003900005,-0.015600171,21.38,0.074723551,0,0.0025,-0.5,0.000991504
20040608,-0.00751,-0.029901548,-0.017447606,-0.009905586,-0.014008022,-0.001868417,-0.0109152,20.25,0.054182155,0,-0.0011,0,-0.013079483
20040610,0.0159,-0.000917003,0.007806076,0.021479296,0.024692621,-0.005004843,-0.002647734,19,-0.049220371,0,-0.0015,0,0.008758345
20040612,-0.0025,-0.006613158,-0.084058804,-0.06006195,-0.005418684,-0.010157839,-0.000475172,17.91,0.017591241,0,0.0736,0,-0.024183658
20040614,-0.01325,-0.009920714,-0.00684692,0.026193998,-0.001614218,0.001320461,-0.004859965,21.5,0.066240845,0,-0.0008,0,-0.00128248
20040615,0,0.014844406,0.015058741,0.040495264,0.009806373,-0.00813924,0.005115104,21.5,-0.065576157,0,-0.0016,0,0.011025807
20040616,0.0038,0.008802019,-0.005509584,-0.001685487,0.036364805,-0.002848624,0.010404866,21.5,-0.01742673,0,0.0026,0,0.007046856
20040617,-0.01241,0.004856735,0.00234776,0.018220682,0.032553424,-0.009379664,0.01478538,21.5,0.024049233,0,-0.0006,0,0.007282045
20040618,-0.01842,0.00772204,0.01010806,0.006522874,-0.014590034,0.015085897,0.004962792,21.5,-0.01061721,0,0.0002,0,0.001627376
20040621,-0.02076,-0.002888779,-0.01446653,0.000800942,-0.009514798,-0.002927686,-0.002478322,21.38,0.017851744,0,-0.0018,0,-0.007462168
20040622,-0.002,-0.010664192,-0.006402765,-0.006524228,-0.035023044,0.001348434,-0.000993048,21.38,-0.064276418,0,-0.0014,0,-0.008608406
20040623,-0.002,0.009699415,-0.010311343,0.001384697,0.026188722,0.001202329,0.007177365,21.38,-0.023330919,0,-0.001,0,0.004763026
20040624,0.006,-0.005808352,0.002406623,-0.021278839,-0.005803859,-0.00026124,0,21.38,0.057674953,0,0.0067,0,-0.003535095
20040625,-0.02524,-0.003891063,-0.011328287,0.024129963,-0.002720021,-0.002318198,0.000493096,21.38,0.025334632,0,-0.0028,0,-0.002982073
20040628,0.04107,0.005830931,0.03109909,0.023255822,0.007751972,0.006675016,0.005653202,21.38,0.056316872,0,-0.0001,0,0.017333719
20040629,-0.00196,-0.005830931,0.009405936,0.028238798,0.001928624,0.014258436,0.002936856,21.38,-0.038051479,0,-0.0006,0,0.006996817
20040630,0.02716,-0.014727803,0.005156838,-0.009908906,-0.005022199,6.84E-05,-0.007850874,21.38,-0.075849836,0,-0.0028,0,-0.000732082
20040701,-0.00564,-0.006954824,0.014380758,0.015358829,0.019418073,-0.003592196,-0.029770278,22.19,-0.076363464,0,-0.0042,0,0.000457195
20040705,0.00529,-0.005271696,-0.001586724,-0.014890213,-0.004171613,0.000308288,-0.00283177,22.5,0.061417819,0,-0.0042,0,-0.003307675
20040706,-0.00657,0.000970415,-0.011205204,-0.003140644,0.015473416,0.019382062,0.009842087,22.19,-0.086469772,0,0.0013,0,0.003536019
20040707,-0.00679,-0.004477931,-0.011695945,-0.022119908,0.011472394,-0.006727203,-0.003750473,21.38,-0.027450231,0,0.0002,0,-0.006298438
20040709,-0.00402,0.003887281,-0.012081898,-0.008315415,0.001571104,-0.001906529,-0.00248447,19.31,0.011436854,0,0.0065,0,-0.003335704
20040710,0.02293,-0.005519803,-0.003886913,0.006717067,-0.014451139,0.015944972,-0.000241055,19,0.087889525,0,0.0001,0,0.003070447
20040712,0.0141,0.002839582,0.037795244,0.046947869,0.011575701,0.000610643,0.003558301,17.97,0.035744721,0,-0.0425,-0.75,0.016775334
20040713,0,0.003669714,0.011100927,-0.00355135,-0.005334937,0.005237898,0.001506023,20.72,-0.033993756,0,0.0038,0,0.001804039
20040714,0.00766,-0.013109572,-0.000142534,0.00692493,-0.040017457,0.005334594,-0.003517587,20.72,-0.04962037,0,0.0015,0,-0.005266804
20040715,0.00949,-0.020834082,-0.010709627,0.000259405,0.008316697,-0.015872104,-0.003277452,20.72,0.066761688,0,-0.0022,0,-0.004661023
20040716,0,-0.006123977,-0.001896104,0.005121762,0.027233171,0.014013503,-0.004048593,20.72,-0.025474691,0,0.0031,0,0.004899966
20040719,0.00283,-0.001483829,-0.004729599,-0.004367357,-0.01050274,-0.009663675,-0.002538714,20.72,0.056266953,0,-0.0026,0,-0.004350845
20040720,0.00282,0.006343847,0.004418566,-0.002648899,-0.004535159,0.006186129,0.003805662,20.72,-0.068192739,0,-0.0006,0,0.002341449
20040721,-0.00565,0.009440966,-0.011155957,-0.018272738,-0.018349121,-0.002002256,0.002529083,20.25,0.146763837,0,0.0046,0,-0.006208575
20040722,-0.02196,-0.020249578,0.023688556,0.012456199,-0.040950623,0.005323208,-0.004556965,20.25,-0.041050531,0,-0.0029,0,-0.006607029
20040723,0,-0.011788808,-0.008564981,-0.008382459,0.011191183,0.003855517,0.005819116,20.25,0.046520016,0,0.0033,0,-0.001124347
20040726,-0.01458,-0.004321513,-0.013505998,-0.00962495,0.007917693,0.010607138,-0.00632673,20.25,0.047346076,0,-0.0008,0,-0.004262051
20040727,0.00683,0.01781354,0.006370717,-0.00100939,0.021841747,0.001992675,-0.000253908,20.25,-0.044320402,0,0.0016,0,0.007655054
20040728,-0.00488,0.003397736,0.01446087,0.010660627,0.004926092,-0.011649874,0.001775977,20.25,-0.02446603,0,-0.0024,0,0.002670204
20040729,-0.00982,0.02429439,-0.008711675,-0.001412373,-0.017348611,0.018271106,0.004047569,20.25,-0.029533992,0,0.0017,0,0.001331487
20040730,-0.02803,0.001034032,-0.008846824,0.005622932,0.007782135,0.000388463,0.004785299,20.25,-0.02322689,0,-0.001,0,-0.00246628
20040803,0.02287,-0.002962981,-0.020229377,-0.001325223,0.00752894,0.009494773,0.01649091,22.5,0.086608471,0,-0.0044,0,0.004552435
20040806,-0.01327,0,-0.002876241,0.00118056,-0.003944776,0.000735462,0.005141403,22.06,-0.025001309,0,-0.0023,0,-0.001861942
20040807,-0.02165,0.00670939,0.013999595,-0.000546116,0.006820781,0.001798418,0.003750473,21.38,0.024368612,0,0.0006,0,0.001554649
20040809,-0.00303,0,0.001350261,0.012148849,0.010929057,0.004017638,0.00248447,19.31,-0.000710933,0,-0.0044,0,0.003985754
20040810,-0.00091,-0.008337228,0.001010175,0.014708649,-0.001456646,-0.002578453,-0.003864735,19,0.037229354,0,-0.0001,0,-0.000204034
20040811,-0.03295,-0.001848433,-0.03590634,-0.020295411,-0.001681599,-0.002532151,0.001859166,18.93,-0.002894355,0,0.0187,0,-0.013336395
20040816,0.0063,0.008390517,-0.004451252,-0.011886544,0.024036598,0.007274814,0.000261135,20.09,-0.023067119,0,0.0035,0,0.004275038
20040817,-0.00209,0.00589253,0.001035119,0.001035119,-0.039845916,0.018078642,0.002086592,20.13,-0.031803735,0,-0.0011,0,-0.001972559
20040818,-0.00525,0.00626075,0.002435547,0.002435547,-0.023027339,-0.015023615,0.005715788,20.03,-0.047527797,0,-0.0013,0,-0.003779046
20040819,-0.00953,0.003617374,-0.005688878,0.016452165,0.008285046,-0.006982572,0.002587321,20.03,0.043996223,0,0.0059,0,0.001248637
20040820,-0.02805,-0.005027682,-0.010240483,-0.013772934,0.006906805,0.010542247,0.002322883,20.03,-0.058268854,0,-0.0013,0,-0.005331309
20040823,0.01304,0.018972116,0.012727484,0.008934599,0.011730328,-0.005303985,0.007959981,20.03,-0.007528259,0,0.004,0,0.009722932
20040824,0.00967,0,-0.016520997,-0.008975763,0.026531847,-0.002695157,0.002554286,20.03,-0.035248775,0,-0.0027,0,0.001509174
20040825,0.03158,-0.002971766,0.009142931,0.001652259,0.007542455,0,0.002547769,20.03,-0.02309574,0,-0.0014,0,0.007070521
20040826,0.00928,0.009871746,-0.00966701,0.005204077,-0.004392854,-0.017050742,0.005582356,20.03,-0.004683829,0,0.0014,0,-0.00016749
20040827,0.0092,0.004899568,0.002238161,0.009563496,0.014051764,0.014006721,0.004544309,20.03,-0.013504581,0,-0.0002,-1.25,0.008357717
20040830,0.00911,-0.008836567,0.010352797,0.006410793,-0.025119057,-0.00218294,-0.00505051,19.72,0.04843398,0,-0.0016,0,-0.002187926
20040831,0.00803,-0.01851352,-0.007533014,-7.03E-05,-0.005100431,-0.000103544,-0.002534862,19.31,-0.0097625,0,0.0009,0,-0.003689381
20040902,-0.00962,0.00499751,0.024998765,-0.002836034,0.006968684,0.017608943,0.000235262,22.5,0.024082633,0,-0.0021,0,0.006050447
20040903,-0.02133,-0.015349646,0.016550819,0.036839021,8.62E-05,0.014543672,-0.003692592,22.5,0.050025892,0,0.0047,0,0.003949641
20040906,0.00191,-0.004861477,0.003746149,-0.000310652,-0.017463864,0.002051415,0.002560818,22.06,0.025001309,0,0.0006,0,-0.001766802
20040907,0.03038,-0.00365407,-0.020943745,-0.009948856,0.017964568,0.001662941,-0.003750473,21.38,-0.026267991,0,0.0004,0,0.001672909
20040908,0.02341,-0.008710128,0.011147574,0.003712595,-0.009448864,-0.000381113,-0.012326816,20.09,-0.023542849,0,-0.0013,0,0.001057607
20040909,0,-0.010726587,-0.005966971,0.011014205,-0.015649762,0.00841059,-0.012233331,19.31,-0.00356254,0,0.0071,0,-0.003593122
20040911,-0.01647,-0.008360482,0.003718128,0.000568519,-0.011283616,-0.000798342,-0.001626586,18.93,-0.013863815,0,0.0001,0,-0.004893197
20040912,0.01452,-0.003805911,-0.006115116,5.22E-07,-0.023286942,0.001608637,-0.008810632,17.91,-0.023783205,0,0.0039,0,-0.003698492
20040913,0.01298,0.014486006,0.01006209,-0.008243966,-0.0015564,9.51E-05,0.017522348,19.31,-0.043824328,0,0.0009,0,0.006477886
20040914,0.00099,-0.007699743,0.004141275,0.004141275,-0.004683853,-0.006737762,0.007416598,19.31,0.029182792,0,-0.003,0,-0.000347459
20040915,0.00888,0.001930506,0.005532339,0.008069085,0.000625787,0.004399302,0.001968511,19.31,0.076633219,0,0.003,0,0.004486504
20040916,-0.00789,0.002888779,0.023444903,0.008129085,0.014902466,-0.001833573,0.00319057,19.06,-0.017223987,0,-0.0018,0,0.00611889
20040917,0.02445,0.01904819,-0.008053754,-0.014426189,0.040760359,0.012871121,0.007080977,19.31,-0.02533567,0,0,0,0.011675815
20040923,0.00479,-0.011450508,-0.003041804,-0.017960287,-0.010316954,0.005005365,0.002430132,19,0.004062322,0,0.0034,0,-0.004363437
20040924,0.00476,0.00191755,-0.00399464,0.003023226,-0.022472873,-0.011139867,-0.004866184,19,-0.035767255,0,-0.0025,0,-0.004681827
20040927,-0.00955,-0.004800776,0.001986664,0.008954662,0.010550229,0.000255234,-0.004889988,19,0.023530508,0,-0.0004,0,0.000358004
20040928,0.00287,0.001923081,-0.015372102,-0.007525014,-0.010550229,-0.000370946,0.005377674,19,-0.055550306,0,0.001,0,-0.003378219
20040929,0.00858,0.007655534,-0.006501524,-0.013096182,0.026612442,-0.000288862,-0.000487685,19,-0.045866019,0,-0.0017,0,0.003210532
20040930,-0.02692,-0.008616622,0.002042861,-0.00882627,-0.011574543,0.000317895,-0.009804006,19,0.009792931,0,0.0027,0,-0.009054384
20041002,-0.01378,0.004972659,0.057896905,0.004449071,0.012056633,0.004655192,-0.001648031,22.5,-0.027839708,0,-0.0012,0,0.009800347
20041003,-0.00618,0.008401724,0.011247209,0.015944928,-0.002589577,-0.002422886,-0.002778428,22.5,0.117515243,0,-0.0026,0,0.003088996
20041005,-0.03922,-0.018258792,-0.013698874,-0.000394908,-0.054750514,-0.005232115,-0.013757515,22.5,0.086597682,0,0.0032,0,-0.02075896
20041008,0.00105,0.016320988,0.019815547,0.008765711,-0.003169599,-0.00730692,0.007978428,20.09,-0.078147564,0,-0.0028,0,0.006207736
20041009,0.00504,0.007812534,-0.005658876,-0.00114672,0.014095748,0.001969447,-0.005289017,19.31,-0.018005528,0,-0.0012,0,0.002403302
20041011,-0.00333,0.00558142,0.007400341,0.001130728,0.007067163,-0.001298132,0.003945693,18.93,-0.039720451,0,-0.0037,0,0.002928173
20041012,0,0.013257775,0.003021903,0.006281084,-0.010526412,0.003378751,0.004057768,17.88,-0.009360434,0,0.0091,0,0.002781553
20041013,-0.00719,0.007469703,-0.003620835,0.013540146,0.003878864,0.001050114,0.005557581,19,0.024287369,0,-0.0013,0,0.002955082
20041014,-0.00907,-0.015940328,0.012517722,0.020281825,-0.017423099,0.000902278,-0.00120554,19,0.063443578,0,0.0083,0,-0.001419592
20041015,0.00907,-0.00568723,0.007601143,0.019568232,0.000908685,-0.001836479,0.003371868,19,-0.088395635,0,-0.0014,0,0.004713746
20041018,-0.00362,-0.001902954,-0.002271001,0.016656937,0.004229615,-0.000741087,0.005275794,19,-0.022185779,0,0.0024,0,0.002518186
20041019,0.00632,0.01136376,0.024756793,0.021672461,0.011391005,0.003632798,0.009284677,19,0.028151998,0,-0.0042,0,0.012631642
20041020,-0.00361,-0.014224988,0.035225395,-0.01844309,-0.000894595,-0.003513366,-0.006895764,19,-0.018679644,0,-0.0006,0,-0.001765201
20041021,0.01613,0.003813167,-0.012250107,-0.010939438,0.014218266,0.003804652,0.006184607,19,-0.021096421,0,0.0001,0,0.00299445
20041022,0.00089,0.008526802,0.019915663,-0.004265135,0.01459879,-0.011134011,0.004023197,19,0.049641297,0,-0.0007,0,0.004650758
20041025,-0.03525,-0.020010183,0.014037993,0.022660404,-0.021978893,-0.01863508,-0.010685131,19,0.081652379,0,-0.0001,0,-0.009980127
20041027,0.00273,0.017175987,0.060249427,-0.000883921,0.007380103,0.013625146,-0.003604473,19,-0.041737552,0,-0.0014,0,0.013810324
20041029,0.0216,-0.007469703,0.012178751,-0.003506338,0.01414368,0.040511507,0.002378694,19,0.055604979,0,0.0002,0,0.011405227
20041102,0.01619,0.007905174,-0.012935653,0.011178461,0.005382982,-0.012465384,-0.003304224,22.5,-0.035113677,0,-0.0026,-0.5,0.001707337
20041103,-0.03387,-0.028284703,-0.000636943,0.007313106,-0.001730082,-0.010751418,-0.008849613,22.5,0.101765416,0,0.001,0,-0.010972808
20041105,0.01788,0.013367801,0.013476621,-0.004222956,0.004319658,-0.020941238,0.011176196,22.44,-0.062618301,0,0.0019,0,0.005008012
20041108,0.00733,-0.009057282,-0.009672189,-0.006002461,-0.016000331,-0.004772223,-0.009271256,20.06,0.032106481,0,-0.0015,0,-0.006777963
20041110,0.01173,0.002786806,0.000350156,-0.006475152,-0.005847984,0.003497597,0.001692655,19,-0.022850467,0,-0.0023,0,0.001104868
20041115,0.02308,0,0.025497277,-0.002429952,-0.020711612,-0.004877748,-0.01787021,18.93,0.003743935,0,-0.0133,0,0.000383965
20041116,-0.01148,-0.011173302,0.015292974,0.005951765,0.029262217,-2.35E-06,-0.015059449,18.93,-0.012786942,0,-0.0039,0,0.001827408
20041117,0.0204,0.013947224,-0.018249489,-0.00890828,0.029497472,0.002851176,0.01101808,18.93,0,0,0.0083,0,0.007222312
20041118,-0.01465,-0.002773922,0.020655117,-0.000881365,0.033821536,0.020421254,-0.007651878,18.93,-0.017564445,0,-0.0044,0,0.006991535
20041119,-0.01237,-0.01680713,-0.003525302,-0.000490398,-0.014018921,-0.003678235,-0.007710881,18.93,0.039280009,0,0.0032,0,-0.008371552
20041122,-0.02012,-0.008510676,0.000929484,0.000929484,-0.011834439,-0.007215482,-0.004606626,18.81,-0.040050667,0,-0.0047,-0.5,-0.007204036
20041123,-0.02486,-0.00095013,0.01288114,0.016115246,-0.002649028,-0.012552558,-0.00609387,18.81,-0.023402019,0,-0.0074,0,-0.002587029
20041124,0.00347,-0.005719739,0.021227087,0.003504659,0.025662583,0.000585852,0.008278595,18.75,0.003938579,0,0.0018,0,0.008144148
20041126,-0.00753,-0.003784307,0.024086383,0.006506547,0.009273628,0.010406593,-0.001437124,18.34,0.004705849,0,0,0,0.005360246
20041129,0.00587,-0.005703428,0.032628924,0.011799312,-0.003853572,-0.003412593,-0.004323815,18.07,0.039882622,0,-0.0118,0,0.004714975
20041130,-0.01261,-0.002863959,-0.028424841,0.006977086,-0.014519315,0.006492942,-0.00096339,18.06,-0.004521516,0,-0.0157,0,-0.006558782
20041201,0,-0.00493828,0.006389516,0.003734789,-0.014241352,-0.00036711,0.002106982,22.06,0.004170378,0,-0.0006,0,-0.001045065
20041202,0.01039,0.011741819,0.014142091,0.038603313,0.004448685,0.009915438,-0.012369332,22.5,-0.005211733,0,-0.0004,0,0.010981716
20041203,0.01116,0.004905967,0.002248683,0.013563915,-0.004338399,0.00739228,-0.002107484,22.5,-0.121782359,0,0.0008,0,0.00468928
20041205,-0.00541,-0.016685935,0.033214114,0.02067333,0.006444684,0.000351146,-0.005442541,22.44,-0.023427948,0,-0.0016,0,0.004734971
20041207,0.00481,-0.00428004,0.000314323,0.025503688,0.003850144,0.006831857,-0.002759316,21.19,-0.053363323,0,-0.0023,0,0.004895808
20041208,-0.00943,0.012943162,-0.012569948,-0.012515175,0.006110339,-0.001520479,-0.000517598,20.06,0.056049097,0,0.006,0,-0.002499957
20041210,0.0009,-0.010256509,-0.01025501,0.014482111,-0.019245592,0.004479516,-0.002903459,19,0.022850467,0,0.0006,0,-0.003256992
20041211,-0.01572,-0.008298789,-0.008807379,0.009807371,-0.002489991,0.01570628,0.001399252,18.93,0.021995575,0,-0.0019,0,-0.001200465
20041213,0.00638,0.011225563,-0.01583007,0.002080777,0.023272055,-0.003641777,0.000476303,17.88,-0.017391764,0,0.0154,0,0.003423264
20041214,-0.02009,0.004640378,0.011598261,0.005801376,0.015643364,0.00396146,-0.000238128,17.88,0.015037844,0,-0.0012,0,0.003045244
20041215,-0.00162,-0.011173302,0.033636511,0.031067151,0.002541291,0.011050539,-0.007170203,17.69,-0.030305283,0,-0.0026,0,0.008333141
20041216,0.0081,0.00373831,0.026855627,0.012629804,-0.027272074,0.007042651,-0.001200042,17.63,-0.006498798,0,-0.0208,0,0.004270611
20041217,0.00242,-0.018832944,0.013224005,0.008193191,0.009345853,0.00279245,0.003117135,17.63,-0.026426034,0,0.0079,0,0.002894241
20041220,0.0112,0.007575788,0.017795025,0.034968432,0.007978431,0.01802761,0.006443164,17.19,-0.010092591,0,-0.0017,-0.75,0.014855493
20041221,-0.01281,-0.00472814,0.007001931,0.012539855,0,0.006065186,-0.000713864,17.19,-0.023953218,0,-0.0048,0,0.00105071
20041222,0,0.00849463,0.023673538,0.021061661,0.0035824,0.003949328,0.004512543,17.19,-0.00869574,0,-0.0137,0,0.009324871
20041223,0.00322,0.005623268,-0.017025551,-0.006286871,-0.003838779,-0.000165647,0,17.19,-0.019400985,0,0.0129,0,-0.002639083
20050102,-0.02583,0.00540541,0.012490396,0.022321362,-0.001320142,-0.013735249,0.014104606,15.7,-0.06360292,0,0.0001,0,0.001919483
20050103,-0.00138,0.004551668,0.0329294,0.030884555,0.01923136,0.006254702,-0.00409277,12.56,-0.003316749,0,0.0008,0,0.012625559
20050104,0,0.002740975,0.030249226,0.034879946,0.006176668,-0.006866655,-0.001767173,10.22,0.004980422,0,-0.002,0,0.009344712
20050109,0.01579,-0.002547768,0.014421804,-0.002385315,0.014356951,0.021219132,0.016110326,8.43,0.042724885,0,0.0009,0,0.010995019
20050113,0.00374,0.003676481,0.039472848,0.025273845,-0.021108961,0.00095549,0.007244659,17.13,0.022048116,0,0.0039,0,0.008464909
20050114,0.00149,0.009132481,0.010597531,0.017633547,-0.006152211,-0.011022008,-0.008699908,16.59,-0.03245238,0,-0.0064,0,0.001854205
20050118,-0.01596,0.001795336,0.01001465,0.04236787,-0.004218308,-0.00492727,-0.003618385,16.34,0.003212851,0,-0.0012,0,0.00363627
20050119,0.02796,0,0.027169588,0.028054648,-0.014369593,0.000207075,0.008662228,16.31,0.055374771,0,-0.0001,0,0.011097707
20050120,-0.00448,-0.009914447,-0.000578969,-0.029328383,-0.021675189,0.007534812,0.014272364,15.91,0.048139588,0,0.0252,0,-0.006309973
20050121,0.01042,0.005420059,0.038013394,0.023232155,0.024084525,-0.004258753,-0.000236215,15.91,0.0376064,0,-0.0016,0,0.013810738
20050124,0,-0.006326277,0.010733719,0.06657531,0.004002677,0.004333669,-0.002838891,15.97,0.01999377,0,-0.0027,0,0.010925744
20050125,-0.01267,0.008126461,-0.01550698,0.006083319,0.019515373,-0.000501725,0.004727027,15.75,-0.041106393,0,-0.014,0,0.001396211
20050126,0.01193,-0.010850017,-0.020205375,-0.022252359,0.001044122,0.001420919,-0.00165192,15.75,-0.045098612,0,0.0001,0,-0.005794947
20050127,-0.01494,0.001816534,-0.012731861,-0.010684553,0.008055138,0.01570968,-0.004023197,15.66,-0.014992771,0,0.0007,0,-0.002399751
20050128,-0.01287,-0.010949016,-0.009760057,0.008854527,-0.016438744,0.0027258,0.000948091,15.8,0,0,-0.0009,0,-0.005355628
20050131,-0.01381,0.015475957,-0.00444575,-0.002182749,-0.002898166,0.00635364,0.000710483,15.8,-0.032236106,0,-0.004,0,-0.000113798
20050202,-0.00636,0.005376367,0.020548036,0.03000532,-0.002645497,0.035824602,0.007905178,15.46,-0.03123934,0,-0.0044,0,0.012950572
20050208,-0.00088,0.016694875,0.321208887,-0.002270848,-0.001884117,0.003148936,0.002968378,8.54,-0.027697946,0,-0.0046,0,0.048426587
20050211,0.00082,0.00314712,0.01027228,0.019882199,-0.0080972,0.024764309,0.006295929,6.47,-0.096792819,0,-0.0037,0,0.008154948
20050214,0.01024,0.000891655,0.104329029,0.081663568,0.013591423,-0.00608448,0.000908264,13.32,0.00784319,0,-0.0269,-0.75,0.02936278
20050215,0.02324,0.003558729,-0.094845068,-0.050477449,-0.000519323,0.007269793,0.016878988,13.26,-0.021940326,0,0.0566,0,-0.013556333
20050216,0.00458,-0.010714389,-0.035905739,-0.052621827,-0.011757166,0.006378808,-0.013028038,14.28,-0.015199226,0,0.0473,0,-0.016152622
20050217,0.00759,-0.00630349,0.013128358,0.034186386,0.002886757,0.061503474,0.016147466,14.31,0.058608817,0,-0.0401,0,0.018448422
20050218,-0.00988,0.000902927,0.054165031,0.033107003,-0.002098626,0.003747456,-0.00222717,14.31,-0.051427465,0,-0.0257,0,0.011102374
20050222,0.0093,0.004572481,0.003703412,-0.015561551,0.000263125,0.025606499,-0.001570389,13.99,0.161534544,0,0.0209,0,0.003759082
20050223,0.03485,-0.004572481,0.036520331,0.051119248,-0.008189197,-0.009881414,-0.016297325,13.99,-0.058771316,0,-0.0028,0,0.011935595
20050224,0.04442,0.000916182,-0.004813452,0.038983092,0.0235922,-4.16E-05,0.00500798,13.38,-0.068474209,0,-0.01,0,0.015437772
20050225,-0.01363,0.008207967,-0.062972265,-0.021346178,0.050515784,0.015361723,0.004757058,12.75,-0.006938443,0,0.0005,0,-0.002729416
20050228,0.04724,-0.004551668,-0.001956203,-0.015561957,0.014670201,0.027093478,-0.004076096,12.69,0.050074114,0,0.0029,0,0.008979679
20050301,0.01162,0.007476665,0.059270387,0.087852522,0.013897888,0.008294694,-0.002366862,17.29,0.057743475,0,-0.0094,0,0.026577899
20050302,0.03759,-0.012590099,0.016113839,0.027240995,0.000794392,0.025564093,0.001388566,15.46,0.011087543,0,-0.0028,0,0.013728827
20050308,0.00698,-0.006644538,0.057896197,0.006602902,0.04110482,-0.008726403,0.000911576,8.44,0.006785431,0,-0.007,0,0.014017793
20050310,0.02682,0.016464509,0.025130057,-0.007521361,-0.001349211,0.011060294,0.005316331,6.63,0.044305848,0,-0.0013,0,0.010845803
20050311,0.00656,0.027122943,0.008990052,-0.016124053,0.010858359,0.000488821,0.028867987,6.41,-0.036257714,0,0.0005,0,0.00953773
20050315,-0.01461,0.005400563,-0.00474248,-0.031854946,0.007134399,-0.021440192,0.036881733,11.22,0.059532006,0,-0.0018,0,-0.003318703
20050316,-0.02268,-0.022697311,-0.025340349,-0.00036821,-0.041118236,-0.018373294,-0.013534377,11.22,0.025526924,0,0.006,0,-0.020587397
20050317,-0.04772,0.005494529,-0.116337396,-0.080400043,-0.012422538,-0.030796973,0.002195396,11.03,-0.014936783,0,0.0162,0,-0.039998146
20050318,0.01344,0.00637235,-0.027360791,0.020770583,-0.000250007,0.009212997,-0.009917437,11.03,-0.011350831,0,-0.0147,0,0.001752528
20050321,-0.03395,-0.004547528,-0.037603553,-0.029534625,-0.027635173,-0.021883708,-0.005998023,10.47,0.035143752,0,0.004,0,-0.023021801
20050322,-0.00077,0.001821497,-0.012417735,0.016931435,0.037587979,-0.01702372,0.011519846,10.47,0.047354672,0,0.0018,0,0.005378472
20050323,0.00994,-0.009140848,-0.004521076,0.028427091,-0.018491293,-0.056585883,0.007242436,10.34,-0.014825547,0,-0.0062,0,-0.006161368
20050324,0.02181,0.020000666,-0.020163587,0.075600712,0.017500451,0.06219222,0,10.41,-0.046587779,0,0.0106,0,0.025277209
20050329,0.00667,-0.002703918,0.044657118,0.046116264,0.007407447,-0.011679171,0.003710579,10.28,0.052419916,0,0.0018,0,0.013454046
20050330,-0.02849,-0.007246403,0.065375281,0.058751571,-0.007407447,0.008974705,-0.012275473,10.28,-0.060452063,0,0.0062,0,0.011097462
20050331,-0.00917,-0.006383973,0.085764896,0.033306497,0,0.001888308,-0.00066189,10.22,0.027478237,0,0.0029,0,0.014963405
20050401,0.01983,0.006496545,0.027562612,0.045499943,0.00075252,-0.009360111,0.004728136,17.22,-0.007127641,0,-0.0057,0,0.013644235
20050402,0.00537,-0.008178152,0.002765006,0.002363639,0.026640372,-0.004385317,0.005994946,14.94,-0.050445471,0,0.0035,0,0.004367213
20050404,0.01372,-0.010087191,-0.006099371,-0.014982643,-0.00990107,-0.040083132,-0.00665486,10.16,0.001418405,0,-0.0041,0,-0.010584038
20050408,-0.01225,0,-0.013765904,0.019848529,0.020157472,-0.000373371,-0.00205222,8.44,0.056688731,0,-0.0033,0,0.001652072
20050410,-0.00498,0.00542846,0.002315235,-0.007440929,0.006727973,-0.005101352,-0.00254831,6.62,0.057693299,0,-0.0011,0,-0.000799846
20050411,0,-0.003062795,-0.011205506,0.013908599,0.018892109,-0.013902617,0.011317826,6.41,0.012992164,0,0.0031,-2,0.002278231
20050418,-0.00508,-0.02541313,-0.02905795,-0.005827057,-0.034972246,-0.022833019,-0.002668444,9.81,-0.068831847,0,-0.0009,0,-0.017978835
20050419,-0.0051,0.007597372,-0.03581987,-0.021343359,0.015810591,-0.010926159,-0.000668229,9.81,-0.101610142,0,0.0036,0,-0.007207093
20050420,-0.03194,-0.01237521,-0.063045441,-0.058226858,0.019930793,-0.004220732,-0.013007577,9.81,0.123116384,0,0.0007,0,-0.023269289
20050421,-0.01828,-0.00769234,0.039530791,0.064772275,-0.000256314,0.009373382,-0.00565933,9.81,-0.160573959,0,-0.0046,0,0.011684066
20050422,0.02129,0.017225298,0.016824381,0.024816956,0.007660922,-0.001143364,0,9.81,0.065145572,0,-0.0042,0,0.012382028
20050425,-0.01059,-0.000949209,-0.023195567,-0.026482251,-0.002802214,-0.005390429,0.004530022,9.81,-0.050677525,0,0.004,0,-0.009268521
20050426,-0.02075,0.001897518,0.036270312,-0.00077096,0.013933096,-0.002933942,-0.00908065,9.88,0.019641672,0,0.0004,0,0.002652196
20050427,-0.02198,-0.016244982,-0.008921472,0.026375652,-0.019048183,-0.005892692,0.001139596,9.88,-0.002686366,0,-0.0033,0,-0.00636744
20050428,-0.00717,-0.008708314,0.010612522,-0.005424477,-0.020726128,-0.010076881,-0.00685717,9.75,0.125598236,0,0.0037,0,-0.006907207
20050501,-0.01216,-0.005565868,0.019779403,0.014397646,-0.010587447,0.00313504,-0.004728136,17.13,0.007837633,0,-0.0058,0,0.000610091
20050504,0.03203,0.010999195,0.038500539,-0.015790365,0.009408334,0.031600529,0.003776523,10.16,-0.030948807,0,-0.0011,0,0.015789251
20050508,0.00351,0.004987551,-0.027366331,-0.01842115,-0.005558654,0.008407529,0.005236216,8.35,-0.003200076,0,0,0,-0.00417212
20050510,-0.00083,-0.010105016,-0.021339195,-0.006071723,-0.018953618,0.001393403,-0.010043892,6.56,0.097374192,0,0.0034,0,-0.009421434
20050513,0.00152,-0.001855292,0.022067206,-0.013985367,0.004056804,-0.005411713,-0.006482639,9.75,0.012330542,0,-0.0013,0,-1.30E-05
20050517,-0.01367,0.000928086,0.023996128,-0.002857978,-0.018799085,-0.000667154,-0.023824156,9.72,-0.073421435,0,0.0013,0,-0.00498488
20050518,-0.00922,0.029252539,0.000675272,-0.003789021,0.020417221,0.006594468,0.035859062,9.72,-0.066691345,0,-0.0004,0,0.011398506
20050519,-0.01024,-0.007233299,0.023617846,-0.000585756,0.023699673,0.010774959,-0.006445179,9.72,-0.023006612,0,-0.0006,0,0.004798321
20050520,0.00931,-0.005459532,0.041203969,0.000729861,0.033383888,-0.006675883,-0.004469284,9.72,-0.013605603,0,0.0005,0,0.009717574
20050523,0.01746,0.006366554,-0.025499973,-0.000128634,-0.00997578,-0.009539791,-0.039050514,9.72,-0.014565266,0,0.0001,0,-0.00862402
20050524,0.01267,0.006326277,0.003507654,-0.000765857,-0.032395731,0.000699987,0.007193445,9.81,-0.020281525,0,0.0004,0,-0.000394889
20050525,-0.00541,-0.002706357,-0.019310215,-0.013092004,-0.009605215,0.003882572,-0.020320686,9.81,-0.008706003,0,0,0,-0.009508844
20050527,-0.01241,0.018625822,-0.043855579,-0.028397434,0.047129149,0.002513679,-0.004807704,9.81,-0.00738012,0,0.0006,0,-0.003028867
20050604,0.02391,-0.000912004,-0.016941452,0.002861175,0.002952755,0.011094008,0.013216052,10.16,-0.039513205,0,-0.0006,0,0.005168648
20050605,0.0093,0.002828852,-0.002282302,0.004190212,-0.010365608,0.010673132,-0.002014552,9.69,0.004994705,0,-0.0037,0,0.001761391
20050610,-0.01678,-0.013370235,-0.003323961,0.016094103,-0.024442094,-0.022016059,-0.007762004,6.56,0.027788968,0,0.0044,0,-0.010228607
20050612,0.00871,0.012541662,-0.018934142,0.011352136,-0.0030722,0.011179283,-0.015282057,7.56,-0.006920436,0,0.0018,0,0.000927812
20050701,0.00534,0.011845253,0.058876574,0.014169286,0.001013179,-0.001863034,-0.003536488,17.13,-0.006649463,0,0.0013,0,0.012263539
20050702,-0.01076,0.001823158,0.005816126,0.009412496,-0.006464143,0.01637631,0.003213219,14.44,0.045343383,0,-0.0065,0,0.002773881
20050703,-0.02271,-0.000902131,-0.065650684,-0.017085822,0.023987462,0.051063939,0.008435023,12,0.026447876,0,-0.0194,0,-0.00326603
20050704,0.01421,0.003642998,0.019176951,-0.007846227,-0.016848764,0.009220269,-0.000437732,10.03,-0.064386419,0,-0.0004,0,0.003016785
20050710,0.01177,-0.000792072,-0.014531707,-0.026227724,-0.003273302,0.009429413,-0.017247452,6.43,-0.025043602,0,0.0075,0,-0.005838978
20050711,0.00163,0.003062795,0.028761247,-0.0179242,0.014327551,-0.012214994,-0.015595252,6.47,-0.005329262,0,0.0068,0,0.00029245
20050712,-0.0143,-0.002201847,0.022591759,0.024769104,-0.000219806,0.03284324,0.010340959,7.56,0.055710592,0,-0.0023,0,0.010546201
20050802,-0.01322,-0.004564133,-0.01975776,-0.051818825,0.003883503,-0.011472119,0.002517453,13.89,-0.011144493,0,-0.0057,0,-0.013490269
20050803,-0.00072,0.005400563,0.035559928,-0.036674358,-0.022832051,0.001368187,0.012408512,12,0.011354493,0,0.0015,0,-0.000784174
20050808,0.00786,-0.006655611,0.031766407,0.01164794,-0.003350089,0.025640146,0.003852695,8.35,0.056846795,0,-0.0035,0,0.010108784
20050809,0.00344,0.00329219,0.023516487,0.014911925,0.004228347,-0.000879065,-0.00273598,8.56,0.032222814,0,-0.0016,-4,0.006539129
20050811,0.01458,-0.001530225,-0.017644838,0.004997639,-0.003116655,0.004937245,-0.00265713,6.41,-0.001527919,0,-0.0024,0,-6.20E-05
20050816,-0.01902,-0.013245234,-0.0192922,0.007757963,0,0.008259496,0.003691242,8.53,0.097828155,0,0.003,0,-0.004549819
20050817,-0.01849,-0.000833674,-0.002029988,-0.002029988,-0.016246032,-0.001046432,-0.00543303,8.47,-0.016406055,0,0.0042,0,-0.006587021
20050818,0.00532,-0.003341697,-0.055918733,0.002188898,-0.004722837,-0.008089806,-0.0067782,8.42,0.008982088,0,-0.0027,0,-0.010191768
20050819,0.01492,0.01164739,0.013803405,0.010771963,0.007411611,-0.000957275,0.013294297,8.37,0,0,-0.0032,0,0.010127342
20050822,-0.00875,0.000826781,-0.000638025,-0.003116445,0.002458372,0.009299894,-0.001516623,8.43,0,0,-0.0092,0,-0.000205149
20050823,-0.01505,-0.009132474,0.011315779,0.008314952,0.001784112,0.010964224,-0.004563743,8.44,-0.005979085,0,-0.0051,0,0.000518979
20050824,-0.018,-0.001669453,0.019518636,0.002711518,-0.004242485,0.004384936,0.002393127,8.44,0.060360007,0,0.0005,0,0.00072804
20050829,-0.01684,0,-0.01409645,0.003145356,0.002244664,0.032852373,0.002841843,8.44,-0.014684537,0,-0.0034,0,0.001449684
20050830,0.01312,-0.003439391,0.009130359,0.00604355,0.008928653,0.029388298,0.001962711,8.44,0.009569389,0,-0.003,0,0.009304883
20050831,0.05171,0.015384912,0.019223373,0.00212894,-0.001111737,0.008513277,0.006081687,8.43,-0.080042649,0,-0.0015,0,0.014561493
20050902,-0.02057,0.000914487,-0.028847553,-0.090325504,0.003095975,-0.000842442,0.000685483,13.89,0.033901519,0,-0.0047,0,-0.019412793
20050903,0.01851,-0.008111812,0.024042125,0.0039586,-0.0057904,0.000998706,0.004474275,12,0.023905537,0,0.0022,0,0.005440213
20050905,0.00692,-0.006613158,-0.008694166,-0.006267823,0.04241107,-0.018800769,-0.004491364,9.69,-0.021583585,0,-0.0031,0,0.000637684
20050908,-0.00174,0.006655611,0.007525112,-0.000913757,-0.000895262,-0.004534407,0.018155826,8.53,-0.06327768,0,-0.0016,0,0.003464732
20050909,0.00428,0.00818335,-0.001244866,0.018112493,0.001054283,0.007878275,0.001053189,8.57,-0.076311662,0,-0.0065,0,0.005616675
20050911,-0.0008,-0.00153257,0.001925949,-0.006808059,0.001114192,-0.007667046,-0.003690801,6.38,-0.021639154,0,-0.0042,0,-0.002494048
20050912,-0.00481,-0.008908746,-0.005649053,-0.006364017,-0.017519016,0.002772789,0.006400623,7.56,-0.043521552,0,-0.0031,0,-0.004868203
20050913,0.00516,-0.014020848,0.009825778,0.017457645,-0.002335227,0.005745113,-0.015755067,8.56,0.061583576,0,-0.0007,0,0.000868199
20050914,0,-0.00083092,0.007562244,0.030515953,-0.00532766,0.001581362,0.013005197,8.34,0.04111247,0,-0.0004,0,0.006643739
20050915,-0.00258,-0.005000002,0.036476558,0.00906866,0.003412977,0.025428526,-0.007441304,8.34,-0.033073887,0,-0.0034,0,0.008480774
20050916,-0.00604,0.007490677,-0.009099063,-0.016491543,0.007214131,-0.000497414,0.008076556,8.14,-0.107230382,0,0,0,-0.001335237
20050919,-0.01659,-0.006655611,0.025433022,0.016952154,-0.020289004,0.019866947,-0.004667943,8.01,0.07880789,0,-0.0003,0,0.002007081
20050920,-0.01597,0.009966861,0.026654277,0.018497255,-0.018508972,-0.014330181,0.005725811,7.89,0.040360602,0,0.002,0,0.001719293
20050921,-0.0126,-0.016667048,-0.021804996,-0.011338792,-0.026727646,-0.004389194,-0.016416529,7.74,0.087077273,0,0.0015,0,-0.015706315
20050922,0.00452,-0.001682089,-0.017329165,-0.020073323,-0.006795048,-0.011867172,-0.009503315,6.9,-0.033926561,0,0.0268,-1,-0.008961445
20050923,0.01521,0.008382277,0.0203272,0.019904942,-0.003642996,0.005275973,0.006920442,6.71,-0.028149435,0,-0.0048,0,0.010339691
20050926,0.02975,0.025547335,0.010114301,0.022118151,-0.007785693,-0.007584601,0.015610282,6.68,0.00615386,0,-0.0061,0,0.012538539
20050927,-0.00432,-0.005711972,0.013216061,0.015330755,-0.00923794,0.018481042,-0.002549393,6.74,-0.021706258,0,-0.0032,0,0.003601222
20050928,0.01119,0.024253423,-0.027770403,-0.004955725,0.002317492,-0.007555534,0.001912658,6.74,-0.01024035,0,0.0027,0,-8.69E-05
20050929,0,0,0.007250577,-0.000412296,0.018121836,-0.002161282,-0.00617615,6.71,-0.031365687,0,0.0029,0,0.002374669
20050930,0.00768,0.010329844,-0.018885954,-0.003501036,0.011526848,-0.00522111,0.001920822,6.69,-0.02649159,0,0.0009,0,0.000549916
20051001,-0.00381,0.00180994,0.017661308,0.051630391,-0.014021901,-0.008264788,0,17.13,-0.01946171,0,-0.0061,0,0.006429279
20051002,-0.01287,0.005469486,0.046089925,0.107567876,-0.018721277,-0.00425211,0.000685005,13.89,-0.041690407,0,-0.0119,0,0.017709844
20051003,0.00563,-0.00271862,0.032332916,-0.009825868,0.012694921,-0.009336705,-0.008968667,11.94,-0.016673673,0,0.0025,0,0.002829711
20051005,0.00915,-0.010481267,-0.026494971,0.002299931,-0.008710638,-0.000741119,-0.007908747,9.69,0.080993294,0,0,0,-0.006126687
20051008,0.01985,0.012361094,-0.019316694,-0.008001165,0.026296948,0.00490895,0.025006788,8.57,-0.001614165,0,0.0025,0,0.008729417
20051010,0.00251,0.002374354,0.000691426,0.02010949,-0.016529306,-0.015411138,0.005271256,6.54,0.063724278,0,-0.0002,0,-0.00014056
20051011,-0.02443,0.0212451,0.017669557,0.017669557,0.001112975,0.005579095,0.038485661,6.47,-0.072906818,0,-0.0103,0,0.011047421
20051013,-0.00827,-0.008719841,-0.007508072,-0.016810454,-0.014388748,-0.014303372,-0.007307145,6.43,0.015295496,0,0.004,0,-0.011043947
20051014,-0.0075,0.020489295,-0.011939839,-0.00594465,-0.017298525,-0.004729404,0.003875143,6.46,-0.10219475,0,0.0009,0,-0.003292569
20051017,0.00334,-0.003125008,0.006345918,0.04471493,0.013668754,0.015009485,-0.000214896,6.46,-0.013541155,0,0.0006,0,0.011391312
20051018,0.00083,-0.007855498,0.032692904,0.029055775,0.025135968,0.005558716,-0.007550457,6.38,0.044007091,0,-0.0036,0,0.011123915
20051019,-0.01005,-0.026369876,-0.01032898,-0.020537867,-0.020540472,-0.010301194,-0.021449723,6.38,-0.127122002,0,0.0013,0,-0.017082587
20051020,-0.00337,0.012072578,-0.017753441,0.006287302,-0.007022674,-0.001557985,0.002651354,6.25,0.17675055,0,0.0019,0,-0.001241838
20051021,-0.00593,-0.004811566,-0.006627972,0.018579529,-0.010504559,-0.00172057,0.009006103,6.25,0.001240605,0,-0.0002,0,-0.000287005
20051024,0.00339,0.003210282,0.003338015,0.020579798,0.004166169,0.00188342,0.012819292,6,-0.090115969,0,-0.002,0,0.007055282
20051025,0.00085,-0.004819295,0.012902776,0.01458484,0.006338391,-0.002194887,-0.002594032,6.31,-0.014349412,0,0.0022,0,0.003581113
20051027,0.00598,-0.007243481,-0.001766842,-0.018861252,0.018061888,-0.010130167,-0.024212166,6.31,0.093501597,0,0.0012,0,-0.005453146
20051031,0.01771,0.021574946,-0.002448168,-0.002448168,0.033981001,0.009308682,0.024778492,6.47,0.072402238,0,0.0053,0,0.014636684
20051101,-0.00229,-0.00362318,-0.042762614,-0.016084765,-0.011880289,0.00166388,-0.015231136,17.13,-0.003028009,0,-0.0074,0,-0.012886872
20051102,0.02242,0.018910971,0.057353454,0.046622471,-0.002628142,0.011526846,0.004781981,13.57,-0.006974738,0,-0.0084,0,0.022712512
20051103,0.01531,0.00362318,0.005703383,0.026757191,-0.003676479,-0.013374973,-0.002706366,11.22,0.02451688,0,-0.0039,0,0.004519419
20051105,-0.01221,-0.003838783,-0.02133975,-0.022247082,-0.005849515,0.006666514,0.009483021,9.69,-0.031337717,0,0.0037,0,-0.007047942
20051108,0.00256,0.000818659,-0.017578882,-0.003361109,-0.007662863,-0.0016241,0.0017316,8.55,0.003225806,0,0.0087,0,-0.003588099
20051110,0.00167,0.006304193,0.002484225,0.021532399,-0.014388748,0.019678759,0.011759719,6.37,0.005131501,0,-0.0018,0,0.007005792
20051114,0.00801,-0.002945516,-0.015714852,0.008870231,-0.018340931,0.001775799,-0.017395104,7,0.046207311,0,0.0079,0,-0.005105768
20051115,0.01032,-0.006659281,0.018377986,0.003452336,-0.002259905,0.003999608,0.001169134,7,0.004096625,0,-0.005,0,0.004057125
20051116,0.0063,-0.007451597,-0.004645124,0.002789854,-0.01023316,0.012196137,0.001945531,7.13,0.002450037,0,0.0011,0,0.000128806
20051117,0.01326,-0.003746741,-0.003083881,0.005354977,0.00342271,-0.009801235,0.013513717,7.13,-0.085973821,0,-0.0013,0,0.002702792
20051118,0.01614,0.011198338,0.000849711,0.00921795,0.003183993,0.002540983,0.010111694,7.13,-0.01162285,0,0.0018,0,0.007606096
20051121,-0.0115,0.009604797,0.018432268,0.012820422,-0.010041167,0.0071176,0.014136509,7.25,-0.027349033,0,0.004,0,0.005795776
20051122,0.00538,-0.008862688,0.01168055,0.014311715,-0.002296206,0.00133268,0.003176682,7.31,-0.020542208,0,0.0042,0,0.003531819
20051123,-0.00384,0.016188726,-0.00076034,-0.001624012,0.014831984,0.012781895,0.008360476,7.31,0.033398248,0,-0.0024,0,0.006562676
20051125,0.01011,0.006639645,0.020103389,0.038112074,0.005602252,0.000793221,-0.00373135,7.5,-0.007326033,0,0.0004,0,0.01108989
20051128,-0.00465,-0.004421518,0.014129433,0.008035179,0.014420679,-0.003076228,0.005591813,7.56,0.08455739,0,-0.0029,0,0.004289908
20051129,-0.00156,0.007358383,0.004600418,-0.010667036,-0.004415029,0.007624082,-0.014415676,7.56,0.004214097,0,-0.0002,0,-0.001639265
20051130,-0.02762,-0.014771329,-0.023447211,-0.01054996,0,0.003129974,-0.009092697,7.58,0.014196487,0,0.0022,0,-0.01176446
20051201,0.0212,-0.014625497,0.006793373,-0.05105739,-0.004948582,-0.001427813,-0.010607626,17.13,-0.04894174,0,-0.0077,0,-0.007810505
20051205,0.01221,0.036813972,-0.018908956,0.004240226,-0.016129394,-0.011128799,0.00850307,9.78,0.109366388,0,-0.0004,0,0.002228588
20051208,-0.00427,-0.008216971,0.005947965,-0.0167803,-0.004405304,-0.006986007,-0.005856211,8.59,0.02543855,0,0.0387,0,-0.005795261
20051209,-0.00945,-0.004901963,-0.006474003,0.009786709,-0.006130431,-0.000180924,-0.003374103,8.56,-0.027932407,0,0.0069,0,-0.002960674
20051210,0.01077,-0.004724411,0.017088845,0.020396039,0.014388748,-0.00850412,0.010980839,6.56,0.037052855,0,-0.0016,0,0.008627991
20051212,0.00401,0.00520641,-0.007328794,-0.015959664,-0.009892173,0.01941711,0.003932956,7.53,-0.018998785,0,0.0026,0,-8.77E-05
20051213,-0.01288,0.002962971,-0.010456756,0.004616903,0.011456932,-0.00404562,0,7.53,-0.031889382,0,0.0007,0,-0.001192224
20051214,-0.00081,-0.000739928,-0.006528484,-0.015181565,0.002231165,-0.011749052,0.002799815,7.53,-0.058376938,0,0.001,0,-0.004282578
20051215,0.02325,0.001479293,-0.002024923,-0.010057084,0.00022282,0.006010962,0.016086135,7.53,0.023574879,0,0.0001,0,0.004995315
20051216,0.00632,-0.002960777,0.012984992,0.006628416,0.024649142,-0.003273513,0.026784085,7.47,-0.004670652,0,0.0013,0,0.010161764
20051219,-0.0087,-0.001483667,-0.007496172,-0.008359845,0.002388446,0.018842463,0.009065922,7.47,0.063484577,0,0.0006,0,0.000608164
20051220,-0.00797,-0.005210285,0.000622738,0.000622738,-0.007838047,0.018746254,0.009685736,7.47,-0.016836954,0,-0.0014,0,0.001237019
20051221,-0.00562,0.01848481,-0.001474217,-0.009571417,-0.017641029,0.020316849,0.005069495,7.5,-0.034548814,0,0.0014,0,0.001366356
20051222,-0.01215,0.001464132,-0.000973454,-0.000973454,0.039049573,-0.002363567,0.017286513,7.56,-0.049299124,0,0.0008,0,0.005905678
20051223,0.00731,0.005835169,-0.014959142,0.007631065,-0.001070328,0.015467025,-0.015022295,7.56,-0.001945478,0,0.0009,0,0.000741642
20060102,0.00916,0.025556204,0.039695524,0.006942772,0.005648503,-0.007921429,0.022885061,7.56,-0.046630349,0,-0.0018,0,0.014566662
20060103,-0.02471,0.012160152,-0.001525385,0.005163594,-0.026625851,0.001114519,0.005227916,8.6,-0.067026773,0,-0.0001,0,-0.004170722
20060106,-0.02914,0.002058316,-0.017291658,0.001057481,0.00895261,0.002554635,0.00369376,8.62,-0.124190381,0,-0.0016,0,-0.004016408
20060108,-0.002,-0.015206901,0.014723843,-0.01207181,0.000885354,-0.006784092,-0.014376711,9.43,0.006666717,0,0.0012,0,-0.00497576
20060109,0.00768,0.003610118,0.001595758,0.001595758,0.010327853,-0.007720982,0.004327974,9.24,-0.028844223,0,-0.0001,0,0.003059497
20060113,-0.01307,-0.016563527,-0.01132848,-0.005676273,-0.015517724,0.002786018,-0.016232738,7.5,0.002674967,0,-0.0026,0,-0.010800389
20060117,0.01755,-0.004907127,0.005830062,-0.013484436,0,-0.008691954,-0.006162292,7.54,0.058789643,0,0.0038,0,-0.001409392
20060118,-0.02537,-0.020590008,-0.054620219,-0.033413527,-0.006688993,-0.021883129,-0.022749962,7.54,0.028147566,0,-0.0016,0,-0.026473691
20060119,0.01277,0.005722472,0.027962553,0.030893464,0.01222917,0.026922991,-0.00211008,7.54,-0.022287383,0,-0.0013,0,0.01634151
20060120,0.00422,-0.01436806,0.014839944,0.003048177,0.016438716,0.002397422,-0.015790266,7.54,0.195039517,0,0.0015,0,0.001540848
20060123,-0.00351,-0.005805527,0.003270737,0.003270737,0.008873557,-0.026198983,0.001965165,7.54,-0.044233262,0,-0.0036,0,-0.002590616
20060124,0.01814,0.005805527,0.000327778,0.006558328,-0.001293649,0.006659564,-0.009504239,7.54,-0.045529146,0,-0.0015,0,0.00381333
20060125,0.00826,0.012940505,0.004422886,-0.008825229,-0.010846109,-0.00037104,0.015731459,7.54,-0.033616651,0,0.0011,0,0.003044639
20060126,-0.00757,0.023297918,0.02650033,0.015945448,0.012355207,-0.008963915,0.034344873,7.54,-0.03559093,0,-0.002,0,0.013701409
20060127,-0.02025,0.017295481,0.001968909,0.001968909,0.001721903,0.002850996,0.009721237,7.61,-0.036904541,0,-0.0009,0,0.002182491
20060130,0.00141,-0.007573178,0.035631918,0.013707143,-0.00236839,0.00882303,-0.005957974,7.67,0.034486181,0,-0.0016,0,0.006238936
20060131,-0.00565,0.014408473,0.017899078,0.020847257,-0.010618793,-0.005162979,0.003068535,7.61,0.04420605,0,0.0008,0,0.004970224
20060202,0.03855,-0.018090944,-0.014869696,-0.018358896,0.017395477,0.0254644,-0.023566143,7.66,0.068021519,0,-0.0015,0,0.000932028
20060203,-0.03459,-0.01538492,-0.028663716,-0.015559965,-0.013379479,0.027714411,-0.015600937,8.6,0.015477549,0,0,0,-0.013637801
20060206,0.00736,0.004786344,0.029388331,0.004996878,0.028121371,0.019162193,0.000502635,8.62,-0.013869901,0,-0.0049,0,0.013473965
20060208,0.02662,0.041115086,-0.000497411,0.005299706,0.006615244,0.002193127,0.013546489,9.43,-0.048325158,0,-0.0025,0,0.013556034
20060210,0.00285,-0.004725348,0.014662825,0.044315263,-0.007153829,0.006761256,-0.000458472,9.18,0.048074444,0,0.0007,0,0.008035956
20060211,-0.01747,-0.023572099,0.003636413,-0.02890404,-0.01663241,0.001701456,-0.005982073,9.19,-0.007850032,0,0.0016,0,-0.012460393
20060213,-0.01467,0.023342182,0.002135945,0.002135945,-0.012447881,-0.006578511,0.005506811,8.57,0.036617401,0,-0.0033,0,-8.22E-05
20060214,-0.01148,0.003290558,-0.055812292,-0.017230882,0.006141273,0.012595146,-0.008617767,8.54,-0.085990476,0,0.0018,0,-0.010159138
20060215,-0.00887,-0.02528412,0.020105925,-0.002635751,0,0.006729953,0.012557139,8.48,0.004886037,0,-0.0013,0,0.000371878
20060216,0.00137,0.010057072,0.02085206,0.013623873,0.04000533,0.001030238,0.024817687,8.54,-0.069805623,0,-0.0018,0,0.01596518
20060217,0.02634,0.011277068,-0.007864976,0.009231834,-0.008664888,0.034130378,0.005155933,8.54,0.045133304,0,-0.0029,0,0.009943621
20060221,0.0244,0.015666118,-0.018245976,0.009541456,0.011730349,-0.005629694,0.008531637,8.54,0.032762932,0,-0.0024,0,0.006570556
20060222,-0.00719,0.014786505,0.00222706,-0.009812016,0.002717394,0.037486717,0.022135163,8.54,-0.043646263,0,0.0016,0,0.00890726
20060223,0,-0.001277142,0.009404729,0.005612339,-0.000193856,-0.017329624,0.001756208,8.54,-0.000842125,0,0.0018,0,-0.000289621
20060224,0.01949,0.012067472,0.001003888,-0.005730136,-0.014253886,0.012979879,0.000956632,8.54,-0.035151484,0,0.0002,0,0.003787693
20060227,0.01342,-0.002528438,-0.002645147,0.009338232,0.016384221,0.013227676,-0.003512138,8.61,0.011279956,0,-0.0026,0,0.006240629
20060228,0.0145,-0.017236315,0.012286266,0.00703691,-0.013438708,-0.015362213,-0.023953242,8.6,0.06270336,0,-0.0059,0,-0.005166757
20060301,0.03666,0.005089071,0.031376012,0.050445572,0.004188477,0.016508698,-0.007352346,7.63,-0.080180745,0,-0.0031,0,0.019559355
20060302,-0.01086,-0.010877068,0.008994976,0.004601354,-0.007908553,-0.012947095,-0.007351089,7.73,-0.02061925,0,-0.0001,0,-0.005192496
20060303,-0.01742,-0.008433389,0.021391843,0.006848468,0,-0.023115297,-0.003315655,8.6,0.020270945,0,0.0006,0,-0.003434861
20060304,0.00066,0.008444354,0.008359891,-0.004239252,-0.009498304,0.029157365,0.015122844,8.64,0.015679707,0,-0.002,0,0.006858128
20060307,-0.01552,0.003334451,0.041400215,0.051295773,0.021361127,0.034037885,0.000326584,8.96,-0.002296192,0,-0.0061,0,0.019462291
20060308,-0.00292,-0.007058095,0.017849942,0.000558445,-0.019978482,-0.002028915,-0.003661181,9.49,0.008333374,0,-0.002,0,-0.002462612
20060310,-0.00285,-0.004153073,0.032763128,0.018532409,-0.006998804,-0.007315718,0.002290252,9.14,-0.02660374,0,-0.0016,0,0.004609742
20060311,0.02265,0.001787308,-0.006279759,-0.00113836,0.008539768,0.01356737,0.003378902,9.19,-0.023030268,0,0.0003,0,0.006072176
20060313,0.0139,0.019470239,0.004392671,0.005585074,0.007395693,-0.001690302,0.012023533,8.66,-0.041349602,0,0.002,0,0.008725273
20060314,-0.03071,-0.001330665,-0.03464479,-0.012979055,-0.007395693,-0.006202081,-0.003772659,8.63,-0.05700323,0,0.0091,0,-0.013862135
20060315,0.00203,0.007957602,0.010021347,0.004257643,0.020363864,0.008974086,0.010950502,8.62,0.05524271,0,-0.0072,0,0.009222149
20060316,0.01544,-0.006626936,0.036070964,0.022509335,0.006628035,0.023218176,0.00129955,8.62,0.054020777,0,-0.0006,0,0.014077018
20060317,0.00862,0.000664676,-0.049448888,-0.004889617,0.000619136,-0.00190309,-0.0114287,8.62,0.011618417,0,-0.0027,0,-0.008252355
20060320,0.02027,0.006622534,0.034618286,0.00013211,-0.008286767,-0.007820342,0.007687941,8.61,-0.02760526,0,0.0007,0,0.007603395
20060321,-0.00976,0.015717416,0.010812963,0.006310913,-0.001457282,-0.010760087,0.005686913,8.63,-0.01452397,0,0.002,0,0.002364405
20060322,-0.02314,-0.007827829,0.012268329,-0.004352552,-0.010471293,0.004528822,-0.01699387,8.64,-0.035921501,0,0.0052,0,-0.00656977
20060327,0.00133,-0.0099768,0.012703467,0.008463376,-0.009879792,0.007008977,-0.015228721,8.64,0.02384223,0,-0.0011,0,-0.00079707
20060328,0.00331,-0.008053735,-0.020944715,-0.012388812,0.007954459,-0.005357775,-0.005642484,8.61,0.010416751,0,0.0042,0,-0.005874723
20060331,0,0.009174383,-0.015895985,0.001597172,0.003705981,0.000545235,-0.006176461,8.61,-0.015679707,0,0.0008,0,-0.001007096
20060401,0.0163,0.023648532,0.05766191,0.01800546,-0.009870908,0.021620731,0.001029158,7.63,0.020436032,0,0.0009,0,0.018342126
20060404,0.01626,-0.012365934,-0.019769976,-0.002070399,0,4.25E-05,-0.010278605,8.64,-0.03787325,0,0.0026,0,-0.004026059
20060405,0.00445,0.009983454,0.004344456,-0.001419249,-0.002864746,0.012978984,-0.000657894,8.68,-0.010901585,0,0.0014,0,0.003830715
20060408,0.02219,0.029815082,0.003915455,0.01321795,0.013363238,0.014892083,0.017026612,9.49,-0.008333374,0,-0.0025,0,0.016345774
20060410,0.01322,0.022340723,0.002993071,0.023945953,0.010071006,0.015806082,0.00986426,9.14,-0.031537894,0,0.0013,0,0.014034442
20060412,0.00339,0.007481332,-0.0178336,-0.026733466,0.033342331,0.01220865,0.004464634,9.12,-0.03757544,0,0.0013,0,0.002331412
20060413,0.00829,0.000680507,-0.023546941,-0.007773331,0.001857408,-0.010628605,0.000169503,8.65,-0.030233019,0,0.0013,0,-0.004421637
20060418,0.01887,-0.008196767,-0.008677702,0.003893191,-0.000825089,0.007132125,-0.013995793,8.58,-0.098494923,0,-0.0024,0,-0.000257148
20060419,0.01974,0.015651898,-0.007278285,-0.002656777,0.025266221,0.001233533,0.010600202,8.58,-0.007042276,0,-0.0007,0,0.008936685
20060501,0.01528,-0.002836872,-0.02285283,0.00484054,-0.001055863,0.009564168,-0.020262185,7.63,-0.00529097,0,0.0011,0,-0.00247472
20060504,0.01537,0.012365934,-0.006113673,-0.013749405,0,0.023581778,0.020289358,8.63,-0.00089809,0,-0.0009,0,0.007391999
20060505,0.01262,0.019023194,-0.002974285,-0.00427774,0.024292711,-0.017511815,0.004432411,8.68,-0.020443623,0,-0.0001,0,0.005086354
20060507,-0.01658,-0.007292054,-0.04169105,-0.005323406,-0.00022344,-0.013134744,-0.031874545,8.96,0.080926449,0,0.0072,0,-0.016588463
20060509,0.0019,-0.007138638,0.00679113,-0.008668005,0.017446561,0.00777925,-0.000478815,9.23,0.054507194,0,-0.0002,0,0.002518783
20060510,0.01674,0.007529723,-0.003248773,-0.015391141,0.023245099,0.02449567,0.008720549,9.11,0.01006719,0,-0.0012,0,0.008870161
20060512,-0.0353,0.011118082,0.001483885,0.001483885,-0.012815051,0.013141323,0.008260718,9.03,0.003555641,0,-0.0019,0,-0.00180388
20060515,-0.00337,-0.022547381,-0.019637178,-0.002911134,-0.037406755,-0.035215663,-0.033786998,8.57,-0.04467601,0,0.0177,0,-0.022125016
20060516,0.00941,0.010010104,0.001122587,-0.009485268,-0.007145879,-0.047580768,0.017357885,8.57,-0.016345038,0,-0.0109,0,-0.003758763
20060517,-0.0086,-0.044119816,0.008288991,0.013447313,-0.008685576,-0.018496949,-0.033690841,8.57,0.197191705,0,0.0006,0,-0.013122411
20060518,-0.03071,-0.00277971,-0.016773367,-0.010942447,-0.005333343,0.001320992,0.001828003,8.56,0.043916804,0,0.0076,0,-0.009055696
20060519,0.00873,0.038899483,0.011906647,0.006075726,0.002350173,-0.02201198,0.031380249,8.56,0.011121012,0,-0.0045,0,0.011047185
20060522,-0.0334,-0.023020658,-0.045117278,-0.031710911,-0.067074109,-0.035045936,-0.06172136,8.56,0.030947972,0,0.0089,0,-0.042441465
20060523,0.02272,0.018324228,-0.093858488,-0.03822819,0.048116185,-0.003242849,0.00869052,8.56,0.030018981,0,-0.0032,0,-0.005354085
20060524,-0.02873,-0.011498256,0.035756021,0.031021306,-0.044471529,-0.039769232,0.00033927,8.59,-0.050544143,0,0.0027,0,-0.008193203
20060526,0.02405,0.011928578,0.070199482,0.037431985,0.041640209,0.034864394,0.001838083,8.59,-0.083381593,0,-0.0088,0,0.031707533
20060530,-0.01692,-0.015369494,-0.027646568,-0.020169945,-0.018754003,-0.01347662,-0.027648427,8.58,0.268923756,0,0.0027,0,-0.019997865
20060531,-0.02131,-0.019721826,0.005195803,0.004687729,-0.009398147,-0.004454799,0.016108871,8.59,-0.126664765,0,0.0026,0,-0.004127481
20060602,0.01826,-0.020718968,0.053308569,-0.002261274,0.012793339,0.013438772,0.008202366,7.78,0.00615386,0,-0.0022,0,0.011860401
20060604,0.02571,0.000646611,-0.005398395,-0.006265243,0.023578734,0.012017817,0.002446385,8.64,0.028345538,0,-0.0018,0,0.007533701
20060606,-0.03843,-0.021521132,-0.015140716,-0.003019355,-0.053622005,0.000355723,-0.023167053,8.61,0.040605787,0,-0.0007,0,-0.022077791
20060607,-0.02326,0.01387535,0.014759287,0.015102261,0.018377582,0.015368594,0.011844324,8.99,-0.035975103,0,0.0029,0,0.0094382
20060610,0.00552,0.002881019,-0.006843175,-0.005071579,-0.005007519,0.01012968,0.000149687,9.11,-0.035687655,0,-0.0039,0,0.000251159
20060611,0.01028,0.015357662,-0.00302447,-0.007158995,0.01090032,0.012550383,0.005047037,9.19,0,0,-0.0015,0,0.006278848
20060612,-0.00088,-0.003692306,-0.006993714,0.023183551,0.019248191,0.004162451,-0.003051576,9,0.0053097,0,0.0025,0,0.004568085
20060613,-0.01265,-0.03432246,-0.010000006,-0.009381377,-0.032869665,-0.015244273,-0.024271331,8.62,0.127489822,0,0.002,0,-0.019819873
20060614,-0.00852,0.005925943,-0.008895568,0.009655719,0.040029581,-0.023440645,-0.004281899,8.62,-0.103914944,0,-0.0026,0,0.001496162
20060616,-0.02532,0.007127607,-0.006346299,-0.005637691,-0.013165961,0.052099348,-0.011524491,8.61,0.081493058,0,0.0005,0,-0.000395355
20060619,-0.00514,0.011299555,-0.01288646,-0.00561142,0.019093657,-0.02077809,0.016719302,8.61,0.033070284,0,0.0001,0,0.000385221
20060620,-0.00828,0.009783453,0.006534884,0.005774525,0.006832401,0.009046286,0.024734741,8.62,-0.066072658,0,0.0016,0,0.007775184
20060621,-0.03598,0,-0.037797141,-0.012230607,-0.004471107,-0.0012908,0.005879895,8.65,-0.072680225,0,0.0179,0,-0.012269966
20060622,0.02343,0.00968865,-0.006852273,-0.000163285,0.002590976,0.012856939,0.013972285,8.65,0.022930919,0,-0.0007,0,0.007931899
20060623,0,0,-0.014873289,-0.014873289,0.00399109,-0.003088671,0.004285486,8.65,0.000629539,0,0.0147,0,-0.003508382
20060626,-0.01058,0.000688472,-0.028023619,0.006109387,0.000468497,0.024092637,-0.013578617,8.87,-0.017137865,0,-0.007,0,-0.002974749
20060627,0,-0.01455832,-0.02265418,0.005516697,0.000468254,0.02709354,-0.020209513,8.9,0.048729174,0,-0.0053,0,-0.003477646
20060628,-0.01609,0.002092777,0.04563768,0.026401704,-0.024166055,0.016881543,0.003905265,8.96,-0.037904486,0,-0.0037,1.25,0.007808988
20060629,0.01927,0.024777592,0.030154281,0.023032418,0.027671143,-0.015860165,0.025432189,8.96,-0.192122455,0,-0.0006,0,0.019211065
20060630,0.03235,0.017520671,0.081905187,0.049373203,0.026017362,0.027442425,0.011498154,8.96,0.00382997,0,-0.0001,0,0.035158143
20060702,-0.00268,0.022085091,0.049469704,0.01646339,0.01053752,-0.006877509,-0.015607895,7.91,0.041312686,0,-0.004,0,0.010484329
20060703,-0.02393,-0.005745863,-0.015859751,-0.006593433,-0.024232306,-0.007259761,-0.021632431,8.66,-0.006299228,0,0.0027,0,-0.015036221
20060704,0.01536,-0.025533299,0.034613633,0.011810737,-0.009774045,0.003068008,-0.024904399,8.64,0.068352236,0,-0.0026,0,0.000662948
20060706,0.04365,0.010471296,-0.009744665,-0.003076753,-0.003434465,0.002145101,0.017894487,8.61,0.026182434,0,-0.0018,0,0.008272143
20060707,0.00852,0.001311482,0.04544742,0.022247535,-0.023305899,-0.009536664,-0.003155886,8.99,0.023172699,0,-0.0024,0,0.00593257
20060708,0.01984,-0.021479025,0.006499851,-0.008500665,-0.004434585,-0.005613044,-0.011374063,9.46,0.060214291,0,-0.0024,0,-0.003580219
20060711,0.01186,0.013391755,-0.011171585,0.004494532,-0.020965924,0.016869714,0.005021697,9.19,-0.006292128,0,-0.002,0,0.002785741
20060712,0.00786,0.002463055,0.006954105,-0.008260242,0.001385514,0.014504628,0.00594197,9,0.111782932,0,-0.0024,0,0.004407004
20060713,-0.03077,-0.024081431,-0.023677215,-0.014265087,-0.009575975,-0.022122184,-0.023786377,9.02,0.205177813,0,0.0034,0,-0.02118261
20060714,-0.00104,-0.025369893,-0.019039663,-0.027881945,-0.011289157,0.006261988,-0.007247657,9.02,0.014509089,0,0.0013,0,-0.012229475
20060717,-0.03071,-0.009068779,0.023335747,0.035035993,-0.010949427,-0.003383946,-0.010095822,8.99,0.032164134,0,0.0019,0,-0.000833748
20060718,0.00643,-0.00773834,0.044944404,0.011610576,-0.002345235,0.0131938,0.0064522,8.96,-0.049487813,0,-0.0025,0,0.010363915
20060719,0.00426,0.027169902,-0.03034328,-0.027461842,0.020911558,0.014688368,0.026077992,8.96,-0.131761313,0,0.0013,0,0.005043243
20060720,0.02001,0.003430539,0.007024573,0.016156935,0.009383294,0.019770533,-0.010212855,8.99,0.041567628,0,-0.0081,0,0.009366146
20060721,-0.00104,-0.005494519,-0.003694843,-0.031346457,-0.029825365,0.005344337,-0.00738391,8.99,0.070841905,0,0.0036,0,-0.010491537
20060724,-0.01261,0.02449102,0.003032706,0.003032706,0.025259136,0.008856234,0.016919144,9.05,-0.149754237,0,-0.0034,0,0.009854421
20060725,0.00527,0.004024157,-0.001680108,0.013738614,0.013636585,0.005650061,-0.002885025,9.11,-0.008716057,0,-0.0049,0,0.005393469
20060726,0.04623,0.00066911,-0.007827051,-0.01097568,0.020112402,0.00919121,0.007450082,9.27,-0.015609444,0,-0.0019,0,0.009264296
20060727,0.0287,0.023141539,0.020998989,0.00264985,-0.004434585,-0.019504368,0.009068073,9.46,0.021651705,0,0.0015,0,0.008659928
20060728,-0.01772,0.011696033,0.011612951,0.008867108,0.004434585,-0.016949275,0.006830515,9.49,-0.041686915,0,0.0001,0,0.001253131
20060731,-0.00398,-0.015625318,0.019277131,0.001472507,-0.000885354,0.011509959,0.000332005,9.36,0.042356051,0,-0.0009,0,0.001728704
20060802,-0.00404,-0.017212125,-0.030416538,-0.01315858,0.011464431,0.000526564,-0.004678172,8.03,-0.057548067,0,-0.0011,0,-0.008216346
20060803,-0.01394,-0.002730377,0.013766477,-0.002233864,-0.0147838,-0.028182405,0.008608373,8.66,-0.027223471,0,0.002,0,-0.005642228
20060805,0.01802,0.0032436,-0.006521904,0.027249035,0.016857102,-0.007921988,0.018661803,8.68,0.032178908,0,-0.0029,0,0.009941093
20060806,-0.01047,-0.032465794,-0.028411035,-0.009043748,-0.037387528,-0.02176184,-0.019632111,8.61,0.030431181,0,0.0007,0,-0.022738865
20060808,-0.02943,0.012690526,-0.013650768,-0.011611689,0.01302589,-0.025783993,0.009897804,9.46,0,0,0.0023,0,-0.00640889
20060811,0.00672,0.000578205,-0.019372216,-0.041556567,0.017220592,0.005602152,0.000303536,9.19,-0.031138061,0,0.0011,0,-0.004357757
20060814,0.01145,0.012300278,-0.002950736,-0.002950736,0.009457899,0.003557653,0.009429431,9.49,-0.00280112,0,0.0039,0,0.005756256
20060816,0.01973,0.005390852,0.006724275,0.000927157,0.026143866,0.003312526,0.017960715,9.42,-0.07824355,0,-0.0009,0,0.011455627
20060817,-0.01217,0.001790508,0.009777223,-0.011106774,-0.005989324,-0.004764088,0.010906614,9.33,-0.013793329,0,-0.0018,0,-0.001650834
20060818,0.00657,-0.007782144,-0.011347536,0.00953646,-0.002362816,-0.010675544,-0.007733013,9.33,-0.050261787,0,0.0034,0,-0.003399228
20060821,0.00094,-0.01819334,-6.02E-05,-0.009449801,-0.006472497,0.001436769,-0.0058791,9.3,0.048626504,0,0.0001,0,-0.005382593
20060822,0,0.008531429,-0.001938203,0.007451414,-0.006514686,0.014700828,0.004769484,9.24,-0.002458067,0,0.0005,0,0.003857181
20060823,-0.00094,-0.017136282,-0.011457636,-0.009219215,-0.0026178,-0.002948753,-0.011485209,9.21,0.017080533,0,0.0002,0,-0.007972128
20060824,0.00094,0.014097687,-0.01241412,-0.000649278,-0.00481719,-0.01011318,-0.004180071,9.21,0,0,0.0005,0,-0.002448022
20060825,-0.01317,0.004251458,0.014443039,0.002678198,0.006563144,0.004775846,-0.018537117,9.17,-0.007284468,0,-0.0006,0,0.00014351
20060828,-0.01239,0.003629762,0.002918781,0.002918781,0.000871846,0.008466236,0.010936208,9.17,-0.010616687,0,-0.0041,0,0.002478802
20060829,-0.00288,0.008418577,-0.006912124,-0.016390972,0.010834335,0.013566446,0.004373537,9.17,0.008176614,0,0.003,0,0.001572828
20060830,-0.01453,0.001794792,0.000628793,0.010107641,0.014973546,0.026248846,0.006123124,9.23,-0.004897925,0,0.0023,0,0.006478106
20060831,0.0126,-0.008403417,-0.00512455,0.000740569,0.002120886,-0.006848792,0,9.23,0.007337999,0,-0.0015,0,-0.000702186
20060901,-0.00304,0.007765665,0.030351724,0.026001209,-0.00381032,-0.005447499,0.00156699,7.56,0.011748903,0,-0.0057,0,0.007626824
20060902,0.01141,0.035474382,0.030417272,0.023311687,0.02254192,0.007240096,0.02181655,8.6,0.022351602,0,-0.0094,0,0.021744558
20060903,0.02426,-0.004796169,-0.039344036,-0.015209607,0.006574072,0.006531486,0.006199234,8.66,0.02880204,0,-0.001,0,-0.002255003
20060905,-0.01489,0.006455807,-0.006360857,-0.000529936,-0.00631289,0.000245571,0.010714099,8.61,-0.0008337,0,0.0015,0,-0.001525458
20060906,0.00525,0.013537788,0.001619767,-0.004045896,-0.006449324,-0.037135968,0.018949751,8.61,-0.012613248,0,-0.0004,0,-0.001181983
20060908,0.02003,0.013153954,0.004354922,0.023047034,0.011775103,0.017207671,-0.001971737,9.46,-0.001971722,0,-0.0032,0,0.01251385
20060910,0.00822,-0.001727622,0.003255948,-0.005633096,0.0052073,-0.004490959,0.000299317,9.11,0.010327104,0,-0.0026,0,0.000732984
20060911,0.00418,-0.006378691,0.02288331,0.039818306,0.013047719,-0.019395601,-0.001670591,9.18,0.023898217,0,-0.0011,0,0.007497779
20060913,0.00477,0.001209928,0.009749067,0.003918147,-0.002143618,0.032136124,0.008596043,9.24,-0.064091173,0,-0.004,0,0.008319384
20060914,-0.00861,0,0.018568537,-0.008575365,0.022282084,-0.002367573,0.00694996,9.24,0.032558958,0,0.0007,0,0.004035378
20060915,0.00288,0.0048251,0.108873031,0.010511851,-0.005049448,-0.005317806,0.006589291,9.24,0.018018508,0,-0.0037,0,0.017616003
20060929,-0.00285,0.001179251,0.002871347,0.02191952,-0.011944678,0.006072016,0,9.18,0.021941748,0,-0.002,0,0.002463922
20061001,0.01883,-0.002111944,-0.000630037,-0.001398668,-0.007450819,-0.004064542,0.007970934,7.56,-0.024557893,0,-0.005,0,0.001592132
20061002,0.00797,-0.006724973,0.009013556,0.003924487,-0.000810851,-0.003665445,-0.015411264,8.57,-0.019238762,0,-0.0027,0,-0.000814927
20061003,0.02703,0.012965037,-0.031988042,-0.004131088,-0.003387663,-0.018461006,0.007985399,8.66,-0.067698073,0,0.0031,0,-0.001426766
20061004,-0.0098,0.001325388,0.027791733,-0.001028706,-0.006363571,0.006641366,0.011457163,8.64,-0.00572604,0,-0.0011,0,0.004289053
20061005,-0.0202,-0.003222694,0.001052165,-0.010644135,0.005722761,-0.010123776,0.007447938,8.63,-0.017669794,0,0.0003,0,-0.004281106
20061007,0.01055,0.005880438,-0.026201429,0.015347555,-0.002923649,0.016735065,-0.000998667,8.99,0.003572722,0,0.0007,0,0.002627045
20061008,-0.01331,-0.004365454,0.008993561,-0.002435134,-0.013751164,0.002829886,0.002135876,9.49,-0.049909196,0,0.0007,0,-0.002843204
20061010,0.00273,0.002877703,-0.012175855,-0.010449118,0.037829112,-0.004527945,0.004180978,9.11,-0.013793309,0,-0.0004,0,0.002923554
20061011,0.01407,0.001743689,0.008638666,0.0075244,0.004618943,-0.024195061,-0.000608179,9.18,-0.020184196,0,0.001,0,0.001684637
20061013,-0.00175,-0.009711578,0.002264283,0.002264283,0.017143819,0.016343144,-0.000894587,9.1,-0.031138061,0,-0.0017,0,0.003665623
20061016,0.00262,-0.010386712,0.002800403,0.006491898,0.000763656,-0.009524421,0.003573561,9.13,0.031138061,0,-0.0008,0,-0.000523088
20061017,-0.01139,-0.018145066,0.010241454,-0.009198397,0,0.006370446,-0.022091217,9.1,0.056105809,0,0.0035,0,-0.006316111
20061018,-0.00088,0.019304492,0.000786354,-0.031807516,0.006657173,-0.000809781,0.006663665,9.1,-0.033813312,0,0.0023,0,-1.22E-05
20061019,0,0.002314816,-0.002944426,0.020599509,-0.003798665,0.012646631,-0.008032176,9.1,-0.039573558,0,-0.0016,0,0.002969384
20061020,0.01488,-0.002894361,-0.003935789,0.001286155,0.00814939,0.013706714,-0.000152169,9.11,-0.025082551,0,-0.0009,0,0.004434277
20061023,0,0.010954272,-0.001938333,-0.007160277,0.006021835,-0.01203586,0.007882413,9.11,0.041461471,0,0.0066,0,0.000532007
20061024,0.00433,-0.006327312,-0.002721936,-0.006632355,0.015821648,0.001124611,-0.004539959,9.13,-0.027449134,0,0,0,0.000150671
20061025,-0.00607,-0.002310804,0.008136931,0.002914987,0.015575217,0.028352473,-0.012822647,9.13,-0.011194136,0,-0.0059,0,0.004825165
20061027,-0.01047,-0.00518584,-0.02496896,-0.013242541,-0.020573839,-0.000945514,0.002607963,9.13,0.022472834,0,0.0025,0,-0.010396962
20061030,0.00263,-0.010453051,0.013909479,0.016510241,-0.001485877,-0.002072871,-0.00153327,9.14,0.036367609,0,0.0022,0,0.002500664
20061031,-0.00263,0.005820732,0.01243334,0.020089038,-0.008399496,0.004196812,-0.003227543,9.19,-0.008968619,0,-0.0015,0,0.004040412
20061101,0.03447,0.013300864,0.018317056,0.027063998,-0.017024435,0.01043167,0.03326851,7.56,0.007339476,0,-0.0038,0,0.017118238
20061104,-0.01865,-0.024808517,0.031072868,0.003059832,-0.001442545,-0.018254252,-0.037683184,8.64,0.064333448,0,-0.0026,0,-0.0095294
20061105,-0.01348,0.007076257,0.001379363,0.012490442,-0.00137837,0.015643164,0.004410846,8.59,0.05852515,0,-0.0002,0,0.003734529
20061107,0.0218,-0.01642072,-0.000557321,-0.021738003,-0.017036176,-0.007346502,-0.013580558,8.99,-0.064823875,0,-0.0061,0,-0.007839897
20061108,-0.00287,0.009950331,-0.018865421,-0.020365132,-0.005509652,0.006505776,0.004748267,9.49,-0.011126669,0,0.0012,0,-0.003772262
20061109,-0.01263,-0.005472805,-0.01649438,0.000998777,-0.010959597,-0.0011563,0.004184781,9.21,-0.013002101,0,-0.0024,0,-0.005932789
20061110,0.02332,-0.006341904,0.004034157,0.013002709,-0.017462602,0.026015492,-0.003134096,9.16,0.008643047,0,0.0001,0,0.005633394
20061112,-0.00535,0.004944386,-0.007109463,0.008231584,-0.008342063,-0.012421143,0.006827001,8.96,-0.119545122,0,-0.0001,0,-0.001888528
20061113,0.009,0.008673078,-0.020404126,-0.018153065,-0.006472507,-0.020707322,0.001823429,9.18,0.006466507,0,-0.0001,0,-0.006605788
20061114,0.00568,-0.004038076,0.013664962,-0.015909624,0,-0.029635367,-0.00060744,9.18,-0.033711026,0,-0.0024,0,-0.004406506
20061115,0.00404,-0.003474242,-0.006085671,-0.010498332,0.012903408,-0.011475884,0.013129295,9.14,-0.018260918,0,-0.0013,0,-0.000208775
20061116,-0.01872,-0.020510531,-0.013920975,-0.017613971,0.003656301,0.008931049,-0.002551979,9.11,-0.014655912,0,-0.0021,0,-0.008675729
20061117,-0.01157,-0.009518216,0.037469766,-0.009229976,0.021661494,0.018662595,-0.00135369,9.11,-0.010885774,0,0,0,0.006588853
20061120,-0.01508,0.004770432,-0.016399153,0.038406244,-0.011675028,0.004030634,0.00345579,9.16,-0.007992043,0,-0.0001,0,0.001072703
20061121,0.01591,0,-0.005699638,-0.010112299,0.003606866,0.009542601,0.002397007,9.19,-0.007045892,0,-0.0004,0,0.002234934
20061122,0.01974,0.001783058,-0.013381972,-0.002799863,0.017664824,0.012512663,-0.000149647,9.16,0.023953313,0,0.0033,0,0.005052723
20061124,-0.00567,-0.008398376,-0.000694571,-0.000694571,-0.023873584,-0.02401549,-0.007810194,9.13,0.056555482,0,-0.0007,0,-0.010165255
20061127,-0.00489,-0.025626777,0.018093278,0.021870264,-0.013181277,0.003340558,-0.014734067,9.12,0.136555764,0,-0.0022,0,-0.002161146
20061128,-0.03067,0.00308546,-0.010693375,-0.000166962,-0.009576654,-0.008707581,0,9.12,-0.056871536,0,-0.002,0,-0.008104159
20061129,0.02,0.012856011,0.001300313,-0.013003086,0.03685945,0.011868508,0.001987313,9.12,-0.070407688,0,-0.0023,0,0.01026693
20061130,-0.02676,-0.010394472,0.01995708,0.019227375,0.000363639,0.014026217,-0.004592079,9.12,0.007359732,0,-0.0092,0,0.00168968
20061201,-0.00072,0.015867881,0.0175602,0.005435478,0.002171076,-0.001170542,-0.015139061,7.5,0.023488003,0,0.0011,0,0.00342929
20061204,-0.02028,-0.00271924,-0.009029907,0.00890754,-0.0016512,-0.005017529,0.011251402,8.65,-0.018634062,0,-0.0007,0,-0.002648419
20061205,-0.0409,-0.022691408,0.001587045,-0.004531144,-0.0235258,-0.009268145,-0.006465365,8.57,0.127609156,0,0.007,0,-0.015113545
20061207,0.01629,0.001984781,-0.019406169,0.016903512,0.009575975,0.001478641,0.005387218,9.02,0.097797701,0,0.0027,0,0.004601994
20061209,0.02128,0.007290433,0.005394752,-0.010226414,0.009034265,-0.023527933,0.004647069,9.21,-0.085962145,0,0.0009,0,0.001984596
20061210,0.0167,0.017202253,0.013404878,-0.011564015,0.007410326,0.006466905,0.002985079,9.1,-0.046683926,0,0.0003,0,0.007515061
20061212,0.02384,0,-0.024709272,-0.012800678,0.000697824,-0.002106522,-0.000151208,8.9,-0.005618032,0,0.0015,0,-0.002175694
20061213,0.04187,0.010426335,0.007640302,-0.002882072,0.005044808,0.022019758,0.006481295,8.86,-0.045134815,0,-0.0035,0,0.012942918
20061214,-0.02114,0.013333537,0.017891833,0.001542695,0.00639974,0.004778284,0.001801265,8.66,-0.02084443,0,0.0031,0,0.003515336
20061215,0.01189,0.001203363,-0.033836526,-0.000866507,0.01709444,0.001688278,0.001947707,8.63,0.007992043,0,-0.0011,0,-0.000125606
20061218,-0.01446,0,0.006443166,-0.014317844,-0.004927376,-0.007394019,-0.001647812,8.56,0.053281384,0,-0.0018,0,-0.005186269
20061219,-0.01034,-0.013926955,0.031837405,0.034591313,-0.012167064,-0.023010812,-0.002702301,8.53,-0.028710123,0,-0.0021,0,0.000611655
20070102,0.01128,0.00756918,0.012972313,0.017634429,0.014304974,-0.004636073,0.0089737,8.41,-0.010612705,0,-0.0053,0,0.00972836
20070103,-0.05741,-0.007119275,0.003309693,0.007865238,0.006035888,-0.015463401,-0.014668078,7.84,0.02560957,0,-0.0006,0,-0.011064276
20070106,0.00762,0.014312702,-0.005078008,0.025296285,0.011935354,0.023456323,-0.011242548,7.69,-0.02090672,0,0.0005,0,0.009471444
20070108,-0.02758,-0.013302319,-0.028887693,-0.033848514,-0.020949841,-0.022121701,-0.024529227,7.06,0.006357284,0,0.0053,0,-0.024459899
20070110,0.01058,0.015901055,-0.007693348,0.018844409,0.014856353,0.008926544,0.018494584,7.59,-0.008928622,0,0.0062,0,0.011415657
20070116,-0.00556,-0.005280156,-0.015380466,-0.000565381,-0.009365757,0.010563149,0.00114025,7.25,0.0565014,0,-0.0011,0,-0.003492623
20070117,-0.02012,-0.013025637,0.006762396,-0.012800692,-0.004114523,-0.006169813,-0.00872743,7.63,-0.014064894,0,0.0023,0,-0.008313671
20070118,0.01693,-0.0035821,-0.012506019,-0.007373453,-0.001375272,0.027966818,0.002869851,7.69,0.024254941,0,-0.0024,0,0.003275689
20070119,0.00319,0.01070802,0.023328865,0.003526237,0.002920198,-0.007145219,0.013803138,7.84,-0.042359346,0,-0.0019,0,0.007190177
20070122,0.01267,-0.016105338,0.009798816,0.019460704,0.007689065,-0.019385055,-0.008372998,8.13,0.034958764,0,-0.0015,0,0.000822171
20070125,-0.01507,-0.00295247,-0.010874241,0.00365386,0.00600702,-0.023734148,0.004845974,8.06,0.126173744,0,-0.0002,0,-0.005446286
20070126,0.00399,-0.017298364,-0.009837593,-0.004947608,-0.025441523,0.004944677,-0.012229164,8.13,-0.008053748,0,0.0042,0,-0.008688511
20070129,0.00714,0.01255621,0.016744793,-0.002673293,0.008327002,0.019165394,0.004325083,8.13,0.028345538,0,-0.0018,0,0.009369313
20070130,-0.01754,0.01650008,0.02356167,-0.009582032,0.004390432,-0.000443451,0.000695847,8.16,-0.043737428,0,0.0022,0,0.002511792
20070131,-0.00727,0,0.009102073,0.009145827,0.005712373,0.07132714,-0.012318185,8.16,-0.050525241,0,-0.0011,0,0.010814175
20070202,0.0016,0.008087861,0.016476428,-0.001872711,0.007240434,-0.012419609,0.013173596,8.31,-0.022561084,0,0.0003,0,0.004612286
20070203,-0.00547,-0.014263005,-0.052580992,-0.024666407,0.012313245,0.04611533,-0.006102899,7.91,0.16242416,0,-0.0002,0,-0.006379247
20070204,-0.01702,-0.002689379,-0.005592809,-0.01989038,0.002398494,0.007223448,-0.002810966,7.88,-0.007542073,0,-0.0013,0,-0.005483085
20070207,0.01364,-0.011496343,-0.016486361,-0.006729659,-0.002251667,0.013873746,-0.004081333,7.67,-0.052493869,0,-0.0032,0,-0.001933088
20070208,-0.01241,0.014158436,0.010068996,0.008113522,0.014257228,0.001298996,0.019735354,7.06,-0.109264326,0,0,0,0.007888933
20070210,0.00726,0.024701994,0.009275855,0.009063912,0.031748697,0.004362655,0.02488414,7.59,0.035786897,0,-0.0005,0,0.015899608
20070211,0.00157,-0.020482316,-0.006734738,0.002660443,-0.039892371,-0.029588195,0.000710984,7.88,-0.008654267,0,0.0024,0,-0.013108028
20070213,0.00912,0.006952519,-0.031484814,-0.011991464,0.007144104,0.032253738,0.006247851,7.84,-0.115846882,0,-0.0013,0,0.002605991
20070214,0.01637,0.004608303,0.040294214,0.011411123,0.016473734,0.001786511,0.008132931,7.69,-0.010695349,0,-0.0011,0,0.014153831
20070215,0.00243,-0.038669135,0.012018607,0.002716214,0.00614977,-0.026810016,-0.00371364,7.78,-0.000977924,0,-0.0016,0,-0.006554029
20070216,-0.00406,-0.006592781,0.004209042,0.008722459,-0.025169115,0.002740602,-0.001792981,7.72,-0.01976347,0,-0.0009,0,-0.003134682
20070220,0.00162,-0.002533327,0.007779071,-0.010403127,-0.010058751,-0.024312874,0.004013566,7.66,0.021718456,0,0.0017,0,-0.004842206
20070221,-0.00244,-0.006908698,0.013073023,0.008782366,-0.014425372,0.009965783,-0.004707193,7.66,-0.003913896,0,-0.0003,0,0.00047713
20070228,-0.02039,-0.017704023,-0.060829373,-0.039639285,-0.009569451,-0.032914869,-0.013188877,7.84,-0.171781956,0,0.0027,0,-0.027747983
20070301,0.02543,0.008815805,0.083868708,0.073665759,0.015709294,0.019587746,0.012119589,8.59,0.040683537,0,-0.0069,0,0.034170986
20070304,0.00855,0.011094934,0.007966604,0.012785326,0.000684234,0.022938168,0.014808879,7.88,-0.076493132,0,-0.0022,0,0.011261164
20070307,0.00843,0.01251439,-0.008928855,0.000697665,0.020424632,0.010417861,0.01503336,7.61,-0.031664885,0,0.0036,0,0.008369865
20070308,-0.02359,-0.016517073,0.019977763,0.017889259,-0.012785566,-0.003186981,-0.007072845,7.06,0.170311325,0,-0.0031,0,-0.003612206
20070310,-0.00161,0.007727822,0.002710872,0.009994125,0.005342848,-0.021588827,0.003822879,7.69,0.016626796,0,0.0022,0,0.000914246
20070312,0.00515,-0.024005877,-0.000415377,-0.008783627,0.002012068,-0.013604161,-0.000515422,8.16,0.031844332,0,0.0033,0,-0.005737485
20070313,-0.00813,-0.017510927,-0.005189413,-0.000633597,-0.002395621,-0.006226616,-0.019641775,7.94,0.259225206,0,0.0007,0,-0.008532564
20070314,-0.03509,-0.035041025,-0.093429391,-0.002675027,-0.032207513,-0.010691551,-0.031051338,7.94,-0.04859706,0,0.0024,0,-0.034312264
20070315,-0.00377,0.015392001,0.051655004,0.002864839,0.004061111,0.006785491,0.017537619,8.25,-0.049861968,0,-0.0028,0,0.013503724
20070316,0.02974,-0.005235614,0.001959365,0.011176121,-0.006186509,-0.006205773,0.009328987,8.34,0.021674575,0,-0.0024,0,0.004939511
20070319,0.0073,0.023347364,0.003403905,0.008177184,0.022614699,0.004859988,0.02104405,8.41,-0.140447153,0,-0.0084,0,0.012963884
20070320,0.01802,0.005497683,0.013001349,0.007881689,0.00535915,-0.000480329,-0.000880281,8.53,-0.09483049,0,0.0014,0,0.00691418
20070321,0.00623,-0.008065078,-0.00958456,-0.000534625,0.006187725,0.016508349,-0.001027977,8.53,-0.084889974,0,0.0036,0,0.001387691
20070322,0.02627,0.027885203,0.024687343,-0.012187087,0.02303625,0.005594302,0.047628049,8.41,0.058934307,0,0,0,0.020416294
20070323,0.01459,-0.006898738,0.019552335,-0.003331959,0.004677591,0.007570989,-0.003367953,8.38,0.001545557,0,0.0034,0,0.004684609
20070326,-0.00341,-0.01841907,-0.012707999,-0.008257116,0.001332438,-0.008069909,-0.01801339,8.41,0.016086141,0,-0.0011,0,-0.009649292
20070327,-0.0216,0.003583321,-0.004555381,-0.009260167,-0.026479321,-0.000324489,0.010393767,7.91,0.024025157,0,0.001,-1.25,-0.006891753
20070328,-0.00877,-0.013374688,-0.019628704,-0.019891981,-0.009617112,0.006894489,-0.01110964,7.94,0.105508876,0,0.0024,0,-0.010785377
20070329,0.03378,0.008380121,-0.00377653,0.019797826,0.009617112,0.000624156,0.017885501,7.94,0.010624323,0,-0.0018,0,0.012329741
20070330,0.00933,0.003844181,-0.000358189,-0.005019665,-0.003595596,0.00720621,0.002388816,7.88,-0.033582739,0,-0.0032,0,0.001970822
20070401,0.01247,-0.002343293,0.003436395,-0.035051731,0,-0.02159669,-0.002615902,8.25,-0.045018194,0,0.0069,0,-0.006528746
20070404,0.0017,0.006699129,0.000679281,-0.008890044,0.012236732,0.003059617,-0.012699915,7.88,-0.016479794,0,-0.0021,0,0.000397829
20070405,0.0018,0.011951408,0.012817791,-0.013392567,-0.009148246,0.004804014,-0.002111095,8.66,-0.013846399,0,0.0032,0,0.000960186
20070406,-0.00507,-0.011654891,-0.006607741,0.020848699,0.002539148,-0.011547191,-0.009027434,7.68,0.039130442,0,-0.002,0,-0.002931344
20070409,-0.00593,0.011948503,-0.005403814,-0.001457075,0.035291297,-0.004194804,0.002696488,7.09,-0.025997932,0,0.012,0,0.004707228
20070410,0.00402,0.007545339,0.001287197,-0.00797467,0.028886038,-0.000622774,-0.002228233,7.69,-0.019334582,0,0.001,0,0.004416128
20070412,-0.00946,-0.017680605,-0.012680938,-0.016838948,-0.047333939,-0.001535931,-0.015412892,8.16,0.007594986,0,0.0171,0,-0.017277608
20070413,0.00423,0.009173235,0.001521365,0.010823861,0.003200549,0.019846959,0.005665738,7.68,-0.040953152,0,-0.0002,0,0.007780244
20070416,0.02995,0.028225713,0.05319966,0.011830919,0.014691408,0.002085524,0.013413833,7.74,-0.018197382,0,-0.0021,0,0.021913865
20070417,-0.00164,-0.000840076,0.009534245,0.009737977,-0.004318225,0.008551572,0.007180142,7.68,0.013267259,0,-0.0024,0,0.004029376
20070424,-0.0226,-0.006335827,-0.009644709,-0.019373084,-0.010033536,-0.002417904,-0.00187693,7.76,0.006116221,0,-0.0004,0,-0.010325999
20070501,0.01721,-0.013581546,0.034504746,0.009672644,-0.030992163,0.010495548,-0.008035691,8.31,0.053289571,0,-0.0006,0,0.002753363
20070502,0.00399,-0.001151417,-0.014917079,0.003432059,-0.011377797,0.01514059,0.01544696,8.41,0.045572623,0,-0.0009,0,0.001509045
20070503,-0.01752,0.002197659,-0.053450101,-0.057067682,0.006100247,-0.042583168,-0.018832393,7.91,0.053359862,0,0.0001,-0.25,-0.025879348
20070504,-0.02931,0.008904562,0.015084032,0.010535475,0,0.014064516,0.001122968,7.88,-0.00075559,0,0.0005,0,0.002914508
20070506,-0.00425,-0.014706143,0.013214104,0.007343265,0.002364068,-0.015900228,0.022417596,7.78,0.025261384,0,-0.0017,0,0.001497523
20070507,0.0083,-0.005000581,0.008025134,0.010113089,-0.00016865,-0.027746978,-0.011379074,7.64,0.036846239,0,-0.0035,0,-0.002551009
20070509,-0.00512,-0.026661348,-0.016458813,0.003125341,-0.028207005,-0.000971512,-0.037606302,7.09,0.076050113,0,0.0037,0,-0.015985663
20070510,0.00639,0.015407499,0.003683238,0.014672259,0.011495365,-0.034044265,0.008409409,7.71,-0.086617093,0,-0.0033,0,0.003716215
20070511,-0.00948,-0.016494345,-0.008636972,-0.032969088,-0.010086002,-0.015928528,-0.001778408,7.89,0.054958852,0,0.0059,0,-0.013624763
20070512,0.00517,0.023241325,0.034883896,0.032367924,0.023329537,0.076642048,0.015069132,8.19,-0.054417578,0,-0.0088,0,0.030100552
20070514,0.00705,-0.009430992,0.022643161,0.02170752,0.00086392,0.021725166,-0.000535551,8.75,0.075100327,0,-0.0032,0,0.009146175
20070515,0.00788,0.011774911,0.027416699,0.02485528,0.000863192,0.010458607,0.015151806,8.75,0.003575277,0,0.0016,0,0.014057214
20070516,-0.01052,-0.009193996,0.001469308,-0.052597854,0.014221093,-0.006636771,-0.008211966,8.47,-0.037081691,0,-0.0014,0,-0.010210027
20070518,0.01603,0.016920514,0.002596489,0.009469195,0.020542901,-0.01081237,0.002800188,8.38,-0.057114873,0,-0.0032,0,0.008220988
20070521,-0.00443,-0.006605608,0.000402443,0.01400819,-0.011566638,0.007739353,-0.059102807,8.34,0.041448754,0,-0.0007,0,-0.008507867
20070522,0,-0.000748536,0.001452602,-0.002705408,-0.016318569,-0.033605126,-0.005098443,8.03,-0.018209894,0,0.004,0,-0.008146211
20070523,0.01759,0.008203315,-0.000450591,0.012972308,0.006831793,0.008810411,0.000567783,8.09,0.013688377,0,-0.0008,0,0.007789288
20070524,0.00608,-0.052159228,0.006025246,-0.004804367,-0.009233992,0.032174255,-0.017175175,7.97,0.061512812,0,0.0008,0,-0.005584752
20070525,0.02143,0.015638316,-6.24E-05,-6.24E-05,-0.00447659,0.024201823,0.010626175,7.94,-0.053988293,0,-0.0009,0,0.009613566
20070529,-0.0017,-0.001647908,-0.008928719,0.019572717,0.007735326,0.028307423,-0.011142969,7.81,0.014142371,0,0.0001,0,0.00459941
20070530,-0.01369,-0.004076465,-0.001570475,-0.001570475,-0.007735326,0.043048936,0.007157199,7.75,-0.05312325,0,0.0018,0,0.003080485
20070531,0.01369,-0.004425765,0.032102149,0.003352735,0.006021516,0.028998569,-0.004861319,7.69,0.017001976,0,-0.003,0,0.010696841
20070602,-0.01606,0.001151417,-0.008472752,0.00082964,0.002980617,-0.015259048,-0.004759002,8.25,0.009433978,0,-0.005,0,-0.00565559
20070603,0.01018,0.009382495,0.02626429,0.02098974,-0.007850024,0.020682734,0.012398684,7.91,-0.206973371,0,-0.0017,0,0.013149703
20070606,-0.02412,-0.02419611,-0.022611554,-0.014900058,-0.000674883,0.012516101,-0.016729552,7.74,0.087072499,0,0.0046,0,-0.012959437
20070607,-0.00663,0.006246823,-0.013916334,-0.016622149,0.006053485,0.003952838,0.007351319,7.64,-0.050341707,0,-0.0029,0,-0.001937717
20070608,-0.02854,-0.006358734,-0.010152799,-0.022770442,-0.025506365,-0.049436555,-0.015935301,7.14,-0.092373291,0,0.0043,0,-0.022671457
20070609,0.00681,-0.007108095,-0.001482323,-0.001482323,-0.016482851,0.001964353,-0.011247223,7.21,-0.024296034,0,-0.0006,0,-0.004146923
20070611,0.01809,0.004679873,-0.031044743,-0.026874993,-0.01322769,0.02046726,-0.009299067,7.93,-0.127964272,0,0.003,0,-0.005315623
20070612,0.03962,0.01480927,0.027891523,0.029161013,0.038967285,-0.004388271,0.00753557,8.23,-0.072231969,0,-0.0035,0,0.021942341
20070613,0.00177,0.003400972,-0.016784989,-0.030087113,-0.008599661,-0.020890846,0.017542998,7.58,-0.123724502,0,-0.0006,0,-0.007664091
20070614,0.01923,0.02415144,0.024303729,0.020232599,0.025084929,0.024420292,0.015778547,7.56,-0.076879522,0,-0.0031,0,0.021885934
20070615,0.0129,0.010877435,0.115429485,-0.031500422,0.004120316,-0.002704153,0.016109483,7.55,0.021755698,0,-0.0031,0,0.017890306
20070618,0,-0.002078434,-0.026697815,0.041841458,-0.008921255,0.020248989,-0.005051611,7.55,-0.038016238,0,-0.0089,0,0.002763047
20070619,-0.0216,-0.00394997,-0.001899701,-0.001899701,-0.009504035,0.000927092,0.002168101,7.51,-0.043402296,0,0.0016,0,-0.005108316
20070620,0.02416,0.001537963,0.00929585,0.011892895,0.002509833,-0.004229616,-0.003326345,7.53,0.132460756,0,-0.0039,0,0.005977226
20070621,0.01523,-0.01682573,0.005971205,0.011084227,-0.00485804,-0.00420502,-0.016063431,7.5,-0.031858653,0,-0.0004,0,-0.00138097
20070622,-0.00505,-0.011564718,0.019058351,0.00477346,-0.010975202,0.007425875,-0.005165678,7.51,0.10289442,0,-0.0106,0,-0.000213987
20070625,0.00084,0.002819289,0.009135572,0.010433313,-0.015398092,-0.003813775,-0.002518711,7.53,0.055569828,0,0.004,0,0.000213942
20070626,-0.00084,-0.012920951,0.036620942,0.027908975,-0.001898349,0.004060872,-0.018263981,7.54,0.126222456,0,-0.0014,-0.25,0.004952501
20070627,-0.00677,-0.009283203,0.0206962,0.004867075,-0.022535664,-0.028154001,-0.001814606,7.58,-0.195859029,0,-0.0012,0,-0.006142028
20070628,-0.0034,0.001725623,0.009772243,0.027066918,0.002646673,0.006720881,0.001965677,7.67,0.000643723,0,-0.0009,0,0.006642574
20070629,-0.00684,0.015511258,0.021774212,0.034955332,0.018333115,0.002082225,0.001358594,7.67,0.043444011,0,-0.0141,0,0.012453534
20070702,-0.0188,0.008593576,-0.002050464,-0.00666911,-0.004640381,-0.005531501,0.004759002,8.25,-0.031476126,0,-0.0003,0,-0.003476983
20070703,0.01281,0.00242765,0.031560541,0.00755357,-0.000350327,0.029387278,-0.0083966,7.91,-0.046162059,0,-0.0001,0,0.010713159
20070705,0.00804,-0.001486135,0.007991943,-0.023671509,-0.004692804,-0.002429684,0.001056104,8.66,0.018419537,0,-0.0022,0,-0.002170298
20070708,-0.00793,0.037077659,0.0229131,0.022874046,0.022007597,0.016398118,0.032096941,7.13,-0.062042414,0,0.0004,0,0.02077678
20070709,-0.00681,-0.034676246,-0.001172243,0.002392823,-0.008534909,-0.002935886,-0.043167283,7.2,0.089266709,0,-0.0017,0,-0.013557678
20070711,-0.00078,0.000282927,0.001771937,-0.00610212,-0.01340503,-0.004558589,-0.017580881,7.93,0.2138438,0,0.0041,0,-0.005767394
20070712,0.00083,0.012925086,0.017301736,-0.004181832,0.017470256,-0.012355217,0.014734795,8.23,-0.005261849,0,-0.002,0,0.006674975
20070713,0.01621,0.007121557,0.002125624,0.002125624,-0.006457824,-0.004066622,0.003967654,7.34,-0.025416836,0,-0.0013,0,0.003003716
20070716,0.0008,0.014769645,0.012272962,0.001057891,0.006805713,-0.001747757,0.00319319,7.34,0.028629186,0,-0.0011,0,0.005307378
20070717,0.00401,-0.00667612,0.003641572,-0.005767068,-0.006805713,-0.011787908,-0.011758553,7.19,0.002562459,0,-0.0008,0,-0.005020541
20070718,0.00399,-0.022619954,0.0010686,0.006766661,-0.005442912,-0.007394064,-0.003847637,7.16,0.02339657,0,-0.0006,0,-0.003925615
20070719,0.0008,0.008441804,0.016057083,0.023823767,0.002988492,0.019986755,0.006302381,7.13,-0.049321585,0,0,0,0.01120004
20070720,-0.01929,-0.030397477,0.002218641,0.016924765,-0.022365155,-0.038724351,-0.020434151,7.14,0.107000742,0,0.0026,0,-0.016009675
20070723,0.0145,0.009334267,0.018061911,0.041010931,0.027093296,0.036637067,0.006547182,7.16,-0.008293963,0,-0.0017,0,0.021883522
20070724,-0.00803,-0.020675638,0.000615738,-0.009910748,-0.027272815,-0.007438566,-0.014397745,7.27,0.098495832,0,-0.0027,0,-0.012444253
20070725,0.00402,-0.018540376,-0.011149113,-0.009285713,0.024648828,-0.026480418,-0.009184546,7.27,-0.024557789,0,0.0025,0,-0.006567334
20070726,-0.01293,-0.032822442,-0.019664849,-0.032127668,-0.054719416,-0.005840418,-0.028561843,7.27,0.136152232,0,0.0111,0,-0.026666662
20070727,-0.01723,0.006676357,-0.016408379,-0.033101713,-0.010227891,-0.000544638,-0.004429508,7.24,0.153048006,0,0.0005,0,-0.010752253
20070730,0.00495,-0.004782288,-0.02530639,0.006465623,0,0.005305405,-0.000657894,7.24,-0.146799437,0,0.0026,0,-0.002003649
20070731,0.02922,0.030561376,0.041026464,0.047570227,0.036160672,-0.001107255,0.031579015,7.14,0.119538381,0,-0.0046,0,0.030715786
20070801,0.00081,-0.00059471,-0.011433503,-0.001724689,-0.006621976,-0.003303386,-0.001027374,8.22,-0.011599164,0,0.0016,0,-0.003413663
20070802,-0.00745,-0.008018376,0.001947393,0.015782795,-0.020134906,-0.002567681,-0.016687571,8.22,0.011560812,0,0.003,0,-0.005304049
20070803,-0.00182,0.023708556,0.010536873,0.024699447,0.030368103,-0.026009348,0.016432291,7.91,-0.064363546,0,-0.0032,0,0.011130846
20070805,-0.02158,0.001029106,-0.00342667,-0.008464767,0.006771445,-0.003631783,-0.002510074,8.56,0.004552392,0,-0.0017,0,-0.004544678
20070806,0.02944,0.015027441,-0.026258599,-0.024711484,-0.006094477,-0.005636575,-0.000887442,7.8,-0.139410263,0,0.0042,0,-0.002731591
20070808,0.0123,0.029452318,0.076939575,0.025783872,0.02585724,-0.037992577,0.015592096,7.09,-0.00511504,0,-0.0048,0,0.021133218
20070810,-0.00239,-0.007429546,0.013391937,0.00766828,-0.014087161,0.009415921,-0.005545449,7.74,0.032007344,0,-0.0028,0,0.000146283
20070813,0.02602,0.025381123,-0.016983568,-0.023323523,0.018806987,-0.004678599,0.024708773,7.06,-0.063079029,0,-0.0048,0,0.007133028
20070814,0.00089,-0.035435296,0.004844219,-0.016640394,-0.0012921,0.019704311,-0.015802237,7.11,0.040927393,0,0.0057,0,-0.006247357
20070816,-0.06018,-0.031376155,-0.060326782,-0.047420036,-0.061710359,-0.032167131,-0.03509132,7.17,0.005203259,0,0.0079,0,-0.046895969
20070817,0.08466,0.046191238,-0.017430131,-0.016263739,-0.017839911,0.067832289,0.038533669,7.16,-0.027624254,0,0.0016,0,0.026526202
20070820,-0.02625,0.001277962,0.028469297,0.044867488,0.011928559,0.013736699,0.012036577,7.19,-0.130155015,0,0.0005,0,0.012295226
20070821,-0.00355,0.000255383,-0.005256479,-0.016620316,-0.001978235,-0.004200481,-0.004699787,7.2,-0.041882815,0,0.0075,0,-0.005149988
20070822,0.00444,0.004331778,0.046665153,0.014856819,0.023484443,0.071959599,0.020738622,7.25,-0.098126048,0,-0.0065,0,0.026639488
20070823,0.0053,-0.003310844,0.014107924,0.036936241,0.022945555,0.004900009,0.003177129,7.34,-0.0118656,0,-0.0014,0,0.012008002
20070824,0.01313,-0.008839984,-0.010495707,-0.003502672,0.005655062,0.009336388,0.00364126,7.26,-0.087735124,0,0.0021,0,0.001274907
20070827,0.00434,0.010114688,0.001103006,0.013594932,0.016775783,-0.001002898,-0.000158037,7.11,0.092146179,0,-0.0069,0,0.006395353
20070828,0.00432,-0.034209091,0.001031424,-0.002495916,-0.010031665,-0.006567652,-0.036537419,7.09,0.146323347,0,0.0033,0,-0.012070046
20070829,-0.00086,0.00236998,-0.010776855,-0.00915933,-0.019989348,-0.018824981,0.014969365,7.08,-0.099463272,0,0.0015,0,-0.006038738
20070830,0.0103,0.004984923,0.028630372,-0.004822985,-0.011494368,-0.009440145,0.012199185,7.11,0.05116729,0,-0.0002,0,0.004336712
20070831,0.01861,0.013000703,-0.005254243,-0.001800008,0.024551609,0.020488782,0.001753408,7.11,-0.069392008,0,0.0016,0,0.010192893
20070901,-0.00733,-0.001786243,0.005557659,-0.008877856,0.015215859,0.005572647,0.006586193,8.03,-0.007528279,0,0.0004,0,0.002134037
20070902,0.01075,0.003444326,-0.006246159,-0.00156231,0,-0.007851973,0.002754819,8.16,0.0613006,0,0.0004,0,0.0001841
20070903,0.00182,0.002240757,0.02806615,0.009589081,0.008967151,0.008738262,-0.001893527,7.91,-0.014094653,0,-0.0014,0,0.008218268
20070905,-0.00273,0.040867699,-0.0008738,0.253261004,0.020721693,-0.001274608,0.010264601,8.56,-0.025298392,0.0015,-0.0062,0,0.045748084
20070907,-0.00584,-0.002721081,-0.019546791,-0.001264746,-0.012992669,-0.038308462,-0.000298998,7.64,0.029453239,0,0.0029,0,-0.011567535
20070908,-0.01407,-0.034284996,-0.050866767,-0.024403677,-0.018688734,-0.034985582,-0.021801808,7.05,0.210665033,0,0.0043,0,-0.028443081
20070910,0.0008,-0.006746419,-0.013727669,-0.013483516,-0.009561134,0.008199569,0.00980245,7.66,-0.079851709,-0.0044,0.0015,0,-0.00353096
20070913,0.02083,0.008857933,0.003503596,-0.000113045,0.017414537,-0.020726348,0.019190534,7.21,-0.00804505,0,0.0048,0,0.006993887
20070914,-0.00911,-0.015078377,-0.020745482,-0.013499073,-0.011951584,-0.000600301,-0.022625785,7.21,0.00644124,0,0.0103,0,-0.013372943
20070917,-0.00167,-0.024302697,-0.017548235,-0.000976908,-0.024340439,0.025063285,-0.011768912,7.28,0.060719017,0,0.0053,0,-0.007934844
20070918,0.01325,0.03065794,-0.008981938,0.000272392,0.010531453,0.008614404,0.030856065,7.3,-0.263308783,0,-0.0018,0,0.012171474
20070919,-0.00082,0.050079457,0.023905116,0.02578208,0.055569854,0.014851481,0.039714021,7.29,-0.015849747,0,-0.0034,0,0.029868858
20070920,0.00411,-0.011086878,-0.00860214,-0.034332233,-0.00288705,0.017678198,-0.020321905,7.29,0.020751736,0,0.0143,0,-0.007920287
20070921,0.00164,-0.000907844,-0.026696768,0.012026523,-0.033814313,0.008539813,-0.005645042,7.29,-0.073543941,0,-0.0094,0,-0.006408233
20070924,-0.00164,-0.022968406,0.001560472,-0.02091236,0.007634336,-0.00496309,-0.00819197,7.35,0.019286542,0,0.0002,0,-0.007068717
20070925,0.00572,-0.01363474,-0.031654046,-0.012662225,-0.007447436,0.000708928,-0.009953692,7.36,-0.04056392,0,0.0013,0,-0.009846173
20070926,0.00812,-0.000538506,0.002217786,-0.021039052,0.006890794,-0.001562727,0.01631248,7.49,-0.053559652,0,-0.0033,0,0.001485825
20070927,-0.00975,0.027231532,-0.015429756,0.005999921,-0.004091499,-0.010380576,0.008305692,7.56,-0.036388605,0,-0.0016,0,0.000269331
20070928,-0.00245,0.005619096,0.042961041,0.029462232,-0.003921218,0.002112333,-0.007472015,7.56,0.057158414,0,-0.0104,0,0.009473067
20071001,-0.02651,-0.014406011,-0.053258942,-0.018248519,-0.037611275,0.009972968,-0.001459853,7.72,-0.037643416,0.0073,0.0071,0,-0.020217376
20071004,-0.00263,0.006471704,0.000221625,-0.009257223,0.00991687,0.006758714,0.011438258,7.92,-0.035635066,0.0029,0.0006,0,0.003274278
20071005,-0.00457,0.013404006,0.003394237,-0.249086427,-0.015371774,-0.001151705,-0.014107953,8.56,0.054394091,-0.0071,-0.0004,0,-0.038212802
20071007,0,-0.017061162,0.001611648,0.022589197,-0.009556389,-0.011840475,-0.020086759,7.56,0.147532515,0,0.0033,0,-0.004906277
20071008,-0.02602,-0.044578385,0.009023083,-0.008248503,-0.025975493,-0.054561844,-0.036598376,7.05,0.066472064,0.0072,0.0082,0,-0.026708503
20071009,-0.0129,-0.010448264,-0.013344742,-0.009885151,-0.01806699,1.12E-05,-0.008020964,7.22,0.042909013,0,-0.0019,0,-0.010379279
20071010,0.0008,-0.009522113,-0.003765313,0.002024725,0.00487891,0.004602455,-0.011551676,7.64,0.033549912,0,-0.0071,0,-0.00179043
20071012,-0.00497,0.004484596,-0.002998227,0.002798745,0.00252648,-0.007803797,0.013360248,8.23,-0.005289775,0.0219,0.0023,0,0.001056864
20071018,-0.01283,-0.013222906,-0.000158666,0.005261439,-0.000698329,-0.005281652,-0.013866529,7.64,-0.002159877,0,0.0028,0,-0.005828092
20071019,0.00161,-0.012606862,-0.039681281,-0.049334943,0.007654878,0.010958534,-0.003453634,7.68,0.215982799,0,0.0043,0,-0.012121901
20071022,-0.01298,-0.015716891,-0.014607449,-0.001130596,-0.020662629,-0.017409394,0.000864524,7.71,-0.059210106,0,0.006,0,-0.011663205
20071023,0.00489,0,0.06009504,0.045014694,0.003884883,0.013773891,-0.005024698,7.74,-0.058518456,0,-0.007,0,0.017519116
20071024,0.01372,-0.014059988,-0.017849051,-0.006076322,-0.012770665,-0.001055284,-0.018407041,7.74,0.018927981,0,-0.0041,0,-0.008071193
20071025,-0.00241,0.004618314,-0.0019791,-0.009144025,0.005695999,0.010764886,-0.002657456,7.74,0.017632139,0,-0.0016,0,0.000698374
20071029,0.00159,0.002836116,0.001055576,0.010360164,0.009890581,0.000137383,0.011706411,7.8,0.015724461,0,-0.0019,0,0.005368033
20071030,0,0.006318504,-0.001255203,-0.00676472,-0.018625829,-0.016105006,0.018692133,7.8,0.058639115,0,0.001,0,-0.002534303
20071031,0.01738,0.019508287,-0.00598958,0.001644045,0.002682167,0.010706779,0.020894749,7.83,-0.128459136,0,-0.0021,0,0.009546635
20071101,0.03222,0.027431648,0.018315146,0.003201508,0.01915338,0.010891126,0.007423074,7.59,-0.053728264,0.0143,-0.0022,0.5,0.016947983
20071104,0.02169,-0.005972401,0.001007055,0.029178015,0.005171424,-0.009068123,-0.002082611,7.74,0.06192268,0,-0.0013,0,0.005703337
20071105,0.03421,0.014721158,-0.008059091,0.021468482,-0.004312207,0.017885996,-0.007998976,8.72,-0.048974047,0.0423,0.0007,0,0.009702195
20071106,-0.01202,0.019654148,0.006101687,-0.000455759,0.03520256,-0.014190194,-0.000740139,7.8,-0.008798711,-0.0336,-0.0054,0,0.004793186
20071107,0.01082,-0.009165328,-0.007849561,-0.015688954,-0.010687907,-0.025146481,-0.013361173,7.53,-0.054383486,0.0488,-0.0016,0,-0.010154201
20071109,0.01034,0.015903815,-0.013051973,-0.024346017,0.025657159,-0.003978166,0.012526257,7.21,-0.08019485,0,0.0013,0,0.003293011
20071110,-0.00801,-0.001616622,-0.013939796,-0.005930058,0.015180548,0.018168508,-0.014266489,7.69,0.124492415,0,0.0012,0,-0.001487701
20071112,0.02297,-0.01053859,0.01615374,0.010311939,-0.022971456,-0.041939041,-0.013696552,8.24,0.128758708,-0.04,-0.0024,0,-0.005672851
20071113,0.00558,0.013777964,0.016588577,-0.004464832,0.012726551,-0.016695592,0.026314918,8,-0.254674373,0,0.0028,0,0.007689655
20071114,0.0321,0.005375986,0.013448952,0.02306101,-0.018853663,-0.005931062,-0.000179128,8.01,0.073574343,0,-0.0018,0,0.007003156
20071115,-0.02971,-0.000550044,-0.004639474,0.00126029,-0.022454818,-0.020116502,0.006072531,8.01,0.078558856,0,0.0034,0,-0.010019717
20071116,-0.01117,-0.017203535,-0.038442667,-0.009090455,-0.00957531,-0.002758553,-0.018873572,8.03,-0.096058846,0,0.0078,0,-0.015302013
20071119,-0.017,-0.02422044,0.01036796,-0.00400643,-0.04073669,-0.015111034,-0.034333382,8.03,0.020194879,0,-0.0016,0,-0.017862859
20071120,-0.0082,0.015788687,-0.014704518,-0.018134685,0.007434969,-0.041576353,0.0176831,8.11,-0.044416854,0,0.0062,0,-0.0059584
20071121,-0.03774,-0.031539311,-0.039149517,-0.031413518,-0.062213186,-0.039058075,-0.000738279,8.11,0.075829084,0,0.0112,0,-0.034550269
20071123,0,0.049589863,0.041123468,0.011875449,0.025408084,0.024924852,0.044180285,8.15,-0.046910394,0,-0.0041,0,0.028157429
20071126,-0.01213,-0.020080702,0.038732287,0.016736084,0.001099756,-0.010170201,-0.032678558,8.17,0.121204627,0,-0.0054,0,-0.002641619
20071127,-0.00876,0.018132473,-0.011847309,-0.023703233,-0.033302888,-0.009780926,0.005972324,8.18,-0.095379331,0,-0.0025,0,-0.009041366
20071128,0.02433,0.036113899,-0.011182944,0.004092667,0.087011367,0.033041697,0.028286153,8.18,-0.086181502,0,-0.0146,0,0.028813263
20071129,-0.01732,0.016126158,0.009012415,0.015243009,0.017758063,0.002203364,-0.002986387,8.18,-0.005823698,0,-0.0021,0,0.005719517
20071130,0.01474,0.019766329,0.049858445,0.040208163,0.016039321,0.056363999,0.023988638,8.17,-0.046976975,0,-0.0114,0,0.031566414
20071201,0.02806,0.002350177,0.013372042,0.008145446,0.006643409,0.00736163,0.007800127,7.22,-0.068533023,0,0.0004,0,0.010533262
20071202,-0.01241,-0.014430268,-0.005725484,-0.001019593,-0.007144104,-0.014417845,-0.012456909,8.03,0.044921623,0,0.0047,0,-0.009657743
20071203,0.00995,-0.011505875,0.006186481,0.001630664,-0.014591357,-0.003719377,-0.003066366,7.94,-0.007122564,0,-0.0006,0,-0.002159404
20071204,0.01195,0.002119316,-0.010939939,-0.010852694,-0.013906568,-0.014178373,0.002914446,7.73,-0.059559565,-0.0066,0.0012,0,-0.004699116
20071206,-0.02359,-0.009381252,-0.012337933,0.017828673,-0.02388965,-0.000760831,-0.021251924,7.58,0.125083164,-0.0128,-0.0022,0,-0.010483274
20071207,0.01316,0.011011409,-0.015138369,0.001774763,-0.003820124,0.036298564,0.011070222,7.44,-0.068392056,-0.1089,0.0016,0,0.007765209
20071209,0.01783,0.008937098,0.011236372,0.000307302,0.000755864,-0.024881768,0.008264512,7.3,-0.012343433,0,0.002,0,0.003207054
20071210,-0.00483,-0.00561623,-0.014364008,0.004499272,0.009202519,-0.002325225,-0.001777492,7.66,-0.062845022,0.122,0.0014,0,-0.002173023
20071211,0.00803,0.039590735,-0.052528275,-0.012788319,0.010498262,-0.000348689,0.060061614,7.98,0.086982142,-0.017,0.0102,0,0.00750219
20071212,0.00727,0.002838347,-0.021452633,-0.000217732,-0.020668933,-0.030529722,0.002183958,8.28,-0.048641844,0.0173,0.0017,0,-0.008653816
20071213,-0.0146,-0.037943514,-0.014459959,-0.008402718,-0.052232835,-0.018458767,-0.033965206,8.28,0.003997347,0,0.0025,0,-0.025723286
20071214,-0.00164,-0.001205054,0.018128439,0.021286571,0.011469964,-0.014780403,-0.006968674,8.28,0.030986594,0,0.0049,0,0.003755835
20071217,-0.03159,-0.017297734,-0.011149856,-0.010753268,-0.025453193,-0.006556539,-0.026932882,8.27,0.052324133,0,-0.0028,0,-0.018533353
20071218,0.01092,-0.001364064,0.019491637,0.016975298,0.028616087,-0.025524251,0.006979895,8.28,-0.079770903,0,0.001,0,0.008013515
20071219,0.00832,-0.002596871,0.024443633,0.007200039,-0.001685622,0.035772257,-0.013647189,8.28,-0.043328036,0,-0.0023,0,0.008258035
20071220,0.0148,0.004778489,0.005622343,0.005622343,-0.003591432,-0.044333349,-0.008533869,8.29,-0.052070464,0,-0.0037,0,-0.003662211
20071221,0.00975,0.008409111,0.058722739,0.007429444,0.015748347,-0.009119229,0.025030567,8.33,-0.10817197,0,-0.009,0,0.016567283
20080102,0.01625,-0.008389947,0.011507902,0.030646467,0.01098912,0.006407055,0.032809508,9.43,-0.086872604,0,-0.0129,0,0.014317158
20080104,0.0226,0.058661594,0.013680789,0.005691716,0.037532781,0.003116165,0.066645688,10.92,-0.121499432,-0.1218,-0.0038,0,0.029704105
20080107,-0.06454,-0.028021923,-0.015511181,-0.034841841,-0.039726668,-0.000494773,-0.039344178,12.09,-0.012605257,0.1459,-0.0001,0,-0.031782938
20080108,-0.01592,-0.036228335,0.016846825,0.017086947,-0.015883041,-0.001248045,-0.007560976,11.78,-0.016260558,0.0256,-0.0014,0.5,-0.006129518
20080114,0.00973,0.014207878,-0.030162931,-0.020088818,0,-0.006160412,0.004394837,8.71,-0.033493929,0,0.0015,0,-0.004011349
20080115,-0.06158,-0.020141797,0.020394766,-0.003232901,-0.03850718,-0.011187747,-0.03117737,8.71,0.019031739,0,0.0012,0,-0.020776033
20080116,-0.05741,0.012653168,-0.053415629,-0.036405013,-0.057498496,-0.057887033,0.006133881,8.74,0.043594456,0,-0.0011,0,-0.034832732
20080117,0.00905,-0.010855482,0.036728237,0.023556054,0.017699582,0.01417963,-0.006133881,8.76,0.154736471,0,-0.002,0,0.01203202
20080118,0.02667,-0.042187253,0.00144382,-0.021587045,0.00798807,0.021444758,-0.036675998,8.76,-0.046018141,0,0.0014,0,-0.006129093
20080122,-0.00093,0.060934133,-0.056329371,-0.068163816,0.027772419,0.08899177,0.043151856,8.76,0.131828321,0,0.01,0,0.013632427
20080123,-0.04856,-0.047313392,-0.02104358,-0.026983499,-0.044866874,0.014320179,-0.045008102,8.79,-0.066324477,0,-0.0003,0,-0.031350753
20080124,0.07877,0.066188877,0.022173814,0.035034223,0.05921936,0.043849674,0.051499718,9.09,-0.043668901,0,-0.0039,0,0.050962238
20080125,0.02669,-0.036280385,0.024727285,0.022381015,-0.037701866,-0.029312762,-0.022406019,9.18,0.045734288,0,0.007,0,-0.007414676
20080128,-0.01682,0.002744321,-0.044802146,-0.050227215,-0.064884719,-0.05075953,0.012157602,9.23,-0.045734288,0,-0.0065,0,-0.030370241
20080129,0.0177,0.028813512,0.014409931,0.030374418,0.018661355,0.017221748,-0.011756633,9.31,-0.016697339,0,-0.0085,0,0.01648919
20080130,0.00873,-0.011455899,0.007376952,0.038097699,0.003257329,0.010915011,0.013340163,9.33,0.010921155,0,-0.0049,0,0.010037322
20080131,-0.04536,-0.01507642,-0.038381689,-0.045140853,-0.019152409,-0.01706507,-0.027877068,9.31,-0.052780738,0,0.0015,0,-0.02972193
20080204,0.03746,0.030811922,0.024823218,0.012184867,0.037531746,0.020592937,0.040459821,10.95,0.032533773,-0.0293,-0.0006,1,0.029123502
20080206,0.03475,-0.020328846,0.008588654,0.059781858,-0.004493464,0.014218,-0.021825596,11.36,0.106313511,0.0121,-0.004,0,0.010098658
20080207,-0.04546,0.003657299,-0.001549671,0.003727387,0.016443035,-0.000243941,0.000534902,12.04,0.091651776,0.018,-0.0024,0,-0.003270141
20080213,-0.00286,0.008534429,-0.001037757,-0.001037757,0.039984007,0.050658091,0.025482977,9.96,-0.056644736,0,0.0044,0,0.017103427
20080214,0.00666,-0.000653919,0.025205844,0.025322937,-0.015006211,0.007595137,0.007619854,10.09,0.026181652,0,0.0009,0,0.008106235
20080215,-0.0377,-0.033929751,-0.033747131,-0.000224439,0.007926071,0.002915275,-0.03475607,9.99,-0.020570363,0,0.0006,0,-0.018502292
20080219,0.00587,-0.00747326,0.018556657,0.008576703,0.020176571,0.000140948,-0.006307882,10.06,0.022526133,0,-0.0018,0,0.005648534
20080220,0.00292,-0.005013371,0.006797282,0.002592699,-0.017827602,-0.07931047,0.003057171,10.06,-0.047618539,0,0.0052,0,-0.012397756
20080221,0.01925,0.032957341,0.052753489,0.019305478,-0.009955566,-0.007961701,0.00325071,10.17,0.029081258,0,0.0011,0,0.015657107
20080222,-0.00382,-0.007974661,-0.000499466,-0.019447541,0.00105264,-0.01808312,-0.022357612,10.69,-0.043113687,0,0.0031,0,-0.010161394
20080225,-0.01058,0.048478883,0.070749958,0.052050065,0.022881927,0.002575749,0.029431924,10.73,-0.043752945,0,-0.004,0,0.030798358
20080226,0.00579,0.01129955,0.047674144,0.025793583,0.021363966,0.001339072,0.022701089,10.65,-0.050311124,0,-0.0054,0,0.019423058
20080227,0.0181,-0.016293327,-0.00852138,-0.012034927,0,-0.008749631,0.000983964,10.7,0.035437703,0,0.0051,0,-0.0037879
20080228,-0.02292,-0.040874141,-0.012661541,-0.0228557,-0.042143932,0.007265562,-0.017660938,10.7,0.03635191,0,0.0031,0,-0.021692956
20080229,-0.02941,-0.029606065,-0.064540368,-0.020737745,0.010443958,-0.017234601,-0.022677629,10.7,0.120376831,0,0.0222,0,-0.024823207
20080301,-0.04315,-0.000952969,-0.081448769,-0.045081203,-0.014199665,-0.010045307,0.005374431,8.38,-0.029787586,0,0.0072,0,-0.027071926
20080303,-0.03958,-0.015053129,-0.008321308,-0.025168447,-0.041092606,-0.013843021,-0.009465095,10.64,-0.009844844,0,-0.0037,0,-0.021789087
20080304,-0.02727,-0.018927106,0.012555354,0.004969379,-0.040351294,-0.009123301,-0.007235613,10.95,-0.009434085,0,0.0009,0,-0.012197512
20080306,-0.00703,-0.00989417,-0.007825918,-0.031905737,-0.011322819,0.02864926,-0.007076843,11.37,0.020464894,0.018,0.0029,0,-0.006629461
20080307,0.02866,0.04389801,-0.007389933,-0.032685366,0.052198897,0.006387668,0.010373805,11.83,-0.044977971,-0.0058,0.0005,0,0.014491869
20080309,-0.04059,-0.012794684,-0.025977536,0.003844715,-0.007926051,0.009391659,-0.006344195,13.23,-0.02579597,0,0.0065,0,-0.011485156
20080317,-0.05129,-0.048038239,-0.058349156,-0.024349216,-0.063312279,-0.012684972,-0.044850567,10.81,0.034072754,0,0.0083,0,-0.043267776
20080318,0.03313,0.075274556,0.021394686,0.042699636,0.042014808,0.021375797,0.041019577,10.85,-0.223221114,0,-0.0087,0,0.039558437
20080319,0,0.04545471,-0.005949807,-0.02562271,0.002721083,-0.017843452,-0.022837254,10.84,0.145862925,0,-0.0017,0,-0.003439633
20080320,0,0.012268081,-0.104878114,-0.06651055,-0.009007824,-0.013487214,-0.045849245,10.94,-0.114186936,0,0.0035,0,-0.032494981
20080326,0.01816,-0.010168257,-0.023311304,-0.002692017,-0.015681394,-0.019291565,-0.019169915,10.95,0.013899861,0,-0.0015,0.5,-0.010307779
20080327,0,0.016065231,0.045889552,-0.001805149,0.069082154,0.033332147,0.015176956,10.9,-0.007698297,0,0.0012,0,0.025391556
20080328,0.03633,-0.002168521,0.009695595,0.001679689,0.05093074,-0.020421342,0.007269352,10.97,-0.006590452,0,0.0021,0,0.011902216
20080331,0.01246,-0.009347318,-0.009746985,0.000154086,-0.025019339,0.0103568,-0.010097539,10.96,-0.003897062,0,0.0009,0,-0.004462899
20080401,0.00498,-0.01399008,0.014322692,0.029083086,-0.040955405,-0.008504996,-0.023683653,8.39,0.062479967,-0.0173,-0.0036,0,-0.005535479
20080402,-0.01534,-0.001226248,0.043494352,0.032882218,-0.00685406,0.007160105,-0.001772877,9.48,0.078825004,0.0187,-0.011,0,0.008334784
20080404,0.011,-0.000145869,0.026989285,-0.001049935,0,0.014086426,0.00765961,10.99,-0.033292533,-0.0114,-0.0019,0,0.008362788
20080406,-0.01242,-0.007720239,-0.015292993,-0.031450557,-0.021344178,-0.043880328,-0.001604955,11.35,0.027292117,0,0.002,0,-0.019101893
20080408,-0.01617,-0.033548534,-0.008591346,-0.010912689,-0.007416603,0.034378719,-0.021961457,11.79,0.039953212,-0.0057,-0.003,0,-0.009174559
20080409,-0.03615,-0.029158445,-0.037966884,-0.021217444,-0.051458306,-0.012966923,-0.012810418,13.29,0.114511255,0,0.0115,0,-0.028818346
20080414,-0.02072,-0.008673087,-0.049665767,-0.020857474,0.013406662,0.003621509,-0.013273591,12.65,0.015228747,0,-0.0012,0,-0.013737393
20080415,-0.001,-0.003946579,0.026599457,0.008398938,0.003142755,0.000640896,-0.012797048,12.66,-0.044642563,0,-0.0014,0,0.003005488
20080416,0.00597,0.021218162,0.044016449,-0.007117725,0.024321645,-0.010199974,0.014949906,12.44,-0.103995724,0,0.0028,0,0.013308352
20080417,-0.02004,0.007195609,-0.003604924,0.015375754,-0.004959262,-0.019876703,-0.002152859,12.46,-0.007823993,0,-0.0042,0,-0.004008912
20080418,0.04163,0.034650286,0.014590417,0.009794244,0.046261713,0.003892498,0.034526357,12.56,-0.011852073,0,-0.011,0,0.026477931
20080421,-0.02557,-0.018519714,0.013838529,0.032094184,-0.034260162,0.003708032,-0.005637344,12.51,0.018213688,0,-0.0026,0,-0.004906639
20080429,0.02179,-0.004309725,-0.011857133,0.00165668,0.005129925,-0.025821831,-0.007934129,11.95,0.030092561,0,0.0138,0,-0.003049459
20080430,0.0259,-0.003027903,0.014582222,-0.013116226,0.059380644,0.008630443,-0.003068428,11.87,0.026811313,0,-0.003,0,0.012754393
20080502,-0.0314,-0.059398377,-0.045114571,-0.02922538,-0.012178374,-0.017467193,-0.039615112,9.63,0.083027565,-0.0007,0.0076,0,-0.033485572
20080505,-0.01696,-0.003933686,0.028863061,0.021656553,-0.003901851,0.024000379,-0.006366913,11.13,0.038839796,0.0011,-0.0009,0,0.006193935
20080506,-0.02166,-0.012049767,-0.002755478,-0.002606274,-0.002541295,-0.008020082,-0.007832336,11.32,-0.11017981,-0.0068,0.0002,0,-0.008209319
20080508,0.03209,0.039139898,0.028919574,0.012364436,0.046068753,0.003615761,0.056935446,11.76,-0.105407837,0,-0.0021,0,0.031304838
20080509,-0.03623,-0.02405418,-0.045226753,-0.052239142,-0.02415328,-0.020400782,-0.017886664,13.48,-0.041203587,0.0116,0.004,0,-0.031455829
20080513,0.0217,0.002893077,0.039439879,0.006182658,0.01667061,0.000324529,0.015241613,11.1,0.01062345,0,-0.0098,0,0.014636052
20080514,0.00179,0.047448868,0.029012067,0.021187753,0.021388959,-0.009495766,0.006073957,11.04,-0.017957817,0,0.0031,0,0.016772263
20080515,0.02556,-0.002971351,0.03143576,0.062413406,0.001036815,-0.017646001,-0.006284059,11.04,-0.080137126,0,-0.0001,0,0.01336351
20080516,-0.01933,-0.007967033,0.008020969,0.038735834,0.015016211,0.004322667,-0.011624349,11.03,0.010375441,0,-0.0049,0,0.003882043
20080519,0.02541,-0.000571513,0.000938554,-0.003343167,0.004481585,-0.014531308,-0.052144001,11.01,0.032260917,0,-0.005,0,-0.005679979
20080520,-0.01394,-0.01831737,-0.014421812,-0.027590066,-0.029914572,-0.002940157,-0.014664668,11.03,0.032960468,0,0.0047,0,-0.017398378
20080521,0.00873,-0.010241502,-0.018245953,-0.009316999,-0.012645045,-0.013917048,-0.023920188,11.05,0.055861922,0,0.0032,0,-0.011365248
20080523,-0.04669,-0.012427973,0.011231363,-0.006828312,-0.021437057,0.0017944,-0.010521601,11.09,0.079829605,0,-0.002,0,-0.012125597
20080527,-0.0164,-0.011173296,0.011877954,0.007423504,0.006026709,0.011396115,0.031836602,11.2,0.004593024,0,0.0014,0,0.00585537
20080528,0.02687,-0.004718075,0.015962832,0.007200525,0.038518905,-0.007589805,-0.01463887,11.25,-0.029451868,0,-0.002,0,0.008800787
20080529,0.03627,-0.003514944,0.019250694,0.017212477,0.00350408,0.007414225,-0.005082018,11.34,-0.049996993,0,-0.0069,0,0.010722073
20080530,0.00728,0.015494767,0.000651856,0.037197586,0.009624308,0.007555062,0.039728296,11.36,-0.017236983,0,-0.0054,0,0.016790268
20080602,-0.00848,0.000162748,-0.014457007,-0.0107391,0.02854983,-0.038055707,-0.00555386,9.72,0.025521384,0.0417,0.0006,0,-0.006939014
20080603,-0.0167,-0.033291114,0.015653524,0.020928189,-0.026559833,-0.010146149,-0.031055791,10.71,0.113256049,-0.017,-0.0023,0,-0.011595882
20080605,0.0027,-0.012037252,-0.00022824,-0.036843839,-0.012214216,0.011157786,-0.018127385,10.94,-0.037191058,-0.0056,0.0077,0,-0.009370449
20080606,0.01269,-0.040175133,0.004857317,-0.004135718,-0.046883584,0.002635669,-0.039146706,11.38,0.234777197,-0.0116,0.0113,0,-0.015736879
20080608,-0.02559,0.050193707,-0.000525105,0.014269745,0.049692485,-0.010471665,0.000757866,11.77,-0.044000323,0,-0.0045,0,0.011189576
20080613,-0.02176,0.003827205,-0.002832677,0.00174399,-0.0013178,-0.00051607,0.015305161,11.42,-0.094795982,0,-0.0011,0,-0.000792884
20080617,0,0.027012518,0.008211759,-0.005375889,0.025208718,-0.011019655,0.021670388,11.44,0.008555109,0,-0.0027,0,0.009386834
20080618,-0.02634,-0.029600466,-0.033597347,-0.023587527,-0.033754839,-0.009545161,-0.017199438,11.41,0.051198667,0,0.0001,0,-0.02480354
20080619,-0.00412,-0.024261503,-0.021216733,-0.034775201,-0.027667989,0.005845736,-0.003724399,11.44,-0.030125503,0,0.0041,0,-0.01570287
20080620,0,-0.015973583,-0.031497739,-0.02360057,-0.039220703,-0.00581006,-0.001742814,11.54,0.058059088,0,0.0004,0,-0.016835067
20080623,-0.03248,-0.009742114,-0.009711867,-0.014367617,0.005631168,-0.011579422,0.005715009,11.54,-0.010107818,0,-0.0002,0,-0.009504978
20080624,0.00743,0.019306762,-0.020742434,-0.025334838,-0.025113848,-0.034105338,0.003956488,11.72,-0.009764805,0,0.0006,0,-0.010657601
20080625,0.01469,0.019841921,-0.0045329,0.005829887,0.007410104,-0.038095761,0.017370469,11.86,-0.058786469,0,-0.0063,0,0.003216246
20080626,-0.01363,-0.034647043,-0.016810431,-0.050358817,-0.047302829,0.004987887,-0.043878643,11.99,0.123965963,0,-0.0005,0,-0.028805697
20080627,-0.00955,-0.018647371,0.053470586,0.038470386,-0.032997907,-0.04128533,-0.017640751,12.01,-0.020688927,0,-0.0001,0.5,-0.00402577
20080630,0.02318,-0.00640972,-0.028917193,-0.02955497,0.020182058,-0.020185859,0.002833229,12.03,0.021524368,0,-0.0014,0,-0.005553208
20080701,0.02937,-0.000414453,-0.036986514,-0.025179881,-0.031167839,-0.019772018,-0.004033005,8.41,-0.00628536,0,0.0007,0,-0.012597673
20080702,0.0206,-0.018891728,-0.019022232,0.010943824,-0.062249772,-0.001098884,-0.032281151,9.81,-0.046273467,-0.023,0.0062,0,-0.01457142
20080703,0,-0.007802385,-0.048784843,-0.024354354,0.006842776,-0.014032032,-0.0152478,10.8,-0.002180214,0.0237,0.0069,0,-0.014768377
20080704,-0.02399,0.02392735,0.045287161,0.033472603,0.038315332,0.01042822,0.017439247,10.99,-0.001337227,-0.0002,-0.0105,0,0.02069713
20080705,-0.00811,-0.006073394,-0.012894184,0.007883341,0.0093294,0.041665839,0.004663902,11.06,0.080169453,0,-0.0009,0,0.005209272
20080707,0.03482,0.006117292,-0.025133991,-0.016645679,0.034926691,0.005289928,0.009335606,11.78,0.03956212,-0.023,-0.0092,0,0.00695855
20080708,0.00646,-0.006089832,0.043730514,0.049573385,-0.030912593,0.008280708,0.008298806,11.85,0.044473259,0.0001,0.0001,0,0.011334427
20080714,0.00107,0.01351615,0.006321354,-0.002647278,0.017396462,0.007635189,0.013126846,11.52,0.035379777,0,-0.0052,0,0.008059818
20080715,-0.07197,-0.032196303,-0.043608809,-0.090014364,-0.037615969,-0.020991135,-0.040197886,11.5,0.002104574,0,0.0058,0,-0.048084924
20080716,-0.02206,0.01640959,-0.035639459,-0.056598882,0.047803719,-0.004860874,0.029037059,11.51,-0.128438783,0,-0.0058,0,-0.003701264
20080721,0.04082,0.004310685,0.010292745,0.056887459,-0.008804334,0.044671793,-0.000259634,11.42,-0.042469228,0,0.0002,0,0.021131245
20080722,-0.02943,0.004292199,-0.039459799,-0.050848787,-0.014201716,-0.030939791,0.006986698,11.42,-0.084608382,0,0.0054,0,-0.021943028
20080723,0.06576,0.041405578,0.042745151,0.023427945,0.05563538,0.014336496,0.029974305,11.43,0.006119066,0,0.0016,0,0.039040694
20080724,0.01721,-0.014486901,0.006045425,0.000768368,-0.003215438,0.011690573,0.00424523,11.48,0.095267566,0,-0.0002,0,0.003179608
20080725,-0.05454,0.000617478,-0.017937598,0.0033398,-0.031073632,0.009799691,-0.011528945,11.75,-0.022870498,0,-0.0035,0,-0.014474744
20080728,-0.02022,-0.021684025,-0.007970893,0.016263095,-0.025232644,0.032910377,-0.035667667,11.81,0.056018026,0,-0.0076,0,-0.008800251
20080729,-0.03641,-0.017740413,-0.004922047,0.003855439,0.05123245,-0.005686472,-0.015002261,11.8,-0.095186324,0,0.0018,0,-0.003524758
20080730,-0.01279,0.022303405,0.039332159,0.062012389,-0.03529776,0.03916643,0.012386507,11.78,-0.037932467,0,-0.0036,0,0.018159019
20080731,0.01913,0.00156862,-0.009285643,-0.033850936,-0.012048356,-0.003518506,0.008346422,11.74,0.07840941,0,-0.0016,0,-0.004236914
20080801,0.00801,-0.007628857,-0.019218944,0.005801437,-0.014325558,-0.017569843,-0.000918867,8.52,0.066664229,-0.0115,0.0002,0.25,-0.00655009
20080802,-0.01777,-0.020439648,-0.013603702,-0.004037682,-0.010713863,-0.005955983,-0.026771892,10,0.012574277,0,-0.0016,0,-0.014184681
20080804,-0.01032,-0.007577413,-0.012778246,-0.019229035,-0.003402524,-0.018433129,0.008297086,11.01,-0.002679745,0.0349,-0.0008,0,-0.009063323
20080805,0.00361,-0.01262142,-0.017850275,-0.022393621,-0.020009006,0.002112548,-0.033113567,11.15,-0.01686725,-0.0169,0.0064,0,-0.01432362
20080807,-0.00967,-0.018554056,0.0386138,-0.005486717,-0.01992048,-0.002136177,-0.025464989,11.74,-0.10760426,-0.0169,-0.0046,0,-0.006088374
20080808,-0.05741,-0.004184096,-0.022816282,0.018020837,0.011560839,-0.022885735,-0.01666706,12.08,-0.023440431,0.0171,0.0149,0,-0.013483071
20080809,0.06525,0.065231811,0.043495591,0.018759079,0.084015995,0.083464059,0.049870355,13.54,-0.018381265,0,-0.0033,0,0.058583841
20080813,-0.05697,-0.049745278,-0.036335533,-0.046622594,-0.048103118,0.0035145,-0.033830962,12.83,0.017790692,0,0.0036,0,-0.038298998
20080814,-0.01134,0.011555056,-0.027798919,-0.027659403,-0.018438189,-0.006846963,-0.004509889,12.75,-0.057786383,0,-0.0057,0,-0.01214833
20080818,0.03253,-0.011505707,5.27E-05,0.015285652,0.00877628,0.000864758,-0.003996275,12.27,0.069060948,0,-0.0048,0,0.006001064
20080819,-0.01782,-0.04048453,-0.022772978,-0.022864563,-0.064926949,-0.00555437,-0.025961435,12.17,0.014198116,0,-0.0016,0,-0.028626404
20080820,-0.0113,0.00532235,-0.030047328,-0.014261352,0.017204172,-0.000345413,-0.011296443,12.21,-0.04125288,0,-0.0006,0,-0.006389145
20080821,0.00792,-0.027603522,-0.006166844,-0.010283857,-0.029189735,0.005600607,-0.022132854,12.29,-0.029823303,0,0.0022,0,-0.011693744
20080822,0.03435,0.035958937,0.003201726,0.013218461,0.044850565,0.008802472,0.020746464,12.56,-0.052302899,0,-0.0027,0,0.023018375
20080825,0.01406,-0.007927431,-0.00500532,-0.01244876,-0.009063497,-0.002273495,-0.012845745,12.6,0.108704197,0,-0.0002,0,-0.005072035
20080826,-0.01515,0.002478744,-0.031973397,-0.021435426,0.009063497,-0.019041188,0.001404291,12.67,-0.023155861,0,0.0029,0,-0.010664783
20080827,-0.02652,-0.002478744,-0.005268513,-0.00944393,-0.017699582,0.00604354,-0.007889588,12.75,-0.036277247,0,0,0,-0.009036688
20080828,-0.02151,0.049910224,0.035167192,0.016113256,0.035091329,-0.004745868,0.035023043,12.88,-0.016841425,0,0.0024,0,0.020721311
20080829,0,0.001057827,-0.005830338,-0.017940318,0.009316071,0.009036035,0.006262782,13.18,0.060897022,0,-0.004,0,0.000271723
20080901,-0.0072,-0.008389311,-0.038955672,-0.030389016,-0.025693813,-0.05121074,0.007509881,8.54,-0.052888185,0,0.0181,0,-0.022046953
20080904,-0.00663,-0.02300955,-0.022655245,-0.013284764,-0.015110175,-0.00784254,-0.009756175,11.45,0.019925337,0.0001,0.0002,0,-0.014041207
20080905,-0.00997,-0.02127272,-0.007519037,-0.024015274,-0.023430255,0.030587331,-0.012202971,11.19,0.000515343,0.0001,0.0011,0,-0.009688989
20080906,-0.02555,-0.009613863,-0.011103992,-0.013012928,-0.009377164,-0.008713242,-0.0108815,11.39,-0.018852256,0,0.0023,0,-0.012607527
20080907,0.04642,0.027401379,0.044321776,0.043754324,0.044213149,0.031151854,0.032274218,11.61,0.08603898,0,-0.0075,0,0.038505243
20080909,0,0.008805183,0.002358256,0.002358256,-0.003113401,-0.028056776,-0.008884301,13.59,0.117783036,0.0305,-0.001,0,-0.003790398
20081001,0,-0.003234658,-0.025517929,-0.04747639,0.012104094,-0.075176752,0.013773327,8.64,-0.028170879,0,0.0024,0,-0.017932615
20081004,-0.02598,-0.013825959,-0.017156409,0.006263866,-0.037607247,-0.001892267,-0.006487418,12.08,-0.037066085,0,-0.0095,0,-0.013812205
20081006,-0.02338,0.012578779,-0.038215157,-0.028425853,-0.023605288,-0.009265756,-0.006830962,11.4,0.002591771,0,0.001,0,-0.016734891
20081007,-0.02823,-0.009370201,-0.040801613,-0.013406748,-0.02685745,-0.000361057,-0.002718128,11.55,0.014167912,0.0279,0.0043,0,-0.017392171
20081009,-0.0451,-0.021059958,-0.032467621,-0.016510538,-0.040382342,0.001292097,-0.011615755,13.67,-0.038012132,-0.0264,0.0017,0,-0.023692017
20081101,-0.01456,0.023527228,-0.062747848,-0.003658932,0.017769923,-0.014271767,0.021368335,8.72,0.009760295,0,0.0062,0,-0.004653294
20081102,-0.02483,-0.010207642,-0.012020236,-0.023280802,0.016744049,0.008873483,-0.003507233,10.19,-0.014745811,0,-0.0061,0,-0.006889769
20081103,0.02186,0.037806389,0.002864716,0.001188438,0.056341321,0.01822193,0.034127147,10.83,-0.108466409,0,-0.0075,0,0.024629992
20081104,-0.00195,-0.008598496,-0.024679167,-0.023418941,-0.024243621,0.006181752,-0.012889768,12.43,0.065163876,0,-0.0017,0,-0.012799749
20081106,-0.02007,-0.019095636,0.007678935,-0.01242083,-0.011317816,-0.021110359,-0.02327991,11.44,0.039751556,-0.0005,-0.0006,0,-0.014230802
20081107,-0.00852,-0.03992528,-0.029435151,-0.025354197,-0.065531974,-0.012720936,-0.0323635,11.59,0.071620638,0.0909,0.014,0,-0.030550148
20081108,0.04771,0.013190052,-0.024280017,-0.000330431,0.02385121,-0.01795559,0.006851955,12.22,-0.026485069,0,0.0085,0,0.007005311
20081109,-0.0227,-0.00923119,-0.020107579,-0.059935757,-0.02862765,0.015363149,-0.01363476,13.71,-0.005315943,0,0.0079,0,-0.019839112
20081202,0.01536,0.036764525,0.000204094,0.005837912,0.051336225,0.034360487,0.061528395,10.03,-0.047106816,-0.0003,-0.0077,0,0.029341663
20081203,0.01837,0.02241941,0.031801295,0.01056336,0.032341429,0.021866576,0.003580835,10.81,0.032104239,0,0.0001,0,0.020134701
20081206,-0.01361,0.027040961,-0.011705262,-0.000324366,0.056667897,-0.012721795,0.007240081,11.44,-0.033301324,0,-0.0031,0,0.007512502
20081208,0.01719,-0.037475111,-0.016161198,-0.025826785,-0.020408863,0.005191203,-0.011701995,13.31,0.050870702,-0.0004,-0.0068,0,-0.012741821
20081209,0.00762,0.022881413,-0.008988569,0.007414051,0.005893667,0.006831982,0.008042939,13.54,0.050760166,-0.0833,-0.0022,0,0.007099355
20090104,0.0413,0.055621987,0.01052529,0.027559105,-0.003929308,0.014391297,0.060908765,14.76,-0.043052255,0,-0.0023,0,0.029482448
20090107,-0.02335,0.024455279,0.008887065,0.020162236,0.00725392,0.048846321,0.018217447,9.92,-0.004945837,0,-0.0041,0,0.01492461
20090109,0.03989,-0.038473255,-0.041850551,-0.007459624,-0.017059462,-0.062889157,-0.024025181,9.48,0.113973811,0,0.0014,0,-0.021695319
20090110,-0.02899,-0.039030255,-0.032577686,-0.014554778,-0.065630559,-0.004709957,-0.027529023,9.74,0.098818264,0,0.0101,0,-0.030431751
20090113,-0.01824,-0.004989001,-0.024151581,-0.014351396,-0.041964158,0.027096316,-0.040129717,15.15,-0.057697511,0,-0.0198,0,-0.016675648
20090114,-0.08311,-0.058301275,-0.035337274,-0.043586115,-0.036367696,-0.101572845,-0.074196698,15.18,0.12721379,0,0.0146,0,-0.0617817
20090115,-0.0339,-0.067735042,-0.000805647,-0.000805647,0.036367696,-0.06450936,-0.058181944,15.31,0.037152278,0,-0.0015,0,-0.027081421
20090116,0.03056,-0.032561833,0.011020679,-0.009692841,-0.032670806,-0.036350549,0.024066185,15.14,-0.100795773,0,0.0014,0,-0.006518452
20090120,-0.02578,-0.143030522,-0.050514536,-0.078917722,-0.059369941,-0.036835652,-0.073683661,14.98,0.205862155,0,0.0061,0,-0.066876005
20090121,0.04022,0.010073546,-0.050211203,-0.025131386,0.009225228,-0.028872047,-0.006703941,14.93,-0.199161653,0,-0.0042,0,-0.007342829
20090122,0.00358,-0.031607265,-0.008757496,-0.033572866,-0.037422607,-0.033651595,-0.060858204,15.09,0.018568515,0,0.0067,0,-0.028898576
20090123,-0.01439,-0.081696378,-0.052881592,-0.099864887,-0.023144695,-0.097201711,-0.007974514,15.21,-0.000423022,0,-0.0094,0,-0.053879111
20090126,0.03559,0.156419924,0.029084491,0.014378344,0.136575546,-0.028412183,0.024516832,15.27,-0.033996429,0,-0.015,0,0.052593279
20090127,0.01733,-0.00160129,-0.013446412,-0.08065744,-0.032874916,0.003986958,-0.014162297,15.31,-0.078275072,0,0.0001,0,-0.017346485
20090128,0.05678,0.188744544,-0.045848085,-0.056826798,0.076178921,0.036073998,0.109472497,15.36,-0.063261235,0,-0.0009,0,0.052082154
20090129,0.00647,-0.021628799,-0.038041886,0.049897868,-0.072667039,-0.009925019,-0.027359537,15.23,0.072215137,0,0.0045,0,-0.016179202
20090130,0.05949,0.01714038,-0.073991898,-0.045123344,0.03699348,-0.100232547,0.008721001,15.3,0.050542346,0,0.0102,0,-0.013857561
20090202,-0.05949,-0.091170128,0.008737025,-0.008212533,-0.05735724,0.001753678,-0.069665013,15.31,0.015051198,-0.0222,0.009,0,-0.039343459
20090204,0.07246,0.10137079,0.054897432,0.130266695,0.132546679,0.073404068,0.072320641,14.64,-0.005692564,0.0044,-0.0061,0,0.091038044
20090206,0,0,0.022415466,-0.002430533,0.125785415,0.016899965,0.012032571,10.62,-0.013742524,0.0353,0.0023,0,0.024957555
20090207,-0.04565,-0.033141544,-0.00364501,-0.021036408,-0.027743203,-0.013787333,-0.026609097,9.75,0.063894775,0,0.004,0,-0.024516085
20090209,-0.03557,-0.001295943,-0.054278633,-0.009457415,-0.062109721,-0.077757654,-0.015314226,9.5,-0.008613318,-0.0339,0.004,0,-0.036540513
20090210,-0.0198,-0.033697999,-0.062483002,-0.0224422,-0.045055898,-0.039773903,-0.022385363,9.75,0.014398838,0.035,0.0033,0,-0.035091195
20090211,-0.03757,0.032695772,0.017307331,0.023654368,0.053109828,-0.003806135,0.015168211,10.78,-0.030099836,-0.013,0.0007,0,0.014365625
20090212,-0.0195,-0.012635547,0.019983409,0.014087714,0.013581331,0.029975239,-0.007450801,10.01,-0.037178967,0.0044,-0.0033,0,0.005434478
20090213,-0.00738,0.006069813,-0.025667146,-0.016305526,0.020834031,-0.006467832,-0.029808458,15.22,0.039919777,0,-0.0018,0,-0.008389303
20090217,-0.02677,-0.07831045,-0.139848223,-0.096689583,-0.200021196,-0.123430937,-0.076333674,15.22,0.125286445,0,-0.0031,0,-0.105914866
20090218,0,0.025505295,0.082681994,0.071582837,0.021202224,-0.064330431,-0.067275481,15.22,-0.004118638,0,-0.0053,0,0.009909491
20090219,0.00387,-0.004885986,0.028593928,0.073912364,0.089572193,-0.011614146,-0.066001311,15.27,-0.028890375,0,-0.0012,0,0.01620672
20090220,-0.05966,-0.049147386,-0.105507919,-0.075188941,-0.059266756,-0.068011517,-0.091093014,15.39,0.046075744,0,0.0022,0,-0.072553648
20090223,-0.07222,-0.007963044,-0.036266284,-0.028068951,0.00270991,-0.021742104,0.03614853,15.56,0.06517219,0,-0.0005,0,-0.018200278
20090224,0,-0.003896928,-0.081852894,-0.021205645,-0.054217572,-0.038051314,0.03436765,15.62,-0.145603697,0,-0.001,0,-0.023550958
20090225,-0.02679,0.050750847,0.033311417,-0.023088556,0.04606543,0.012412969,-0.004688733,15.59,-0.018190464,0,0.0004,0,0.012567625
20090226,0,0.114616523,0.030085472,-0.030835342,0.05571734,-0.006128093,0.058318165,15.59,-0.000223851,0,0.0024,0,0.031682009
20090227,-0.05106,-0.045321304,0.014999071,-0.00243599,-0.010376307,0.019158995,-0.004938294,15.52,0.037143016,0,0.0012,0,-0.011424833
20090302,-0.03613,-0.025135325,-0.020508929,0.005024373,-0.010791461,-0.030803325,0.010802589,15.35,-0.055557276,0.0415,-0.0054,0,-0.015363154
20090303,-0.04879,-0.007238688,0.033801977,-0.039464369,0.020478548,-0.04713737,-0.02481515,15.33,-0.033214121,-0.0044,-0.0022,0,-0.016166436
20090304,0.03867,-0.017454388,0.013714344,0.033123175,0.017772164,0.011206066,0.072042024,14.58,-0.057270361,-0.0311,-0.0084,0,0.024153341
20090306,-0.017,-0.004192878,0.000746568,-0.022761057,-0.025729937,-0.00731754,-0.005736645,10.53,0.045844839,-0.0046,0.0048,0,-0.01171307
20090308,0.05776,0.026621941,0.041533546,0.023313566,0.033724602,0.026173122,0.047514869,9.29,-0.013986266,0,-0.0028,0,0.036663092
20090309,0.02385,-0.00650499,0.026654676,0.000679189,0.015622486,0.027856346,0.029398969,9.57,-0.06430784,0.0415,0.0003,0,0.016793811
20090311,-0.03985,-0.044032875,-0.016700978,-0.011812167,-0.019147672,-0.002055628,-0.025042137,10.78,-0.03311452,0,-0.0031,0,-0.022663065
20090312,-0.04993,-0.005829858,0.030087228,-0.013747891,0.008131552,0.008928443,-0.001068948,9.88,0.06151541,0,-0.0075,0,-0.003347068
20090313,-0.02375,0.029490437,0.008743113,0.021598701,-0.035621621,-0.00901282,-0.019534006,15.34,0.028251826,0,0.0028,0,-0.004012314
20090316,0,0.089231122,0.015264243,0.005678744,0.120952572,0.02117347,0.056975748,15.35,0.032058518,0,0.0025,0,0.044182271
20090317,-0.03175,-0.008794007,0.048006826,0.030296285,-0.000974192,-0.009611023,0.002584655,15.29,-0.069580991,0,-0.0001,0,0.004251221
20090318,-0.01752,-0.005060125,0.029800845,0.008948067,0.080492483,0.018822186,0.174374041,15.25,-0.018303698,0,0.0003,0,0.041408214
20090319,0.07771,0.026438794,0.13771714,0.084340807,0.111367588,-0.040996397,0.060573591,15.25,0.086511974,0,-0.0009,0,0.06530736
20090320,0.01622,-0.022957209,0.050489737,0.040177223,-0.014586997,0.004328956,-0.004909988,15.23,0.049356877,0,0.0018,0,0.009823103
20090323,0.08797,0.086221182,0.039292087,0.105484778,0.111139755,0.059745843,0.140581948,15.23,-0.059712527,0,-0.0003,0,0.090062228
20090324,0,-0.052667261,-0.005562665,0.054591028,-0.034934841,0.009887034,-0.012912672,15.29,-0.006963799,0,-0.0013,0,-0.005942768
20090326,0.06124,0.019045232,0.10125662,0.054605705,0.032789803,0.001904383,-0.027759263,15.09,-0.045765143,0,-0.0086,0,0.034726069
20090327,-0.04041,-0.010794237,-0.055338059,-0.071888379,-0.119801199,-0.022788886,-0.028551922,14.84,0.016708013,0,0.0038,0,-0.049938955
20090330,-0.03782,-0.101406261,-0.100686983,-0.095177924,-0.178691761,-0.053682083,-0.134402855,14.76,0.104043858,0,-0.0064,0,-0.100266838
20090331,0.06427,0.065738896,0.071653633,0.042244677,0.103184256,0.055510831,0.079573157,14.66,-0.031224694,0,0.003,0,0.068882207
20090402,0.00334,0.035846146,-0.081891511,-0.013869535,0.014362921,-0.005289513,0.017497586,15.34,0.01818016,0.0613,0.0006,0,-0.004286272
20090403,-0.0202,0.055281045,0.024324179,0.059402119,0.087911879,0.062482802,0.021541848,15.38,-0.068460046,0.0044,-0.0036,0,0.041534839
20090405,0.07123,0.037905928,0.004583319,0.007657235,0.092465194,0.0778604,0.025357943,12.82,-0.022054466,0,-0.0033,0,0.045294288
20090406,-0.03489,-0.000945819,0.00035742,0.00035742,0.013735024,0.012781454,0.031405402,10.62,-0.027452709,-0.0531,-0.0006,0,0.003257272
20090408,0.02817,0.003231037,0.007232216,-0.043919706,-0.001580415,-0.016229745,0.031966199,9.25,-0.026562517,0,-0.0001,0,0.001267084
20090409,-0.03251,0.025042734,0.031116258,0.023141562,0.035762369,0.057174381,0.011916726,9.59,-0.070311616,0.0273,0.0008,0,0.021663433
20090411,0.05535,0.034012941,0.01779736,0.02389745,0.027389468,0.010461204,0.03998372,10.78,-0.038568381,0,0.0003,0,0.029841735
20090412,-0.0198,0.009456335,-0.004882324,-0.009376837,0.032903402,0.009748297,0.018018499,9.85,-0.055379013,0,0.0048,0,0.005152482
20090414,0.00919,0.085501308,-0.007658947,-0.035581075,0.103732674,0.030623982,0.057819564,14.35,-0.003709681,0,0.0061,0,0.034803929
20090415,0.03593,-0.01531144,-0.028987454,-0.069554864,-0.101782707,-0.010728501,-0.006198952,14.42,-0.040633978,0,0.0084,0,-0.02809056
20090416,0.01894,0.020363578,0.050556444,0.126155383,0.016103398,0.009124383,0.032260864,14.08,-0.010561445,0,0.0072,0,0.039072007
20090421,-0.07489,-0.027898811,-0.084453766,-0.06341615,0.024808495,0.010565567,-0.022081098,14.36,-0.053471881,0,0.0019,0,-0.033909395
20090422,0.02761,0.026575177,0.011498313,0.022321888,0.026145278,0.035046924,0.027811766,14.41,0.025519703,0,0.0025,0,0.025287049
20090423,-0.01678,-0.029299218,-0.000894194,-0.000894194,0.006430939,0.014992716,0.022599825,14.43,-0.02525043,0,0.0007,0,-0.000549161
20090424,0.00766,0.046631593,0.03189616,0.002264362,-0.0032103,0.036503847,0.017719178,14.33,-0.008922645,0,-0.002,0,0.019923549
20090427,0,-0.004305018,0.035433091,0.040270865,0.009600081,-0.004183443,0.03399303,13.94,0.039930778,0,-0.0067,0,0.015829801
20090428,0,-0.039330534,-0.051516713,-0.095906959,-0.038303961,0.012072043,-0.029611848,13.84,-0.009702421,0,0.0007,0,-0.034656853
20090502,-0.04082,0.000361078,0.045694809,-0.010424572,-0.067275517,0.023152699,-0.01519787,15.24,-0.002740329,0,-0.0149,0,-0.009215625
20090503,-0.02584,-0.073392799,-0.020083628,-0.030868962,-0.081177796,0.013319054,-0.124981018,15.33,0.053425101,0,-0.0007,0,-0.049003593
20090505,0.04879,0.00975966,0.01236311,-0.012811626,0.130178202,-0.028015179,0.013471709,12.76,-0.03447088,0,-0.0061,0,0.024819411
20090506,0,0.006184181,0.016231493,0.015495507,0.06155006,0.017878805,0.007070741,10.59,-0.018729626,-0.0183,0.0029,0,0.01777297
20090508,-0.01198,-0.021287611,0.000918278,0.000918278,0.042954958,-0.005069479,0.038572276,9.21,0.000401696,-0.0093,0.0013,0,0.006432386
20090510,-0.0025,0.006870181,0.01823941,0.007387576,0.009464938,0.056322848,0.022385363,9.88,-0.066306709,0,-0.0021,0,0.016881474
20090511,0.00919,0.03234229,0.005974748,0.019692113,0.008513583,0.017261543,0.013677227,10.79,-0.086224558,-0.0141,0.0021,0,0.015235929
20090513,-0.075,-0.082474259,-0.120832805,-0.02399069,-0.173417817,0.034043961,-0.079726435,11.51,0.056546836,0,0.0062,0,-0.074485435
20090514,-0.02031,0.024727183,-0.10099105,-0.092560242,-0.015312426,-0.01691461,-0.029199139,11.5,-0.070161052,0,0.0009,0,-0.035794326
20090515,0.03155,0.005170931,0.032021696,0.052299841,0,0.003579647,-0.002118661,11.51,0.054285248,0,0.0024,0,0.017500493
20090518,0,0.057349426,0.063283119,-0.008815202,0.014727797,0.048939323,0.072891425,11.5,-0.090971754,0,-0.0049,0,0.03548227
20090519,0.05909,0.026064285,0.044009599,0.033922584,0.053513047,0.055472773,0.044016887,11.17,-0.048790183,0,-0.0021,0,0.045155596
20090520,0.01395,-0.050716317,0.012742967,0.009535486,0.072681553,0.03168521,0.018436133,11.21,0.007954441,0,-0.0025,0,0.015473576
20090522,0.0343,0.019582594,0.01993914,0.039466076,-0.050208696,-0.045435938,0.00657178,10.97,0.040017864,0,0.0021,0,0.003459279
20090526,-0.0482,0.021462354,-0.044381975,-0.02809567,0.007176402,-0.004020648,0.016269341,10.73,-0.063578726,0,0.0013,0,-0.011398599
20090527,0.0599,0.014858802,0.021052162,0.025105541,-0.027322616,0.016286225,0.003222351,10.74,0.055269693,0,0.0005,0,0.016157495
20090528,-0.00817,-0.004192878,0.022468758,0.061815146,-0.02518732,-0.005732243,-0.015671758,10.84,-0.021553248,0,0.0037,0,0.003618529
20090529,-0.01894,0.023872431,0.03067889,0.057945585,-0.014010784,-0.0412289,0.007055661,10.83,-0.090836463,0,-0.0028,0,0.00648184
20090602,0.00692,0.047758146,0.01299331,0.048761163,0.041088905,0.092558723,0.030910871,15.35,-0.008266422,-0.0227,0.0028,0,0.040141588
20090603,-0.00525,-0.055700395,0.030102465,0.052552069,0.010680953,0.04369301,-0.10984252,15.49,-0.01688475,0,0.0019,0,-0.004823488
20090604,-0.03867,-0.024902231,0.002846169,0.03426223,-0.04716547,-0.005640915,0.007187228,14.28,0.030512091,0.0232,-0.0005,0,-0.01029757
20090605,0.01536,0.07031067,0.030013538,0.021515059,-0.024817663,0.056388203,0.054825394,12.66,-0.027657129,0.0286,-0.0033,0,0.031942172
20090607,0.0163,-0.00988616,-0.007052053,-0.018327224,-0.025179184,-0.017530861,-0.028921778,9.61,0.036878603,0,0.0011,0,-0.012942466
20090608,0.007,0.026964059,0.045279813,0.040861883,0.064183342,0.005576791,0.005390841,9.16,0.03045521,0,0.0005,0,0.027893818
20090610,0.04412,0.054623034,0.026579537,0.007610527,0.053952809,0.009306447,0.022836389,9.92,-0.043402296,0,-0.0013,0,0.03128982
20090611,0.02167,0.014790738,-0.008095375,0.005143296,0.006759083,0.015382577,-0.00104548,10.75,-0.049990245,0.0004,-0.0008,0,0.007800691
20090615,0.01635,-0.020886903,-0.036397671,-0.0575015,-0.066235964,-0.007064603,-0.045043434,10.46,0.090291954,0,0.0069,0,-0.030968582
20090616,-0.04195,-0.022903743,-0.026329338,-0.010889265,-0.028096198,0.021993046,-0.023842182,10.43,0.058923984,0,0.0018,0,-0.018859669
20090617,-0.10574,-0.030873226,-0.028761764,-0.024232678,-0.027802324,0.000238908,-0.066506502,10.43,-0.035506669,0,-0.0016,0,-0.040525369
20090618,-0.01515,0.017470046,0.025921939,0.036166558,0.024031755,-0.019369774,0.044825429,10.43,-0.049059706,0,-0.0007,0,0.01627085
20090619,0.035,-0.016929579,0.013697165,0.027035896,0.021356923,-0.019199421,0.01360565,10.43,-0.07034961,0,-0.0012,0,0.010652376
20090622,-0.06339,-0.03900461,-0.015762091,-0.06419144,-0.095838569,-0.06106279,-0.051577828,10.39,0.107608801,0,0.0026,0,-0.055832475
20090623,0.00782,-0.013460991,-0.013148229,0.016896827,0.006952513,9.24E-05,-0.008573922,10.39,-0.019109898,0,0.0008,0,-0.000488766
20090624,0.00518,0.043674086,0.032890302,0.011040797,0.073447893,0.048274328,0.053644139,10.37,-0.051327741,0,-0.0023,0,0.038307364
20090625,-0.05853,0.013104656,-0.017180981,-0.025376533,-0.006998681,0.027907609,-0.014798851,10.34,-0.097170724,0,-0.0009,0,-0.011696112
20090626,-0.00687,-0.008427926,0.018648084,0.018109716,0.004850491,0.009590461,-0.022899626,10.33,-0.016447121,0,-0.0006,0,0.001857314
20090629,0.02989,0.029824229,-0.017402496,-0.007975781,0.031748667,-0.01282824,0.02068846,10.3,-0.022621866,0,-0.0008,0,0.010563548
20090630,0.04323,-0.026141784,0.002525715,0.011336588,0.001561292,0.01096237,-0.006662987,10.23,0.038689544,0,-0.0011,0,0.005258742
20090701,0.01183,0.026050662,-0.054431517,-0.999790163,0.055186449,-0.00447322,-0.025187657,15.23,0.11801348,0,0.0197,-1.25,-0.141545064
20090704,-0.00539,-0.030400152,-0.035237686,-0.009868582,-0.06453856,-0.045581345,0.001301235,14.03,-0.013281083,0,0.0022,0,-0.027102156
20090705,0.0323,-0.006201579,0.062171733,0.022296754,0.030802713,0.014214848,-0.033943553,12.26,0.03005228,0,-0.0036,0,0.017377274
20090707,0.02265,0.012235847,-0.001229518,-0.010040391,-0.002219774,-6.68E-05,0.004019522,9.59,0.061840933,0.0001,0.0002,0,0.003621273
20090708,-0.01002,0.029741969,0.035462375,6.04E-05,-0.005342848,0.027571514,0.017057989,9.22,-0.036093541,0.0001,0.0004,0,0.013504492
20090710,0.0307,-0.019828558,0.031343928,0.035825933,-0.014871454,-0.051436643,0.000940293,9.92,-0.04049781,-0.0133,0.0026,0,0.0018105
20090712,-0.0339,0.002891742,-0.051554119,-0.032300187,-0.016143213,-0.014908378,-0.010559759,9.99,0.03922073,0,0.0004,0,-0.022353416
20090713,0.02007,0.024199994,-0.006921447,-0.019422124,0.042224089,-0.019292449,0.038213606,9.49,-0.098036188,0,0.0009,0,0.011295953
20090714,0.05162,0.030128514,0.007762904,0.001570934,0.028798508,0.070651198,0.024878346,9.47,-0.050273551,0,-0.001,0,0.030772915
20090715,0.03704,0.010809805,0.012249885,0.027889346,0.073801887,0.05501471,0.049606157,9.42,0.034181247,0,-0.0004,0,0.038058827
20090716,0.04039,0.01650726,0.002864286,0.005917106,0.019705068,0.001358016,0.00488203,9.33,-0.018320501,0,0.0038,0,0.013089109
20090717,-0.01053,0.006284878,-0.002996176,-0.002996176,-0.022195749,0.009252659,0.002162162,9.33,-0.043415175,0,0.0022,0,-0.003002629
20090720,0.04599,0.021789956,0.038217971,0.064193487,-0.010025171,0.070168519,0.025587755,9.27,0.002462023,0,-0.0019,0,0.03656036
20090721,0.01117,-0.016750147,0.034293998,-0.00877616,0.058696547,0.005070269,0.013591413,9.3,-0.021960641,0,0.0004,0,0.013899417
20090722,-0.00669,0.009406661,-0.012259134,0.016199531,-0.025013322,-0.007846938,0.005695081,9.31,-0.016899495,0,0.0003,0,-0.002929732
20090723,0.01664,0.021285794,0.035078298,0.050963974,0.025962997,-0.005390687,0.021956462,9.29,-0.001705715,0,-0.0014,0,0.023785263
20090724,0.01745,-0.002342848,0.036348038,0.066257042,0.02438001,0.01167588,0.005037784,9.29,-0.014617636,0,-0.0038,0,0.022686558
20090727,-0.00542,0.00117211,0.044242287,0.075376399,0.011970721,0.022761635,0.024815181,9.3,0.050253364,0,-0.0009,0,0.024988333
20090728,-0.01644,-0.051992289,0.010455926,-0.021101277,-0.058424533,0.008840349,-0.047687837,9.34,0.02962276,0,0,0,-0.025192809
20090729,-0.00554,0.009110063,0.002707375,-0.038990371,0.042276519,0.003298834,0.030382086,9.42,0.02370717,0,0.001,0,0.006177787
20090730,0.0509,0.02475723,0.050320854,0.107156545,0.076530314,0.074289965,0.034317085,9.41,-0.008233765,0,-0.0022,0,0.059753142
20090731,-0.02351,0.0167574,-0.030360692,-0.035223609,0.053681627,0.057014846,-0.009685301,9.48,0.020265715,0,0.0019,0,0.004096324
20090801,0.04035,-0.004581904,-0.046085045,0.019846953,-0.037294593,-0.015502562,-0.02157411,15.23,-0.019314108,0,0.0158,0,-0.009263037
20090804,0.07295,0.015533743,0.041188336,0.028737027,0.090477605,0.051756963,0.03701763,14.24,-0.038874177,0,-0.0026,0,0.048237329
20090805,-0.02645,0.019253576,0.069669299,-0.002651362,0.060770882,-0.009561881,0.084993199,11.7,-0.042455588,-0.0344,0.0018,-0.5,0.028003388
20090807,-0.03759,-0.023530507,-0.013270188,-0.000924353,-0.032178911,-0.001593732,-0.042136133,9.54,0.01448131,0.0002,0.0019,0,-0.021603403
20090809,-0.00168,-0.033628904,0.008314057,-0.005698213,-0.008704438,0.038863791,-0.006766587,9.45,0.014151203,0,-0.0002,0,-0.001328613
20090810,0.01538,0.00884046,-0.018626074,-0.033328038,0.009708817,0.00417531,0.01028527,10.05,-0.020467354,-0.0224,-0.0018,0,-0.000509179
20090813,0.02979,0.01172768,0.027022126,0.015354756,0.083305057,0.053104386,0.027937673,9.2,-0.02950779,0,-0.0036,0,0.035463097
20090814,0.01043,0.000358682,-0.000700162,-0.02907096,-0.0267634,0.013691677,-0.028987543,9.29,-0.017966944,0,0.0017,0,-0.008720244
20090817,-0.02734,-0.019006822,-0.063720666,-0.046690853,-0.021199635,-0.046213588,-0.038548659,9.31,0.139027141,0,0.0009,0,-0.03753146
20090818,0.03251,0.0128917,0.012363106,0.010884601,0.004055298,-0.018823291,0.033282725,9.32,-0.063272408,0,-0.0012,0,0.01245202
20090819,0.02144,-0.01197837,-0.01252949,-0.03386629,-0.03291245,-0.009592105,-0.011683616,9.34,0.003051105,0,0.0027,0,-0.013017474
20090820,0.01404,0.014500889,0.042134088,0.035814751,0.03364802,0.058798726,0.017999421,9.34,-0.045577511,0,0.0018,0,0.030990842
20090821,0.04765,0.058197615,0.036837702,0.046421083,0.056463717,0.102995218,0.028957562,9.35,-0.003193612,0,-0.0024,0,0.053931842
20090824,0.04002,0.001696345,0.032767657,0.075098589,0.058373824,-0.024421441,0.050681481,9.37,0.005184425,0,-0.0002,0,0.033459494
20090825,0.00818,-0.005949864,0.019106944,0.029082185,-0.010543767,-0.000858011,-0.012676902,9.39,-0.008789482,0,-0.0026,0,0.003762941
20090826,0.08248,-0.021891771,0.028469733,0.028765218,-0.023459527,-0.041866421,0.010737048,9.44,0.001203156,0,0.0031,0,0.009033469
20090827,0.02794,-0.008400459,-0.015894146,-0.00038996,0.010457181,0.017679003,-0.005842282,9.51,-0.010880641,0,-0.0004,0,0.003649905
20090828,-0.02794,0.004384036,0.002421783,-0.010078131,0.01696929,0.021043974,0.0106849,9.47,0.003236246,0,-0.0019,0,0.002497979
20090831,-0.03822,-0.017296582,-0.026292498,-0.021624086,-0.025055579,-0.000234671,-0.023461488,9.46,0.049251631,0,0.0017,0,-0.021740701
20090901,-0.01422,-0.022495699,-0.001145974,0.029584155,-0.060031055,-0.031766673,-0.035737422,15.18,0.006090399,0.025,0.0135,0,-0.01940181
20090902,-0.00345,0.012484141,0.012663526,-0.002494608,0.047351403,0.054051524,0.049956103,15.57,0.006206214,-0.0244,-0.0047,0,0.024366013
20090903,-0.02667,0.015521868,-0.013130217,-0.056294024,0.040343833,-0.012246978,0.014408478,15.49,0.007069991,0.025,0.0023,0,-0.005438149
20090904,0.08506,0.027536511,0.043978073,0.139611993,0.06172313,0.025835636,0.051293299,14.24,-0.06157423,-0.0244,-0.0081,0,0.062148377
20090906,-0.0119,0.011350615,0.00115683,-0.019039417,0.004514663,0.03259712,0,10.63,-0.051700003,0,-0.0041,0,0.002668544
20090907,0.02566,0.010214157,0.006439756,0.009058659,0.005150265,0.06057482,0.019533023,9.52,-0.049781023,0.025,-0.0004,0,0.019518669
20090909,-0.0076,0.006484502,-0.024345309,-0.000814811,-0.000336307,-0.009627155,0,9.43,-0.052074285,0.0001,0.001,0,-0.005177011
20090910,-0.01152,-0.001874415,0.007489062,0.011825666,0.011322798,-0.003773093,0.002786802,10.11,-0.044827778,0.0249,0.0046,0,0.002322403
20090911,-0.05043,0.027531235,0.03393737,0.064559968,0.034754441,0.026524022,0.051972986,10.77,-0.043944583,-0.0244,-0.0024,0,0.026978575
20090912,-0.07776,-0.002570224,-0.012331431,-0.033494667,-0.059932356,-0.008836508,-0.016474828,10.3,-0.044451792,0,0.0026,0,-0.030200002
20090914,-0.0305,-0.015997278,-0.030292833,0.001455865,-0.015063628,-0.014766585,0,9.23,-0.012080922,0,-0.001,0,-0.015023494
20090915,0.0416,0.019203937,0.033063363,0.026472721,0.00034489,0.003229133,-0.004842618,9.23,-0.018613081,0,-0.0026,0,0.017010204
20090916,-0.00596,0.050134424,0.009071944,0.001289804,0.019802602,0.018381731,0.016370124,9.16,0.011462679,0,-0.0002,0,0.015584376
20090917,-0.0103,0.023542987,-0.007191474,0.000590667,0.028987552,0.012313846,0.023597133,9.15,-0.001689942,0,-0.0014,0,0.010220102
20090918,-0.00867,-0.002627658,-0.017548289,-0.020609189,-0.018227516,0.062816119,-0.022642478,9.16,0.011351833,0,0.0022,0,-0.003929859
20090921,0.00087,-0.01591265,-0.01392515,0.002075191,0.003005501,-0.02282815,-0.026101052,9.04,0.005835756,0,0.0007,0,-0.01040233
20090922,0.01724,-0.006616025,0.035415296,0.016245725,0,0.044348886,-0.035896167,9.06,-0.04158425,0,-0.0057,0,0.010105388
20090923,0.03527,0.011948432,0.010766458,0.002984317,-0.005014187,0.001969489,0.034916254,9.06,0.017608351,0,-0.0039,0,0.013262966
20090924,0.02284,-0.015182934,-0.002843437,-0.007640425,-0.032008213,0.000227257,-0.009852295,9.08,0.060299064,0,-0.0031,0,-0.006351435
20090925,-0.01954,-0.004148264,-0.022272632,0.007753238,-0.003119034,-0.019230539,0.040742792,9.15,0.026109071,0,-0.0031,0,-0.002830634
20090928,0.04345,0.022163556,0.007725833,0.012257578,0.040474826,-3.98E-06,0.013220202,9.25,-0.02891869,0,0.0001,0,0.019898288
20090929,0.00628,0.023238587,0.00253717,-0.016272087,0.004655813,-0.008721682,0.020427822,9.34,0.012382877,0,-0.0039,0,0.004592232
20090930,-0.01418,-0.030176006,-0.014833501,0.005713796,0.013184105,-0.007603115,-0.018553405,9.43,0.016535812,0,0.0071,-0.5,-0.009492589
20091002,-0.01745,-0.035285574,-0.031495722,0.007911048,-0.106718776,-0.019983606,0,15.49,0.067127374,-0.0476,0.0047,0,-0.029003233
20091003,0.11718,0.18834342,0.015877904,0.010272182,0.097163739,-0.000563817,0.113231372,15.46,-0.113038902,0,-0.003,0,0.077357829
20091006,0.05249,0.009671956,0.023246697,0.025638319,0.022272652,0.049735203,-0.005037784,10.59,0.006698373,0.025,0.0015,0,0.025431006
20091007,-0.01342,-0.020423364,-0.000926271,-0.054993261,-0.007447755,-0.00603972,-0.037627607,9.51,-0.025851787,-0.0244,0.001,0,-0.020125425
20091008,-0.07527,-0.004589274,0.008652097,-0.013705185,-0.027885192,0.009218057,0.00632246,9.17,0.009246279,0.025,0.0002,0,-0.013893862
20091009,-0.02575,-0.02335462,0.005946548,-0.008228417,-0.014227886,-0.053037801,-0.010726578,9.43,-0.032173256,0,0.0013,0,-0.018482679
20091011,0,0.005100706,-0.002163004,0.017639698,-0.001302093,0.065785495,-0.00597612,10.53,-0.013481373,0,0.0003,0,0.011297812
20091012,0.07526,0.007508505,0.016371925,0.025316218,0.022538198,0.021916642,0.020822666,10.5,-0.015118125,0,-0.0008,0,0.027104879
20091013,0.00972,0.004997697,-0.011797621,-0.003829452,-0.008453165,-0.001879835,-0.01750391,10.26,-0.000869585,0,0.0035,0,-0.004106612
20091014,0.03365,0.032515806,0.031023258,0.053592151,0.030761396,-0.007986824,0.023876253,10.27,-0.005670644,0,0.0005,0,0.028204577
20091015,0.00717,0.004636242,0.00725299,-0.006334336,0.007217866,-0.018104146,0.004526948,10.36,-0.051155222,0,-0.001,0,0.000909366
20091016,-0.06645,-0.027230968,-0.02087007,-0.00342259,-0.004258809,0.014365108,-0.01364278,10.37,-0.01344164,0,-0.001,0,-0.017358587
20091019,0.04551,0.023487981,0.012966578,0.037926556,-0.008241347,0.025086535,0.008207978,10.38,0.002795876,0,0.001,0,0.020706326
20091020,0.02947,-0.00250313,0.000694078,0.02870735,0.023230236,0.005165365,-0.010041161,10.43,-0.027838559,0,0.0008,0,0.010674677
20091021,-0.01283,0.006957481,-0.000564787,-0.006105119,-0.010403227,0.00375116,-0.016651629,10.44,0.061243613,0,0.0003,0,-0.005120874
20091022,-0.01737,-0.020656325,0.001308947,-0.004262252,-0.023476041,0.003589643,-0.024552701,10.5,-0.071342236,0,-0.0024,0,-0.012202676
20091023,0.03585,0.020656325,0.008422596,0.006271749,-0.001004192,0.046219873,-0.050991433,10.52,0.073589984,0,0.0004,0,0.009346417
20091027,-0.05091,-0.017317256,-0.048404888,-0.001152004,-0.046615707,-0.014107288,-0.031285146,10.56,0.02116483,0,0.001,0,-0.029970327
20091029,-0.01449,0.030608851,0.050699723,-0.010739164,0.067695024,0.016077391,0.039811609,10.7,-0.119755585,0,-0.0036,0,0.025666205
20091030,0.02053,-0.043547141,0.008978135,0.017975284,0,0.014846205,-0.034338135,10.77,0.214707429,0,-0.0006,0,-0.002222236
20091102,-0.0322,-0.021353124,-0.015119494,-0.01221714,-0.028559316,-0.020968366,-0.002120902,15.36,-0.046938429,0.0047,0.0073,0,-0.018934049
20091103,0.0048,0.028301133,0.012555432,-0.006587015,0.024014941,0.043164465,0.057901577,15.42,-0.017277045,-0.037,-0.0012,0,0.023450076
20091105,-0.0212,0.017391754,-0.022329809,-0.041101817,-0.017465619,-0.005224349,-0.015160626,11.64,0.025263196,0,0.0049,0,-0.015012924
20091108,-0.02752,-0.012590416,-0.008964099,-0.021212634,-0.046607464,-0.003275359,-0.02015983,9.17,0.039236104,0,0.0015,0,-0.020047115
20091109,0.01296,0.00056693,0.002000023,-0.018501296,0.004085839,0.03614408,0.014598804,9.23,0.025158576,-0.0278,0.0061,0,0.007407769
20091112,-0.0266,-0.010085352,-0.015802058,0.031872759,-0.014847278,0.020799258,-0.014200132,10.49,-0.033252872,0.075,0.0014,0,-0.004123258
20091113,-0.03273,0.00714351,0.010025674,0.021984352,-0.017160852,-0.00349507,0.013958343,10.37,-0.036978968,0,-0.0018,0,-3.91E-05
20091116,-0.02622,0.008643096,-0.007249793,0.009501971,-0.054012788,0.022294234,0.017664844,10.36,-0.020325077,0,0.0001,0,-0.004196919
20091117,-0.01723,-0.012469853,-0.015460278,-0.010233135,0.008238967,-0.013822562,-0.024619661,10.31,-0.021192826,0,-0.0004,0,-0.012228075
20091118,0.00193,0.003305788,0.020648936,0.020127366,0.03526813,0.002160636,-0.02626414,10.38,-0.03542608,0,-0.0063,0,0.008168102
20091119,0.00576,-0.011003517,-0.009461552,-0.002135512,-0.018991083,-0.021330459,-0.03224408,10.39,0.045195221,0,0.0028,0,-0.012772315
20091120,-0.06021,-0.012369834,0.006596259,-0.005435355,-0.023482451,0.002330469,-0.006362687,10.4,-0.019634662,0,0.0011,0,-0.014133371
20091123,0.02213,0.033397631,0.029411781,0.014684509,0.011299571,0.050064112,0.033475927,10.38,-0.047529161,0,-0.0022,0,0.027780504
20091124,-0.01706,-0.026663599,0.00956896,0.02549107,-0.021335963,0.013408917,-0.01974091,10.26,-0.033152234,0,-0.002,0,-0.005190218
20091125,-0.04662,0.001764603,-0.005820163,0.014791601,-0.008733711,0.017915441,-0.005260394,10.13,0.000488412,0,-0.0008,0,-0.004566089
20091127,0.01156,0.023673002,0.002897276,0.007432557,0.018309604,0.024589213,0.030570059,10.09,0.18897258,0,-0.0036,0,0.01700453
20091130,0.05043,-0.00254222,0.001940065,0.024312551,-0.037329922,0.006587055,-0.021739984,10.03,-0.009340151,0,-0.0028,0,0.003093935
20091201,-0.04994,0.002784904,0.022503842,0.053861292,-0.018324232,-0.042253109,-0.004973764,15.15,0.0681518,0,0.0205,0,-0.005191581
20091202,-0.01097,-0.056227811,-0.014597725,0.000849059,-0.05229277,-0.030212928,-0.036760891,15.24,-0.076511979,0.0237,0.0036,0,-0.028601867
20091203,0.01896,0.035298852,0.002107966,-0.005923666,0.063478557,0.003409232,0.06608013,15.41,-0.057333787,-0.0233,-0.0025,0,0.026201582
20091205,0.0212,-0.015323502,-0.027584792,-0.035292968,-0.031441516,0.020542489,-0.009445176,11.61,-0.033094089,0,-0.0023,0,-0.011049352
20091206,0.02786,0.00563496,-0.000971528,0.007259196,0.00048936,-0.009014836,-0.013423026,10.54,0.001421934,0,0.0021,0,0.002547732
20091208,0.03293,0.026295533,-0.001382278,-0.008449639,0.005372232,0.015114101,0.0212097,9.21,-0.020996067,0,0.0011,0,0.013012807
20091210,0.02742,0.011008601,0.025465025,0.007559615,0.013218322,0.010617323,0.015646897,10.17,-0.004769166,0,-0.0006,0,0.015847969
20091211,-0.01244,-0.012338327,-0.009025632,-0.00659563,0.011624272,0.006153437,-0.00899556,10.36,0.050772276,0,0.0021,0,-0.004516777
20091215,-0.01366,-0.002926118,0.031765349,0.000376817,-0.03989345,-0.016632713,-0.013187005,10.48,0.015947813,0,-0.0011,0,-0.007736731
20091216,0.06649,0.025853379,0.027978113,0.057452547,0.041354382,0.002080737,0.02079987,10.48,-0.045213451,0,-0.0063,0,0.034572718
20091217,-0.03572,-0.015649209,-0.035168188,-0.011112782,-0.033021015,-0.023914605,-0.018589922,10.5,0.091585416,0,-0.002,0,-0.024739389
20091218,-0.02454,-0.013873899,0.029819276,-0.060482986,-0.032978463,0.014194508,0.003305778,10.53,-0.037569474,0,-0.0001,0,-0.012079398
20091221,0.00619,0.026842381,-0.039109591,-0.024881933,0.025405558,0.005407179,0.007671279,10.54,-0.05645324,0,0.0015,0,0.001074982
20091222,0.03279,-0.005743017,-0.006925517,-0.041538941,-0.006099912,0.013684161,0.00977737,10.53,-0.047473258,0,0.0012,0,-0.000579408
20091223,-0.01444,0.00161856,0.01184934,0.004302135,-0.006907178,0.003027374,0.006465533,10.56,0.008662381,0,-0.0058,0,0.000845109
20100102,-0.00855,0.014279157,0.009132252,0.016470388,0.029298275,0.01424553,0.018394139,8.15,-0.086051818,0,-0.0047,0,0.013324249
20100103,0.0129,0.021782486,-0.019170385,0.010697698,-0.008347017,0.01794746,0,6.9,-0.012384047,0,-0.0014,0,0.005115749
20100104,0.00711,0.016396669,0.015858189,-0.003190006,0.006729734,0.010658484,0.024831974,5.68,-0.006845483,-0.0047,0.0037,0,0.011199292
20100106,-0.02673,-0.007044954,-0.003779511,-0.015819026,-0.022372291,-0.043996229,-0.045863425,6.73,0.102737844,-0.0278,-0.0037,-0.5,-0.023657919
20100107,0.03884,-0.029007246,0.004949098,-0.002323704,-0.017415016,0.003943106,-0.013136477,7.27,-0.049861968,-0.0238,-0.0057,0,-0.002021463
20100109,0.02899,0.057653419,-0.016539556,0.015241006,0.044891939,0.001010439,0.040217059,6.76,-0.086557803,0,-0.0036,0,0.024494901
20100110,-0.03315,-0.011761439,-0.0073379,-0.027748124,0.004416517,0.019043628,-0.021587447,6.75,-0.051959771,0,-0.0018,0,-0.011160681
20100113,-0.04082,-0.007209094,0.036396045,0.010611974,0.027144763,-0.018142841,-0.007662873,8.54,-0.02216155,0,-0.0013,0,4.54E-05
20100114,0.02571,0.010453355,-0.022882243,-0.015307064,0.05281755,-0.016652664,0.008752801,8.51,-0.012401581,0,0.001,0,0.006127391
20100115,-0.01664,-0.03734045,0.020458573,-0.006312299,-0.003220606,0.008537018,-0.022027328,8.52,0.015757259,0,-0.0058,0,-0.00807787
20100119,-0.0028,0.004074047,-0.024676546,-0.021995027,-0.009386706,-0.000291159,0.023243992,8.5,-0.01859732,0,0.0023,0,-0.004547343
20100120,-0.06071,-0.027963822,-0.010347825,0.001135649,-0.031381601,0.004021072,-0.032242938,8.5,0.060691561,0,0.0049,0,-0.022498495
20100121,0.02792,-0.026525777,-0.006276457,-0.022039106,-0.03413302,-0.033866334,-0.004530017,8.53,0.175787053,0,0.0021,0,-0.014207244
20100122,0.00722,-0.019033836,-0.004149769,-0.027460602,-0.012227212,-0.011192516,-0.021802351,8.5,0.204012414,0,0.0015,0,-0.012663755
20100125,0.02837,-0.017852475,0.015488303,0.00847073,-0.012378606,-0.024548202,-0.010495716,8.44,-0.072110125,0,-0.0087,0,-0.001849424
20100126,-0.04432,0.020512557,-0.01022993,-0.046592929,0.019383869,-0.016688126,-0.022526155,8.24,-0.034430968,0,0.0038,0,-0.014351531
20100127,-0.08224,-0.018191023,0.006238915,0.004135492,-0.014768205,0.012396848,-0.029199159,8.27,-0.059149128,0,0.0003,0,-0.017375305
20100128,0.02817,-0.013227191,0.032540052,0.041344403,-0.04825895,0.009170783,-0.041336525,8.27,0.025177356,0,0.0016,0,0.001200367
20100129,0.08431,0.020926941,0.003050815,0.000396658,0.024964587,0.003413372,0.038864344,8.29,0.036819104,0,-0.0099,0,0.025132388
20100202,0.02123,0.018356013,0.012792035,-0.019499541,0.000352053,-0.005418875,0.032280155,7.84,-0.050385089,0,0.002,0,0.008584549
20100203,0.04865,0.007339482,0.01397592,0.009579724,0.016266411,0.028297906,0.003762434,6.76,-0.010438548,-0.0296,-0.0001,0,0.018267411
20100206,-0.00452,0.002606997,-0.01747347,0.012569631,-0.018619892,0.01061054,-0.009066251,6.76,-0.163810793,0,0.0011,0,-0.003413206
20100207,-0.00717,0.016306878,0.021182392,0.040659129,0.005966725,-0.024133813,0.003849331,7.26,-0.0870667,0,-0.0114,0,0.008094377
20100208,0.07753,0.051397633,0.044850372,0.029503482,0.006634883,0.038702062,0.032039356,6.71,-0.065503515,0.0625,-0.0021,0,0.04009397
20100209,0.03739,0.002482576,0.008245421,0.00662925,-0.005355668,0.01375119,0.003624131,6.73,-0.029738761,0,0.0032,0,0.009538129
20100211,0.02998,0.00076643,-0.011645008,-0.025787587,0.024218712,0.001333502,0.023543371,6.66,-0.011981721,0.0313,0.0036,0,0.006058489
20100212,-0.04815,0.031194705,-0.007252952,0.009147516,0.023537727,0.051275298,0.039511321,6.38,-0.096762605,0.0303,-0.001,0,0.014180516
20100216,-0.02454,0.027509075,-0.00739941,0.014050408,0.03873337,0.009688062,0.00869793,7.02,-0.021343609,0,-0.0009,0,0.009534205
20100217,-0.01093,0.038868869,0.000764196,0.015222676,0,-0.040624488,0.019922491,7.03,-0.024108545,0,0.0007,0,0.003317678
20100218,0.01558,0.021277398,0.010679725,-0.007630298,0.024780035,-0.023362452,-0.010289963,7.02,-0.051487177,0,0.0032,0,0.004433492
20100219,0.03791,0.015760319,-0.002981959,-0.007801378,0.0180185,0.004582177,0.001008566,7.11,-0.03001449,0,0.0021,0,0.009499461
20100222,0.04225,0.016257482,0.010790635,0.042021023,-0.004474279,0.006079903,-0.011660456,7.13,-0.004004005,0,-0.003,0,0.01446633
20100223,-0.02455,-0.024771392,-0.00657691,0.009371218,-0.036176048,-0.024414895,-0.039526725,7.13,0.069260317,0,0.0004,0,-0.02094925
20100224,0.00146,0.005117039,-0.006419998,0.000314034,0.006772452,-0.005821315,0.005291016,7.11,-0.052846126,0,-0.0018,0,0.000959033
20100225,-0.0387,-0.026627375,-0.013375565,-0.004388546,-0.027004324,0.00555328,-0.034902867,6.97,-0.008422149,0,0,0,-0.019920771
20100226,0.05031,0.030965777,0.015876207,-0.016421644,0.00980578,0.014475831,0.014646312,6.91,-0.030305368,0,-0.0023,0,0.017094038
20100302,-0.02266,-0.025184567,0.002530633,-0.008886866,-0.018114499,-0.010811567,-0.014218258,7.24,0.005571084,0,0.0048,0,-0.013906446
20100303,-0.03732,0.002738477,-0.004991812,0.001834153,0.003936302,-0.010298623,0.04150845,6.67,-0.012140532,0.0562,-0.0052,0,-0.000370436
20100308,-0.03062,0.005391818,0.008179194,-0.013633407,0.00578967,0.010893173,-0.018182313,6.62,0.027779517,0.1655,-0.0003,0,-0.004597409
20100309,0.03604,0.019080583,-0.001773205,-0.016059244,-0.001847667,0.001751792,0.01436659,6.75,-0.084544753,-0.0592,0.0013,0,0.00736555
20100311,-0.00423,0.004586287,-0.008917339,-0.015838184,-0.009222237,0.023960491,-0.024097546,6.72,-0.097816809,-0.0651,-0.0002,0,-0.004822647
20100312,-0.01354,0.016827941,0.014626531,0.013832919,-0.001673908,0.011500586,0.025696073,6.35,-0.073830266,0.0443,0.0024,0,0.00961002
20100315,0,-0.014490446,0.001684065,0.010456293,0.003361339,-0.02253584,-0.018121377,6.13,0.02360987,0,-0.0008,0,-0.005663709
20100316,-0.01758,0.02287624,0.032850436,0.008320321,0.01696929,0.015656758,0.020578388,6.1,-0.01737222,0,0.0002,0,0.014238776
20100317,-0.0347,0.004166673,0.028233328,0.015328796,0.013436218,0.006457481,0.060696792,6.14,-0.045094384,0,-0.0027,0,0.013374184
20100318,-0.10098,-0.009049836,-0.006774583,-0.004667157,-0.020388722,-0.013045467,-0.008115987,6.14,-0.017298314,0,0.0001,0,-0.023288822
20100319,0.05324,0.002095705,-0.007897372,0.007080407,-0.009345865,-0.008417763,-0.00935679,6.13,0.020840199,0,0.0014,0,0.003914046
20100322,-0.02399,-0.003145206,-0.012755949,-0.025632155,-0.01045013,0.006870434,0.003519067,6.23,-0.005910092,0,0.0007,0,-0.009369134
20100323,0.03431,0.008712374,0.017293608,0.025905297,0.025427921,0.017720517,0.008163311,6.22,-0.031309026,0,-0.0038,0,0.019647575
20100324,0.01744,0.003463807,-0.016579054,-0.023009838,-0.008959741,-0.004247302,-0.004656584,6.16,0.070825986,0,-0.0032,0,-0.005221245
20100326,0.09216,-0.000170285,0.023697139,-0.014742438,-0.005174662,-0.008591353,0.029380641,5.77,-0.034838976,0,0.0023,0,0.016651292
20100329,-0.02798,0.001701549,-0.011917099,-0.011889707,0.00807367,0.011384023,-0.007825641,5.68,-0.010181101,0,-0.001,0,-0.005493315
20100330,-0.04139,-0.009051381,0.004767511,-0.005964579,-0.003221644,0.013350415,-0.007887365,5.7,-0.026499304,0,0.0016,-0.5,-0.00705672
20100331,-0.01276,-0.024838446,-0.004688185,-0.009007965,0.003543241,-0.01036778,-0.010233169,5.68,0.026499304,0,0.0048,0,-0.009764615
20100401,-0.01227,0.023688575,0.015527799,0.018865586,0.03395274,-0.002878598,0.020074627,10.49,-0.078659869,-0.0968,-0.0068,0,0.013851533
20100402,-0.02613,-0.05275691,-0.025893549,-0.030040447,-0.057158431,-0.032258767,-0.051418904,7.04,0.188475402,0.0357,0.0055,0,-0.039379573
20100403,0,-0.001459588,0.002524609,0.02540866,-0.018018494,-0.001112542,0.00615703,6.73,-0.005858904,0,0.0019,0,0.001928525
20100405,-0.11842,-0.063137336,-0.005139711,-0.061228946,-0.060255543,-0.035276791,-0.077421146,5.87,0.16617739,0,0.0048,0,-0.060125639
20100406,-0.04136,-0.061599424,-0.053211062,-0.037869026,-0.081225449,-0.006770438,-0.058510777,6.7,0.185935765,0.0359,0.0043,0,-0.048649454
20100408,0.00653,0.001790831,-0.018769842,-0.00210279,0.000160348,0.009031143,-0.027908792,6.63,-0.018733826,-0.0966,0.0031,0,-0.004467015
20100410,0.06944,-0.010528465,-0.010359351,-0.009401653,-0.012793343,-0.000312443,-0.013179761,6.72,0.044760923,0,0.002,0,0.001837855
20100411,-0.03668,0.035952196,-0.00844741,-0.023315796,0.020445692,0.01809472,0.019759156,6.68,-0.054635383,0,-0.0003,0,0.003686937
20100413,-0.05479,-0.008427016,-0.008330003,-0.001815322,-0.000296958,-0.005500107,-0.004424784,5.19,0.039023254,0,0.0036,0,-0.011940599
20100414,-0.04993,0.015395685,0.012722014,-0.008999101,0.041023947,0.021238175,0.01430955,5.18,-0.038381596,0,-0.0002,0,0.006537181
20100415,0.05449,-0.001216017,-0.000938117,0.003438378,-0.008588665,-0.007043054,-0.00109349,5.1,0.019060309,0,0.0009,0,0.005578434
20100416,-0.03861,-0.038629892,0.005729122,-0.000701768,-0.031544671,-0.015332433,-0.039045676,5.01,0.144484416,0,0.001,0,-0.02259076
20100419,-0.01747,0,-0.021618838,-0.015387699,0.015896714,-0.050461343,-0.006849346,4.98,-0.057158438,0,0.0023,0,-0.013698645
20100420,0.05609,0.009529875,-0.003867291,-0.001744609,-0.015303413,0.030019257,0.02488816,4.9,-0.097446292,0,-0.0032,0,0.014230283
20100421,-0.05289,-0.034592927,0.009279919,0.002722519,0.017345734,0.013403507,-0.013498513,4.85,0.036821643,0,-0.0027,0,-0.008318537
20100422,-0.05923,-0.021723701,-0.000741463,0.003693256,-0.031983804,-0.012549509,-0.027556283,4.75,0.009149172,0,0.0009,0,-0.021441643
20100423,0.01681,0.002647005,0.003176433,0.003176433,0.01404477,0.0218079,0.004645767,4.71,0.009066337,0,-0.0033,0,0.009472615
20100426,0.00333,0.029764102,-0.004525342,-0.00240266,0.024909721,0.0052996,0.001158088,5,0.049878245,0,-0.0022,0,0.008219073
20100501,0.08289,-0.001923582,0.044974945,0.035070676,0.030681742,0.017257002,-0.014752642,10.28,-0.035037883,0,-0.007,0,0.027742592
20100502,-0.07637,-0.056438722,-0.023470855,-0.0379086,-0.032005822,-0.021377414,-0.020818231,7.29,0.001149672,0,0.0032,0,-0.038341378
20100503,0.03188,0.036041552,-0.000590235,0.017347532,0.025135979,0.027791558,0.027744526,6.66,-0.071973459,0.0065,-0.0003,0,0.023621559
20100505,-0.03884,-0.027251893,-0.04388019,-0.073327269,-0.054799386,-0.035017195,-0.016889531,6,0.043904475,0.0459,0.009,-0.25,-0.041429352
20100508,-0.02469,0.00178763,0.015156168,-0.001510884,-0.004821614,-0.027182092,-0.019048188,6.62,-0.004964971,0,0.0004,0,-0.008615569
20100510,0.03906,0.038074201,-0.010521006,-0.002222203,0.021232207,0.004213428,0.027264493,6.73,-0.078202799,-0.1294,0.003,0,0.016728731
20100511,-0.00883,-0.010539064,0.024948101,0.031027319,-0.004474284,0.005468673,-0.030347154,6.67,-0.014138366,0.0539,0.0003,0,0.001036227
20100514,-0.04671,-0.077007365,-0.01971622,-0.017090506,-0.048500023,-0.025943292,-0.065263799,6.45,0.157785085,0,-0.0009,0,-0.042890172
20100517,0.00828,-0.003759403,-0.046522689,-0.067258497,-0.015183638,0.011140056,0.004412571,6.46,-0.012886764,0,0.0023,0,-0.015555943
20100518,0.01636,0.031209083,0.029487451,0.045684335,0.035809462,-0.016463912,0.030888401,6.5,0.084224287,0,0.0005,0,0.024710689
20100519,-0.00203,-0.062883535,-0.001928933,-0.001928933,-0.019984826,-0.035830266,-0.061625661,6.67,0.051412526,0,-0.0003,0,-0.026601736
20100520,-0.05429,-0.010639553,-0.020966432,0.00736128,-0.058044647,-0.049752446,-0.025870945,6.75,0.25961638,0,0.0014,0,-0.030314678
20100521,0.01913,0.008802013,-0.035387008,-0.056295281,0.044171247,0.024299479,0.024166886,6.88,-0.13268945,0,-0.0032,0,0.004126762
20100525,-0.02343,-0.028324334,-0.102250259,-0.118033781,-0.097880087,-0.018615699,-0.078117787,7.05,-0.10182927,0,0.0017,0,-0.066664564
20100526,0.06669,0.001435433,0.100867788,0.104033552,0.020919016,0.040120666,0.018576379,7.21,0.011776665,0,-0.0041,0,0.050377548
20100527,-0.03279,0.04350624,0.010171863,0.022789621,0.037532382,0.0397595,0.064730228,7.07,-0.165445911,0,-0.0023,0,0.026528548
20100528,-0.03175,-0.007635244,-0.02631866,-0.016485094,-0.013952925,-0.000226852,-0.015064025,6.77,0.077447576,0,0.0031,0,-0.015918971
20100604,-0.02292,0.003281806,-0.01697038,0.002077815,0.029580506,0.021324077,0.004449394,5.56,-0.047527797,0.0325,-0.0024,0,0.002974745
20100605,-0.02202,-0.025543225,-0.015035594,-0.018176757,-0.061494793,-0.054576907,-0.077070953,6.48,0.275159169,0,0.0079,0,-0.039131176
20100607,0.03334,0.041475406,-0.001997977,-0.01406782,0.012622101,0.011569851,0.030180615,7.25,-0.015727318,-0.0377,-0.0053,0,0.016160311
20100608,-0.02532,-0.005013439,-0.021653548,-0.017166534,-0.046328251,0.013937129,-0.003612288,6.63,-0.016423755,0.0261,-0.0028,0,-0.015022419
20100610,0.06252,0.006582064,0.010207287,-0.050537747,0.031433523,0.007293862,-0.011904892,6.71,-0.012485733,0,-0.0043,0,0.007942014
20100612,0.02247,-0.013605652,-0.017918167,-0.025156773,-0.016585147,-0.003576014,-0.028727305,6.35,0.000555106,0,0.0011,0,-0.011871294
20100614,0.03209,0.026127853,-0.016444771,0.036420164,0.016807136,0.036506731,0.050149782,6.93,-0.007320967,0,-0.0007,0,0.025950985
20100615,-0.02775,0.036179657,0.04491625,0.047296059,0.041672691,0.015429916,0.038907119,6.92,-0.099623141,0,-0.001,0,0.028093099
20100616,-0.00434,0.001825743,0.015703877,0.030618904,-0.0223569,-0.002350092,-0.018997939,6.78,0.001930846,0,0.0007,0,1.48E-05
20100617,-0.00436,-0.005691072,0.007461543,0.017760296,-0.021090428,-0.001891069,0.007959718,6.78,-0.034141077,0,0.0019,0,2.13E-05
20100618,0.02373,0.022572502,0.015709799,-0.039076326,0.040040179,0.007883339,0.025568835,6.8,-0.044905441,0,0.0012,0,0.013775475
20100621,0.01691,0.002786071,0.018093357,0.007994981,-0.017559439,-0.015922705,0.008209378,6.84,0.038095878,0,-0.0017,0,0.002930235
20100622,-0.04722,-0.019363535,-0.032087348,-0.018169123,0.002081904,-0.010548206,-0.020129716,6.88,0.083622743,0,-0.0015,0,-0.020776575
20100623,-0.03808,-0.021918124,0.016944223,-0.019665636,-0.020308832,-0.023888174,-0.003656311,6.85,-0.005189018,0,-0.0004,0,-0.015796122
20100624,-0.04913,-0.051200647,-0.019075268,-0.008957176,-0.04152969,-0.036411043,-0.003144652,6.83,0.099994974,0,0.0031,0,-0.029921211
20100625,0.00717,-0.011179424,-0.080602478,-0.058517246,0.002577777,0.03161402,0.016658379,6.82,-0.041536744,0,0.0099,0,-0.01318271
20100628,-0.01681,0.035513096,-0.048715122,-0.035248305,0.02559821,-0.004206213,-0.002067187,6.94,0.016339641,0,0.0213,0,-0.006562217
20100629,-0.00973,-0.071762366,-0.022448887,-0.04738328,-0.05130274,-0.000768583,-0.058041315,7.08,0.162880964,0,0.0035,0,-0.037348167
20100630,-0.0123,0.023046659,0.024548996,0.035094569,-0.005486726,-0.000654891,0.008190059,7.16,0.011941305,0,-0.0048,0,0.010348381
20100701,0.00454,0.017325451,0.012570084,-0.001818653,-0.025133361,-0.002356874,0.023281474,9.47,-0.005232894,0.0764,0.0012,0,0.004058303
20100704,-0.04445,-0.028156096,0.018584526,0.016777791,0.019954608,-0.000609049,-0.005564839,5.39,0.023745487,0,0,0,-0.003351866
20100705,-0.01427,-0.058466458,-0.03116211,-0.07543427,-0.013480155,0.001754562,-0.033799218,7.81,0.221923337,-0.0323,-0.0056,0,-0.032122521
20100706,-0.04314,-0.010138175,-0.031051842,-0.03332165,-0.035228677,-0.009546307,0.003200011,6.81,0.030259079,0.0334,0.0058,0,-0.022746663
20100707,-0.00469,0.057593784,0.000144099,0.000144099,0.04059392,0.003430642,0.059288269,7.24,-0.099568795,-0.0001,-0.0016,0,0.02235783
20100709,-0.05203,-0.021945924,-0.000799856,-0.000799856,-0.023546447,-0.004620229,-0.024730779,6.73,0.110509128,-0.0645,0.0006,0,-0.018353299
20100710,0.00189,0.010812932,0.009332867,0.008765283,0.009724557,-0.000732147,0.012442675,6.7,0.003252021,0,0.0013,0,0.00746231
20100712,0.04349,0.022574322,0.018530729,0.001863676,0.012158701,-0.021962957,0.004845563,6.36,-0.001666242,0.0828,-0.0029,0,0.011642862
20100713,0.02247,0.028587457,0.007153681,-0.002148712,0.04179,-0.014221206,0.010863119,7.21,0.005307184,0,0.0037,0,0.013499191
20100714,0.02198,-0.013895908,-0.000735758,0.049454273,0.002336043,0.021877018,-0.008438869,7.16,0.01334701,0,0.0001,0,0.010368114
20100715,0.06522,-0.04093286,0.00584818,0.010520215,-0.00668897,0.008880116,-0.019560534,7.13,0.009994087,0,0.0024,0,0.003326592
20100716,0.01215,-0.034358311,0.010662982,0.001530499,-0.039354968,-0.004729047,-0.013423017,7.14,0.04320581,0,-0.0011,0,-0.00964598
20100719,0.04139,0.001698514,-0.008603275,-0.006390774,-0.011055629,-0.021165188,-0.007031672,7.18,-0.01072399,0,-0.0009,0,-0.001594003
20100720,-0.05353,-0.003612797,-0.011417984,-0.016187649,0.012799322,0.002245265,-0.004546604,7.23,-0.081809085,0,0.003,0,-0.010607207
20100721,-0.01643,0.013008485,0.00179896,0.00179896,0.005386171,0.005363015,0.006560706,7.21,0.069020694,0,-0.0025,0,0.002498042
20100722,0.07765,0.046500911,0.018869832,-0.006546513,0.054787442,0.003301525,0.030710683,7.21,-0.04018843,0,-0.0007,0,0.032181983
20100723,-0.03907,-0.000601987,-0.000736406,0.006330801,-0.007905172,0.007277668,-0.004889984,7.24,-0.048242197,0,0.0006,0,-0.00565644
20100726,0.07297,0.023409123,0.004660347,0.018646666,0.04399157,-0.006913892,0.003669731,7.24,-0.032037363,0,-0.0048,0,0.022919078
20100727,0.10703,0.053447834,0.035244927,0.053593881,0.021910083,0.023131892,0.054645425,7.18,0.020035557,0,0.0008,0,0.04985772
20100728,-0.02869,0.021332181,-8.81E-05,-0.006688793,0.003554075,-0.017778227,-0.003474239,7.07,0.044695443,0,0.0002,0,-0.004547582
20100729,0.02369,-0.028794902,0.025813529,0.006438764,0.001079141,0.013648067,0,6.92,-0.004960773,0,-0.0001,0,0.005982086
20100730,-0.0254,-0.013005555,-0.017216553,-0.0471218,-0.052348112,-0.009439562,-0.002322888,6.78,-0.026455424,0,0,0,-0.023836353
20100801,-0.00454,0.023426636,0.036805974,0.001714655,0.011734617,0.002388083,0.009370186,9.04,-0.050023892,0,-0.0013,0,0.011557164
20100802,-0.05548,0.007402741,0.009049997,-0.008026847,0.003129917,-0.0144432,-0.014991224,7.22,0.015203623,0.0608,-0.0013,0,-0.010479802
20100803,-0.01789,0.007544557,0.01308792,0.017103934,0.041332495,0.021863203,0.006199642,6.6,0.021017577,-0.0127,-0.0002,0,0.012748822
20100804,-0.07714,-0.018437827,-0.038312708,-0.023602568,-0.026175483,0.000266299,-0.027150993,5.22,-0.008459343,0.0334,0.0069,0,-0.03007904
20100806,-0.03542,-0.028753317,-0.0413254,-0.033241483,0.001990025,0.008252193,0.017733208,6.87,-0.081730364,0.0679,-0.0028,0,-0.015823539
20100807,0.03469,0.03270577,-0.008891395,0.014509975,0.031965356,0.040127714,0.012152047,7.18,-0.043013332,0,0.0002,0,0.022465638
20100809,-0.04328,0.0144971,-0.000268841,-0.014761932,-0.001372188,-0.001048833,0.012441839,6.72,-0.023380417,-0.0636,-0.0001,0,-0.004827551
20100810,-0.02682,-0.013628513,0.007617531,-0.008208695,0.0096309,0.000369413,0.008032177,6.71,-0.04022309,0,-0.0004,0,-0.003286741
20100811,0.03057,0.00925076,-0.023575607,-0.037498046,-0.015515858,-0.008651943,0.00781254,6.67,0.001641625,0.0267,-0.0009,0,-0.005372593
20100813,-0.00729,-0.005802543,-0.010535513,0.005115437,0.01140892,-0.001117613,-0.013052386,6.74,0.019627347,0,0.0013,0,-0.0030391
20100816,0.01452,-0.013037502,0.017983778,0.014875664,0.027464007,-0.005600226,-0.003036451,6.71,-0.005349626,0,-0.0002,0,0.00759561
20100817,0.07629,0.021449552,0.015124045,0.005236909,0.029656198,0.00911745,0.008076782,6.69,-0.070225175,0,-0.0005,0,0.023564419
20100818,-0.01514,-0.012927581,-0.005772192,-0.004323925,-0.021661493,0.008194986,-0.004535164,6.7,0.010629709,0,-0.0009,0,-0.008023624
20100819,-0.03449,-0.02540001,-0.001440382,-0.00840909,-0.026049695,-0.022806653,-0.021440317,6.7,0.072538173,0,0.0009,0,-0.020005164
20100820,-0.04853,-0.013240069,0.001760747,0.008729455,0.007970863,-0.004655238,-0.000516134,6.73,-0.036591826,0,-0.0015,0,-0.006925768
20100823,0.02186,0.01265963,-0.001610011,-0.008578719,0.00337271,-0.017389276,0.007714109,6.72,0.006647144,0,0.0006,0,0.002575492
20100824,-0.0613,-0.021518827,-0.01778341,-0.029204709,-0.030598084,0.003487063,-0.025422901,6.76,0.067797014,0,0.0022,0,-0.026048695
20100825,-0.05109,-0.028176527,-0.010590862,-0.009227408,-0.012928193,-0.018298859,-0.028245954,6.73,-0.028066773,0,0.0012,0,-0.022651115
20100826,0.05109,0.005375539,0.008036531,0.020959115,0.015874747,0.00632037,0.014489115,6.71,0.02478396,0,0.0017,0,0.017449345
20100827,-0.00384,0.006352429,0.017658912,0.014794173,0.007242644,0.003538108,-0.003736327,6.7,-0.112817307,0,-0.0015,0,0.00600142
20100830,-0.01746,-0.012643672,-0.015201935,-0.012337196,-0.001203482,-0.002987977,-0.010212389,6.75,0.106954272,0,-0.0015,0,-0.010292379
20100831,-0.00196,0.005076668,-0.016613636,-0.02953622,-0.014730364,0.03972341,0.000540091,6.8,-0.04356678,0,0.0085,0,-0.002500007
20100902,0.13918,0.017960178,0.00142747,0.00142747,0.011650626,0.012444196,-0.00260757,7.19,-0.019425491,-0.0118,-0.0036,0,0.025926053
20100903,-0.01117,-0.005081935,-0.021750709,-0.023348317,-0.016812907,0.002986145,-0.013189187,6.51,0.007280859,-0.046,0.0009,0,-0.012623844
20100904,0.07714,0.024978997,0.022591927,0.001287605,0.028300868,0.010169174,0.015927528,5.2,-0.020846872,0,0.0028,0,0.025770871
20100906,0.05609,0.020048404,0.018752166,0.022558916,0.033238653,-0.004156281,0.027856954,6.86,0.000889776,0,-0.0014,0,0.024912687
20100907,-0.00684,0.010435575,0.017575749,-0.007840596,0.010898343,-0.007571299,0.031213832,7.2,-0.028804499,0,0.0013,0,0.006838801
20100908,0,0.022189603,0.027617851,0.009431912,0.019385644,0.008523348,0.0143715,6.69,0.018232029,0,-0.0033,0,0.014502837
20100909,0.07053,0.017784833,0.019021876,0.023291755,0.01853637,0.011252172,0.024931336,6.74,-0.019106119,0,-0.0014,0,0.026478335
20100911,0.00215,0.009348432,0.026129264,0.017062057,-0.001975549,0.019217698,0.012154835,6.68,0.04228615,0,-0.0015,0,0.012012391
20100912,0.0339,0.027286823,-0.017026128,-0.000496826,0.029839444,0.032477469,0.019872071,6.32,-0.028009821,0,-0.0005,0,0.017978979
20100913,-0.01665,0.020574629,0.001101372,-0.005965835,0.011245661,0.000545983,0.028191952,6.7,-0.036115069,0,-0.0021,0,0.00557768
20100914,-0.02647,0.002675945,0.015152309,0.013635772,-0.004415017,0.00074647,-0.006169045,6.69,0.016366996,0,-0.0056,0,-0.000691938
20100915,-0.00962,-0.008229027,0.00627342,-0.00223727,-0.015780788,-0.01661281,-0.004962788,6.67,0.024737905,0,0.0017,0,-0.007309895
20100916,-0.01363,-0.012108217,0.016184396,-0.000622722,-0.006765554,-0.002810393,-0.019086465,6.69,-0.017344162,0,0.0015,0,-0.005548422
20100917,-0.0339,-0.019831719,-0.010700318,-0.023685314,-0.023957461,-0.003462912,-0.025161791,6.7,0.013263442,0,0.0017,0,-0.020099931
20100920,-0.04141,0.013630714,-0.019362538,-0.009633269,0.026912173,-0.00960224,0.008801505,6.73,-0.023443971,0,0.0025,0,-0.004380522
20100921,0.01469,0.000731529,0.044144796,0.023804014,0.015157034,0.019022566,-0.021360538,6.76,0.038773403,0,-0.0021,0,0.013741343
20100922,-0.00418,0.01054747,-0.00916172,-0.000931221,-0.018982453,0.003838236,-0.040843934,6.77,0.007133327,0,-0.0016,0,-0.008530517
20100923,-0.04493,-0.025280702,-0.00772503,-0.006543736,0.006598406,-0.019583473,0.004378758,6.76,0.05866281,0,0.0027,0,-0.013297968
20100924,0.0323,0.025642431,0.001985561,0.001985561,0.022588225,0.034467331,0.032243529,6.71,-0.094849534,0,-0.0029,0,0.021601805
20100927,-0.02358,-0.001991131,0.016921498,0.000392196,-0.020513555,-0.002047997,0.001057092,6.68,0.037518608,0,-0.0004,0,-0.0042517
20100928,-0.05118,-0.014601464,-0.020400949,-0.018260467,0.00344827,-0.001419699,-0.010621461,6.74,0.002658374,0,0.0042,0,-0.016147967
20100929,0.0248,-0.023815079,-0.002169226,-0.009442028,0,0.002947242,-0.017232508,6.76,0.028355209,0,0.0013,0,-0.0035588
20100930,0.0242,-0.017857617,0.026377846,0.03753157,0.010955275,0.017828887,0.017232508,6.76,0.019169948,0,0.0002,0,0.016609781
20101002,0.02878,0.030674438,0.010057032,0.038499211,0.034904901,0.020120757,0.03640495,7.13,-0.023347379,0,-0.0022,0,0.028491613
20101003,0.05996,0.009616299,0.001209854,0.018909498,0.018512699,0.013846226,0.020578388,6.47,0.035629947,0,-0.0007,0,0.020376138
20101005,0.12165,0.189767776,0.106579611,0.133691226,0.141313546,0.095493391,0.1900672,6.56,-0.350588511,0,-0.0069,0,0.139794679
20101006,0.02247,0.034830547,-0.017566539,0.028106547,0.059719228,0.03393127,0.039502443,6.82,-0.09836851,0,0,0,0.028713357
20101008,-0.05084,-0.016997576,-0.017927028,-0.022166277,-0.038466296,-0.01584451,-0.003573562,6.7,0.010334913,0,0.0016,0,-0.023687893
20101009,-0.02357,0.006953367,0.003424904,0.017609619,-0.01682142,-0.008321196,-0.00706004,6.71,-0.036611219,0,-0.0025,0,-0.003969252
20101012,-0.0601,-0.006945812,0.016909238,0.008285161,-0.008499272,-0.029294284,-0.015748353,6.29,0.020654814,0,-0.001,0,-0.013627617
20101013,0.04429,0.027980419,0.009297762,0.030919855,0.026986242,0.022659768,0.020321554,6.67,0.007368422,0,-0.0004,0,0.026065086
20101014,-0.06334,-0.032178898,0.006420404,-0.009123057,-0.012931553,-0.002387151,-0.012250496,6.69,0.041597755,0,0.0025,0,-0.017970107
20101015,-0.01161,-0.00402415,0.000769839,0.008149989,-0.013418754,-0.007608822,-0.004834813,6.68,-0.043697442,0,-0.0018,0,-0.004653816
20101018,-0.01174,-0.001537279,-0.001142939,-0.015958112,0.013105108,-0.018132881,0.023943681,6.69,0.003147928,0,0.0022,0,-0.001637489
20101019,0.02719,-0.001539646,-0.011680726,-0.026159476,0.00078398,-0.033267894,0.00628932,6.7,0.077581641,0,0.0028,0,-0.005483492
20101020,0.01521,0.005569975,-0.002713119,0.012438225,-0.001568607,0.032141156,0.012461235,6.71,-0.041569481,0,0.0016,0,0.010505552
20101021,-0.00568,0.011615859,0.005976879,-0.009733135,0.014339378,-0.024966917,-0.001549201,6.75,-0.0266273,0,0.0026,0,-0.001428162
20101022,0.02991,0.006040033,-0.010859782,0.020571447,0.007707757,-0.005527118,-0.015625312,6.73,-0.025756996,0,-0.0044,0,0.004602432
20101025,0.00917,-0.005661461,0.022861077,0.01390229,0.005818434,0.027821644,-0.007905185,6.65,0.055411516,0,-0.0074,0,0.009429543
20101027,-0.0233,0.000950119,0.000124658,0.000124658,0.007604595,0.002474358,0.001061017,6.66,0.023944452,0,-0.0004,0,-0.001565799
20101029,-0.06703,-0.004367234,-0.000390789,-0.01488388,-0.014236764,0.02600884,-0.01325928,6.64,0.015209495,0,0.0004,0,-0.012594158
20101101,-0.01143,-0.014194223,0.001640152,0.030066571,0.052204286,0.013661821,0.002871917,8.89,-0.032514072,0.0647,-0.0086,0,0.010688646
20101102,-0.042,-0.026852712,0.001021044,0.001021044,0,0.034532752,-0.01931936,7.01,-0.058363424,-0.0608,-0.0001,0,-0.007371033
20101103,-0.0093,-0.009967731,0.006750491,-0.004518121,0,0.028950799,-0.011104378,6.38,-0.027847841,0.0647,0.0012,0,0.000115866
20101105,-0.04462,-0.023431875,-0.087579734,-0.03829049,-0.025437075,-0.014554644,-0.015345564,6.53,-0.01819506,0,0.0031,0,-0.035608483
20101106,0.02198,0.054511524,-0.00309619,-0.031069699,0.004699085,0.002591854,0.026637364,6.85,-0.059990989,0,0.0033,0,0.01089342
20101108,0.00717,-0.040078224,-0.008520414,-0.007148752,-0.002410867,-0.000900564,-0.035219182,6.75,0.126634559,0.0647,0.0003,0,-0.012444
20101110,0.03997,-0.009442941,-0.006874748,0.008951478,0.005257727,-0.002410031,-0.001067245,6.66,-0.088285183,0.0945,-0.0009,0,0.004912034
20101115,0.01507,0.007896262,0.00018562,-0.031067101,0.012927524,-0.013283484,0.005176899,6.6,-0.020093782,0,-0.0006,0,-0.00044204
20101116,0.00426,-0.035646584,-0.000842191,-0.008810407,-0.017011726,-0.02305502,-0.019114405,6.59,0.111381913,0,0.001,0,-0.01431719
20101117,-0.03244,0.014832209,-0.007608962,0.039775284,0.007370872,-0.007542992,-0.004689328,6.58,-0.036991123,0,0.0002,0,0.001385298
20101118,0.00657,0.025298687,-0.00985354,-0.001623041,0.03016539,0.006041644,0.017472774,6.57,-0.14887968,0,0.0007,0,0.010581702
20101119,0,-0.006734032,-0.016443545,0.000223508,0.000606249,-0.023743441,-0.017472774,6.58,-0.038602187,0,0.0003,0,-0.009080576
20101122,-0.00877,-0.021820427,-0.017051295,-0.055452148,-0.012655504,-0.002168424,-0.024384214,6.61,0.01812738,0,-0.0006,0,-0.020328859
20101123,-0.00221,-0.038921506,0.006475487,-0.002035202,-0.030694916,0.063289306,-0.022527583,6.61,0.116027341,0,0.0032,0,-0.003803488
20101124,-0.00664,-0.004397369,0.010489985,0.002051117,0.004105484,-0.029903868,-0.008658063,6.56,-0.053259649,0,-0.002,0,-0.004707531
20101126,-0.00893,-0.022019052,-0.001931632,0.006231726,-0.012359526,-0.026812,-0.009337142,6.46,0.127506116,0,0.0029,0,-0.010736804
20101129,-0.02039,-0.032427384,0.002118359,0.010215617,-0.020782053,-0.016107052,-0.035649863,6.46,-0.03154541,0,-0.0019,0,-0.016146054
20101130,-0.02315,-0.034062357,0.026920264,0.001602456,-0.019063857,-0.002608142,-0.034281538,6.4,0.089253797,0,-0.0019,0,-0.012091882
20101201,-0.08388,-0.004947549,-0.008159973,-0.014039392,-0.00659608,-0.018458791,-0.0076046,8.64,0.039111174,0,0.0009,0,-0.020526626
20101202,-0.02395,-0.018731037,-0.003363067,0.006489031,-0.008988816,0.011214135,-0.016563529,7.07,-0.052700117,-0.0071,0.0038,0,-0.00769904
20101203,-0.00401,0.001755927,0.013929751,0.000324099,0.008792784,-0.005987559,0.008647368,6.19,-0.026937631,0.0072,-0.0013,0,0.003350339
20101204,0.05023,0.007898242,-0.025513179,-0.004208856,0.02130614,0.00350224,0.022322347,5.21,-0.035312589,0,-0.0015,0,0.010790991
20101205,-0.00763,0.009018578,0.022437897,0.037391042,0.040516592,0.014843225,-0.003097572,6.44,-0.104105782,0,-0.0007,0,0.016211395
20101207,0.00684,-0.001798382,-0.030543031,-0.038996711,0.003664598,0.01947839,0.004866188,7.22,-0.022263589,-0.0071,0.0026,0,-0.005212707
20101208,-0.0162,-0.004097603,-0.006105838,0.002404852,-0.008310289,-0.000319491,-0.00869031,6.73,0.013302237,0.0072,-0.0017,0,-0.005902668
20101210,-0.01126,-0.003611828,-0.0114763,0.004358841,-0.000794855,-0.004007468,-0.011815379,6.7,-0.001583467,-0.0668,0.0024,0,-0.005515284
20101211,0.0131,0.00586845,0.005187048,0.004398402,0.029753206,0.026531406,0.011017789,6.59,0.100466648,0,0.0024,0,0.013693757
20101213,-0.02237,0.008098772,-0.014438705,0.002090597,0.010575823,0.015745196,0.004106782,6.27,-0.003413051,0,-0.0017,0,0.000544066
20101214,0.00901,-0.004234032,0.008329763,3.10E-05,0.0072341,0.024519798,-0.00469485,6.23,0.003413051,0,-0.0002,0,0.005742248
20101215,-0.0181,-0.022429024,-0.017382521,-0.000715468,0.00058824,-0.000416446,-0.042661911,6.19,0.018565929,0,0.0009,0,-0.014445304
20101216,0.01361,-0.002171982,0.008156666,-0.008116808,0.016910002,-0.003340324,-0.008631374,6.19,-0.031137593,0,0.0002,0,0.002345169
20101217,0,-0.017547808,0.009393681,-0.023002813,-0.025918415,-0.016041596,-0.032727905,6.2,-0.076455058,0,-0.0006,0,-0.015120694
20101220,-0.06034,0.001105806,-0.00923966,0.003115967,0.013848203,0.012278556,0.025269813,6.22,0.018450661,0,0.0004,0,-0.001994474
20101221,-0.01932,0.010295458,0.001579636,-0.010653955,0.018122993,-0.009087423,0.03433814,6.21,0.004863227,0,-0.0009,0,0.003610693
20101222,-0.01722,-0.010898473,0.008388502,-0.008127441,0.013698831,0.00746507,-0.004228336,6.21,-0.065145132,0,-0.0007,0,-0.001560264
20101223,0,-0.00372665,0.015149524,-0.015418342,-0.007968172,-0.011585646,-0.003031232,6.22,0.063931512,0,0.0006,0,-0.003797217
20101227,-0.03793,-0.013804523,-0.016283426,-0.002382105,-0.01077209,0.002889379,-0.01900149,6.21,0.070327788,0,0,0,-0.013897751
20101228,0.00514,-0.002968424,0.013973088,0.007574311,0.019306999,-0.003877275,-0.006830188,6.23,-0.008525179,0,-0.0004,0,0.00461693
20101229,0.02031,0.004194165,0.000747543,0.003295337,0.00804124,0.005473424,-0.00437091,6.18,-0.013793309,0,0.0025,0,0.0053844
20101230,-0.02287,-0.011395842,0.006227152,0.021060746,-0.012584126,-0.004797519,-0.03178908,6.21,0.013793309,0,-0.0025,0,-0.008021238
20110102,0.10208,0.035798408,-0.006435999,-0.000150202,0.016797999,0.033079494,0.010995159,5.02,-0.102349831,0,0.0001,0,0.027452123
20110103,0.04481,-0.026142939,0.00063726,-0.009167926,-0.019802615,-0.019586223,-0.019512804,6.32,0.13536893,0.0715,-0.0005,0,-0.006966464
20110104,-0.01774,0.034844077,0.020253189,-0.002309148,0.021533088,0.002205376,0.001718721,5.67,-0.01935178,-0.0662,0.0023,0,0.008643615
20110106,-0.01274,-0.007776377,0.009335057,0.026713851,-0.007387587,0.005318778,-0.026959273,5.66,0.169292027,-0.0071,0.001,0,-0.001927936
20110107,0.05057,0.02431223,0.006432292,-0.020072053,0.028631806,0.006309155,0.051396033,5.49,-0.040141268,0.0072,0.0006,0,0.02108278
20110109,-0.04526,-0.006292407,-0.004169449,0.006548384,-0.013902929,-0.032364464,0.005818602,6.15,0.006305155,0,0.0021,0,-0.01280318
20110113,0.02186,0.028054807,0.003427163,0.006294114,0.003147801,-0.031382509,0.027431659,5.19,0.009194035,0,0.0016,0,0.008404719
20110114,0.0293,0.016881276,-0.015594626,-0.00441967,-0.000285757,0.000363883,0.00820157,5.16,-0.05841531,0,0.0013,0,0.004920954
20110118,-0.04302,0.017431286,0.028687926,0.008544378,0.044588043,0.010567494,0.017482957,5.05,0.026174482,0,-0.0001,0,0.012040298
20110119,0.06643,-0.004140793,0.008659052,0.006016144,-0.005466001,0.000563448,0.029598063,5.03,0.086853811,0,0.0011,0,0.014522845
20110120,0.02789,0.016275731,-0.017032494,-0.013741267,-0.009084699,0.001552613,0.021637464,5.03,0.038531697,0,0.0015,0,0.003928193
20110121,0.02469,0.022204784,-0.036981443,0.003642933,0.001105592,0.002286639,0.008199013,5.01,0.026331722,0,0.0005,0,0.003592503
20110124,0.03593,0.001269611,0.02149009,0.000287883,0.002207495,-0.040185879,0.022073571,4.96,-0.045411995,0,-0.0008,0,0.006153253
20110125,-0.02381,-0.011301615,0.016963492,-0.000391848,-0.044526929,0.023141602,-0.025345124,4.96,-0.003405194,0,-0.0026,0,-0.009324346
20110126,-0.01701,-0.002385979,-0.009874971,-0.015533482,0.025886802,0.019003641,-0.01485584,4.98,-0.055521169,0,0.0026,0,-0.002109976
20110127,0.01218,0.019290862,0.027138164,-0.001668176,0.003644011,0.009486161,0.024097546,4.99,-0.029889373,0,0.0004,0,0.013452653
20110128,0.01681,-0.007235922,-0.01897475,0.0007991,0.008358929,0.006499214,-0.01142868,5.04,0.215810296,0,-0.0017,0,-0.000738873
20110131,0.01887,-0.008752791,-0.005454897,-0.012729239,0.015418811,-0.033573265,-0.009901074,5.04,-0.025778542,0,-0.001,0,-0.005160351
20110202,0.02911,0.00546305,0.019521129,0.003721848,0.010157794,-0.020022581,0.029627804,5.04,-0.018895491,0,0.0003,0,0.011082721
20110203,-0.02419,-0.014436066,0.001127513,-0.001683772,-0.000666894,0.014217674,0.002186974,6.32,-0.014864789,0.0006,-0.0016,0,-0.003349224
20110205,-0.01535,-0.000748923,-0.004737076,0.013347621,0.014258924,0.021265765,-0.004613606,5.69,0.08072043,0,0.0048,0,0.003346101
20110208,-0.03005,-0.024921603,-0.019458805,-0.020725365,-0.040008487,-0.000199225,-0.059423418,5.29,0.046654531,-0.0006,0.0014,0,-0.0278267
20110209,-0.09716,-0.064454361,0.006740265,-0.028971128,-0.040821969,-0.066498407,-0.0547414,6.09,0.063909744,0,0.0024,0,-0.049415286
20110211,0.05419,0.03863473,-0.017066769,0.007909839,-0.062489338,-0.007761114,0.070831797,6.21,-0.060157336,0.0778,-0.0008,0,0.012035592
20110212,0.02188,0.090180952,0.036022234,0.0303155,0.054818837,-0.014213519,0.03008226,6.36,0.004005125,0,0.0005,0,0.035583752
20110214,0.03161,-0.012061161,0.019444851,-0.002241881,-0.000530719,-0.004508446,-0.009166954,5.73,0.016435277,0,-0.0018,0,0.003220813
20110215,-0.01794,0.022060367,-0.006601402,-0.000126849,0.017496991,-0.00034532,0.031985674,5.92,0.025991625,0,0.0017,0,0.006647066
20110216,-0.00454,0.028902752,0.01304253,-0.00562038,0.028540315,-0.000417306,0.038594956,6.06,0.021155124,0,-0.0016,0,0.014071838
20110217,0.04228,-0.003397319,0.010668895,0.005750634,-0.015325982,-0.023225052,0.008044296,6.11,-0.007805453,0,-0.0004,0,0.00354221
20110218,0.04265,-0.009059117,0.000878722,0.004448899,-0.004256155,-0.00091016,-0.007035205,6.09,-0.009691163,0,-0.0004,0,0.003816712
20110222,-0.02618,-0.028215872,-0.00771732,-0.009073804,0.011461827,0.020907378,-0.018359044,6.26,0.235843999,0,0,0,-0.008168119
20110223,0.04001,-0.009585027,0.013296455,0.011756037,0.008738249,-0.018572015,0.007600471,6.37,0.061981166,0,0.0009,0,0.00760631
20110224,-0.0178,-0.006929276,-0.026535779,-0.027067004,-0.013201963,0.004964859,-0.004879374,6.35,-0.037288531,0,-0.0006,0,-0.013064077
20110225,-0.02424,0.02279404,0.02399827,0.027426396,-0.010449137,-0.003195318,0.018309609,6.31,-0.103694217,0,-0.0033,0,0.007806266
20110228,-0.01858,0.011912311,0.015167289,0.025540274,0.017006534,0.00702259,-0.005887095,6.35,-0.046321773,0,-0.0017,0,0.007454558
20110301,0.01825,0.035590945,0.007935463,0.036719075,0.024178866,0.001953047,0.022989525,6.12,-0.007918559,0.0006,0.0075,0,0.021088132
20110302,0.02429,-0.01540808,-0.018622419,-0.007796654,-0.010560887,-0.001598246,-0.020917903,5.04,-0.035896688,-0.0006,0.0007,0,-0.007230598
20110303,0.00813,-0.002949311,0.008764991,0.021827872,-0.014108393,-0.015243997,-0.01485584,6.32,-0.106972136,0,0.0022,0,-0.001204954
20110306,0.12099,0.021518384,-0.002727797,0.000799544,0.00652128,-0.006436699,0.016072353,5.54,-0.00776915,0,-0.0017,0,0.022391009
20110308,-0.04153,-0.018838304,0.00032201,-0.011257955,-0.029237088,-0.043192026,0.017590597,5.33,-0.058559463,0.0002,-0.003,0,-0.018020395
20110310,-0.08633,-0.047534713,-0.008681377,-0.015212127,-0.072837327,0.002329231,-0.031648219,6.23,0.056343409,-0.0002,-0.0098,0,-0.037130647
20110311,0.14131,0.072590905,0.008012747,-0.005276961,0.015572399,0.011388044,0.042376618,6.11,-0.07087094,0.0008,0.001,0,0.040853393
20110314,0.06492,-0.001318143,-0.001687356,0.000498083,-0.015093028,-0.00806373,0.037698471,6.25,0.050969501,0,-0.0018,0,0.010993471
20110315,-0.06492,-0.021137605,-0.030209753,-0.019860067,-0.002276597,-0.003829213,-0.028139783,6.17,0.140605253,0,-0.0011,0,-0.024339003
20110316,0.03593,-0.031674202,0.02694031,0.021522653,-0.041593914,-0.0247152,-0.041708417,6.19,0.189695617,0,0.0009,0,-0.007899824
20110317,0.02517,0.027624442,0.008835344,0.012587316,0.019703621,0.018328937,0.002912914,6.18,-0.108767629,0,-0.0016,0,0.016451796
20110318,0.00382,0.004819286,-0.006609037,-0.023423977,0.010428851,0.012499603,0.004063867,6.18,-0.076005876,0,-0.0007,0,0.000799799
20110321,0.01512,0.022438667,0.031545861,0.028657741,0.007464861,0.018505145,0.024042373,6.21,-0.170444732,0,-0.0033,0,0.021110664
20110324,0.0322,0.015668088,0.040161614,0.019644258,0.01584908,-0.003103033,0.042559622,5.99,-0.062974803,0,-0.0017,0,0.023282804
20110328,-0.00397,0.003196994,-0.025193023,-0.018560267,0.00557103,0.007486183,0.003736327,5.76,0.081973619,0,0.0058,0,-0.003961822
20110329,-0.01603,-0.003008652,-0.028812573,-0.020758242,-0.002781635,0.001506162,-0.037453494,5.72,-0.068111462,0,0.002,0,-0.015334062
20110330,-0.05395,0.003759403,-0.002670285,0.008022576,0.009012176,-0.007511148,0.001657915,5.67,-0.025091965,0,-0.0032,0,-0.005954195
20110331,-0.03031,-0.032220879,-0.010880302,-0.004864653,-0.017263399,-0.001581097,-0.037697859,5.68,0.001692564,0,0.0044,0,-0.019259741
20110401,-0.03417,0.013389237,0.002081826,0.00520565,-0.002781635,0.039928472,0.003780718,6.09,-0.013146886,-0.0257,0,0,0.003919181
20110402,-0.07257,-0.003934197,-0.01448743,0.000973173,0.009097067,0.014827605,0.020917903,5.01,-0.046605627,0,-0.0009,0,-0.006453697
20110403,-0.00813,-0.017880901,0.003106803,0.002377785,-0.021888696,0.012846761,0.003320419,6.24,0.024430269,0,-0.0006,0,-0.00374969
20110404,-0.02721,-0.013185348,-0.006600177,-0.003454853,-0.018168445,-0.008589052,-0.016739214,5.65,0.005730697,0.0258,-0.0027,0,-0.013421013
20110405,-0.02961,0.011162907,-0.000267327,0.00890178,-0.018397005,-0.008117107,-0.029396598,5.65,0.022499419,0.0006,0.0004,0,-0.00938905
20110408,-0.01066,-0.028878493,-0.039476358,-0.007008627,-0.045351216,-0.017230722,-0.097929121,5.3,0.303173129,-0.0006,0.0017,0,-0.03521922
20110410,-0.10354,-0.052846539,-0.011455476,-0.012612486,-0.039665267,-0.022946356,-0.046060777,6.23,-0.107440688,0,0.0021,0,-0.041303843
20110411,-0.04786,-0.033124047,-0.002438152,-0.002438152,0.011024012,0.004875581,-0.067790938,6.06,-0.011210146,-0.0001,0.0027,0,-0.019678814
20110413,-0.00442,0.001497286,0.013918492,0.004590523,0.018189975,0.014013285,-0.005109286,5.68,-0.009997147,0,-0.0011,0,0.006097182
20110415,-0.03092,-0.010311338,-0.016307307,0.021482625,0.001121999,-0.007568268,-0.002924842,5.71,-0.060163805,0,-0.002,0,-0.00648959
20110418,-0.07783,-0.028620663,-6.63E-05,0.01227544,-0.033350665,-0.012946366,-0.042483196,5.71,0.101698432,0,0,0,-0.02614596
20110419,0.02067,-0.009924655,0.005074916,-0.007376813,-0.003484321,0.015433175,-0.001223252,5.72,-0.068950707,0,-0.0018,0,0.002738436
20110420,-0.08817,0.008145471,0.009595188,0.009269457,0.003774136,-0.000206994,-0.009222328,5.8,-0.049200877,0,0.0006,0,-0.00954501
20110421,0.0221,0.0172621,-0.019334045,-0.028609152,0.022633822,0.009097695,0.043511409,5.81,-0.025539031,0,0.0003,0,0.009523118
20110426,-0.00274,0.005817352,0.000425874,-0.008827193,-0.01484045,-0.003530483,-0.002368269,5.81,-0.009557293,0,0.0001,0,-0.00372331
20110427,-0.0306,0.008471364,0.012596923,0.016957544,0.015831468,-0.002473298,0.026902212,5.73,-0.017436638,0,0,0,0.006812316
20110501,-0.02436,0.002995509,0.001540365,-0.004801482,-0.023819046,-0.003561672,-0.006942284,5.87,-0.020930922,0,-0.0006,0,-0.00842123
20110504,0,-0.005132603,0.003143361,-0.002976864,-0.005614035,-0.001552156,0.008115987,5.65,-0.014388737,-0.0579,-0.0031,0,-0.000573759
20110505,-0.01931,-0.001295936,-0.00106228,-0.01351548,-0.008810606,-0.001768967,-0.018061893,5.56,0.063513452,0.0249,0.0016,0,-0.00911788
20110507,-0.04421,-0.013059887,0.030101553,0.018127497,0.000411047,-0.001102436,-0.008617881,5.43,0.011901148,0,-0.0025,0,-0.002621444
20110508,-0.00717,0,-0.072136958,0.021394417,-0.020033777,0.001941673,0.021874404,5.35,0.010681853,0,0.0014,0,-0.007732892
20110510,0,0.081569814,0.020113371,-0.002287097,0.104984732,-0.013685368,0.068319249,6.21,-0.076598496,0,-0.0013,0,0.0370021
20110512,-0.01088,0.048036414,0.024625378,0.037159473,0.039047311,0.025288986,0.052805407,6.38,0.011560811,0.0059,-0.0016,0,0.030868996
20110513,0.01136,-0.009651151,0.000848054,0.011436941,-0.023786175,-0.01308913,0.017528409,5.51,0.062860509,0,-0.0006,0,-0.000764722
20110516,-0.01709,-0.010121923,0.003970511,-0.0173582,0.009170314,0.008383517,-0.015092352,5.48,0.066294453,0,-0.0021,0,-0.005448305
20110517,0.04769,-0.004720998,-0.010679229,0.000927609,-0.019625961,-0.037724113,-0.011009289,5.48,-0.038563066,0,0.0017,0,-0.005020283
20110518,-0.03627,0.010731535,-0.001752276,-0.013627085,0.004494393,-0.002422972,-0.009267894,5.47,-0.078192553,0,0.0038,0,-0.006873471
20110519,-0.02299,0.017449858,0.006512404,0.001450206,0.008928637,0.011150472,0.012338215,5.47,-0.044731809,0,-0.004,0,0.004977113
20110520,-0.0176,-0.037881897,-0.011440549,0.003542403,-0.002373202,0.012276021,-0.038754847,5.46,0.116063333,0,0.0001,0,-0.01317601
20110523,-0.0149,-0.018324363,0.011050855,-0.046641915,-0.013154159,-0.017764955,-0.025170743,5.47,0.047067518,0,0.003,0,-0.017843611
20110524,-0.01818,-0.000973805,-0.027915539,-0.005229023,0.006299723,0.009798117,-0.001962706,5.45,-0.024938991,0,-0.0001,0,-0.00545189
20110525,0.05648,0.022161038,-0.006924162,-0.016245134,0.006260254,-0.000724666,0.026495892,5.42,-0.042998886,0,0.0034,0,0.01250046
20110526,-0.04735,-0.003245207,-0.00283361,-0.000156167,0.002226363,-0.01732365,-0.029118847,5.44,-0.059124548,0,-0.0014,0,-0.013971588
20110527,-0.03077,0.022685283,0.011137754,0.003140565,0.011057975,0.007036278,0.019506483,5.44,-0.006860059,0,0.0001,0,0.006256334
20110531,0.08242,0.018803495,-0.001460995,0.002855169,0.013805334,0.025867835,0.026959273,5.55,-0.033728921,0,0.0007,0,0.024178587
20110604,0.0537,0.017381885,-0.008449606,0.012400648,0.023095047,0.025207174,0.034055509,5.66,-0.020498544,0,-0.0005,0,0.02248438
20110605,-0.034,0.008301865,-0.005296208,-0.00247404,0.007201142,0.00082852,0.017465051,5.5,0.010929008,0,-0.0003,0,-0.001139096
20110606,-0.00571,-0.019802627,0.001348851,0.033763139,-0.007830666,-0.000476839,-0.031090584,5.49,0.029639876,0.0478,0.0021,0,-0.004256961
20110607,-0.04625,-0.014184635,-0.010811547,-0.016543844,-0.03399603,0.00571372,-0.073186539,5.35,0.017284424,-0.0014,0.0051,0,-0.027036982
20110609,-0.06492,-0.053818761,-0.012152997,-0.023005236,0.013692807,0.014652432,-0.045490314,5.96,0.086913156,-0.0006,-0.0008,0,-0.024434581
20110610,0.03572,0.082465625,0.009337287,0.01180416,0.027462265,0.006134593,0.037647141,6.2,-0.041582688,0.0007,-0.0002,0,0.030081582
20110612,-0.02052,-0.003323266,0.007606627,0.009966324,-0.027469206,-0.032693945,-0.013245233,6.36,0.010362752,0,0.0008,0,-0.011382671
20110614,0.00948,0.02307351,0.006390705,0.006947391,0.017320873,0.00619265,0.024692606,5.4,-0.071326784,0,-0.0009,0,0.013442534
20110615,0.02485,-0.025215464,-0.002519284,-0.00321834,-0.009278129,-0.015296562,-0.03351521,5.43,0.154932697,0,0.0032,0,-0.009170427
20110616,-0.04389,-0.003710579,-0.022552181,-0.023578468,-0.009806137,-0.002503579,-0.005468215,5.43,0.064040033,0,0.0121,0,-0.01592988
20110617,0.06213,0.021102322,0.002655319,0.000772606,0.009223412,0.005652,0.042930793,5.48,-0.039484679,0,0.0001,0,0.020638065
20110620,-0.04939,-0.008658063,-0.012669684,-0.009241156,-0.014532386,-0.018249596,-0.023249139,5.56,-0.088968802,0,0.003,0,-0.019427146
20110621,0.09358,0.025375777,0.006113535,0.008930199,0.035300346,0.005237306,0.021277403,5.55,-0.058188827,0,-0.0039,0,0.027973509
20110622,-0.04118,0.004886309,0.004730776,0.007306157,-0.010907106,-0.005234536,-0.001316647,5.53,-0.018192056,0,-0.0047,0,-0.005959292
20110624,0.01254,-0.021485009,0.004711889,-0.004938498,-0.055021652,-0.006790094,-0.057036128,5.5,0.089686184,0,-0.0018,0,-0.018288499
20110627,0.02157,-0.000597907,-0.008075766,-0.033720409,0.008652809,0.002759716,0.005122588,5.51,-0.025925644,0,0.0005,0,-0.00061271
20110628,0.0418,0.019153513,0.002295239,0.022583509,0.027137485,0.009103999,0.022375526,5.48,-0.070000854,0,-0.0022,0,0.02063561
20110629,0.01163,0.016872309,-0.000884789,0.004123233,0.030709245,0.009637249,0.014174598,5.47,-0.104375642,0,0.0016,0,0.012323121
20110630,0.00289,0.023378429,-0.005018462,0.034970823,0.030901339,-0.004178641,0.027075571,5.49,-0.044399123,0,0.0045,0,0.015717008
20110701,-0.01657,-0.022730558,0.031592934,0.023512841,-0.004431432,-0.012741499,-0.016207814,5.55,-0.015055307,0.0007,0.0007,0,-0.00251079
20110702,-0.01299,0.009096647,0.012649649,0.003560186,0.00093176,-0.001889396,0.011609634,5.03,0.02173326,0,-0.0004,0,0.003281211
20110704,0.03847,0.017637141,0.0141925,0.006351969,-0.011898291,-0.011869241,0.002786284,5.68,0.012349524,0.0427,0.0025,0,0.007952909
20110706,-0.02613,0.002663117,-0.004195434,-0.0107853,-0.005986716,0.003935793,0.006557398,5.51,-0.022976945,0,0.004,0,-0.004848735
20110707,0.00295,-0.013036994,-0.015571838,0.004165507,0.013234052,0.012134202,-0.043182706,5.35,-0.024157281,-0.0007,-0.0033,0,-0.005615397
20110709,0.1884,0.064622806,0.030997114,0.028613398,0.02811603,0.038668903,0.048490642,5.89,-0.102960962,0,-0.0011,0,0.061129842
20110710,0.02598,-0.014943259,0.045758494,0.095067824,0.04698021,-0.003334606,0.040943124,6.19,-0.001931826,0,-0.0015,0,0.033778827
20110711,0.06638,-0.003568536,0.001378455,0.006467184,-0.033786975,-0.01491755,0.018489536,6.05,-0.010331685,0.0593,-0.0024,0,0.005777445
20110712,-0.03242,-0.001665784,0.002652053,-0.008840128,0.013645747,0.01323839,-0.0245411,6.37,0.01901469,-0.0561,-0.002,0,-0.005418689
20110713,-0.05846,-0.00930936,-0.003878184,-0.015155654,0,0.015998369,0.014622523,5.35,0.002011012,0,-0.0024,0,-0.008026044
20110714,-0.00671,-0.009939581,-0.005801264,3.86E-05,-0.012146499,-0.021203626,-0.003231024,5.35,0.04373084,0,-0.0009,0,-0.008427625
20110715,-0.01356,-0.016862329,0.013509091,0.018946675,-0.008380776,-0.014492127,-0.021260012,5.32,-0.06300117,0,-0.0013,0,-0.006014211
20110718,0.01356,-0.037120447,-0.000999851,-0.031459064,-0.019577217,-0.011229195,-0.065751356,5.35,0.070186903,0,0,0,-0.021796733
20110719,-0.00676,0.028692808,-0.006733407,-0.006323925,0.008241805,-0.000713042,0.045717299,5.35,-0.086707754,0,-0.0031,0,0.008874505
20110720,-0.01022,0.044751902,0.006255637,0.001783655,0.025807895,0.00879367,0.057345772,5.33,-0.006266283,0,-0.0027,0,0.019216933
20110721,0.03698,0.040996615,-0.00250053,-0.004997276,0.042485543,0.014297946,0.094875807,5.35,-0.083541088,0,-0.001,0,0.031734015
20110722,0.17237,-0.002148668,0.002561465,0.046748412,-0.01099147,-0.00566339,-0.046692442,5.35,-0.002280446,0,0.0011,0,0.022311987
20110725,-0.06306,-0.044293478,-0.003596948,-0.003596948,-0.035055433,-0.011711329,-0.073174587,5.37,0.099349328,0,0.0037,0,-0.033498389
20110726,-0.08004,-0.002250925,-0.001586477,0.004075771,0.010793324,0.002741826,0.043137668,5.41,0.044474189,0,-0.0058,0,-0.003304116
20110727,0.0159,-0.016445248,-0.009259327,-0.010255552,-0.021854745,-0.009164269,-0.043954335,5.28,0.127457624,0,0.0031,0,-0.013576211
20110728,-0.02233,0.012143703,0.000988354,-0.005757091,0.002102119,0.003020053,0.028193573,5.25,0.032537127,0,-0.0004,0,0.002622959
20110802,0.01514,0.008662655,-0.017543492,0.021295976,0.016363537,0.001053503,-0.018533759,5.3,-0.029294725,-0.0015,-0.0004,0,0.003776917
20110803,-0.0438,0.018401354,0.000954563,-0.002475993,-0.009835907,-0.003116043,0.008928624,6.21,-0.041507943,0.0001,-0.0014,0,-0.004420486
20110804,-0.02548,0.006603105,0.005605853,0.010333607,-0.005162933,0.016068849,-0.001670842,5.67,0.043460253,0.0014,-0.0002,0,0.000899663
20110806,-0.07955,-0.00820224,0.00334973,0.002922024,-0.01000893,0.003164847,-0.01980262,5.45,0.039071774,0,0.004,0,-0.015446741
20110807,-0.0391,-0.039359665,0.000606921,-0.008496237,-0.025927633,-0.010642185,-0.081789439,5.37,0,0,0.0037,0,-0.029244034
20110808,-0.05928,-0.032658517,-0.078621306,-0.131731386,-0.066193925,-0.054574713,0.003755877,5.45,0.405465108,0.0012,0.0014,0,-0.059900567
20110809,-0.13498,0.018475553,-0.015204477,-0.0204234,0.012714739,-0.006554941,0.005377938,5.83,0.027771315,0,0.003,0,-0.020084941
20110811,0.11267,0.017716682,-0.000968102,0.004095472,0.024441111,0.020307483,0.02063217,6.04,-0.082726402,0.0054,0.0009,0,0.028413545
20110816,0.02667,-0.000666445,-0.017885223,0.037585458,0.00901583,0.001819377,-0.006650856,6.03,0.030286544,0,0.0015,0,0.007126877
20110817,0.04052,-0.021836695,0.042109997,0.008254943,-0.014312855,0.07034466,-0.016338659,6.27,-0.039427692,0,-0.0067,0,0.015534484
20110818,-0.0595,-0.069986239,-0.056147926,-0.042361626,-0.073991248,-0.100630905,-0.077019183,6.26,0.300972048,0,0.0032,0,-0.06851959
20110819,-0.01156,-0.043615037,0.007780499,-0.029898664,-0.049403085,-0.011687894,-0.059839999,6.22,0.008866159,0,0.002,0,-0.02831774
20110822,-0.02353,-0.00091645,-0.019424211,0.030035786,-0.00753909,0.019846404,-0.001111739,6.23,-0.014270932,0,-0.0017,0,-0.000377043
20110823,-0.06137,0.007763187,0.00541563,0.000868101,-0.005420064,0.039029369,-0.026487875,6.21,-0.157100315,0,-0.0013,0,-0.005743093
20110824,-0.07443,0.0141526,0.011057142,0.006768821,0.022144291,-0.00414447,0.018110272,6.13,-0.010253628,0,-0.0006,0,-0.000905906
20110825,-0.09531,0.026990799,0.015487081,0.013376487,0.012467153,0.004435559,0.016685604,6.08,0.102124002,0,-0.0004,0,-0.000838188
20110826,-0.05129,-0.023558216,0.001210488,-0.02037721,0.013764574,-0.009091845,0.001653329,6.18,-0.110796636,0,-0.002,0,-0.012526983
20110829,0.26236,0.024576323,0.022390137,0.032894216,0.025561134,0.028944484,0.022864362,6.19,-0.097616898,0,-0.004,0,0.059941522
20110830,0.01606,0.009836619,0.044001542,-0.005018763,-0.00404612,0.010643524,-0.012456136,6.13,0.018720836,0,-0.0022,0,0.008431524
20110831,-0.10492,0.032153467,-0.000942636,0.017406381,0.027393498,0.071118302,0.026883313,6.19,-0.039378783,0,0.0013,0,0.009870332
20110902,0.0296,0.00509175,0.007337877,0.000245649,-0.005249369,-0.009365736,-0.003748331,5.56,0.00378785,-0.0341,0.0001,0,0.003415977
20110903,0.02318,-0.009442941,-0.001321162,0.029835332,-0.007265644,0.001227252,0.01214814,6.16,0.019980666,0,0.0006,0,0.006908711
20110905,-0.00868,-0.027756276,0.002304007,-0.000292918,-0.004844053,-0.011719862,-0.032769915,5.48,-0.069769559,0,-0.0038,0,-0.011965574
20110906,0.04057,0.00267789,0.002678252,0.002799822,0.004869787,0.011935814,-0.002002,5.44,-0.055813194,0,-0.0023,0,0.009075652
20110908,0.01515,0.000635768,-0.049067742,0.004251733,-0.025322664,-0.063830434,0,5.49,-0.314140092,0.0015,0.0047,0,-0.016883334
20110909,0.02286,-0.078389302,-0.022018719,-0.010469516,-0.094678706,-0.051376428,-0.085820188,5.83,0.115449333,0,0.0051,0,-0.04569898
20110911,-0.09449,-0.020645895,-0.009475819,-0.020667897,-0.024441111,-0.011797624,-0.070496825,6.04,0.274495081,0,0,0,-0.036002167
20110912,0.02575,0.043864613,-0.001062368,-0.011991367,-0.064685078,0.010891824,0.068546514,6.38,-0.148067048,0,0.0016,0,0.010187734
20110913,-0.00631,0.069503206,-0.01850008,-0.028095269,0.005126327,0.004687181,0.071710294,5.86,-0.044510667,0,0.0002,0,0.01401738
20110914,0.025,-0.040078224,0.004698432,0.008124358,-0.028400438,-0.016052434,-0.016416256,5.89,-0.064628875,0,0.0039,0,-0.009017795
20110915,-0.00619,0.125600397,0.026143217,0.022189474,0.030589438,0.043313074,0.066691391,5.93,-0.079055696,0,-0.0069,0,0.044048142
20110916,0.05439,-0.078582026,0.001528073,-0.006432236,0.014950859,0.021342358,-0.072917643,5.91,-0.031456121,0,-0.0018,0,-0.009388659
20110919,-0.02985,-0.056355507,-0.015666259,-0.033877255,-0.060175943,-0.03155984,-0.013272975,5.94,0.054950254,0,0.006,0,-0.034393968
20110920,-0.0497,-0.067319119,0.012471935,-0.001684183,0.006587303,0.023354639,0.004910568,5.91,0.003964057,0,-0.0016,0,-0.01019698
20110921,0.01266,-0.018635338,-0.004790537,-0.003760209,-0.017834898,-0.040888628,-0.029111033,5.98,0.127273237,0,0.0031,0,-0.014622949
20110922,-0.05827,-0.058735179,-0.034696621,-0.03443121,-0.105646156,-0.035508808,-0.064730641,6.06,0.102543017,0,0.0029,0,-0.056002659
20110923,-0.1431,0.093297591,-0.0111372,-0.040857619,-0.019619817,0.031422095,0.042879794,6.21,-0.002421272,0,-0.002,0,-0.006730737
20110926,-0.08841,0.039121953,-0.004332349,-0.001473843,0.09948667,0.031826689,0.061404029,6.28,-0.055576766,0,0.0013,0,0.01966045
20110927,0.05716,0.132343603,0.049970577,0.044120132,0.080062982,0.038072293,0.066311543,6.25,-0.03414906,0,-0.0006,0,0.066863019
20110928,0.11955,-0.013231916,-0.024018823,-0.02123218,-0.0488997,-0.013538272,-0.001946174,6.21,0.085596143,0,0.0051,0,-0.000473866
20110929,-0.02857,0.048862421,0.012951068,0.005740113,0.022501228,0.010616654,0.058636413,6.16,-0.056070782,0,0.0002,0,0.018676842
20110930,-0.0369,-0.035630505,-0.002085634,-0.001016759,-0.032523178,0.001037706,-0.017295059,6.21,0.100818782,0,0.0071,0,-0.017773347
20111001,-0.08423,-0.029053952,0.012894302,0.009809382,-0.043033125,-0.038073886,-0.037287945,5.41,0.023069162,0,0,0,-0.029853603
20111002,-0.06676,-0.011271694,-0.008841556,-0.011588138,-0.00158018,-0.019942956,-0.007539078,5.58,0.013767443,0,0.0019,0,-0.018217657
20111003,-0.01681,-0.001899336,-0.006712785,-0.002418967,-0.009440028,-0.010052489,-0.017160675,6.12,0.07890076,0.036,0.0003,0,-0.009213469
20111005,0.08895,0.022229364,0.00219036,-0.001126412,0.02096758,0.008505487,0.023171767,5.48,-0.075633252,0.0069,-0.0023,0,0.023555449
20111006,-0.03739,-0.014236485,-0.008637337,0.000488736,0.002646272,-0.004622543,-0.010070585,5.41,0.059531642,-0.0067,0,0,-0.010260277
20111008,-0.02281,-0.09948821,0.028394997,0.026179806,-0.03792572,-0.084890637,-0.09840778,5.45,0.203906651,0,0.0065,0,-0.041278221
20111010,-0.12744,0.029204855,-0.016849876,-0.047806199,-0.096276833,0.012251211,0.115195721,6.19,-0.091945688,-0.0001,0.0016,0,-0.018817303
20111011,-0.05557,-0.005556478,0.003147156,0.003147156,-0.051474203,-0.03378194,0.038428714,6.04,-0.097220142,-0.0068,-0.0015,0,-0.014522799
20111013,0.04976,-0.058390556,-0.032740608,0.000830998,-0.067223464,0.01148548,-0.128933676,6.21,-0.018076653,0,0.0032,0,-0.032173118
20111014,0.0381,-0.033389793,0.012117397,-0.002232625,-0.035386023,-0.007030455,0.022940463,6.16,-0.083523275,0,0.0024,0,-0.000697291
20111017,-0.09812,-0.037919235,0.010565161,0.014426224,-0.024097544,-0.010411621,-0.063133029,6.2,0.167517031,0,0.0019,0,-0.029812863
20111018,-0.02083,-0.036570444,-0.001151382,-0.004452092,-0.024372141,-0.010619817,0.026609106,6.18,-0.056365957,0,0.0035,0,-0.01019811
20111019,0.03109,0.059651453,0.005661883,0.000493636,0.007024282,0.009130403,0.050663983,6.19,0.087328161,0,-0.0054,0,0.023387949
20111020,0.07847,-0.060152664,-0.003029485,-0.015879976,-0.042573437,-0.022686635,-0.127975215,6.22,0.009823834,0,-0.0015,0,-0.02768963
20111021,0.09015,0.060310008,0.014558684,0.031341692,0.057730011,0.016416496,0.064095166,6.23,-0.104785612,0,0.0005,0,0.047800294
20111024,-0.21243,0.006898742,-0.002017854,-0.002634104,0.020165126,0.012082452,-0.005558639,6.21,-0.068035458,0,-0.0017,0,-0.026213468
20111025,0.06401,-0.038221213,-0.015736377,-0.005073767,0.01038807,0.008421606,-0.03459378,6.19,0.096366012,0,0.0003,0,-0.001543637
20111027,0.03774,0.156359208,0.014983546,0.075166764,0.097242574,0.081829424,0.072227577,6.21,-0.159411255,0,-0.0027,0,0.076507013
20111031,-0.08701,-0.101242459,-0.027680971,-0.041155476,-0.091807553,-0.032988252,-0.058402388,6.22,0.199966242,0,0.0048,0,-0.062898157
20111101,0.02395,0.012912887,0.034914059,0.0253135,0.016906831,0.009444364,0.022804472,5.34,-0.037762344,-0.0028,-0.0014,0,0.020892302
20111102,-0.02938,0.004594459,-0.02547504,-0.006566933,-0.0064785,0.014741229,0.007002448,5.62,-0.02517443,0.0833,-0.002,0,-0.005937477
20111103,0.0415,0.010213821,-0.009135541,-0.020843859,0.011121391,0.006758515,-0.011794577,6.23,-0.085848648,0,-0.0019,-0.25,0.00397425
20111104,-0.04847,-0.010844698,-0.012072126,-0.009558611,0.01278862,-0.001230159,0.005004174,5.67,-0.074323263,-0.0063,-0.0013,0,-0.009197543
20111105,-0.03794,0.009011555,-0.000581901,-0.00390971,-0.002597049,-0.013330845,-0.007866904,5.52,0.063320046,0,0.0008,0,-0.008173551
20111107,-0.03116,-0.069932408,-0.019499774,-0.022413807,-0.030457749,-0.018319169,-0.06540471,5.34,0.142348188,-0.0001,0.0098,0,-0.036741088
20111108,0.00384,0.003084259,-0.010234197,-0.051388086,0.025703265,0.074249965,0.033556799,5.55,-0.097405923,-0.0374,0.0019,0,0.011258858
20111110,-0.21589,0.029123854,0.002366584,-0.007306774,-0.063121057,-0.002567255,0.065185972,6.22,-0.004857321,-0.0028,0.0032,0,-0.027458382
20111114,0,-0.013114942,0.004308245,-0.018393815,-0.013564091,0.044797401,-0.063811501,6.08,0.0356421,0,0.0053,0,-0.008539815
20111115,-0.11778,-0.059407384,-0.016856097,-0.005265557,-0.052929866,0.006479614,-0.045597589,6.19,0.002886936,0,-0.0029,0,-0.041622411
20111116,-0.12405,-0.003843266,-0.020873364,-0.002939896,0.001079339,-0.038744316,0.014098925,6.41,0.070784959,0,0.0027,0,-0.02503894
20111117,0.01521,-0.047309593,0.014043253,-0.021419279,-0.047873634,0.013590083,-0.006689006,6.45,0.029405237,0,0,0,-0.011492597
20111118,-0.04879,-0.014854385,-0.013626996,-0.018986961,-0.015586668,0.007518274,0.011344818,6.44,-0.075513186,0,-0.0001,0,-0.013283131
20111121,-0.08923,-0.044257427,-0.009948123,-0.012513258,-0.099418231,-0.03219427,-0.030315578,6.42,0.028040656,0,0.0002,0,-0.045410984
20111122,-0.06472,-0.05041159,0.001631482,0.011570825,-0.099126189,-0.007537715,-0.042619085,6.43,-0.028978617,0,-0.0016,0,-0.035887467
20111123,0.00284,-0.029010578,-0.017270743,-0.038053361,-0.005153482,-0.057636712,-0.036341218,6.41,0.060974161,0,-0.0004,0,-0.025803728
20111125,0.01379,0.008937304,0.034723886,-0.019422818,-0.004062325,0.023453167,0.008602192,6.4,0.014317313,0,0.0018,0,0.009431629
20111128,-0.01379,0.098294995,-0.05405833,0.000648573,0.093211026,0.015495223,0.078229189,6.4,-0.07029921,0,-0.0016,0,0.031147239
20111129,-0.00697,-0.012525523,0.009215624,-0.005171524,0.01106342,-0.00212529,-0.009950337,6.39,-0.047483881,0,-0.0013,0,-0.002351947
20111130,-0.04286,0.045292724,0.007651428,0.000406528,0.044239142,0.056247115,0.030205827,6.4,-0.097270332,0,0.0005,0,0.020168966
20111201,0.0686,0.047363606,0.029988275,0.017368602,0.025839718,-0.003452796,0.092412329,5.26,-0.039244374,0,-0.0008,0,0.039731391
20111204,0.02232,-0.013395549,-0.012971237,-0.000300177,-0.022064877,-0.018044113,-0.020734836,5.7,0.029693393,0,0.0005,0,-0.00931297
20111205,-0.03371,-0.008826832,-0.005966784,-0.003968673,-0.00434343,-0.008232399,-0.003651874,5.5,-0.055805869,0.0026,0.0058,0,-0.009814285
20111207,0.00316,0.010492602,-0.010893995,-0.019192743,0.005018469,-0.015335646,0.057254708,5.4,0.077404093,-0.0024,0.008,0,0.004357628
20111208,-0.00769,0.041269823,0.049073237,0.052940311,0.033966597,0.025537239,0.054488189,6.02,-0.07009236,0.0194,-0.0047,0,0.035655057
20111209,-0.10725,-0.131807089,-0.052794161,-0.031965011,-0.055688889,-0.046622874,-0.115512897,5.84,0.001815581,-0.014,0.0026,0,-0.077377274
20111210,0.16613,0.055396094,0.005530023,0.004652445,0.027934759,0.02365398,0.023033646,6.22,-0.049916799,0,-0.0045,0,0.043761564
20111212,-0.12437,-0.051771068,-0.020017518,-0.022207167,-0.063314819,-0.031344105,-0.059882687,6.36,-0.027283118,-0.0028,0.0015,0,-0.053272481
20111213,-0.04114,-0.025596147,0.000439494,-0.009141119,-0.02786161,-0.015044808,-0.038557372,6.36,-0.010180207,0,0.0001,0,-0.022414509
20111214,-0.03666,-0.076475867,-0.004059717,-0.010808906,-0.036177409,0.024906032,-0.033663764,6.33,0.024491061,0,-0.0015,0,-0.024705662
20111215,0.01646,0.001971503,0.00268862,0.031289091,0.031027143,-0.011295931,0.011347653,6.33,-0.036367655,0,-0.0009,0,0.011926868
20111216,-0.10536,-0.006466701,-0.023103474,-0.031615561,0.046246162,0.006556766,-0.040293223,6.3,-0.033201417,0,-0.0019,0,-0.022005147
20111219,-0.02992,0.024213396,0.014805777,-0.002751641,-0.009909237,-0.029751388,0.021787324,6.34,0.025605916,0,-0.0055,0,-0.001646538
20111220,0.01852,0.058584154,0.036781342,-0.038045145,0.039858844,0.039634134,0.061300555,6.29,-0.07065675,0,0.0005,0,0.030947698
20111221,0.0114,-0.030144574,-0.01681685,0.026489498,0.019740149,0.062362672,-0.044912572,6.28,-0.080222123,0,-0.0014,0,0.004016903
20111222,0.00903,0.033456932,-0.021638309,0.028990507,0.035711179,-0.016727236,0.01054492,6.27,-0.012679224,0,-0.001,0,0.011338285
20111223,0.05466,0.001982161,0.013894011,0.012439151,0.003389221,0.011864778,-0.034866572,6.28,-0.020530695,0,-0.0023,0,0.009051821
20111227,0.11257,-0.011451457,-0.002042582,-0.012469499,0.022305773,-0.008725417,-0.048971186,6.27,0.055361242,0,0.001,0,0.007316519
20111228,-0.01726,-0.016832581,-0.02269372,-0.004714982,0.001102266,0.01044393,-0.009935162,6.21,0.070907996,0,-0.0009,0,-0.00855575
20111229,0.00193,0.029273647,-0.002308669,0.002850413,-0.002205824,-0.000145778,-0.01548018,6.14,-0.037691307,0,0.0051,0,0.001987658
20120102,0.08811,0.04455921,0.012271554,-0.017955594,0.049952333,0.015953485,0.046903762,5.35,-0.046863079,0,0.0007,0,0.034256393
20120103,0,0.019462704,0.009337786,0.008922413,0.04261492,6.94E-05,0.056247681,4.83,-0.065588089,0,-0.0015,0,0.019522126
20120106,-0.15056,0.007165713,-0.061555643,-0.04881821,-0.008623832,-0.004920424,0.008038613,5.32,0.102613621,0.0453,-0.0047,-0.25,-0.037039112
20120108,0.04049,0.017577455,-0.005959704,0.0243621,-0.026136275,0.019261027,0.003606163,5.36,0.001583467,0,0.0062,0,0.010457252
20120110,0.06416,0.034289073,0.018440304,0.005766203,0.017411556,0.001429254,0.032869662,5.63,0.036821643,-0.0131,-0.0039,0,0.024909436
20120113,0.03494,0.024842042,-0.003233647,0.004755934,0.045091888,0.001352693,0.004809378,5.44,0.02126714,0,-0.0025,0,0.016079755
20120117,0.01242,0.005710333,-0.010786162,0.015896777,0.029584626,0.028290543,0.027601865,5.4,0.059864817,0,0.0028,0,0.01553114
20120118,0.13096,-0.013323202,-0.011684587,-0.014019282,0.007352955,0.02170954,-0.012024169,5.43,-0.060821777,0,0.0032,0,0.015567322
20120119,0.11417,0.07913054,0.011816351,-0.009432165,0.070700842,-0.001431568,0.121360865,5.46,-0.050059448,0,-0.001,0,0.055187838
20120120,0.06846,0.017851242,-0.003745662,-0.011070888,0.038170031,0.000448596,-0.013785057,5.46,-0.083403495,0,0,0,0.01376118
20120123,0.1453,0.020315935,0.002218178,0.001273445,0.105294776,0.013642313,0.099307229,5.46,0.021110358,0,-0.0008,0,0.055335982
20120124,-0.05342,-0.018477569,9.74E-05,0.014657389,-0.05844634,-0.023438224,0.024825887,5.39,0.012772913,0,0.0003,0,-0.016314491
20120125,0.18825,0.01123923,-0.000303268,0.005176491,0.005003175,0.009537592,0.01271201,5.39,-0.032243545,0,0.0006,0,0.03308789
20120126,0.25005,0.000419024,0.039501194,0.045384732,0.073350176,0.042910299,0.005772794,5.39,0.014100029,0,-0.0024,0,0.065341174
20120127,0.03479,-0.033078465,0.026734803,0.018647173,-0.003193524,0.008807086,-0.046046693,5.4,-0.002156282,0,0.0023,0,0.000951483
20120130,0.05811,-0.07381933,-0.027603712,0.021377829,-0.052533745,-0.025773185,-0.023843638,5.38,0.045881969,0,-0.0015,0,-0.01772654
20120131,0.2036,0.006042314,0.016325535,0.023121732,0.028698573,0.024850861,0.061482468,5.37,0.00205978,0,0.0017,0,0.052017355
20120202,-0.02439,0.007506106,0.014396454,-0.001481906,0.047034907,-0.008252381,0.000503372,5.28,-0.031209744,0.0029,-0.0004,0,0.005045222
20120203,0.00749,0.014880041,0.00012612,0.007840783,0.000254358,0.012066266,-0.002908382,4.71,0.001736654,0,0.0003,-0.25,0.005678455
20120204,-0.11817,0.003507545,0.010651042,-0.011928538,-0.01339174,-0.002391147,-0.014481345,4.53,0.008991733,0,-0.0016,0,-0.020886312
20120205,-0.10956,-0.01010026,0.00696793,-0.017768072,-0.016811939,-0.01453905,-0.058215737,4.5,0.016726721,0,-0.0027,0,-0.031432447
20120207,-0.04879,0.042435987,0.052419365,0.013857951,0.03452586,-0.015148187,-0.014194228,5.31,-0.016529343,0,0.0007,0,0.009300964
20120208,-0.05716,-0.041731598,-0.006359108,-0.012155605,-0.030782563,-0.024647657,-0.076270134,5.38,-0.076138564,-0.0074,0.0025,0,-0.035586666
20120210,0.03334,-0.015404162,0.008949736,-0.004822118,-0.028122348,0.001546321,-0.005403755,5.62,-0.038093876,-0.0574,0.0007,0,-0.001416618
20120211,0.13431,-0.000128312,-0.010641981,-0.0074045,0.027489641,0.003250067,0.002274016,5.76,0.052520798,0.0652,-0.001,0,0.02130699
20120213,0.18232,-0.020901662,0.00021367,0.010734918,0.033447968,0.011204865,-0.038614807,5.01,-0.087930068,0,-0.0008,0,0.025486422
20120214,-0.02916,-0.023880852,-0.013725714,-0.006205885,-0.035627172,0.004625785,0.001966565,4.99,0.025921616,0,0.0003,0,-0.014572468
20120215,-0.15316,0.040063838,-0.022121392,-0.011198038,0.01461856,0.012235239,0.0213808,5.01,0.078703258,0,0.0006,0,-0.014025856
20120216,0.07312,0.02742609,-0.011308983,-0.014904345,-0.015983013,0.001848956,-0.000480908,5.01,-0.095215584,0,0.0018,0,0.008531114
20120217,0.14864,0.028186371,0.009959225,-0.00500963,0.021076158,0.027363458,0.014800933,5,-0.077877099,0,-0.0011,0,0.035002359
20120221,-0.12959,0.007772754,-0.000730016,-0.018189233,-0.024369052,-0.011551978,-0.013170484,5,0.022797753,0,0.0007,0,-0.027118287
20120222,-0.16363,-0.028571438,-0.009545403,0.005440363,-0.043367223,-0.003786712,-0.039107078,5.03,0,0,0.0008,0,-0.040366784
20120223,0.00738,-0.002751033,0.009582276,-0.007362814,-0.000554174,-0.006474054,-0.064046247,4.98,-0.079493181,0,-0.0003,0,-0.009175149
20120224,0.00733,0.016935668,0.010140344,0.001090508,0.025179184,0.017715848,0.021807674,4.99,0.029905497,0,-0.001,0,0.014314175
20120228,-0.1078,0.000683013,-0.007497611,0.010605824,-0.005247889,0.031148811,0.009419203,4.93,-0.01272501,0,-0.0005,0,-0.009812664
20120229,0.07816,0.000546075,-0.001939844,-0.005982208,0.042294172,0.006932153,0.017041509,4.92,0.025832776,0,0.0013,0,0.019578837
20120302,-0.20479,0.031748698,0.002000936,0.036272184,0,0.010440094,0.035594492,5.21,-0.050181518,0,-0.0023,0,-0.012676228
20120304,-0.0023,-0.028411002,0.001087352,0.02217794,-0.024927113,-0.021123459,-0.050980576,4.53,0.001277924,0,-0.001,0,-0.014925265
20120307,-0.02532,-0.013679234,0.004086087,0.02289966,-0.003886045,0.018864094,0.026202354,5.31,-0.008368213,0.0632,0.0009,0,0.004166702
20120308,0.0249,0.083041993,-0.001972763,-0.002751185,0.053859219,0.011820704,0.080580477,5.39,-0.116361128,0,0.0002,0,0.035639778
20120310,-0.05043,0.003311481,-0.019742496,-0.018226034,0.024721016,0.002127289,0.014345705,5.63,-0.017983769,0,0.0018,0,-0.006270434
20120312,0.0568,-0.008770447,-0.002200088,0.008091274,-0.016496126,-0.006874285,0.022100358,6.3,0.047378871,-0.0593,0.0032,0,0.007521527
20120313,0.05055,0.022840374,-0.000776542,0.007627197,0.021174989,0.001474706,0.038234057,4.32,-0.055204563,0,0.001,0,0.020160683
20120314,-0.02857,0.027933305,-0.006954528,0.039719243,0.001902965,-0.008349862,0.001972383,4.29,0.033879043,0,0.0017,0,0.003950501
20120315,0.02857,0.011883374,0.012977818,-0.006570043,0.016965552,0.027344915,0.012240055,4.25,0.007159136,0,0.0029,0,0.014773096
20120316,0.04139,0.001539646,0.02293539,-0.016357011,0.014579451,-0.003377097,0.012572674,4.26,-0.063587814,0,0,0,0.010469008
20120319,0,0.001665279,-0.02032787,-0.002807582,0.010991973,-0.002868652,0.001920304,4.39,0.038635757,0,-0.0005,0,-0.001632364
20120320,-0.04139,-0.018994046,-0.013815434,0.003885713,-0.018387677,0.006155616,-0.007220258,4.41,0.03527472,0,-0.0007,0,-0.012823727
20120321,-0.05055,-0.00864672,0.029128747,0.009383269,-0.020083727,-0.001105486,-0.033401909,4.49,-0.0293085,0,-0.0004,0,-0.010753689
20120322,-0.00743,-0.025317808,-0.027696965,-0.006131773,-0.013890997,-0.022036634,-0.020692117,4.59,0.028666431,0,-0.0008,0,-0.017599471
20120323,-0.00749,0.010871861,0.005844842,-0.017223157,0.007650313,0.003921567,0.010651893,4.61,-0.049368367,0,-0.0002,0,0.002032474
20120326,-0.05407,0.003331782,0.01158739,0.000395882,-0.006553813,0.0061061,0.00151245,4.63,-0.038519168,0,-0.0013,0,-0.005384316
20120327,-0.16345,-0.00520244,-0.007676031,-0.001155282,-0.013793313,0.007978044,0.001007047,4.62,0.089171262,0,0.0013,0,-0.026041711
20120328,0,-0.013058003,-0.007068826,0.002268464,-0.021053396,-0.013835318,0.00451923,4.62,-0.007727011,0,0.0004,0,-0.006889693
20120329,-0.09709,-0.033481119,0.012367736,0.012077069,-0.031410162,0.001100062,-0.059873384,4.59,0.000646157,0,0.0033,0,-0.028044257
20120330,0.00718,-0.003087288,-0.014152679,0.036428693,0.012220084,-0.005605023,-0.001064394,4.57,0.001291185,0,0.0001,-0.25,0.004559913
20120401,-0.01985,-0.022103021,-0.018270763,0.004881165,-0.03837659,-0.004217572,-0.156127373,5.98,-0.033196233,0,0.0019,0,-0.036294879
20120404,-0.07918,-0.044491061,-0.003537497,0.018366206,-0.036100609,-0.018219684,-0.030008019,4.51,0.048607741,-0.0224,-0.0008,0,-0.027595809
20120405,0.04524,-0.003615395,-0.000273534,0.007631593,0.008316058,-0.006583667,-0.002221433,4.51,0.087201207,0,-0.0002,0,0.00692766
20120409,0.01482,-0.010377724,-0.004189759,-0.003972094,-0.008209771,0.001222833,0.011187167,5.81,0.028774919,-0.0611,0.0002,0,6.87E-05
20120410,0.02273,0.006196052,0.014766232,0.024133827,0.019123164,-0.00368536,0.008862699,5.63,-0.058722679,0.0081,0.0047,0,0.013160945
20120412,-0.04389,0.013069031,-0.002733387,-0.001195409,-0.004957236,-0.005099335,0.024825887,6.25,0.028438021,0.0148,0.002,0,-0.00285435
20120417,0.0601,0.066368742,0.004008266,0.009359917,0.034464164,0.005763986,0.069081159,4.24,-0.057369068,0,0.0009,0,0.035592319
20120418,-0.02532,-0.03246719,0.008785666,-0.008902823,-0.016764584,-0.017618504,-0.05005796,4.29,0.009703597,0,0.0005,0,-0.020335056
20120419,-0.1372,-0.04936533,-0.013226467,-5.60E-05,0.005090727,0.033336997,-0.031685822,4.3,-0.015135358,0,-0.0014,0,-0.027586557
20120420,0.04786,0.036111214,-0.001193398,0.003912253,0.038903278,-0.028824099,0.002679166,4.42,-0.051407969,0,0.0014,0,0.014206916
20120423,0.02765,-0.041554121,0.003402511,-0.005483863,-0.030685788,-0.033840061,-0.066368519,4.44,0.084092299,0,0.001,0,-0.020982834
20120424,-0.02765,0.02914849,0.000897919,0.009196668,0.061938322,0.009737112,0.037184252,4.39,-0.046946788,0,-0.0004,0,0.017207538
20120425,-0.01887,0.05440916,0.0034561,0.019589867,0.014684543,0.006944926,0.065313017,4.36,-0.073343323,0,-0.0019,0,0.020789659
20120501,0.03501,-0.055336832,-0.012260029,0.001132779,-0.094652271,-0.020280617,-0.18954983,5.86,-0.033870505,0.0325,0.0056,0,-0.047990971
20120503,-0.03031,-0.013809807,-0.005781268,0.036517584,-0.026283386,-0.009118044,-0.006819302,4.66,0.04301729,-0.0219,0.0003,0,-0.00794346
20120504,0.04992,-0.009536135,0.004643512,-0.00087351,-0.013486143,-0.008376817,-0.031540873,4.46,0.015691343,0.0224,0.0002,0,-0.001321424
20120506,-0.09267,0.023430645,-0.048156276,-0.03359212,0.012998556,-0.009570031,0.023477025,5.36,-0.056708125,-0.0044,-0.0004,0,-0.017726029
20120507,-0.0656,-0.020189549,-0.003795108,-0.02507264,-0.026145278,-0.004475149,-0.052643766,5.36,0.049190253,-0.032,0.0039,0,-0.028274499
20120509,0.06408,0.020364966,-0.00022696,-0.00022696,0.019777781,0.00114791,0.001852451,5.79,-0.01343804,0.0014,-0.0008,0,0.015252741
20120510,0.13142,0.034742307,0.027531801,0.028439154,0.016026878,0.025318245,0.036955691,5.62,-0.01523577,-0.0016,0.0035,0,0.042919154
20120511,0.09878,-0.008375798,0.005998639,0.005016534,0.011731058,0.003278563,-0.008554383,5.75,0.046106468,0.0017,-0.0007,0,0.015410659
20120512,0.05609,0.005779695,-0.022122388,-0.004917334,0.006529352,0.002846477,-0.004809003,6.16,-0.03931428,0.0358,0.0005,0,0.005628114
20120514,0.02311,-0.037311132,-0.014603326,-0.044948749,-0.062716435,-0.033373163,-0.050320505,4.5,0.094898811,0,0.0021,0,-0.031451901
20120515,-0.06015,-0.028646836,-0.002690462,0.005576622,-0.070033614,-0.009465099,-0.056938418,4.71,0.004561982,0,-0.0003,0,-0.031763972
20120516,-0.04408,-0.011617144,0.001417556,-0.012823591,-0.001041856,-0.010255943,0.005527007,4.96,0.013562647,0,-0.0027,0,-0.010410567
20120518,0.09636,0.029009963,-0.021886044,-0.010546446,-0.00592444,0.000531453,0.00412027,5.45,0.024603,0,-0.0003,0,0.013094965
20120521,-0.01055,0.00209464,-0.02167276,-0.016067044,0.013539555,0.012064086,0.018737823,5.34,-0.131370955,0,-0.0004,0,-0.000264814
20120522,0.02876,0.030904229,0.023938132,0.022218481,0.035233986,-0.026516276,0.055722542,5.33,0.021129099,0,0.0025,0,0.024323013
20120523,0.0588,-0.032617699,0.00300425,-0.038489241,-0.044239932,-0.00753034,-0.032586294,5.32,-0.006694942,0,0.0019,0,-0.013379894
20120524,-0.04727,0.016254374,-0.015560574,-0.012638275,0.013478651,-0.003454287,-0.007123047,5.34,-0.036019348,0,0.0011,0,-0.008044737
20120525,0.01266,-0.003380285,-0.003167047,0.023571428,-0.001030334,0.011564168,0.006334134,5.32,0.010161718,0,0.0022,0,0.006650295
20120529,0.05678,-0.00076089,0.001246689,0.021760356,0.012973851,-0.002065966,-0.014516355,5.3,-0.03412341,0,-0.0016,0,0.010773955
20120530,-0.03861,-0.051543714,-0.045220347,-0.008198105,-0.048298436,-0.023846863,0.002434114,5.32,0.137920168,0,0.0033,0,-0.03046905
20120531,-0.01018,0.030389079,-0.019366574,-0.032008359,-0.004996406,0.010912476,0.004043629,5.32,-0.003319502,0,0.0013,0,-0.003029451
20120602,0.17979,-0.005983776,-0.009480582,-0.02519813,-0.000811146,0.019637924,0.01590011,5.14,0.037870265,0,0.0006,0,0.024836343
20120603,0.17589,-0.066188944,-0.018982629,0.017049492,-0.073104313,-0.002294338,-0.053198688,4.53,0.145167119,0.044,0.001,0,-0.002975631
20120606,0.02151,0.041434498,0.012490453,0.010001746,-0.005600265,0.013686854,0.043214291,5.36,-0.107704356,0.0157,-0.0004,0,0.01953394
20120607,0.01681,-0.040273899,-0.009459,-0.02900329,-0.047466479,-0.014515563,-0.055569813,5.38,-0.023122395,-0.014,0.0096,0,-0.025639721
20120608,0.05579,0.036813973,0.012892568,0.024397824,0.031173928,-0.019220833,-0.01298717,5.39,0.01962706,0,-0.0113,0,0.018408613
20120609,-0.01389,0.05321507,0.003113564,0.012330534,0.061191334,0.012852891,0.078285383,5.78,-0.128551025,0,-0.0028,0,0.029585539
20120611,-0.00995,0.012345836,-0.004223807,-0.001103925,0.018195719,-0.005333888,0.019285925,5.75,-0.046675147,0.0142,-0.0024,0,0.004173694
20120612,0.02985,0.012712764,0.000594639,-0.00800416,0.001793736,0.017117553,-0.010228898,6.1,0.007264005,-0.0155,-0.0004,0,0.006262233
20120613,0.09742,-0.002317498,-0.01314608,0.00893735,0.019924588,0.018995645,0.005850444,5.39,0.094116014,0,0,0,0.019380636
20120614,0.26041,0.009061091,-0.00274542,0.016287949,0.000717108,0.001615184,0.047201589,5.39,-0.112850848,0,-0.0012,0,0.047506786
20120615,0.09309,0.041741275,0.001224309,-0.000638981,0.024779999,0.023445992,0.025119088,5.39,-0.0266433,0,0.0021,0,0.029823097
20120618,0.05055,-0.045284865,0.032473116,0.022189202,-0.019774661,-0.008943123,-0.04357128,5.39,-0.141753548,0,-0.0004,0,-0.001765944
20120619,0,0.026621537,0.003406086,0.031122753,0.040536668,0.00857308,0.045120464,5.28,0.003269729,0,-0.0011,0,0.022197227
20120620,-0.12751,0.02357069,0.01195158,-0.010080899,-0.013793285,-0.008369705,0.025221042,5.29,-0.064030819,0,0.0005,0,-0.014144368
20120621,0.03922,-0.013938692,0.007399202,-0.005891223,0,-0.024259495,0.019432635,5.34,0.152492039,0,0.0007,0,0.00313749
20120622,-0.03922,0.006483558,0.002224246,-0.028002236,-0.025317856,0.016582823,-0.005939204,5.37,-0.103259985,0,0.0013,0,-0.010455524
20120625,-0.20334,-0.056678337,-0.010786655,-0.004807751,-0.044047117,0.008221323,-0.087891689,5.41,0.118089681,0,-0.0005,0,-0.057047175
20120626,0.10242,-0.009948531,-0.040693581,-0.031700822,-0.006346906,0.019649947,-0.024692645,5.4,-0.032920672,0,-0.0027,0,0.001241066
20120627,-0.00889,0.030435575,0.009304964,0.029924487,0.036046613,0.020552594,0.045610502,5.28,-0.013786205,0,-0.002,0,0.023283534
20120628,-0.01802,-0.025177653,0.040460468,-0.002520525,0.012208355,-0.00881337,0.037504399,5.26,0.013278965,0,0.0001,0,0.005091668
20120629,0.1358,0.092676433,0.014528707,0.043976333,0.0646055,0.025425923,0.133339676,5.28,-0.143217891,0,0.0001,0,0.07290751
20120702,0.0849,0.021068294,-0.009284955,0.011616805,0.030107519,0.006020069,0.045780999,5.06,-0.006212989,-0.0725,0.0033,0,0.027172676
20120703,0,0.018821754,-0.002590739,0.002046547,0.030703566,-0.013730271,0.030959096,4.48,-0.090196358,0.0109,0.0003,0,0.009458565
20120705,-0.21357,0.041222052,-0.002458082,0.003057098,0.029722454,0.00248338,0.054808272,4.51,-0.011548649,0.0189,-0.0005,0,-0.012104975
20120708,0.06017,0.01286865,-0.004637206,-0.012140348,0.001648818,-0.006965337,0.064674688,5.63,0.002504695,0,-0.0054,0,0.016517038
20120709,0.02076,0.016818336,0.002704032,0.048300876,0.034486142,0.007902973,0.042987358,5.79,-0.081432578,-0.0726,0.0011,0,0.024851388
20120711,-0.01511,0.010678973,-0.013478266,-0.002928529,-0.005865114,-0.012883633,-0.044221959,5.76,0.081878774,0,0.0007,0,-0.011972647
20120712,-0.06689,0.002159951,-0.001332624,-0.014895443,-0.004265342,-0.001361055,-0.01307211,6.12,-0.04187806,0.0125,-0.0007,0,-0.01423666
20120716,-0.01786,-0.009110912,0.004958023,0.056314265,0.011754914,0.014422977,-0.022439266,5.29,0.021862072,0,0.0014,0,0.005434286
20120717,0,-0.002035969,0.008884966,-0.000610797,0.006323917,0.023214328,-0.023728621,5.3,-0.037515627,0,-0.0002,0,0.001721118
20120718,-0.0274,0.013663028,0.012352003,0.014249079,0,-0.016544563,-0.009338571,5.29,-0.019608453,0,0.0001,0,-0.001859861
20120719,0.00922,0.011990152,-0.018053402,-0.020678214,0.02003675,0.021001716,0.026236097,5.31,-0.044930053,0,0.0022,0,0.007107586
20120720,0,-0.057577209,-0.015681757,-0.028796925,-0.046256731,-0.004425318,-0.075104474,5.36,0.051713958,0,0.005,0,-0.032548916
20120723,-0.09623,-0.056261456,-0.069410107,-0.054683027,-0.035359024,-0.02179601,-0.001643383,5.4,0.134913368,0,0.0085,0,-0.047911858
20120724,0.02985,-0.01853465,-0.003027656,0.002703019,-0.022120008,-0.004583647,-0.04113039,5.41,0.094724049,0,-0.0028,0,-0.008120476
20120725,0,0.003772166,-0.004347161,0.031320018,0.016103382,-0.007113886,0.013617205,5.4,-0.056784868,0,-0.0004,0,0.007621675
20120726,-0.0198,0.082183602,0.011433063,0.021420049,0.042056551,0.014147316,0.088137846,5.38,-0.09826176,0,-0.0034,0,0.03422549
20120727,0.04879,0.045755185,0.003591541,0.018480106,0.020883232,0.021485121,0.045393557,5.38,-0.048504973,0,-0.0017,0,0.029196963
20120730,0.11672,0.032592098,-0.021467561,-0.008512101,0.018167306,-0.00309935,0.044837573,5.38,0.07662831,0,-0.0067,0,0.025605424
20120731,0.02511,-0.033089157,-0.004596832,-0.003419668,-0.036331277,-0.000217691,-0.021444667,5.38,0.048710906,0,0.0031,0,-0.010569899
20120802,-0.04155,0.011546348,0.01406578,0.007817405,0.016400229,-0.0064916,0.022127772,5.04,0.028485603,-0.0185,-0.0005,0,0.003416562
20120803,0.05033,0.036748097,-0.002026605,0.029364534,0.028730663,0.032785456,0.018321867,4.41,-0.060526246,0,0.0003,0,0.027750573
20120805,-0.15415,-0.038638294,0.007005758,-0.00415384,-0.032981197,-0.006908924,-0.021277427,4.49,0.005790946,0.0571,0.0013,0,-0.035871989
20120806,0.07772,-0.018799509,-0.013691304,-0.021799107,0.012903359,0.017765117,-0.023940197,5.35,-0.022818209,-0.0541,-0.0003,0,0.004308337
20120808,-0.06017,0.005929457,-0.010475944,-0.011970451,0.001317099,0.032236653,0.010159261,5.65,-0.042804368,0.0016,-0.0007,0,-0.004710561
20120810,-0.05571,-0.018577179,-0.017352901,0.005807198,-0.013800928,-0.004440449,-0.031675519,5.64,0.053001517,0,0,0,-0.019392825
20120811,-0.14154,0.012815856,-0.014400945,-0.01386233,-0.005406738,-0.029999352,0.003516995,5.76,-0.031410629,0,0.0011,0,-0.026982359
20120813,-0.01575,0.002224695,0.017827795,0.014559472,0.015146795,0.022467798,0.009582532,5.74,-0.073169052,0,0.0006,0,0.009437012
20120814,-0.00797,0.001776199,0.001602002,0.02332586,0.012341853,0.011613285,0.013532047,6.01,0.080604072,0,-0.0106,0,0.008031607
20120816,0.05449,0.021222897,-0.007047103,0.060509941,0.046666692,0.011672829,0.047893707,6.05,-0.023514234,0,0.0001,0,0.033629852
20120817,0.02247,0.013664362,-0.001794879,0.019944936,0.022541297,-0.018595643,0.015257735,5.86,-0.060580897,0,0.0012,0,0.010498258
20120820,-0.01493,-0.017727639,0.033155768,-0.020595621,-0.036813937,-0.009828838,-0.000631081,5.87,0.041505822,0,0.002,0,-0.009624478
20120821,0.06548,0.024135635,0.003836173,-0.000740137,0.030771639,0.007297323,0.028013011,5.86,0.068897763,0,-0.0042,0,0.022684806
20120822,0.01399,-0.005979517,-0.003135853,-0.000387555,-0.01219524,0.000647088,-0.017337861,5.9,0.005974077,0,0.0032,0,-0.003485563
20120823,-0.04983,-0.006877803,-0.009854184,-0.000754002,0.000306704,-0.00534652,-0.017643837,5.96,0.054728841,0,-0.0019,0,-0.012857092
20120824,0.04983,-0.01725806,0.004116606,0.00200764,-0.03336247,0.004489299,-0.014084712,5.96,-0.050106802,0,-0.0032,0,-0.000608814
20120827,-0.03534,0.020846152,-0.003131431,-0.000472749,0.02721045,0.010700756,0.010900984,5.91,0.074249129,0,-0.0002,0,0.004387737
20120828,-0.05167,-0.010658318,0.001304556,0.005533822,-0.019000679,-0.005874722,0.001911465,5.89,0.008526202,0,-0.0036,0,-0.011207697
20120829,0.02985,-0.006537395,-0.010356065,0.004782241,-0.007259043,-0.012339821,-0.005745328,5.88,0.033982388,0,0.0038,0,-0.001086487
20120830,-0.02231,-0.013647581,-0.005359214,0.001289344,-0.021451084,0.002316033,-0.022662012,5.84,0.044145917,0,-0.0009,0,-0.011689216
20120831,0.01493,0.020908723,-0.000865119,-0.010603646,0.038722673,0.019329762,0.030315096,5.83,-0.020397343,0,0.0017,0,0.016105356
20120901,-0.07825,-0.019876431,0.000806563,-0.004764781,-0.040185776,-0.003741768,-0.137388796,5.68,0.021103927,0,-0.0009,0,-0.040485856
20120902,-0.03077,0.010867429,-0.000708903,0.025891194,0.019939305,-0.024893346,-0.009874387,5.04,0.025551775,0,-0.0003,0,-0.001364101
20120903,-0.0568,-0.001487592,0.019043789,0.000351656,-0.01439641,-0.00105021,-0.030894323,4.36,-0.047927034,0,-0.0002,0,-0.012176156
20120905,0.00277,-0.024026225,-0.011954018,-0.042694647,-0.045531418,-0.002512933,-0.046963856,4.48,0.05265723,0,0.003,0,-0.024416157
20120907,-0.01681,-0.000513831,0.005896185,0.019900295,0.01001909,0.017129324,0.027439597,5.42,0.050181518,0,-0.0005,0,0.009008666
20120908,-0.02353,0.005600604,-0.000351167,0.009599503,-0.006934138,0.033915266,0.000673593,5.67,-0.002614378,0,0.0001,0,0.002710523
20120910,-0.01575,-0.015902316,0.02279987,-0.000916657,0,-0.002172748,0.00525238,5.66,0.080093689,-0.0137,0.0015,0,-0.000955639
20120911,0.05683,-0.014967892,-0.006450724,-0.001468088,0.009808833,0.00291861,-0.009997152,5.77,0.00646907,0.0138,0.0004,0,0.005239084
20120913,-0.08594,-0.015797299,-0.003478596,-0.004016979,-0.02259672,-0.005543781,-0.030902824,5.76,-0.117387543,0,0.0021,0,-0.024039457
20120914,0.01274,0.042918464,0.000350337,0.028033544,0.078240253,0.021804453,0.016103429,5.73,0.032215673,0,0.0001,0,0.02859864
20120917,-0.01274,0.005113187,0.000475966,0.001936496,-0.010623265,-0.000384039,-0.011245102,5.72,0.00549829,0,-0.0012,0,-0.003923822
20120918,0.07411,-0.016556254,-0.006563809,0.012089628,-0.01813689,0.004141094,-0.046289272,5.69,-0.02850383,0,0.0021,0,0.000399214
20120919,-0.01802,-0.000252972,-0.012257057,-0.012890605,0.001060454,-0.01279025,-0.001128666,5.65,-0.021383579,0,-0.001,0,-0.008039871
20120920,-0.0122,-0.015553603,-0.025446839,-0.015158223,-0.040557089,-0.007169741,-0.031548381,5.64,0.013595886,0,0.0026,0,-0.021090554
20120921,0.04205,0.019089406,-0.026370683,0.001857124,-0.004424763,-0.013388188,0.008125449,5.65,-0.006417145,0,0.0006,0,0.003848335
20120924,-0.06062,-0.015242261,-0.026208779,-0.010272347,-0.000554482,-0.004653689,-0.008125449,5.63,0.012086893,0,0.0001,0,-0.017953858
20120925,0.03681,0.011326879,-0.007597995,-0.002578288,-0.007236322,0.01005787,0.019619805,5.64,0.086599089,0,-0.0017,0,0.00862885
20120926,-0.01212,-0.05662258,-0.006544835,-0.024574691,-0.043385836,-0.002279987,-0.051594106,5.63,0.085660229,0,0.0024,0,-0.028160291
20120927,-0.01846,0.014887953,-0.00288523,-0.000178868,0.02761974,0.009021952,0.008388349,5.62,-0.124647668,0,0.0002,0,0.005484842
20120928,0.03058,-0.024441951,-0.02762341,-0.004318723,-0.014577927,-0.008744176,-0.03645609,5.63,0.05824344,0,0.0042,0,-0.01222604
20121001,-0.02353,0.058820015,0.012555067,-0.002426486,0.034138627,0.011552374,0.058615515,5.62,-0.018199696,0,0.0025,0,0.021389302
20121002,-0.09844,-0.041768764,-0.005783287,-0.017765997,-0.07241559,-0.003623979,-0.048519583,5.01,0.109699006,0.0312,-0.0003,0,-0.041188171
20121004,0.23963,-0.058886589,-0.017887105,0.007063127,-0.027855185,-0.042759567,-0.084486283,4.33,0.08065594,0.016,0.0007,0,0.002116914
20121005,0.14181,0.023337876,-0.00344217,-0.058736118,0.01876691,0.007994547,0.065430324,4.48,-0.064272952,-0.0017,-0.0007,0,0.027880196
20121007,-0.0702,0.01107431,0.008163852,0.014413033,0.013995756,0.006299876,-0.002930399,5.38,0.040332431,0,-0.0018,0,-0.00274051
20121008,0.01575,-0.010192865,-0.007169768,-0.006621676,-0.00132627,0.010950989,-0.021096385,5.7,-0.035979895,-0.039,-0.0016,0,-0.002815139
20121009,0.06625,0.010271357,-0.002563111,-0.00594471,-0.003962615,-0.004377492,0.003817805,5.79,0.124099043,-0.0141,-0.0013,0,0.009070176
20121010,-0.05996,-0.009505022,0.008023249,-0.00444134,0.000555714,-0.004789141,-0.019395251,5.72,-0.004898964,0.0159,-0.0021,0,-0.012787399
20121012,0,-0.019146472,0.001331313,-0.00252802,-0.005413949,0.001069254,-0.052910434,6.09,0.009389717,0.0002,0,0,-0.011085473
20121015,0.05776,0.014331147,-0.002708846,-0.011148003,0.016852095,-0.01022821,0.008106629,5.74,-0.055410476,0,0.0028,0,0.010423545
20121016,0.04001,0.042415392,-0.00382373,0.016887205,0.012127736,0.013532752,0.044552048,5.76,-0.003279779,0,-0.0002,0,0.023671629
20121017,0.03374,0.02571397,0.008345127,-0.001115047,0.018949286,0.010005397,0.021823026,5.76,-0.009904378,0,-0.0008,0,0.016780251
20121018,0.00473,0.00047887,0.021456472,-9.58E-05,0.016828569,0.027715281,0.003770506,5.75,-0.002657806,0,0.0009,0,0.010697696
20121019,0.00939,-0.023861121,-0.000790462,-0.009374627,-0.037351431,-0.019254595,-0.033901539,5.74,0.126688325,0,0.0003,0,-0.016449111
20121022,0.06775,0.00269311,-0.009778722,-0.008053467,0,-0.002175335,0.016547559,5.75,-0.026129671,0,-0.0006,0,0.009569021
20121023,-0.01319,-0.021126241,0.003896127,-0.01102994,-0.0206849,-0.009910322,-0.017103914,5.76,0.124844499,0,0,0,-0.012735599
20121024,0.03479,0.006099477,0.01330967,0.004079082,-0.010234368,-0.017546055,0.010517679,5.76,-0.026912281,0,-0.0008,0,0.005859355
20121025,-0.0216,-0.016643067,-0.004078507,0.003085661,-0.012805011,0.002534724,-0.035878272,5.75,-0.011522711,0,-0.0021,0,-0.012197782
20121031,-0.0274,-0.014960959,0.001456056,0.025829777,0.016129398,-0.000875844,-0.011675532,5.73,0.043401534,0,0.0019,0,-0.001642443
20121101,0.04196,0.013929906,0.013762659,0.000835424,-0.011386868,-0.019459621,0.053806648,5.53,0.017250006,-0.0016,-0.0009,0,0.013349735
20121104,0.0093,0.008353462,0.001363201,0.017955463,0.026275144,-0.016223215,0.053166592,4.23,-0.018312758,0,-0.0003,0,0.01431295
20121105,-0.07744,-0.012995072,-0.033689798,0.004878781,0.002739269,0.00728914,-0.01061207,4.48,0.054765724,-0.0699,0.004,0,-0.017118536
20121106,0.05906,-0.01665524,0.012842761,0.013159748,-0.02030165,-0.012325081,-0.092231194,5.37,0.104135082,0.072,0,0,-0.008064379
20121107,-0.02765,0.01446619,0.005320945,-0.00655523,0.010789059,-0.029570085,0.022489151,5.33,-0.042002277,0,-0.0004,0,-0.001529996
20121109,0.00639,0.021899158,-0.003019466,-0.018083814,0.018823394,0.003680735,0.012442684,5.78,0.007953493,0.0299,0.0025,0,0.006018956
20121110,0.01671,0.028763913,-0.007222008,-8.14E-05,0.033864491,0.006723557,0.038421529,5.72,-0.043921786,0,0.0003,0,0.016740006
20121112,0.04909,-0.000463124,0.006314331,0.008435851,0.017711478,0.00523593,0.017192366,6.03,-0.030362836,-0.029,0.0023,0,0.014788119
20121113,-0.03258,0.024115619,-0.013312429,-0.005264008,-0.007318896,0.00251601,0.042930056,5.82,-0.001800222,0,0.0022,0,0.001583765
20121114,0.05162,-0.010549276,-0.009295463,-0.009578695,-0.010832189,-0.003044555,-0.022395465,5.83,0.073507218,0,0.0013,0,-0.002010806
20121115,-0.07847,0.00559877,-0.010310875,-0.007508084,0.007643985,0.004071594,0.006944516,5.82,0.003898623,0,-0.0019,0,-0.010290013
20121116,0.0202,-0.026272644,0.005424693,-0.00803426,-0.006407117,0.001135092,-0.033424416,5.87,-0.091925139,0,-0.0003,0,-0.006768379
20121119,0.18786,0.04544256,0.002903548,0.003679399,0.036411766,0.021791045,0.038601265,5.88,-0.073967361,0,0.0001,0,0.048098512
20121120,-0.02801,0,0.004201491,0.000964035,-0.0090997,0.010572606,-0.009801126,5.87,-0.010554178,0,0.0001,0,-0.004453242
20121121,0.04445,0.01077427,0.000450696,-0.009279324,-0.009668892,-0.000862845,0.007503599,5.9,0.01513688,0,-0.0006,0,0.006195358
20121123,-0.03125,0.016210495,0.009160021,-0.00040943,0.016655135,0.001978903,0.00394925,6.01,-0.011165966,0,-0.0009,0,0.002327768
20121126,0,-0.018479559,-0.003035556,0.003790409,0.004708143,0.020257929,-0.009049874,5.99,0.023499753,0,-0.004,0,-0.000258358
20121127,-0.11778,0.006910548,0.018583642,0.020855356,0.028249134,0.021339935,-0.002844918,6.1,0.026736161,0,-0.0016,0,-0.003526615
20121128,-0.09353,-0.002972831,-0.002725417,0.000849612,-0.021928149,-0.010518852,-0.017821735,6.21,-0.026091193,0,0.0008,0,-0.021235339
20121129,0.02581,0.01992638,-0.015327498,0.013917287,0.035533811,0.018970626,0.04313952,6.29,-0.029442742,0,0,0,0.020281447
20121201,0.02703,0.033112351,-0.010349989,0.00907839,0.053744274,0.027792543,0.126863397,5.48,-0.027940158,0,-0.0027,0,0.038181567
20121203,-0.13168,-0.010065373,-0.017959589,-0.063868389,-0.034420205,-0.008605363,-0.013245251,4.33,-0.089831367,-0.0001,0.0003,0,-0.039977739
20121204,0.04526,0.025897547,-0.001246775,0.016946843,0.037248282,0.01058461,0.006838652,4.21,-0.151822369,-0.0652,0.0008,0,0.020218451
20121206,0.02711,0.003388927,0.002730186,-0.007377053,-0.034169878,0.019937286,-0.040251883,5.38,-0.064425312,0,-0.0005,0,-0.004090345
20121207,0.01852,-0.009733254,-0.003871422,0.025635523,-0.01622752,-0.047869621,-0.024692636,5.29,0.0209489,-0.0388,0.0039,0,-0.008319847
20121209,0.07955,-0.002309766,-0.002418851,0.018246399,0.021204146,0.007293246,0.024430322,5.76,-0.037880944,0,0.0016,0,0.020856499
20121210,0.02186,-0.008932676,0.004379397,0.019787751,-0.004575415,-0.000459326,-0.017862813,5.74,0.034670932,-0.0344,-0.0008,0,0.002028131
20121211,-0.14864,0.002025574,-0.003149993,-0.007802557,0.003896721,-0.003552856,-0.002959481,5.79,-0.109488688,0,0.0011,0,-0.022883227
20121212,-0.01813,-0.000347484,0.007228142,0.022550394,0.01434109,-0.0003855,0.008486625,6.04,0.024112851,0,-0.0039,0,0.004820467
20121213,-0.06291,0.001273517,0.012210391,0.01269342,0.007637803,-0.001640908,0.001688739,6.01,0.037531299,0,-0.0103,0,-0.004149577
20121214,0,0.01618214,0.010767409,0.000971335,0.00217157,0.005187645,0.001124225,6.04,0.026223227,0,-0.0014,0,0.005200618
20121217,-0.16176,-0.00170911,0.008866153,0.0057827,0.007563484,-0.002946117,0.002805017,6.01,-0.039597245,0,-0.0008,0,-0.020199696
20121218,-0.01538,0.000342056,0.032379587,0.00957818,0.045247064,0.002623591,0.031976255,5.91,-0.048270133,0,-0.0007,0,0.01525239
20121219,0.08895,0.015833853,-0.000640742,0.008385434,0,0.001467626,0.031511303,5.85,0.108822778,0,0.0009,0,0.020786782
20121220,-0.08895,-0.000448934,0.021495068,0.002583517,-0.00847198,0.009316613,-0.00210526,5.85,0.017699546,0,-0.0033,0,-0.009511568
20121221,0.06017,-0.020069839,0.020565967,0.024797427,-0.020969512,-0.003053263,-0.020761976,5.96,0.009574845,0,-0.0001,0,0.005811258
20121227,0.11046,0.000575738,0.027695579,0.045012396,0.030675307,0.00866129,0.0075027,6.02,-0.000513491,0,0.0026,0,0.03294043
20121228,-0.04683,-0.025651401,0.001265429,-0.010283571,-0.01261517,-0.003986853,-0.010735455,6.03,0.15437078,0,0.0029,0,-0.015548146
20130102,0.00784,0.011724977,0.048479689,0.021690244,-0.011157435,-0.008835571,-0.025986564,5.98,-0.101632656,0,-0.0039,0,0.006250763
20130103,-0.04001,-0.017198435,-0.001454698,-0.007100572,0.011083238,-0.00357912,-0.019196426,5.7,-0.009718287,-0.1086,0.0009,0,-0.011065145
20130107,0,0.010309981,0.004923705,0.022230642,-0.004643817,-0.004222009,0.011055978,4.63,-0.029493546,-0.0593,-0.003,0,0.005664926
20130108,0.01325,0.022667027,0.006051443,0.046185678,0.04997837,-0.016515805,0.033640827,4.49,-0.038655835,-0.0097,0.0002,0,0.022179649
20130110,0.00351,0.016857117,-0.008468502,-0.005692486,0.02577789,0.004827302,0.054915751,3.26,-0.065985376,0.0067,-0.0029,0,0.013103867
20130114,-0.13077,-0.005136343,0.010718147,-0.014945245,0.012112199,0.000995504,0.002335876,6,0.011904962,0,0.001,0,-0.017812837
20130115,-0.06062,-0.031271674,-0.004114681,-0.011544885,-0.018415351,0.004895296,0.006047948,6,0.002216457,0,-0.0092,0,-0.016431907
20130116,0.03077,-0.000452284,0.029348453,0.033085051,-0.019346693,-0.008884788,-0.017310363,6,-0.009640424,0,-0.0051,0,0.006744197
20130117,-0.03077,0.031504804,0.007398737,-0.000633435,-0.004110792,0.003848577,0.023782864,5.95,0.011115314,0,0.0004,0,0.004431536
20130118,-0.04801,0.013281275,0.019667043,-0.014744738,-0.006099385,-0.007481196,0.018265357,5.94,-0.085337935,0,0.0039,0,-0.003588806
20130122,0.10622,-0.003342501,-0.014817592,-0.004539626,-0.015523431,-0.006746787,0.004896528,5.88,-0.002410586,0,0.0012,0,0.009449513
20130123,0.08183,-0.025819178,-0.003511593,9.21E-05,-0.002088135,0.007228863,-0.008472743,5.88,0.002410586,0,0.0032,0,0.00703705
20130124,-0.07411,0.020621549,-0.002244432,0.013167593,0.005420066,-0.000383467,0.040804109,5.88,0.018290732,0,-0.003,0,0.000467917
20130125,0.05245,0.013158085,-0.007547578,-0.0017901,0.023830228,0.000406324,0.004290002,5.91,0.015637595,0,0.0027,0,0.012113852
20130128,-0.05245,0.021202957,-0.022893747,-0.009645277,-0.004476093,-0.007173693,0.018240151,5.97,0.051409608,0,0.0057,0,-0.008170815
20130129,-0.00772,-0.008850548,-0.017987986,0.000781369,0.016582788,-0.000245504,0.00795483,5.94,-0.019345787,0,-0.0043,0,-0.001355007
20130130,0.00772,-0.022258811,0.003140279,-0.002493539,-0.021488762,-0.010126592,-0.037820514,5.95,0.073141476,0,0.0016,0,-0.011903991
20130131,-0.02335,0.000108208,-0.010603404,-0.002024554,0.015655493,0.014180773,0.029445273,5.96,-0.002797202,0,0.0007,0,0.003344541
20130204,-0.08829,0.021862169,0.004495322,0.005798492,0.033487314,-0.004813162,0.014903405,5.17,-0.060716688,-0.0364,0.0009,0,-0.00179378
20130205,0.17954,0.013148816,0.004736334,0.017713426,-0.020588632,0.003907699,-0.003034948,4.19,-0.064124501,0.0109,-0.0009,0,0.027917528
20130207,-0.0117,-0.00224255,-0.00451571,0.002173279,-0.019792826,0.003285539,-0.015512801,4.62,0.004266979,0.0018,-0.0021,0,-0.006900724
20130208,0.01091,-0.009999578,0.004132875,-0.000777599,0.001873244,0.049391843,-0.007114054,4.45,-0.077084702,0,0.0017,0,0.006916676
20130210,-0.02667,0.005295688,0.006849189,-0.001568132,-0.006697388,-0.006236908,0.023231486,3.17,0.065985376,0,-0.0011,0,-0.000828009
20130212,0,-0.002900129,5.65E-05,0.005358002,-0.012427344,-0.006506678,-0.010353022,2.7,0.037956561,0,0.0003,0,-0.003824665
20130213,-0.04879,-0.004135835,-0.027357476,0.005395311,0.004164926,-0.002490965,-0.003639669,5.85,0.02654326,0,-0.0041,0,-0.010979101
20130214,-0.01681,0.019548114,0.013905266,-0.013764282,-0.023763086,-0.025764568,-0.008238016,5.85,-0.024962271,0,0,0,-0.007840939
20130215,0.01681,-0.01606417,0.00686424,-0.001032022,-0.019121832,0.014403039,-0.011090711,5.83,-0.015923888,0,0.0006,0,-0.001318779
20130219,0.02553,0.005384333,-0.008527568,0.002084092,0.003029628,-0.024895857,0.023827312,5.76,-0.012111542,0,-0.0022,0,0.003775991
20130220,0.00837,-0.024404983,0.016442137,0.000290296,0.025598686,0.029691664,-0.023827312,5.73,0.17607407,0,0,0,0.004594355
20130221,-0.08701,-0.046546753,-0.002233896,-0.000826546,-0.031667194,-0.00517557,-0.043979094,5.73,0.036124326,0,0.0016,0,-0.031062722
20130222,-0.04652,0.026240911,-0.001989964,0.005278937,0.025752515,-0.00366559,0.013739198,5.74,-0.071483311,0,0.0004,0,0.002690858
20130225,-0.06899,0.001374256,0.010595844,0.001231964,0.005282629,0.009978013,0.019783501,5.74,0.292785454,0,-0.0028,0,-0.002963399
20130226,-0.04808,-0.047337798,0.002199081,0.000312521,-0.026696754,0.000411726,-0.088358763,5.73,-0.118375566,0,0.0029,0,-0.029649998
20130227,0.06025,0.03501684,0.019784092,0.016704616,0.027749948,-0.001305986,0.018102423,5.73,-0.135650747,0,-0.0034,0,0.02518599
20130228,0.02783,-0.001159286,0.003133056,0.00877893,0.038208047,0.031277325,-0.002566098,5.71,0.051598793,0,-0.0032,0,0.015071711
20130301,-0.0198,0,0.046956731,0.036898148,0.006766205,-0.006650516,0.005181348,6.03,-0.008207972,-0.0088,0.001,0,0.009907417
20130304,-0.05535,-0.020489485,-0.000980189,-0.000980189,-0.00044514,-0.009794865,-0.041685293,5.03,0.106064517,-0.0089,0.0011,0,-0.018532166
20130306,-0.06315,-0.000551724,0.017444614,0.016106786,-0.004399119,0.004650885,-0.02395324,4.22,-0.001227658,0.0018,0.0046,0,-0.007693114
20130307,0,-0.023553005,0.006693572,4.58E-06,-0.028903395,-0.01888994,-0.005599108,4.6,-0.014706133,-0.0018,0.0005,0,-0.010035327
20130309,0.01355,-0.013989119,-0.009960783,-0.022227183,0.007690789,0.00028194,0.000909916,3.87,-0.023796459,0,0.0043,0,-0.003392063
20130310,0.04578,-0.010619569,0.005128187,0.001929709,-0.0103431,0.017882856,-0.006893179,3.18,0.062465572,0,-0.0011,0,0.006123558
20130312,-0.06252,-0.032469187,-0.005806292,-0.001190473,-0.025327828,-0.032156772,-0.018138934,2.74,0.022238627,0.0018,0.0054,0,-0.025372784
20130313,-0.05577,-0.010013739,-0.007134897,-0.014402264,-0.022015424,1.05E-05,-0.019969095,5.26,-0.036518624,0,0.0046,0,-0.018470703
20130314,-0.08046,0.012275671,0.00604163,0.00237831,0.022220827,-0.000261629,0.010034418,5.21,-0.045835929,0,-0.0004,0,-0.003967253
20130315,0.01342,-0.006118999,-0.007158378,0.002033387,-0.017402557,-0.033533212,0.005763667,5.17,0,0,-0.0008,0,-0.006142299
20130319,-0.09798,-0.042895292,0.022525839,0.002499925,-0.030093859,-0.010388705,-0.041499732,5.18,0.074268402,0,0.0003,0,-0.028261689
20130320,0.07914,0.030893736,0.00301231,0.006499607,0.034808818,0.010800102,0.038786058,5.2,-0.127296544,0,0.002,0,0.029134376
20130321,-0.00272,-0.005221944,-0.0178985,-0.002685766,-0.010099999,-0.009363862,-0.010929103,5.23,0.099105772,0,0.0002,0,-0.008417025
20130322,0.03085,-0.020314419,0.000162564,-0.007812521,-0.018749195,-0.009779897,-0.016062374,5.28,-0.030481321,0,0.0009,0,-0.005957977
20130326,-0.03632,0.010960379,0.015714787,0.015411804,0.018423349,0.002185385,-0.020359944,5.24,-0.073212564,0,-0.0018,0,0.000859394
20130327,-0.03911,-0.017367838,-0.017491306,-0.014240348,-0.025477657,-0.003073798,-0.006068028,5.19,0.029323024,0,0.0016,0,-0.017546996
20130328,0.01133,0.00928372,0.000323875,-0.000241257,-0.007564516,0.018465009,0.013301318,5.21,-0.034819751,0,0,0,0.006414021
20130401,0.08923,-0.001688334,0.027816791,0.038321484,-0.008364939,-0.021096194,0.00515464,6.03,-0.051437931,-0.0355,0.0017,0,0.018481921
20130402,0.00778,-0.045059563,-0.001503218,-0.005749575,-0.050627834,0.02729121,-0.08650145,5.98,0.128577316,0,0.0008,0,-0.022052919
20130403,-0.07411,0.003063511,-0.022698106,-0.001647483,-0.003211589,-0.015427052,-0.025465569,5.71,-0.091995329,-0.0019,0.0002,0,-0.019928041
20130404,0,-0.006631241,-0.001961965,0.001433624,-0.007373521,0.010719997,-0.001234566,4.92,-0.022776763,0,-0.0017,0,-0.000721096
20130406,-0.06401,-0.001435909,-0.005992924,0.007140722,0.009970166,0.00328256,-0.002801117,4.18,-0.000614453,0,-0.0034,0,-0.007692357
20130409,-0.01942,0.004444222,-0.026191588,-0.005491693,0.008032172,-0.031906388,-0.023465511,3.85,-0.044944497,-0.0019,0.0045,0,-0.013428398
20130410,0.01537,0.010619569,0.001195617,0.001195617,0.013278728,-0.018416852,0.033044787,3.23,-0.054067239,-0.0248,-0.0015,0,0.008041067
20130411,-0.01678,-0.003144366,0.013565595,0.004246199,0.036477634,-0.006077997,0.010752806,2.71,-0.026708908,-0.0164,-0.0006,0,0.005577124
20130412,-0.01626,-0.011314471,-0.004838725,-0.009214735,0.000400721,-0.021071175,0.001924944,2.77,0.010256474,-0.0111,0.0026,0,-0.008624777
20130415,-0.01235,-0.009746546,-0.000914447,-0.015922764,-0.027770723,-0.059092839,-0.012658372,4.46,0.359076693,0,0.0004,0,-0.019779384
20130417,0.0202,-0.046555624,0.00891236,-0.014417263,-0.005517839,0.053411059,-0.003482353,4.33,0.167770172,0,0.0005,0,0.001792906
20130418,0.01718,-0.000130574,-0.012967122,-0.025758582,-0.021510818,-0.01918679,0.017862813,4.35,0.061657286,0,0.0022,0,-0.006358725
20130419,0.07934,0.017475042,0.00166014,0.00290936,0.024061317,0.020779824,0.035347256,4.39,-0.159575342,0,-0.0031,0,0.025938991
20130422,0.17605,-0.000128329,-0.00195085,0.006991104,0.002120458,-0.002374951,0.026653768,4.36,-0.039514672,0,-0.0028,0,0.029623029
20130423,-0.00509,0.052498933,-0.007119608,-0.011388229,0.040881271,-0.01151082,0.050246051,4.38,-0.065326473,0,-0.0006,0,0.015502514
20130424,0.04976,0.017622665,-0.003208077,0.011460685,-0.015987218,-0.018976394,0.002039772,4.32,0.00959772,0,0.0019,0,0.006101633
20130425,0.13596,0.000239263,-0.008215153,-0.007766507,0.018627102,-0.010660756,-0.005619442,4.17,0.000734501,0,-0.0031,0,0.017509215
20130426,0.02511,-0.005277057,-0.000490187,-0.012759021,-0.022145666,0.02932947,0.003579669,4.13,-0.000734501,0,-0.0007,0,0.002478173
20130502,0.02299,0.018399987,0.003677613,0.008839622,-0.003654767,-0.0127858,0.02509425,5.98,-0.066949956,-0.0476,0.0019,0,0.008937272
20130503,-0.03694,0.028644621,-0.013640238,0.009294868,0.033023275,0.018628996,0.033811975,5.67,-0.038564305,-0.048,-0.0015,0,0.010403357
20130504,-0.07599,-0.01428686,-0.014122722,0.001877619,-0.017419277,0.000577482,0.019572512,4.85,0.002157479,0,-0.0013,0,-0.014255892
20130506,-0.06115,-0.012792877,-0.027574491,-0.025102414,-0.017412637,0.010717079,0.005129425,4.16,0.072877932,0,0.0149,0,-0.018312274
20130507,0.0214,-0.008230499,-0.002974623,-0.00696685,-0.012224176,-0.005495932,-0.023377017,4.61,-0.08432142,0.0084,0.0032,0,-0.005409871
20130508,0.01933,0.002939539,0.028271692,0.032355418,-0.001873244,0.006703888,-0.00860429,4.4,-0.011754912,-0.0021,-0.0028,0,0.011303286
20130509,0.02326,0.006578295,0.013364218,-0.005667149,0.001399021,-0.101900932,0.006033912,3.84,-0.006951033,0.0021,0.0022,0,-0.008133234
20130511,-0.00463,-0.01399146,-0.001126514,-0.003959523,-0.017789066,0.017982661,-0.026186608,2.65,0.025955666,0,0.0008,0,-0.007100073
20130512,-0.01653,-0.016829619,-0.002820399,0.007784369,-0.004014457,0.005195148,-0.025317816,2.77,0.025521877,0,-0.0005,0,-0.007504682
20130513,0.24879,-0.011595964,0.011708255,0.020614573,0.003681725,-0.001969055,-0.013552988,3.84,-0.003182179,0,-0.0006,0,0.036810935
20130514,-0.05282,0.019955819,0.007317429,0.015401721,0.016602934,0.029329625,0,3.85,0.017378025,0,0.0014,0,0.005112504
20130515,0.0735,0.015529802,0.026919343,0.007377769,0.025769505,-0.032124465,0.021215845,3.88,0.003127443,0,0.0024,0,0.019741114
20130516,-0.032,0.002183407,0.000891546,0.051155476,0.004685674,6.86E-06,0.023108764,3.95,0.020093356,0,-0.0009,0,0.00714739
20130517,-0.06725,0.013862037,-0.00171772,-0.020562792,0.007954277,-0.002844297,0.006968679,4.04,-0.048598897,0,0.0005,0,-0.009084259
20130521,-0.00884,-0.026468624,0.011289374,-0.016433203,0.004819283,-0.003896976,-0.016200345,4.13,0.026526711,0,-0.0003,0,-0.007961499
20130522,0.01236,0.012345161,-0.016688302,0.021308727,-0.005592535,-0.00963938,0.010213671,4.14,0.033103414,0,-0.0003,0,0.003472477
20130523,-0.0339,-0.027966152,-0.00396386,-0.012968827,-0.03442852,0.028637312,-0.040052458,4.21,0.017928053,0,0.0019,0,-0.017806072
20130524,0.05129,-0.012584436,-0.000259165,0.015958606,-0.002003581,-0.0136716,-0.015992628,4.29,-0.005702077,0,-0.0006,0,0.003248171
20130528,-0.00936,0.020517479,0.008950939,-6.27E-05,0.031698685,-0.006772264,0.033885621,4.19,0.034425583,0,-0.0018,0,0.011265398
20130529,-0.07822,-0.016866022,-0.011148534,-0.004402112,-0.011696008,-0.035393751,-0.007431557,4.16,0.023883796,0,0.0045,0,-0.023593998
20130531,0.09875,-0.006706638,-0.027135683,-0.022827192,-0.017405513,0.021010113,0.005476954,4.15,0.114949602,0,0.0086,0,0.007308863
20130602,0.07303,-0.025810755,-0.007824969,0.002185397,-0.020673111,-0.00152839,-0.017126073,5.96,-0.022853956,0,0.0013,0,0.000321728
20130603,0.02143,-0.016483573,-0.003751415,-0.000271131,-0.023817658,-0.002157124,0.002594056,5.63,0.003702351,0.02,0.0007,0,-0.003208121
20130606,-0.0274,-0.021615734,-0.016059925,-0.024428202,-0.046068262,-0.002610999,-0.047628049,4.25,-0.050992638,0.049,0.0162,0,-0.026544453
20130608,0,-0.006295076,0.007025298,0.005379886,0.004987542,0.004479092,0.021373437,4.28,0.071691937,0.0654,-0.0009,0,0.005278597
20130609,0.00191,0.018976672,-0.001265482,-0.015500639,-0.019359346,0.05979169,0.013330462,3.84,0.005060094,0,0.0012,0,0.008269051
20130611,-0.00776,0.003375847,0.009175829,-0.007888768,0.001321628,0.037574768,0.012727437,2.59,-0.046268882,0.0187,-0.0023,0,0.006932392
20130612,0,0.021936979,0.006274153,0.004241931,-0.006456842,0.020854622,0.014684571,2.7,-0.089425668,0,-0.0029,0,0.008790773
20130613,0.07605,0.016199876,0.003535252,-0.009867965,-0.007614264,0.000625574,0.024667235,4.42,-0.124732914,0,-0.0042,0,0.014799387
20130614,-0.02784,0.000693401,0.003355377,0.009786722,0.010979837,-0.004893215,-0.003559595,4.44,0.044107256,0,-0.0039,0,-0.001639639
20130617,0,0.010800978,0.001062933,0.001455893,0.00419111,0.032472807,0.011648652,4.42,-0.02061931,0,0.0001,0,0.008804625
20130618,-0.01183,0.00864821,-0.025754443,-0.009639091,0.006669478,-0.017920329,0.013503579,4.38,-0.011373881,0,0.008,0,-0.005188942
20130619,-0.01198,-0.010592957,-0.019896265,-0.006654052,0.00538638,-0.007090602,-0.016529294,4.43,0.001804438,0,0.0085,0,-0.009622399
20130620,0,-0.043770151,-0.002901812,-0.00195939,-0.069288074,-0.026653194,-0.041769458,4.52,0.208127552,0,0.0011,0,-0.026620297
20130621,-0.06213,-0.026057343,-0.015584354,0.020663901,-0.028297403,-0.056835614,-0.041392632,4.53,-0.080775049,0,0.003,0,-0.029947635
20130625,-0.0129,0.028485658,-0.010443773,-0.002767032,0.008919747,0.00117885,-0.011885584,4.55,-0.085069477,0,-0.0101,0,8.40E-05
20130626,-0.00521,0.026872101,0.009399199,0.017562536,0.028451783,-0.017188361,0.014567291,4.55,-0.0706572,0,-0.0092,0,0.010636364
20130627,0.06812,0.00270668,0.006398854,0.005118928,-0.000719516,-0.028258838,-0.002681707,4.57,-0.020546568,0,0.0031,0,0.007240629
20130628,0.04763,-0.013488136,-0.002941577,-0.00822409,-0.016205432,0.045799945,-0.034420238,4.61,0,0,0.0009,0,0.002592925
20130701,-0.03096,0.018416727,-0.000155848,0.003875255,0.003992052,0.00337335,0.017834908,6,-0.002896451,-0.0792,-0.0039,0,0.002339492
20130702,-0.02857,-0.018196795,-0.009503506,-0.002953264,-0.020211699,0.029471398,-0.01032391,5.96,0.006689,-0.028,0.0026,-0.25,-0.008612539
20130703,-0.07772,-0.003842799,0.003672209,0.003486578,-0.001594909,0.004045151,-0.004153736,5.56,-0.035355266,0,-0.0011,0,-0.010872501
20130706,-0.03967,0.016677453,-0.004643567,0.014608075,0.03183461,0.021627825,-0.007343984,4.55,-0.093867972,0,-0.0054,0,0.004727202
20130708,-0.0064,0.010133852,0.017340002,0.005624789,0.019705071,0.054962898,0.02460089,4.14,0.020234097,-0.0213,0.0092,0,0.017995357
20130710,0.03005,-0.001174398,0.002864933,-0.002330304,-0.00756624,-0.019689504,0.026416615,3.29,0.147987338,-0.019,-0.0012,0,0.004081586
20130711,0.01084,0.003924138,-0.046490566,0.007454567,-0.020973123,0.007626317,-0.033995002,2.56,0.093370995,0.0194,0.003,0,-0.010230524
20130715,0.00501,0.009498036,0.001363704,0.024711138,0.010998122,-0.000736506,0.009009108,4.41,-0.003619272,0,-0.0005,0,0.008550515
20130716,0.08847,-0.014623624,-0.002541686,-0.009614194,-0.024023765,0.024354072,-0.007878528,4.4,0.044672448,0,0.0016,0,0.007734611
20130717,0,0.007508568,-0.001811748,-0.013642311,0.003094136,0.003221361,0.021241729,4.47,-0.045397891,0,0.0012,0,0.002801676
20130718,0.03816,0.017637934,0.000697242,0.013177789,0.021860078,0.014733507,0.042236946,4.48,-0.0007259,0,-0.0007,0,0.021214785
20130719,-0.00885,0.002224695,0.003567407,-0.013357504,-0.037910249,0.001990229,0.02202502,4.47,-0.093568814,0,-0.0022,0,-0.004330057
20130722,-0.02247,0.016529302,0.001118289,-0.00931717,0.005538846,-0.000462642,0.024591405,4.5,-0.020137612,0,-0.0012,0,0.00221829
20130724,-0.00926,0.034974243,0.002229904,0.016609928,0.054416375,-0.01213476,0.030077445,4.48,0.040253148,0,-0.0027,0,0.016701876
20130725,0.00695,0.0099964,-0.025999367,-0.016855002,-0.000448934,0.002730299,0.003942826,4.5,-0.016061533,0,0.001,0,-0.002811968
20130726,0.00461,0.008133517,0.014611399,0.005358399,0.023520055,0.003613899,0.009302399,4.51,-0.01946344,0,-0.0014,0,0.009878524
20130729,0.03612,0.001452885,0.012278843,-0.006386829,0.002190581,0.002493018,-0.022672242,4.55,0.051332606,0,0.001,0,0.003639465
20130730,-0.03153,-0.007599058,0.019285094,-0.006438942,-0.010779997,0.00269032,0.019743988,4.54,0,0,-0.0001,0,-0.002089799
20130731,0.02931,0.016272318,-0.004937526,-0.004937526,0.00990434,0.000236771,0,4.52,0.004470907,0,0.0049,0,0.006549768
20130801,0.0125,0.010670581,0.026190857,0.033894791,0.024401036,0.013632809,0.020990234,5.98,-0.012404397,0,0.0002,0,0.020325758
20130802,-0.04445,0.023367669,0.002610353,-0.003782528,0.038080992,-0.00487343,0.033398307,5.94,-0.036203014,0,-0.0004,0,0.006335909
20130803,0.04251,0.040135725,-0.001488098,-0.000246509,0.02053784,0.034542021,0.027708336,5.49,-0.036651296,0,0.0004,0,0.023385616
20130804,0.04293,-0.002677719,-0.019145898,-0.009364136,0.002051766,0.028180137,-0.00424889,4.87,-0.053867725,0,-0.0022,0,0.005389323
20130805,0.21791,-0.006696454,-0.0013519,-0.005220075,0.014421328,0.010265893,0.008194799,4.03,-0.013338768,0.0417,0.0013,0,0.033931942
20130807,0.03241,0.026986767,-5.56E-05,-5.56E-05,0.022829776,-0.009722075,0.021763656,4.6,-0.007414972,0,0.0004,0,0.013450975
20130808,0.03988,0.007033084,0.020909682,0.001503016,0.044133578,0.02551574,0.043953265,4.01,-0.019448299,0.0426,-0.0014,0,0.026132624
20130810,0.06372,-0.010038466,-0.00905335,-0.014139804,-0.017880425,-0.013208852,-0.01217814,3.18,0.046801009,0.1066,0.0036,0,-0.001825577
20130811,-0.00463,-0.009745205,-0.006334822,-0.007912132,-0.017493157,-0.01321431,0.008376049,2.58,-0.075380713,0,0.0006,0,-0.007279082
20130813,-0.01566,0.003996009,0.012218647,0.018824919,0.019514681,0.019174776,0.002134447,3.81,-0.039814174,0,0.0027,0,0.008600497
20130814,0.03489,0.001394839,0.006789472,0.004184266,0.00037886,0.017367527,0.002555405,3.76,0.057609579,0,0.0028,0,0.009651481
20130816,0.00948,0.020740014,-0.014329521,0.004761861,0.016156654,1.19E-05,0.016870885,3.76,-0.024743507,0,-0.0005,0,0.007670258
20130819,-0.03651,-0.022546518,0.011878437,0.012134529,-0.04478218,-0.007872074,-0.053695527,3.73,0.049552077,0,0.002,0,-0.020199048
20130820,-0.01976,-0.014978521,0.001742501,-0.011106774,-0.023665076,-0.019573432,-0.014670183,3.71,-0.012662651,0,-0.003,0,-0.014573069
20130821,-0.0222,-0.004804016,-0.002262325,0.004755269,-0.002997904,-0.024111866,-0.01216505,3.71,0.066799528,0,0.0024,0,-0.00911227
20130822,-0.03743,0.021589041,0.01992351,0.016891787,0.024516847,0.001974071,0.036059989,3.72,-0.076910812,0,-0.0031,0,0.011932178
20130823,0.05963,0.007691193,0.00081364,-0.005682351,0.004093174,0.010599213,0.000437179,3.72,-0.054293131,0,-0.0015,0,0.01108315
20130826,-0.01003,-0.014734893,-0.008566458,-0.009344302,-0.008007073,-0.005685719,-0.035590963,3.73,0.069755593,0,-0.001,0,-0.013137058
20130827,-0.0496,-0.0359825,-0.0216576,-0.01014193,-0.056466612,-0.00479339,-0.042559622,3.71,0.112208306,0,0.0017,0,-0.031600236
20130828,0.03334,0.0115524,-0.027640688,-0.000423877,0.011346176,-0.055135388,0.015940343,3.73,-0.01683748,0,0.0026,0,-0.001574433
20130829,0.02629,0.001447627,0.006406377,0.008025192,0.012840286,0.014289476,0.013857053,3.75,0.019219793,0,-0.0013,0,0.01187943
20130830,0.01388,-0.020354546,0.002015641,0.012487143,-0.017775522,-0.005300621,-0.018986478,3.78,0.011827504,0,-0.0021,0,-0.004862055
20130901,0,-0.001204358,0.018807303,0.008599275,0.03795632,0.009527422,0.047328971,5.97,0.013853705,0.0434,-0.0018,0,0.017287848
20130904,0.08069,0.005221279,-0.024033392,-0.00344397,0.048670869,-0.009231716,0.018680861,4.82,-0.026893625,0.002,-0.0018,0,0.016650562
20130907,-0.03006,-0.005111614,0.012524509,0.00191433,-0.012342788,0.001506894,-0.006479491,4.59,-0.029524929,0.0385,-0.0023,0,-0.005435451
20130908,0.01835,-0.003510359,0.000726196,0.005547842,0.000388878,0.016024338,0.009172376,3.92,0.052039309,0,-0.0021,0,0.006671324
20130909,0.08605,-0.004533784,0.003344383,-0.009562448,0.013550617,0.051951257,0.030577906,3.85,-0.013977373,-0.0665,0.0002,0,0.024482562
20130910,-0.01242,0.018618862,-0.004777963,-0.004777963,0,0.001579785,0.00563912,3.16,-0.037059812,-0.0002,0.0048,0,0.000551692
20130912,-0.00837,0.00714423,0.003132678,0.01654334,0.012272561,0.016355804,0.01159431,2.71,-0.021995036,0.0017,-0.0009,0,0.008381846
20130913,-0.02247,-0.008553011,0.00203708,0.020120986,-0.028742469,0.002437741,-0.000856163,3.82,-0.009138912,0,-0.002,0,-0.005146548
20130916,-0.01764,0.010531642,0.002624027,-0.000247624,0.03019974,-0.006017699,0.018247934,3.78,0.015417283,0,-0.0027,0,0.005385431
20130917,0.0384,-0.003366007,-0.004699997,-0.0054192,-0.019748541,0.003691417,0.003777521,3.69,0.010377099,0,0.0048,0,0.001805028
20130918,-0.0086,0.002179298,0.000892139,-0.00054782,0.016205763,0.003418672,0.007928275,3.63,-0.06688122,0,-0.001,0,0.003068047
20130919,0.02558,0.00827754,0.01525704,0.025916985,0.008730049,0.008368044,0.026252522,3.56,-0.032152325,0,-0.0038,0,0.01691174
20130920,-0.07514,-0.003736117,0.000904383,-0.013711504,-0.003732121,-0.019243382,-0.015915444,3.53,-0.00304414,0,0.0007,0,-0.018653455
20130923,0.01799,0.001378089,0.00194996,0.005668013,-0.015069352,0.007169825,0.001233317,3.53,0.086820848,0,0.001,0,0.002902836
20130924,0.03158,0.005102052,0.000844967,-0.012110069,-0.000421852,0.02149086,0.011031775,3.38,-0.016203278,0,0.0014,0,0.008216819
20130925,-0.01567,0.005660208,0.040412592,0.04073503,0,0.00558303,0.012517825,3.24,-0.004983969,0,-0.0028,0,0.012748384
20130926,0.03109,-0.010565545,-0.007708186,-0.003237734,-0.021753897,0.036201355,-0.027254083,3.32,0.00356254,0,0.0011,0,-0.000461156
20130927,-0.02236,0.000982994,-0.007063817,-0.011604203,0.019641964,-0.002931646,-0.016213189,3.28,0.094922129,0,0.0005,0,-0.0056497
20130930,-0.01225,-0.017643435,-0.006974019,0.005365843,-0.012337957,-0.004763998,-0.012653075,3.29,0.071146673,0,-0.0017,0,-0.008750949
20131001,-0.03155,-0.001425204,0.0114695,0.014076768,-0.019656685,-0.014414197,0.012189578,5.96,-0.023444345,0.028,-0.0069,-0.75,-0.004187177
20131004,0.12516,0.051972601,-0.018598708,-0.068674047,0.055276659,0.004653101,0.055166359,4.74,-0.038099886,0.0018,-0.0017,0,0.029279424
20131005,-0.1243,0.002914474,0.019168498,-0.014053387,-0.001842536,-0.014219929,0.023347366,3.86,-0.041996837,0,0.0002,0,-0.015569359
20131006,-0.0575,-0.012225645,0.001799213,0.00548429,-0.025092057,0.009116373,-0.018849777,4.71,0.019621247,0.039,0.0025,0,-0.013895372
20131007,-0.05055,0.004431574,0.004502054,0.002666728,-0.011491508,0.016666377,-0.019141946,4.53,-0.009804024,-0.0376,-0.0017,0,-0.007559532
20131009,0,0.0244389,0.012359688,0.002969948,0.004809629,-0.010145833,0.011448847,3.83,-0.072976693,0,-0.0024,0,0.006554454
20131010,-0.00313,0.036041655,-0.001329993,0.012685091,0.03875801,0.022830098,0.023159923,3.22,-0.173382089,-0.0021,-0.002,0,0.018430683
20131012,0.02654,-0.002250564,-0.044800186,-0.007124775,-0.003204489,-0.02265829,-0.004814627,2.72,0.030659342,0,-0.0003,0,-0.008330419
20131014,-0.01753,0.005602256,-0.002055169,-0.002055169,-0.003297612,0.05182983,0.001839905,3.24,0.022020357,0,0.0017,0,0.004904863
20131015,0.01595,0.008714248,0.003594377,0.010711867,0.011494379,0.049203366,0.008238044,3.23,0.149428026,0,-0.0036,0,0.015415183
20131016,0.01102,0.002396977,0.004580084,0.003866515,-0.001429593,-0.005960507,0.015377957,3.22,-0.23785465,0,0.0011,0,0.00426449
20131017,0.01399,-0.000921235,0.000261607,-0.013802531,0.001837673,0.003532285,0.006263999,3.17,-0.087320466,0,0.0004,0,0.001594543
20131018,0.02137,0.000921235,-0.012996508,-0.00667882,0.006304037,-0.014290093,0.002672611,3.14,-0.033185518,0,-0.001,0,-0.000385363
20131021,0.05581,-0.009808536,-0.001813874,-0.002281346,-0.00243556,0.016525865,0.001777792,3.12,0.009160361,0,-0.0029,0,0.008253477
20131022,-0.00717,0.007596146,-0.000953611,-0.013248309,0.002232823,0.004250013,-0.009817114,3.1,0.012835214,0,-0.0014,0,-0.002444293
20131023,-0.03813,-0.022019923,-0.000318943,-0.008687178,-0.022970657,0.002221482,-0.033746965,3.12,0.006729009,0,0.0021,0,-0.017664598
20131024,-0.00449,0.022204476,0.0043946,0.006514937,0.015236037,0.000537006,0.004627514,3.03,-0.016529322,0,0.003,0,0.00700351
20131025,-0.0015,-0.015622412,0.012806163,0.005831457,-0.004916028,-0.026943639,-0.021466064,2.99,-0.008368224,0,-0.0011,0,-0.007401503
20131029,-0.00906,0.015063361,0.019764607,0.035330578,0.028399475,-0.013418364,0.048881927,2.9,0.007485022,0,-0.0007,0,0.017851655
20131030,-0.01375,-0.013925705,0.001937463,0.007595136,0.059777204,-0.029172617,-0.001836562,2.76,0.017738808,0,-0.0019,0,0.001517846
20131031,0.01829,0.03299153,0.016094884,-0.00663839,-0.021518492,-0.010424636,0.01821544,2.71,0.00729933,0,0.0011,0,0.006715762
20131101,-0.00643,0.006451988,-0.002972406,-0.010539727,0.002478335,-0.013522591,-0.003734824,5.98,-0.009683511,-0.002,0.0032,0,-0.004038461
20131102,-0.05449,0.0034697,-0.006561539,0.012722135,0,-0.018857456,-0.010087227,5.97,-0.006163415,0,0,0,-0.010543484
20131103,0.00691,-0.004831199,-0.002526202,-0.000358193,-0.023935491,0.016826349,-0.012220138,5.43,-0.085351961,0.045,0.0038,0,-0.002876411
20131104,0.10755,0.012224505,-0.015325351,0.001217279,0.02192536,0.00391894,0.008998974,4.54,-0.009756166,0.0078,0.0007,0,0.020072815
20131106,-0.19052,-0.018739411,0.000572341,0.004696271,0.003354326,0.005043036,-0.012597799,4.53,0.100361002,0.0356,-0.0011,-0.25,-0.029741605
20131107,-0.01744,0.000566733,0.009615489,0.014186783,0.034571344,0.000152399,-0.007760611,4.44,-0.014174568,-0.0081,-0.0016,0,0.004841734
20131109,0.01047,0.000197064,0.004474275,-0.001216516,-0.006015659,0.028658551,0.034849725,3.82,-0.050098663,0,0.0045,0,0.010202491
20131110,-0.00787,0.000187283,-0.013312957,-0.01042623,0.004123717,0.001266859,-0.005509663,3.25,-0.047213693,0,0,0,-0.004505856
20131112,0.00327,-0.004327789,0.006924617,-0.001331751,-0.020059431,0.004455157,-0.013605644,2.63,0.103057378,0,-0.0004,0,-0.003524977
20131113,0.02375,-0.006780964,-0.016907526,-0.016360971,-0.021036852,-0.007147006,-0.045952737,2.76,-0.023679025,0,0.0014,0,-0.012919437
20131114,0.01244,0.028323116,0.01634516,0.00324473,-0.006978395,0.014596102,-0.005774807,2.86,-0.012053225,0,-0.0018,0,0.008885129
20131115,-0.01244,0.000918189,-0.001081348,0.010117092,0.017453835,0.012800186,-0.012627661,2.79,-0.014658268,0,-0.0002,0,0.002162899
20131118,-0.00628,0.004943707,0.001610208,0.007641388,0.000196599,0.039886958,0.031748702,2.81,0.07199635,0,-0.0005,0,0.011392509
20131119,0.00784,-0.017689792,9.48E-05,0.021636995,-0.016250853,-0.024891157,-0.019121041,2.72,0.021895926,0,-0.001,0,-0.006911578
20131120,-0.0047,0.002228413,-0.011829825,-0.002874879,-0.018145659,-0.002248211,-0.005808349,2.67,0.000746493,0,0,0,-0.00619693
20131121,0.00626,0.003703022,-0.005545835,0.004675136,0.024320363,-0.006037789,0.020183278,2.66,-0.056807274,0,0.0015,0,0.006794025
20131122,-0.00156,0.010296101,0.011470087,0.002316732,0.015565283,0.014720351,0.004746112,2.7,-0.032105455,0,-0.0003,0,0.008222095
20131125,0.04581,0.004744534,-0.002268778,0.020521823,-0.001761081,0.010245669,-0.003795063,2.7,0.042321663,0,-0.0031,0,0.010499586
20131126,0.01482,-0.001822158,-0.01237717,-0.012733493,0.007414668,0.004267673,0.001899313,2.68,0.001562536,0,0.0009,0,0.000209833
20131127,0,0.002368158,0.000983538,0.02146213,0.00909537,-0.012985542,0.011320891,2.7,0.013183527,0,-0.0006,0,0.004606364
20131129,0.0076,0.000905387,0.000456994,0.009803015,-0.004236479,0.023187635,-0.01487017,2.7,0.053986143,0,-0.0005,0,0.003263769
20131202,0.00797,0.028310532,-0.011396603,-0.002977371,0.034390992,-0.004495647,0.014638887,5.92,-0.023456841,0.0212,0.001,0,0.009491541
20131203,-0.02676,-0.005307449,-0.001419728,0.00604026,-0.025754224,-0.009430736,-0.015488198,5.37,0.059606396,0.0383,0.0014,0,-0.011160011
20131204,0.00123,-0.030232048,0.015467754,-0.02283127,-0.040361938,-0.000660995,-0.020934329,4.5,-0.014815032,0,-0.0026,0,-0.014046118
20131206,0,-0.012377552,0.005957029,0.010063625,-0.006719899,0.009774728,-0.025681946,4.44,0.085301291,0.0021,-0.0059,0,-0.002712002
20131207,0,-0.002609634,0.004133223,0.001563523,0.03106582,0.00872449,-0.016269639,4.41,-0.012208415,0,0,0,0.003801112
20131208,0.03961,0.003710579,0.004197189,0.004780449,0.00620157,-0.009561275,0.017241815,3.88,-0.045774537,0.0398,-0.0046,0,0.009454332
20131209,0.0155,-0.005136321,0.007379381,-0.011873747,-0.035206256,0.003427322,-0.011909985,3.83,0.033443193,-0.0075,-0.0006,0,-0.005402801
20131211,-0.04848,-0.005242476,-0.003817976,0.007780222,-0.0038835,-0.019498094,-0.000916196,2.67,0.02288068,0.0019,-0.0006,0,-0.010579717
20131212,-0.01314,-0.003400079,0.009147237,-0.013002874,-0.020887948,-0.033387726,-0.010821579,2.57,0.007751969,-0.0286,0.0011,0,-0.012213281
20131213,-0.03533,0.004530874,-0.003875568,-0.000441105,-0.007341407,-0.019834912,-0.006947915,2.54,0.014057756,0,0.0005,0,-0.009891433
20131216,0.01698,0.01551288,-0.001080152,0.008772016,0.028638604,-0.004633386,0.048600429,2.53,0.016986911,0,0.0013,0,0.016112913
20131217,-0.00676,-0.022127286,0.00137304,-0.000102456,-0.015878259,-0.029301041,-0.02303364,2.46,0.01116627,0,0.0019,0,-0.013689949
20131218,-0.0068,0.019899286,0.002221237,-0.00429874,0.024434025,0.039852081,0.023981984,2.46,-0.160959673,0,0.0023,0,0.014184268
20131219,0.01187,0.009987137,0.021235339,0.01494522,0.007678357,0.011655727,0.003784292,2.49,0.025045991,0,0.0011,0,0.011593725
20131220,-0.00338,0.009341583,0.00638481,0.007248781,0.013197552,0.025912174,0.003770025,2.48,-0.025770908,0,-0.0008,0,0.008924989
20131223,-0.00169,0.016095835,-0.002499675,0.022801794,0.018110731,0.000667086,0.006563545,2.49,-0.055922135,0,-0.0019,0,0.008578474
20131227,0.08447,0.013561949,0.010053352,0.022132953,0.001559455,-0.022938322,0.009302393,2.48,0.010488205,0,-0.0004,0,0.016877397
20131230,-0.02205,0.001062888,-0.010524317,0.009418679,-0.013333531,0.011664508,-0.003710572,2.44,0.084600797,0,0.0028,0,-0.003924621
20140104,-0.0212,0.026611844,0.035693124,0.002655341,0.023905521,0.021919797,0.014970339,2.96,-0.057836704,0.0421,0.0004,0,0.014936567
20140107,0.00733,0.035394029,0.006121859,-0.00354469,0.00759177,-0.019286066,0.024233819,2.41,-0.036976051,-0.0096,0.0007,0,0.00826296
20140108,0.0083,0.005238779,-0.002139378,0.001194466,-0.008344247,-0.000903529,0.00255646,2.16,0.004708656,0,0.0011,0,0.000843222
20140110,0.03363,-0.003242112,0.000833829,0.022987046,0.00192811,-0.009240348,0.007162762,3.01,0.024228904,0.0078,-0.0002,0,0.007722755
20140113,-0.00954,0.010233373,0.002761136,-0.003845983,0.031526254,0.026881453,0.018487901,2.03,0.08975331,0,-0.0034,0,0.010929162
20140114,-0.03343,-0.003630396,-0.012729023,-0.010438773,-0.014413725,-0.006032287,-0.00333611,1.99,-0.078287223,0,0.0001,0,-0.012001473
20140115,0.02931,0.031034034,0.003491042,0.01081597,0.038601585,0.049487246,0.026382417,1.98,0,0,-0.0018,0,0.027017471
20140116,-0.03073,-0.017957454,0.009068074,0.004709275,-0.039126473,-0.010535252,-0.023046307,1.96,0.020153847,0,0.0013,0,-0.01537402
20140117,0.00142,-0.01342302,-0.01262502,0.00953846,0.018380958,-0.016244885,-0.009201226,1.98,-0.007208694,0,0.0022,0,-0.003164962
20140121,-0.03426,0.018743563,0.001011325,0.006257609,-0.0042209,0.010394559,0.008431753,1.99,0.033981959,0,-0.0009,0,0.000908273
20140122,0.00905,0.001361934,-0.004112238,0.014703904,0.021273688,0.018262235,-0.014376566,1.98,-0.002333703,0,-0.0005,0,0.006594708
20140123,0.01638,-0.005116846,-0.005637807,-0.000128151,-0.016877304,0.015508841,-0.025885829,1.97,0.069927036,0,0.0002,0,-0.003108157
20140124,-0.04687,-0.031439845,-0.028274056,-0.027522985,-0.019669279,-0.019910005,-0.024780015,1.94,0.275627065,0,0.0014,0,-0.028352312
20140127,-0.00777,0.005806298,0.008082467,0.010738934,-0.026658574,-0.030644543,-0.004490371,1.96,-0.040500435,0,0.0009,0,-0.006419398
20140128,0.00312,0.02117767,0.007521638,0.002472539,0.051228966,0.050877147,0.016071796,1.95,-0.097609024,0,-0.0022,0,0.021781394
20140129,-0.01567,-0.003785928,-0.014564539,-0.002281102,-0.032836387,-0.022672031,-0.006219474,1.94,0.093582576,0,-0.0019,0,-0.014004209
20140130,0.02804,0.004815971,0.01948515,-0.023976428,-0.010520685,-0.001641133,-0.007155687,2.43,-0.003464176,0,-0.0017,0,0.001292455
20140131,0.02877,-0.014343977,-0.013028118,-0.003337666,-0.01525064,0.007708546,0.001793737,3.52,0.062765634,0,-0.0038,0,-0.001098303
20140204,-0.00717,0.008140688,-0.000675636,0.027816407,-0.004142426,-0.006326145,-0.021780817,2.96,-0.000763668,-0.0036,0.0007,0,-0.000591133
20140205,0.00857,-0.030586867,0.002117168,0.006011402,0.00905356,-0.029149864,-0.004669244,3.15,-0.025995359,0.0036,-0.0021,-0.25,-0.005521978
20140206,0.02998,-0.005661313,0.003989593,-0.021842619,0.005867414,0.000733716,0.011659658,2.69,0.015666144,-0.0446,0.0018,0,0.00353235
20140207,0.02166,-0.006253685,0.005929243,0.023957488,-0.000840689,-0.011237555,0.003187247,2.39,-0.030043218,-0.0131,0,0,0.005200293
20140209,-0.02428,0.005628351,-0.002187384,-0.002749655,-0.001030397,-0.01322244,0.011904896,2.3,0.01314726,0.0036,0.0036,0,-0.003705233
20140210,-0.00315,-0.035384718,-0.005615565,0.010765914,-0.023668096,-0.026927747,-0.049583491,3.01,-0.033468244,-0.0364,-0.0003,0,-0.019080529
20140212,0.01507,0.006685043,0.013788914,0.01433289,0.014694142,0.017118119,0.011135022,1.71,-0.097077236,0.0241,-0.0018,0,0.01326059
20140213,-0.02998,-0.025802513,0.010635391,0.017066499,-0.014083484,-0.01165677,-0.003395582,3.59,-0.011251866,0,0.0004,0,-0.00817378
20140214,0.01296,-0.009318153,0.010007887,0.027338241,0.023071121,0.014273966,0.023530484,3.59,-0.041146233,0,0.0001,0,0.014551935
20140218,0.01566,-0.001198322,0.002631266,-0.013602426,0.016958358,-0.01452515,-0.004991697,3.66,0.021866775,0,-0.0016,0,0.000133147
20140219,-0.0243,0,-0.001343608,0.00977526,0.000343112,-0.028953485,-0.015126359,3.63,0.111111798,0,0.0074,0,-0.008515011
20140220,0.00865,0.002395211,-0.00206825,0.000218244,-0.002920212,0.00934742,-0.005944812,3.76,-0.04688875,0,0.0006,0,0.001382514
20140221,0.00715,0.001877935,0.025297551,0.006843801,0.006173918,0.015264572,-0.005980365,3.73,-0.00746523,0,-0.0016,0,0.00808963
20140224,-0.00428,0.012037104,-0.017288238,0.000661143,0.012065742,0.019260554,0.012771583,3.55,-0.031133664,0,0.0005,0,0.005032555
20140225,0.01561,0.002692698,0.005507333,0.001584192,-0.001859837,-0.016088187,-0.000846405,3.46,-0.040148724,0,0,0,0.000942828
20140226,0.0126,-0.007761132,-0.010216233,-0.008621634,-0.015176351,-0.005307684,-0.011068656,3.4,0.048546312,0,0.0012,0,-0.006507384
20140227,0.00831,0.00186141,0.004170934,-0.005106424,-0.016283055,-0.007774702,-0.005150199,3.38,-0.021839573,0,-0.0064,0,-0.002853148
20140228,0.01097,0.005227227,-0.008982798,0.012844599,-0.107575098,0.00670352,-0.007775427,3.36,-0.002853066,0,0.0031,0,-0.012655425
20140301,-0.01702,0.002517534,-0.030245999,-0.010437292,0.008480477,-0.007134698,0.00924221,2.33,-0.033586531,0.0409,0.0043,0,-0.00637111
20140302,0.01334,-0.030037594,0.002116336,0.027132376,-0.026453095,0.005833304,-0.040224794,3.54,0.152364374,0,-0.0021,0,-0.006899067
20140304,0.04776,0.0111503,0.007721014,0.010692779,0.012180897,-0.007641494,0.027706749,2.95,0.021164791,0.0037,0.0004,0,0.015652892
20140306,-0.01559,-0.003333663,-0.001275746,-0.008317931,-0.012164168,0.014965975,-0.003095972,2.68,0.024734733,-0.0038,0.0003,0,-0.004115929
20140307,0.00712,0.004693926,0.004921658,-0.016291716,-0.019962438,0.011164193,0.016568417,2.34,-0.047312515,0,0.0002,0,0.001173434
20140309,0.02877,0.021254989,-0.003352089,0.0079154,0.020408872,0.018135374,0.028335222,2.38,0.008939487,0,-0.0025,0,0.017352538
20140310,-0.00475,0.00808125,0.002485706,0.001798829,0.013712262,-0.011139408,0.023879284,2.98,-0.104948037,-0.0317,0.0011,0,0.004866846
20140311,0.04328,-0.015577422,-0.001926986,-0.000676204,0.00073828,-0.006838189,-0.00696869,1.94,0.048688324,0.0096,0.0007,0,0.001718684
20140312,0.04567,0.000587717,0.018363361,0.004953655,0.011967922,0.014775113,0.001702142,1.69,-0.027615197,0.0095,-0.0005,0,0.014002844
20140313,0.02648,-0.017910927,-0.029043844,-0.011447139,-0.014267972,-0.049727138,-0.031498667,2.99,0.114167447,0,0.0002,0,-0.018202241
20140314,-0.03928,-0.021128807,-0.026396301,-0.018384888,-0.024602803,0.010068639,-0.014504673,3,0.094076399,0,-0.0008,0,-0.019175548
20140317,0.04065,0.02431296,0.016166089,0.012995407,0.023545608,0.064409156,0.053725386,3.02,-0.130489648,0,0.0007,0,0.033686372
20140318,0,0.018201413,0.013392882,0.013292876,0.006956916,0.01618722,0.004604772,3.06,-0.074304716,0,-0.0023,0,0.010376583
20140319,0.015,-0.017671705,-0.001441961,0.008044156,0.022640909,-0.00335042,-0.007686433,3.05,0.040491322,0,-0.0021,0,0.002219221
20140320,0.01478,0.004051798,0.00119796,0.005892763,-0.002055922,0.020532519,0.015314235,3.08,-0.040491322,0,-0.001,0,0.008530479
20140321,-0.01613,0.001756544,-0.047965198,-0.00357039,0.00962629,-0.012992899,-0.017631736,3.07,0.03252316,0,-0.001,0,-0.012415341
20140324,-0.05286,-0.018420641,0.044285636,0.006482191,-0.037168194,0.02788472,-0.01716112,3.01,0.005982082,0,-0.0019,0,-0.006708201
20140326,0.04196,-0.006881368,-0.001879365,0.003400776,0.024462248,0.001275411,0.011714293,2.97,0.062887718,0,0.0013,0,0.010578856
20140327,0,-0.014265577,0.007532216,0.006123306,-0.02069182,0.014879221,0.006191989,2.97,-0.020982185,0,0.0003,0,-3.30E-05
20140328,-0.00687,0.007514797,-0.005937022,0.003689336,-0.000209096,-0.011409283,0.008451827,2.98,-0.014468047,0,-0.0027,0,-0.000681349
20140331,-0.01389,-0.001962709,0.001085771,0.002187168,0.036546872,-0.007980651,0.014432466,2.97,-0.037473436,0,-0.0003,0,0.00434556
20140402,-0.00591,0.018834956,-0.008430835,-0.031208342,0.01827309,0.002856221,0.011131818,3.52,-0.115046571,0.0019,-0.0049,0,0.000792415
20140403,-0.00137,0.031284779,0.014703514,0.030151496,0.024991224,0.025593668,0.052217067,3.36,-0.126413898,-0.0019,-0.0054,0,0.025367393
20140404,-0.01242,0.012881534,-0.006052633,0.002148936,0.017613927,-0.001823624,0.008091275,2.93,0.043182718,-0.0057,-0.0019,0,0.002919916
20140406,-0.00573,0.01152244,-0.006173139,-0.019627705,0.008647853,0.005369457,0.002322885,2.68,0.017536987,0,0.0007,0,-0.00052403
20140408,0,0.008604355,-0.002751922,0.005020401,0.014815086,0.002523449,0.007630365,2.15,-0.118958172,-0.0115,-0.0007,0,0.005120248
20140409,0.02941,0.028391896,-0.009661626,0.000559928,0.029117399,0.016945912,0.049689721,2.39,0.022400992,0,-0.0007,0,0.020636176
20140411,-0.01671,-0.012844213,-0.00913078,-0.015982686,-0.012625493,0.007785656,-0.031974312,1.88,0.01080367,0,0.0004,0,-0.013068833
20140412,-0.03822,-0.023682058,0.025666478,-0.000156553,-0.031372388,0.009965929,-0.041672717,1.68,-0.009646368,0,0.0003,0,-0.014210187
20140414,-0.02455,-0.005833046,-0.023185314,-0.006351563,-0.016137619,-0.019144773,0.011938049,2.97,-0.0555363,0,0.0005,0,-0.011894895
20140415,-0.01029,-0.021247913,0.020844215,0.010748983,-0.006818913,-0.017988243,-0.030524445,2.98,-0.031528523,0,0.0005,0,-0.007896617
20140416,0.01902,0.013355791,0.00115891,6.90E-06,0.016451122,-0.013312749,0.057067762,2.95,-0.09607917,0,-0.0006,0,0.013392534
20140417,0.00722,0.004045611,0.009690259,0.001295655,0.003461268,0.024006539,0.000770141,2.96,-0.0595674,0,-0.0009,0,0.007212782
20140422,-0.01449,0.021424204,-0.000798944,0.001425866,0.016129382,-0.001789788,0.025837297,2.98,-0.004538618,0,0.0022,0,0.006819717
20140423,-0.0088,-0.012835754,0.002350814,-0.005612593,-0.00040008,0.007389644,-0.022762743,3.06,0.006046948,0,-0.0001,0,-0.005810102
20140424,0.00147,0.014809734,0.003926141,-0.007309966,-0.013901705,0.003563332,0.012962435,3.02,0.003760759,0,-0.0037,0,0.002217139
20140425,0.01024,-0.012628708,-0.008947981,-0.020521666,-0.045872938,0.031087851,-0.026873003,3,0.054067274,0,0.0006,0,-0.010502349
20140428,-0.0191,-0.000181571,-0.012084076,0.002914854,0.00063701,-0.015371682,0.003107999,3.08,-0.006421724,0,-0.0002,0,-0.005725352
20140430,0.03207,-0.032545369,0.007404197,0.032462273,-0.009463144,0.040832902,-0.019223983,3.14,-0.02212481,0,-0.0011,0,0.007362411
20140502,0.01032,0.010331937,0.005213444,0.000508016,0.033229308,0.035584702,0,3.55,0.043017391,-0.0579,-0.0023,0,0.013598201
20140503,-0.01099,0.004558894,-0.000352179,0.009636354,0.017559887,0.003780021,0.025975486,3.37,-0.015005643,0,-0.0031,0,0.007166923
20140505,0.00284,-0.00038117,-0.007747295,-0.00222341,-0.016939054,0.000153439,-0.003907797,3.15,0.029009677,-0.0002,0.0018,0,-0.004029327
20140506,0.04495,-0.000388425,0.00149239,0.0044892,0.021681066,-0.006456672,0.028213839,2.67,-0.033673183,0,-0.0013,0,0.013425914
20140508,-0.0083,-0.014449378,0.014003862,0.001258394,-0.010895049,-0.026177309,-0.010186825,2.1,0.109518583,-0.0101,0.0016,0,-0.007820901
20140509,-0.00727,-0.004244724,0.003500779,-0.003303618,0.01774691,-0.000260255,0.002342839,2.38,-0.044487739,-0.0002,0.001,0,0.00121599
20140511,0.00374,0.018903002,-0.000952593,-0.008871273,-0.013544225,0.013497434,0.036335435,1.83,-0.049562811,0,0.0009,0,0.007015397
20140512,0.04711,0.040384719,0.018634413,0.004832915,0.027016082,-0.017573666,0.046761794,1.68,-0.040384537,-0.0083,0.0019,0,0.023880894
20140513,0.01715,-0.004325348,-0.011841868,-0.005202156,0.000420964,-0.002186164,-0.01115552,2.96,-0.00821018,0,-0.0001,0,-0.002448585
20140514,0.02894,-0.003398153,-0.002398039,-0.005929733,-0.006756782,0.003835953,-0.009661892,2.86,0.003292181,0,0.0011,0,0.000661622
20140515,-0.07967,-0.013517579,-0.00463418,-0.027084947,-0.051516334,-0.028453058,-0.058301271,2.78,0.078967608,0,-0.0002,0,-0.037596767
20140516,0.00487,0.006115058,0.014500933,-0.005344443,0.002450709,-0.015834491,0.019533533,2.77,-0.057024468,0,-0.001,0,0.0037559
20140519,-0.02956,-0.00554018,0.001745519,0.030156393,0.000222494,-0.02375451,-0.032481508,2.75,-0.001608971,0,-0.0007,0,-0.008458827
20140520,0.04879,-0.010011635,0.013775161,-0.003184005,0.001111729,0.056650364,0.007788886,2.76,0.042559611,0,0.0005,0,0.016417214
20140521,0.02663,-0.013245227,-0.012712591,-0.031495416,0.016092048,0.012050864,0.029726197,2.77,-0.084489323,0,-0.0005,0,0.003863696
20140522,0.01229,0.012858155,0.039135343,-0.00838149,0.029730755,0.0002138,-0.01432813,2.76,0.010025137,0,-0.0032,0,0.010216919
20140523,0.0076,0.010781776,0.025235258,0.018893136,0.016003711,0.020779452,0.021000369,2.76,-0.057305125,0,-0.0018,0,0.017184815
20140527,0.02038,0.001903312,-0.003090275,0.028258638,0.017049327,-0.012438826,-0.003972973,2.71,0.01311786,0,-0.002,0,0.006869886
20140528,0.00861,0.008897361,-0.000377481,0.027015719,0.014385862,-0.012474004,0.012658403,2.67,0.014661761,0,0.0002,0,0.00838798
20140530,-0.01153,-0.024611894,0.007824324,0.002222068,0.011243831,0.001647681,0.011797243,2.68,-0.014802193,0,-0.0016,0,-0.000200964
20140602,0.02605,0.022906366,0.002270821,0.005599013,0.02037604,0.051451876,0.013742791,3.57,-0.146577158,-0.0043,0.0023,0,0.020342415
20140603,-0.01671,0.002355714,0.005894131,0.016553078,0.018217558,0.015408359,0.015267459,3.21,0.022776763,0.0129,-0.0001,0,0.0081409
20140605,-0.02151,-0.012660825,0.006249824,0.008469472,-0.00104221,-0.020451486,-0.013401853,3.13,0.037656736,0.0212,-0.0004,0,-0.007763868
20140606,0.04302,0.008318067,0.009338201,0.024064215,0.000957029,0.019770582,0.018622527,2.63,-0.08483449,-0.0415,-0.0012,0,0.017727232
20140608,-0.04604,-0.011077912,4.14E-05,-0.008257462,-0.004705891,-0.011549969,-0.038265566,2.08,-0.030086504,0,0,0,-0.0171222
20140610,-0.016,0.004309507,-0.01385339,-0.000982793,0.016538414,0.019921366,-0.006530655,2.94,0.060665039,-0.0455,-0.0011,0,0.000486064
20140611,0.00186,-0.000906481,-0.010608965,-2.90E-05,0.002773927,0.024412478,-0.009619688,1.82,-0.035923403,0.0068,0.0018,0,0.001126037
20140613,-0.01527,0.000777001,-0.000447021,-0.006253257,-0.00287991,-0.007034105,0.005194814,2.41,-0.030721907,0,0.0005,0,-0.003701783
20140616,0.01389,0.001552193,-0.015636408,-0.017387412,0.000192252,-0.00707944,-0.013413006,2.39,0.037861898,0,0.0004,0,-0.005411689
20140617,-0.00415,0.012140047,-0.007268229,-0.032910832,-0.003466208,0.018858297,0.001499263,2.4,-0.047762959,0,0.0008,0,-0.00218538
20140618,-0.00834,-0.004222655,0.017595319,-0.002834838,-0.018299128,-0.011644552,0.002991769,2.38,-0.128097306,0,0,0,-0.003536298
20140620,0.04639,-0.019346705,-0.001191705,-0.012491183,-0.027486295,0.008182436,-0.024637307,2.39,0.02142611,0,0.0012,0,-0.00436868
20140623,-0.02703,-0.004503189,0.004633358,0.004179057,-0.013417563,0.003947417,-0.016768698,2.4,0.011910279,0,-0.0012,0,-0.006994231
20140624,-0.04913,-0.007089435,0.003185952,-0.007537195,-0.011320487,0.004402603,-0.024903992,2.39,0.099606338,0,-0.0004,0,-0.013198936
20140625,-0.02624,-0.017343204,0.007323986,0.022302738,-0.009776469,-0.021081497,-0.012688519,2.43,-0.045539062,0,-0.0005,0,-0.008214709
20140626,0.01175,-0.012036761,-0.011043518,-0.014203233,-0.009872993,-0.010974136,-0.017713842,2.43,0.003445306,0,0.0001,0,-0.009156355
20140627,-0.00733,0.005581221,0.00815586,-3.42E-05,-0.007416074,0.018160398,-0.001625997,2.41,-0.032331333,0,0.0002,0,0.002213031
20140630,0,0.002728515,0.026232727,0.015061437,0.004667948,0.007188196,-0.00489398,2.42,0.027158872,0,-0.0011,0,0.007283549
20140701,0.04275,0.028285428,0.013767042,0.011611824,0.058728273,-0.033405568,0.034138993,2.21,-0.047610057,-0.0047,0.0007,0,0.022267999
20140702,0.00428,0.013193696,0.003669937,-0.002028084,-0.003722419,0.010723905,0.034871635,3.5,-0.119453007,-0.0117,0.0023,0,0.008712667
20140703,-0.02129,-0.01746251,-0.001220366,0.007471705,-0.032796224,-0.012237165,-0.012706634,3.07,-0.007062203,-0.0024,0.002,0,-0.012891599
20140704,0.0274,-0.019213377,-0.013652328,-0.00181787,-0.030388002,-0.001385823,-0.017738848,2.95,0.109149866,0,0.0013,0,-0.00811375
20140705,-0.0029,0.0138039,0.002638697,0.009775804,-0.015764909,0.001392518,-0.016807109,3.16,-0.029413927,0,-0.0026,0,-0.001123014
20140707,-0.02878,-0.011721819,6.62E-05,-0.00789755,-0.027049764,0.000542517,-0.015478934,2.29,0.093370338,-0.0119,-0.0002,0,-0.012902768
20140708,0.02073,-0.015552093,-0.011984266,-0.012107886,0.001047669,0.021008505,-0.011591716,2.1,0.017560185,-0.0048,0.0018,0,-0.001207112
20140710,-0.03279,-0.020936969,0.006404584,1.80E-05,-0.012931808,-0.000175702,-0.013190602,2.93,0.106653383,0.0122,-0.0007,0,-0.010514645
20140711,-0.03217,-0.019331154,0.007360719,0.014789192,-0.00910707,-0.006244604,-0.033962142,1.83,-0.041065882,0.0145,0.0015,0,-0.011237866
20140714,0.02085,0.008544861,0.02117571,0.024730047,0.021277398,0.030121709,0.023028733,2.21,-0.0217582,0,-0.0001,0,0.02138978
20140715,0.01887,-0.011340328,-0.001050722,-0.006105481,-0.019934215,0.00044521,-0.021304615,2.18,0.011774766,0,0.001,0,-0.005774307
20140716,0.0093,0.01971114,-0.003924486,-0.006179168,0.01200815,-0.014276006,0.024671615,2.17,-0.083672479,0,0.004,0,0.005901606
20140717,0.00462,-0.011759428,-0.007220148,-0.010317048,0.000530363,-0.011069118,-0.033322188,2.19,0.279008197,0,0.0007,0,-0.009791081
20140718,-0.04396,0.006459242,-0.01866259,-0.006651514,-0.012270093,-0.007795979,0.018080585,2.2,-0.187009243,0,0.0032,0,-0.009257193
20140721,-0.03263,-0.005636705,0.013975293,0.003497021,-0.007002453,-0.000225856,-0.02243408,2.19,0.060331923,0,-0.0029,0,-0.007208111
20140722,0.02619,0.002155948,0.002708087,0.003365865,0.006734032,0.007238605,0.006956536,2.2,-0.04551689,0,-0.0001,0,0.00790701
20140723,-0.01793,0.005114577,-0.007398647,0.035596457,0.024921756,0.00400678,0.017182553,2.2,-0.060624563,0,-0.0057,0,0.008784782
20140724,0.00328,0.01609265,0.013567676,0.003625853,0.011714308,-0.003372337,0.036793442,2.2,0.027398947,0,-0.003,0,0.011671656
20140725,0.04174,-0.004427457,0.00213036,0.002682667,0.009530014,0.004815128,-0.014055623,2.2,0.069330606,0,-0.002,0,0.006059298
20140728,-0.01745,0.001310154,-0.014556886,0.001511689,-0.011602554,0.006803968,-0.00333611,2.17,-0.010297054,0,-0.0021,0,-0.005331391
20140729,-0.01613,0.007925005,-0.000601892,-0.008374177,-0.001557228,0.00027338,0.01327821,2.16,0.055741929,0,0.0028,0,-0.000740957
20140730,0.0081,-0.003202565,0.013860338,0.005011742,0.011877237,-0.002525471,-0.004130547,2.16,0.003758005,0,0.0005,0,0.004141533
20140731,-0.03279,-0.007647451,-0.016852513,-0.012454493,-0.011617531,-0.005137081,-0.030254382,2.17,0.24025075,0,0.0058,0,-0.016679064
20140801,0.03813,0.014192,0.033537825,0.011979249,0.043130439,-0.001200985,0.019600119,2.16,-0.003877492,0,0.0002,0,0.02276695
20140804,-0.02324,-0.010874363,0.000627036,0.001818222,-0.025642431,0.026466528,-0.021100997,2.93,-0.044656096,0,-0.0016,0,-0.007420858
20140805,0.01156,0.019048195,0.004654076,0.018650323,0.017431923,0.01763245,0.034116759,3.09,0.002236355,-0.03,0.0021,-0.25,0.017584818
20140807,-0.08053,-0.021493061,-0.021697674,-0.005949715,-0.018358903,-0.010470197,-0.033392085,2.22,0.055784486,0.0044,-0.0002,0,-0.027413091
20140808,-0.01031,-0.004160605,-0.023708496,0.001009154,0.007822726,-0.011129597,-0.002694213,2.09,-0.054901198,-0.0023,0.0003,0,-0.00616729
20140809,0.01449,-0.001295457,-0.007305174,-0.001062625,-0.000482044,0.0303935,-0.00469118,2.39,0.046068727,0,0.0035,0,0.004292431
20140810,0.02469,-0.013868175,-0.011766649,-0.013501188,-0.013101233,0.000827068,-0.010847001,2.94,-0.129552675,0.049,0,0,-0.00536674
20140813,0.0083,0.017281953,0.011911712,0.000675639,0.039845909,0.010578755,0.015051188,2.2,-0.091072923,0,-0.0007,0,0.014806451
20140814,0.00823,-0.003597311,-0.009809052,-0.010875741,-0.003652496,0.01036114,-0.018625805,2.19,-0.037919199,0,0,0,-0.003995609
20140818,-0.0249,0.007011061,0.003621489,0.005843654,-0.001569448,0.002376803,0.002682169,2.17,-0.065197796,0,0.0001,0,-0.000704896
20140819,0.02326,0.002975124,0.002193772,-0.009039945,0.004700975,0.004196096,0.006230546,2.18,-0.008968642,0,-0.0009,0,0.004930938
20140820,0.00164,-0.004929154,-0.008108063,0.013300982,-0.00810992,0.005116674,-0.00444641,2.18,-0.035852136,0,-0.0032,0,-0.000790842
20140821,0.03543,0.016741918,0.002973349,0.008544355,0.01019217,0.000859947,0.030717623,2.18,-0.001699194,0,-0.0032,0,0.015065623
20140822,0.02654,-0.006500124,-0.029659475,-0.00757895,0.012146421,-4.64E-05,-0.002596284,2.19,-0.024969008,0,0.002,0,-0.001099265
20140825,0,0.023364608,0.026293488,0.003781189,0.013522339,0.00926005,0.021432471,2.19,0.019853871,0,-0.0036,0,0.013950592
20140826,0.00614,0.021078294,0.002180557,-0.007409985,0.002025317,-0.001591022,0.022642473,2.21,-0.006000849,0,0.0007,0,0.006437948
20140827,-0.01233,0.008926898,0.002790528,-0.003994392,-0.001012146,0.001956885,0.009901051,2.24,0.012815179,0,-0.0007,0,0.000891261
20140828,0.01691,-0.005618537,-0.002635956,-0.008301626,-0.026941976,-0.008745929,-0.034241331,2.23,0.02266152,0,0.002,0,-0.009939336
20140829,0.01513,-0.001750122,0.023069829,0.018610603,0.015740229,0.010222503,0.000849247,2.28,0.003314001,0,-0.0012,0,0.011696041
20140901,0.01994,-0.016810031,-0.013257737,-0.008428106,-0.005156942,-0.028299483,-0.004228353,2.1,0.001552831,-0.0253,0.0068,0,-0.008034379
20140904,-0.00416,-0.012574389,0.010417023,0.000302255,0.003645943,-0.010418788,-0.024673585,2.94,-0.074573073,-0.0144,0.0002,0,-0.005351649
20140905,-0.06838,-0.010327761,0.009024496,0.02708252,-0.005846749,-0.007520695,-0.029285825,3.04,-0.038714529,-0.0219,-0.0005,0,-0.012179145
20140907,-0.01917,-0.004023735,-0.017916964,-0.002021864,-0.010527834,0.000581993,0.010135235,2.17,-0.027932407,0,0.0018,0,-0.006134738
20140909,-0.02182,-0.012485022,0.003976003,-0.000579813,-0.02045858,-0.015324875,-0.01261847,2.58,0.064242281,0.0171,0.0007,0,-0.011330108
20140910,0.00971,-0.011398454,-0.023201554,-0.000518247,-0.009302393,0.005951284,-0.021196232,2.93,0.216370202,0.0124,-0.0007,0,-0.007136514
20140912,-0.15473,-0.034801507,-0.021674824,-0.017295218,-0.028906442,-0.005430354,-0.039186538,1.65,0.077169554,0.0119,-0.0001,0,-0.043146412
20140915,0.00743,-0.007999299,-0.000356057,-0.000913013,-0.011027166,0.024766864,-0.015218533,2.86,0.05907656,0,-0.0017,0,-0.000473886
20140916,-0.04546,-0.003180248,-0.005291957,-0.012177953,-0.025860132,0.015648943,0.003223203,2.9,-0.103630847,0,0.0003,0,-0.010442592
20140917,-0.00778,0.008396355,0.001662228,0.003969057,0.011052744,0.016611484,0.020701382,2.88,-0.006304192,0,0.0007,0,0.007801893
20140918,-0.06121,0.008879082,0.005365531,0.001336264,0.015322985,-0.010705231,0.010971891,2.89,-0.050253677,0,-0.0023,0,-0.004291354
20140919,0.07671,-0.00554018,-0.003184731,-0.000884758,-0.004132237,0.013481776,-0.018089368,2.89,0.006628021,0,-0.002,0,0.008337215
20140922,-0.0155,-0.006502577,0.003934999,0.001058519,-0.004669269,-0.000954529,-0.006369436,2.91,0.122634079,0,0.0006,0,-0.004143185
20140923,-0.03175,-0.017676278,0.000658909,-0.014448867,-0.040594511,-0.003720355,-0.023435425,2.99,0.086707023,0,-0.0004,0,-0.018709504
20140924,0,0.010192614,-0.000531327,-0.005226188,0.003783788,-0.003987552,0.014610637,3.05,-0.117866749,0,0.0002,0,0.00269171
20140925,0.016,-0.011141651,-0.008531681,-0.003377417,-0.0043255,0.001057708,-0.021173403,3.09,0.164325874,0,0.0015,0,-0.004498849
20140926,0.01575,0.003223057,-0.014390512,0.003712029,-0.011992512,-0.015840426,0.021978903,3.09,-0.051831866,0,-0.0005,0,0.000348648
20140929,-0.05955,-0.014298213,0.014817811,0.008439134,-0.012971066,0.013252904,-0.01951284,3.11,0.073338021,0,0.0015,0,-0.00997461
20140930,0.01808,0.008413052,0.005215324,0.012169018,0.007472015,0.000858187,0.027532129,3.1,0.020440472,0,-0.0002,0,0.011391389
20141001,0.03873,0.002443709,-0.004699864,0.020062902,0.001959213,-0.001805963,-0.000847807,2.03,-0.05994603,-0.0141,0.0027,-0.25,0.007977456
20141002,-0.01288,-0.008437445,0.00178936,-0.009792609,-0.000177604,0.023065825,-0.004403336,3.48,-0.001963977,0.0238,-0.0017,0,-0.001547973
20141003,-0.041,0.004096268,-0.005586067,-0.017865674,-0.018224195,-0.019577589,0.029401513,3.06,0.00635821,0.0023,-0.0011,0,-0.009822249
20141004,0.01789,-0.013624912,-0.004945671,-0.006343753,0.001212366,-0.003795516,-0.021302578,2.96,0.139573206,0,0.0002,0,-0.004415723
20141006,0,-0.003254526,-0.002242034,0.035018074,0.005723022,-0.006012569,0.010241488,2.57,-0.014453716,-0.0253,0.0029,0,0.005639065
20141007,0.00161,-0.014054679,-0.012470813,-0.011134406,-0.02389239,-0.02099328,-0.025533302,2.17,0.077596713,-0.0095,0.0025,0,-0.015209839
20141009,0.00733,0.009703379,-0.000559533,-0.011859011,-0.017875352,-0.004751727,0,2.78,-0.047013956,-0.0146,-0.0004,0,-0.002573178
20141010,-0.04277,-0.00688135,-0.000317142,-0.024868756,-0.000849979,-0.0158167,-0.006016345,2.94,0.12415923,0.0098,0.0003,0,-0.013931467
20141011,0.00957,-0.010534023,0.004253491,-0.008358327,0.012375458,0.006922484,0.01712526,1.84,-0.034900774,0,-0.0018,0,0.004479192
20141012,-0.01217,-0.01055976,0.010935295,0.018001388,-0.00189394,-0.01202704,-0.006236097,1.65,0.188275578,0,0.0014,0,-0.001992879
20141013,0.0117,0,0.00085207,-0.004363809,0.016306237,-0.000310818,0.003442337,2.92,0.148484928,0,-0.0008,0,0.003946574
20141014,-0.0759,0.003703327,-0.031153974,-0.011152454,-0.017440667,-0.003077046,-0.006031898,2.89,-0.07804923,0,0.0026,0,-0.020150387
20141015,-0.0365,-0.047092253,0.000866311,-0.004084194,-0.033177715,-0.024841673,-0.063329216,2.77,0.103296056,0,0.0033,0,-0.029736963
20141016,-0.00372,-0.021871281,-0.024918285,-0.000503636,-0.001467782,-0.011725318,-0.030857992,2.71,-0.002773915,0,0,0,-0.013580613
20141017,0.0615,0.033534781,0.002563445,0.006662812,0.032088315,0.028381336,0.052716778,2.65,-0.136256231,0,-0.0025,0,0.031063924
20141020,0.03449,0.001382023,0.012110016,0.016338502,0.015245919,-0.001262887,-0.009049836,2.62,-0.169040435,0,0.0004,0,0.009893391
20141021,0.02841,0.025694875,-0.012181339,0.001546152,0.018048525,-0.005232878,0.037470945,2.51,-0.1439711,0,-0.0005,0,0.013393754
20141022,-0.00827,0.003823701,0.011109377,0.007216471,-0.008567138,0.001458264,0.01563888,2.5,0.105547117,0,0.0003,0,0.003201365
20141023,0.00166,0.014947043,0.012786668,0.006493351,0.017879723,-0.001369076,0.011144568,2.48,-0.077946423,0,0.001,0,0.009077468
20141024,0.01154,0.00607843,0.006338333,0.000184468,0.029548215,0.004233582,0.003404252,2.42,-0.025736718,0,-0.0004,0,0.00876104
20141027,-0.04185,-0.012603074,-0.007366357,-0.004044651,0.034598327,0.000282793,-0.02581899,2.33,-0.004354576,0,0.0012,0,-0.008114565
20141029,-0.04368,-0.021532543,-0.012630329,-0.007567141,-0.03207459,-0.00111955,-0.045863431,2.16,0.051466962,0,0.0004,0,-0.023495369
20141030,-0.06645,-0.000103162,-0.000736218,0.006180262,0.040874144,-0.023608152,-0.002711221,2.1,-0.042473466,0,-0.0007,0,-0.006650621
20141031,-0.00766,0.033977205,0.003294358,0.020516011,0.016631884,0.004105934,0.041654223,2.07,-0.034329166,0,-0.002,0,0.016074231
20141102,0.02138,0.022288313,-0.003032426,0.001692198,0.00531445,0.011917232,0.019231376,3.43,-0.050396958,0,0.0009,0,0.011255878
20141103,0.02217,-0.011305362,0.004548517,0.008136052,-0.0156842,0.014020632,0.060235002,3.02,0.041385242,-0.0157,0.0012,0,0.01173152
20141104,-0.04464,-0.019973673,-0.011518935,0.004772897,-0.003438862,-0.015917381,-0.003995195,2.97,0.069286533,-0.0133,0.0011,0,-0.013530164
20141106,-0.02802,-0.015654006,-0.003214,0.014706257,-0.005723022,-0.01788602,-0.014663019,2.52,0.054019383,0.008,0.0011,0,-0.01006483
20141107,-0.00646,0.013951293,0.002299072,0.006502845,0.033345533,0.022706948,-0.00086243,2.23,-0.041351674,0.0053,0.003,0,0.010211894
20141108,-0.00519,0.001145893,0.0029618,0.004616361,0.002075766,0.013394942,0.003590661,2.1,-0.10275705,0,-0.0013,0,0.003227918
20141109,-0.01323,-0.0026032,-0.011599813,-0.003015931,-0.010829976,0.002389161,0.001586056,2.76,-0.006230544,0,0.0002,0,-0.0053291
20141112,-0.05884,-0.000101107,-0.023192526,-0.038718581,0.000947418,-0.019823527,0.009782193,1.64,0.080333214,0.0135,0.0003,0,-0.018563733
20141113,0.02041,0.002980311,-0.00753127,-0.007316587,0.001529442,-0.015468141,0.004885227,1.8,0.057457017,0,-0.0002,0,-7.30E-05
20141114,0.01205,0.010677199,-0.008287237,0.003173424,0.013660723,-0.005075885,0.024074326,1.81,-0.035428025,0,-0.0008,0,0.007181793
20141117,-0.01003,0.006289329,-0.007524707,-0.005179521,0.017435062,-0.00050366,0.031837925,1.79,0.049827108,0,0.0022,0,0.004617775
20141118,0.03175,0.010705294,0.001589957,0.00318437,0.021978907,-0.010528087,0.014638841,1.8,-0.009335803,0,-0.0003,0,0.010474183
20141119,0.03455,0.005669826,0.012025493,-0.008175327,0.004819286,0.001665583,0.009041653,1.8,0.007189131,0,0.0024,0,0.008513788
20141120,0,-0.017002276,0.027342859,-0.005983619,-0.011848766,-0.006505087,-0.015419803,1.81,-0.027597984,0,-0.0005,0,-0.004202385
20141121,0.05506,0.037957167,0.023489855,0.005714617,0.044018049,0.010830556,0.054259665,1.81,-0.051370835,0,-0.0009,0,0.03304713
20141124,-0.00179,0.010613898,0.025479637,-0.005966421,0.002325042,0.008253252,0.005181331,1.81,-0.021944434,0,-0.0012,0,0.006299534
20141125,-0.03643,0.018160783,-0.000514135,0.002431232,-0.000464576,0.008969774,0.00258065,1.8,-0.029756911,0,0.0004,0,-0.000752325
20141126,-0.00186,-0.008644455,-0.001694236,0.004348078,0.006484506,-0.006153008,0.005141406,1.78,-0.014802927,0,-0.0043,0,-0.000339673
20141128,0.00384,0.005445365,-0.008055765,-0.002583566,0.008298803,-0.029631587,-0.004196381,1.73,0.099294119,0,0.0035,0,-0.003840447
20141202,0.00282,0.008416586,-0.035527844,-6.40E-05,-0.001945354,0.002928829,0.021414077,3.49,-0.014578532,-0.0214,0.003,0,-0.000279673
20141203,0.03449,-0.010215655,-0.010738658,-0.012615199,-0.014683337,-0.025922163,0.00544113,3,-0.022549635,-0.0027,0.0014,0,-0.004891983
20141205,-0.02177,0.005834212,-0.001688167,-0.001910084,-0.005249356,-0.006639597,0.013562231,3,-0.054884592,-0.0027,-0.0002,0,-0.002551537
20141206,-0.01775,0.002334631,0.023751883,0.05472703,-0.002106675,-0.004941613,-0.007412932,2.45,0.079512063,0,0.0004,0,0.006943189
20141208,0.04082,-0.002606204,0.003990691,0.005599054,-0.044522456,0.000670099,0.004470262,2.15,-0.007052175,-0.0055,0,0,0.001203064
20141209,-0.00892,0.004829133,0.001959563,-0.000336649,-0.007115659,0.003813244,-0.003174631,2.83,0.039070478,-0.0138,0.0003,0,-0.001277857
20141211,-0.06968,-0.024534002,-0.012215715,0.001631768,-0.024692613,0.018972119,-0.058028668,1.81,0.007710168,0.0259,0.0012,0,-0.024078159
20141212,0.01717,-0.025706777,-0.021353404,-0.030713736,-0.056239718,0.001615923,-0.040637627,1.64,0.048600429,-0.0225,0.0096,0,-0.022266477
20141215,0.02935,-0.036878816,-0.008312307,-0.000603486,-0.083261841,0.010189787,-0.048145237,1.65,-0.031809904,0,-0.0019,0,-0.019665986
20141216,0.00206,0.027497884,-0.022170907,-0.01265708,0.051715089,-0.035282772,0.021053424,1.74,0.143459888,0,-0.0003,0,0.004602234
20141217,0.02444,-0.00556578,-0.028678572,-0.018193696,-0.015366887,-0.011181891,-0.004746112,1.74,-0.192641877,0,-0.0011,0,-0.00847042
20141218,0.02582,0.036397732,0.038408081,0.056548501,0.021037005,-0.003841677,0.029069115,1.73,-0.145358911,0,-0.0004,0,0.02906268
20141219,-0.04001,-0.016277167,0.033034602,0.061055217,-0.022350203,-0.026748201,-0.018657257,1.72,-0.019219793,0,-0.0002,0,-0.004279001
20141222,-0.02479,0.00535256,0.008660418,0.021070297,0.019519162,0.024282858,0.012166742,1.74,-0.07817462,0,-0.0005,0,0.009466005
20141223,-0.03838,0.01820914,-0.043370028,0.019181662,0.012549787,-0.002804268,0.021169648,1.74,-0.029952309,0,0.0016,0,-0.00192058
20141229,-0.00218,0.010332639,0.023761572,0.009526577,-0.01435554,0.001529713,-0.02583168,1.71,0.037893601,0,0.004,0,0.000397612
20141230,-0.00875,-0.02567613,0.03950722,0.019692434,-0.006735777,0.003847318,-0.00280768,1.71,0.055533935,0,0.0031,0,0.002725341
20150104,0,0.008098636,-0.006204456,0.003966181,0.021353124,0.003208263,0.010997748,1.47,-0.011842264,0,0.001,0,0.005917071
20150109,-0.03637,-0.029944517,0.002733966,0.0057026,-0.016325344,-0.024055038,-0.034907558,1.51,0.099362944,0.0226,0.0015,0,-0.019023699
20150110,-0.12953,-0.014206421,0.020287491,0.014254625,-0.007934246,0.02241949,0.003584226,1.5,-0.082938085,0,-0.0011,0,-0.013017834
20150113,0.05384,0.02291676,0.005526281,-0.001118262,0.019048195,-0.005443639,0.023277668,1.55,0.047817829,0,0.0013,0,0.016863858
20150114,-0.02243,-0.03089641,-0.002698928,-0.001594566,-0.001258653,-0.003581294,-0.0128651,1.56,0.043774834,0,0.0015,0,-0.010760707
20150115,-0.00413,0.025270516,0.000237157,-0.034389199,-0.024220432,-0.017890135,0.011881344,1.57,0.041492155,0,0.001,0,-0.00617725
20150116,-0.06633,-0.002063536,0.020796708,0.00310506,-0.000516262,-0.004587559,0.028143547,1.6,-0.066475721,0,0.0002,0,-0.003064577
20150120,0,0.023847243,0.015369524,0.023445563,0.015468213,-0.001380884,0.011152547,1.59,-0.051921621,0,0.0023,0,0.012557458
20150121,-0.08097,0.011040629,0.001332188,0.002401135,0.021761992,0.022676756,0.023745379,1.58,-0.053704128,0,-0.0023,0,0.000284011
20150122,0.05622,0.023140175,0.017978159,0.001562603,0.01835369,-0.002211946,0.036335435,1.57,-0.139231623,0,-0.0022,0,0.021625445
20150123,0.05969,-0.008130126,-0.008406004,0.007663713,-0.018103408,0.015475527,-0.021108956,1.57,0.015729316,0,-0.0022,0,0.003868678
20150126,-0.12316,0.006712117,0.016425806,-0.000349926,0.030801992,0.000345065,0.003549242,1.57,-0.070881083,0,-0.0017,0,-0.009382243
20150127,-0.10752,-0.009880396,-0.001436941,-0.007759146,-0.012452853,0.000452608,-0.01697228,1.56,0.103941915,0,-0.0027,0,-0.022224144
20150128,-0.31138,-0.027922308,0.013146176,0.025091912,-0.070222128,-0.009015321,-0.032970027,1.53,0.171422332,0,-0.0025,0,-0.059038814
20150129,0.18171,0.003152919,0.01142693,0.01676569,0.003945816,0.011129984,0.003717469,1.54,-0.085766836,0,-0.0023,0,0.033121258
20150130,-0.00308,-0.018533758,-0.006670285,0.021892472,0.009406915,-0.009693515,-0.02917853,1.5,0.111365856,0,-0.0024,0,-0.005122386
20150202,0.01835,0.008939083,0.018161026,-0.023643373,0.008030091,0.00652978,0.01328292,1.49,-0.076274533,-0.0374,-0.0079,0,0.00709279
20150203,-0.10536,0.008601793,0.021301095,0.028985817,-0.013974214,0.015294652,-0.003369836,1.4,-0.022745498,0,0.0025,0,-0.006931528
20150204,-0.04843,0.00367551,7.79E-05,0.04139262,0.014617356,-0.02013898,0.001561293,1.48,-0.029552156,-0.0146,0,0,-0.001034896
20150206,-0.04282,0.012321229,0.011438313,0.022773441,0.016421984,-0.029320667,0.018809326,1.26,0.019142698,0.0263,-0.0016,0,0.001374804
20150209,0.10536,0.004931967,0.021055315,0.033835077,-0.005758173,-0.003507117,0.010600785,1.51,-0.185255776,0.0645,-0.0004,0,0.023788265
20150210,-0.02151,0.003859518,0.001404199,0.029245327,-0.007801873,-0.018243154,0.011560826,1.46,-0.074073801,0.028,0.0012,0,-0.000212165
20150211,0.25228,0.00162734,0.009375623,0.01652083,-0.000750188,0.029842361,0.001699215,1.17,-0.062991395,0.0172,-0.0001,0,0.04437074
20150213,0.12095,0.02425375,0.002886126,-0.016252503,0.020838609,0.002708781,0.036836577,1.41,-0.043296844,0,0.0003,0,0.027460191
20150217,-0.09005,0.006991264,-0.010239973,-0.009650979,-0.001083306,-0.010938297,0.003597119,1.4,0.07284299,0,0.0013,0,-0.015910596
20150218,0.04167,0.02768274,0.001167835,0.004225275,0.014633358,-0.029999633,0.03006415,1.42,-0.022400961,0,-0.0003,0,0.012777675
20150219,0.06217,0.010162292,-0.000294425,-0.000628247,0.000640683,0.012939395,0.012121388,1.41,-0.010409974,0,-0.0009,0,0.013873012
20150220,0.01361,-0.002725858,-0.014346709,0.001070941,0.020078874,-0.012502516,0.006006021,1.41,-0.066939467,0,0.0032,0,0.001598679
20150224,0.15723,0.004241379,7.45E-05,0.000191544,-0.022989518,0.009605113,0.013571038,1.4,-0.061612463,0,-0.0009,0,0.023132015
20150225,-0.04246,-0.019033396,0.00021934,-0.002034219,-0.017488183,-0.005036647,-0.023009107,1.38,0.010897353,0,-0.0045,0,-0.015548887
20150226,-0.04434,0.011889819,-0.008465936,-0.018229116,0.007928896,0.001994243,0.019633583,1.4,0.005045034,0,0.0015,0,-0.00422693
20150227,-0.07043,0.00925754,-0.018467272,-0.020376187,-0.00021347,0.002176997,0.005059039,1.38,-0.041840943,0,0.0008,0,-0.013284765
20150302,0.1305,0.025315159,-0.003814382,0.00942726,0.046871769,-0.009690731,0.049642574,1.48,-0.11437918,-0.0083,0.0027,0,0.035464521
20150303,0.02667,-0.031515416,-0.003165198,0.001392664,-0.015050998,-0.024084815,-0.00507616,1.39,0.060985415,0.0582,0.0026,0,-0.007261418
20150306,0.07522,0.022084602,-0.000875048,0.009939329,0.013170463,-0.009469266,0.013112441,1.25,-0.041583047,0.0243,-0.0024,0,0.017597503
20150308,-0.35402,0.00403837,-0.014869446,0.010109568,0.018875334,0.016203895,0.000828147,1.32,0.035660223,0,-0.0001,0,-0.045547733
20150309,0.20067,0.022343272,0.017648168,0.021085133,0.018310639,-0.002137809,0.033696503,1.48,-0.018569181,0.0173,-0.0032,0,0.044516558
20150311,0.03323,-0.000722935,0.012505615,0.03526625,-0.001314184,0.000179111,-0.011096968,1.16,0.027188872,0,0,0,0.009720984
20150312,0.00499,-0.029203127,0.004141509,0.007202117,-0.013238213,-0.00485928,-0.024052971,1.04,0.129516473,-0.0166,0.0004,0,-0.007859995
20150313,-0.03601,0.001549187,-0.002340149,-0.00726083,0.018945669,0.007618392,-0.00402093,1.32,0.036923349,0,0.0002,0,-0.003074094
20150316,0.01325,0.014598799,0.003139366,0.014595896,0.002343169,-0.00147206,0.014400268,1.29,-0.02467701,0,-0.0008,0,0.008693634
20150317,0,-0.00305577,-0.009904726,-0.019672229,-0.016086138,-0.016268484,-0.012789949,1.28,0.003197968,0,0.0011,0,-0.011111042
20150318,-0.08941,-0.000573998,-0.014561809,-0.011126479,-0.028955741,0.000386898,-0.022783723,1.31,-0.114197488,0,0.0017,0,-0.023860693
20150319,0.00717,0.013497021,0.012267231,0.015290481,0.015021268,0.011091188,0.020367286,1.31,0.007132657,0,-0.0058,0,0.013529211
20150320,0.12095,0.019076696,0.002661797,-0.031571401,0.003938736,0.014896426,0.016000341,1.31,-0.077558177,0,0.0027,0,0.020850371
20150323,0.10219,0.01032077,0.009370823,0.015311671,0.02032063,0.011405518,-0.004773285,1.29,0.029514014,0,-0.0103,0,0.023449447
20150324,-0.00286,0.022839492,-0.019757471,-0.018167038,0.004057667,0.003290029,0.014252042,1.28,0.015538606,0,0.0033,0,0.000522103
20150326,-0.13476,0.00491044,-0.013584813,-0.008145779,-0.024649519,-0.009329694,-0.013519089,1.4,0.023048435,0,0.0031,0,-0.028439779
20150327,-0.01653,0.019226178,0.012478778,-0.002320186,-0.020527271,-0.015056641,-0.001602577,1.49,-0.04730396,0,-0.0016,0,-0.00347596
20150330,-0.06543,0.018863495,0.007855285,0.011972118,0.034344796,-0.000538163,0.022205531,1.47,-0.03786791,0,-0.0047,0,0.004181866
20150331,-0.02158,-0.01212349,-0.005446432,0.023353564,-0.00087165,0.012568274,-0.007083864,1.48,0.052360935,0,0.0023,0,-0.001597657
20150402,0.01583,0.008229652,0.005157492,0.020269451,0.00073828,0.006301625,-0.007200773,1.47,0.056099958,0.0031,-0.0007,0,0.007046532
20150403,-0.00587,0.019644704,0.005807212,0.015201393,0.006790082,0.037496273,0.01347957,1.37,0.026345411,-0.0092,-0.0006,0,0.013221319
20150405,0.00641,0.005477529,0.020855122,0.003734325,0.00804478,0.014000364,0.006952529,1.49,0.011741863,0,0.0032,0,0.009353521
20150408,-0.35163,0.003520245,0.006339729,0.030209349,-0.005950788,0.003227342,-0.009983424,1.31,0.034432163,-0.0181,0,0,-0.046323935
20150409,0.07864,-0.029475057,-0.004087613,-0.001703486,-0.032462276,-0.005654019,-0.050533385,1.44,0.082053069,-0.0222,0.0012,0,-0.006467977
20150411,-0.20212,0.005948643,-0.001299694,-0.016165812,-0.032069937,0.008437613,0.002571767,1.16,0.064581522,0,0.0036,0,-0.033528203
20150412,-0.04061,-0.008502824,0.004393868,-0.010411327,0.021793481,0.002938711,0.004670742,1.03,-0.201161649,0,0.0046,0,-0.003675336
20150414,-0.11407,-0.014333404,0.031916969,0.028413753,-0.014704624,0.004575771,-0.025752468,1.34,-0.019558719,0,0.0029,0,-0.014850572
20150415,-0.0601,0.005968071,0.029340514,-0.027660323,0.014704624,-0.004288404,0.013349233,1.33,-0.062638346,0,0.003,0,-0.004098041
20150416,-0.02691,-0.014277144,0.018419374,0.02409403,-0.008879769,0.002041754,-0.031698375,1.33,-0.018868466,0,-0.0034,0,-0.005315733
20150417,-0.07551,-0.021896065,0.000325594,0.016689385,-0.011473997,-0.023718255,-0.03606951,1.32,0.097472337,0,0.0035,0,-0.021664693
20150420,0.02899,0.017269722,-0.006141338,-0.010737965,0.010228667,0.015570121,0.03526401,1.33,-0.043405132,0,0.0016,0,0.01292046
20150421,0.03739,-0.008597581,-0.008266315,0.007891135,0.01933421,-0.006936871,-0.019528686,1.38,-0.003766497,0,0.0015,0,0.003040842
20150422,0.07083,0.042612081,-0.018238836,-0.003916529,0.004268733,-0.013946237,0.033134335,1.47,-0.041608464,0,-0.0034,0,0.016391935
20150423,0.06614,0,0.010612817,0.00798655,0.003442344,-0.003742113,-0.006379594,1.47,-0.018261762,0,-0.0007,0,0.011151429
20150424,0.07325,0.016752529,0.016270243,0.001671444,0.034373107,-0.002943013,0.026057537,1.48,-0.015341406,0,-0.0017,0,0.023633121
20150427,0.10573,0.003046719,0.01164244,-0.021450684,0.004482128,0.027819748,0.020826048,1.46,0.065351854,0,0.0008,0,0.021728057
20150428,0.03613,-0.009509326,-0.005147511,-0.004851252,0.002912341,-0.018066261,-0.007662873,1.49,-0.055635188,0,-0.0083,0,-0.000884983
20150429,-0.04284,-0.021732487,-0.01025018,-0.005691113,-0.035119016,-0.001172739,-0.021773787,1.51,0.076005598,0,0.0078,0,-0.019797046
20150430,0.04606,-0.015994717,0.030006434,0.010407701,0.019093659,-0.005575817,0.014051741,1.48,0.083082821,0,0.001,0,0.014007
20150501,-0.05865,-0.049771831,-0.005532543,-0.011576804,-0.034715073,-0.022061967,-0.068532972,1.68,0.113087703,0.0269,0.0026,0,-0.035834456
20150502,-0.02116,-0.037578788,-0.007052126,0.006546023,-0.007655303,-3.62E-05,-0.007252964,1.41,-0.084188378,0,0.0027,0,-0.01059848
20150503,0.04035,0.004228336,-0.007775122,-0.007037963,0.016454149,-0.040258215,0.015774484,1.36,-0.013441984,0,-0.0019,0,0.003105096
20150505,-0.06603,-0.030595463,0.004988025,-0.00294342,-0.019736184,0.001632901,-0.037651525,1.46,0.107614782,-0.0062,-0.0002,0,-0.021476524
20150506,-0.10103,-0.018631854,-0.019578095,-0.004602763,-0.03790569,-0.028758993,-0.027292127,1.24,-0.034581592,0.0089,0.005,0,-0.03397136
20150508,-0.35041,0.011480036,0.003820117,-0.009371449,0.009719299,0.052268979,0.062393661,1.31,-0.038421015,-0.0057,-0.0003,0,-0.031442765
20150510,0.22314,0.039465142,0.00297908,-0.011534097,0.016506832,0.003679793,0.027040486,1.46,-0.069197537,0,-0.0021,0,0.043039605
20150511,-0.12783,0.004125196,-0.01583139,-0.023479505,0.004451764,0.010982057,-0.000856521,1.15,-0.030106988,0.0086,0.0016,0,-0.021205486
20150513,0.00939,-0.002140946,0.001911106,-0.005164785,0.025601095,0.019253722,-0.000793327,1.36,-0.00724112,0,-0.0013,0,0.006865266
20150515,-0.07575,-0.002815912,0.005100577,-0.006306625,0.010059697,-0.004984474,-0.003944763,1.34,-0.028664356,0,-0.0033,0,-0.0112345
20150518,-0.00328,-0.001587442,0.005774993,0.009726038,-0.021357125,0.003308611,0,1.34,0.0278791,0,0.0032,0,-0.001059275
20150519,0.05129,0.013326517,0.005566939,0.015550554,0.011671819,-0.003960563,0.024210466,1.33,0.009382464,0,-0.0011,0,0.016807962
20150520,-0.01575,-0.009802284,-0.027343659,-0.002124811,0.00168303,0.00027298,0.002312143,1.33,0.002331889,0,0.0001,0,-0.007250372
20150521,0.03125,-0.006706697,0.004609696,0.004118741,-0.016389177,-0.01788438,-0.008504132,1.33,-0.0616442,0,0,0,-0.001357993
20150522,-0.03443,0.009517167,-0.020678049,0.001931126,0.017136282,-0.024318515,0.002326487,1.32,0.001650203,0,0.0023,0,-0.006930786
20150526,0.01325,-0.011806935,-0.000594366,-0.008909473,-0.030713315,-0.02800499,-0.000800311,1.31,0.147652184,0,0.0013,0,-0.009654199
20150527,0.08811,0.016066036,-0.014650049,0.009420417,0.037226783,0.043420093,0.03616747,1.27,-0.057828033,0,-0.0033,0,0.030822964
20150528,-0.00604,-0.005682843,0.022754069,-0.009688981,-0.02004751,0.011129407,-0.01008934,1.25,0.003009781,0,0.0002,0,-0.0025236
20150529,0.01205,-0.021967034,0.03410147,-0.000151182,-0.000189268,0.001506647,-0.00625982,1.27,0.039047297,0,-0.0006,0,0.002727259
20150602,-0.12516,0.003504118,-0.014381691,0.00017158,0.01574061,0.002672405,0.005444667,1.41,0.025777673,-0.0194,-0.0001,0,-0.016001187
20150603,-0.00567,-0.001151411,-0.008229368,-0.009038846,0.031909733,0.009677305,0.008203492,1.34,0.079385019,0.0026,-0.0003,0,0.003671558
20150605,0.07873,0.017827068,-0.014789942,-0.017182439,0.000796972,0.015721538,0.018218329,1.44,0.057041884,-0.0193,0.0028,0,0.014188789
20150608,0.10981,0.003797577,0.030731262,-0.013955263,-0.012435954,-0.010958716,0.000785228,1.3,0.095964003,-0.0306,0.0006,0,0.015396305
20150610,0.01724,0.001295217,-0.014318705,-0.018167912,0.000385134,0.026283635,0.006861077,1.43,-0.007190647,0.0161,0.002,0,0.002796921
20150611,-0.12577,0.0306686,0.011872844,0.007820084,0.089358305,-0.033184736,0.019516957,1.15,-0.049022767,0.0049,0.0005,0,4.03E-05
20150615,-0.09462,-0.024529877,-0.026752374,-0.020225877,-0.024107154,-0.001899671,-0.03899765,1.23,0.110499724,0,0.0029,0,-0.033018943
20150616,-0.10028,-0.005388845,-0.012859587,-0.00244023,0.016201975,-0.013206721,0.007428851,1.23,-0.038415314,0,-0.0026,0,-0.01579208
20150617,-0.04753,-0.009924246,0.015482771,0.001708256,-0.009769792,-0.032907218,-0.017420588,1.24,-0.021154007,0,0.0021,0,-0.01433726
20150618,-0.05456,-0.001129731,0.00210381,0.001579235,0.015704527,-0.025242977,0.009991737,1.25,-0.094689715,0,-0.0002,0,-0.007364771
20150619,-0.0381,0.009935408,0.014290248,-0.021264086,0.000591541,-0.001312456,0.018876231,1.27,0.056737165,0,0.0021,0,-0.002426159
20150622,0.21339,0.049314094,-0.011740575,0.002648163,0.049794044,0.043502549,0.055350095,1.29,-0.091449468,0,-0.0026,0,0.057465481
20150623,0.17905,0.018297484,0.006401119,-0.004260425,0.001873712,0.012696154,-0.010050339,1.3,-0.050715103,0,-0.0017,0,0.029143958
20150624,-0.06432,-0.00875509,-0.002647136,-0.005161582,-0.001873712,-0.028948733,-0.011723448,1.29,0.090720473,0,-0.0012,0,-0.017632814
20150625,-0.0035,0.002985339,0.017910256,0.006941247,-0.006397011,-0.01483213,0.016374625,1.28,0.055019375,0,-0.0044,0,0.002783189
20150626,0.12206,0.01046582,0.016813888,0.020699489,0.005271097,-0.009067047,-0.000773685,1.28,0.000713538,0,0.0012,0,0.023638509
20150701,-0.01578,-0.016844126,0.020987756,0.021374603,0,0.006174446,-0.009838419,1.63,-0.08959743,0.0318,-0.0003,0,0.000867751
20150704,0.00381,-0.001048768,0.013650673,-0.003573649,0.005871269,0.023464741,0.009316819,1.46,0.002710026,0,-0.0009,0,0.007355869
20150705,0.09042,0.005694979,-0.003886163,-0.010132821,0.050107569,0.001152995,0.014803552,1.41,-0.001320971,0,0.0002,0,0.02116573
20150708,-0.02429,-0.007111582,-0.006902363,0.016219249,0.027193089,-0.032336257,-0.012638405,1.29,-0.027984161,0,-0.0001,0,-0.005695181
20150710,-0.01724,-0.000554888,0.003729936,-7.23E-05,0.02095714,0.004492675,-0.007722056,1.41,-0.052922403,-0.0361,-0.0005,0,0.000512922
20150712,-0.03694,0.002780612,0.021801483,0.005559538,-0.016653904,0.031681207,0.001862213,1.03,0.067235739,0,-0.0014,0,0.001441593
20150801,-0.03704,0.031904815,0.014384822,0.021560568,0.021075054,0.017927994,0.047097655,1.59,-0.126821649,0,-0.0024,0,0.016701558
20150804,0.00758,0.008532921,0.028028691,0.048276517,0.008120815,0.023439723,-0.014791996,1.42,-0.055647193,0,-0.0036,0,0.015598096
20150805,-0.05023,0.018636264,0.020910364,0.000707657,-0.011239284,-0.002043831,0.011534138,1.42,-0.162557843,0.0051,-0.0006,0,-0.001674956
20150806,-0.05462,-0.012189726,-0.023911018,-0.005795095,-0.027555375,0.001116425,-0.019960758,1.26,0.073253073,0.0026,0.0052,0,-0.020416507
20150809,0.09894,0.019082814,0.009233271,0.017505318,0.03804602,0.004808998,0.007054689,1.43,-0.110168205,0,-0.0009,0,0.027810159
20150810,-0.0721,-0.011162907,0.017316412,0.025916177,-0.016347066,-0.001348014,0.00258065,1.41,-0.054731668,0.0053,-0.0006,0,-0.007877821
20150813,0.0292,0.013033969,0.008337333,0.005348191,0.028502107,0.004998642,0.012150834,1.33,-0.008856138,0,0.0004,0,0.014510154
20150814,-0.06694,-0.009243476,-0.003711254,-0.012150198,-0.001757779,-0.005578626,-0.003225835,1.34,-0.050162481,0,0.0034,0,-0.014658167
20150817,-0.08004,0.016543398,-0.018588727,-0.017394628,0,-0.006404878,0.006441265,1.33,0.014700499,0,0.0005,0,-0.014206224
20150818,-0.04256,0.003714338,0.001492213,-0.004124523,0.007012651,-0.005864007,0.00160383,1.32,0.057457017,0,-0.0005,0,-0.005532214
20150819,0.00866,-0.006763638,0.003221416,0.026079129,-0.001398602,0.007874483,-0.008853167,1.33,0.100635814,0,0.0013,0,0.004117089
20150820,-0.15847,-0.019185241,-0.009400547,-0.01002785,-0.043990644,-0.0172854,-0.02787065,1.35,0.227200851,0,-0.0016,0,-0.040890047
20150821,-0.07333,-0.039511312,-0.022471984,-0.020775582,-0.050619991,-0.014030843,-0.035536748,1.35,0.381495036,0,0.0014,0,-0.036610923
20150824,-0.24512,-0.050365712,-0.050307854,-0.070347016,-0.049271049,-0.053897403,-0.064940559,1.38,0.373935062,0,0.0033,0,-0.083464228
20150825,0.25593,0.048745112,0.033935224,0.025388487,0.052343248,-0.034008906,0.066661743,1.39,-0.1231361,0,-0.0019,0,0.06414213
20150826,-0.01081,-0.007597721,-0.034106614,-0.002570316,-0.011763707,0.015902499,-0.004308512,1.39,-0.172266802,0,0.0017,0,-0.007893482
20150827,0.02151,0.026520099,0.011999176,0.010426105,0.033759285,0.005218526,0.018820073,1.43,-0.149872222,0,-0.0013,0,0.018321895
20150828,0,0.001766785,-0.004912625,-0.014056957,-0.007341209,0.046054072,-0.009365746,1.46,-0.00191759,0,-0.0021,0,0.001734903
20150831,-0.11248,-0.006730454,-0.010069279,-0.01185874,0.003394949,0.000281287,-0.002569598,1.5,0.087427197,0,0.0006,0,-0.020004548
20150901,0.04384,-0.034127779,0.009899603,0.016562782,-0.023675836,0.014635719,-0.056422678,1.54,0.031252487,0.0138,0.0007,0,-0.004184027
20150902,-0.06252,-0.031659799,-0.001150994,-0.019975923,0.027438544,0.001612202,-0.021034158,1.4,0.070341395,-0.0029,0.0029,0,-0.015327161
20150903,-0.07981,-0.002306806,-0.001059656,-0.022074239,-0.010453785,-0.000573005,0.002447985,1.34,-0.009253165,-0.0134,-0.0007,0,-0.016261358
20150904,0.01498,0.004498277,0.032541343,0.031649005,0.01195644,0.054515481,0.005475177,1.37,-0.065779112,0,-0.0003,0,0.022230818
20150906,0.05129,-0.004402869,0.003580821,0.006950924,0.01505277,-0.012893076,0,1.24,-0.055121458,-0.0026,0.0012,0,0.008511224
20150909,-0.0146,0.016071775,0.015031206,0.023581268,0.004609578,0.009801639,0.015693455,1.45,0.052035988,0.0247,-0.0015,0,0.010026989
20150910,0.02765,0.006712686,0.021920741,0.008147789,-0.00307102,0.038135998,0.007702231,1.39,-0.019710792,-0.0241,0.0007,0,0.015314061
20150911,0.04041,-0.009768087,0.002342384,0.01047585,-0.008870024,0.007637695,-0.019516957,1.13,0.142216559,0.0137,0.0004,0,0.003244409
20150912,0.04775,-0.015215204,-0.007524581,-0.006670642,-0.027963822,-0.039638799,0,1.03,0.108140748,0,0.0023,0,-0.007037578
20150914,-0.04715,-0.012203047,-0.00064165,0.008865455,-0.005099643,-0.015093533,0,1.47,0.044264306,0,0,0,-0.010188917
20150915,-0.03509,0.009302393,-0.004629564,-0.010400831,0.00189179,-0.006132992,0.024264608,1.44,-0.073125068,0,-0.0001,0,-0.002970657
20150916,0.0888,0.003081667,-0.000413616,0.002127731,0.002830992,0.016093513,-0.004289994,1.44,-0.054239792,0,0.0014,0,0.01546147
20150917,0.00651,0.007213737,-0.003319347,0.013610636,0.002070979,-0.005490332,0.000859465,1.46,-0.009884806,0,-0.0002,0,0.00306502
20150918,0.13353,-0.049167594,0.002618798,0.007924447,-0.037754795,-0.003997242,-0.019081217,1.45,0.052522494,0,-0.0004,0,0.004867485
20150921,-0.10158,0.013312281,0.006072874,0.034715126,-0.003129893,0.010609533,0.001749761,1.45,-0.100981589,0,-0.0007,0,-0.005464331
20150922,-0.11308,-0.034486176,-0.004866866,-0.023928724,-0.013015368,-0.020650287,-0.02747181,1.48,0.108137247,0,0.0005,0,-0.033928462
20150923,-0.11164,-0.013978096,0.007471433,0.000198673,0.009875648,-0.014328238,-0.011748896,1.48,-0.013910988,0,0.0002,0,-0.019164211
20150924,-0.02391,-0.004506719,-0.011480656,-0.005001053,-0.002361276,-0.0040104,-0.015575208,1.48,0.058788864,0,-0.0012,0,-0.00954933
20150925,0.08499,0.031509324,0.015716935,0.009512902,0.012918559,-8.21E-06,0.042482661,1.48,0.006370866,0,-0.0015,0,0.02816031
20150928,-0.17789,-0.0393958,-0.045768384,-0.030999245,-0.021227212,-0.011478107,-0.048038238,1.48,0.156808262,0,0.0018,0,-0.053542427
20150929,-0.01786,0.007493626,0.006563611,0.00544781,0.02005967,-0.004603615,0.000928063,1.5,-0.029381447,0,0.0011,0,0.002575595
20150930,-0.0367,0.030188051,-0.024325463,-0.023366491,0.0100737,0.016626673,0.032849677,1.5,-0.090847544,0,-0.0006,0,0.000763735
20151002,0.06856,0.010231939,0.000259599,0.015426306,0.041619397,-0.008225246,0.014679133,1.41,-0.073817724,-0.0423,0.0016,0,0.020364447
20151003,-0.0155,-0.017864553,-0.001257784,-0.013008621,-0.039002158,-0.010877197,-0.011475529,1.33,0.102767519,0.0471,0.0009,0,-0.015569406
20151006,-0.05129,0.021283204,0.001258567,-0.006246172,0.02197036,0.03113734,0.025479098,1.24,-0.090346704,-0.0145,-0.0018,0,0.006227485
20151008,0.10125,0.003314005,0.002354693,-0.004264181,0.011755553,0.020927218,0.014207046,1.3,-0.090616273,-0.0147,0.0003,0,0.021363476
20151009,0.05716,-0.015351962,0.002052117,-0.002194212,-0.011284922,-0.003846331,-0.007815942,1.45,-0.073550874,0.0149,-0.0014,0,0.002674107
20151011,-0.1843,-0.003511856,0.011655378,0.00715168,0.015559013,-0.013762528,0.01446218,1.13,-0.077372778,0,-0.0034,0,-0.021820876
20151012,0.06032,0.001723313,0.000577834,-0.00236163,-0.014465143,0.02297915,-0.011650633,1.03,-0.013864173,-0.0314,0.0045,0,0.008160413
20151013,0.01835,-0.010992193,0.001632743,-0.006446731,-0.022412066,-0.001421414,-0.006861077,1.36,0.088710612,0,0.0002,0,-0.004021534
20151014,-0.03704,-0.004882639,-0.004472458,0.007501438,0.002926546,-0.011780605,-0.016486284,1.36,0.020168785,0,0.0007,0,-0.009176286
20151015,0.24184,0.015874831,0.000454821,-0.009994538,0.009693756,0.011962959,0.017346489,1.36,-0.116328273,0,-0.0004,0,0.041025474
20151016,0.06454,0.018723014,0.006541352,0.001406703,0.015507155,-0.000722911,0,1.32,-0.064330798,0,0.0006,0,0.015142188
20151019,-0.06454,0.001816861,-0.008066814,0.0012606,0.002845492,0.00683683,-0.000860205,1.33,-0.004662056,0,0.0005,0,-0.008672462
20151020,0.05055,-0.014443985,-0.006484106,-0.007320417,0.001135933,0.011287438,0.027166336,1.34,0.050124418,0,0.0003,0,0.0088416
20151021,0.02091,0.001839927,-0.010935867,0.004275143,0.013718152,-0.018723386,0.010000097,1.34,0.0585684,0,0.0019,0,0.003012009
20151022,0.02048,0.011150833,0.001807345,-3.60E-05,0.01039742,0.004918161,0.016447739,1.31,-0.144714364,0,-0.0012,0,0.009309361
20151023,-0.07723,0.016228268,0.010894121,0.012653558,-0.010210801,-0.013091371,-0.010660211,1.33,0.000691818,0,0.0025,0,-0.010202348
20151027,0.04412,-0.006827191,0.002421565,0.009060035,-0.005613787,0.003678135,-0.011676523,1.27,0.009114669,0,0.0001,0,0.005023176
20151029,-0.06694,-0.027428838,0.008179916,0.009411566,-0.006535361,-0.025161998,-0.022642473,1.21,0.019350966,0,0.0007,0,-0.018731027
20151030,-0.1226,0.017525093,0.039464259,0.025085353,-0.000749625,-0.005927501,-0.002547775,1.18,0.03099979,0,-0.001,0,-0.007107171
20151102,-0.08482,-0.002276794,0.00963681,0.032476309,0.006808923,0.043714609,-0.03522142,1.41,-0.015794448,-0.0114,0.0025,0,-0.004240223
20151103,-0.05129,0.018826369,-0.018622727,-0.011107148,0.036055408,0.027145548,0.009844227,1.32,0.010727177,0,-0.0002,0,0.00155024
20151105,-0.05609,-0.009626398,-0.002235673,-0.001402728,0,0.002901225,-0.002296185,1.4,0.074163568,0,0.0018,0,-0.009821394
20151106,0.14963,0.008245252,-0.021595609,-0.014853068,-0.000769527,0.009352078,0.003923096,1.25,-0.028387014,-0.0145,-0.0013,0,0.019133175
20151108,-0.03008,-0.013490087,-0.017913075,-0.008726678,-0.004195077,0.010296677,-0.009448902,1.31,0.114233584,0,0.0003,0,-0.010508163
20151109,0.05407,-0.006316,-0.001051665,-0.016533964,-0.012543458,0.008032238,-0.006121572,1.45,-0.049200591,0.0474,0.0016,0,0.002790797
20151112,0.05689,-0.018926791,-0.024844602,-0.00743748,-0.006290493,-0.033599736,-0.008827887,1.03,0.231997689,0,0.0014,0,-0.006148141
20151113,-0.09531,-0.006392067,-0.020959112,-0.021882829,0.013332346,0.011806041,-0.007181345,1.09,0.089005346,0,0.0027,0,-0.018083852
20151116,-0.08961,-0.01146555,-0.00878601,-0.010636682,-0.004069722,-0.015476792,-0.009049836,1.08,-0.100502926,0,-0.0029,0,-0.021299227
20151117,0,0.018034593,0.029656119,0.005557525,0.016180444,0.008166269,0.021583565,1.08,0.036760912,0,0.0005,0,0.014168359
20151118,-0.04801,-0.005678809,-0.007552598,0.010631884,-0.006651521,-0.002369599,-0.01886,1.04,-0.111631598,0,0.0007,0,-0.011212949
20151119,-0.06782,0.004970719,0.02304916,-0.001715278,0.006477047,-0.000478603,0.001811609,1.05,0.008274243,0,0,0,-0.004815049
20151120,0,-0.018408169,0.009643156,0.000341039,-0.019558372,0.007195801,-0.021034158,1.06,-0.09372224,0,0.0015,0,-0.005974386
20151123,-0.09181,-0.001444044,0.006827546,0.002389472,0.029627901,-0.021144981,0.014679133,1.08,0.009649455,0,-0.0003,0,-0.008696425
20151124,0.17589,-0.007251663,-0.00200625,-0.002341454,-0.019360507,-0.013971594,-0.014679133,1.1,0.019652006,0,0.0001,0,0.016611343
20151125,-0.17589,0.001999455,-0.061277461,-0.050357607,-0.01311843,-0.008199238,0.021938715,1.08,-0.047566854,0,-0.0008,0,-0.040700652
20151201,0.05916,0.00797965,0.000549894,0.005060039,0.015504187,0.005654584,0.011743399,1.55,0.110475679,0,-0.0009,0,0.015093108
20151202,0.13762,0.025399211,0.006763075,0.002077131,0.030737386,0.007502843,0.005644425,1.43,-0.10039377,-0.0418,-0.0019,0,0.030820582
20151203,0.02277,-0.007914335,-0.001661459,0.021288141,-0.030606991,-0.014144208,0.016997566,1.32,-0.089871573,0.0203,-0.0004,0,0.000961245
20151205,0.01905,-0.013278056,-0.004431023,0.012174723,-0.002685595,-0.014525861,-0.034298009,1.38,0.000721709,0.0447,0.004,0,-0.005427689
20151206,-0.13916,-0.012935861,0.000208585,0.012244186,-0.022577837,-0.002555226,-0.017377985,1.25,0.069874405,0,0.0033,0,-0.02602202
20151208,0.03008,-0.029091105,-0.021048986,-0.033860338,-0.031132996,-0.00454881,-0.029709127,1.32,-0.007320705,0.0025,-0.001,0,-0.01704448
20151210,-0.01835,0.002969013,0.007877021,0.000604261,0.006132637,-0.001784044,-0.002560824,1.37,-0.054750506,0.0056,-0.0008,0,-0.000730277
20151211,-0.03822,-0.013536288,0.007877268,0.001542521,-0.023347364,-0.029695847,-0.056512228,1.1,0.13438727,0.0083,0.0004,0,-0.021698848
20151214,0.07969,-0.019888418,-0.007167363,0.003159751,-0.008574144,-0.037984902,-0.032645359,1.04,-0.070487569,0,-0.0033,0,-0.003344348
20151215,0,0.042252951,-0.020124211,0.002623927,0.038017617,0.015028942,0.04828592,1.04,-0.081546935,0,-0.0033,0,0.018012164
20151216,0.02521,0.00057181,-0.010183958,-0.022527268,0.005571045,0.015432217,-0.005836561,1.04,-0.159575073,0,0.002,0,0.001176755
20151217,0.03666,0.015128882,-0.002968498,-0.002968498,0.002505818,0.035858828,0.015489146,1.04,0.058712506,0,0.0028,0,0.014243668
20151218,0.0198,-0.001690617,0.001533031,-0.011426074,0.011729297,0.033759517,-0.018420271,1.04,0.088857621,0,-0.001,0,0.005040698
20151221,0.00781,-0.011344421,-0.000698213,0.016543592,-0.003008053,0.032907804,0.001955011,1.02,-0.101610172,0,0.0002,0,0.006309389
20151222,0,0.002089468,0.007208238,0.027795069,0.010050336,0.007244539,0.001951236,1.03,-0.119120846,0,0.0018,0,0.008048412
20151223,-0.00781,0.018983748,0.012847331,0.019321983,0.005249356,0.000248068,0.005830928,1.03,-0.064056752,0,0.0014,0,0.007810202
20151228,-0.0198,-0.01779339,0.011861695,-0.004354053,0.002266191,-0.008076601,-0.007782164,1.02,0.071699925,0,-0.0006,0,-0.00623976
20151229,0,0.014033987,0.01949825,-0.019129322,0.007632301,0.024008721,0.015504194,1.02,-0.050328895,0,0.0024,0,0.00879259
20151230,-0.02429,-0.009650941,0.022584048,0.010814424,-0.000864379,-0.048727175,-0.012578786,1.02,0.072552094,0,-0.0023,0,-0.008958973
20160102,0,-0.009074785,0.013207387,0.020840811,-0.021172814,0.024130261,-0.008491373,0.85,-0.010950892,0,-0.0033,0,0.00277707
20160103,0,0.023216765,0.018127058,0.02220556,0.009438979,0.011230991,0.023584681,0.76,-0.149296221,0,-0.0009,0,0.015400576
20160104,-0.02584,-0.005100028,-0.010438595,0.004788459,-0.00568414,-0.01982931,-0.022329464,0.78,-0.062867235,-0.0212,-0.0017,0,-0.012061868
20160106,-0.01237,-0.01835286,0.008438647,0.040244259,-0.018041186,-0.023676884,-0.018246154,0.75,0.00070449,-0.016,-0.0001,0,-0.006000597
20160107,-0.04417,0.0038913,-0.000747525,0.008481018,-0.020644932,0.024261903,-0.050492097,0.81,-0.056594024,0.0014,-0.0013,0,-0.011345762
20160108,-0.01136,-0.014991763,-0.010194687,0.003186882,-0.029105414,-0.02708076,-0.098691847,0.82,0.046902855,0,-0.0034,0,-0.026891084
20160109,0.03429,0.026506664,-0.003498952,0.004208941,0.02992303,-0.01323222,0.013781413,0.76,0.004460934,0.0217,-0.0005,0,0.013139839
20160113,0.02278,-0.001840491,-0.008409394,0.014406502,-0.015077065,0.008935187,0.002155612,0.92,0.115456248,0,0.0009,0,0.003278622
20160114,-0.03204,-0.036689889,-0.028544142,-0.015809053,-0.02449102,-0.030312147,-0.028392351,0.92,-0.051668948,0,-0.0001,0,-0.0280398
20160115,-0.04276,-0.037095359,-0.002297978,-0.0183291,-0.031035964,-0.031090631,-0.026033824,0.96,0.120608994,0,0.0009,0,-0.026948979
20160119,0.01592,-0.003389451,0.020218687,0.046975128,0.028323677,0.004615146,-0.03521144,0.94,-0.036559611,0,-0.0002,0,0.011064535
20160120,-0.10536,-0.030683246,-0.021613834,-0.006693771,-0.025881673,-0.044873718,-0.080831131,0.92,0.057435655,0,-0.0003,0,-0.04513391
20160121,0.02312,0.012524807,0.020829655,0.03477599,0.036716016,-0.033965379,0.07634121,0.91,-0.03316441,0,-0.0006,0,0.024334614
20160122,0.017,0.024251203,0.018531366,0.025315573,0.025533302,0.031330574,-0.001501148,0.92,-0.177910183,0,0.0006,0,0.020065839
20160125,0.01117,-0.029103338,-0.028457965,-0.020974976,0.021725611,0.005945249,-0.066242498,0.9,0.077905564,0,-0.0009,0,-0.015133988
20160126,0.04879,0.019950215,0.01511346,0.003791695,0.016495602,0.005760709,0.038829617,0.88,-0.070769055,0,0.0006,0,0.021247328
20160127,-0.01064,0.002607563,-0.014028596,0.006470004,-0.013323661,0.002900786,-0.030835959,0.89,0.026750141,0,0.0017,0,-0.008121409
20160128,-0.03261,-0.028597987,-0.018130921,-0.004577339,-0.020894878,0.064746621,-0.066947679,0.86,-0.03031203,0,0.0007,0,-0.015287455
20160129,0.01099,0.018698606,0.008939917,-0.01224709,0.016788096,-0.021245089,0.006787343,0.85,-0.104270779,0,-0.0009,0,0.004101683
20160202,-0.0277,-0.058326607,-0.006685011,-0.003121522,-0.002869991,-0.011996847,-0.032941456,0.83,0.095401178,-0.0199,-0.0016,0,-0.020520205
20160203,0.09125,0.032855788,0.022616905,0.003008433,0.015330733,0.037493763,0.050440155,0.76,-0.035071177,-0.0151,-0.0032,0,0.036142254
20160206,-0.02521,-0.028018851,0.033708067,0.019254291,-0.009357788,0.003707339,-0.020752081,0.75,-0.040968697,0.0306,-0.0003,0,-0.00380986
20160208,-0.06492,-0.044217729,-0.015905783,-0.004635223,-0.015979327,0.051534538,-0.074185452,0.81,0.072096329,-0.0388,0,0,-0.024044139
20160209,0.03315,0.020919939,-0.000908395,-0.003339232,0.029427847,-0.004630204,0.006820132,0.76,-0.117968517,0.0252,-0.0009,0,0.011634298
20160211,-0.01333,-0.038265538,-0.004115231,-0.015769856,-0.0375723,-0.020086118,-0.050819193,0.73,0.040132114,0.0046,-0.0013,0,-0.025708319
20160212,-0.02755,-0.023713664,0.021136133,0.018031712,-0.010939377,0.007445242,0.0009602,0.79,0.003547375,-0.0122,0.0002,0,-0.002089965
20160216,-0.05789,-0.007662873,0.003370005,0.003512314,-0.008028947,-0.037695541,0.004689331,0.79,-0.052122441,0,-0.0012,0,-0.014243673
20160217,-0.02685,0.035707199,-0.002315834,0.008399669,0.030954852,0.052920264,0.024264631,0.77,-0.077591733,0,0,0,0.017582969
20160218,0.01351,-0.019462687,0.001364048,-0.002836871,-0.051313862,0.017302597,-0.056956957,0.77,-0.030491559,0,0.0009,0,-0.014056247
20160219,-0.09867,-0.011047124,5.42E-05,0.001448019,0.028987537,-0.035834604,-0.035048183,0.77,-0.052656161,0,0.005,0,-0.021444311
20160222,-0.02247,0.030390086,0.006022497,0.013682825,0.017429635,0.03225691,0.067155573,0.77,-0.057645701,0,-0.0029,0,0.020638218
20160223,-0.01527,-0.026202372,-0.00347682,-0.0047062,-0.021433644,0.00721952,-0.026083287,0.76,0.079328018,0,0.0004,0,-0.0128504
20160224,-0.03125,-0.01885912,-0.016711067,-0.025312662,-0.030345471,-0.039959469,-0.016959852,0.76,-0.012470197,0,-0.0007,0,-0.025628234
20160225,0.04652,0.03893645,0.013167905,0.026848231,0.016814011,-0.006151057,0.023544747,0.75,-0.080887594,0,-0.0011,0,0.02281147
20160226,0.12783,0.022513011,0.028811547,0.019745458,-0.020335506,0.025044476,0.00891002,0.75,0.035975044,0,-0.0005,0,0.030359858
20160229,0.04561,0.012873203,-0.018842875,-0.016651858,-0.015475006,-0.010493958,0.015840752,0.76,0.03667407,0,0.0017,0,0.00183718
20160302,-0.07584,-0.032952935,0.004450872,0.000482613,-0.0418684,0.004613449,-0.061175564,0.83,-0.015127491,0.0241,-0.0008,0,-0.028898566
20160303,0.01729,0.0055912,-0.003627502,0.00661501,-0.013245227,0.006909593,0.005928354,0.76,-0.023084741,0,0.0018,0,0.003637347
20160306,0.02521,-0.025366382,0.005501232,-0.027541142,-0.012254265,0.001917835,-0.048139632,0.75,-0.011808244,0,0.0006,0,-0.011524622
20160308,0.03003,0.005486655,0.01117997,-0.010365701,-0.005531599,0.014786944,-0.023039865,0.82,-0.03889169,-0.0027,-0.0007,0,0.003220915
20160310,0.02667,-0.003392245,0.007966144,0.007337432,-0.004752409,-0.013288782,-0.019493853,0.69,0.020849582,-0.0118,0.001,0,0.00014947
20160311,-0.00673,0.014667321,0.002018926,-0.001955141,0.021363347,0.048265931,-0.000948362,0.73,0.133531405,0.0028,-0.0002,0,0.010954575
20160315,0.05129,-0.015512367,-0.016940079,-0.001584691,-0.009454473,-0.023293424,-0.018154824,0.79,-0.004739341,0,0.0014,0,-0.004807123
20160316,-0.02532,-0.020738937,0.006111346,0.014598864,-0.007947588,-0.015017144,-0.004079549,0.79,-0.116373721,0,0.0015,0,-0.007484715
20160317,-0.06351,-0.02328752,0.008888707,0.059736657,-0.008212365,0.01536377,-0.042804047,0.79,-0.037381192,0,-0.001,0,-0.007689257
20160318,-0.05619,0.013905974,-0.010654713,0.039841906,0.01556607,0.033116628,-0.017756713,0.79,-0.02951719,0,-0.0007,0,0.002547022
20160321,0.00576,-0.009359756,-0.006862452,-0.017508372,-0.017176376,-0.023948649,0.013480927,0.79,-0.016541225,0,-0.0011,0,-0.007944954
20160322,0,-0.001771676,0.00114099,-0.000716037,0.013208117,0.003233721,-0.011311733,0.79,0.02718337,0,-0.0011,0,0.000540483
20160323,0.00573,-0.016313211,0.000790823,-0.001149041,-0.024961038,0.033609961,-0.031364351,0.8,0.052915093,0,0.0011,0,-0.004808122
20160324,0.0226,-0.02198141,0.002805306,-0.006593591,-0.024972921,-0.011111622,-0.027771664,0.79,-0.01347728,0,-0.0009,0,-0.009575129
20160329,0.03836,0.006656744,-0.012651527,0.004636377,0.011222063,0.003497274,-0.027383043,0.8,-0.097806739,0,0.0007,0,0.003476841
20160330,0.05746,0.016788053,0.011474156,0.003488729,0.015176665,-0.019093952,-0.03485929,0.78,-0.018992483,0,0.0005,0,0.007204909
20160331,-0.00509,-0.00496167,0.013767798,-0.005327733,0.005480578,0.003321096,-0.031058397,0.78,0.028355181,0,0.0015,0,-0.003409761
20160401,-0.03266,-0.019526962,-0.029768682,-0.024566271,-0.022386384,-0.012257391,-0.029847052,1,0.128162894,0,0.0008,0,-0.024430392
20160402,-0.10873,0.035152349,0.026547412,0.014145928,0.010929071,0.022475778,0.008706505,0.81,0.008737721,0.0152,-0.0005,0,0.001318149
20160403,-0.04082,0.016265811,0.002503829,0.002624196,-0.014056667,0.008087221,-0.022277514,0.77,0.009535224,0,-0.0005,0,-0.006810446
20160404,-0.04279,-0.003300521,-0.014769308,0.020960795,0.003860616,0.021089269,-0.027470672,0.78,0.074979965,-0.0075,0,0,-0.006059974
20160405,0.03093,-0.004184567,-0.000222632,0.012633522,-0.053731932,-0.016901806,-0.001291987,0.76,0.028437863,-0.0069,0.0024,0,-0.004681343
20160408,0.03489,0.01241224,0.014105279,-0.01259716,0.017594472,0.009776807,0.024665465,0.82,-0.034813609,-0.0182,0.0011,0,0.014406729
20160410,0.02598,0.009056748,0.003221715,0.006181666,0.008538141,0.004018661,-0.010885737,0.69,0.004411803,0,0.0022,0,0.006587313
20160411,-0.01361,-0.017034186,0.01109368,-0.01059468,-0.072169696,-0.017247751,0.007561458,0.73,0.019287447,0,0,0,-0.016000168
20160413,-0.01163,0.061619262,0.010644756,0.001461317,0.025092373,0.040384125,0.100722,0.77,-0.07043693,0,0.0002,0,0.032613405
20160414,0.00583,0.008688534,-0.002462239,-0.000468221,0.013497625,-0.010246767,0.031047327,0.77,-0.008708319,0,0.0006,0,0.00655518
20160415,0.14581,-0.011010902,-0.010978845,-0.017569568,0.00824666,0.022321033,0.009944461,0.77,-0.007315349,0,0.0011,0,0.02096612
20160418,-0.03061,0.012542798,0.001614466,-0.004131014,0.000586453,-0.005579304,-0.034945772,0.78,-0.020022879,0,0.0004,0,-0.008646053
20160419,-0.01042,-0.002189143,0.011430355,-0.000569789,0.000195408,-0.024573487,-0.005439743,0.78,-0.00827388,0,0.0003,0,-0.004509486
20160420,0.01042,0.025638269,-0.007207665,-0.017190644,-0.015357656,0.006416326,0.045031332,0.78,0.003016591,0,-0.0002,0,0.006821423
20160421,0.0939,0.01746908,0.000883097,0.003677702,0.000991572,0.002936624,0.022344081,0.78,0.049220371,0,0.0006,0,0.020314594
20160422,0.06395,0.003143668,0.000575113,0.00435587,0.032757852,-0.01957013,-0.005112213,0.78,-0.05374864,0,-0.0004,0,0.01144288
20160425,-0.0499,-0.024250672,-0.009743449,0.000306887,-0.040518313,-0.004471458,-0.054415274,0.77,0.063024491,0,-0.0001,0,-0.026141754
20160426,-0.01878,0.017742829,0.00042849,0.007947255,-0.006010838,0.001321961,0.048704247,0.77,-0.008559245,0,-0.0014,0,0.007336278
20160427,-0.05354,0.008389311,0.005178268,0.014333505,0.013374788,0.01204776,-0.021419039,0.76,-0.013703754,0,-0.0025,0,-0.003090772
20160428,-0.04604,0.007594315,-0.009168419,-0.00125151,0.001980983,-0.023153489,0.041266575,0.76,0.100118024,0,0.0028,0,-0.004110221
20160501,-0.04672,0.005257533,-0.019172215,-0.01768737,0.008102916,-0.001158155,0.006200638,1,-0.067958239,0,-0.0014,0,-0.00931095
20160502,-0.08456,0.014780981,0.009228052,-0.005204732,0.004535155,0.01474816,-0.011208127,0.82,0.068137762,0,-0.0034,0,-0.008240073
20160504,-0.03334,-0.020966095,0.000272,-0.008843784,-0.003250054,-0.019155693,-0.030978914,0.77,0.088073149,-0.0088,-0.0003,0,-0.016608934
20160507,-0.07095,-0.002680453,0.000882142,-0.009360048,-0.045124292,0.004168765,0.007176472,0.8,0.053389908,0,0.002,0,-0.016555345
20160508,0.01136,0.029745842,0.029669301,0.007093487,0.048094375,0.026419383,0.057850029,0.82,-0.086572275,0,-0.0002,0,0.030033202
20160510,0,0.033539403,-0.006371598,0.011416072,0.018345704,0.002062855,0.039985792,0.69,-0.048093441,-0.0097,0.0009,0,0.014139747
20160512,0.02755,0.012922193,0.007002581,-0.004991518,0.009061795,0.030091587,-0.034166309,0.8,-0.15108641,0.0143,-0.0035,0,0.006781476
20160513,-0.03572,0.012918156,0.004306917,0.010343322,0.003406433,-0.000941686,-0.00068661,0.76,0.042790917,0,-0.0004,0,-0.000910495
20160517,0.05358,0.009634532,-0.017437759,-0.006037711,-0.027145139,-0.006585525,-0.019705032,0.76,0.058859922,0,-0.0011,0,-0.001956662
20160518,0.04256,0.014669095,-0.008058027,0.000834353,0.00239939,-0.005802784,0.007082168,0.75,0.024112851,0,0.0027,0,0.007669171
20160519,-0.00837,0.007199455,-0.023103116,-0.005468742,-0.001308045,-0.003130597,-0.014930962,0.75,0.023545085,0,0.0016,0,-0.007016001
20160520,0.06899,0.00900907,-0.004739883,0.002134162,-0.001528218,-0.006331048,0.073186541,0.75,-0.071708487,0,0.0017,0,0.020102946
20160523,0.04223,0.004692027,-0.005702343,0.001522415,0.013023844,0.009561982,-0.030417999,0.75,0.039979528,0,0.0004,0,0.004987132
20160524,-0.04223,0.036344316,-0.001242855,0.002741952,0.029745129,-0.009943538,0.047580168,0.75,-0.092658806,0,-0.0011,0,0.00899931
20160525,-0.03188,0.027745051,-0.004292502,0.004773776,0.027461207,0.008736358,0.023926117,0.75,-0.036727324,0,-0.0014,0,0.008067144
20160527,-0.03226,-0.00471108,0.028233202,0.008797896,-0.008180005,0.037305242,-0.00800543,0.75,-0.023353258,0,-0.0001,0,0.003025689
20160531,-0.04017,-0.010295458,-0.000737501,0.016079132,-0.013628128,-0.001449782,-0.040877612,0.75,0.078399687,0,0.003,0,-0.013011336
20160604,-0.03449,0.001163467,-0.00461226,0.002973362,0.010725591,-0.053759449,0.016955306,0.78,-0.090200036,0,0.0007,0,-0.008720569
20160605,0.00473,-0.010002893,0.006862469,0.001667652,-0.008528836,-0.015864897,0.004579685,0.76,-0.077740701,0,-0.0017,0,-0.00236526
20160606,-0.05545,0.001402298,0.000142609,-0.003393399,0.007756988,0.017939368,-0.019150337,0.75,0.013274483,-0.0065,-0.001,0,-0.007250353
20160607,0.04317,-0.019618595,-0.042319391,-0.01318162,-0.003415214,-0.009404379,-0.033560241,0.78,-0.04060806,0,-0.0014,0,-0.01118992
20160609,-0.0169,-0.01402786,0.01154883,0.001403295,-0.013237712,-0.021984532,-0.015504156,0.75,0.003333413,-0.0174,0.0009,0,-0.009814591
20160610,0,0.019761433,-0.003671539,-0.00778672,0.002778551,0.003270594,0.022685238,0.69,-0.011614503,0.0029,0.0034,0,0.00529108
20160612,0.00542,0.05025297,-0.005646076,0.001852166,0.043037167,0.048011031,0.120537695,0.81,-0.029254103,0,0.0003,0,0.03763785
20160613,-0.07197,-0.029439157,0.000406834,0.000406834,-0.014117882,-0.017433501,-0.054394092,0.73,0.208116277,0,-0.0006,0,-0.026648709
20160614,-0.00499,-0.022811101,-0.018481126,5.87E-06,-0.014079698,-0.008459833,-0.01971386,0.75,-0.022667926,0,0.0025,0,-0.012647107
20160615,-0.06721,0.008880527,0.035108533,0.047101695,0.014079698,-0.001429606,0.01971386,0.75,-0.017717029,0,0.0019,0,0.008034958
20160616,-0.09531,-0.013410276,-0.011588754,0.003438442,-0.006657181,0.024442546,-0.022432524,0.76,-0.038982336,0,0.0013,0,-0.017359678
20160617,0.15247,0.037519055,0.012657429,-0.004450933,0.015856444,0.012043737,0.090182381,0.76,0.002062869,0,-0.0001,0,0.045182588
20160621,0.1008,0.010692955,0.023566137,0.009029941,0.024556598,-0.008191892,0.009577149,0.75,0.005970097,0,0.0015,0,0.024290127
20160622,0.00909,0.006382885,-0.001780588,-0.001226617,0.018196616,0.034114672,0.008699089,0.76,0.135896047,0,-0.0032,0,0.01049658
20160623,0.06567,0.028386534,-0.008246263,0.007576795,0.006213957,0.032009092,0.069937321,0.76,-0.204772945,0,-0.0027,0,0.028792491
20160624,-0.35184,-0.191165582,-0.050564355,-0.055148569,-0.127481462,-0.078359677,-0.271658382,0.85,0.401010767,0,0.0039,0,-0.16088829
20160627,-0.09471,-0.065283299,-0.007658513,-0.004835528,-0.052895084,-0.021417556,-0.084387424,0.84,-0.077038677,0,-0.0003,0,-0.047312486
20160628,0.10668,0.038272011,0.028651567,0.009187936,0.041267047,0.036682464,-0.015315795,0.82,-0.240590481,0,0.0005,0,0.035060747
20160629,0.02933,0.029799277,0.027163044,0.010485955,0.026099348,-0.001701892,0.024705569,0.83,-0.119384354,0,-0.0005,0,0.020840186
20160630,-0.0657,0.006181815,0.010714301,-0.023296272,0.006173621,0.01138429,0.022588184,0.81,-0.062617247,0,-0.0011,0,-0.004564866
20160701,-0.09097,-0.022225362,-0.002037635,-0.006404494,-0.024328644,-0.017600868,-0.025680228,0.98,0.193670207,-0.0353,0.0018,0,-0.027035319
20160703,0.0177,-0.018564285,-0.000680575,0.003434546,-0.010620321,0.013867213,-0.023347317,0.77,0.02864854,0,0.0005,0,-0.002601534
20160704,0.01739,-0.039127694,-0.014082471,0.001616046,-0.031904547,0.028870789,-0.06100299,0.77,0.137073707,-0.0472,0.0002,0,-0.01403441
20160706,0.03871,0.014553494,0.011675162,0.006078687,0.017658155,0.009715976,0.032715024,0.75,0.028882916,-0.0031,-0.0015,0,0.0187295
20160707,0.04139,0.003642991,0.010185521,0.019990997,0.007863736,0.010832121,-0.002848159,0.78,-0.01345914,-0.0125,-0.0004,0,0.013008172
20160709,-0.02882,0.005443207,-0.004247099,-0.00322653,0.006640761,0.003287286,0.010362766,0.73,-0.006677894,0.0611,-0.001,0,-0.001508516
20160710,0.01905,0.015532705,-0.001766973,-0.005098176,-0.010412887,0.007839743,-0.008446725,0.69,0.048641761,0,0.0073,0,0.002385384
20160711,0.04683,0.036642657,-0.006249541,0.010008942,-0.004592431,0.003121668,0.047803216,0.73,-0.184901574,-0.0488,0.0002,0,0.019080644
20160712,0.03714,0.022277939,-0.010190991,-0.005657122,-0.002703922,-0.02353741,0.090014439,0.8,0.035822264,0.0159,-0.0005,0,0.015334705
20160713,0.0226,-0.020038838,0.000770285,0.00688685,-0.037412352,-0.011952056,-0.038839853,0.81,-0.038365008,0,0.0002,0,-0.011140852
20160714,0.01662,0.033061842,-0.012307552,-0.00612888,0.12773499,-0.000592228,0.064229083,0.81,-0.017015126,0,-0.0011,0,0.031802465
20160715,-0.01105,-0.002684565,0.017964211,0.017158675,0.004319661,-0.013269963,0.01199832,0.8,-0.011769427,0,-0.0006,0,0.003490906
20160718,-0.02247,-0.007626012,0.004313226,0.019598955,0.014123924,0.03284396,0.018182283,0.8,-0.018319947,0,-0.0031,0,0.008423762
20160719,0.02247,-0.001768139,0.001158906,-0.000863339,-0.003832238,-0.001736093,-0.002706311,0.8,-0.038513512,0,0.0006,0,0.001817541
20160720,-0.02247,0.009277267,0.000258534,0.007163032,0.019852817,0.008321004,0.017017886,0.8,-0.016849582,0,-0.0002,0,0.005631506
20160721,-0.02299,0.005711304,-0.023975109,-0.013291,-0.000418323,-0.001841239,0.02109037,0.8,0.079192672,0,-0.0005,0,-0.005102
20160722,0.04546,0.008794317,0.006958367,0.005148913,0.014538158,0.009535288,-0.006105589,0.8,-0.058174665,0,-0.0028,0,0.012047065
20160725,-0.0339,-0.004966228,0.011398642,0.00577186,-0.021255228,-0.005295527,0.003493446,0.82,0.068327046,0,-0.0012,0,-0.006393291
20160726,-0.00576,-0.006854514,-0.012027249,-0.0084602,-0.001264489,0.01178651,-0.022928649,0.82,0.013889136,0,0.0036,0,-0.006501227
20160727,0.00576,0.01412224,0.012603582,0.03331647,-0.003168236,0.00105172,-0.04190049,0.82,-0.017001976,0,-0.0012,0,0.003112184
20160728,-0.04707,-0.014938614,-0.003555523,0.001745735,0.000634451,0.020435169,-0.037919254,0.8,-0.008610594,0,0.0006,0,-0.011524005
20160729,0.06416,0.034403118,-0.003020866,0.021195882,0.002322881,0.00621469,0.057265788,0.8,-0.06916138,0,0.0014,0,0.026077356
20160801,-0.00957,-0.028546964,-0.013747828,-0.010614468,-0.051643413,-0.008989803,-0.00341734,0.98,0.077731441,-0.0781,-0.0003,0,-0.018075688
20160802,-0.19416,-0.056274506,-0.01837064,-0.019010269,-0.078764752,-0.02762263,-0.059998622,0.79,0.106215618,-0.0271,-0.0031,0,-0.064885917
20160803,0.05129,0.000657246,0.02812133,0.007591303,0.023843307,-0.000351629,0.008401013,0.77,0.073325433,0.0313,0.0008,0,0.017078939
20160804,0.02833,0.014048379,0.000419272,0.004055541,0.014032422,0.000283927,0.092772707,0.77,-0.050772338,0.0301,-0.0006,0,0.02199175
20160806,-0.00847,-0.014122413,0.005514767,-0.008655533,-0.039136364,0.014744566,-0.046733917,0.75,0.002132936,0.0409,-0.0008,0,-0.013836985
20160807,0.09038,0.033585484,0.015104205,0.003902307,0.021695066,0.012084439,0.08367822,0.8,-0.11170402,0,-0.0018,0,0.037204246
20160808,-0.00567,0.012353532,0.051809245,0.025912482,0.009923588,0.010590736,0.027716534,0.82,0.009611228,-0.0393,0.0006,0,0.018948017
20160809,-0.00587,0.01793297,0.005135944,-0.008569753,0.015946309,-0.01575445,0.020408916,0.74,0.04663427,0.0203,0.0008,0,0.004175705
20160811,0.00651,0.01116907,-0.009002744,0.002553962,0.027430075,0.003034699,-0.00630343,0.73,0.001602173,-0.0444,0.0022,0,0.005055947
20160816,-0.03572,-0.013426049,0.014207168,0.009535312,-0.015031768,0.000783507,-0.002839514,0.78,0.06791975,0,-0.002,0,-0.006070192
20160817,-0.02454,-0.014069434,-0.00884234,-0.003165882,-0.007807724,-0.009921985,-0.024953356,0.76,-0.036250507,0,0.0038,0,-0.013328674
20160818,0,-0.000576136,-0.003046086,0.004940254,0.007398307,-0.001790561,0.002911253,0.75,-0.064374405,0,-0.0008,0,0.00140529
20160819,-0.05097,-0.018613846,0.008574556,0.00306993,0.006734032,-0.009451804,-0.065055469,0.77,-0.007905193,0,-0.0013,0,-0.017958943
20160822,0.05097,0.010164233,-0.002339668,-0.0092312,-0.005710805,0.012560223,0.0133541,0.77,0.078820984,0,-0.0029,0,0.009966698
20160823,0.00619,0.020479317,0.011590305,0.004679247,0.020848847,0.00105167,0.064219514,0.77,0.00892498,0,0.0013,0,0.018436986
20160824,0,0.016938074,0.021835205,0.001665112,0.032518384,0.007478484,0.077315431,0.77,0.082896815,0,0.0006,0,0.022535813
20160825,0.01227,-0.005051366,0.011100997,-0.004327525,-0.004664731,0.004943752,-0.037910692,0.77,0.013294162,0,-0.002,0,-0.003377081
20160826,-0.03096,0.008962641,0.017043803,0.003227058,-0.005665738,0.002412901,0.00550459,0.77,0.00146624,0,0.0004,0,7.50E-05
20160829,0,-0.007725504,-0.008252561,0.000716109,0,0.009179785,-0.002748462,0.77,-0.053416237,0,-0.0004,0,-0.001261519
20160830,-0.01266,0.019258123,0.018854714,-0.00077125,0.007612021,0.004408312,0.021779402,0.77,0.013814518,0,0.001,0,0.008354475
20160831,0.09125,0.005607183,0.007922583,-0.001218373,-0.0208259,-7.02E-05,0.034410163,0.76,0.022608362,0,-0.0004,0,0.016725067
20160902,0,-0.036273407,-0.013629951,-0.024268389,-0.032009653,-0.007013257,-0.082428095,0.79,0.020556525,-0.0344,0.0021,0,-0.027946107
20160903,-0.0339,0.001094451,-0.010493417,-0.00114685,0.00436909,-0.038054019,0.008331079,0.77,-0.017833486,0,-0.0011,0,-0.009971381
20160905,0.02331,-0.00260137,0.004670206,0.008892326,0.006828878,-0.006526347,-0.02377921,0.76,-0.010242532,0.0253,-0.0017,0,0.001542069
20160906,-0.00426,-0.011486906,-0.026722119,-0.029184311,-0.013245227,-0.008879776,-0.00314218,0.75,0.039002187,0,0.0016,0,-0.013845788
20160908,0.00567,0.009528686,0.011089634,0.025619267,0.007991027,0.010828675,0.010875073,0.81,0.013817132,-0.0174,0.0004,0,0.01165748
20160909,-0.02985,0.002193098,0.001005136,0.005251374,-0.005786297,-0.023714534,-0.015267526,0.74,0.335672538,0.0141,-0.0017,0,-0.009452678
20160911,0,0.031136689,-0.010267083,-0.010108898,0.028331549,-0.002422643,0.007200737,0.73,-0.264821904,0.038,-0.001,0,0.006267193
20160912,-0.0202,-0.010115334,0.008323347,0.005625665,0.00844797,-0.029345737,-0.023716558,0.8,-0.073013175,0,0.001,0,-0.008711521
20160913,0.00608,-0.018517054,0.003308892,0.008346051,-0.000756287,-0.017013869,-0.042636893,0.73,0.163343159,0,0.0006,0,-0.008741309
20160914,0,-0.001522401,0.001539768,-0.00023801,-0.025089892,-0.00139221,-0.009311036,0.74,0.016115881,0,-0.0001,0,-0.005144826
20160915,-0.07551,-0.005675013,0.000657808,0.007061229,0.01156974,0.015687037,-0.022706796,0.73,-0.10695435,0,-0.0005,0,-0.009845142
20160916,-0.01316,-0.023139698,-0.002311337,0.014250243,-0.03194662,0.025512649,-0.059638222,0.73,-0.058747511,0,0.0007,0,-0.012918998
20160919,-0.00664,0.006475405,-0.003980802,-0.006724889,0.021733601,0.015398466,0.042263302,0.72,0.01035607,0,0,0,0.009789298
20160920,0.0198,0.000556266,-0.011596612,-0.005052924,0.001354883,-0.003379935,-0.008802044,0.7,0.024802565,0,0.0011,0,-0.001017195
20160921,0.01942,0.028183235,0.005015269,0.018218822,0.016117003,0.017001068,0.035700922,0.71,-0.179812136,0,-0.0011,0,0.019950903
20160922,0.03155,0.022665071,0.001198153,0.005631741,0.009471562,0.021537751,0.004728085,0.71,-0.101192082,0,-0.0002,0,0.013826052
20160923,0.00619,-0.007320599,0.004395012,0.009058268,-0.003210276,-0.006631532,0.013121062,0.71,0.022213953,0,0,0,0.002228848
20160926,-0.05716,-0.03323716,-0.010257404,-0.01366944,-0.018709977,-0.00043865,-0.036988544,0.72,0.165362729,0,0.0006,0,-0.024351596
20160927,0,-0.005187363,-0.008537221,-0.014130928,0.004038855,0.008725759,-0.01852809,0.68,-0.10153639,0,-0.0002,0,-0.004802713
20160928,-0.02649,0.009471436,0.012781981,0.012690879,-0.005388774,-0.006528702,0.015625384,0.7,-0.055722536,0,-0.0001,0,0.001737458
20160929,0.01993,-0.004614379,0.003805855,-0.007844921,0.011321238,0.024573312,-0.013658819,0.7,0.123595191,0,0.0015,0,0.004787469
20160930,-0.02667,0.008006624,-0.013199413,-0.005389341,0.006087141,-0.024914949,0.017527288,0.69,-0.053473044,0,-0.0027,0,-0.005507521
20161002,0.03509,0.047784507,-0.009401125,0.002575066,0.037105206,-0.046643938,0.112554806,0.82,-0.00946439,0,-0.003,0,0.025580646
20161003,0.08269,0.009579869,0.010822731,-0.012883038,0.003936605,0.023518712,0.022964386,0.77,-0.015938833,-0.0445,0.0005,0,0.020089895
20161005,0.05818,0.009580237,0.005300187,0.000148192,0.004879611,-0.009645898,-0.014815124,0.74,-0.066691345,0.0072,0.0001,0,0.007661029
20161006,-0.08004,-0.035048503,-0.032882293,-0.020514197,-0.050124387,-0.012381696,-0.065850675,0.75,0.151219003,-0.0393,0.0014,0,-0.042405964
20161008,-0.00567,-0.004136626,-0.02597781,0.017381315,-0.006141268,0.010168531,0.00783548,0.79,0.032900508,0.0417,-0.0006,0,-0.00093434
20161010,0.03704,-0.004267865,-0.00390332,0.00123131,0.007263278,-0.000868164,0.001883236,0.69,-0.007446008,-0.0199,-0.0034,0,0.005482639
20161011,0.03195,0.011069889,0.022183535,0.0133236,-0.002906451,0.000908845,0.028295377,0.74,0.024726511,-0.0034,0,0,0.014974971
20161013,-0.0554,-0.02939227,-0.000338048,-0.006542934,-0.020857367,-0.032560052,-0.037058847,0.69,0.047861937,0,0.0002,0,-0.02602136
20161014,0.04335,0.026491615,-0.011023588,0.006373427,0.028385173,0.017476682,0.0191761,0.68,-0.034748981,0,0.0018,0,0.018604201
20161017,-0.02454,0.006308517,-0.009961324,-0.000744669,0.013805851,0.010515713,0.02253612,0.7,0.00556749,0,0.001,0,0.00256003
20161018,0.01235,0.016664496,0.02017175,-0.023178629,0.012193086,-0.01106937,0.026570498,0.69,-0.059083513,0,-0.0018,0,0.00767169
20161019,-0.00615,0.013794711,0.019592347,0.001573841,-0.004286486,-0.023919592,0.01079145,0.7,-0.058622367,0,-0.0016,0,0.001628039
20161020,0.00615,0.020978406,-0.001072039,0.005237115,0.02282679,-0.008123061,0.006241693,0.7,-0.046883575,0,0.001,0,0.007462701
20161021,-0.01858,0.011295154,-0.032010501,-0.005384797,-0.019431807,-0.020213789,0.013245244,0.7,-0.030271772,0,0.0008,0,-0.010154357
20161024,-0.01258,0.020129118,0.005791295,-0.006054164,0.028314562,0.031744846,0.039558044,0.7,-0.02428038,0,-0.0003,0,0.015271957
20161025,-0.01917,0.002464223,-0.009851078,-0.022700106,0.00639532,7.55E-05,-0.030824382,0.69,0.033235655,0,-0.0026,0,-0.010515787
20161027,0.00639,0.011089297,0.019314926,0.010333897,0.019451219,-0.01323012,0.027258959,0.73,0.075711815,0,0.0008,0,0.011515454
20161031,-0.00639,-0.021159857,-0.007067955,0.002353806,-0.029786139,0.014268249,-0.03905048,0.73,0.05234271,0,-0.0004,0,-0.012404625
20161101,0.0048,-0.002085506,-0.031458192,-0.014105485,0.006038894,0.003884913,0.001282893,0.97,-0.105730857,0,0.0006,0,-0.004520355
20161102,0,-0.062135006,-0.008527596,0.014093807,-0.017518072,0.000637821,-0.072917636,0.82,0.068003356,0.0167,-0.0002,0,-0.020909526
20161103,0.00528,0.053782069,-0.002732928,0.003279252,0.047055627,0.002648127,0.090384061,0.77,-0.089785262,-0.0131,0.0007,0,0.02852803
20161104,-0.0056,0.009020833,-0.003849066,-0.001665477,-0.009884759,0.012653295,0.023818298,0.76,0.056941413,0.0133,0,0,0.003499018
20161105,-0.02643,-0.01003334,0.004416398,-0.00070919,-0.007434978,-0.005246154,-0.038027355,0.76,0.074893708,0.0266,0.0005,0,-0.011923517
20161107,0.0482,0.01123888,0.021545582,0.008808276,0.013954305,0.002359742,-0.029280846,0.8,0.02543145,-0.0291,-0.0038,0,0.010975134
20161108,-0.01719,0.008256211,0.007369064,-0.004463211,0.00756882,-0.00316512,0.021236277,0.78,-0.031186672,0.0066,0.0002,0,0.00280172
20161110,0,-0.01126484,0.003829963,0.004086181,0.002224283,-0.006810244,-0.015166232,0.69,0.138005642,0.039,-0.0019,0,-0.003300127
20161114,-0.0129,0.016484387,-0.016329634,0.008163004,0.000906865,-0.032670893,0,0.8,0.021641296,0,-0.0021,0,-0.005192324
20161115,0,-0.003058932,0.006445142,0.007311469,0.005063302,0.014254803,-0.041951762,0.8,-0.079754973,0,-0.001,0,-0.00170514
20161116,0.04445,-0.023890988,-0.001410151,-0.014122155,-0.012158756,-0.004070569,-0.042837004,0.81,0.025841259,0,0.0022,0,-0.007719946
20161117,0.04256,0.007722046,0.009515396,0.002595524,-0.016383247,-0.01645467,-0.048742589,0.81,-0.027338228,0,-0.0014,0,-0.002741077
20161118,0.03509,-0.003853569,-0.011632705,-0.005343299,-0.010260327,-0.007859724,-0.009031704,0.81,-0.038172572,0,-0.0007,0,-0.001841618
20161121,0.0339,0.002020388,0.00373488,0.008620746,0.001124438,0.013865185,-0.011150676,0.81,-0.034035758,0,-0.0001,0,0.007444994
20161122,0.04879,0.023035389,0.000334053,0.004571295,0,0.022506118,0.027150985,0.81,-0.000805496,0,0.0004,0,0.018055406
20161123,-0.0053,-0.002154013,-0.000632587,-0.002749027,-0.006200114,-0.003919003,-0.004972601,0.81,0.001610343,0,-0.0008,0,-0.003703906
20161125,0.01111,-0.00635038,0.007566233,-0.001810139,0,0.011143093,-0.009095598,0.8,-0.007266899,0,0.0002,0,0.001794744
20161128,-0.0686,-0.026560027,-0.021426678,-0.003505694,-0.022814678,-0.006218077,-0.046229979,0.8,0.063575699,0,0.0016,0,-0.027907876
20161129,0.05749,0.01649866,0.003114314,0.003702185,-0.008109718,0.014156935,0.030884388,0.8,-0.019194448,0,0.0005,0,0.016819538
20161201,0.03756,0.021581714,-0.000972956,0.009792303,0.018270456,0.020632936,-0.009877686,0.95,-0.078295263,-0.0029,-0.0005,0,0.013855252
20161202,0.12921,0.057470642,-0.01182865,0.01274215,0.029935363,0.032392377,0.132403065,0.82,-0.102442871,-0.0058,0.0006,0,0.05461785
20161204,-0.02849,0.005773212,-0.005613267,-0.00972322,0.009884759,0.004901664,-0.052901652,0.78,-0.090708227,0,0.0006,0,-0.010881215
20161205,0.0177,-0.015413903,-0.001298318,-0.003124819,-0.000213242,-0.002873697,0.026427145,0.76,-0.019244562,0.0032,0.0014,0,0.003029024
20161207,0.02899,0.05024966,0.002727891,-0.0040727,0.061557893,0.015432321,0.126211339,0.8,0.000738297,0.0029,-0.0007,0,0.040156629
20161208,-0.01163,-0.007248429,-0.005139587,-0.009946476,0.010742984,0.006506985,0.010451428,0.79,-0.01119255,0.0058,-0.0004,0,-0.000894728
20161209,-0.00608,-0.022257129,-0.027031592,-0.019850218,-0.009592851,-0.001148608,-0.038332142,0.73,-0.143540511,0,0.0004,0,-0.017756077
20161210,0.01205,-0.004438259,-0.012104598,-0.005114409,0.004618093,-0.003836117,0.023597132,0.69,0.035181127,0.0261,0.0031,0,0.002110263
20161212,-0.02062,-0.013254116,0.010296568,0.005859051,0.006422859,0.019713901,-0.030871683,0.8,0.073013175,-0.0251,0.0001,0,-0.003207631
20161213,0,0.00874396,0.000810319,0.00320786,0.013425392,0.02051923,0.147765463,0.8,0.006309163,0,0.0012,0,0.027781746
20161214,-0.06454,-0.019270373,-0.004156307,0.001779429,-0.026312629,0.003282556,-0.06620065,0.8,0.036283356,0,0.0024,0,-0.025059711
20161215,-0.04546,0.051719897,0.00314147,-0.002487688,0.032086418,0.008567419,0.061920981,0.8,-0.030795322,0,0.0004,0,0.015641214
20161216,0.1152,-0.01206602,0.019648189,-0.002093701,-0.002095705,0.002164616,0.026103829,0.81,-0.047227677,0,-0.0019,0,0.020980173
20161219,-0.0753,-0.007574546,-0.001806842,-0.010192657,-0.004731455,-0.001697338,-0.046321084,0.81,-0.040992755,0,0.0013,0,-0.021089132
20161220,0.03297,0.015905886,-0.002057441,-0.015160148,0.013954526,0.002158944,0.020217255,0.82,-0.022453468,0,0.0006,0,0.009712717
20161221,0.03714,-0.004238676,0.002607824,0.00512849,-0.002601684,-0.004694114,0.012784311,0.83,-0.015845345,0,-0.001,0,0.00658945
20161222,-0.04256,0.006026568,-0.001965532,-0.006229877,0.000347283,-0.002053831,0.006331384,0.82,0.014097136,0,0.0021,0,-0.005729144
20161223,0.01081,-0.006680269,-0.001206685,-0.007230066,-0.003652496,-0.009315048,-0.005625953,0.85,0.000874445,0,0.003,0,-0.003271502
20161227,0.016,-0.008042719,0.008222174,0.007706856,-0.002617117,0.013630621,-0.00494871,0.9,0.046957001,0,-0.0012,0,0.004278729
20161228,-0.03226,-0.000494519,0.00201965,0.000701334,-0.007364578,-0.000876294,-0.012121372,0.89,0.077022823,0,0.0017,0,-0.007199397
20161229,-0.00548,-0.013278203,0.00802333,0.011744281,-0.007951274,0.015347776,-0.018827528,0.9,0.031917609,0,-0.0016,0,-0.001488803
20161230,0.04302,0.011628038,0.015135207,0.004069495,-0.012855024,0.000766048,-0.000731224,0.9,0.048897013,0,0.0004,0,0.008718934
20170102,0.04763,0.024206173,-0.017720231,-0.002288306,0.028205426,-0.013799707,0.055655827,0.85,-0.015126284,0,0.011,0,0.01741274
20170103,0.04012,0.043654909,-0.006945062,0.018104259,0.032778075,-0.001109357,0.041801752,0.8,-0.029852972,-0.0256,0.0003,0,0.024057797
20170108,0.01951,0.018435094,0.002081136,0.000661689,0.009917905,0.005472837,0.010759219,0.87,-0.016708013,0,-0.0009,0,0.009548269
20170109,-0.01896,0.00686109,-0.003886616,0.018034627,0.010788196,0.017258427,0.012213004,0.92,-0.044408844,-0.0203,-0.0007,0,0.006044104
20170113,-0.03563,0.026242236,-0.002534174,-0.00297406,0.009018445,0.003541601,0.034289043,0.82,-0.02723053,0,0.0008,0,0.004564727
20170117,-0.016,-0.010675966,0.000452453,0.009263105,-0.007870613,-0.001791411,0.034537972,0.82,0.055425471,0,-0.0001,0,0.001130791
20170118,-0.01626,-0.014470107,-0.013557009,-0.003692075,-0.002637364,-0.006538242,-0.003696891,0.82,0.050113127,0,-0.0016,0,-0.008693098
20170119,0.00545,0.001172039,-0.002645096,-0.000848151,-0.004587973,-0.007249208,0.011049851,0.82,0.023754102,0,0.0011,0,0.000334495
20170120,-0.01093,0.005007522,0.005936615,0.000555436,0.009154994,-0.001178505,-0.01476046,0.82,-0.10206217,0,-0.0003,0,-0.000887771
20170123,-0.00551,-0.014760416,0.000895613,0.003503859,-0.006505517,-0.000369621,-0.028277059,0.83,0.019734702,0,0.0009,0,-0.00728902
20170125,0.04279,0.040728501,0.020124477,0.030911946,0.021785823,0.044893871,0.085619482,0.82,-0.023767049,0,0,0,0.040979157
20170126,0.00522,-0.012093996,0.003778196,0.002407125,-0.00592646,-0.033637369,-0.005120346,0.82,-0.016791467,0,-0.0006,0,-0.006481836
20170127,-0.07571,-0.003087174,0.000310368,0.013319331,0.016643935,0.003617048,-0.0530601,0.8,-0.004714784,0,0.002,0,-0.013995227
20170130,-0.05782,-0.019223462,-0.002394631,-0.007307658,-0.015420907,0.00882546,-0.05603393,0.8,0.115890904,0,-0.0014,0,-0.021339304
20170131,-0.0241,-0.018416727,0.00292675,-0.004792065,-0.017437694,0.049492849,-0.040503976,0.82,0.009216626,0,0.0003,0,-0.007547266
20170202,0.03989,-0.006121286,-0.002367035,0.002233115,0.001898352,-0.042584239,-0.016679731,0.84,0.010109596,-0.0186,-0.0065,0,-0.003390118
20170203,0,0.001388166,-0.026743062,-0.001304003,0.007723402,-0.007733429,0.023230719,0.81,-0.059976866,-0.0217,-0.0004,0,-0.000491172
20170205,0.05972,0.015166894,0.010578943,-0.022751359,-0.020625635,0.006155902,0.012637348,0.91,0.046385175,0,0.0026,0,0.008697442
20170208,0.01914,-0.003449572,0.007212151,0.00561042,0.000986402,-0.005861965,-0.011360361,0.87,0.018655385,0.0084,0.0013,0,0.001753868
20170210,-0.06175,0.002926118,0.0012679,0.00287691,0.026995836,-0.001771056,0,1.71,-0.006329179,0.0824,-0.0028,0,-0.004207756
20170211,-0.02299,0.003481423,-0.005504852,0.001052549,0.012660102,0.01092686,0.0180619,1.88,-0.026827193,0.023,-0.0011,0,0.002526855
20170213,0.0119,0.011602094,0.002085971,-0.001590526,0.025944652,-0.011480528,0.001581028,0.81,0.020073604,0,-0.0005,0,0.005720384
20170214,0.03489,0.007601911,-0.004453576,-0.006992902,0.00767054,0.00231253,0.010216199,0.81,-0.030263651,0,0.0009,0,0.007320672
20170215,-0.01729,0.012426869,0.00115827,0.011571673,-0.004995847,-0.011855877,0.010112883,0.82,0.108428474,0,0.0025,0,0.000161139
20170216,0.01156,-0.008208936,-0.001679317,-0.001679317,-0.00602815,0.017932008,-0.022701562,0.82,-0.01769958,0,0.0015,0,-0.001543611
20170217,0.02273,-0.022524673,0.002329619,0.008690258,-0.011996427,-0.006990471,0.021152375,0.83,-0.02322689,0,0.0012,0,0.001912954
20170221,-0.01093,0.002872018,0.00290868,0.023685238,-0.00475706,0.019455873,-0.015014111,0.84,0.006938443,0,-0.0015,0,0.002602948
20170222,-0.04495,0.000179228,0.019615915,0.012360564,-0.019952502,0.013984864,-0.020917899,0.82,0.01458628,0,0.0004,0,-0.005668547
20170223,0.00573,-0.003231021,-0.013425435,0.005422262,0.001041848,0.012694288,0.011317825,0.83,-0.002558614,0,0.0002,0,0.002792824
20170224,-0.03489,-0.017044837,0.008048068,-0.014986524,-0.03209586,-0.00293525,-0.022765211,0.83,-0.020708226,0,0.0003,0,-0.016667088
20170228,0.01177,0.007099329,-0.001836157,-0.014715714,-0.009423774,0.004205166,0.015133702,0.82,0.066397827,0,0.0018,0,0.001747507
20170301,0.02598,0.025682282,-0.014361943,0.00051772,0.026962418,0.007105752,0.001425514,0.87,-0.088566555,-0.0192,-0.003,0,0.010473106
20170302,0.01662,0.014497783,0.006471385,0.003627162,-0.005705903,0.041326022,0,0.83,-0.083891963,0.0336,0.0007,0,0.010976636
20170303,-0.02273,0.028040818,-0.006411825,0.000684709,0.00835805,-0.018190672,0.036367644,0.81,-0.074694381,0.0054,0.0031,0,0.003731246
20170304,0,-0.019571996,0.007541914,0.023375102,-0.005090741,-0.008230989,-0.027360528,0.86,0.000808099,0.0272,-0.0014,0,-0.004191034
20170307,0.01835,0.029377113,-0.006574899,-0.007716167,0.015538603,-0.002305065,0.037808284,0.87,0.003571429,-0.0081,0.0021,0,0.012068267
20170308,0,0.009867026,-0.001031709,0.011612413,0.008415197,-0.006714012,0.069113129,0.87,0.015444308,0.0788,-0.0003,0,0.013037435
20170310,-0.00639,0.000876168,-0.002171623,-0.002814871,-0.007888269,-0.001645876,-0.010039125,1.8,0.006329179,0,0.0005,0,-0.004296228
20170311,-0.00583,-0.006366552,0.012365908,-0.013067741,-0.03126529,0.005358825,-0.022323702,1.87,-0.082900086,0.0275,-0.0007,0,-0.00873265
20170313,0.02299,-0.011053429,0.003778149,-0.008418343,-0.002605865,0.032746794,-0.004907125,0.84,-0.02694639,0,0.0029,0,0.004647169
20170314,-0.04652,-0.021978907,0.003843567,0.003977935,-0.014454917,0.003523672,-0.009887086,0.84,0.0803815,0,-0.0021,0,-0.011642248
20170315,-0.03637,0.004002006,0.003782308,0.005856465,-0.00547492,-0.003044313,0.019677374,0.84,-0.056011302,0,-0.0006,0,-0.001653011
20170316,0,0.009935502,0.006928298,-0.023127066,0.018624354,0.022528206,0.015878829,0.84,-0.036781736,0,0.0033,0,0.007252589
20170317,0.00615,-0.006778566,0.01252382,0.010147967,-0.019623022,-0.015394881,0,0.84,0.006224982,0,-0.0011,0,-0.001853526
20170320,0.00612,-0.010506225,-0.003836103,-0.007684892,-0.003503215,0.000487207,-0.012405397,0.84,0.005305089,0,0.0022,0,-0.004475518
20170321,-0.03096,0.010174385,-0.000621796,0.013783846,-0.005193947,-0.013209072,-0.008356595,0.84,0.094989469,0,-0.0009,0,-0.004911883
20170322,0.00627,0.000497719,-0.00488619,-0.01086881,-0.000504075,-0.018019042,0.01250885,0.84,0.026900368,0,-0.0001,0,-0.002143078
20170323,0,0.013345614,0.005437437,-0.014269439,0.016832328,0.020668455,0.000690369,0.84,0.023911626,0,-0.0004,0,0.006100681
20170324,-0.00627,-0.010529877,0.003866959,0.004293527,0.013786531,0.003942641,-0.006925235,0.84,-0.012270081,0,-0.0009,0,0.000309221
20170327,0.04308,-0.001655355,-0.008462008,-0.000231509,-0.008347704,-0.020777764,-0.011181109,0.84,-0.03613905,0,0.0002,0,-0.001082207
20170328,0.0585,0.025516595,0.0095958,-0.013320421,-0.004447746,0.012971176,0.016725129,0.84,-0.080776333,0,0.0004,0,0.015077219
20170329,0,0.001936109,-0.001904423,-0.007799432,0.010674213,0.008899205,-0.012517549,0.84,-0.0095861,0,0.0001,0,-0.000101697
20170330,0,-0.003875974,0.008833739,0.010077774,0.002773022,-0.008168236,-0.000700035,0.85,0.010453047,0,-0.0004,0,0.001277184
20170331,-0.04652,0.010142565,0.001509207,-0.003867792,-0.005553755,-0.008286859,0.011834458,0.86,0.069454919,0,0.0002,0,-0.005820311
20170401,0.01527,0.014111844,-0.010747146,0.00514485,0.008599984,0.03999286,-0.002853063,0.86,-0.081015941,0.0339,-0.003,0,0.009931333
20170404,-0.00597,-0.008365504,0.013927345,-0.013708356,-0.000988305,-0.003361989,-0.003562526,0.86,-0.048830565,-0.0237,-0.0011,0,-0.003147048
20170405,-0.03653,0.003320257,0.041193918,-0.002462874,0.007160678,0.005725175,0.035046594,0.92,-0.0208144,0.035,0.0004,0,0.00763625
20170408,0.00473,0.013300033,-0.007346489,0.005750806,0.026598412,0.000789752,0.003920475,0.87,-0.040063967,0,0.0005,0,0.006820427
20170410,-0.0129,-0.017819483,0.001710677,0.010699515,-0.010253733,0.001914746,-0.026698547,1.79,0.012539337,0.0217,-0.0018,0,-0.007620975
20170412,-0.03021,0.019069209,0.02280731,-0.008700722,0.015696316,0.011504047,0.004138345,2.21,0.021636499,0.0219,0.0002,0,0.004900644
20170413,-0.03944,-0.013628831,0.015248128,0.004344832,-0.005991031,0.011938631,-0.024522302,0.86,0.011976164,0,0.0012,0,-0.007435796
20170418,-0.01739,-0.01695249,0.000970012,-0.009730564,-0.017851602,-0.009352217,-0.003108006,0.86,-0.016506549,0,-0.003,0,-0.010487838
20170419,0.02312,0.017638361,-0.009530539,-0.012292712,0.013837548,0.009924873,0.058929434,0.86,0.034756495,0,0.0034,0,0.014518138
20170420,-0.01149,0.038831671,-0.008190577,-0.000106458,0.020239576,-0.004765182,0.018175709,0.86,-0.053658035,0,0,0,0.00752782
20170421,-0.0058,0.02201475,0.007072172,0.004282857,0.009154878,0.023481111,-0.017442303,0.87,0.033359626,0,-0.0005,0,0.006109066
20170424,0.03429,0.072470688,0.009705688,0.023492619,0.048906396,0.013458036,0.123954892,0.87,-0.299831213,0,-0.0019,0,0.046611188
20170425,0.03857,0.004340999,0.00088443,-0.006335836,-0.002016599,0.037414493,0.024313418,0.87,-0.007407434,0,-0.0006,0,0.013881558
20170426,0.02667,-0.017326234,-0.016126305,-0.007071209,0.012805853,0.002425362,-0.017214324,0.88,0.008329539,0,0.0014,0,-0.002262408
20170427,0,-0.012386426,-0.012009804,-0.006250387,0.005503759,-0.00400741,-0.039349339,0.89,-0.046212911,0,-0.0009,0,-0.009785658
20170428,0.02598,-0.003236498,-0.011596315,0.011083378,0.000762021,-0.001710284,-0.00066912,0.89,0.043444042,0,0.0016,0,0.00294474
20170501,0.00504,-0.009278582,0.005617314,-0.014361304,0.008526655,-0.003376836,0.003565095,0.84,-0.015306447,0,-0.0003,0,-0.000609665
20170504,0.0119,-0.010098588,0.014259587,0.016149918,-0.008107929,0.009328393,0.0092363,0.86,0.089200132,0.0431,-0.003,0,0.006095383
20170505,0.01386,0.022496293,0.014856052,0.023019572,0.00972455,0.00151719,0.015533086,0.91,0.010461309,-0.0413,0.0007,0,0.014429535
20170507,0.02268,-0.003252035,0.018500577,0.039559296,0.006347396,0.001423805,-0.015178342,0.86,-0.013459205,0,0.0011,0,0.010011528
20170509,0.01942,-0.018963906,0.000334199,-0.001842029,-0.016496673,0.004551901,-0.018155696,0.94,0.188390583,0,-0.0001,0,-0.004450315
20170510,-0.00651,0.018111369,0.004421442,0.003435412,0.016942721,-0.001442998,0.004595068,1.78,-0.046767347,-0.0026,-0.0012,0,0.005650431
20170512,-0.05032,-0.00862277,-0.014324202,-0.010807705,-0.017085012,0.001956555,0.00588237,2.22,-0.030423935,-0.0343,-0.0007,0,-0.013331538
20170515,-0.01342,0.007633054,0.00020645,-0.005044078,0.021590044,0.01498621,0.004106782,0.87,0.001921274,0,0.001,0,0.004294066
20170516,0.02227,0.002085196,0.007041658,0.002430636,-0.001187296,0.003400436,0.001170275,0.87,0.021832813,0,-0.0005,0,0.005315844
20170517,0,-0.031743899,-0.00103974,-0.006059611,0.009753291,-0.015898236,-0.043628072,0.86,0.381069837,0,0.0043,0,-0.012659467
20170518,-0.02227,-0.011585825,-0.00300634,0.005643254,-0.020202707,-0.024114959,0.005482804,0.87,-0.061507007,0,-0.0001,0,-0.010007682
20170519,-0.00451,0.020149878,0.01097333,0.003213866,0.025043911,0.015285803,0.020445691,0.86,-0.196888249,0,-0.0013,0,0.012943211
20170522,-0.01827,-0.003202931,0.025209124,0.003739506,-0.00395924,0.021510752,-0.001191185,0.87,-0.096723107,0,-0.0004,0,0.003405147
20170523,-0.01392,0.010939033,-0.000113144,-0.000367415,-0.00989303,-0.019135089,0.005349196,0.87,-0.01940015,0,-0.0014,0,-0.003877207
20170524,-0.04786,0.009923401,-0.004019458,0.006043202,-0.003418807,0.006189299,0.000592593,0.87,-0.067528039,0,-0.0008,0,-0.004649967
20170526,0.00926,-0.002557354,-0.008126181,0.027697472,0.012135712,-0.022036976,-0.011983367,0.87,-0.018182253,0,0.002,0,0.000627044
20170530,-0.02375,-0.04233029,-0.002977544,0.007099544,-0.022199482,-0.029545722,-0.001261034,0.87,0.056478572,0,0.0017,0,-0.016423504
20170531,-0.01453,-0.012339976,-0.00096278,0.020779523,-0.006788054,-0.00174792,-0.017823514,0.86,0.002885979,0,-0.0007,0,-0.004773246
20170602,-0.03922,-0.018655101,0.026849866,0.018858657,-0.01168584,-0.008188548,-0.071078514,0.84,0.035813999,-0.0062,-0.0044,0,-0.014731354
20170603,-0.03509,-0.010338199,0.007386669,0.005908043,0.001559387,-0.002012252,-0.025317808,0.81,0.025226539,0,-0.0005,0,-0.008272023
20170604,-0.00593,0.010757241,-0.003473321,-0.002427822,0.021693538,0.00309619,0.002119393,0.86,-0.03956212,0,-0.0012,0,0.003690746
20170606,-0.02791,-0.010354533,0.002124161,-0.029874718,-0.006438777,0.006643046,0.007177845,0.84,0.037041284,-0.0136,0.0021,0,-0.008376139
20170607,-0.0181,0.013404407,-0.016055351,-0.010817067,0.019368307,-0.002915507,0.028987537,0.86,0.124684813,-0.011,0.0005,0,0.001981761
20170609,-0.01453,-0.001436897,-0.01236187,-0.008535892,-0.004845385,-0.005696164,0.000590842,0.95,-0.050303936,0.0028,-0.0003,0,-0.006687909
20170610,0.02581,-0.001898781,0.019855451,0.032104363,-0.00374032,-0.014055581,-0.007477746,1.78,0.048841985,0.028,0.0008,0,0.007228198
20170611,-0.01177,-0.012240055,0.009010803,0.010259469,-0.005399805,0.004504774,-0.005506285,1.86,0.028049226,0,-0.001,0,-0.001591586
20170612,0,-0.010287342,-0.000836932,-0.015122911,-0.026187615,-0.005798974,-0.00765385,2.18,-0.027742223,-0.0218,0.0006,0,-0.009412518
20170613,0.03219,-0.000631214,-0.004675894,0.000114452,-0.000764818,0.014236318,0.016159457,0.82,-0.095135671,0,0.0012,0,0.008089757
20170614,-0.00909,-0.015109631,0.017593682,-0.005344449,-0.01169784,0.001758542,-0.021814514,0.82,0.020893473,0,0.0022,0,-0.006243459
20170616,-0.00458,0.003228413,0.02111312,0.002904139,-0.002790699,-0.018487732,-0.005082603,0.82,-0.048881865,0,0.0006,0,-0.000527909
20170619,0.00913,0.016146142,0.001238075,0.005545887,0.021350938,0.007564017,0.003179653,0.83,-0.000963878,0,0.0018,0,0.009164959
20170620,-0.00456,-0.008120417,0.003637614,-0.00065731,-0.01392631,0.001951867,-0.008928631,0.82,0.046169272,0,0.0004,0,-0.004371884
20170621,-0.00917,-0.006576333,-5.05E-05,0.001736792,-0.007890503,0.018110107,0.035245939,0.82,-0.010180528,0,0,0,0.004486493
20170622,-0.04236,-0.003385189,0.00894209,-0.000705997,-0.01407813,0.000776576,-0.019988173,0.83,-0.025437119,0,-0.0045,0,-0.010114118
20170623,0.0331,-0.00696754,0.00607357,-0.003197393,-0.015718352,0.005091208,-0.005060099,0.83,-0.044885494,0,-0.0002,0,0.001903056
20170626,-0.00935,0.001624696,0.005497186,-0.009194355,0.017292412,-0.001880495,0.021951336,0.84,-0.012048423,0,-0.0001,0,0.003705826
20170627,0,0.016901811,0.004119275,0.006343516,0.012193367,-0.001263816,0.005567599,0.84,0.110800315,0,-0.0028,0,0.006265965
20170628,-0.00471,0.026462404,-0.001403325,-0.004453718,0.017557821,-0.008264602,0.039908561,0.86,-0.097754459,0,-0.0028,0,0.009299592
20170629,0.01405,-0.005611862,-0.050132947,-0.014957952,0.01063032,0.00188642,-0.017339747,0.86,0.131535374,0,0.0041,0,-0.008782253
20170630,0.00464,-0.014327569,-0.003005193,-0.007831989,0.012758147,-0.005149409,-0.013969252,0.86,-0.022989454,0,-0.0014,0,-0.003840752
20170702,-0.02312,-0.048831825,0.00558032,0.03042283,0.006993035,0.000875517,0.004901971,0.82,-0.007060923,-0.0003,-0.0037,0,-0.003311165
20170703,0,0.002382169,-1.56E-05,-0.007165154,0.001211178,-0.008399958,0.006571765,0.82,0.018510889,-0.0452,0.0015,0,-0.000773657
20170704,0.05782,0.002466092,-0.003822537,0.0156148,0.009224113,-0.004219246,-0.004243288,0.86,0.038009289,0.0447,-0.001,0,0.010405705
20170706,-0.03358,0.016358659,-0.009062481,-0.004782736,0.011316836,-0.012955732,0.009705673,0.85,-0.005758122,0.0025,0.0013,0,-0.003285683
20170707,-0.00917,0.002751033,-0.002698213,0.011965953,-0.024269571,-0.008354908,0,0.88,-0.113903047,-0.0076,-0.0033,0,-0.004253672
20170708,-0.00473,0.00629255,0.00421977,-0.004042597,0.014447021,0.001184108,0.025387677,0.87,-0.010020067,0,0.0001,0,0.006108361
20170709,-0.00489,-0.001119015,-0.014989365,-0.00064649,-0.012217184,0.000291266,-0.022701094,0.95,-0.006902523,0,0.0006,0,-0.00803884
20170711,-0.07365,-0.003237995,-0.004221752,-0.023100568,0.0051236,0.00275095,-0.004303726,1.86,0.050814532,-0.0181,0.0091,0,-0.01437707
20170712,0.00643,0.004444452,-0.007720518,0.014287507,0.02117228,-0.00905412,0.019315789,2.18,-0.081253418,-0.0105,0,0,0.006982199
20170713,0.0177,0.013994661,0.000831659,-0.000577785,0.009906046,0.009617694,-0.00287109,0.87,-0.039609195,0,0.0008,0,0.006943026
20170714,0,-0.009307979,0.00049486,-0.0064256,-0.002717976,0.009281035,-0.01798714,0.87,-0.040190818,0,-0.0008,0,-0.003808971
20170717,0.00438,-0.00665862,-0.014066169,-0.010352807,0.002717976,-0.002521023,-0.005872007,0.87,0.032077191,0,-0.0001,0,-0.004624664
20170718,-0.01319,-0.016843148,0.007311159,0.0123996,-0.001143511,-0.005335036,-0.017825784,0.87,0.007103089,0,-0.0002,0,-0.004946674
20170719,0,0.001234568,0.005914401,0.007475359,-0.003869031,-0.006491499,0.008952611,0.87,-0.010162728,0,0.0012,0,0.001888058
20170720,0.00442,-0.008518599,-0.001764687,0.016680936,-0.004316553,0.004601716,0.001187649,0.87,-0.021683869,0,0.0002,0,0.00175578
20170721,-0.00885,-0.010161895,-0.00088661,0.002486133,-0.010582109,0.002319031,-0.020384399,0.87,-0.02323233,0,0.0009,0,-0.006579978
20170724,0.00885,0.009228188,0.002658186,-0.00749416,0.010005158,0.006590751,0.014432,0.87,0.007450875,0,-0.0025,0,0.006324303
20170725,-0.00442,0.014528849,-0.004186483,-0.008187604,0.013613451,-0.00176744,0.015990865,0.87,0,0,0.0014,0,0.003653091
20170726,-0.03604,0.011139201,-0.004112331,0.005263803,0.005960001,0.020229823,-0.004121289,0.87,0.017867009,0,-0.0004,0,-0.000240113
20170727,-0.03739,0.001516301,0.003312555,-0.00464815,0.011255043,0.00998907,0,0.87,0.051761861,0,-0.0009,0,-0.00228074
20170728,0.00475,0.001514005,-0.003697028,-0.006311579,-0.006737813,0.004756087,-0.011869576,0.87,0.017647547,0,-0.0002,0,-0.002513701
20170731,-0.03865,-0.008050473,0.001971199,0.000549735,-0.010904307,0.008856425,-0.006588823,0.87,-0.002919684,0,-0.0004,0,-0.007545178
20170802,-0.06649,-0.019256845,0.0032861,0.007893631,0.006771447,0.013905166,0.010539214,0.81,0.014072339,0,0.0002,0,-0.006193041
20170803,0.01183,0.008630225,-0.005535556,0.003255669,0.018672919,0.001004632,-0.002185793,0.82,0.035181651,-0.0053,0.0003,0,0.005096014
20170805,0.00913,-0.015439737,-0.036154779,0.000155445,0.001074691,-0.013347562,-0.013031522,0.89,-0.078703258,0,-0.0002,0,-0.009659066
20170806,0.01453,0.003773589,0.022229,-0.004430042,-0.009933603,0.006090628,0.031688329,0.84,-0.022385411,0.0484,-0.0007,0,0.009135414
20170808,0.01412,0.004947624,0.002277396,0.025277308,-0.001341382,-0.002596826,-0.001090513,0.87,0.098691776,0.0162,0.0004,0,0.005941944
20170809,-0.02985,0.007489478,-0.009370288,-0.023535397,0.008209163,0.000570922,0.010817413,0.95,0.048171518,0.0027,0.0012,0,-0.00509553
20170811,-0.03897,0.001080497,0.016454768,0.004467669,0.008390119,-0.00235019,0.007366516,1.86,-0.011184724,0.0079,-0.0019,0,-0.00050866
20170814,0.01878,0.01510831,0.006150636,-0.001643581,0.020976856,0.000175675,0.018755878,0.88,-0.229449681,0,-0.0001,0,0.011186253
20170816,0.02299,0.000743882,0.002769686,-0.019354824,0.013880522,0.013576326,0.0150883,0.88,-0.025232642,0,0.0024,0,0.007099127
20170817,-0.01835,-0.015587846,-0.000681362,0.017742984,-0.003691807,0.003612304,-0.020734842,0.89,0.281058856,0,0.0008,0,-0.005384367
20170818,-0.02342,-0.003177248,-0.000407032,-0.008553728,-0.019085077,-0.000666142,0.015730661,0.9,-0.08660222,0,0.0005,0,-0.005654081
20170821,0,-0.020051181,0.001045784,-0.001001354,-0.018887101,-5.64E-05,-0.010647341,0.9,-0.077999496,0,-0.0008,0,-0.007085375
20170822,0.04177,0.006779687,0.000237024,0.008400347,0.006806606,-0.008460327,-0.007350895,0.9,-0.150241157,0,-0.0002,0,0.006883206
20170823,-0.00913,-0.01469591,-0.003541775,0.003376264,-0.010798627,0.006910341,-0.018328119,0.9,0.076308159,0,0.0005,0,-0.006601118
20170824,0.00913,0.00342253,0.003868739,0.005047922,0.015873349,0.009768957,0.013777485,0.89,-0.001634025,0,-0.0009,0,0.008698426
20170825,0,-0.002643653,-0.003574192,-0.00156014,0.024720048,0.009199074,0.013590243,0.9,-0.08086069,0,0.0034,0,0.005675911
20170828,-0.00456,-0.004213161,0.000404069,-0.005650398,-0.004123717,0.005559348,-0.001125493,0.9,0.003539823,0,-0.0004,0,-0.001958479
20170829,-0.03721,-0.011322656,-0.0062278,-0.009232303,-0.020877585,-0.001776866,-0.026820438,0.9,0.03301778,0,-0.0009,0,-0.016209664
20170830,-0.00475,-0.001107683,-0.037901849,-0.030929225,0.007984913,-0.011996207,-0.016914956,0.91,-0.041890902,0,-0.0001,0,-0.013659287
20170831,0.01418,0.011804654,-0.025209202,-0.035340461,-0.009533228,0.013986977,0.005280153,0.91,-0.05778775,0,0.001,0,-0.003547301
20170901,-0.01519,-0.021022766,0.00188017,0.000160479,-0.005448677,-0.001033937,-0.052451975,0.82,0.020979854,-0.0026,0,0,-0.013300958
20170902,-0.00627,0.011175283,0.001634178,-0.001778794,0.01050014,0.001604814,0.01361655,0.81,-0.051063461,0,0.0017,0,0.004354596
20170903,0.00587,0.023973181,0.008968115,-0.003151241,0.012145898,-0.031933126,0.008714652,0.82,0.036427913,0,0.0013,0,0.003512497
20170905,0.00905,-0.002696631,-0.003258675,-3.81E-05,-0.002458136,0.007491681,-0.006894418,0.89,0.019260563,0,0,0,0.000170823
20170906,0.02375,0.012321766,0.010954071,-0.026230867,0.025624933,0.01240505,0.006218926,0.83,0.051785297,0,-0.0018,0,0.009291983
20170908,-0.00468,-0.023796658,-0.012502707,-0.009045209,-0.03039002,-0.009751529,-0.018167304,0.87,0.013593288,0,0.001,0,-0.015476204
20170910,0.01266,-0.006453528,0.004682506,0.016543566,0.000802676,0.008160559,-0.001733603,1.79,0.0680944,0,-0.0014,0,0.004951739
20170911,0,-0.003090237,-0.000134866,-0.009587468,-0.002193885,0.005578672,0.014572207,1.87,0.0710358,-0.0026,0.0046,0,0.000734918
20170913,0,0.0084695,-0.001418872,0.004560134,-0.004800119,-0.006142636,0.000564175,0.96,-0.007590162,0,0,0,0.000176026
20170914,-0.06618,0.002106214,-0.011321719,-0.004878205,0.00616736,0.001538678,0,0.97,-0.005730715,0,0.0003,0,-0.01036681
20170915,-0.04302,-0.008300055,0.008262362,0.009329851,-0.013341784,0.000551079,-0.00508907,0.98,-0.026202325,0,-0.0003,0,-0.007372517
20170918,-0.02786,0.003328294,-0.013437912,-0.003801183,0.005247906,0.005736726,0.009591047,1,-0.00196855,0,-0.0006,0,-0.003027875
20170919,0.00563,-0.000604321,-0.009900964,-0.00042222,-0.009688657,0.004737005,0.003363232,1.04,0.002951373,0,0.0003,0,-0.000983704
20170920,0.0277,-0.001815157,-0.007802349,-0.008723141,0.011202662,0.003432608,-0.022638205,1.05,-0.040085584,0,-0.0001,0,0.000193774
20170921,0.03226,0.010092727,-0.002589852,-0.010608144,0.015692483,-0.000642198,0.019836298,1.06,-0.011311139,0,-0.0004,0,0.009148759
20170922,0.01575,0.008655479,0.002560125,-0.007440003,-0.015830025,-0.007791336,-0.000561325,1.09,-0.008307413,0,-0.0001,0,-0.000665298
20170925,-0.08701,-0.014517953,3.11E-05,0.009080943,-0.014687807,-0.004947025,-0.014136509,1.11,0.062646731,0,0.0005,0,-0.018026751
20170926,-0.08908,-0.002717393,0.007880916,0.006646733,-0.001257071,-0.005276314,-0.002280503,1.14,-0.003925418,0,0.0001,0,-0.012297662
20170927,-0.02516,0.019461692,-0.007368182,0.00728893,0.005018831,-0.00880557,0.027028672,1.25,-0.029942376,0,-0.0007,0,0.00249491
20170928,0.10854,0.003256368,0.006892367,0.003358802,0.005961889,0.009704087,0.000555401,1.46,-0.032958667,0,0.0011,0,0.019752702
20170929,-0.04679,0.008534484,-0.011942405,-0.017020211,0.010314332,-0.007163887,0.000555093,1.58,-0.004197274,0,-0.0008,0,-0.009073228
20171001,0.01015,-0.005571958,0.005095806,0.001665271,-0.012887884,0.031231451,0.002241349,0.82,-0.006073828,0,-0.0018,0,0.004560576
20171002,0.04909,-0.017617681,-0.001330121,0.01257279,-0.003258729,0.011002081,0.005553366,0.81,-0.002761137,-0.0025,0.0014,0,0.008001672
20171003,0.00583,0.017448465,0.010365603,0.0036649,0.030385429,0.006696786,0.033419392,0.83,-0.05343511,-0.0175,-0.0018,0,0.015401511
20171004,-0.00563,-0.014888612,-0.014577672,0.00870789,0,-0.01923284,-0.012838978,0.87,0.087723397,-0.0051,-0.0015,-1.25,-0.008351459
20171005,0.01342,0.001798562,0.002627817,-0.007852375,0.003991408,0.037712374,0.011878852,0.88,0.02479056,0.0051,0.0008,0,0.009082377
20171007,0.01373,0.000610314,0.003146553,0.022594501,0.013777485,0.010667455,0.001142205,0.88,-0.007174912,0,-0.0014,0,0.009381216
20171008,0,-0.008659355,-0.008356774,-0.029266776,-0.012111236,0.00662978,-0.020769761,0.87,0.367240087,0,0.0012,0,-0.010362017
20171010,0.03704,-0.008274279,-0.006540434,0.00085052,-0.009269899,-0.004035499,-0.019860466,1.78,-0.024499021,0,0.0033,0,-0.001441437
20171011,-0.00664,0.002164168,0.00314711,2.45E-06,0.008882874,-0.01840485,0.019105059,1.87,0.072542118,0,0,0,0.001179545
20171013,0.04652,-0.008442685,0.006658283,0.002484399,-0.002297454,0.012802122,-0.002933414,1.84,-0.030740146,0,-0.0004,0,0.007827322
20171016,0.00567,0.002268432,-0.001058852,0.002633188,-0.002981032,0.010589035,0,1.83,0.030740146,0,-0.0004,0,0.002445824
20171017,0.00563,0.00120773,0.006082581,0.008251849,0.013612987,-0.040436552,-0.003531493,1.84,0.039570006,0,0,0,-0.001311843
20171018,-0.02273,0.01720183,-0.007160231,-0.015705779,0.010520105,-0.010045421,0.002943776,1.84,-0.023553662,0,0.0009,0,-0.00356796
20171019,-0.04707,-0.001632653,-0.003684906,-0.010676717,-0.005046491,-0.004946598,-0.016000341,1.84,-0.001988023,0,0.0023,0,-0.012722529
20171020,0.01198,0.01078536,-0.024609623,-0.029059317,0.011516442,-0.000104347,0.028270434,1.84,-0.007992043,0,0.0008,0,0.001254136
20171023,-0.05506,-0.002206695,-0.003916411,-0.007954919,-0.006469951,0.008416678,-0.005824128,1.85,0.104658108,0,-0.0011,0,-0.010430775
20171024,0,0.00264745,-0.003604137,-0.007076286,-0.006512084,-0.028952494,0.019092278,1.85,0.008097224,0,0.0004,0,-0.003486468
20171025,0.02485,-0.008852227,-0.000130382,-0.004634901,0.006379607,0.025848938,0.00457405,1.88,0.006252785,0,0.0001,0,0.006862155
20171027,0,0.002631196,-0.000393395,-0.000393395,-0.002254792,0.009057177,-0.034295718,1.88,-0.142420337,0,0.0005,0,-0.003664132
20171030,-0.00601,0.005532115,-0.002990538,-0.017993268,-0.013367396,0.004752357,-0.01189782,1.87,0.068992852,0,-0.0003,0,-0.005996364
20171031,0.02968,-0.027076404,0.01547323,0.012995634,-0.00715784,0.007553624,-0.016898411,1.87,-0.030950216,0,0.0006,0,0.002081405
20171101,0.01005,-0.003786948,-0.011511014,-0.00799938,-0.003638573,0.003464695,-0.020355015,0.82,-0.020220429,0.0024,-0.0003,0,-0.004825176
20171104,0.00563,-0.0102187,-0.003566985,0.003279331,-0.022150743,-0.025811968,-0.030614636,0.86,0.070083583,0,0.0001,0,-0.011921957
20171105,0.01762,-0.005555987,-0.000401184,0.010274013,0.001683889,-0.011270221,0.036012436,0.87,0.037486401,0,-0.0013,0,0.006908992
20171107,0.00905,-0.004586463,0.02738118,0.003503307,0.000997222,0.004895488,-0.018433702,0.87,-0.020000604,-0.0024,0.0002,0,0.003258147
20171108,-0.00943,-0.01510831,-0.007083955,0.002146012,-0.009004,-0.016142238,-0.011409137,0.89,-0.033600668,0.0048,-0.0003,0,-0.00943309
20171109,0.02,0.020583648,0.043910217,0.025566866,0.01537178,0.000185087,0.026542402,0.97,-0.121813457,0.0095,-0.0012,0,0.021737143
20171110,-0.0122,-0.000445203,0.0003038,-0.003942497,0.006591804,0.00072624,0.020438668,1.78,-0.023081761,0.0118,-0.0002,0,0.001638973
20171112,-0.02359,-0.008957589,-0.030186608,-0.019108045,-0.004619592,-0.005001603,-0.020816504,2.15,-0.025371315,0,0,0,-0.016039992
20171113,-0.04082,-0.008217738,-0.004488308,-0.00371058,0.018334296,0.015151095,0.001182033,1.89,0.018429661,0,0.0014,0,-0.003224172
20171114,0.02062,-0.012218197,0.018827916,0.029692674,-0.013583693,-0.004758713,-0.017878903,1.92,0.007795635,0,-0.0017,0,0.002957298
20171115,0.00678,0.005971105,-0.011299105,-0.022148998,0.010908465,0.000869638,0.007786802,2.06,0.124757027,0,-0.0012,0,-0.000161728
20171116,-0.09937,-0.000626861,0.012453302,-7.92E-06,-0.009284868,0.001067736,-0.002389487,2.09,-0.110195735,0,0,0,-0.014022585
20171117,0.02941,-0.010083589,0.003468448,0.007427883,-0.023527279,0.00105045,-0.005998818,2.18,-0.028462457,0,-0.0003,0,0.000249585
20171120,0.01439,-0.004761914,0.014361869,0.01609096,-0.001246451,0.000628328,0.003603608,2.18,-0.070681648,0,0.0023,0,0.006152343
20171121,0.06899,-0.001114384,0.000664392,-0.003943918,0.003182293,-0.003679929,-0.007824295,2.16,-0.090346007,0,-0.0006,0,0.008039166
20171122,-0.0339,0.002704209,-0.022618734,0.003462794,-0.003875437,0.004851354,0.010817413,2.14,0.015298674,0,0.0012,0,-0.005508343
20171124,-0.00692,0.010583781,0.006016467,0.009894012,0.024546999,0.007018747,0.014727807,2.19,-0.021484206,0,-0.0028,0,0.009409688
20171127,0.02062,-0.007571014,-0.006210921,-0.00233651,-0.017491564,-0.019460725,-0.011764842,2.19,0.020471524,0,0.0001,0,-0.006316511
20171128,0.05299,0.004423388,0.002737127,0.011170578,0.000826788,0.021554573,0.008836582,2.2,0.016080734,0,0.0004,0,0.014648434
20171129,0.03175,0.013309521,0.000667542,-0.007783833,0.006452964,-0.004915348,-0.000586682,2.2,0.064663148,0,0.0006,0,0.005556309
20171201,0,-0.001155402,-0.017055563,-0.025660971,-0.00365186,-0.004091062,-0.01767238,0.81,0.024562615,0,-0.0006,0,-0.009898177
20171204,0.01671,-0.004894938,-0.015677027,-0.004592952,-0.007438666,0.011419814,-0.022456033,0.85,0.045403438,-0.024,0.0011,0,-0.003847115
20171205,-0.01762,0.002256149,-0.002690076,-0.004894131,0.009135265,-0.008079795,0.019591009,0.87,-0.019048268,0,-0.0001,0,-0.000328797
20171206,0.00468,-0.01751413,0.002802429,-0.003771965,-0.021180822,-0.019273352,-0.0105953,0.82,0.068618991,-0.0336,0.0001,0,-0.009264734
20171207,0.00897,0.011123924,0.007177144,-0.001922881,-0.013186374,0.003809559,0.013857035,0.88,-0.055701055,-0.0139,-0.0017,0,0.004261201
20171209,0.00494,0.023667925,0.003858769,-0.014026857,0.031832558,-0.002883877,0.030948029,0.95,-0.014078095,0.0279,0.0007,0,0.011190935
20171210,0.03021,-0.011345099,-0.003758051,-0.000603475,-0.006726784,-0.010044497,-0.013383965,1.82,0.006072839,0,0.0005,0,-0.002235982
20171212,0.01805,0.005723583,0.008982384,0.008131752,0.004619592,-0.004230231,-0.010285805,2.15,0.06024666,-0.0092,-0.0007,0,0.004427325
20171213,0.03337,-0.007276137,-0.004304446,-0.008242331,-0.016901811,0.008862277,-0.047642058,2.12,0.025872112,0,0.0008,0,-0.006019215
20171214,0.06581,-0.013609909,0.003466074,0.000286421,0,-0.010513929,-0.0084695,2.13,0.029997359,0,-0.0003,0,0.005281308
20171215,-0.0056,-0.009018335,-0.007135696,-0.006335967,-0.005126756,-0.00016032,-0.019013146,2.11,-0.107587304,0,-0.0006,0,-0.007484317
20171218,0.00895,0.006968669,0.009183007,0.014722451,0.023842563,0.019639217,0.017188882,2.1,0.011609593,0,-0.003,0,0.014356398
20171219,0.00222,-0.004746093,0.016614611,0.027316954,0.021515104,0.010984663,0.00606798,2.11,0.051135886,0,0.0009,0,0.011424746
20171220,0,-0.003653988,0.004945737,0.012445401,-0.017063851,0.00351407,-0.029468062,2.11,-0.031394929,0,0.0013,0,-0.004182956
20171221,0,0.007294672,0.007067893,-0.006761567,0.015561837,0.004259354,0.008067062,2.12,-0.010341393,0,0.002,0,0.005069893
20171222,0.02686,-0.005386578,-0.002554856,-0.007888157,-0.001367428,-0.010844599,-0.016199731,2.09,0.028690466,0,0.0011,0,-0.00248305
20171227,0.01663,-0.003660384,-0.01291991,-0.0182983,-0.009762883,0.005308458,-0.006933529,2.1,0.021236345,0,0.0021,0,-0.004233793
20171228,-0.04906,-0.001915098,-0.004436328,-0.008350179,0.00110482,0.020553595,0.002526849,2.08,-0.028089009,0,0.0013,0,-0.005653763
20171229,-0.00168,-0.005606743,0.006014158,0.000582139,-0.003318128,-0.032852304,-0.01718146,2.05,0.081099996,0,0.002,0,-0.007720334
20180102,0.06371,0.000450349,-0.026605621,-0.010048212,0.002710363,-0.000123947,0.001351504,1.97,-0.005183254,0,0.0001,0,0.004492062
20180103,-0.01283,-0.010147689,-0.003226648,-0.006506642,-0.005743017,-0.006474618,0.000573033,2.09,0.123977029,0.0002,0.0004,0,-0.006336512
20180108,0.00694,-0.004681319,0.013887303,-0.00114487,0.004858309,-0.006747719,-0.020251158,3.47,0.024635557,0.0072,-0.0007,0,-0.001019922
20180110,0.00724,-0.013753798,-0.004893987,0.010912748,-0.00729316,0.000372511,-0.023728869,3.17,-0.009950321,-0.0048,0.002,0,-0.004449222
20180116,0.01005,-0.007730082,-0.014324562,-0.010610477,0.003565066,0.000142255,-0.020214376,1.98,0.137705741,0,0.0039,0,-0.005588882
20180117,-0.02532,-0.009446056,0.003533296,0.01079315,-0.005863624,0.001268326,0.009869456,1.97,0.021214203,0,-0.0018,0,-0.002166493
20180118,-0.00514,0.00375912,0.00720991,0.007070275,0.005100751,0.005644692,0.011487777,1.98,0.025695605,0,0.0012,0,0.005018932
20180119,0.02243,0.004791146,-0.001679923,-0.003837478,0.009620327,-0.002652675,-0.00630194,1.99,-0.080929607,0,0.0017,0,0.003195637
20180122,0.00553,0.008921992,0.012043628,0.035049559,0.017482963,0.001283079,0.022728251,1.98,-0.02152556,0,0.0012,0,0.014719925
20180123,0.02231,0.000444017,0.001328002,-0.012690579,0.009118979,2.70E-05,-0.007330171,1.97,0.006326334,0,0.0001,0,0.001886755
20180125,-0.00197,0.012132121,-0.008889661,-0.010144052,0.000979672,0.008984013,0.021806847,1.98,0.009544511,0,0.0021,0,0.003271277
20180126,-0.01442,0.004109193,-0.000637004,0.014950934,0.000244768,-0.014430783,-0.00721624,1.97,-0.044137791,0,-0.0022,0,-0.00248559
20180129,-0.00251,0.001024665,-0.002266009,0.002103991,-0.001469508,0.007099434,-0.004466786,1.97,0.222421287,0,-0.0021,0,-6.92E-05
20180130,-0.04623,-0.016521987,-0.014137334,-0.001534292,-0.006146301,-0.03692588,-0.010576156,1.97,0.066388313,0,-0.0005,0,-0.018867421
20180131,0.03055,-0.009414999,-0.000679186,0.009792078,-0.00049334,0.03606666,0.003612965,1.97,-0.088303009,0,0.0002,0,0.009919168
20180202,0.00477,-0.009500185,0.00781872,-0.013097578,-0.011881328,-0.005316793,-0.01131874,1.97,0.250819328,0.0115,-0.0017,0,-0.005503701
20180203,-0.01877,-0.028687601,-0.011661762,-0.012531128,-0.005293564,0.010778263,-0.022829661,2.09,-0.137161816,0,0.0002,0,-0.012713636
20180205,-0.0231,0.0057664,0.012339875,-0.016622792,-0.013140142,-0.007171556,-0.001336154,2.47,0.030517339,0.0068,-0.0017,0,-0.006180624
20180207,-0.00786,-0.004711212,-0.019741581,-0.012304213,-0.011251877,-0.006306452,-0.003644012,3.24,-0.030927032,-0.0045,-0.0004,0,-0.009402764
20180208,-0.02368,-0.014359967,-0.03398351,0.010561314,-0.012462909,-0.033684868,-0.043601763,3.47,-0.075805821,0.0023,0.0003,0.5,-0.021601672
20180210,-0.02269,-0.000192363,0.006597163,0.018185022,0.001687764,-0.015397489,-0.018656365,3.15,0.004158026,0,0.0007,0,-0.004352324
20180211,0.01202,0.007538265,0.011516116,0.003068497,-0.008088177,0.026571409,0.031683091,3.29,0.008751668,0,-0.001,0,0.012044172
20180213,0,-0.005855837,-0.001021231,0.00986023,-0.009265122,0.010418836,-0.034450766,2.06,-0.025307847,0,0.0011,0,-0.004330556
20180214,-0.00511,0.009164229,-2.89E-05,-0.004367276,-0.003780723,0.020243523,0.027812952,2.06,-0.259644659,0,0,0,0.006276262
20180215,0.01173,0.005020406,-0.006591118,0.010128198,-0.002781643,-0.007139124,-0.009641089,2.07,-0.006772679,0,0.0006,0,0.000103661
20180216,-0.00152,0.011668744,0.015407793,0.007132599,-0.015053225,-0.001213375,0.015269199,2.07,0.01710329,0,-0.0006,0,0.004527391
20180220,0,0.007248085,-0.001218845,0.006618356,0,-0.010981736,0.003878184,2.09,0.056930065,0,-0.0002,0,0.000792006
20180221,-0.00509,-0.001999539,-0.01018665,1.00E-04,0.025427253,-0.034430843,-0.002279463,2.09,-0.028559298,0,-0.0001,0,-0.004065607
20180222,0.0202,0.002306806,0.011151351,0.000864707,-0.01594365,0.017831522,-0.019937278,2.09,-0.067139362,0,-0.0009,0,0.002353351
20180223,0,-0.003231021,0.012348718,0.002837032,-0.013871273,0.00185832,0.003021853,2.09,-0.126838312,0,-0.0007,0,0.000423376
20180226,-0.01056,-0.000308261,0.008935123,0.009385644,-0.003887526,-0.009528101,-0.002440017,2.09,-0.042744171,0,0.0012,0,-0.001200448
20180227,-0.00202,0.009970172,-0.003744937,0.017773866,0.020815347,0.009943077,0.014436931,2.09,0.162613858,0,0.001,0,0.009596351
20180228,-0.00711,-0.002292002,0.005468009,0.007314311,0.063791167,-0.025190242,0.000229305,2.09,0.065580216,0,-0.0014,0,0.006030078
20180301,-0.00974,0.008819106,0.016428755,0.029613367,0.001658375,0.027955113,0.005079376,2.05,-0.065562675,0.0023,-0.0036,0,0.011402013
20180304,0.00863,-0.008009387,0.001383435,-0.001834247,-0.013075307,-0.018775856,0.001294194,2.09,-0.112820788,0,-0.0001,0,-0.004341024
20180307,0,0.004711212,-0.011517912,-0.020320988,-0.021733769,-0.002530369,0.029468827,3.27,0.034029686,0,-0.001,0,-0.003131857
20180308,0.0076,-0.003668383,0.015265231,0.004870325,-0.002456668,-0.014655612,0.011740177,3.47,-0.046168437,0.0067,-0.0006,0,0.002670724
20180310,-0.03334,0.003073379,0.004851176,-0.010044153,0.004766587,0.000710272,0.007216774,3.16,-0.03719791,0,-0.0004,0,-0.003252281
20180312,0.09167,0.010535852,0.0166668,0.027439843,0.008002329,0.015310589,0.029765132,3.11,-0.094535666,-0.0067,-0.0014,0,0.028484364
20180313,-0.0176,-0.00478241,0.005140575,0.010238117,-0.013780213,0.010365061,-0.004148154,2.05,0.035484622,0,0.0016,0,-0.002081003
20180314,-0.01845,-0.015296973,0.001426333,0.001426333,-0.007684956,0.022390594,-0.013752085,2.03,0.052424103,0,-0.0014,0,-0.004277251
20180315,-0.00801,0.002916399,0.0177299,0.026151219,0.00264837,0.024361013,0.023326061,2.03,-0.037851911,0,0.001,0,0.012731852
20180316,0.00801,0.010301073,0.034706996,0.035205228,-0.006755152,-0.00600843,0.0125082,2.03,-0.048790161,0,0.0008,0,0.012566845
20180319,-0.01663,-0.0115962,-0.012086655,-0.006584853,0.011791738,-0.008558714,-0.003491217,2.03,0.185481129,0,-0.0008,0,-0.006736557
20180320,-0.01856,-0.002108166,-0.010571386,-0.011357258,0.012835926,0.000783715,0.004652253,2.03,-0.044069445,0,0,0,-0.003474988
20180321,-0.0083,-0.006024605,0.012805553,0.00349996,-0.006159697,0.007735918,-0.011436698,2.03,-0.018858026,0,0.0005,0,-0.001125653
20180322,-0.04546,-0.018461048,-0.026224124,-0.024646412,-0.027220758,-0.015692803,-0.01513747,2.05,0.267605024,0,0,0,-0.024691802
20180323,0.01271,-0.014579228,0.000882586,0.000882586,-0.008583744,-0.013672601,0.006650856,2.05,0.063493658,0,-0.0012,0,-0.002244221
20180326,0.0182,-0.006095515,0.007462271,0.019335488,0.006628231,-0.015325688,-0.02395898,2.05,-0.167712269,0,-0.0021,0,0.000892258
20180327,0.00056,0.010978913,0.001209948,-0.011544146,0.006098324,0.01930701,0.007007398,2.06,0.067565287,0,0,0,0.004802492
20180328,-0.01418,0.008197453,-0.010694082,0.007592119,0.002671526,-0.004724315,0.012799983,2.06,0.016310736,0,0.0001,0,0.000237526
20180329,-0.01149,0.002496049,-0.004157697,0.000422561,-0.010484065,-0.005638139,0.009581903,2.08,-0.135594932,0,0.0012,0,-0.00275277
20180401,0.01617,0.017878809,-0.002115539,-0.004416982,0.049828538,0.023921204,0.033627079,2.03,0.007621229,0,0.002,0,0.019270444
20180404,0.04098,-0.004197102,-0.007233532,-0.004433657,0.001736758,0.022345426,-0.004477971,2.1,-0.050545303,-0.0023,0.0006,0,0.00638856
20180405,0.00583,-0.011580997,0.032943778,0.035156955,-0.048602916,-0.006208309,0.005656124,2.54,-0.073720958,-0.0046,-0.0018,0,0.001884948
20180406,0.00919,0.003704394,0.024684227,-0.020453546,-0.007863,-0.009393834,-0.008339648,2.85,-0.054975695,0.0116,-0.0018,0,-0.001210201
20180409,-0.06528,0.004333274,-0.006481328,0.006962013,0.00345722,-0.013360457,0.039860918,3.21,0.023060222,0,-0.0006,0,-0.004358337
20180410,0.0735,0.003063963,0.001553553,-0.001370425,0.027315811,-0.005641964,0.006371477,3.13,0.202782677,-0.0202,0.0014,0,0.014970345
20180412,-0.02214,-0.022209357,-0.001201603,0.004927078,-0.020708246,-0.003244451,-0.020324503,3.09,0.23234677,-0.0023,0.0012,0,-0.012128726
20180413,0.01704,0.003586571,0.006946,0.000473486,-0.013123873,-0.004818945,-0.002554873,2.07,-0.060185288,0,-0.0002,0,0.001078338
20180416,0.072,0.001463534,0.007646925,0.00378343,0.009920716,-0.00139096,0.003829866,2.13,-0.050054628,0,-0.0039,0,0.013893359
20180417,0.03782,0.006317345,0.010957531,-0.000544193,-0.008177471,-0.028575642,0.021203018,2.13,-0.082410614,0,0.0006,0,0.005571513
20180418,0.02793,0.004993165,-0.003109885,-0.001838429,0.001740212,0.011040882,0.00723167,2.13,0.022691436,0,0.0018,0,0.006855374
20180419,0.01039,0.005607641,-0.003580022,0.000859853,0.012097419,-0.005482941,0.005837466,2.12,0.022814656,0,0.001,0,0.003675631
20180420,0.00562,0.009856996,-0.005146421,0.003742275,-0.005413399,-0.001498044,0.006248626,2.13,0.056043845,0,0,0,0.001915719
20180423,-0.01602,0.010856845,-0.005159346,0.009354255,0.0095765,-0.003763726,0.009300333,2.22,-0.032513341,0,0.0001,0,0.002020694
20180424,-0.00763,0.001563722,0.002689477,0.005126052,0.001953126,-0.027686431,0.003520356,2.28,0.097866179,0,-0.0012,0,-0.002923385
20180425,-0.02421,-0.007843177,0.002626259,0.019756747,-0.015980672,0.013769164,-0.008381169,2.42,-0.010039142,0,-0.0014,0,-0.002894693
20180426,0.00976,-0.004102894,-0.00791637,-0.023038897,0.004697746,0.005114866,0.006292453,2.46,-0.093965815,0,0.0026,0,-0.001313299
20180427,0.05937,0.005204649,-0.005693279,-0.032681206,0.011526798,-0.001474643,-0.015191288,2.45,-0.052460681,0,0.0006,0,0.003008719
20180430,0.00183,0.006428874,-0.025952113,-0.013187743,-0.010047873,0.004128261,0.004125556,2.45,0.033187504,0,-0.0002,0,-0.004667863
20180501,0.01592,0.001879994,0.012493931,-0.00435759,-0.001314579,-0.000110656,-0.004910998,2.01,0,0.0177,-0.0002,0,0.002800015
20180502,-0.0339,-0.009438341,-0.013914432,-0.007253991,-0.000498132,-0.018716449,-0.021283518,1.97,0.768245029,-0.0152,-0.0015,0,-0.015000695
20180503,-0.02667,-0.013126489,0.012099991,0.012969357,0.015559859,-0.015581532,-0.034948992,2.08,-0.044892748,0.0132,-0.0007,0,-0.007099687
20180504,0.0282,0.027544466,0.014723812,0.019144529,0.021822614,0.00872909,0.02392319,2.1,-0.05745164,-0.0022,0,0,0.020583957
20180506,0.00608,-0.018095821,0.004387193,0.024573375,-0.01964476,0.004445886,-0.036204947,2.85,-0.02705019,0.0086,-0.0013,0,-0.004922725
20180507,0.01165,0.017326936,0.0172876,0.002002738,-0.005406188,0.025951073,0.003137578,3.39,-0.075252409,-0.0149,0,0,0.010278534
20180509,-0.03395,0.004510254,-0.005587768,-0.005569696,0.019368307,-0.003640846,0.017537621,3.18,0.055426081,-0.0063,0.0014,0,-0.001047447
20180510,-0.03282,-0.008641436,-0.022289484,0.008255027,-0.014806961,-0.001077973,-0.014715557,3.13,0.041328156,0.0021,0.0001,0,-0.012299483
20180511,-0.008,-0.002900888,-0.000622379,-0.000622379,-0.005053352,0.007715483,-0.018129452,3.26,0.022803059,-0.0042,0.0004,0,-0.00394471
20180514,-0.03189,0.001750896,-0.010462968,-0.003437302,-0.003872472,0.001123226,-0.008284866,2.75,0.021893031,0,-0.0023,0,-0.007867641
20180515,-0.00557,0.004917913,-0.017055299,-0.020186438,0.004130104,-0.029698746,0.002806625,2.74,0.123524006,0,0.0024,0,-0.00866512
20180516,-0.02737,-0.014666292,-0.010966448,-0.015143781,-0.019509007,0.005426623,-0.048347437,2.74,-0.086328086,0,-0.0007,0,-0.018653763
20180517,-0.02226,-0.001446364,-0.007728929,-0.018512769,-0.001840411,-0.013291906,-0.018765396,2.74,0.000744896,0,0.0003,0,-0.011977968
20180518,-0.02176,-0.009696262,-0.011790094,-0.018367543,-0.004219416,-0.005590778,-0.028085245,2.74,-0.000744896,0,0.0002,0,-0.01421562
20180522,0.00451,0.017212683,0.018856497,0.024414911,0,-0.009867039,0.024018622,2.75,0.010646514,0,0.0008,0,0.011306525
20180523,-0.02276,-0.014619909,-0.023758777,-0.01204134,0.004219416,-0.02744546,-0.02254641,2.77,-0.049622609,0,-0.0004,0,-0.016993211
20180524,-0.03381,-0.008940968,-0.011610111,0.005466835,-0.019934215,-0.000699494,-0.018310545,2.79,-0.003982498,0,0.0008,0,-0.012548357
20180525,-0.04879,-0.011496267,0.015728002,0.002428541,-0.012697726,0.005289857,-0.039995142,2.79,0.053605107,0,-0.0003,0,-0.012790391
20180529,0,-0.045606059,-0.020417676,-0.003481166,-0.05887319,-0.009688188,-0.057715008,2.82,0.252658295,0,0.0012,0,-0.027968755
20180530,0.03815,-0.053484844,-0.039464708,-0.037544513,0.020385757,-0.002213802,0.01421488,2.82,-0.130346998,0,0.0015,0,-0.008565319
20180602,-0.00296,-0.033121274,-0.021348429,-0.02673565,-0.016579129,-0.022008289,-0.01169604,1.97,-0.21899889,0,0.0028,0,-0.019206973
20180603,0.02351,0.006104437,0.007472546,0.00709331,-0.004761914,0.013829108,0.023987718,2.08,-0.019952074,0,0.0011,0,0.011033601
20180606,-0.0076,0.010673259,0.011450337,-0.005232017,0.016538729,0.003510263,0.009069072,2.87,-0.06324897,-0.0012,0.0009,0,0.005487092
20180607,0,-0.005185197,0.004696588,-0.002136355,-0.005435573,-0.008248501,0.000272368,3.39,-0.113034834,0.0021,0,0,-0.002290953
20180608,0,-0.007192285,0.016697742,0.001470804,0.012763242,-0.024733672,-0.001112193,3.4,-0.032303103,0,0.0051,0,-0.000300909
20180609,0.00645,-0.002350638,-0.002219841,0.001331093,-0.022536969,-0.000198476,-0.010791198,3.15,0.051832314,0.0255,0.0008,0,-0.004330861
20180611,0.03473,-0.000861141,0.004323,0.006198041,0.006732143,0.023165584,0.00602256,3.25,-0.002508115,-0.0248,0.0002,0,0.011472884
20180612,-0.03008,-0.038382741,-0.006257924,-0.005332076,-0.03471324,-0.021020826,-0.057330398,3.08,0.021465206,-0.0041,-0.0006,0,-0.027588172
20180613,0.01892,-0.002748009,0.000616892,-0.002919614,-0.010119053,0.017007978,0.014116592,2.9,0.047477226,0,0.0009,0,0.004982112
20180614,0.0435,0.006035684,-0.014887488,-0.018426076,-0.002476952,-0.029272785,-0.012048339,2.9,-0.065466285,0,-0.0001,0,-0.003939422
20180615,-0.06351,-0.012846571,0.022698884,0.000226028,-0.003035741,-0.059386635,-0.014708188,2.9,-0.011618417,0,-0.0002,0,-0.018651746
20180618,0.04279,-0.003515592,-0.017420861,-0.009358477,-0.019819211,-0.013379923,0.003349152,2.92,0.02717342,0,0.0009,0,-0.002479273
20180619,0,-0.003714025,-0.019932249,-0.021391994,-0.010486138,0.044090717,0.007633095,2.93,0.081104439,0,0.0004,0,-0.000542942
20180620,0.00105,-0.000930665,0.004313253,0.008262618,0.004548046,0.004818206,0.027275658,2.93,-0.042852801,0,0.0003,0,0.007048159
20180621,0.02479,-0.009354605,0.001731252,0.002328717,-0.005688297,-0.037820923,-0.032960249,2.95,0.135093919,0,-0.0003,0,-0.008139158
20180622,0.0202,0.01344307,0.006489816,-0.000205229,0.002848193,0.032123142,0.010649433,3.09,-0.061265186,0,-0.0018,0,0.012221204
20180625,0.02956,-0.019665396,-0.014969608,-0.005461798,-0.004846766,-0.018286353,-0.019447758,3.13,0.229946753,0,0.0012,0,-0.00758824
20180626,-0.03457,-0.002461889,-0.005849649,0.001884341,-0.003722266,0.009462608,-0.009017956,3.14,-0.084862914,0,-0.0018,0,-0.006324973
20180627,-0.0203,0.002083531,-0.012990569,0.001083158,0.00657615,-0.003274281,-0.018139468,3.15,0.117783022,0,-0.0014,0,-0.006423068
20180628,-0.03125,-0.002652521,0.014231273,0.015555539,0.01863408,-0.00472869,0.014168394,3.16,-0.061008528,0,0.0016,0,0.003422582
20180629,0.01314,0.009065218,0.015984067,0.007441752,0,-0.005490267,0.015650654,3.15,-0.046152709,0,0.001,0,0.007970203
20180702,0.00493,0.02034499,0.008582605,-0.007407866,0.040457186,-0.003324453,0.02727178,1.99,-0.078015634,-0.0084,0.0011,0,0.012979177
20180703,-0.00742,0.000800448,0.002831509,0.00852953,-0.001672041,-0.016040186,0.016572043,2.08,-0.033225668,0.0026,-0.0085,0,0.000514472
20180705,-0.00778,-0.004798474,0.014606748,-0.001255038,0.017152188,0.005008344,0.009207341,2.54,-0.001355045,0.0047,-0.0007,0,0.004591587
20180706,-0.02787,0.007792247,0.000215869,0.006511755,0.028712774,0.002085132,-0.016498739,2.87,0.041234261,-0.0125,0,0,0.000135577
20180708,-0.00542,0.00939493,0.00917835,-0.000814595,0.009934301,0.021817388,0.028387234,3.36,-0.030633039,0,0.0008,0,0.010353944
20180709,-0.00215,-0.010646788,-0.001353455,0.002195006,0.014607162,-0.008136351,-0.011217943,3.12,0.015577728,-0.0394,0,0,-0.002386053
20180711,0.03131,0.006761496,0.016626972,0.00452239,0.012501899,0.017722183,0.012615237,3.2,-0.196382742,-0.0046,-0.0001,0,0.014580025
20180712,-0.02944,-0.004557456,0.007876803,0.000163563,0.004254033,-0.001641185,-0.004563301,3.08,0.09191513,-0.0299,-0.0022,0,-0.003986792
20180713,0.01126,-0.000381752,-0.010670001,0.009633077,0.010689109,-0.006799289,-0.003355239,3.35,-0.032312958,0,-0.0015,0,0.001482272
20180716,0.00305,0.002859596,0.006702868,0.009209543,0.007728677,0.002860359,0.00237779,3.35,0.051990885,0,0.001,0,0.004969833
20180717,-0.00509,-0.007452026,0.022363351,0.003383179,-0.02161779,-0.01199803,0.004877719,3.35,-0.061891947,0,-0.0012,0,-0.002219085
20180718,0.01116,-0.001343441,-0.005348374,-0.0008874,0.009569451,-0.011709256,-0.015128458,3.37,0.003311258,0,0.0008,0,-0.001955354
20180719,-0.00759,-0.004812792,-0.001146714,-0.003679445,-0.004628299,0.031375883,-0.016077745,3.36,0.061693529,0,-0.0003,0,-0.000937016
20180720,-0.0378,-0.002318394,-0.015042959,-0.004045497,0.010670613,-0.016020216,0.001146789,3.39,-0.000777321,0,0,0,-0.009058523
20180723,-0.00742,0.008090971,0.016317067,0.009343762,0.004008021,0.031259087,0.004003437,3.41,-0.018838844,0,-0.0014,0,0.009371764
20180724,-0.01662,0.026693492,0.013883157,0.001479492,0.02650282,0.027226751,0.034914167,3.42,-0.016780261,0,-0.0034,0,0.016297126
20180725,0.01342,-0.006747917,0.020782963,0.001762639,0.012168292,0.012068669,0.00055104,3.43,-0.009716666,0,-0.0019,0,0.007715098
20180726,0.00479,0.012522358,0.025257305,0.006694092,0.003293087,0.02276226,0.014493007,3.46,-0.012280107,0,0.0034,0,0.012830301
20180727,-0.03072,0.017673509,0.012430826,0.000625884,0.003282279,-0.020531492,0.012410789,3.45,0.070748557,0,-0.0027,0,-0.000689744
20180730,0.02166,0.005459522,-0.016971531,0.00983714,-0.004653081,-0.013153522,0.005748295,3.47,0.09020406,0,0.0002,0,0.001132403
20180731,0,0.010291686,-0.026664576,-0.009275034,0.013894788,0.021874215,0.010607365,3.47,-0.105672258,0,-0.0007,0,0.002961206
20180801,0.00525,0.009502369,0.011050227,-0.00172093,0.003676475,0.001998915,0.007357483,2,0.03201983,-0.0062,0.004,0,0.005302077
20180802,-0.01187,-0.002015973,0.033817798,0.004712673,-0.027621978,-0.005315272,0.020733763,2.03,0.187835825,-0.0036,-0.0005,0,0.001777287
20180803,0.01426,0.007334217,0.005326301,-0.005414349,-0.000239091,-0.005678694,0.002444847,2.08,-0.071167006,0.0153,0.0076,0,0.002576176
20180805,0.06246,-0.006595375,-0.097872781,0.027886409,-0.023726833,-0.001486301,-0.032257198,2.68,-0.002715546,0,-0.0008,0,-0.01022744
20180806,-0.02705,-0.00760601,0.017705279,0.005528177,-0.008001146,-0.009853981,-0.025122936,2.89,0.004113555,0.0035,0.0007,0,-0.007771517
20180808,-0.00436,-0.002570224,0.019309427,0.007498409,-0.005357634,0.008479864,-0.003521607,3.33,-0.007346215,-0.0209,-0.001,0,0.002782605
20180810,-0.03225,-0.013592442,-0.000699593,-0.007609326,0.000828386,-0.029998164,-0.036260227,3.13,0.057045941,-0.0085,-0.0008,0,-0.017083052
20180811,-0.0352,0.001175905,-0.000629107,0.000844732,0.001655173,0.050931195,-0.038861638,3.21,0.021766198,0.0237,-0.0009,0,-0.002869106
20180813,-0.07761,-0.010519366,-0.015421367,-0.000822567,-0.00982464,-0.012801132,-0.026181816,3.28,0.116092983,0,0.0008,0,-0.021882984
20180814,-0.02956,-0.002888228,-0.000632162,0.005140626,-0.005374076,0.001943595,-0.020628602,3.26,-0.104759234,0,-0.0008,0,-0.007428407
20180816,-0.01258,0,0.020088866,0.010352447,-0.024111386,-0.006241493,-0.011014338,3.28,-0.08477844,0,-0.0018,0,-0.003357986
20180817,-0.01146,-0.008008637,0.019162929,0.00481502,0.004348463,0.002641823,-0.004779903,3.27,-0.062112676,0,-0.0006,0,0.000959956
20180820,0.01082,0.003719296,0.007309181,0.001659448,-0.00842416,-0.003447392,-0.002476015,3.27,-0.01193811,0,-0.0014,0,0.001308623
20180821,-0.01211,0.011655144,-0.006463887,0.000603281,0.019070211,0.003936375,0.021004988,3.27,0.029193386,0,-0.0008,0,0.005385159
20180822,0.06213,0.005584993,-0.014642456,-0.010983584,-0.002866153,0.007210178,0.007105631,3.29,-0.048595755,0,0.0003,0,0.007648373
20180823,0.02968,-0.001345249,0.001240647,0.002680532,0.000286985,-0.004592859,-0.011362898,3.31,0.01297665,0,-0.0025,0,0.002369594
20180824,-0.02607,-0.00057709,0.005012777,-0.002873421,-0.002873565,0.002992134,0.005318757,3.3,-0.034429637,0,0.0008,0,-0.002724344
20180827,0.02782,0.009384345,0.000737798,0.002150112,0.004020683,0.023789607,-0.013734383,3.27,0.014078914,0,0.002,0,0.007738309
20180828,-0.00292,-0.008999582,0.00778967,0.007048377,0.007993191,-0.00242569,-0.026468928,3.25,0.02757678,0,-0.0006,0,-0.002568995
20180829,0.00584,0.000192326,-0.004416028,-0.005809225,0.005104946,0.004139082,0.003936703,3.24,-0.020202707,0,-0.0028,0,0.001283972
20180830,-0.0194,-0.013552966,0.010387334,0.000467037,-0.013958352,-0.016199253,-0.010109074,3.24,0.099383485,0,0.0038,0,-0.008909325
20180831,-0.06308,-0.014134511,0.003391768,0.001984308,-0.017069704,-0.011434449,-0.013103415,3.22,-0.05078773,0,-0.0016,0,-0.016206572
20180901,0.00052,0.014315645,0.009573407,0.009826952,-0.004992784,-0.006870144,0.006697133,2.04,0.057158358,0.0235,-0.0007,0,0.004152887
20180902,-0.02519,-0.019119843,-0.000704736,-0.011828283,-0.018932788,-0.031509079,-0.004382768,2.04,-0.140988028,-0.0002,0.0007,0,-0.0159525
20180903,0.01354,-0.000317763,-0.003264984,0.003616683,0.010702921,-0.003173432,-0.012873203,2.06,-0.122024213,-0.0207,0.0003,0,0.001175746
20180905,0.00458,0.011074666,0.000650435,-0.024089161,0.007098755,0.002994577,0.012161692,2.73,-0.0917814,0,-0.001,0,0.002067281
20180907,-0.01218,0.000927902,0.010201503,0.005134581,0.007430729,-0.012305881,0.009486451,3.38,-0.052199134,0,-0.0009,0,0.001242184
20180908,-0.01208,-0.004052317,-0.017079259,-0.00952055,-0.015974348,0.008136411,-0.01917867,3.3,0.037979254,0.0232,0.003,0,-0.009964105
20180910,-0.01524,0.001562806,-0.00417952,0.001817499,-0.003871686,-0.002861986,0.011958289,3.13,0.016435277,-0.0247,-0.0018,0,-0.001544943
20180911,-0.00468,-0.009338339,-0.006063947,-0.002258721,0.010965022,-0.015434679,-0.01115747,3.2,0.037563178,0.0042,0.0003,0,-0.005424019
20180913,-0.07166,0.013544225,-0.008333703,-0.011901039,0.00055417,0.012806792,0.005680984,3.1,-0.060386862,0,0.0011,0,-0.008472653
20180914,0.04079,0.004862404,-0.007436252,-0.011068718,0.015120563,0.01790673,-0.00223864,3.09,-0.024551167,0,0.0003,0,0.008276584
20180917,0.03314,0.005610927,-0.000901957,0.003474454,0.009504484,-0.017018081,0.025810739,3.09,0.125211925,0,0.0008,0,0.008517224
20180918,-0.00532,0.001156961,-0.000182575,0.023551011,0.008611463,0.002589327,-0.00204052,3.09,-0.067271322,0,0.0004,0,0.004052238
20180919,-0.00458,0.020410818,-0.001084046,0.001045802,0.011720965,0.009691147,0.014196965,3.1,-0.084810372,0,0.0008,0,0.007343093
20180920,-0.08049,0.02517146,0.000797681,-0.002790956,-0.010382098,-0.01015337,0.010445827,3.1,0.004246307,0,0.0007,0,-0.009628779
20180921,0.03346,0.004042637,-0.005938105,-0.006507323,-0.018909261,-0.014977846,0.00227499,3.14,-0.010221544,0,0.0002,0,-0.000936415
20180924,-0.03928,0.000916506,-0.012335628,-0.000536081,-0.004098926,0.058889783,-0.008558033,3.14,0.043557933,0,0.0006,0,-0.000714626
20180925,0.02636,0.001830497,-0.011040981,0.007946119,0.017910927,-0.014024319,0.025876311,3.14,0.017872147,0,0.0006,0,0.007836936
20180926,-0.00816,-0.000914829,-0.001479677,2.07E-05,-0.012721785,0.016736918,-0.01349093,3.15,0.037143761,0,-0.0001,0,-0.002858515
20180927,0.03859,-0.002933091,0.020317768,0.003760967,0.005704212,-0.018363309,-0.016835895,3.15,-0.037949257,0,0.0006,0,0.004320093
20180928,-0.02314,-0.032844901,-0.002833491,-0.015506445,-0.031364332,0.008204492,-0.069712555,3.17,-0.023645616,0,-0.0016,0,-0.023885319
20181001,-0.00052,0.015167893,-0.013364821,0.003868916,0.019823289,0.005833548,0.03106582,2.03,-0.026132164,-0.0208,-0.0016,0,0.008839235
20181004,-0.00536,0.007366817,0.005193675,-0.02144851,0.005232353,-0.02264622,-0.008592714,2.09,-0.06157253,0.0085,-0.0015,0,-0.005750657
20181007,0.01007,-0.009317995,-0.001264759,0.008759068,0.002559364,-0.002487607,-0.016180923,3.36,-0.003947833,0.002,-0.0003,0,-0.001123265
20181008,-0.01615,-0.030356462,-0.024504941,0.006320593,-0.023192646,-0.016713976,-0.048458269,3.3,0.155037546,-0.0196,0.0002,0,-0.0218651
20181009,0.03795,0.003166438,0.013810134,0.000325466,0.011027964,-0.01061697,0.045613464,3.11,-0.04959696,-0.012,-0.0025,0,0.014468071
20181010,-0.01461,0.004673816,-0.001383677,-0.009858375,-0.007788635,-0.014507616,0.003296525,3.17,0.364294714,0,0.0014,0,-0.005739709
20181012,-0.01745,-0.029150183,-0.035189073,-0.0356871,-0.023934865,-0.001352189,-0.026510033,3.04,-0.025726301,0,0.0025,0,-0.02418192
20181015,0.01208,-0.008348889,0.003600691,-0.003791456,0.013854475,0.01881896,0.000335683,3.18,-0.000469384,0,-0.0006,0,0.005221352
20181016,0.02874,0.004434597,0.01449114,0.025316696,0.019079347,-0.014688198,0.008022774,3.17,-0.189672369,0,0.0006,0,0.012199479
20181017,-0.01596,-0.002416433,-0.00156196,0.00840639,-0.005957234,0.018488319,0.003157985,3.17,-0.012564484,0,0,0,0.000593867
20181018,-0.03096,-0.007589209,-0.017476184,-0.007246336,-0.003809528,-0.00867168,-0.034611372,3.17,0.142257572,0,0.0009,0,-0.01576633
20181019,-0.02208,-0.010209379,0.000590309,-0.005799446,-0.012068166,-0.007073691,-0.009666915,3.28,-0.008510694,0,-0.0006,0,-0.00947247
20181022,0.01858,-0.00865717,0.006448321,0.006777451,0.006600684,0.004380712,-0.019441894,3.3,-0.01264879,0,-0.0003,0,0.002098301
20181023,0.00873,-0.015543003,0.012307866,0.004533039,-0.038278175,-0.007196729,-0.002833867,3.32,0.053048359,0,-0.0003,0,-0.005468696
20181024,0.09286,-0.023400344,-0.00212744,0.000862099,-0.01261123,-0.015460084,-0.034280824,3.35,0.197417113,0,-0.001,0,0.000834597
20181025,0.0227,0.014848321,-0.000244055,-0.006606802,0.005752101,-0.000125463,0.022146485,3.39,-0.040855035,0,0.0003,0,0.008352941
20181029,0.0278,0.012612111,-0.0061983,0.004781761,0.004863405,-0.020983331,0.042286204,3.34,0.022104908,0,0.0012,0,0.009308836
20181030,0.00076,-0.028414644,0.002050158,-0.003742064,0.008242195,-0.003710119,-0.006836734,3.32,-0.056206274,0,-0.0006,0,-0.004521601
20181031,0.01586,-0.000325115,-0.004311226,-0.008304368,0.018786477,0.011868626,-0.004760654,3.31,-0.095181746,0,-0.0002,0,0.004116249
20181101,0.02584,0.008543858,0.015983118,0.017652533,0.014613771,0.006225165,0.018071025,1.98,0.006091432,0,0.0003,0,0.015275639
20181104,-0.02449,-0.006381434,-0.002723747,-0.005259597,-0.016032408,0.010682715,-0.018359937,2.09,-0.011299533,0,0.0013,0,-0.008937773
20181105,0.01354,0.000318674,-0.010879022,-0.011099564,0.016628079,0.036996398,0.004357792,2.74,-0.044829759,-0.0569,-0.0004,0,0.007123194
20181106,-0.00864,0.01808501,0.002179397,0.009481199,0.024084361,-0.002203325,0.060070835,2.9,0.013860807,0,0.0008,0,0.014722497
20181107,-0.00741,-0.015472007,0.014978344,0.02459466,-0.024728114,0.001368349,-0.018679201,3.35,0.075406838,0.0517,0.0005,0,-0.003621138
20181109,-0.07517,0.000395101,-0.012527354,-0.011836048,-0.001125493,-0.019722455,-0.012479734,3.1,-0.068690223,-0.0043,0.0012,0,-0.018923712
20181110,0.00087,-0.02518331,-0.00725039,-0.019037803,0.002510111,0.002164183,-0.017931744,3.17,0.084321955,0.024,-0.0003,0,-0.009122708
20181112,-0.01613,0.006906786,0.012164729,0.003376837,-0.010615148,-0.001475237,-0.010006692,3.04,-0.039644794,-0.0192,0.0006,0,-0.002254104
20181113,0.03813,0.013722716,-0.000660716,0.005688565,-0.000827929,-0.009111298,0.018514054,3.19,-0.021251123,0,0.0008,0,0.00935077
20181114,-0.03007,-0.003901598,-0.007437811,-0.004164272,-0.006092514,0.004560546,-0.015434621,3.19,0.059625099,0,-0.0001,0,-0.008934324
20181115,-0.04686,-0.012016749,0.005139382,0.001249779,-0.008928631,-0.001616278,-0.005804478,3.21,-0.061625145,0,0.0008,0,-0.009833854
20181116,0.01835,-0.006615969,0.002199588,-0.007152697,0.007816902,-0.009231817,-0.00913749,3.22,-0.096612339,0,0.0009,0,-0.000538783
20181119,-0.04048,0.001989391,0.004627364,-0.004104591,-0.013719941,0.003719598,-0.006446288,3.23,0.102600423,0,-0.0002,0,-0.007773495
20181120,-0.08248,-0.021878314,-0.010334588,-0.004161627,-0.015627538,0.020949191,-0.028487684,3.24,0.111906171,0,-0.0003,0,-0.020288651
20181121,0.03128,0.010887363,0.015512192,0.009155822,0.004571437,-0.008804037,0.018086401,3.25,-0.077673055,0,-0.0006,0,0.011527025
20181123,0.0394,0.001692143,0.003236442,-0.00186558,-0.008658063,0.011980176,0.020649976,3.24,0.034029807,0,-0.0002,0,0.009490728
20181126,-0.01682,0.021851483,0.004275936,0.00198694,0.001448226,-0.013031022,0.053941231,3.2,-0.129820855,0,0.0002,0,0.007664685
20181127,-0.01258,-0.005640048,0.017228932,-0.003124236,-0.008429057,0.005930281,-0.002270545,3.16,0.006329179,0,-0.0014,0,-0.001269239
20181128,0,-0.007346427,0.010554733,0.001186239,0.011607791,0.021182449,0.018708323,3.13,-0.028261048,0,-0.0034,0,0.00798473
20181129,0.0732,0.000446778,0.007240432,0.019175838,0.006900545,-0.021395476,-0.011912096,3.09,0.016094829,0,0.0044,0,0.010522289
20181201,0.01519,0.00684221,0.016902558,0.028746684,-0.001528273,0.004039751,0.009200755,1.98,0.027945904,0.0244,-0.0018,0,0.011341955
20181202,0,0.002686262,0.018210898,0.022504646,0.022178328,-0.001359008,0.004382768,2.06,-0.126379716,0,-0.0005,0,0.009800556
20181203,0.00824,-0.000794849,0.034276898,0.013597605,0.002598938,0.001651786,-0.004131018,2.06,0.074985767,-0.0278,0.0006,0,0.007919909
20181204,-0.00608,0.005075737,0.003997252,0.015361034,0.026169718,0.003628716,0.02382602,2.07,-0.0904308,0.0014,-0.0003,0,0.01028264
20181206,-0.00653,-0.000365831,0.015145715,0.008281969,-0.006239,-0.030459836,0.003318128,2.9,-0.000810063,-0.0062,-0.0001,0,-0.002406979
20181207,0.0319,-0.003619396,0.0120961,0.004063133,0.002326259,0.013112254,0.00069808,3.35,-0.080165009,0,-0.0001,0,0.008653776
20181209,-0.0218,-0.00059271,-0.007677391,-0.000508901,0.015642777,0.003896011,-0.002844526,3.1,-0.006069815,0,0.0005,0,-0.001983534
20181210,-0.00347,-0.005494245,-0.003216334,-0.002353002,-0.001672707,-0.014916642,-0.002012411,3.17,-0.158899065,-0.019,0.0002,0,-0.00473362
20181212,0,0.02966858,-0.010951229,-0.001494585,0.019581045,0.012729434,0.024553759,3.04,-0.013882738,0.0021,-0.0008,0,0.010583858
20181213,0.01292,0.006778075,-9.52E-05,-0.002220614,-0.023354635,0.020767044,0.012328797,3.04,-0.038475394,0,0.0003,0,0.003874781
20181214,-0.00483,-0.014203258,-0.003651091,0.003510689,0.017799065,0.009955295,-0.011958564,3.04,0.0463659,0,0.0007,0,-0.000482552
20181217,-0.0479,-0.024704633,-0.002813774,-0.00267092,-0.013084299,0.003388066,-0.024165267,3.04,0.125407929,0,-0.0017,0,-0.015992975
20181218,-0.04676,-0.000616257,-0.019918255,0.000823229,0.019870259,0.00564007,-0.007613284,3.04,0.042321663,0,-0.0011,0,-0.006939177
20181219,-0.00712,0.007981868,-0.18473585,-0.225093218,-0.069695767,0.010118717,0.026396706,3.04,0,0,0.0032,0,-0.063163935
20181220,-0.03637,-0.03687513,-0.014690657,0.014774508,-0.046551406,-0.009630621,-0.051352059,3.03,0.103873849,0,-0.0053,0,-0.025813624
20181221,0.03279,0.002534856,-0.042984215,-0.054013885,-0.025530325,-0.00115125,-0.038742865,3.04,0.059172721,0,0.0006,0,-0.018156812
20181227,-0.07342,-0.006336092,-0.006766517,-0.004288671,-0.004615666,-0.002981265,-0.023278423,3.02,-0.014908369,0,0.0028,0,-0.017383805
20181228,0,0.021304707,-0.007266646,0.005714391,0.033248907,-0.046974896,0.030582168,3.02,-0.055588888,0,0.0012,0,0.005229804
20190102,-0.00344,-0.001954796,0.006206331,0.027606508,0.019544596,-0.008657458,-0.027740472,3.06,-0.026293188,0,0.0038,0,0.001652101
20190103,0.01123,-0.003557536,-0.002346267,0.004585219,0.000601323,0.00541027,0.001503132,3.28,-0.085413446,-0.0233,0.0008,0,0.002489449
20190104,0.07341,0.020212095,0.009829405,0.028327362,0.019347641,0.011980875,0.042318948,3.23,-0.022870818,-0.0325,-0.0022,0,0.029346618
20190107,0,0.007632714,0.002976863,0.002407871,0.002142311,0.012471479,-0.015077065,3.23,-0.070035441,-0.0153,0.0018,0,0.001793453
20190108,-0.01313,0.015642777,-0.016389193,0.006143882,-0.022760141,-0.014177638,0.001500375,3.04,0.103062587,0.0067,0.0016,0,-0.006167134
20190110,0.00408,-0.014203824,-0.005752957,-0.000150702,-0.019637842,-0.007520935,-0.012087548,3.09,0.133531378,0.0047,0.0001,0,-0.007896258
20190114,-0.03939,0.00602484,-0.062458818,-0.101276465,-0.023451661,-0.013011146,-0.019255194,2.92,0.047244382,0,0.0005,0,-0.036116921
20190115,-0.06454,0.001800397,-0.013575623,-0.010476108,0.006756782,0.000121302,-0.032077853,2.89,-0.024954802,0,-0.0003,0,-0.015998729
20190116,-0.04281,0.032677635,0.0138325,0.008800617,0.022966561,0.023736578,0.056606129,2.87,0.023380476,0,0.0021,0,0.016544289
20190117,-0.10029,-0.039294996,0.040148459,0.035130036,-0.020948397,0.012378746,-0.005839708,2.9,-0.052842559,0,0.0013,0,-0.011245123
20190118,0.04302,0.025034088,-0.001403184,-0.001403184,0.028161543,0.011598832,0.007716233,2.93,-0.014501104,0,0.0014,0,0.016103475
20190122,0.06252,-0.018732278,-0.019680171,-0.016690676,-0.017146159,-0.009932981,-0.021673852,2.97,0.155754536,0,0.0121,0,-0.00590516
20190123,-0.02247,0.001444217,-0.005634251,-0.021468647,-0.010225038,-0.000590978,0.01639381,3.03,-0.063513346,0,0,0,-0.006078698
20190125,0,0.038169858,-0.031354587,-0.029007756,0.071696257,-0.000539944,0.031578656,3.11,-0.081013673,0,-0.0024,0,0.011506069
20190128,-0.04087,-0.012522839,-0.032931531,-0.045420909,-0.025958628,-0.003355197,-0.025779369,3.11,0.079954428,0,0.0033,0,-0.02669121
20190129,-0.01617,-0.001768139,-0.006116978,-0.015893863,-0.010575115,0.002453302,-0.012387546,3.1,0.013684336,0,-0.0031,0,-0.008636906
20190130,-0.00983,-0.001416765,0.014772813,0.002724475,0.020714204,0.002018905,-0.007773288,3.06,-0.079955553,0,-0.0028,0,0.003030049
20190131,-0.04261,-0.032541744,0.000322167,-0.015357035,-0.010796768,0.012984616,-0.040790273,3.06,-0.063708374,0,-0.0023,0,-0.018398434
20190204,-0.02131,0.009727147,0.004251589,-0.001147285,0.004182856,-0.004790054,-0.004708265,3.23,-0.002989536,-0.0104,-0.0011,0,-0.001970573
20190205,-0.01458,0.011524486,0.003845133,-0.014242903,0.01086513,-0.009474497,0.003885386,3.32,-0.026011057,0.0211,0.0006,0,-0.001168181
20190207,-0.0057,-0.005241227,0.010523487,0.0037096,-0.012613611,-0.004339544,-0.010747723,3.23,-0.0837837,-0.0125,0.0004,0,-0.003487003
20190208,-0.03807,-0.040365025,-0.001890134,-0.009974911,-0.011736852,0.012086032,-0.026010009,3.08,-0.014656419,-0.0105,-0.0026,0,-0.016565843
20190210,-0.0692,-0.035594236,-0.015719896,-0.004325249,-0.039072825,-0.002691962,-0.041445825,3.08,0.102338716,0,0.0001,0,-0.029721428
20190212,-0.01583,-0.012238605,0.004826422,0.00872499,-0.001539646,-0.000203019,-0.015563892,3.03,0.16674927,0.0236,-0.0009,0,-0.00454625
20190213,0.001,0.009589198,0.034823935,0.0225432,0,0.014609573,0.021326724,3.15,0.014157206,0,-0.0015,0,0.014841804
20190214,0.02381,-0.023838303,-0.027954082,-0.015394634,-0.041712816,-0.002930157,-0.02226437,3.17,0.035774114,0,-0.0007,0,-0.015754909
20190215,0.01942,0.041084239,-0.015593412,-0.012052393,0.047353696,-0.003057963,0.051555924,3.17,-0.084212888,0,0.0005,0,0.018387156
20190219,0.00453,-0.004370172,-0.00563483,-0.009315782,-0.00125,-0.005395875,-0.014090865,3.19,-0.002014081,0,0.0004,0,-0.005075361
20190220,0.00991,0.00766468,0.007471859,0.029338299,0.019201581,-0.000955739,0.001225598,3.25,-0.059533123,0,0.0011,0,0.010550897
20190221,0.02128,-0.023052352,0.028034273,0.025572103,-0.031155168,-0.017191094,-0.028035903,3.28,0.030901305,0,0.0018,0,-0.003506877
20190222,-0.02487,0.00790234,-0.02326282,-0.024307673,-0.009539023,0.011121535,0.00233666,3.28,-0.06795605,0,0.0002,0,-0.008659854
20190225,0.06695,0.022056682,0.00738665,0.008592951,0.001277139,0.009453659,0.0288439,3.28,0.094569722,0,0.0007,0,0.020651569
20190226,-0.02469,0.006859296,0.001206913,0.026156182,-0.007687418,-0.005056244,0.000174414,3.29,0.021319907,0,-0.0001,0,-0.000433837
20190227,0,0.023926503,-0.010977298,-0.033625844,0.028215535,-0.011983692,0.02122416,3.28,-0.031472318,0,-0.0052,0,0.002397052
20190228,0.06669,0.019159177,-0.00089513,0.01181694,0.038631413,-0.017961339,0.021284587,3.26,0.005427417,0,0.0011,0,0.01981795
20190301,-0.00275,-0.005901993,0.014442376,0.023408029,0.028421704,-0.0163678,-0.014222645,2.99,0.091701826,0.0311,0.0009,0,0.003861382
20190304,0.04659,0.013798002,0.002295317,0.007808383,0.021239737,0.021096382,0.026938776,3.34,0.028046128,-0.0503,-0.0009,0,0.019966657
20190306,0.0176,-0.001468968,0.006444707,0.020320406,0.015315192,0.001733013,-0.005117114,3.24,0.007985218,-0.0087,-0.0042,0,0.007832462
20190307,0.02817,0.016699624,0.012555463,0.009444998,0.024768121,0.0005303,0.054236825,3.23,-0.028237218,0.0013,-0.0033,0,0.020915047
20190309,-0.02407,-0.004884611,0.00030693,-0.003301052,-0.01137355,-0.010189447,0.00079067,3.05,0.035200338,0,0.0012,0,-0.00753158
20190310,-0.03875,-0.009100104,0.005095659,-0.000594257,0.00661908,-0.003372255,-0.005671278,3.07,-0.072612463,0,0.0006,0,-0.006539022
20190312,0.00319,-0.01702595,-0.004175583,0.003621822,-0.008355302,0.00683206,-0.004538095,3.04,0.068053476,0.025,0.0003,0,-0.002921578
20190313,0.03006,0.011778427,-0.015649455,-0.014304218,0.038808941,-0.002849139,0.013563067,3.06,-0.02649166,0,-0.0002,0,0.008772518
20190314,0.04673,0.006522135,0.007584735,-0.002093697,0.028907302,0.011738595,0.012699673,3.06,0.006689,0,-0.0028,0,0.016012678
20190315,0.0065,0.010099377,0.010422002,0.013093624,0.003932844,0.004545466,0.001703868,3.09,-0.047013956,0,-0.0009,0,0.007185312
20190318,-0.00505,0.018236227,-0.001158959,-0.00200469,0.010213366,-0.013113523,0.027371367,3.1,0.01693653,0,-0.0004,0,0.004927684
20190319,-0.0535,0.000221705,0.014493512,0.013277305,-0.019617349,0.009248659,0.012346852,3.12,0.034512054,0,0.0012,0,-0.003361331
20190320,0,-0.020605432,0.012161864,0.013224963,0.006682892,0.014199224,-0.007719509,3.13,0.025483682,0,-0.0013,0,0.002563429
20190321,0.02264,-0.026368603,-0.014201161,0.006808865,-0.002424978,-0.009998489,-0.017464061,3.14,-0.020334741,0,0.0002,0,-0.005858347
20190322,-0.07353,-0.033428968,-0.000702888,-0.007770008,-0.019305027,-0.010211412,-0.046360233,3.16,0.189874243,0,0.0008,0,-0.027329791
20190326,-0.02439,-0.002411092,0.023796212,0.014764686,0.001241465,-0.00181769,-0.013961524,3.23,-0.106517858,0,-0.0004,0,-0.000396849
20190327,0.00411,0.021493365,0.013590007,0.007754488,0.01416716,0.000976363,0.027038164,3.23,0.031514463,0,0.0013,0,0.012732792
20190328,0,-0.008065516,-0.009753997,-0.005321808,-0.008599562,0.001218758,-0.01906152,3.23,-0.048691113,0,0.0017,0,-0.007083378
20190329,0.01141,0.014776556,-0.005121143,-0.018775769,0.010432743,-0.005557561,0.008788947,3.23,-0.051183898,0,0.0014,0,0.00227911
20190401,0.00822,0.047373642,0.018900146,0.021741655,0.047471009,0.022047636,0.057873218,2.97,-0.174259907,-0.0369,-0.0003,0,0.031946758
20190402,0.02273,-0.019137568,0.103784578,0.105766823,0,0.001045784,-0.0125117,3.07,-0.025730937,0.0092,-0.0003,0,0.028811131
20190403,-0.02749,0.001001837,0.033594765,0.048153008,0.002101787,-0.010958198,-0.009558218,3.26,0.075212771,0.0079,-0.0021,0,0.005263569
20190404,-0.04046,0.008054636,0.001541226,0.003874969,-0.009384233,-0.010493461,-0.006584386,3.38,-0.011713154,0,-0.0015,0,-0.007635893
20190406,-0.08427,0.028500903,0.010478469,-0.055146958,0.005567599,0.005812738,0.028592826,3.24,-0.105596271,0.0375,0.0001,0,-0.008637775
20190409,0.01905,0.009987903,0.000137123,0.004383419,0.006219785,0.007182569,0.02034101,3.04,-0.126147008,0.0008,-0.0001,0,0.009614544
20190410,0,0.004028441,0.006410781,0.002842925,0.001041125,0.001758729,0.000980104,3.07,-0.115171376,0.007,-0.0007,0,0.002437444
20190411,-0.01956,0.026774241,0.009927993,0.004276789,0.023530497,0.021257161,0.020952166,2.99,0.042186895,0.012,-0.0001,0,0.012451264
20190412,0.00582,0.015833581,0.013128624,0.007863484,0.000621311,0.005618243,0.018986894,3.04,-0.075458401,-0.0071,-0.0001,0,0.00969602
20190415,0.02667,0.011485126,-0.007540746,-0.009308344,0.015636034,0.002530296,0.006591134,3.38,0.025484278,0,0,0,0.0065805
20190416,-0.04096,0.017141463,0.010582406,-0.011643771,-0.003544653,0.004120375,0.031543382,3.38,-0.011428646,0,-0.0001,0,0.001034172
20190417,-0.00757,0.016233447,-0.002083358,0.006460804,0.01248659,-0.012742591,0.007578723,3.38,0.033901557,0,0.0006,0,0.002909088
20190418,0.01508,0.01118821,0.002169948,-0.001668391,-0.000539665,-0.000585617,-0.017094433,3.39,-0.041318167,0,-0.0007,0,0.001221436
20190423,-0.01715,-0.018024073,-0.009465277,-0.012213696,-0.016875741,-0.001580826,-0.033469259,3.41,-0.011336182,0,0.0006,0,-0.015539839
20190424,-0.00694,-0.020156047,0.002057222,-0.004048293,-0.018842342,0.001625303,-0.018814461,3.39,0.067689138,0,-0.0007,0,-0.00930266
20190425,0.00348,-0.008198949,-0.004188458,0.002536504,0.003351022,0.002010469,-0.004469096,3.38,0.008336513,0,-0.0002,0,-0.000782644
20190430,-0.04111,-0.004520851,0.002404077,0.022403985,-0.004192878,-0.019011019,-0.002591934,3.37,0.000762503,0,-0.0007,0,-0.006659803
20190502,0.05466,0.025233661,0.019132229,0.028831605,0.022644884,0.008252497,0.021440331,3.09,-0.010223722,-0.0371,-0.0015,0,0.025742172
20190503,-0.00246,-0.009502056,0.017802405,0.047205931,0.001798023,-0.001052029,-0.003882844,3.22,0.007490648,-0.0035,0.0016,0,0.007129919
20190504,0.06726,-0.008279304,0.003610663,0.010649361,0.013171565,0.007558493,-0.006960585,3.38,-0.057591689,0.0465,0.0009,0,0.012430028
20190506,0.02745,-0.006330269,0.019437834,0.024874487,0.004616103,0.003025881,-0.035125562,3.24,-0.053249068,-0.0436,-0.0026,0,0.005421211
20190507,0.02081,0.008328562,-0.001824544,-0.001824544,0.008571059,-0.014578348,-0.012048339,3.18,0.054946126,0,0.0017,0,0.001061978
20190508,-0.08403,-0.018022924,-0.00577343,-0.011867886,-0.023895228,-0.008345335,-0.003275217,3.08,0.333872905,0,0.0013,0,-0.02217286
20190509,0.03644,0.028790139,-0.000490328,-0.000490328,0.020120031,0.002258154,0.034256442,3.04,-0.06311615,0.0021,0.0005,0,0.017269159
20190511,-0.00912,0.013326696,0.008930088,-0.000758569,0.017068838,-0.010523174,0.016350975,2.99,0.020826087,0.0335,0.0008,0,0.005039265
20190512,-0.03323,-0.000596718,0.01236229,-0.000458398,0.006809064,0.006805512,-0.013479023,3.06,-0.019100153,0,0.0006,0,-0.003112468
20190513,-0.02045,-0.01573091,-0.033580002,-0.023977547,-0.008056138,-0.013818105,-0.02841563,3.3,0.247775244,0,0.0004,0,-0.020575476
20190514,0.04445,0.015511058,-0.014058563,0.000227395,0.018403606,-0.010635976,-0.017034295,3.29,-0.129161385,0,0.0004,0,0.005266175
20190515,-0.03377,-0.004959508,0.00713123,0.002340775,-0.002355714,0.011481235,-0.006745388,3.28,-0.093982096,0,-0.0006,0,-0.003839624
20190516,-0.00164,0.015240688,-6.83E-05,0.007032351,0.003237678,0.011282976,0.016963777,3.28,-0.072518405,0,0.0001,0,0.007435591
20190517,-0.00082,-0.012592556,-0.000131892,-0.002493188,-0.005303489,-0.001231598,-0.020353611,3.28,0.042886577,0,0.0004,0,-0.006132333
20190520,-0.01903,-0.016667052,-0.019868709,-3.04E-05,-0.036400469,-0.008563772,-0.021739987,3.28,0.021692789,0,-0.0004,0,-0.017471479
20190521,0.02638,0.008257132,-0.020411471,-0.004910974,-0.004914015,0.009032922,-0.003089402,3.28,-0.087067097,0,0.0003,0,0.001477742
20190522,-0.00489,-0.010837489,0.012993895,0.00243916,0.001538225,-0.002380927,-0.010106986,3.28,-0.013468204,0,-0.0001,0,-0.001606303
20190523,0.01381,-0.019510601,-0.008184279,0.001032376,-0.00709551,-0.005988287,-0.010999914,3.28,0.137253276,0,-0.001,0,-0.005276602
20190524,-0.00161,0.005824927,0.003503744,0.020909728,0.008017311,0.002395808,0.022845863,3.28,-0.065326834,0,0.0002,0,0.008841054
20190528,0.03748,0.00192123,0.027210581,0.036212911,-0.001873829,-0.014178918,-0.014526173,3.27,0.099031357,0,-0.0005,0,0.010320829
20190529,0.01658,-0.069178376,-0.00111611,-0.003752742,-0.014801089,0.009501192,0.022005051,3.26,0.022599811,0,-0.0007,0,-0.005823153
20190530,0.05129,0.000604778,0.004385947,0.005266653,0.014175698,-0.012049946,-0.003142186,3.25,-0.034094234,0,-0.0009,0,0.008647278
20190531,0.05472,-0.011553792,0.008754994,0.003952558,-0.006905238,0.003080728,0.001965023,3.25,0.078351634,0,-0.0005,0,0.007716325
20190602,0.0053,0.017590815,0.009815174,0.011834254,-0.007597377,0.004440249,0.042711118,3.11,-0.012277995,0,-0.0011,0,0.012013462
20190603,0.03393,0.003923552,0.011574524,-0.011539512,-0.027315811,0.011483691,0.001352265,3.18,0.065640357,-0.0351,-0.0005,0,0.003344101
20190605,-0.04479,-0.007697146,-0.004471938,-0.010738081,-0.022956532,0.004772825,-0.033264334,3.3,0.182062505,-0.0044,0.0015,0,-0.017020744
20190606,-0.03316,-0.017526284,-0.003459984,-0.0023006,-0.019532477,0.008555726,-0.011184459,3.24,-0.009993827,0.0165,0.0001,0,-0.011229725
20190608,-0.02632,-0.003594228,-0.003841393,0.004912799,0.004239367,0.005539099,-0.008527183,3.09,-0.198143507,0.0307,-0.0007,0,-0.003941648
20190609,-0.01159,-0.000235544,-0.006219761,0.001840199,0.0067295,-0.001916828,-0.005440404,3.04,-0.081272748,0,0.0002,0,-0.002404691
20190611,-0.04688,0.015560585,0.007502222,0.00338696,-0.007450489,-0.00111989,0.010312799,2.98,-0.037329411,0.0011,0.0007,0,-0.002669688
20190612,-0.01206,0.013438937,0.001221576,-0.003905073,0.003387224,-0.001554898,0.029449004,3.05,-0.063987749,0.0056,-0.0001,0,0.004282396
20190613,0,-0.000972763,-0.008923034,-0.007597628,-0.009631891,0.047057724,0.014618988,3.25,-0.00567289,0,-0.0011,0,0.004935914
20190614,-0.00894,-0.005856532,0.007440421,-0.005243265,0.00124805,-0.019162069,-0.006690304,3.24,-0.034730177,0,0.0009,0,-0.005314814
20190618,-0.00601,0.017994407,0.000412974,-0.001772837,0.012750911,0.019810991,0.037109649,3.24,-0.013114992,0,-0.0003,0,0.011470871
20190619,-0.01824,0.017439525,-0.00166584,0.004877214,0.013200499,-0.001402479,0.01626975,3.23,-0.05564527,0,0.0017,0,0.004354096
20190621,0,-0.00897302,0.010231656,0.00782924,0.003092148,-0.021723454,0.002261165,3.23,0.043124402,0,0.0028,0,-0.001040324
20190624,0.03898,-0.007089628,0.004833854,0.007925257,0.003390356,0.033399179,-0.01670185,3.23,-0.009132444,0,-0.0016,0,0.009248167
20190625,-0.01748,-0.007387377,-0.007669876,-0.016522174,-0.037621992,0.001686469,-0.017569715,3.23,0.064702362,0,-0.0005,0,-0.014652095
20190626,0.0264,0.017274549,0.007956313,0.006248857,0.015848192,0.009279754,0.025385979,3.23,-0.004309123,0,0.0002,0,0.015484806
20190627,-0.01131,0.006778866,0.01513283,0.001253398,0.013431406,0.001979509,0.020487513,3.23,-0.024353336,0,0.0009,0,0.006821932
20190628,0.05249,0.007691421,0.003097316,0.014649381,0.012640834,-0.000945821,0.007044894,3.23,-0.047905586,0,0.0001,0,0.013809718
20190701,0.00544,-0.00147384,0.003401758,0.004768194,0.004817739,0.0085532,0.026106094,2.94,0.000935038,-0.046,-0.0001,0,0.007373306
20190702,-0.02681,-0.026013202,0.031370224,0.009499312,-0.00637554,-0.010504547,-0.019349768,3.1,0.062382471,0.009,0.0015,0,-0.00688336
20190703,0.00396,-0.034372338,-0.004384697,-0.014189825,-0.032523192,-0.003577379,-0.030703038,3.13,0.052594885,-0.0178,-0.0004,0,-0.016541496
20190705,0.00619,-0.021317819,0.004350938,-0.000103412,-0.015799041,-0.00018632,-0.032485455,3.31,0.224179296,-0.0011,0.0001,0,-0.00847873
20190706,0.01453,-0.00464435,0.012591188,0.014071153,0.003750004,0.01862667,0.006206847,3.25,0.022960918,0.0412,-0.0008,0,0.009304502
20190708,-0.01342,-0.007852954,0.005787499,0.004009817,0.004221471,0.000172049,-0.050699342,3.09,-0.034294854,-0.0363,0.0002,0,-0.008254494
20190710,0.01351,0.007773891,0.006789393,0.008078025,-0.00173581,-0.005833881,0.007612021,3.08,0.047000034,-0.0011,0.0002,0,0.00517052
20190711,0.04256,0.029050556,-0.008083753,-0.001908756,0.011007102,-0.010048147,0.057866053,2.96,0.008678529,0.0011,-0.0003,0,0.017206151
20190715,0.00313,0.007262536,0.008702412,0.013754108,-0.002984186,0.010163033,-0.008878116,3.15,0.02313625,0,0.0001,0,0.00444997
20190716,0.00499,0.008483984,0.000324021,0.004253332,0.015127087,-0.010801838,0.025719895,3.13,0.014095719,0,-0.0003,0,0.006870926
20190717,0.00124,-0.015981676,-0.009356851,-0.008407297,-0.017820489,-0.000545162,-0.013036205,3.14,0.0827905,0,0.0005,0,-0.009129669
20190718,0.00557,-0.003533989,-0.009925259,-0.011460278,0.002394494,-0.003048958,0.005853003,3.13,-0.03200277,0,-0.0005,0,-0.00202157
20190719,0.01289,-0.008890001,0.004277883,0.013225835,-0.012332838,0.005552957,-0.037245323,3.11,0.065784979,0,-0.0013,0,-0.003217355
20190722,-0.02908,0,-0.002485562,0.002469417,0.005132087,-0.004795559,-0.003390741,3.11,-0.065784979,0,-0.0005,0,-0.004592908
20190723,-0.00189,0.021903843,-0.00274948,-0.003712548,0.019973834,-0.012248853,0.026112987,3.1,-0.0704193,0,-0.0002,0,0.006769969
20190724,0.00814,0.000116475,-0.00716466,-0.005609836,0.009693129,0.001773391,-0.00313972,3.11,-0.043767113,0,-0.0001,0,0.000544111
20190725,0.01609,0.001396648,-0.0010655,0.000924567,-0.000292355,-0.009774726,-0.000699056,3.11,0.054023622,0,0.0009,0,0.00093994
20190726,0.01281,-0.001280186,0.001025062,0.001025062,-0.001755927,-0.001808086,-0.007545881,3.09,-0.046594768,0,-0.0011,0,0.000352863
20190729,0.03572,-0.006542844,0.008033382,0.003477208,-0.013862484,-0.00730248,-0.028407448,3.08,0.053634309,0,0.0025,0,-0.001269238
20190730,0.00292,-0.026969262,-7.17E-05,0.003873066,-0.014057357,-0.0081301,-0.032789823,3.06,0.082976203,0,0.0001,0,-0.010746447
20190731,0.0276,0.015770936,0.019675794,0.018020132,-0.023157647,0.00592849,-0.00224972,3.05,0.145298414,0,-0.0005,0,0.008798284
20190801,0.04075,0.005026676,-0.036291126,-0.023481167,-0.009982372,0.003182777,-0.016551571,2.92,-0.044430538,0.045,0.002,0,-0.005335255
20190802,0.00434,-0.023314548,-0.006267565,0.014544107,-0.0089946,0.027307975,0.010014811,3.1,-0.040516639,-0.007,0.0006,0,0.002518597
20190803,-0.05196,-0.019527075,0.00153062,0.004820046,-0.017960714,0.006189926,-0.025581354,3.11,-0.033091311,0,0.0002,0,-0.014641222
20190804,0.00071,-0.00123658,0.013712993,0.00936347,-0.012288042,-0.012011818,-0.009356793,3.32,0.027694125,0,-0.0002,0,-0.001586681
20190805,-0.04417,-0.001174022,-0.000442677,-0.005093886,0.004707276,0.01389532,-0.001223669,3.3,0.004132233,-0.0117,0.0003,0,-0.004785951
20190807,-0.07016,-0.010072444,-0.007407617,-0.009996779,-0.007088039,-0.000906915,-0.017820178,3.18,0.049936976,-0.0025,-0.0003,0,-0.017635996
20190808,0.00606,0.019579312,0.002545593,0.003157192,-0.004221471,0.002796523,0.014230775,3.09,-0.141996348,-0.0125,-0.001,0,0.006306846
20190810,-0.02983,-0.006828376,-0.008968034,-0.013029257,-0.019295459,0.01728077,-0.011734928,3.06,0.127071603,0,0.0005,0,-0.010343612
20190811,-0.03693,-0.012347046,-0.007538386,-0.006819487,-0.007125921,-0.005275253,-0.015423661,2.97,-0.053238367,0,0.0009,0,-0.013065679
20190813,-0.00362,0.017617748,0.003850508,0.002964022,-0.001969151,0.008508137,0.030091048,3.09,-0.18545589,0,-0.0008,0,0.008206045
20190814,-0.0369,-0.02635364,-0.007504187,-0.021245762,-0.01090019,-0.020463133,-0.038111033,3.1,0.232234514,0,0,0,-0.023068278
20190816,0.00824,0.025185223,0.000180989,-0.005622728,0.016918632,0.006007518,0.036433708,3.09,-0.136909598,0,0.0002,0,0.01247762
20190819,0.07815,0.004545183,0.005192209,0.012052326,0.003284075,0.006901316,0.024050086,3.09,-0.090018318,0,0.0008,0,0.019167885
20190820,0.00687,-0.006517084,0.004693641,-0.006177421,-0.007569561,0.001103575,-0.022687045,3.07,0.036071441,0,-0.0002,0,-0.004326271
20190821,0.02836,0.001848771,0.009965341,0.007492988,0.022538926,-0.004784454,0.009282019,3.07,-0.102190929,0,-0.0011,0,0.010671942
20190822,0.04364,0.008216368,-0.011655957,-0.006207411,-0.014313842,-0.003291816,0.01258527,3.07,0.054200463,0,-0.0002,0,0.004138945
20190823,-0.06043,-0.021604445,0.002918078,0.004215401,-0.018852882,-0.004356794,-0.031447823,3.07,0.175000684,0,0,0,-0.018508352
20190826,0.01545,0.012032645,-0.008796904,-0.009905121,0.003333336,0.013502699,0.014388737,3.07,-0.028070286,0,0.0014,0,0.005715056
20190827,-0.01072,-0.005564157,0.01694315,0.022519003,-0.000665779,0.007224266,0.013361844,3.07,0.049972536,0,0.0009,0,0.006156904
20190828,0.04351,-0.003104628,-0.009242957,-0.009455262,-0.032490167,-0.016554101,0.017441413,3.06,-0.04842091,0,-0.0011,0,-0.001413672
20190829,0.04355,0.015427643,0.001883556,0.002519669,0.008563162,-0.008355089,0.028507861,3.05,-0.079009716,0,-0.0004,0,0.013156686
20190830,0.00616,0.005130722,0.00884942,-0.004259564,-0.001706776,-0.006369168,-0.011464842,3.05,0.059703046,0,0,0,-0.000522887
20190901,0.04829,-0.002694099,-0.009594536,-0.012995258,0.00869991,-0.003153887,0.007347287,2.9,-0.024228616,0,0.0006,0,0.005128488
20190904,0.03164,0.002920366,-0.003190616,-0.008569796,0.012288042,0.008127291,0.002682315,3.33,0.080159386,-0.0126,0.0018,0,0.0065568
20190905,-0.01872,-0.030357925,-0.140697942,0.001318238,-0.028279902,-0.008024598,-0.027306661,3.3,-0.015584691,0.0102,0.0006,0,-0.036009827
20190907,-0.07232,-0.009234971,0.004906629,-0.011480415,-0.010427623,-0.005601675,0.003167901,3.18,0.009269237,0.0301,0.0014,0,-0.014427165
20190908,-0.01967,-0.013341767,0.004235874,-0.002345892,-0.010796768,-0.001654884,-0.052632822,3.09,0.060798509,0,0.0001,0,-0.013743751
20190909,-0.01421,0.029249996,0.003366917,-0.001725682,0.013324648,-0.000154813,0.028374644,3.05,0.017839948,0,-0.0004,0,0.008317959
20190910,0.01503,0.003890826,0.000200688,0.008551391,0.000708215,-0.010554069,-0.000590377,3.07,-0.084325436,0.0024,-0.0002,0,0.002462382
20190912,-0.02287,-0.003342841,-0.007642075,-0.003847684,-0.007714897,-0.006041755,-0.000470699,3.05,0.152260902,-0.0194,0,0,-0.007418564
20190913,0.00786,0.025004093,-0.001108245,0.002490996,0.022836387,0.013720352,0.042073942,3.05,-0.034338173,0,-0.0004,0,0.016125361
20190916,0.03493,-0.017010805,0.003000602,0.006404328,-0.000313627,0.008505052,-0.017256988,3.06,0.065493327,0,-0.0001,0,0.002608366
20190917,-0.02533,-0.016164937,0.001451138,0.002089115,-0.029282805,-0.000361415,-0.033962802,3.06,-0.015802493,0,0,0,-0.014508815
20190918,0.02533,-0.001596716,0.003823948,-0.002032584,0.002580647,0.001211912,0.001835873,3.05,-0.03452261,0,0.0021,0,0.00445044
20190919,0,0.021343479,0.0113396,0.006024288,0.023560466,0.00074704,0.02248916,3.06,0.007142915,0,0.0003,0,0.012214862
20190920,-0.00058,0.012105206,0.002940733,0.002796449,0.003141693,-0.020261679,0.001612759,3.06,0.086536735,0,0.0013,0,0.000250737
20190923,-0.02415,-0.02877977,0.013498407,0.011013065,-0.025414328,-0.009694747,-0.034982616,3.06,-0.027127026,0,-0.0007,0,-0.014072856
20190924,0.01186,-0.006268184,-0.007461335,-0.010706668,-0.003222691,0.007564019,-0.008192189,3.07,0.13411804,0,0.0005,0,-0.002346721
20190925,-0.01007,-0.0051579,0.002207629,0.004938093,-0.013649871,0.004813522,-0.01165865,3.1,-0.066064565,0,-0.0009,0,-0.004082454
20190926,0.00593,0.00766989,0.009353342,-0.000582865,-0.002621233,0.009317422,0.007537251,3.08,0.006868566,0,0.0006,0,0.005229115
20190927,0.01177,0.007837832,0.008482667,0.011015526,-0.00790518,0.02120564,0.013981027,3.07,0.069117298,0,0.0013,0,0.00948393
20190930,0.00175,0.010803616,0.003685967,-0.01424098,0.003301423,-0.000309251,0.001479837,3.09,-0.058594138,0,-0.0023,0,0.000924373
20191001,-0.02428,0.010733119,-0.004559612,-0.024836753,-0.014216718,0.013435588,0.012063334,2.88,-0.024317285,0,0.0013,0,-0.004523006
20191004,0.00827,-0.008560539,-0.001061896,0.002730222,-0.006125147,-0.002710776,-0.00925076,3.36,-0.071095889,0.0126,-0.0005,0,-0.002386985
20191005,0.01468,0.001539985,-0.006259,0.000578634,0.015875727,0.002883719,0.007343097,3.3,-0.174602696,0.0223,0,0,0.005234595
20191007,0.04162,0.002814591,0.003682407,0.00943913,0.006269613,0.003170365,0.00717853,3.17,-0.078210966,-0.034,0.0009,0,0.010596377
20191009,0.0136,0.019035245,-0.000576015,-0.004822311,0.011842244,0.00293389,-0.003847216,3.04,-0.004594734,0.0124,0.0006,0,0.005452262
20191010,0.05304,0.027850489,-0.007224277,-0.009234532,0.021709536,0.007712335,0.038993552,3.06,-0.059116892,-0.0074,0.003,0,0.018978158
20191012,-0.00113,-0.009897151,-0.005234265,-0.015718122,0.002475249,-0.006084258,0.008750056,3.05,-0.01141416,0.0248,0.0001,0,-0.00383407
20191014,0.01111,-0.007899975,-0.000860223,-0.00362814,0.001992694,-0.006280121,-0.005139512,3.05,-0.067023436,0,-0.0004,0,-0.001529325
20191015,-0.00058,0.035706487,-0.003132014,-0.000311137,-0.004655812,-0.008581851,0.031340306,3.05,-0.073316335,0,0.0002,0,0.007112283
20191016,0,0.00445435,0.004529891,-0.003891241,0.017839918,-0.004074063,0.017502436,3.04,0.01028667,0,-0.0003,0,0.00519447
20191017,0,-0.005730675,0.005833364,0.002321891,-0.016840418,0.009878332,0.002100841,3.03,0.008008755,0,-0.0002,0,-0.000348095
20191018,0.00638,0.000212834,-0.010556022,-0.002816212,0.008950831,0.001024183,0.005580761,3.03,0.032813218,0,0.0007,0,0.001253768
20191021,0.01493,0.01730001,0.006564697,0.003720166,0.03470431,0.004716398,0.020825122,3.03,-0.017699577,0,0.0005,0,0.0146801
20191022,0.01414,0.000209139,0.007824389,-0.000555548,0.007621504,0.008894811,-0.004951773,3.03,0.03232889,0,0.0005,0,0.00474036
20191023,0.01062,0.002819109,0.00264197,-0.002940681,0.021284059,-0.007850054,-0.002056204,3.03,-0.031614843,0,-0.0013,0,0.0035026
20191024,0.00056,-0.002714556,-0.003074675,0.008075141,-0.002480621,-0.004570386,-0.004641975,3.04,-0.02164588,0,0.0003,0,-0.001263867
20191025,0,-0.002826783,0.00348785,0.01723553,0.00217088,-0.008847738,-0.006223011,3.04,-0.080468311,0,-0.0007,0,0.000713818
20191029,0.02198,-0.000624805,0.002433024,0.001717678,0.000613309,0.000977818,0.010478495,3.03,0.006841544,0,0.0003,0,0.005367931
20191030,0.02151,-0.022543881,-0.015638631,-0.002397025,-0.009548817,-0.002235845,-0.018975901,3.01,-0.068181504,0,0.0003,0,-0.007118586
20191031,0.01635,-0.002560274,-0.004928514,-0.024208018,-0.020006919,-0.011183619,-0.010152371,2.99,0.069695544,0,-0.0007,0,-0.008098531
20191101,-0.01279,0.003753713,-0.027327903,-0.047705676,-0.017397452,-0.003641514,0.007962127,2.88,-0.069542444,-0.0073,0.0004,0,-0.013878101
20191102,0.04858,0.016303018,-0.041986161,-0.057762571,0.010592299,-0.022807539,0.018583578,3.1,0.015778175,0.022,-0.0012,0,-0.004071054
20191104,0.02575,0.013594951,0.002088489,-0.004005145,0.023993057,0.002673186,0.005392666,3.36,-0.021277378,-0.0191,-0.0006,0,0.009926743
20191106,0.00293,0.001806468,0.015881648,0.005687066,0.015782472,0.003667236,0.002340551,3.24,0.003131865,0.0098,0.0008,0,0.006870777
20191107,-0.02612,-0.002932038,0.016590424,0.024403362,0.000297575,-0.00930618,0.011448521,3.17,-0.007704154,0.0146,0,0,0.002054523
20191109,0.02366,-0.005627477,0.00507423,0.001273689,0.015252608,-0.000299464,-0.012560195,3.05,-0.039589213,0.0047,0.0009,0,0.00382477
20191110,0.04451,0.046072549,0.009685058,0.005385807,0.041057505,0.019658402,0.033510209,3.06,-0.120204849,0,-0.0012,0,0.028554219
20191112,0.05442,0.002582697,-0.014613459,-0.010228062,-0.005888751,0.022771352,0.000155557,3.07,-0.045002738,-0.0024,0.0003,0,0.007028476
20191113,0.01058,-0.014254844,0.012112733,0.003857003,-0.008568526,-0.00238932,-0.022038149,2.97,0.024923384,0,0.0002,0,-0.0029573
20191114,0.06437,0.003781475,-0.01710952,-0.00266437,-0.019778889,-0.006969005,-0.008209302,2.97,0.003838791,0,0.0006,0,0.001917198
20191115,-0.00312,0.005744296,-0.007329145,0.005723944,0.000605144,0.013848632,0.00531959,2.97,-0.079723473,0,0.0004,0,0.002970352
20191118,0.00052,-0.000790358,0.012523839,0.004739963,-0.011866867,0.005077543,-0.008071069,2.97,0.033458841,0,0.0013,0,0.000304722
20191119,-0.00732,0.00315769,-0.000186112,-0.002204279,0.000611995,0.003888848,0.002913095,2.98,0.031598176,0,0.0002,0,0.000123034
20191120,-0.02982,0.006872879,-0.000169518,-0.009657734,-0.00183711,-0.012281794,-0.001131862,2.99,-0.006240264,0,0.0016,0,-0.006860734
20191121,-0.02463,0.00779731,-0.001516966,0.003268659,0.007024002,-0.013415634,0.008698508,2.99,0.027018269,0,-0.0012,0,-0.001824874
20191122,0.04602,0.000970403,0.00976886,0.004229978,0.012399977,0.003386878,-0.002408672,3,-0.062053666,0,-0.0002,0,0.010623918
20191125,0.00528,-0.001553097,0.016938366,0.006754366,0.004199166,0.000225597,0.028528084,3,-0.038831832,0,-0.0007,0,0.00862464
20191126,-0.01485,-0.008585419,0.005222032,0.020424493,-0.009624134,-0.001373034,-0.005483758,2.99,-0.028194941,0,0.0015,0,-0.002038546
20191127,-0.00375,0.006445964,0.014586205,0.004577906,0.00662653,-0.011528708,-0.005513996,2.99,0.018033983,0,0.0052,0,0.001634843
20191129,0.00578,-0.001372415,0.005091151,0.000514563,-0.018293193,0.000805302,0.002231432,2.99,0.071429607,0,-0.0025,0,-0.000749023
20191202,0.02545,0.012024685,0.027254236,0.015816606,0.015838152,0.012763761,0.022941569,3.09,-0.034398293,0.009,0.0008,0,0.018869858
20191203,0.06297,-0.006599156,-0.005505819,-0.010302031,-0.010967852,0.002275969,-0.004715754,3.05,-0.039862891,0.0135,0.0055,0,0.003879337
20191204,-0.01008,0.033146142,-0.002772095,-0.003583034,0.032596311,0.004728984,0.041158072,3.38,-0.080747017,0.0044,0.0013,0,0.013599197
20191206,-0.01473,-0.010036967,-0.002367056,-0.002865667,-0.007086765,-0.011464064,-0.02126483,3.24,-0.00501568,0.0111,0.0007,0,-0.009973621
20191207,-0.01863,-0.000940071,0.006155649,0.002227725,-0.00148876,0.006599251,-0.00484095,3.16,-0.042660493,0.0175,-0.0003,0,-0.001559594
20191208,-0.05274,-0.013522179,-0.005706018,0.002371634,0.003284075,-0.013763636,-0.014573768,3.09,0.160095339,-0.0153,-0.0004,0,-0.013521413
20191209,-0.01267,-0.001468346,0.002994635,-0.002080622,0.003857285,0.016027662,0.020604114,3.05,-0.027056759,-0.002,-0.0001,0,0.003894961
20191211,0.02609,0.006904061,-0.005315484,0.006340466,0.007975231,-0.003920209,0.020116304,2.97,-0.000788276,0.0022,-0.0002,0,0.00831291
20191212,0.00054,0.02449902,0.001469398,-0.001826991,0.020003744,-0.005232202,0.031238185,3.09,-0.072620922,0,-0.0002,0,0.010098736
20191213,0.01381,0.007714599,0.010759187,0.025936215,-0.007339482,0.003733894,-0.013661415,3.11,-0.09868743,0,-0.0004,0,0.005850428
20191216,-0.0106,0.021853601,0.012195391,0.014135273,0.024258315,0.006686315,0.017723709,3.12,-0.039569132,0,-0.0006,0,0.012321801
20191217,0,-0.002258187,-0.01223167,-0.01611519,0.008056138,0.007468549,-0.006326275,3.14,0.012280107,0,0.0007,0,-0.003058091
20191218,0.01586,0.003573111,-0.00388688,0.016738822,0.00710693,0.011715356,0.004372416,3.14,0.023322325,0,-0.0013,0,0.007925679
20191219,-0.00315,0.004495231,0.001497796,-0.006194559,0.007349732,0.023817995,0.014932337,3.16,-0.006379601,0,-0.0015,0,0.006106933
20191220,-0.01058,0.000933968,0.011726407,-0.005045479,0.001463486,-0.006211302,-0.002522818,3.22,0.000799698,0,0.0012,0,-0.001462248
20191223,0.01949,-0.008437286,0.005804583,7.78E-05,-0.002342607,-0.000757442,-0.008955284,3.21,0.00796178,0,0.0019,0,0.000697112
20191227,0,-0.000188768,0.003850555,0.000706772,-0.005585786,0.009611846,-0.016781708,3.2,0.059833848,0,0.0007,0,-0.001198156
20191230,-0.00628,-0.004541162,0.002793354,0.002193551,-0.010669929,-0.000796895,-0.007498696,3.18,0.098486566,0,-0.0003,0,-0.003542825
20200104,-0.12118,-0.061465579,-0.061398433,-0.035799993,-0.060106545,-0.027646367,-0.040985247,2.55,0.063674315,0.0197,-0.0001,0,-0.058368881
20200107,0.03123,-0.018548113,0.008664274,0.007683034,0.004761914,0.025242164,-0.009325221,2.2,-0.06132317,-0.0139,0.0017,0,0.00710115
20200109,0.0396,-0.013214232,-0.003794962,0.010425453,0,-0.011607726,-0.012072581,2,-0.011041384,0.0119,0.0005,0,0.001333707
20200110,-0.01243,-0.010384646,0.000748026,0.007631859,-0.006172859,0.022589036,-0.012426069,2.1,0.012436562,-0.0071,0.0008,0,-0.001492093
20200113,-0.01454,-0.00441926,0.004090738,0.002186589,-0.000291588,0.007508814,-0.008242834,3.18,-0.019293261,0,-0.0003,0,-0.00195822
20200114,-0.01531,0.004610959,0.0045488,-0.002424724,-0.005556382,-0.002222547,0.008093569,3.18,0.00566579,0,0.0005,0,-0.001180046
20200115,0.02449,-0.023466606,0.001388986,0.00774625,-0.014176256,-0.009167661,-0.026317308,3.18,0.002418359,0,-0.0001,0,-0.005643228
20200116,0.0059,-0.007287083,0.001632678,-0.0015269,0.001189061,0.012092599,0.005044725,3.17,-0.008084149,0,-0.0004,0,0.002435011
20200117,0,0.00315769,0.00511597,-0.001812119,-0.005361943,-0.004720016,0.0025889,3.16,-0.018018449,0,-0.0001,0,-0.00014736
20200121,-0.00805,-0.005561087,-0.003805514,0.001860307,0.004493043,0.00285949,0.005711214,3.16,0.060138357,0,0,0,-0.000356078
20200122,-0.00162,-0.002592483,0.009922965,-0.007708728,0.009814205,-0.011131624,-0.03317469,3.16,0.004658352,0,0.0001,0,-0.005212908
20200123,0.00162,-0.002499127,0.018342556,0.00555469,-0.012507608,0.005587619,-0.001114384,3.16,0.005407483,0,0.0002,0,0.002140535
20200127,-0.0103,-0.021057672,-0.022080306,-0.005549453,-0.01340303,-0.007819605,-0.008716762,3.16,0.224790492,0,-0.0001,0,-0.012703833
20200128,-0.00109,0.011191489,0.003794684,5.17E-05,0.007468295,-0.000618882,0.024502787,3.18,-0.113131161,0,-0.0002,0,0.006471439
20200129,0.00977,0.001718474,0.003439894,-0.007966726,0.00297177,0.000998534,-0.000158215,3.18,0.006733953,0,0.0003,0,0.001539104
20200130,-0.01414,-0.012500798,-0.000239714,-0.004795374,-0.011640185,-0.02122868,-0.020461072,3.18,-0.056476716,0,-0.001,0,-0.012143689
20200131,-0.00659,-0.017434805,0.000433796,0.001128443,-0.004513322,0.009453834,-0.024688575,3.17,0.195787638,0,0.0008,0,-0.00603009
20200204,0.01025,0.006741815,0.004815451,0.003951206,-0.020331069,-0.00891064,-0.011877843,2.57,-0.114044005,0,0.0006,0,-0.00219444
20200206,0.03464,0.029281868,0.038317991,0.038234781,0.074794376,0.00645147,0.016185034,2.29,-0.050491908,-0.0073,-0.0053,0,0.033986503
20200207,0.02601,0.052868953,0.021077156,8.84E-05,0.040042593,0.021756547,0.054689886,2.2,-0.033395662,-0.0367,-0.0024,0,0.030933368
20200209,0.00484,-0.005697229,0.002834865,-0.000504036,-0.021575542,0.005571199,-0.009987137,2,0.017081412,0,0.0005,0,-0.003502554
20200210,-0.01101,-0.00539702,-0.012421449,-0.050124541,0.004773279,-0.002939541,-0.001294312,2.1,0.034238515,-0.021,-0.0014,0,-0.011201941
20200211,-0.01865,0.041659025,0.02882304,0.004660749,0.020549632,0.018649815,0.031524099,2.15,-0.023687052,-0.005,0.0006,0,0.018173766
20200212,-0.00632,0.016712856,0.040157278,0.007227428,0.008566236,-0.020331056,0.004142352,2.04,0.019075429,0.0051,-0.0002,0,0.007165013
20200213,-0.01577,-0.000186654,0.014964615,0.011656361,-0.007047246,0.000514176,-0.006678533,3.15,0.029403327,0,0,0,-0.000363897
20200214,-0.00549,0.002051283,-0.003106925,-0.010343796,0.002542733,-0.00438153,-0.010174194,3.15,-0.033779663,0,0.0006,0,-0.004128918
20200218,-0.02378,-0.00945765,0.005073468,0.00596001,-0.010456503,0.005031072,-0.006380738,3.09,0.080717217,0,-0.0001,0,-0.00485862
20200219,0.01817,0.001489481,0.004615266,0.005492332,-0.001421464,0.009502863,0.005107843,3.04,-0.030813791,0,0.0003,0,0.006136617
20200220,-0.01531,-0.009158087,0.002969984,-0.012826874,-0.010582109,0.013963049,-0.02973289,3.03,0.078865185,0,0.0031,0,-0.008668132
20200221,-0.02958,-0.000751315,-0.001678245,-0.002405411,-0.006345565,-0.0046468,-0.039704866,2.99,0.093204638,0,0.0005,0,-0.012158886
20200224,-0.10151,-0.038694734,-0.034012403,-0.021437159,-0.027278418,-0.016858133,-0.042137584,2.98,0.382166949,0,0.0016,0,-0.04027549
20200225,0.03897,-0.050060502,-0.003452666,-0.006909492,-0.031106237,-0.042666204,-0.018202642,2.96,0.106757847,0,0.0011,0,-0.016203963
20200226,-0.0607,-0.010008854,-0.016458248,0.000113195,0.010982417,-0.002445789,0.011216269,2.95,-0.010467553,0,-0.0001,0,-0.00961443
20200227,-0.09638,-0.060488522,-0.026232719,-0.012968391,-0.061307501,-0.010756496,-0.044806713,2.94,0.351290387,0,-0.0011,0,-0.044705763
20200228,-0.05811,-0.035890361,-0.049633262,-0.054336004,0.000967274,-0.030112128,-0.039427367,2.93,0.023969881,0,0.0023,0,-0.038077407
20200301,-0.01583,-0.012016667,-0.012576084,-0.001169625,-0.005260094,0.008844951,-0.011933316,3.19,0.117159133,0,-0.0017,0,-0.007134405
20200302,-0.01276,0.006121304,-0.006844063,-0.005191664,-0.000301614,-0.005403155,0.010210892,3.17,-0.047278615,-0.0199,-0.0006,0,-0.002024043
20200303,0.11925,-0.0149542,0.036497375,0.027187772,-0.031430203,0.030538406,-0.043356179,2.94,0.096886699,-0.0127,-0.0009,0,0.017676139
20200304,-0.02813,-0.051606567,-0.005273416,-0.005551377,-0.015524245,-0.069987093,-0.035892433,2.55,-0.084176178,-0.0283,-0.0002,0,-0.030280733
20200306,0.05641,0.047297503,0.056959972,0.054904639,0.040483909,0.019867713,0.050359442,2.27,-0.044959965,0,-0.0019,0,0.046611883
20200308,-0.02522,0.03866813,0.018709486,0.009545433,0.02996967,-0.002089743,0.004006985,2.15,-0.007386098,0,0.0001,0,0.010512852
20200309,0.01574,0.007496911,0.00908281,0.018425706,0.000250658,-0.01011606,-0.00621506,1.99,0.234743273,-0.0261,0.0009,0,0.004952138
20200311,0.03013,0.059404885,0.027388236,0.03052026,0.040141908,0.11279019,0.038312035,2.12,-0.043485162,0.0026,-0.0004,0,0.048383931
20200312,0.00127,-0.001669914,0.024390834,0.020313348,0.001623377,0.063964126,0.004873487,2.04,0.005182608,0.0829,0.0002,0,0.016395037
20200313,0.07696,0.023275401,0.017205067,-0.015755069,0.028236081,0.013881601,0.087612668,2.97,-0.266227539,0,0.0004,0,0.033059393
20200316,-0.20212,-0.145260803,-0.093888234,-0.094246888,-0.132032875,-0.084314249,-0.134402287,3.04,0.357591001,0,0.0025,0,-0.126609334
20200317,-0.13468,0.062166906,0.040370823,0.031147672,-0.053488685,0.066314038,0.038832771,3.15,-0.085550229,0,0.0022,0,0.007237646
20200318,-0.10528,-0.100804699,-0.054524257,-0.059425594,-0.114868331,-0.000339291,-0.001427552,3.2,0.007088416,0,0.0032,0,-0.062381389
20200319,0.01012,0.02930134,0.015707938,0.013852915,0.009202519,0.111040639,0.051507557,3.24,-0.059970773,0,-0.0035,0,0.034390415
20200320,0.05786,0.009336452,-0.021236271,-0.010570618,0.066445099,-0.069470033,0.073739616,3.24,-0.086405486,0,0.0002,0,0.015157749
20200323,-0.17522,-0.076268861,-0.054843572,-0.072171787,0.022879123,-0.058435974,-0.042351396,2.61,-0.069761111,0,0.0003,-0.25,-0.065201781
20200324,0.12738,0.088583395,0.046451266,0.059312861,0.11862044,0.02743832,0.095250409,2.62,0.001298037,0,-0.0026,0,0.080433813
20200326,0.13861,0.032144453,-0.003328055,0.005620026,0.020550428,0.005918883,-0.015535685,2.58,-0.047227676,0,-0.0001,0,0.026282864
20200327,-0.06189,-0.036319825,-0.021195701,-0.018454008,-0.070028604,-0.012766325,-0.054830289,2.57,0.071786793,0,0.0006,0,-0.039354965
20200330,0.03774,-0.055928553,-0.007913277,-0.001452167,-0.071489265,-0.020791357,-0.07748026,2.55,-0.138206833,0,-0.001,0,-0.02818784
20200331,0.0378,-0.026543883,0.027866767,0.025887924,-0.010896883,-0.016421925,-0.017613658,2.55,-0.064024769,0,0,0,0.002868335
20200402,-0.00504,0.019461845,0.009684882,-0.006119132,0.007513183,0.007740606,0.030180617,3.15,-0.112994861,0.0316,0.0004,0,0.009060286
20200403,-0.0301,-0.013167366,0.002555038,-3.23E-05,-0.008528109,-0.005900086,-0.025701453,2.89,-0.140617821,0,0,0,-0.011553466
20200405,-0.08606,-0.056123,-0.00132718,0.00850826,-0.051757994,-0.029082878,-0.057836508,2.5,-0.033354579,0,-0.0015,0,-0.039097043
20200406,0.0098,-0.003602609,-0.001344151,-0.002872036,0.03281891,0.008312601,0.007662873,2.25,0.00582864,-0.0306,0.0029,0,0.007253655
20200408,0.07602,0.020239368,0.017170259,0.029375316,0.028099558,0.003709246,0.032240386,2.15,-0.02164949,-0.0021,0,0,0.02955059
20200409,0,0.02930363,0.000165647,-0.025114792,0.016406035,0.000258187,0.012638007,1.99,-0.088636027,0,0.0014,0,0.004808102
20200411,-0.00987,0.00272109,0.016043721,0.035681107,-0.034030778,0.008301593,0.021047339,2.11,-0.184179811,0.0341,0.0006,0,0.005699153
20200412,0.04722,0.019092342,0.022339595,0.002269393,0.019277705,0.030900709,0.013373156,2.05,-0.023295551,0,-0.0003,0,0.022067557
20200414,0.01325,-0.021169518,0.003464393,0.009817219,0.01838943,0.065035498,-0.046372758,2.51,-0.086459494,0,-0.0001,0,0.006059181
20200415,-0.05581,-0.074246283,-0.034660109,-0.069194259,-0.102132419,-0.014115769,-0.069697345,2.51,0.0784117,0,-0.0001,0,-0.059979455
20200416,-0.0146,-0.036281582,-0.028472702,-0.033431806,-0.009685306,-0.001837187,0.006622541,2.5,-0.018036302,0,0.0011,0,-0.016812292
20200421,-0.12516,-0.04070849,-0.003742567,-0.028199152,-0.058831529,-0.003860491,-0.045533186,2.5,0.035413786,0,0.0008,0,-0.043719345
20200422,0,0.03446213,-0.000520726,0.028466847,0.050209505,-0.029805261,0.019237143,2.5,-0.078539038,0,0.0005,0,0.01457852
20200423,0.04082,0.060590067,-0.001783427,0.020900308,0.061941093,0.002521958,0.02673092,2.5,-0.014395605,0,0.0001,0,0.030245846
20200424,-0.03153,-0.031071187,-0.006296386,-0.000340158,-0.00112328,0.015184481,-0.031206536,2.5,-0.141225089,0,-0.0008,0,-0.012340438
20200427,0.06767,0.055107305,0.002900897,0.014838634,0.022504075,-0.028847482,0.041156867,2.5,-0.076315531,0,0.0007,0,0.025047185
20200428,0.05114,0.063098118,0.013388281,0.02571038,0.046432599,0.009017365,0.03649063,2.5,0.008375723,0,0.0005,0,0.035039625
20200429,0.01888,0.036488293,0.017263073,0.002653116,0.073545827,0.032623587,0.020269114,2.5,-0.072253645,0,-0.0002,0,0.028817573
20200430,-0.04112,-0.068236992,-0.042796568,-0.057213068,-0.034456253,-0.005590462,-0.048187038,2.5,0.089383474,0,-0.0005,0,-0.04251434
20200502,-0.01812,0.006471206,0.017420642,0.004633398,0.006862626,0.014627886,0.0198338,3.16,-0.057708295,0,-0.0028,0,0.007389937
20200503,-0.11035,-0.041932078,-0.036836845,-0.007336188,-0.051672011,-0.011034449,-0.015665094,2.87,0.213910668,0,0.0012,0,-0.039260952
20200505,0.02899,0.039773862,0.004567971,0.029860155,0.022325287,-0.016910311,0.003160511,2.5,-0.067861632,-0.0216,-0.0013,0,0.015966782
20200506,0.08566,0.082431685,-0.021179838,-0.026848417,0.080042708,0.034033017,0.046354519,2.25,-0.051272863,-0.0044,-0.0004,0,0.040070525
20200508,-0.01394,-0.006654676,0.018526545,0.023839234,0.009441064,0.001155215,0.009076842,2.15,-0.032944175,-0.0687,-0.0002,0,0.005920603
20200510,0,0.031159192,-0.013963212,-0.010293112,0.011972856,0.020844181,0.016130533,2.1,0.011872776,0,0.0013,0,0.007978634
20200511,-0.01323,0.02268754,0.014997392,0.002858622,-0.001940403,0.086768806,0.001710377,2.11,-0.069669454,0.0174,-0.0003,0,0.016264619
20200513,-0.11029,-0.048610454,-0.009738747,-0.015184996,-0.033021868,-0.013953789,-0.039220713,2.45,0.06559722,0,0.0009,0,-0.038574367
20200514,-0.01905,-0.010240939,-0.006636236,-0.022038512,-0.049989924,-0.01898102,-0.01829127,2.45,-0.078697188,0,0.0013,0,-0.020746843
20200515,0.03031,0.011749235,-0.010296893,-0.006920186,-0.000560381,-0.002478,-0.011362849,2.44,-0.022326547,0,-0.0004,0,0.001491561
20200518,0.02941,0.075278027,0.017770056,0.00730112,0.057718795,0.059374227,0.057390874,2.44,-0.084704972,0,0,0,0.0434633
20200519,-0.07914,-0.009304026,0.006923328,0.005102996,-0.023555693,-0.016826955,-0.013618143,2.44,0.041122339,0,0.0002,0,-0.018631213
20200520,-0.02381,0.01644256,-0.002433266,-0.00171955,0.011043883,0.004552182,0.005990341,2.43,-0.086862534,0,0.0007,0,0.001438021
20200521,0,-0.018737962,0.035151369,0.00060562,-0.041011762,0.011021657,-0.012326812,2.43,0.053559424,0,-0.0006,0,-0.003613984
20200522,0.01435,0.003176847,-0.015774369,0.007931143,0.001951764,-0.011621834,0.042495013,2.43,-0.047504193,0,0.0003,0,0.006072652
20200526,0.0681,0.069972614,0.008502848,0.004931652,0.082972459,0.097525865,0.043488254,2.42,-0.005340928,0,0.0001,0,0.053641956
20200527,0.08163,0.08454867,0.028931639,0.015174672,0.060460004,0.034027904,0.045735677,2.41,-0.014021419,0,-0.0003,0,0.050072652
20200528,-0.00131,-0.001186416,0.009808334,0.004804918,-0.011076444,0.004645586,0.034644118,2.4,0.034516833,0,0.0001,0,0.005761442
20200529,-0.09285,-0.043676388,-0.018546771,-0.000289003,-0.043802623,-0.049374929,0.000130455,2.4,-0.038507428,0,0.0003,0,-0.035487037
20200602,0.01136,0.015997142,-0.002069678,0.022852434,0.039643781,-0.013026403,0.078362801,3.18,-0.012620532,-0.0252,-0.0016,-0.25,0.021874297
20200603,-0.16159,-0.0506245,-0.00288602,-0.025313089,-0.036741826,-0.010069204,-0.018122571,2.83,0.056905978,0.0336,-0.001,0,-0.04362103
20200604,0.09232,0.036129376,0.012948043,0.024063174,0.068036308,0.036714334,0.083143048,2.55,-0.033901498,-0.01,-0.0003,0,0.050479183
20200605,-0.0241,-0.007472015,-0.003405931,0.006213073,-0.018878379,0.013082069,-0.008298803,2.49,0.015060031,-0.0101,0.0001,0,-0.006122855
20200607,0.00291,0.030002929,-0.029130044,-0.009537729,0.0455136,0.008328037,0.036834001,2.19,0.009349231,0,0.0001,0,0.012131542
20200608,-0.01151,-0.003064923,0.007317529,-0.000953817,-0.015701257,-0.019539988,-0.039512871,2.05,-0.014899494,0,0.001,0,-0.01185219
20200610,0.02729,0.049009652,0.01580976,0.000159988,0.029185216,0.001117394,0.053485735,2.1,0.052937167,-0.0054,-0.0002,0,0.025151106
20200611,-0.02748,-0.019371787,-0.018541473,-0.003129378,-0.002500349,0.022614454,-0.031243502,2.11,-0.103830759,0.0054,0.0004,0,-0.011378862
20200615,0.00468,-0.01949098,-0.035034898,-0.037767108,0.001776199,-0.047308275,-0.005935485,2.15,-0.047959214,0,0,0,-0.01986865
20200616,0.06746,0.048797107,0.031397673,0.048815925,0.025406535,0.017418218,0.064142623,2.15,-0.02144943,0,0.0001,0,0.043348297
20200617,0.0032,-0.001528521,-0.018518105,-0.007252154,-0.027182735,0.010886645,-0.002378688,2.15,-0.005957627,0,0.0001,0,-0.006110508
20200618,-0.01462,-0.003901356,-0.003870024,-0.005129403,-0.022472856,-0.019928381,-0.018993238,2.15,-0.015961869,0,0.0008,0,-0.01270218
20200619,0.04464,-0.014483836,-0.008460872,-0.009330575,-0.013730193,0.014198304,0.001818733,2.18,0.064083055,0,0.0003,0,0.00209308
20200622,-0.00367,-0.005681833,-0.008968756,0.011004281,-0.021426064,-0.017988155,-0.001697382,2.19,-0.100248276,0,0.0005,0,-0.006918273
20200623,0.02043,0.033892055,0.008708474,-0.013587447,0.015880763,0.024559783,0.022319141,2.2,-0.012670414,0,-0.0002,0,0.016028967
20200624,-0.03123,-0.050844048,-0.014988293,-0.020899079,-0.062624999,-0.03336085,-0.043411278,2.2,0.07579149,0,-0.0004,0,-0.036765507
20200625,-0.02723,0.019086466,-0.018851128,9.86E-05,0.028691489,-0.021146735,-0.001984866,2.2,-0.049056124,0,0,0,-0.003048022
20200626,-0.04659,-0.019811156,-0.000324623,-0.002702748,-0.012057055,-0.019058814,-0.018043341,2.2,0.075016438,0,0.0004,0,-0.016941105
20200629,-0.01176,0.024773945,0.003145693,0.002051593,0.0230226,0.028710694,0.043302163,2.2,-0.088766671,0,0.0003,0,0.016178098
20200630,0.03005,0.000565611,0.003017134,0.01309206,-0.006660348,-0.03257919,-0.008633847,2.2,-0.043408209,0,-0.0013,0,-0.000164083
20200701,0,-0.000379723,-0.001972868,0.003228219,-0.005022909,0.000125073,0.005944686,3.18,-0.004341571,0.0027,0.0004,0,0.00027464
20200702,-0.03449,0.027779564,-0.000542739,-0.019848383,0.008537331,-0.007753359,0.002015549,3.16,0.033522707,-0.0027,0.0005,0,-0.00347172
20200704,0.04815,0.042185853,0.041707643,0.047609452,0.080698353,0.029633766,0.033620099,2.55,0.031762493,0,0.0003,0,0.046229309
20200705,-0.00816,0.017524123,0.018840843,0.006529826,0.013147705,0.01381919,-0.015883046,2.49,-0.081802707,0,0.0006,0,0.00654552
20200707,-0.02655,-0.003886102,-0.015150804,-0.023238804,-0.011519844,-0.030472099,-0.007466579,2.15,0.0519552,0,-0.0004,0,-0.016897747
20200708,-0.03111,-0.009955912,-0.013854883,0.008758184,-0.00301887,0.030449934,-0.004517011,2.04,-0.019617238,0.016,0.0006,0,-0.003321223
20200710,0.00957,0.002116723,-0.01074981,0.000179261,-0.00836825,0.033328058,-0.011203465,2.1,-0.049366996,0.0103,-0.0001,0,0.002124645
20200712,0.06067,-0.027371646,-0.008723982,-0.011548779,-0.007586381,-0.025297514,-0.011878388,2.05,0.024234891,0,0.0003,0,-0.004533813
20200713,-0.02582,0.028356398,0.001393328,-0.000344292,0.013465194,-0.005201682,0.021136543,2.15,0.165135434,0,0.0002,0,0.004712213
20200714,-0.01501,-0.006113788,0.005346366,-0.014237207,-0.000445931,-0.023995334,-0.004260961,2.15,-0.086587787,0,0,0,-0.008388122
20200715,0.01302,0.026962901,0.010256032,0.011951624,0.01592954,0.004592934,0.012044883,2.15,-0.061471871,0,0,0,0.013536845
20200716,-0.01774,0.000778311,0.001582306,0.002258158,-0.003077602,0.026012362,0.004210053,2.15,0.008608366,0,0.0001,0,0.00200337
20200717,0.0027,-0.015287421,-0.008678425,-0.000770533,-0.020463348,-0.011552112,0.00034058,2.15,-0.086492019,0,-0.0016,0,-0.007673037
20200720,0.03995,0.000921235,0.004243355,-0.01050814,-0.009483024,0.000305965,0.003173167,2.15,-0.048673398,0,0.001,0,0.00408608
20200721,-0.03156,0.01384738,0.011820128,0.007087699,0.010830431,0.029187396,0.014155949,2.15,0.01541617,0,0,0,0.007909855
20200722,0.02669,-0.01938756,0.004571713,0.005960899,-0.009923401,-0.003812238,0.001003512,2.15,-0.021156219,0,-0.0011,0,0.000728989
20200723,-0.0449,-0.006236337,-0.004654315,0.000426136,-0.022926268,-0.017064477,-0.025052089,2.15,0.06986969,0,-0.0004,0,-0.01720105
20200724,-0.02062,-0.01137821,0.002277966,-0.001802182,-0.021566706,-0.014968578,-0.00803125,2.15,-0.009245049,0,-0.0006,0,-0.010869851
20200727,-0.02105,-0.022463677,0.011947528,0.000152951,-0.004750603,-0.008224814,-0.013802922,2.15,-0.043502327,0,-0.0001,0,-0.008313077
20200728,0,-0.004000833,-0.002311881,0.001748359,-0.006209717,-0.018028106,-0.011393792,2.16,0.027901402,0,0.0006,0,-0.005742281
20200729,-0.02151,-0.010282153,-0.00371744,-0.009925556,-0.020818956,0.008433833,-0.028761719,2.17,-0.054110903,0,0.0004,0,-0.012368856
20200730,-0.05015,-0.040472893,-0.029881235,-0.020981577,-0.033834073,-0.073662127,-0.050621628,2.15,0.027017601,0,-0.0009,0,-0.042800505
20200731,-0.00573,-0.00773783,-0.010689958,-0.017567318,-0.04449777,-0.00475514,-0.01261278,2.15,-0.012190364,0,0.0005,0,-0.014798685
20200801,-0.01285,0.002276177,-0.007287324,0.002379834,0.007083855,-0.011969044,0.01268516,3.18,-0.024964597,0,-0.0004,0,-0.001097335
20200804,0.02615,0.007634336,-0.007047907,0.008311329,-0.021579486,-0.049844332,-0.004909993,2.55,-0.074437513,-0.0026,0.0002,0,-0.005898008
20200805,-0.00724,0.011167452,0.006544601,0.016490765,0.024259254,-0.010068199,0.012848142,2.47,-0.116591032,-0.0026,0.0003,0,0.007714574
20200807,-0.03809,-0.024189248,0.01835766,0.001644229,-0.019348185,-0.016338973,-0.009150466,2.15,-0.046956996,0,0.0007,0,-0.012444998
20200809,-0.03637,-0.026415352,0.01888525,0.01434456,-0.009316076,-0.029503439,-0.037919235,1.99,0.022826874,0,0,0,-0.015184899
20200810,0.017,0.018406805,-0.007401675,0.002703285,0.00432784,-0.0032466,0.023874525,2.1,-0.062497323,0,-0.0005,0,0.007952026
20200812,0.02247,-0.004955523,0.030355804,-0.026954828,-0.000400882,-0.00931163,-0.01429133,2.05,-0.029539972,0.0113,-0.0002,0,-0.000441198
20200813,-0.01681,-0.022322654,-0.007991492,-0.004133248,-0.011007529,0.005054299,-0.016158557,2,-0.00675533,0,0,0,-0.010481312
20200814,0.00315,-0.008961363,-0.01049506,-0.00714682,-0.003857285,0.013442311,0.004124718,1.99,-0.003621549,0,0.0004,0,-0.001391928
20200817,0.03133,-0.010006252,-0.004657833,-0.029234607,-0.019020325,-0.002304309,-0.015248847,1.99,-0.03226081,0,-0.0004,0,-0.00702031
20200818,0.05158,-0.011221286,-0.000587087,-0.005227472,-0.001478197,-0.00936434,0.003068428,1.99,0.007466196,0,0.0008,0,0.003824292
20200819,0.02005,0.025989775,-0.014448792,-0.000796703,0.005409406,0.004987332,0.020379162,1.99,0.046773595,0,0.0005,0,0.00879574
20200820,-0.03646,-0.024180324,0.002125941,0.005049588,-0.016316802,0.003760391,-0.018297996,1.98,0.007954014,0,-0.0004,0,-0.0120456
20200821,-0.00738,-0.016686919,-0.00923742,0.013169237,-0.00324554,-0.007095467,-0.006502691,1.99,-0.007954014,0,0.0006,0,-0.005282686
20200824,-0.01681,0.025823195,-0.003208548,0.01835763,0.020052659,-0.003008162,0.02107136,1.99,-0.007570736,0,-0.0003,0,0.008896876
20200825,-0.00113,0.002064837,0.006734714,0.008742913,0.004889985,-0.008500803,-0.005923257,2,-0.015315621,0,0.0002,0,0.000982627
20200826,0.02495,0.014742282,6.68E-07,0.006645219,0.008742163,0.004187064,0.008691508,2,0.054759805,0,0,0,0.009708415
20200827,-0.01258,-0.011173301,-0.000279275,-0.004704066,-0.018546164,-0.005937398,-0.018805528,2,0.050282852,0,0.0003,0,-0.01028939
20200828,0.03657,0.035403119,0.000490289,-0.012902786,0.025773369,-0.00239178,0.033954622,2,-0.063694318,0,-0.0005,0,0.016699548
20200831,-0.00432,-0.03334987,0.03409422,0.026801812,-0.021840227,-0.009502596,-0.023598148,2,0.139989189,0,-0.0002,0,-0.004530687
20200901,0.01815,-0.00722574,0.00317418,0.018653673,0.006157474,-0.030067164,0.014155045,3.18,-0.07005556,0,0.0006,0,0.003285353
20200903,-0.16935,-0.131030859,-0.092196122,-0.065373465,-0.088782133,-0.041659802,-0.144384749,2.85,0.261226478,0.0057,0.0037,0,-0.104682447
20200904,-0.00083,0.052396377,0.034245869,0.038573938,0.035526713,-0.00164982,0.016677222,2.54,-0.039525267,-0.017,-0.0003,0,0.024991471
20200906,0.03951,-0.033246201,0.015008632,0.010240113,-0.031774567,-0.0027263,-0.037819171,2.25,0.065966221,0,0.0009,0,-0.005829642
20200907,-0.02007,-0.023379857,0.01938271,0.00779533,-0.026238559,0.012582238,-0.035049763,2.15,0.041163827,-0.0116,-0.0004,0,-0.009282557
20200909,0.01748,0.009970717,-0.014231316,-0.004003562,0.002460026,0.060737598,0.03178048,1.99,-0.087994338,0,0.0001,0,0.014884849
20200910,0.0108,-0.00893661,-0.016993061,-0.003889105,-0.021553146,0.006711066,-0.016975613,2.1,-0.052971908,0.0029,-0.0006,0,-0.007262353
20200911,0.25435,0.165351207,0.050292999,0.037002223,0.128511862,0.087067815,0.128597112,2.1,0.035174516,-0.0058,-0.0009,0,0.121596174
20200912,0.04029,0.005853895,0.004846526,0.025784506,0.018276234,0.025037828,0.013668781,2.04,0.074073437,0,-0.001,0,0.019108253
20200914,0.06145,0.012658397,0.01240811,0.013888512,0.010795002,0.003856389,0.003840679,1.98,-0.038699838,0,0,0,0.016985298
20200915,0.00988,-0.020303163,-0.003442828,-0.000351635,-0.010795002,-0.034768375,-0.017085905,1.97,-0.01010896,0,0.0001,0,-0.010980987
20200916,-0.03673,-0.003494308,0.001626872,-0.015824847,0.012745271,0.016050927,-0.003780723,1.96,0.017432196,0,-0.0001,0,-0.004200973
20200917,-0.01681,-0.008012976,-0.006301092,0.001902483,-0.020670027,-0.018157871,-0.014242357,1.96,0.016000272,0,0.0001,0,-0.011755977
20200918,-0.02558,-0.023708623,0.000499207,-0.015630195,-0.035428807,-0.016087672,-0.031748698,1.96,-0.02409752,0,-0.0005,0,-0.021097827
20200921,-0.07476,-0.06585943,-0.035279213,-0.067717796,-0.053981359,-0.098284098,-0.063727991,1.96,0.072779758,0,0.0005,0,-0.065658555
20200922,0,-0.005262355,0.004285581,0.031554649,0.006774176,0.0020438,-0.018918138,1.98,-0.033678148,0,0.0005,0,0.002925388
20200923,-0.01347,-0.024029425,0.02338928,0.012700713,-0.019359841,-0.031633734,-0.031952532,2,0.062068956,0,0.002,0,-0.012050791
20200924,-0.00039,-0.009422732,-0.001790449,-0.033405257,-0.006352735,0.040361631,0.022574984,2.02,-0.002452259,0,0.0018,0,0.001653635
20200925,-0.0035,-0.029639037,-0.021516232,-0.004244419,-0.024969736,-0.02611657,-0.023316549,2.04,-0.077648795,0,-0.0022,0,-0.01904322
20200928,0.00582,0.050598838,0.0182246,0.018417455,0.029393299,0.012253743,0.053020289,2.07,-0.007228437,0,0.001,0,0.026818318
20200929,-0.00621,-0.026269122,0.008119998,-0.018909511,-0.021188415,0.021058366,-0.011889737,2.09,0.003049942,0,-0.0005,0,-0.007898346
20200930,0.00814,-0.000645474,0.012123444,0.018950245,0.007299302,0.000518125,0.003127668,2.11,0.003799411,0,0.0003,0,0.00707333
20201001,-0.01064,-0.004590674,0.009020787,0.001977472,0.002627355,0.033216907,-0.008767424,3.18,0.001593662,0.003,-0.0001,0,0.003263489
20201002,0.00058,-0.003672566,-0.003755621,-0.00130464,-0.019168088,0.016178017,0.004162188,3.17,-0.028189366,-0.0119,0.0015,0,-0.000997244
20201003,0.12938,0.024703441,0.0092437,0.009205405,0.007740923,-0.011238892,-0.035447946,2.84,-0.140956191,0,-0.0005,0,0.019083804
20201006,-0.0455,-0.021454935,-0.010865148,0.004518313,-0.036674289,-0.019052894,-0.033611823,2.23,0,-0.0061,0.0005,0,-0.023234397
20201007,-0.01823,0.0324173,-0.030019082,-0.000882488,0.031675818,0.017298229,0.026401819,2.15,-0.069701035,0,0.0006,0,0.008380228
20201008,-0.04735,0.009397643,-0.003878266,0.010402002,0.020696413,0.042321171,0.01756568,2.04,-0.003608481,0,-0.0011,0,0.007022092
20201009,-0.00174,0.00582697,0.007597663,0.001659648,0.012695483,-0.003814496,0.012483334,1.99,0.030761128,0,0.0005,0,0.004958372
20201011,0.01111,0.073615931,0.013143685,-0.022408735,0.063498352,0.046969675,0.050388492,2.07,-0.037591005,0,0.001,0,0.033759629
20201012,-0.09745,-0.024658939,-0.004356054,0.006382867,-0.013875346,-0.03695302,-0.016197228,2.04,0.011163322,-0.0062,0.0005,0,-0.026729674
20201013,-0.00193,-0.041549003,-0.013316727,0.001785659,-0.024426094,-0.017922465,-0.037305858,2.1,0.039113316,0,0.0005,0,-0.019237784
20201014,-0.0176,0.011587615,-0.008433452,0.016632282,-0.006345565,-0.024620375,-0.003397031,2.1,0.012578779,0,0.0002,0,-0.004596647
20201015,-0.028,-0.027565399,-0.012970768,-0.016741768,-0.002027517,-0.054300531,-0.033300374,2.1,0.021361116,0,-0.0002,0,-0.024986622
20201016,0.00607,0.01690975,0.003080085,0.014302417,0.014107043,0.01588254,0.006429011,2.1,0.016182793,0,0.0002,0,0.010968692
20201019,-0.00404,0.010809247,-0.006298396,0.005120324,0.020934286,-0.013892409,0.004359838,2.1,0.062575649,0,-0.0003,0,0.002427556
20201020,0.04163,0.017055385,0.008249384,-0.009637434,0.008363584,0.026997575,0.022936785,2.15,0.005809006,0,-0.0001,0,0.016513611
20201021,0.00966,-0.01460102,0.024390942,-0.004862991,-0.012852929,-0.01536872,-0.038427377,2.16,-0.024139129,0,-0.0002,0,-0.007437442
20201022,-0.03922,-0.001533272,-0.009028885,-0.014005966,-0.002252253,-0.015164362,0.003675124,2.16,-0.019028023,0,-0.0002,0,-0.011075659
20201023,0.00399,0.027693379,0.000451799,-0.006964809,0.03326249,-0.034525529,0.019183847,2.16,-0.020122899,0,-0.0005,0,0.006155882
20201027,-0.00215,-0.048979863,-0.003693039,0.00469637,-0.03326249,-0.028267686,-0.040213907,2.16,0.027049193,0,0.0005,0,-0.021695802
20201029,-0.07593,-0.015070982,-0.022245438,-0.009355,-0.000872981,-0.000527747,-0.008903079,2.15,-0.069116976,0,-0.0003,0,-0.018986461
20201030,0.00463,0.01859418,-0.011353778,-0.006870682,0.023307054,0.002296693,0.021954605,2.15,0.011374287,0,-0.0024,0,0.007508296
20201102,0.05459,0.020887988,-0.010620462,-0.000756017,0.020017826,-0.00267857,0.014926711,3.17,0.009265476,-0.0183,0.0005,0,0.013766782
20201103,-0.06002,0.029309254,-0.050247881,-0.062291605,-0.015542235,-0.072558148,0.026820167,2.83,0.130620227,0,-0.0005,0,-0.029218635
20201105,-0.00929,-0.025126509,-0.01387235,-0.01232659,0.004325156,-0.027049214,0.005305052,2.46,-0.014761739,-0.0222,-0.0001,0,-0.011147779
20201108,0.01205,0.045707431,0.004835598,0.020339929,0.037776889,-0.016324238,0.047530505,2.04,0.082368962,0,0.0002,0,0.021702302
20201109,-0.01399,-0.024483203,0.024199983,0.04548088,-0.016634434,-0.00107177,-0.020396333,1.99,-0.100473205,0,-0.0002,0,-0.000984982
20201112,0.0704,-0.00797001,-0.016573688,-0.006972924,-0.020569388,-0.020155756,-0.009666827,2.04,0.034478607,-0.0064,0.0003,0,-0.001644085
20201113,-0.02603,0.009312929,-0.01610421,-0.000103869,0.028683961,0.011663889,0.015404031,2.05,-0.092946111,0,0.0001,0,0.003260962
20201116,0.151,0.017015874,0.006961495,0.018442164,0.041755132,0.080478339,0.022308477,2.04,-0.028541986,0,0.0011,0,0.048280212
20201117,-0.02391,0.007973057,-0.00319915,-0.007266788,0.009852296,0.007600341,0.016143848,2.04,0.011514668,0,0,0,0.001027658
20201118,0.07756,0.004996659,-4.47E-05,0.012047342,0.013548048,-0.036111974,0.008857454,2.04,0.048559533,0,0,0,0.011550401
20201119,-0.0096,-0.007933159,0.004936652,0.004928978,-0.001683502,-0.020397159,-0.012303479,2.04,-0.031099398,0,-0.0001,0,-0.006007381
20201120,-0.00362,0.003547187,0.021556047,0.015254005,-0.012717424,0.01021411,0.008179762,2.04,0.02520963,0,-0.001,0,0.006059098
20201123,0.02597,0.013100624,0.015893994,0.008215839,0.010609053,0.021135035,0.033322872,2.05,-0.044873831,0,0.0012,0,0.01832106
20201124,0.00206,0.052696263,0.018829133,0.028187421,0.020886306,-0.003887714,0.049350104,2.05,-0.046057823,0,-0.0006,0,0.024017359
20201125,-0.03289,0.000457195,-0.000162973,-0.007004515,0.016807118,0.022135934,0.010703383,2.04,-0.01818653,0,0.0003,0,0.001435163
20201127,0.00847,0.010551767,0.013690809,0.011540052,0.008442261,-0.011982225,0.002642591,2.04,-0.019482671,0,0,0,0.006193608
20201202,0.02568,0.015991311,-0.014228314,-0.003153021,0.007896262,-0.024583178,-0.003675435,3.16,-0.099667522,-0.0198,-0.0007,0,0.000561089
20201203,-0.13206,-0.140042408,-0.054476025,-0.093078863,-0.130121831,-0.086703041,-0.189466459,2.86,0.336604736,0,0.001,0,-0.117992661
20201205,-0.01376,-0.01001439,-0.000528271,-0.014086115,-0.015349496,0.034791588,0.006178906,2.46,0.180990762,0.0217,0.0005,0,-0.001823968
20201206,0.018,0.006310979,0.005013129,0.039987793,0.034821515,-0.026873453,-0.001132574,2.17,-0.122421153,0,0.0001,0,0.010875341
20201208,0.0295,0.008896029,0.008330888,0.015696027,-0.001426873,0.004318766,0.013124022,2,-0.075613632,0,-0.0004,0,0.011205551
20201210,-0.04316,0.003584233,0.005581627,0.003615415,-0.017246603,0.000996896,-0.009753532,2.1,0.002796075,0,0.0008,0,-0.008054566
20201211,-0.00534,-0.038325519,-0.020578723,-0.007515825,0.000924214,0.016537929,-0.013676702,2.07,0.077908218,-0.0186,0.0002,0,-0.009710661
20201214,0.03449,0.023721963,0.016651914,0.01371045,0.020170107,-0.004039021,-0.016755128,2.04,0.058730175,0,-0.0003,0,0.012564326
20201215,0.01972,0.024278196,-0.0080759,-0.002171619,0.015455033,0.011853045,0.025155331,2.04,-0.076912498,0,0,0,0.012316298
20201216,0.03189,-0.023712105,-0.006899059,0.006547467,-0.003150849,0.031606948,-0.011344204,2.04,-0.017184798,0,0.0001,0,0.0035626
20201217,-0.01521,-0.00294718,9.40E-05,0.002294205,-0.001974334,-0.018079696,-0.001924681,2.04,-0.025659733,0,-0.0001,0,-0.005392529
20201218,0,-0.010957763,-0.01545166,0.006282279,-0.013930574,-0.037746024,-0.00838336,2.04,-0.01655213,0,0.0003,0,-0.0114553
20201221,-0.08414,-0.043393299,-0.002933434,-0.016379605,-0.037154713,-0.004479202,-0.039899612,2.05,0.15395198,0,-0.0012,0,-0.032625695
20201222,0.00775,0.018290296,0.014384138,0.005803482,0.024246102,0.021902719,0.014053634,2.04,-0.03766391,0,0.0008,0,0.015204339
20201223,-0.00221,0.031281513,0.008748201,0.001383825,0.012507728,0.032285235,0.022082916,2.04,-0.038709086,0,0.0008,0,0.015154203
20201228,0.06936,-0.003774668,0.006179584,-0.00944973,0.003602165,0.031599616,0.000909623,2.03,0.007864952,0,-0.0023,0,0.014060941
20201229,-0.00828,0.000343741,0.003941308,-0.000104551,0.000798722,0.001690597,-0.000389737,2.03,0.061654143,0,0,0,-0.000285703
20201230,-0.01255,-0.007820626,0.001682461,0.001682461,-0.004400887,-0.013662348,-0.006256538,2.03,-0.013522538,0,-0.0017,0,-0.00590364
20210102,-0.00265,0.010005086,0.010153691,0.006086272,0.023484445,0.002409236,0.014581539,1.54,-0.090065583,0,0.0004,0,0.009152896
20210103,0.06839,-0.002845241,-0.01354804,-0.001929106,0.021747867,0.018513405,0.035204372,1.61,-0.179820226,0,0.0002,0,0.017933322
20210104,0.05534,0.005190822,0.011664459,0.016104694,0.006204777,0.002319854,0.000221877,1.67,-0.112833947,-0.0403,-0.0016,0,0.013863783
20210107,-0.03589,0.011471682,-4.52E-05,-4.52E-05,0.030556165,-0.00564833,0.024815169,1.5,-0.02235803,0.0107,0,0,0.003602042
20210109,-0.01846,0.019718689,0.01612437,0.011686719,0.023063349,-0.007057788,0.015958285,1.6,-0.022707262,0,0.0001,0,0.008719089
20210110,0.0109,-0.009970172,0.000575326,-0.008796763,-0.001840895,0.022073457,-0.002089137,1.79,-0.092289637,0,-0.0006,0,0.001550259
20210113,0.03207,-0.006971754,0.00406709,0.013285511,-0.012918113,-0.03191317,-0.008884498,1.78,-0.049197486,0,0,0,-0.001609276
20210114,-0.0239,0.002329323,0.011187605,0.008137942,0.006099905,0.013252956,-0.014177453,1.78,0.045762535,0,0.0005,0,0.000418611
20210115,0.00348,-0.015519767,-0.022349017,-0.013125815,-0.008013781,-0.023891085,-0.018398718,1.78,0.045815962,0,0.0001,0,-0.013974026
20210119,0.04733,-0.015633226,-0.006803643,0.004111069,-0.002628122,0.009258185,0.001543012,1.59,-0.046246172,0,0.0001,0,0.005311039
20210120,0.01344,0.007003304,0.00159829,0.000283366,0.001877935,-0.016155461,0.041032688,1.59,-0.074107966,0,-0.0001,0,0.007011446
20210121,-0.02478,-0.001802614,0.001416202,0.008761079,-0.010183003,-0.016796832,-0.01290821,1.59,-0.012121371,0,-0.0001,0,-0.008041911
20210122,-0.05388,-0.028712295,-0.000426404,-0.002583905,-0.013356428,0.01442681,-0.032502544,1.6,0.027297562,0,0.0004,0,-0.016719252
20210125,-0.06334,-0.044008762,-0.008907567,-0.004007778,-0.031612388,-0.032665094,-0.043384746,1.58,0.056778028,0,-0.0003,0,-0.032560905
20210126,-0.00257,0.018265348,0.008680348,0.001618392,0.034681052,0.027200211,0.043513786,1.56,-0.007357751,0,0.0003,0,0.018769877
20210127,-0.07304,-0.035512427,-0.002677729,-0.002216458,-0.014660756,-0.006414089,-0.00777206,1.55,0.480214095,0,0.0005,0,-0.020327646
20210128,0.08784,0.016640541,0.001057045,0.001908972,-0.008979174,0.001349935,0.004799905,1.54,-0.208404553,0,0.0001,0,0.014945318
20210129,-0.04481,-0.035195335,-0.011217461,-0.005835117,-0.009852296,0.004963152,-0.022246403,1.54,0.091058161,0,-0.0007,0,-0.017741923
20210202,-0.00479,0.034850993,-0.010329636,-0.000583705,0.015355388,0.006069248,0.009862525,1.54,-0.168136935,0,-0.0017,0,0.007204973
20210203,0.0471,0.026411135,0.003850417,0.006614377,-0.000358616,-0.002923615,-0.003510564,1.68,0.031614856,0.0078,-0.0003,0,0.011026162
20210206,0,0.005100706,0.017886889,0.022940126,0.007023734,-0.033542673,-0.00340974,1.53,-0.023743347,0,0.0005,0,0.002285577
20210207,0.0024,-0.019066175,-0.002929894,-0.009858161,-0.010398707,0.008438305,-0.018803127,1.5,-0.026842846,0,0.0007,0,-0.007173966
20210208,0.05226,-0.009765703,-0.000571898,0.006545579,0.019376931,-0.003120482,-0.019782841,1.52,0.064744058,-0.0076,0.0003,0,0.006420227
20210209,0,0,-0.007021323,0.002744262,0.004319661,-0.001586411,0.004460145,1.6,0.018450661,-0.0077,0.0005,0,0.000416619
20210211,-0.00814,-0.004030232,-0.001220841,-0.004050592,0.003685184,0.0318137,-0.007948465,2.36,-0.023428886,0,0.0003,0,0.001444108
20210212,-0.00237,-0.002477001,0.003519511,-3.69E-06,-0.005976372,-0.021418891,-0.009761466,2.66,-0.107433499,0.0388,0.0002,0,-0.005498272
20210216,-0.02563,0.001261034,-0.000174379,-0.002360092,-0.006295151,0.064213689,-0.002477147,1.55,0.071959581,0,0,0,0.004076851
20210217,-0.02986,0.000839807,0.000135892,-0.021988934,-0.00596127,0.014192168,-0.01992074,1.54,0.001862241,0,0.0001,0,-0.008937582
20210218,-0.02085,-0.012140556,0.011204987,0.002187751,-0.026123007,0.005895706,-0.019833953,1.55,0.045017821,0,-0.0001,0,-0.008522725
20210219,0.00026,0.026206951,0.003902309,-0.0092534,0.012957498,-0.002357351,0.02536082,1.55,-0.019758189,0,0.0003,0,0.008153832
20210222,0.03926,0.019975056,0.001571748,-0.013425711,-0.00265403,-0.031318436,-0.001798885,1.55,0.06155796,0,-0.0002,0,0.001658535
20210223,-0.01995,0.003037977,0.004078081,0.011265176,0.022894601,-0.049739744,0.021258446,1.55,-0.014605077,0,0.0001,0,-0.001022209
20210224,-0.01594,0.01445518,-0.008973498,-0.017454666,0.028531562,0.050150992,0.027011438,1.55,-0.079682198,0,-0.001,0,0.011111573
20210225,0.03763,0.002786626,0.00883179,-0.000910806,0.017516087,0.012727102,-0.001029925,1.55,0.30291224,0,0.0012,0,0.011078696
20210226,0.02902,-0.020787011,2.89E-05,-0.011531873,-0.033510612,-0.013225141,-0.022462447,1.59,-0.033078266,0,0,0,-0.010352601
20210302,-0.00187,0.007065475,-0.016219723,-0.001464257,-0.001143511,-0.011837209,0.04098727,1.53,-0.109455119,-0.0599,0.0014,0,0.002216864
20210303,0,0.024861807,0.004041924,0.00447385,0.002507614,-0.018241444,0.024872445,1.7,0.101327485,-0.0287,0.0001,0,0.006073742
20210308,-0.01933,0.008793413,0.00044834,-0.004885014,-0.00120012,0.009703607,-0.003031837,1.52,-0.075769464,0.0288,-0.0001,0,-0.001357373
20210309,0.00949,-0.017116457,-0.016618346,-0.003096185,0.002009474,-0.016219188,0.006468926,1.6,0,-0.0311,0.0014,0,-0.005011682
20210311,0.01577,0.00754341,0.00231113,-0.001857107,0.029002551,-0.035641557,0.016706623,2.36,-0.05976724,-0.0032,-0.0001,0,0.004833579
20210312,0.00378,-0.004972484,0.013135436,0.004346343,0.007270871,-0.013794867,0.010840215,2.66,0.092867754,-0.0292,-0.0001,0,0.002943645
20210316,0.04167,-0.012424932,0.010294386,0.006253985,-0.00141243,-0.008087986,0.020299204,1.7,-0.012054378,0,0.0001,0,0.008084604
20210317,-0.01026,0.009526659,-0.006779158,-0.010888767,0.010894502,-0.031598421,0.017680725,1.7,-0.02870527,0,0.0003,0,-0.003060637
20210318,-0.06209,0.023143426,-0.010253067,0.008665531,0.013539523,-0.035267366,0.00389864,1.7,0.11529542,0,-0.0002,0,-0.008337616
20210319,-0.02398,-0.033451793,0.016989821,0.006382525,-0.009353957,-0.01034279,-0.034775879,1.7,-0.029628274,0,-0.0001,0,-0.012647439
20210322,0.02552,-0.008639363,0.01460376,-0.002860098,-0.004535155,0.015591209,-0.011829273,1.7,-0.104035567,0,0.0009,0,0.003978726
20210323,-0.0088,-0.006925921,0.001181229,-8.86E-05,0.002095705,-0.004944361,-0.007298495,1.69,0.072517732,0,-0.0001,0,-0.003540065
20210324,-0.0011,0.014978601,-0.000919911,-0.001753122,0.021060678,-0.008998574,0.008509749,1.68,0.043380369,0,-0.0003,0,0.004539632
20210326,0.01754,0.016390611,-0.001340508,-0.002176798,0.003447091,0.015811814,0.000991353,1.67,-0.049143524,0,-0.0003,0,0.007237652
20210329,0.0166,-0.019543323,-0.020396602,0.005101359,-0.012814028,0.010884454,-0.013522707,1.67,0.095020882,0,0.0057,0,-0.004812978
20210330,0.00576,0.037762256,0.007194316,0.002473936,0.019330944,-0.02493642,0.019887961,1.67,-0.05602452,0,0.0017,0,0.009638999
20210331,-0.02519,-0.014162916,-0.002379321,-0.012282886,-0.011346176,0.018591402,-0.014101809,1.68,-0.010766625,0,-0.0001,0,-0.008695958
20210401,-0.00042,-0.002206353,0.004657418,-0.00293642,0.00599642,0.005160035,-0.008535276,2.01,0.170159966,-0.0033,0.0005,0,0.000245118
20210402,-0.02573,0.013865246,0.00535687,0.004295039,0.017766485,-0.002972947,0.025816568,1.54,-0.051040594,0,0.0002,0,0.005485323
20210403,0.00753,-0.001354358,0.025628749,0.013240637,-0.009345862,-0.012115722,-0.01505129,1.69,0.068817865,0.0282,0.0005,0,0.001218879
20210406,0.00456,-0.005761692,-0.000141555,-0.007387974,-0.016042345,0.005033674,-0.007783618,1.5,-0.094091457,-0.0033,0.0001,0,-0.00393193
20210408,0.00177,0.011797835,-0.000205681,-0.001989805,0.004493043,0.014055341,0.00283,1.52,-0.003887903,-0.0033,0.0002,0,0.004678676
20210410,0.01167,-0.009518651,-0.001981132,-0.013344894,-0.013782354,0.019215071,-0.011568928,1.81,0.084480473,0,0.0019,0,-0.002758698
20210411,0.00045,-0.013450102,0.015055459,0.005704309,-0.011035657,0.011722895,-0.002094973,2.4,0.022266748,0,0.0003,0,0.000907419
20210413,0.01613,0.004269364,-0.022859722,0.002023212,-0.007197975,-0.017608898,-0.001969987,1.61,-0.01549496,0,0.0002,0,-0.003887715
20210414,-0.00216,0.006562463,-0.003545007,-0.00511841,-0.004481993,0.001839725,-0.011080769,1.6,0.020214729,0,0.0009,0,-0.002569142
20210415,-0.01221,-0.004241379,-0.005135332,1.93E-05,-0.001037165,0.000747534,-0.011442177,1.59,-0.025031109,0,0,0,-0.004757029
20210416,-0.0097,0.021785689,-0.006688536,-0.000207632,0.016807118,0.001984861,0.010620822,1.59,-0.019500904,0,0.0002,0,0.004943189
20210419,-0.05554,0.008095686,0.001841214,-0.003616347,-0.001020929,-0.002287483,0.012366,1.59,0.062035444,0,-0.0005,0,-0.005737408
20210420,0.03179,-0.048012293,0.009773738,0.009800529,-0.03252882,-0.014103808,-0.052972812,1.59,0.077325096,0,0.0005,0,-0.013750495
20210421,0.03169,-0.009289522,-0.007350862,0.000391112,-0.004583121,-0.018560554,-0.007854729,1.59,-0.065252568,0,-0.0003,0,-0.002222525
20210422,0.06382,0.006334146,0.003513035,-0.004497688,0.001765226,-0.011132204,-0.007172035,1.59,0.06685721,0,0.0003,0,0.00751864
20210423,0.01959,-0.003360019,0.00062506,0.00681696,0.009828089,-0.001721395,0.003345106,1.59,-0.076618992,0,-0.0006,0,0.005017686
20210426,0.03417,0.027340113,0.011819194,0.002328705,0.017999794,0.011079207,0.021777225,1.59,0.017729917,0,-0.0006,0,0.018073463
20210427,-0.02332,-0.00096367,0.007621241,0.010977361,0.014643544,-0.022383994,0.017633756,1.59,-0.004545458,0,0.0015,0,0.000601177
20210428,0.03497,0.030759972,0.002849781,0.010415444,-0.006443977,0.000929234,0.013581549,1.59,-0.016073755,0,-0.0002,0,0.012437429
20210429,0.01912,0.00652318,-0.003673601,0.000116675,0.011502157,0.018479747,0.008526595,1.59,0.018917154,0,0,0,0.008656393
20210501,-0.03608,-0.002094729,-0.002805212,-0.002353903,-0.011625707,-0.001981519,-0.011005879,1.91,-0.062340931,0,0.0003,0,-0.009706707
20210502,0.01633,0.025791392,0.008343052,0.000310881,0.005976858,0.022559249,0.021508775,1.54,-0.042220135,0.041,-0.0003,0,0.014402887
20210503,0.01806,-0.00116234,0.00029848,0.045565844,0.012204028,-0.010856408,0.002580357,1.7,-0.147174714,0,0.0011,0,0.009527137
20210505,-0.00076,0.034278483,0.008975457,0.010062786,0.040269467,0.006159044,0.025300417,1.59,-0.017085579,0,-0.0003,0,0.017755093
20210508,0.01582,0.007661405,0.000814373,0.014999027,0.002089865,0.010256348,0.025115931,1.52,-0.039153859,0,-0.0008,0,0.010965278
20210510,0.01682,0.045131254,0.002159176,-0.001657668,0.047938327,0.016513241,0.042456765,1.81,-0.075046495,0,-0.0021,0,0.024194442
20210511,-0.00628,0.007251908,7.17E-05,7.17E-05,0.048851606,0.032363402,0.006445454,2.43,0.065185979,0,-0.0001,0,0.012682243
20210513,0.00156,-0.009586439,-0.001369721,-0.000111068,0.004042923,-0.011276389,-0.019002947,1.54,-0.176322954,0,-0.0001,0,-0.005106234
20210514,0.00156,0.01733023,0.004750298,-0.000938468,0.03716541,0.026084863,0.019786953,1.54,-0.206741825,0,-0.001,0,0.015105612
20210517,0.01778,-0.001052447,-0.002104906,0.001068136,0.008338345,0.008005021,0.003129893,1.54,0.047244699,0,0.0009,0,0.005023435
20210518,-0.00038,0.001578255,-0.01114649,0.005955131,0.016762633,0.004312229,0.008944256,1.54,0.078949939,0,-0.0002,0,0.003718002
20210519,-0.03471,-0.019998897,-0.001394993,-0.00585422,0.000874508,0.00282675,-0.012662096,1.54,0.038607743,0,0.0001,0,-0.010131278
20210520,-0.016,0.004814989,-0.001514331,0.009291717,0.007547206,-0.004808869,0.004303606,1.54,-0.070507618,0,0.0002,0,0.000519188
20210521,-0.31759,0.00053357,0.012945676,0.013482587,0.00404041,0.038955378,-0.001171875,1.54,-0.025479108,0,-0.0003,0,-0.035543465
20210525,0.01045,-0.003603608,-0.012206209,0.011223039,-0.011879033,0.001897756,0.00931503,1.54,0.023631633,0,-0.0001,0,0.000742425
20210526,0.02829,-0.013630379,-0.000899092,-0.000193439,-0.016160187,0.023523907,-0.020490521,1.54,-0.081813533,0,-0.0015,0,6.29E-05
20210527,0.02752,0.031342623,-0.010000213,-0.03307407,0.007377929,-0.014890533,0.020490521,1.54,-0.036367693,0,0.0001,0,0.004109465
20210528,0.00839,0.001594755,0.028551495,0.016417684,-0.000294074,0.020357527,0.013430747,1.54,0.001194057,0,0.0002,0,0.012635448
20210604,0.05654,-0.003842464,-0.000312028,-0.000312028,0.004799461,0.037788354,-0.000665779,1.66,0.011657139,0,0.0003,0,0.013427931
20210605,0.02101,0.000182133,-0.018665627,0.001943109,-0.002915926,0.016575531,0.048757865,1.59,-0.04049569,0,0,0,0.009555298
20210607,-0.0172,-0.032404541,0.011025206,0.003562489,-0.018413219,-0.008259379,-0.028182099,1.5,0.08701143,-0.0032,0.0001,0,-0.012838792
20210608,-0.01937,0.029886634,0.011262342,0.017664913,0.024161458,0.038729361,0.024116299,1.52,-0.067629777,0,-0.0002,0,0.01806443
20210610,-0.01682,-0.012027029,0.010120138,0.005257812,0.004821732,0.070055248,-0.002537858,2.07,-0.014184599,0,0.0004,0,0.008410006
20210612,-0.02098,0.020615654,0.001163322,0.002012661,0.00952756,0.019138706,0.026597313,2.67,-0.120803561,0.0269,-0.0003,0,0.008296459
20210614,-0.01556,0.002305579,0.009388703,0.004924818,0.008939273,0.009856585,-0.003717476,1.49,0.046200463,0,0.0004,0,0.002305355
20210615,-0.02662,0.000354233,0.00800603,-0.0023432,0.003849005,0.013285983,-0.00747667,1.49,0.037717795,0,0.0006,0,-0.001563517
20210616,-0.02111,-0.013011502,-0.002684768,-0.011098744,-0.0020707,-0.028691963,-0.020470768,1.49,0.06428139,0,0.0003,0,-0.014162635
20210617,-0.00848,0.010174117,0.025120687,0.005273098,-0.008027396,-0.004180605,0.002677378,1.49,-0.022285024,0,0.0002,0,0.003222468
20210618,-0.01399,-0.046714536,-0.013637208,0.008529724,-0.035549847,-0.018583677,-0.043922352,1.49,0.153748221,0,0.0005,0,-0.023409699
20210622,0.00905,0.00222552,-0.011667899,-0.039771325,0,0.006185697,-0.010240342,1.49,-0.071231236,0,-0.0006,0,-0.006316907
20210623,0.02227,-0.009305855,0.019367555,0.020357881,-0.00809721,0.02825176,-0.001584786,1.49,-0.020619297,0,-0.0001,0,0.010179906
20210624,0.00615,0.011526434,0.008454111,0.007401782,0.009337136,0.001432255,0.027184621,1.5,-0.021679352,0,0.0002,0,0.010212334
20210625,-0.01722,0.006632301,0.030790925,0.001077911,0.004327673,0.012922012,0.005387737,1.5,-0.022159842,0,0.0004,0,0.00627408
20210628,-0.01255,-0.023408091,0.017070794,0.010787292,-0.017738134,-0.013275856,-0.031383533,1.51,0.008922962,0,0,0,-0.010071075
20210629,0.01032,0.006930814,-0.011219964,-0.008857178,-0.005351815,-0.012230341,0,1.5,0.016362871,0,-0.0001,0,-0.002915498
20210630,-0.03822,-0.01315314,0.00018869,-0.014383537,-0.023635722,-0.036553466,-0.014962873,1.5,-0.011931101,0,-0.0002,0,-0.020102864
20210701,-0.01754,0.022271663,0.000205396,0.009094356,0.027704735,0.031215312,0.009381519,1.8,-0.113951087,0,-0.0002,0,0.011761854
20210704,0.02503,0.006523431,0.000350121,0.005304342,0.008852628,-0.007756468,-0.005230661,1.65,-0.054435262,0,0.0009,0,0.00472477
20210705,0.00074,-0.002370317,0.006290802,0.007751098,0.012254265,-0.014194665,0.006653099,1.59,-0.096997236,0,0,0,0.002446326
20210706,0.00905,0.008022366,-0.006410469,-0.029663265,0.020949268,0.006754792,0.03409847,1.49,0,0.0092,0.0001,0,0.006114452
20210707,-0.01408,-0.014355242,-0.001191462,-0.005650785,-0.004817739,-0.004327107,-0.015778818,1.49,-0.014706133,0,0.0001,0,-0.008600165
20210709,-0.01771,0.003872757,0.014247726,-0.013959445,-0.002011784,0.011401622,-0.007123968,1.61,0.100228515,0.0061,0.0002,0,-0.00161187
20210710,0.00357,0.015712213,0.039109618,0.018721816,-0.0035506,-0.022675683,0.004732137,2.1,-0.072058744,0,0.0001,0,0.007945643
20210712,0.02287,0.015917291,-0.00845887,-0.005197487,0.022301989,0.033700903,0.023860053,2.68,-0.216451536,0.0151,-0.0001,0,0.014999126
20210713,0.01192,-0.004122908,-0.008034093,0.016084489,-0.014528101,0.003600939,-0.01712815,1.5,0.057089741,0,0.0001,0,-0.001743975
20210714,-0.03346,0.006080238,0.013394508,0.012355779,0.004542513,0.008608419,0.00792579,1.5,-0.047243517,0,0.0001,0,0.002778178
20210715,-0.02481,-0.00824666,-0.012466374,-0.010770914,0.00129408,-0.008580339,-0.01023187,1.5,0.040797518,0,0.0001,0,-0.010544582
20210716,0.00926,-0.016700189,0.01246369,-0.003466904,-0.008767713,0.009658692,-0.013630091,1.51,0.081262992,0,-0.0001,0,-0.001597502
20210719,-0.06178,-0.042803708,-0.006200781,-0.017565531,-0.031475184,-0.013570339,-0.036509498,1.5,0.198450897,0,-0.0003,0,-0.029986434
20210720,0.00684,0.018759943,-0.017867349,0.007546508,0.025258904,0.004468376,0.013480395,1.5,-0.131375012,0,-0.0005,0,0.008355254
20210721,0.0212,0.031036102,0.003540234,-0.003516156,0.023034271,0.034390144,0.030131481,1.5,-0.096781089,0,-0.0001,0,0.019973725
20210722,-0.00048,-0.004989532,0.009253781,0.01102316,0.004160672,0.002392057,0.00200496,1.5,-0.012359669,0,-0.0002,0,0.003337871
20210723,0.01091,0.01173559,0.009131882,0.001929894,0.008269767,-0.006944747,0.017658888,1.5,-0.02809011,0,-0.0002,0,0.007527325
20210726,0,0.022292671,0.027784195,0.004847542,0.021310741,0.008511303,0.01674152,1.51,0.02185246,0,-0.0013,0,0.014498282
20210727,0.00752,-0.009130709,-0.000193776,-0.001984289,-0.013108802,-0.01530794,-0.020373171,1.52,0.096447225,0,0.0003,0,-0.007511241
20210728,0.01117,-0.0015625,-0.024772283,-0.004079202,-0.004723674,0.015756402,0.001350439,1.52,-0.055761784,0,0.0006,0,-0.000980117
20210729,0.01607,0.01763099,0.005658425,0.007255879,0.021237525,0.023787481,0.020549372,1.52,-0.033882647,0,-0.0002,0,0.016027096
20210730,-0.0064,-0.011978505,0.000592938,0.000592938,0.010757749,0.000796086,0.027583114,1.52,0.030052289,0,-0.0006,0,0.003134903
20210801,-0.02124,-0.022382069,0.015731515,0.006473414,-0.000759301,0.030371359,0.018014059,1.79,-0.036881092,0,0.0001,0,0.00374414
20210802,0.06403,0.01197073,0.002651787,0.017119733,0.006311512,-0.010703823,0.026136128,1.54,0.017573424,0.0084,-0.0002,0,0.01678801
20210803,-0.00232,0.031669949,-0.000467171,0.00169968,0.021878078,0.01539422,0.046306089,1.7,0.03231877,-0.0083,0.0005,0,0.016308692
20210804,0.00852,-0.00556143,-0.016768661,0.001845672,-0.007827163,0.02384504,-0.034163227,1.63,-0.012313206,0.0111,0.0002,0,-0.004301396
20210806,0.0354,-0.015580184,7.47E-05,0.011247979,-0.014209315,0.002753919,-0.010740844,1.49,0.03882241,0,-0.0001,0,0.001278031
20210807,-0.00848,-0.029042132,0.001157879,-0.001817786,-0.020163285,-0.047034466,-0.032218811,1.5,0.15942769,0,0.0001,0,-0.019656943
20210809,-0.00568,-0.015394907,0.001637065,0.01377533,0.002298852,-0.014559616,-0.007175084,1.61,-0.009972399,0.0334,-0.0001,0,-0.00358548
20210810,-0.0058,-0.001577702,-0.003934829,0.005703415,-0.010728072,-0.007520473,0.011066511,2.1,-0.040203818,0.0081,-0.0001,0,-0.001827307
20210811,0.00449,-0.002018504,-0.00515517,0.010021087,0.016573618,-0.010926192,-0.003130437,2.45,0.043923962,0.0107,-0.0002,0,0.001407772
20210812,-0.00141,-0.00223387,0.008022302,0.01075491,-0.002509412,-0.02925333,-0.013416094,2.71,-0.095310171,0,0.0005,0,-0.004292213
20210813,0.00262,0.001103956,0.011797802,0.001837258,-0.00256155,0.002179789,-0.000187811,1.53,-0.009020702,0,-0.0004,0,0.002398492
20210816,0.00305,-0.009794036,-0.005856692,-0.006671014,-0.008873681,-0.001373655,-0.013044896,1.53,0.042451798,0,0.0017,0,-0.006080568
20210817,-0.00044,-0.018555494,-0.000273089,0.000350766,-0.014480415,-0.014323158,-0.017855903,1.53,0.105298418,0,0.0014,0,-0.009368185
20210818,-0.01446,0.00903961,0.002193606,8.61E-05,0.00639723,-0.00752229,0.008295601,1.53,0.185944239,0,-0.0002,0,0.000575697
20210819,-0.03001,-0.027175069,-0.015333834,-0.001555132,-0.025243489,-0.038314889,-0.027463017,1.54,0.004625373,0,0.0015,0,-0.023585061
20210820,-0.00868,0.003653499,-0.008005059,-0.000506363,-0.013165959,0.007588094,0.003941668,1.57,-0.15492012,0,0.0005,0,-0.002167731
20210823,0.02894,0.011640242,-0.009586484,0.00457446,0.007501911,0.026048559,0.019285686,1.6,-0.079010547,0,-0.0012,0,0.012629196
20210824,0.02073,0.006806606,-0.000177932,-0.00352796,-0.001495887,0.002264651,0.008262128,1.6,0.004073308,0,0.0002,0,0.004694515
20210825,-0.00481,0.020146177,-0.001975079,0.005222075,0.022206686,-0.007218918,0.030899218,1.6,-0.025287934,0,-0.0002,0,0.009210023
20210826,0.00873,-0.008903787,0.00100562,0.0004974,-0.013264749,-0.012277698,-0.0102565,1.6,0.115198752,0,0.0012,0,-0.004924245
20210827,0.00866,-0.003920475,0.025517321,0.009715169,-0.005952399,0.019317636,0.000562166,1.6,-0.139310922,0,0.0002,0,0.007699917
20210830,0.00086,-0.008641797,0.006338121,0.008219287,-0.001194743,0.075889295,-0.016622974,1.6,-0.012277555,0,0,0,0.009263884
20210831,0.01241,0.013679591,-0.032074155,-0.029888378,0.011883681,0.017011871,0.00645531,1.6,0.017753696,0,0,0,-7.46E-05
20210902,-0.05892,-0.004543397,-0.016083959,-0.006387628,0.000739919,0.015383566,-0.005311791,1.54,0.018195016,0.0106,0.0002,0,-0.010731899
20210903,-0.0136,-0.012471817,0.010161128,-0.001446117,-0.005249356,0.009914552,-0.018353101,1.7,-0.058198184,0.0052,-0.0007,0,-0.004434959
20210904,0.0361,-0.010438912,0.014156542,-0.006070142,-0.003079558,0.008764076,-0.012080528,1.62,-0.015458109,0.0339,0.0003,0,0.003907354
20210906,0.02575,-0.007970993,0.006378256,0.000108643,-0.009979537,-0.018033156,0.002231729,1.49,0.046919344,-0.0176,-0.0001,0,-0.000216437
20210907,0.0966,0.024145442,-0.02817824,0.016644223,0.021128691,0.011041693,0.0321162,1.51,-0.160663049,0,-0.0002,0,0.02478543
20210908,0.00973,0.003881347,0.015099846,0.010159502,0.008407065,0.04141316,0.004983717,1.52,0.034685541,0.0154,0.0002,0,0.013382091
20210909,0.0122,0.004475949,0.002612901,-0.000494446,0,-0.005984688,0.004972844,1.61,0.045709817,0.0076,-0.0005,0,0.002540366
20210911,0.0009,-0.008794239,0.015048973,-0.00785113,-0.001451379,-0.006703822,-0.008396061,2.48,0.03200281,0.0151,-0.0001,0,-0.002463951
20210912,0.02331,-0.012289207,0.017396162,-0.007796307,0.007260014,-0.005462788,0.102759734,2.71,0.081047244,0,-0.0002,0,0.017882515
20210913,0.00866,0.022464441,-0.004524044,-0.015065027,0.031257025,0.01882368,0.012934401,1.61,-0.078413162,0,0.0004,0,0.010650068
20210914,-0.00866,-0.011730886,-0.001361868,0.010786464,-0.004811103,-0.018805942,-0.012376624,1.6,0.004635509,0,0.0003,0,-0.006708566
20210915,-0.01622,0.00448515,-0.012707701,0.003741734,-0.006546202,0.009397351,-0.015170251,1.61,-0.068038924,0,0,0,-0.004717131
20210916,0.02056,0.009834016,-0.003043159,-0.012725943,0.012767942,0.006356347,0.01442648,1.61,0.027666545,0,-0.0002,0,0.00688224
20210917,0.0129,-0.011513591,-0.005108556,-0.012789782,0.004781334,0.005137081,-0.005408947,1.61,0.107444965,0,-0.0003,0,-0.001714637
20210920,-0.04368,-0.045666546,-0.011486327,-0.010059609,-0.025864736,-0.024419366,-0.048275989,1.61,0.211446371,0,0.0006,0,-0.029921796
20210921,-0.00089,0.004097167,0.004502483,0.022655456,0.00860097,0.003311818,0.008404232,1.61,-0.053937518,0,-0.0001,0,0.007240304
20210922,0.00978,0.034446574,0.007032841,-0.024969626,0.030088028,0.010431198,0.034621417,1.61,-0.154629707,0,0.0005,0,0.014490062
20210923,-0.01921,0.022322355,0.016304324,0.009696242,0.031359079,0.001831811,0.032735239,1.61,-0.113539622,0,-0.0001,0,0.013577007
20210924,-0.00316,0.008061605,-0.000704718,0.004117929,-0.013241647,-0.0122524,-0.000728067,1.65,-0.048387624,0,-0.0004,0,-0.002558185
20210927,0.01527,0.030550444,-0.004449198,-0.017214512,0.044688287,0.011672329,0.049726153,1.67,0.05534144,0,0.0001,0,0.018606215
20210928,-0.00626,-0.029820783,0.004122185,-0.005883891,-0.035481614,-0.012614261,-0.04048277,1.69,0.214578176,0,0.0002,0,-0.018060162
20210929,-0.01354,0.007629465,0.011380974,0.0027164,0.019749775,-0.003959412,0.036663984,1.74,-0.030126729,0,-0.0008,0,0.008663027
20210930,-0.00456,0.003252035,-0.011158525,0.025890144,0.005797118,0.0118381,0,1.77,0.025384292,0,0.0006,0,0.004436982
20211002,-0.02007,0.027288202,-0.024552348,-0.004209969,-0.005562781,-0.019717995,0.008186843,1.54,0.016506593,0,-0.0002,0,-0.005519721
20211003,-0.0304,0.00322734,0.018976738,-0.003129034,-0.009518845,0.01533602,-0.002399914,1.7,-0.063124675,0,0.0009,0,-0.001129671
20211005,-0.02859,0.018807064,-0.000166764,0.005585896,0.009886861,0.014126722,0.052501121,1.59,0.163776337,0.0112,0.0002,0,0.010307271
20211006,0.00844,-0.002492879,0.001818505,0.002419427,-0.002954212,0.00598835,0.003153114,1.49,-0.105422568,-0.0288,-0.0006,0.25,0.002338901
20211008,0.00439,-0.003511045,0.015692115,0.014882144,0.008909385,0.023532982,0.003054603,1.52,0.004177959,0.0341,0.0004,0,0.009564312
20211009,-0.00434,-0.017267696,0.007528385,-0.014413012,-0.014746545,-0.008813786,-0.012199782,1.61,0.108281854,0.0462,-0.0002,0,-0.009178919
20211011,-0.01623,0.005589919,0.01147212,0.003669932,-0.018075724,-0.008004701,0.012914665,2.55,0.052052223,-0.0273,0.0002,0,-0.001237684
20211012,0.0046,-0.012442113,-0.006502952,-0.00167146,-0.002997754,-0.010776809,0.005919943,2.72,-0.143778306,0.0648,-0.0003,0,-0.003410164
20211013,-0.02288,-0.014619371,-0.021647962,0.007921072,-0.02045061,-0.00206289,-0.022899822,2.13,-0.06289425,0,-0.0003,0,-0.013805655
20211014,0.01835,0.004779193,0.011434128,-0.002030996,0.004380886,-0.002797674,0.004963639,2.15,-0.100365788,0,0.0001,0,0.005582739
20211015,0.02469,0.019584469,-0.009652407,-0.007798145,0.001541624,0.007179543,0.007653749,2.2,-0.033778928,0,0,0,0.006171262
20211018,0.00177,0.00449206,-0.006288821,-0.001843143,-0.006956102,0.003903708,-0.009704682,2.2,0.000613323,0,0.0001,0,-0.002089569
20211019,0.00486,0.001550254,0.0055798,-0.001633495,0.001033592,0.002521054,-0.006006024,2.21,-0.038117684,0,-0.0002,0,0.001129312
20211020,0.01008,0.001375989,0.026783841,-0.003138814,0.007461761,0.029402705,0.002921717,2.25,-0.013466061,0,-0.0008,0,0.010698171
20211021,-0.00175,-0.010192712,-0.022116582,-0.007974169,-0.006429236,0.003023051,-0.006369997,2.25,-0.031477979,0,0.0003,0,-0.007401378
20211022,-0.00745,0.002081527,0.009078203,-0.002290741,-0.026403311,-0.000589171,-0.004153692,2.29,0.027597025,0,0.0003,0,-0.004246741
20211025,-0.01418,0.008626693,-0.020845415,-0.011488707,-0.002918161,-0.016784779,-0.017318722,2.3,-0.012390151,0,-0.0002,0,-0.010701299
20211027,0,-0.006206916,-0.002544021,-0.005449655,-0.009073988,-0.013625897,-0.006455575,2.34,0.060698242,0,0.0006,0,-0.006193722
20211029,-0.00861,0.007628331,-0.016165133,-0.01192575,0.00486356,0.029838455,-0.005934736,2.36,-0.016468835,0,0,0,-4.36E-05
20211101,-0.051,-0.006757905,-0.007923041,-0.011067713,-0.010307402,-0.018035294,-0.017516175,1.79,0.110541896,-0.0062,0.0002,0,-0.017515361
20211102,0.05335,0.012330884,-0.02543233,-0.008806302,-0.019148323,-0.00011544,-0.032089563,1.54,-0.034230899,0.0042,0.0003,0,-0.002844439
20211103,0.01205,-0.008183507,0.008791126,0.020303695,-0.004971601,-0.017880277,-0.012639614,1.7,-0.029235256,0.0104,-0.0009,0,-0.000361454
20211105,-0.02708,-0.000358359,-0.001215295,-0.001879954,0.007902681,-0.009182229,0.005666884,1.54,0.105157051,0,0,0,-0.003735182
20211106,0.00712,0.004092168,0.007743402,0.024026051,-0.011605546,-0.019705953,-0.001853569,1.49,-0.028348403,0.0155,-0.0003,0,0.001402365
20211108,0.00568,0.01378825,0.005817596,0.008903211,0.012510826,0.00842604,0.023734397,1.53,-0.037625847,-0.0132,-0.0005,0,0.01126576
20211110,-0.00493,0.005772779,-0.004649877,-0.024990907,0.024354324,0.000179802,-0.007532047,2.11,0.063472399,0.0041,0.0006,0.25,-0.001685132
20211115,-0.00953,0.032370658,-0.014803148,-0.005569821,-0.002460026,0.023320054,0.010700827,2.59,0.012202644,0,-0.0002,0,0.004861221
20211116,0.00818,-0.016303366,0.0035688,0.000355086,0.012483334,-0.010284607,-0.012437542,2.6,-0.00730368,0,-0.0004,0,-0.002062614
20211117,0.00587,-0.000830496,-0.003396814,-0.01163361,-0.007569319,-0.003247582,0.005201121,2.6,0.044212681,0,0.0002,0,-0.002229529
20211118,0.02004,-0.011027681,0.003526438,-0.001608496,-0.010595147,-0.019393929,-0.010778964,2.6,0.027667444,0,-0.0003,0,-0.00426254
20211119,0.00308,-0.030708657,-0.020956394,-0.005370885,-0.052898169,-0.047972883,-0.042308854,2.61,0.01802864,0,0.0015,0,-0.028162263
20211122,-0.0155,0.015813324,0.004434233,-0.010482585,0.00780441,-0.001541883,0.007629465,2.61,0.067987353,0,-0.0012,0,0.001165281
20211123,-0.02715,0.004254239,-0.007239671,-0.017336376,0.010824848,0.008376868,0.006133882,2.61,0.010895002,0,-0.0002,0,-0.003162316
20211124,-0.00414,-0.005961016,-0.001292265,0.001789713,0.014758538,0.028210623,0.029244441,2.61,-0.042155834,0,-0.0001,0,0.008944291
20211126,-0.08536,-0.060358609,-0.046924514,-0.022220368,-0.038927457,-0.040716065,-0.071518109,2.63,0.432020074,0,0.0002,0,-0.052289303
20211129,0.03359,0.001626457,-0.032606825,0.003843807,0.018750549,0.001834406,0.007216135,2.66,-0.220352272,0,0,0,0.004893504
20211201,0.01417,0.007971699,0.004618135,0.005985629,0.016365732,0.006876541,-0.001120588,1.77,-0.031641535,0,0.0003,0,0.007838164
20211202,0.02564,0.01703323,-0.00544609,-0.008443788,0.006046882,0.002918595,-0.004397179,1.55,-0.062125782,-0.0136,-0.0003,0,0.004764521
20211203,0.02368,0.014230389,0.001128604,0.006200198,0.012734519,0.005675339,0.013076391,1.7,-0.057292629,0.0018,0.0002,0,0.010960777
20211204,0.03396,-0.000777605,0.009900474,0.001897365,0.003421146,0.005869258,0.009421413,1.62,0.013095384,0.0155,-0.0003,0,0.009098864
20211205,0.00235,0.014235116,-0.006306491,-3.69E-05,0.010336819,0.010842296,0.028843372,1.54,0.233710236,0,0.0002,0,0.008609176
20211207,0.03617,0.002157498,0.017945616,0.008957571,0.003531871,-0.012388716,-0.002980322,1.5,-0.000618252,0.0091,0.0002,0,0.007627645
20211208,-0.00349,-0.008250116,-0.003664509,-0.001091861,-0.005951555,-0.003745033,-0.008787567,1.53,-0.036527985,-0.0018,-0.0003,0,-0.004997234
20211210,-0.00632,-0.002444989,-0.014411342,-0.001925544,-0.009569451,0.019720602,0.001846413,2.11,-0.007528247,-0.02,0,0,-0.001872044
20211211,-0.00316,-0.003536846,-0.004161911,0.025774547,-0.03025034,-0.009855272,-0.007778105,2.59,-0.080750708,0.0148,0.0011,0,-0.004709704
20211213,-0.03406,-0.012598871,-0.023325429,0.001833793,-0.028421096,-0.020719243,-0.006545138,2.73,0.083124699,0,0.0002,0,-0.017690855
20211214,0,0.001605853,-0.017803064,-0.006124858,0.016592595,-0.009449783,0.044791591,2.75,0.074916534,0,0.0001,0,0.004230333
20211215,-0.00954,-0.00357207,-0.01400188,-0.005674951,-0.026941976,0.001903746,-0.018102772,2.75,-0.126443009,0,-0.0004,0,-0.010847129
20211216,0.02974,0.018963794,0.023527167,0.017758593,0.019062916,0.013168198,-0.005342301,2.8,0.064246814,0,0.0004,0,0.01669691
20211217,-0.03118,-0.013966461,-0.018125682,0.013617911,0.001020148,0.023995076,0.004123717,2.82,0.047469757,0,0.0001,0,-0.002930756
20211220,-0.01158,0.004440899,0.003679506,-0.021811218,-0.016966988,-0.002743375,-0.009648593,2.89,0.058522598,0,0,0,-0.007804253
20211221,0.01923,0.042338037,-0.005462052,0.000543972,0.036154651,0.028590562,0.034337488,2.93,-0.084827519,0,-0.0005,0,0.022247523
20211222,-0.00143,0.008290378,0.008016266,0.013604132,0.019071785,0.001057812,-0.000743771,2.97,-0.120225386,0,0.0004,0,0.006838086
20211223,0.01749,0.010892441,0.004508082,0.007645697,0,-0.00346493,0.005046767,2.97,-0.036626128,0,0.0003,0,0.006016865
20211227,-0.00847,0.010488733,0.022555439,0.00610282,0.0104943,0.01956291,0.001479509,2.97,-0.015712937,0,0.0003,0,0.008887673
20211228,0.01594,0.007260758,0.0156409,0.02079093,-0.001700887,0.024714257,0.003541916,2.96,-0.007950035,0,0.0003,0,0.012312553
20211229,-0.00326,-0.001810253,0.008288742,-0.001606044,0.002428954,0.012055463,-0.002950725,2.96,-0.03421616,0,-0.0001,0,0.00187802
20211230,0.00466,-0.000659087,0.004860999,-0.00931231,0.003148846,-0.034826968,0.000590842,2.99,0.02217122,0,-0.0006,0,-0.004505383
20220102,0.0212,0.019179962,0.010370821,0.019178821,0.018027168,0.008979646,0.018414118,3.05,-0.122830021,0,-0.0003,0,0.016478648
20220103,-0.06564,-0.070510741,-0.01026017,-0.004078118,-0.109920932,-0.036767585,-0.072083598,3.87,0.099972898,0.0029,0.0001,0,-0.052751592
20220104,0.01996,-0.004632319,-0.004816844,0.020912263,0.020045548,0.022297704,0.014806132,4.6,-0.046288449,0,0.0014,0,0.012653212
20220107,0.00264,-0.001213124,0.005580647,0.017039738,-0.00996686,0.008645573,0.001653348,6.47,-0.072581868,0.0094,0.0008,0,0.00348276
20220108,0.06685,-0.003048119,0.023490686,0.028072511,-0.014271394,0.001943707,-0.012605209,8.01,0.068398863,0.0121,-0.0005,0,0.012918883
20220109,-0.01636,-0.010923161,-0.030879076,-0.018168623,-0.026596113,0.03547287,-0.010980663,7.95,-0.01205542,0,-0.0011,0,-0.011204967
20220113,0.01613,0.024644077,0.001184903,0.00567542,0.006135686,-0.010650671,0.003081214,3.05,0.142078681,0,0,0,0.00660009
20220114,0,-0.009905529,0.076827751,0.012826363,-0.00796092,-0.005751749,-0.008237764,3.05,-0.056724011,0,0,0,0.008256879
20220118,-0.02353,-0.000605785,-0.011170296,-0.016936817,0,-0.019502968,0.005267791,3.05,0.171932546,0,0.0001,0,-0.009496868
20220119,-0.00398,-0.009283987,0.007008007,-0.007627785,-0.027262025,0.002079928,-0.009678914,3.05,0.04546235,0,0.0001,0,-0.006963539
20220120,0.03138,-0.0199219,-0.010145009,-4.39E-05,-0.000921659,-0.014992157,-0.000147373,3.05,0.070417423,0,0,0,-0.002113144
20220121,-0.01165,-0.026394262,-0.028737905,-0.01137206,-0.02426624,-0.017486866,-0.029160945,3.05,0.11990835,0,-0.0001,0,-0.021295468
20220125,0.01585,0.032091817,-0.010707635,-0.000203337,0.024885402,0.007783552,0.025208836,3.05,0.041276748,0,0.0009,0,0.013558376
20220126,0.03953,0.029999869,0.024398555,0.000401577,0.006006024,0.017953137,0.035489038,3.06,0.025349876,0,-0.0004,0,0.021968314
20220127,0,0.008563696,0.008525068,0.001210717,0.007873117,0.016790589,0.008751514,3.05,-0.047086339,0,0.0007,0,0.007387814
20220128,-0.0117,-0.027028672,0.00162973,0.010159986,-0.016533263,-0.006188121,-0.001889673,3.05,-0.097411433,0,-0.0006,0,-0.007364288
20220131,0.04223,0.003498175,0.008568636,-0.002476063,-0.003873159,-0.021115497,0.017594916,3.05,-0.107934724,0,0.0006,0,0.006346715
20220202,0.00697,-0.011747335,0.020804433,0.005593153,0.01723977,0.023165297,0.031770628,3.05,0.005902449,0,-0.0001,0,0.013399421
20220203,-0.01554,0.020829873,-0.050881867,-0.056497814,-0.042772022,0.017545534,0.020919702,3.91,-0.080593077,0,-0.0001,0,-0.015199513
20220206,-0.0245,-0.002653024,-0.003710035,-0.007270235,0.01492565,0.002692257,-0.002991216,5.99,-0.038489227,0,0.0005,0,-0.003358086
20220208,0.0252,0.011706182,0.003856395,0.006708234,-0.014478019,-0.051120051,-0.002858203,8,0.046619523,0.0018,0.0008,0,-0.002997923
20220209,-0.01017,0.03210205,-0.003415266,0.010006054,0.035453567,0.049857507,0.030987393,7.93,-0.003527347,-0.0055,-0.0059,0,0.020688758
20220211,0.02085,0.000835771,0.012292442,0.01479425,0.015949301,-0.029055435,0.019886352,8.2,0.001935404,0.0091,0.0002,0,0.007936097
20220212,-0.03301,0.002277473,0.018172295,0.047422745,0.001029336,0.003059559,-0.001116161,7.78,-0.040108239,0.0145,-0.0016,0,0.005405035
20220214,-0.02371,-0.049753648,-0.02808091,-0.016221055,-0.036606621,-0.037916905,-0.043241533,3.55,0.034839196,0,-0.0005,0,-0.033647239
20220215,0.01705,0.02841826,0.024853768,0.017699805,0.014709637,0.020505103,0.02107282,3.55,-0.09743029,0,-0.001,0,0.020615628
20220216,0.00352,-0.012353657,-0.01259164,-0.000729104,-0.013037994,0.009229572,-0.016690052,3.54,-0.056426241,0,0.0007,0,-0.006093268
20220217,-0.02487,-0.011701664,-0.011881026,-0.024108455,-0.023416882,-0.037218587,-0.027678779,3.56,0.146060626,0,-0.0001,0,-0.022982199
20220218,-0.00722,-0.001613684,0.00446684,-0.002241011,-0.01674916,0.007050089,-0.003275112,3.57,-0.012889566,0,0.0003,0,-0.002797434
20220222,-0.00148,-0.006407645,-0.02027197,0.000531158,-0.042174145,0.01096146,-0.021515278,3.55,0.03748669,0,-0.0005,0,-0.011479489
20220223,0,-0.018633046,0.029752547,0.018061691,-0.022448832,-0.038536501,-0.004416276,3.56,0.073909642,0,0.0008,0,-0.005174345
20220224,-0.07696,-0.077848084,-0.034036406,-0.028907495,-0.13275949,-0.117411555,-0.144936644,3.61,-0.022824622,0,0.0005,0,-0.087551382
20220225,0.04688,0.029687445,0.017085731,0.008318087,0.086857044,0.076647456,0.037416301,3.78,-0.094354157,0,-0.0007,0,0.043270295
20220228,-0.07776,-0.077652029,-0.018830296,-0.027470715,-0.099592113,-0.044155264,-0.099548082,3.83,0.088731517,0,0.0004,0,-0.063572643
20220301,0,0.007050943,-0.004410143,0.003988399,0.001208459,0.010055261,0.015240623,3.02,-0.036668741,0,0.0003,0,0.004733363
20220302,-0.03194,0.00267485,0.014461993,-0.000136807,0.011175902,0.025169301,0.022850457,3.05,0.097406841,0.0034,0.0005,0,0.006322242
20220303,-0.00944,0.015785883,-0.008795883,-0.012781705,0.091794771,-0.046753363,-0.026408502,3.97,-0.008494015,0.0188,0.0002,0,0.000485886
20220306,0.02104,-0.002660081,0.015552741,-0.047300737,0.012380951,0.007272173,-0.008083511,6.01,0.002827778,0,0.0003,0,-0.000256923
20220308,-0.00317,0.018364813,-0.000949487,0.003005593,0.015299037,0.035935396,0.02046134,8.05,-0.08636574,0.0015,-0.0008,0,0.01270667
20220310,0.02934,0.006286813,0.021866551,0.021803178,0.002646671,0.018074357,0.02362389,7.92,-0.049264674,-0.017,-0.0002,0,0.017663066
20220311,-0.0239,0.030948854,0.006536491,-0.001047488,0.001975895,-0.017926846,-0.006376878,8.19,-0.021893031,0.0142,-0.0012,0,-0.001398567
20220314,0.00966,0.039589336,-0.006061676,0.038470649,0.034865606,-0.002919373,0.032664216,4.36,0.032632468,0,0.0001,0,0.020895537
20220315,-0.00772,0.005474109,0.007545353,0.006369304,-0.017450107,-0.014842066,0.008027985,4.37,-0.063007867,0,-0.0004,0,-0.001799346
20220316,0.08629,0.057948812,0.020798184,0.00677916,0.089012308,0.047241793,0.060245832,4.36,-0.111975255,0,-0.0008,0,0.052616584
20220317,-0.05904,-0.024209749,0.024442099,0.003140659,-0.001859889,0.012998716,-0.045812591,4.37,-0.038216343,0,0.0008,0,-0.012905822
20220318,0.01497,0.005639113,0.000447612,0.02830333,0.031758394,-0.046845921,-0.007912491,4.39,-0.072700522,0,0.0001,0,0.00376572
20220321,-0.01545,-0.012068787,-0.002649286,0.00265309,-0.014837517,0.016279274,-0.002582513,4.49,-0.014346244,0,-0.0002,0,-0.004093677
20220322,0.03477,0.016743877,-0.005882195,-0.000951395,0.032120426,0.005550836,0.016719196,4.53,-0.025394097,0,-0.0009,0,0.014152964
20220323,-0.02397,-0.025892026,-0.030261331,-0.050063962,-0.029378612,-0.022011526,-0.030047173,4.55,0.027092569,0,0.0012,0,-0.03023209
20220324,-0.01126,-0.021872545,-0.000962984,0.000214179,-0.011935872,-0.029230522,-0.005360252,4.56,-0.084045885,0,0.0001,0,-0.011486857
20220328,0.03113,0.021174235,-0.00137334,-0.003077278,0.010992477,-0.01093078,0.00681523,4.57,-0.058374649,0,-0.001,0,0.007818649
20220329,0.05084,0.062063363,0.006516226,0.015587775,0.050047453,0.011808052,0.072539344,4.56,-0.037897064,0,0.0005,0,0.03848603
20220330,-0.02643,-0.023460395,0.016113347,-0.004008034,-0.010453057,0.00804662,-0.014684552,4.59,0.022496387,0,0.0002,0,-0.007839439
20220331,-0.00358,-0.021903552,-1.72E-05,-0.023166438,-0.034747371,-0.01184115,-0.028509058,4.6,0.061689125,0,-0.0013,0,-0.017680688
20220401,-0.00933,0.032947938,0.018126286,0.00973422,0.040474108,0.00669876,0.037395538,3.01,0.018502436,0.0426,-0.0001,0,0.019435264
20220402,0.00602,0.010317428,-0.024454532,-3.44E-06,-0.009538283,0.005054948,-0.005329793,3.11,-0.047517918,0,-0.0002,0,-0.002561953
20220403,-0.0721,-0.072820688,-0.057292651,-0.073995616,-0.091794771,-0.062530219,-0.157763194,4.03,0.048039977,0,-0.0004,0,-0.084042448
20220404,0.01005,-0.006794164,-0.01754897,0.01886686,-0.017932339,0.014276531,-0.007627496,4.61,-0.055511607,-0.0216,-0.001,0,-0.000958511
20220405,-0.00189,-0.006058848,-0.005746086,-0.016904328,-0.020619287,0.002859957,-0.02861694,5.1,-0.140343305,0.0098,-0.0001,0,-0.010996505
20220408,-0.01492,0.022388214,0.014576783,0.018977546,0.031505029,-0.058388585,0.009098491,8.11,-0.023508813,0.0127,0.0008,0,0.00331964
20220410,0.0413,0.035704089,0.046599679,0.037462143,0.055688906,0.030647106,0.032705469,7.93,-0.03481848,0,-0.002,0,0.040015342
20220411,0.04703,0.024897552,0.007955995,0.021974081,0.101285901,0.089906871,0.017324486,8.16,-0.030092542,0.0157,-0.0027,0,0.044339269
20220413,0.00638,0.004404165,0.016624832,-0.001919555,0.011527505,-0.015872732,0.014352024,4.7,-0.106001947,0,-0.0002,0,0.005070891
20220414,-0.01696,0.011785161,0.018097626,0.01772113,0.017984394,-0.044781275,0.013732592,4.7,0.039537992,0,0.0003,0,0.002511375
20220419,-0.00603,0.004836281,-0.013427093,-0.006768681,-0.002818226,-0.024238742,-0.033560552,4.7,-0.036751918,0,0.0009,0,-0.011715288
20220420,0.06875,0.029415342,0.006951759,-0.007905028,0.004692641,0.029859879,0.015384919,4.71,-0.050382501,0,0,0,0.021021359
20220421,0.02445,0.022581293,-0.005272396,-0.010735583,0.022223137,-0.000394684,0.003069922,4.73,0.109877885,0,0.0001,0,0.007988813
20220426,-0.03011,-0.008095611,-0.033937317,-0.028726243,-0.006812678,-0.03912371,-0.032698643,4.76,0.21556494,0,-0.0001,0,-0.025643457
20220427,-0.02565,-0.013874555,0.005517344,0.005807247,0.008750664,-0.047283229,-0.001584069,4.79,-0.058985157,0,0.0005,0,-0.009759514
20220428,-0.009,-0.005745694,0.010696623,-0.004026256,-0.002261348,0.034469019,-0.010815839,4.88,-0.052293148,0,0.0003,0,0.001902358
20220429,-0.01825,0.00494127,-0.011531959,-0.012293381,-0.041603887,0.003115761,0.019160498,4.95,0.107691961,0,-0.0006,0,-0.008065957
20220501,0.00561,0.001264023,0.018860173,0.003902307,-0.014957044,0.003418081,0.008231647,3.03,0.154235143,0,-0.0001,0,0.003761312
20220504,-0.02554,-0.046649877,0.01983345,0.000145495,-0.030309989,0.000207638,-0.028821617,4.62,0.124402663,-0.0163,-0.0001,0,-0.015876414
20220505,-0.01857,-0.006095781,-0.01246305,-0.000558148,-0.021053409,-0.021095174,0.020607147,5.16,0.204881851,0.0014,0.0006,0,-0.008461202
20220507,-0.09814,-0.030837225,-0.030162786,-0.006974535,-0.033099948,-0.046006358,-0.028806279,6.6,0.030975933,0,0.0002,0,-0.039146733
20220508,-0.05904,0.010497163,0.003139891,-0.002228446,-0.007984074,-0.028370384,0.01754789,8.12,-0.013618474,0,-0.0005,0,-0.009491137
20220510,-0.00929,-0.030362864,-0.004105171,0.009975778,-0.000416753,-0.046886363,-0.023409994,7.92,-0.018049795,0.0052,-0.001,0,-0.01492791
20220512,-0.00693,-0.008185065,0.017115279,0.019848182,0.015989454,-0.01832383,-0.008974419,7.75,0.084954376,-0.0075,-0.0011,0,0.001505657
20220513,0.01849,0.018692133,-0.076076275,0.01136444,0.008283858,0.023215057,0.005170108,5.5,-0.09571944,0,-0.0004,0,0.001305617
20220516,-0.01119,-0.001337282,-0.024703949,0.004192354,-0.006477173,0.006342605,-0.002891966,5.52,-0.049708548,0,0.0005,0,-0.005152202
20220517,0.03191,0.022494097,-0.021339091,0.010361157,0.059562261,0.003290382,0.009983101,5.53,-0.051159146,0,0,0,0.016608844
20220518,-0.00643,-0.002995135,-0.03349846,-0.004812464,0.016194686,0.014518009,0.020274389,5.57,0.17076069,0,0.0005,0,0.000464432
20220519,-0.04982,-0.00281611,-0.017406198,-0.012745881,0.004341299,-0.038996585,0.01345647,5.62,-0.05340346,0,-0.0002,0,-0.014855286
20220520,0.03291,0.009728795,-0.007035358,0.009087565,-0.019516097,0.018626367,-0.015968403,5.71,0.002722013,0,-0.0005,0,0.003976124
20220523,-0.01587,-0.030050452,0.003092407,0.023587617,0.004407534,0.038552108,0.041385216,5.79,-0.032812502,0,-0.0001,0,0.009300633
20220524,0.03815,-0.008477893,-0.015763795,0.027822304,0.001690046,0.013788747,0.004430326,5.83,0.033491866,0,-0.0008,0,0.008805676
20220525,0.01592,0.003669729,-0.030563332,0.004306671,0.001349983,-0.041860794,0.02449102,5.9,-0.037361658,0,-0.0002,0,-0.00324096
20220526,0.03109,0.015874867,0.039174362,0.013050775,-0.011192248,-0.014278031,0.009890908,5.93,-0.031146274,0,-0.0009,0,0.011944376
20220527,0.01358,0.016000341,0.029244265,0.007660826,-0.007188119,0.032837027,0.004446922,5.95,-0.066917132,0,0.0004,0,0.013797323
20220531,-0.00506,-0.022158993,-0.004439947,-0.005993956,-0.020471544,-0.022853441,-0.001466814,5.97,0.018108806,0,0.0001,0,-0.011777814
20220604,-0.01891,-0.035415716,-0.013118211,-0.027207093,-0.057249844,-0.023549883,-0.022758048,4.68,0.049627603,0,-0.0006,0,-0.028315542
20220605,-0.04371,-0.002171982,-0.014901221,-0.011236629,-0.020104663,0.001204411,-0.041647899,5.2,-0.032907358,0,0.0004,0,-0.018938283
20220607,0.0079,-0.010762641,0.010563486,0.015897979,-0.015859363,-0.046396068,0.000679425,6.63,-0.029853014,0.0038,-0.0005,0,-0.005425312
20220609,-0.00226,0.002150076,0.011128334,-0.000343582,-0.00044238,-0.007726574,0.004822253,7.93,0.054996697,0.0137,0.0044,0,0.001046875
20220610,0.00999,-0.01094028,0.014188812,-0.022480843,-0.01766236,-0.015518562,-0.013225488,7.94,0.066725312,0.0173,0.0013,0,-0.007949817
20220612,-0.02741,0.002672267,0.00514797,0.021530013,-0.010858607,-0.034743852,0.006898239,7.75,0.06619378,0,-0.0008,0,-0.005251996
20220614,-0.06125,0.01414842,-0.044319988,-0.036254256,-0.032386974,-0.011167968,0.023854055,6.15,-0.039879422,0,0.0006,0,-0.021053816
20220615,0.05231,0.019870974,-0.00422246,-0.001863126,0.027613695,8.32E-05,0.036683747,6.15,-0.098619342,0,-0.0006,0,0.01863944
20220617,0.01411,0.004618946,-0.000886304,-0.003057921,0.001139601,-0.011794586,0.005113531,6.17,-0.056819327,0,0.0008,0,0.001320467
20220621,0.03429,0.020676274,0.002204766,-0.003578781,0.017493157,0.019692586,0.008947735,6.18,-0.030661196,0,-0.0007,0,0.014246534
20220622,0.00538,-0.006402786,-0.004764602,-0.012993803,-0.014189796,-0.036468079,-0.010903535,6.18,-0.041940531,0,0.0006,0,-0.011477514
20220623,-0.01282,-0.048035963,-0.013194899,-0.007258853,-0.066666103,-0.018120215,-0.040348992,6.18,0.003448227,0,0.0004,0,-0.029492146
20220624,-0.02964,0.025245597,0.020900664,0.017996417,0.022464151,0.01532614,0.001222245,6.18,-0.064699167,0,-0.0008,0,0.010502173
20220627,-0.02671,-0.00271569,0.010332091,-0.011048847,-0.004221845,-0.005886188,-0.011672089,6.26,-0.010335964,0,0.0003,0,-0.00741751
20220628,0.01356,0.002194014,-0.001142052,0.000374248,0.003455561,-0.006416991,0.009226103,6.28,0.050996398,0,-0.0004,0,0.00303584
20220629,0.02566,-0.017475969,-0.015086875,0.000203943,-0.037489748,0.049210805,-0.023958188,6.41,-0.007077197,0,-0.0002,0,-0.002705147
20220630,-0.04282,-0.0371074,-0.028298455,-0.039737214,-0.037709718,-0.062928942,-0.054003353,6.44,0.019342936,0,0.0002,0,-0.043229297
20220701,0.02485,0.004817788,0.004678451,0.001002588,0.006729344,0.017026739,0.006901922,3.05,-0.044312716,0.0011,0.0009,0,0.009429547
20220702,-0.00225,0.021387076,-0.010116376,-0.000166045,0.01092653,-0.007921225,-0.012502684,3.19,-0.015625262,0,0.0002,0,-9.18E-05
20220704,0,-0.015662778,-0.012254219,-0.014829565,0.012105497,-0.022460727,-0.005638013,4.7,-0.025201845,0,0.0005,0,-0.008391401
20220706,-0.02849,-0.015700691,0.018443761,0.012286617,-0.000332613,-0.009007282,-0.010908863,6.07,-0.042785064,-0.0023,0,0,-0.004815582
20220707,0.01882,0.025346586,0.006534586,0.017180165,0.031471129,0.035290145,0.063802457,6.76,-0.024617779,0.0069,0.0002,2.75,0.028349295
20220709,-0.02756,-0.000966962,-0.011199661,-0.021225776,0.02706407,0.033536959,-0.016200117,7.93,-0.088126845,0.0113,0.0019,0,-0.002364498
20220710,0.00046,-0.000458453,-0.015548784,0.001878568,0.010970574,-0.013512817,0.003930013,7.96,0.027150994,0,0.0001,0,-0.001754414
20220711,0.00518,0.001184367,0.024116676,0.011067403,0.01452124,-0.01179773,-0.018729748,8.15,-0.008179958,-0.0112,-0.0001,0,0.003648887
20220712,0.02442,-0.008807256,-0.025026439,-0.020939932,-0.018595577,-0.01167686,0.006056761,7.72,0.022743465,0.0034,0.0002,0,-0.007795615
20220713,0.00103,-0.025074975,-0.014656833,-0.0265232,-0.013383721,0.00519345,-0.004739084,6.99,-0.017372502,0,-0.0005,0,-0.011164909
20220714,-0.0288,-0.038771481,-0.008360675,-0.022478928,-0.00845671,-0.061003084,-0.063037218,7.05,-0.015783871,0,0,0,-0.032986871
20220715,-0.01526,0.011369256,0.00701354,0.013345531,0.013915468,0.028656253,0.008902484,7.09,-0.08577248,0,-0.0003,0,0.009706076
20220718,0.00618,0.020827888,0.013719005,0.002297952,0.01413745,0.003189936,0.016424149,7.14,0.04321285,0,-0.0002,0,0.010968054
20220719,-0.00161,0.033587407,-0.024028763,-0.004426926,0.022858138,0.01640986,0.061076645,7.16,-0.032131248,0,0.0003,0,0.014838052
20220720,0.04077,0.014136509,0.031329433,0.005083054,-0.017505027,0.025522109,-0.028127709,7.18,-0.025631864,0,-0.0011,0,0.010172624
20220721,0.03669,0.00011229,-0.000261565,-0.007286173,0.008587254,-0.028925418,-0.034326504,7.21,-0.032775803,0,0.0002,0,-0.003630017
20220722,-0.00623,-0.016186895,0.004151425,0.015342303,-0.028077815,0.0330473,-0.02383141,7.36,-0.003467707,0,-0.0008,0,-0.003112156
20220725,0.002,0.020556405,0.01783748,-0.011631644,0.023997842,0.019170085,0.01957192,7.51,0.01422744,0,0.0001,0,0.013071727
20220726,0.02269,-0.009209409,0.021336967,-0.00051837,0,-0.011210098,-0.003004046,7.56,0.055373141,0,-0.0005,0,0.002869292
20220727,0.0418,0.00112765,0.009308631,0.003841936,0.018230199,-0.036770874,0.082904754,7.71,-0.060523403,0,0.0002,0,0.017206042
20220728,-0.00281,0.007522631,0.013525814,0.000474582,-0.017004458,-0.001903326,-0.009739468,7.85,-0.03994386,0,0.0003,0,-0.001419175
20220729,0.01444,0.028667895,0.003187603,-0.01347523,0.008538373,0.138012673,0.029878269,7.97,-0.045816534,0,-0.0014,0,0.029892798
20220802,0.03654,0.004708035,0.028012921,0.013811482,0.009435118,0.000404863,0.023001816,3.22,-0.064130324,0.005,-0.0009,0,0.016559176
20220803,-0.0559,0.031828027,0.04993337,0.017593972,0.047965169,-0.001328838,0.059398524,4.31,-0.036885983,0,0.0008,0,0.021355746
20220804,0.01354,0.027224816,-7.94E-05,0.02225647,0.025683595,0.010703477,0.029846688,4.7,-0.018263181,0.0113,0.0001,0,0.018453659
20220806,0.00663,-0.007079337,0.002638236,-0.002201393,-0.007010544,-0.022822997,-0.01498436,6.1,-0.002501101,0,0.0002,0,-0.006404342
20220807,0.06321,0.020220665,0.000297252,-0.001846434,0.052798186,-0.003733163,0.008038969,6.79,-0.05679762,0,-0.0003,0,0.019855068
20220808,0.02475,-0.006882764,0.025421249,-0.004769223,-0.002006019,0.044970775,-0.004256619,8.14,0.006597634,-0.0062,-0.005,0.75,0.011032486
20220809,0.04485,0.019690913,-0.003951398,-0.007556342,0.047107111,0.026761885,0.05848675,7.93,-0.042700737,-0.0187,0.0054,0,0.026484131
20220811,0.00824,0,0.036761277,0.024515514,0.010841162,-0.01414916,0.005453851,8.14,0.047714021,-0.0102,0.002,0,0.010237521
20220812,0.00844,0,0.004165671,-0.016668904,0.004508418,-0.010117591,-0.00286442,7.71,-0.017345304,-0.0245,0.0002,0,-0.001790975
20220819,-0.0002,-0.028339884,-0.004280145,0.00913322,-0.013324934,-0.031270069,-0.038742072,7.97,0.051804457,0,0.0001,0,-0.015289126
20220822,0.01342,-0.025070359,-0.029766775,-0.03513197,-0.034334358,-0.012315352,-0.033847925,7.97,0.144394454,0,0.0001,0,-0.022435248
20220823,-0.009,0.003114765,0.002503529,-0.007565481,0.000895255,-0.02535941,0.015959483,7.97,0.012941169,0,-0.0068,0,-0.002778837
20220824,-0.01416,0.000750389,0.000163556,-0.017317097,-0.005833537,-0.009889836,0.000527621,7.97,-0.054989386,0,0.0027,0,-0.006536986
20220825,0.01516,-0.000535934,-0.008083921,-0.017126993,-0.020459909,0.003611494,-0.016058196,7.97,-0.046645182,0,0.0019,0,-0.006213351
20220826,-0.01028,-0.016976133,0.019473165,0.008269577,-0.005065634,-0.011558763,-0.024746216,7.96,0.16003646,0,-0.0004,0,-0.005840572
20220829,-0.03801,-0.001964852,-0.025291435,-0.01181322,0.010105736,-0.021821451,0.017861507,7.95,0.025112374,0,-0.0006,0,-0.010133388
20220830,-0.03209,0.013673572,-0.001801472,-0.004350711,0.021253344,-0.088892277,0.0122306,7.94,0,0,0.0003,0,-0.011425278
20220831,0.00456,0.002045761,-0.022200995,0.003423256,0.005799704,0.022554481,0.043811763,7.95,-0.013056954,0,-0.0044,0,0.008570567
20220902,0.02894,0.010700125,0.011985188,-0.001943395,0.029785595,0.016736272,0.015219396,3.29,-0.071528136,0.0118,0.0001,0,0.015917597
20220903,0.08083,0.094892142,0.09898115,0.112245056,0.125727509,0.076186362,0.110449022,4.34,-0.07935503,0.0176,-0.0005,0,0.099901606
20220905,-0.01619,-0.014735432,-0.003523009,-0.020629756,-0.034916265,-0.005558637,-0.025722912,5.2,0.140668811,-0.0249,-0.0014,0,-0.017325144
20220906,-0.02871,-0.017236797,0.008263639,0.001929967,-0.023729927,-0.02239865,-0.002834737,6.13,0.08516637,0.0105,0.0001,0,-0.012102358
20220908,0.01149,0,-0.000290211,0.002134047,-0.007659783,0.01905264,-0.005601685,8.14,0.022295374,0.014,0.0004,0,0.002732144
20220909,0.01809,0.025802513,-0.01625041,-0.003769749,0.008590767,0.019736489,0.017506769,7.92,-0.035348494,0.005,0.0038,0,0.009958054
20220911,0.00838,-0.00851912,-0.000825864,0.02857015,-0.018252525,-0.005899769,-0.000932836,8.13,0.021306219,0,-0.0007,0,0.000360005
20220912,-0.00595,0.016970566,0.003179787,0.008189541,-0.002772005,-0.002236255,-0.001594897,7.7,0.023937269,-0.0136,0.0012,0,0.002255248
20220913,-0.03735,-0.0053545,0.008121732,0.016791826,-0.0015625,-0.04555824,-0.000754148,7.91,0.133164738,0,0.0019,0,-0.009380833
20220914,-0.02,-0.000795703,-0.006262841,-0.012360018,0.006623831,-0.021105015,0.02440736,7.91,-0.041555693,0,0.0008,0,-0.004213198
20220915,0.02109,0.002186662,-0.001320176,-0.017415506,0.036228938,0.033620994,0.00897853,7.9,0.0041961,0,-0.0006,0,0.01190992
20220916,-0.01238,-0.020766157,-0.011007774,0.005126234,-0.020432039,-0.057980751,-0.02325257,7.91,0.001141289,0,0,0,-0.020099008
20220919,0.00311,0.000608026,-0.037804046,-0.027474773,-0.005750447,0.044691229,-0.004491026,7.91,-0.020746,0,0.001,0,-0.003873005
20220920,0.01453,-0.018713159,0.000428185,-0.001749601,-0.012768601,-0.055397925,-0.015117446,7.91,0.052922387,0,0.0028,0,-0.012684078
20220921,-0.03787,-0.00985434,-0.008481692,-0.015415273,-0.017678716,-0.032461626,0.016803945,7.92,0.030101998,0,0.0002,0,-0.014993957
20220922,-0.00091,0.005302294,-0.009275939,-0.030263063,-0.021230519,0.011016965,0.051808047,7.91,-0.023130753,0,-0.0008,0,0.000921112
20220923,-0.03491,-0.027649593,-0.026866879,-0.021591337,-0.052359279,-0.020606081,-0.041007197,7.91,0.089810613,0,0.0005,0,-0.032141481
20220926,-0.00354,-0.014928055,-0.037672224,-0.02865863,-0.022434073,0.025575562,0.007197595,7.92,0.075300865,0,-0.0002,0,-0.010637118
20220927,0,-0.024092273,0.020863322,0.037454725,-0.01185004,-0.019207283,-0.021186446,7.92,0.010484221,0,0.0017,0,-0.002573999
20220928,-0.0083,-0.039797248,-0.018861522,-0.020319273,-0.007533827,0.008888163,-0.016476085,7.93,-0.077132778,0,-0.0003,0,-0.014628542
20220929,-0.02215,-0.018979437,-0.036041548,-0.016621832,-0.011633241,-0.051249034,-0.027489149,7.93,0.053543902,0,0.0004,0,-0.026309177
20220930,-0.01917,0.024844556,0.009132058,-0.020072639,0.018725469,0.039114032,0.025960389,7.93,-0.006933507,0,-0.0002,0,0.011219124
20221001,0.05052,-0.00778214,0.011118383,0.001942071,-0.015851148,0.010658379,-0.001826485,3.05,0.033546091,0.0153,0,0,0.006968437
20221002,0.00911,-0.00225107,0.009297204,0.005227279,-0.006244445,0.007662978,0.031402773,3.53,0.18056655,-0.0253,0.0003,0,0.007743531
20221003,-0.05349,-0.041190758,-0.016555641,-0.045494512,-0.058553309,-0.010854825,-0.07439829,4.35,-0.070865673,-0.0144,-0.0002,0,-0.042933905
20221005,-0.01026,0.021237277,0.000826139,0.004040456,-0.00508907,-0.010497614,0.053167861,5.21,-0.051975036,-0.0119,0.0004,0,0.00763215
20221006,-0.04567,-0.05192067,-0.034974661,-0.024327844,-0.056815419,-0.030053421,-0.095442664,6.15,0.061683735,-0.0012,-0.0004,0.75,-0.048457811
20221008,0.02345,0.014937867,0.009400939,0.006530184,0.008462674,0.008837378,0.013290918,8.06,-0.097885874,0.0173,0.0007,0,0.012129994
20221010,-0.01045,0.003890165,-0.035903636,0.013959588,-0.012669088,0.003952483,0.017404624,7.99,0.034167252,-0.0076,-0.0005,0,-0.002830838
20221011,0.00224,0.01167059,0.035454183,0.029011908,-0.004971601,-0.014488341,0.013595142,8.1,-0.103275873,0.0413,-0.0031,0,0.01035884
20221013,0.00687,0.025530325,-0.017093396,-0.036722864,0.034565173,-0.011435867,0.022389685,8.15,-0.049773642,0,-0.0006,0,0.003443294
20221014,0.0172,0.014171666,0.002259009,0.012332183,-0.002459018,0.043817358,0.011100105,8.17,0.002501562,0,-0.0007,0,0.014060186
20221017,0.00827,0.029519138,0.019202857,0.014808548,0.015068499,0.057636646,0.012766513,8.17,-0.020508673,0,0.0004,0,0.022467457
20221018,0.02462,0.017258757,0.016725279,0.017097377,-0.004456155,-0.008134429,0.014192184,8.18,-0.028125365,0,-0.0006,0,0.011043288
20221019,-0.02307,-0.005538375,-0.026139379,-0.015230274,-0.000812348,-0.033783116,-0.013299247,8.18,0.008488468,0,-0.0024,0,-0.016838963
20221020,0.02198,0.010399834,0.011015637,0.002664921,0.000406256,0.063840819,0.007469357,8.18,-0.025684675,0,-0.0009,0,0.016825261
20221021,-0.00239,-0.000323363,0.006375594,0.005714918,-0.003662262,-0.030897386,0.013900109,8.18,-0.009720171,0,-0.0005,0,-0.00161177
20221024,0.01921,0.012534312,-0.022785117,0.011862544,0.002849585,-0.002800772,0.005402122,8.19,0.005374546,0,-0.0004,0,0.003753239
20221025,0.00496,0.007847336,0.024012636,0.019619032,0.008500355,0.039392863,0.00104221,8.2,-0.047685292,0,-0.0026,0,0.01505349
20221027,0.00475,0.003592945,-0.006152584,-0.007293509,0.013611099,0.02640854,0.024335302,8.21,0.004024103,0,0.0061,0,0.008464542
20221031,0.01029,0.004431322,-0.011910021,-0.032535613,-0.008378266,0.044029748,0.023382505,8.2,0.00503581,0,-0.0021,0,0.004187096
20221101,0.04148,0.005609239,0.0068315,0.007842628,0.008888947,0.011487792,-0.011171721,3.07,-0.052379059,0.0022,-0.0001,0,0.010138341
20221102,-0.00245,-0.025256173,0.013838659,-0.007685418,-0.029514061,-0.030824285,-0.010145934,3.55,0.13478534,-0.0112,0.0003,0,-0.013148173
20221103,0.02856,-0.006404088,-0.11329123,0.027151933,0.04113781,0.034130103,-0.010971391,4.36,0.017055201,0.0283,0.0001,0,4.47E-05
20221104,-0.01173,0.018636009,-0.003218835,0.002322897,-0.006997484,-0.010283546,0.005781556,4.7,0.141240302,-0.0022,-0.0003,0,-0.0007842
20221105,-0.01978,0.023868408,-0.012606676,0.010664644,0.010152371,-0.006510708,0.102495557,5.37,-0.013119953,0.0132,0.0003,0,0.015469085
20221107,-0.05129,-0.033211528,-0.008040603,-0.004042858,-0.023958188,-0.01126381,-0.022803332,6.87,0.060242606,-0.0338,-0.0002,0,-0.022087188
20221108,0.01913,0.006478411,0.027542513,0.025763286,0.003205131,-0.016016067,-0.001412002,8.02,0.02303562,-0.0113,-0.002,0,0.00924161
20221110,-0.01032,-0.023571282,-0.008310639,-0.032725334,-0.005967622,0.011897247,-0.016844452,8.03,0.035718091,0.0012,-0.0004,0,-0.012263155
20221114,0.01468,0.00808163,0.01642335,0.013041226,0.008703275,0.061553325,0.005453851,8,0.052336228,0,0.0022,0,0.018276665
20221115,-0.00874,0.005542298,0.021847873,0.005070893,0.007252665,0.008566289,0.014195579,7.98,0.033564425,0,0.0039,0,0.007676514
20221116,-0.02104,-0.007268586,0.000777675,0.000777675,-0.008640109,-0.044944431,-0.00491477,7.96,-0.017677759,0,-0.0007,0,-0.012178935
20221117,-0.01238,0.008030636,0.002929051,-0.001558615,0.017547328,-0.023361781,0.001999539,7.94,-0.007493803,0,0.0016,0,-0.000970549
20221118,-0.00805,0.015120303,-0.013415185,0.004559594,-0.001706776,-0.007351059,0.00658552,7.94,-0.034434835,0,0.0029,0,-0.000608229
20221121,-0.00469,-0.013027655,0.003522346,0.005460752,-0.001025466,-0.01208429,0.012288708,7.91,-0.033424405,0,-0.0005,0,-0.001365086
20221122,0.05125,-0.003426617,-0.013757293,-0.019060189,0.009191554,-0.003672988,0.012437412,7.9,-0.049036154,0,-0.0014,0,0.00470884
20221123,0.02823,0.005704522,-0.000785532,0.00122861,-0.004755444,0.008952244,-0.015911473,7.89,-0.045156591,0,0.0008,0,0.003237561
20221125,-0.01147,0.001876877,-0.01197086,-0.015255584,-0.00168152,-0.004311088,-0.016324425,7.85,0.007343956,0,-0.0002,0,-0.008448086
20221128,-0.01746,-0.009987834,-0.014542369,0.007549358,-0.01731498,0.004098688,-0.001830385,7.82,0.080117711,0,0.0007,0,-0.007069646
20221129,0.0078,0.014478019,0.032919712,0.033287889,0.007506006,0.001015569,-0.010744539,7.79,-0.014512713,0,-0.0009,0,0.012323237
20221201,0.01971,0.014959027,0.012910484,0.016754475,0.021426923,0.002404938,-0.032813524,3.04,-0.043859319,0,0.0001,0,0.007907475
20221204,-0.0082,-0.00071828,-0.006979224,-0.013997631,-0.008977297,-0.008423389,-0.039368964,4.71,-0.004523989,0,0,0,-0.012380684
20221205,-0.05512,-0.014291475,-0.011063422,-0.004276069,-0.002528446,0.011230345,0.028816801,5.44,-0.024562121,-0.0194,-0.0001,0,-0.006747467
20221207,0.01851,-0.003645066,0.002724441,-0.000199324,0.006251323,-0.054134013,-0.019921194,6.93,0.041906649,0,0.0007,0,-0.007201976
20221208,-0.00718,0.017503072,0.03133807,-0.002355313,-0.010050336,0.005668203,0.026296336,7.98,-0.033730862,0.0013,-0.0024,0,0.008745719
20221209,0.03121,0.037892482,0.006965579,-0.010665485,0.042661442,0.014530706,0.022875569,7.91,0.046300592,0,0.003,0,0.02078147
20221210,0.02538,-0.009869661,-0.000755789,0.011983238,0.008938131,-0.014307326,-0.002429681,8.11,-0.001785756,0,0.0008,0,0.002705559
20221212,-0.00449,-0.003978408,-0.005903178,-0.003845797,-0.016795356,0.005096938,0.013633692,7.66,0.090800368,0,0.0015,0,-0.002326016
20221213,0.01831,0.017872736,0.003645286,-0.023045649,0.001762736,0.018619763,0.012984148,7.64,-0.103140793,0,-0.0007,0,0.007164146
20221214,-0.00492,-0.002240061,-0.00991396,-0.021469043,-0.002821871,0.006508788,-0.007331754,7.63,-0.064568081,0,-0.0004,0,-0.006026843
20221215,-0.02445,-0.03499121,-0.001135772,0.005248731,-0.009583037,-0.035353996,-0.016417101,7.63,0.076908506,0,-0.0003,0,-0.016668912
20221216,-0.00344,0.016697442,-0.008387343,0.006930808,0.008876323,-0.018774668,0.017512477,7.63,-0.009240949,0,-0.0021,0,0.002773577
20221219,0.00727,-0.006492289,0.006787021,0.020085671,0.009498752,0.004804597,-0.008008208,7.63,-0.008881087,0,-0.0008,0,0.004849363
20221220,0.00402,0.014076702,0.008866568,0.009465672,0.011488377,0.041650658,0.03941473,7.63,-0.042831173,0,0,0,0.018426101
20221221,0.01215,0.020195152,0.017704472,0.005402742,0.025629286,0.023048538,0.015340954,7.63,-0.067896101,0,-0.003,0,0.017067306
20221222,-0.00099,-0.003895025,-0.012308355,-0.02446266,0.006724975,0.032634919,-0.012163225,7.63,0.090451708,0,0.0006,0,-0.002065624
20221223,-0.01096,-0.000185856,-0.009319245,-0.000998323,-0.001005868,-0.004096041,0.003468822,7.63,-0.051365094,0,0.0034,0,-0.003299502
20221227,0.002,0.003710579,0.000424851,0.007058723,0.004017414,-0.004906024,-0.001657501,7.61,0.036692676,0,0.0009,0,0.001521149
20221228,0.003,-0.008181526,-0.036276149,-0.027395939,0.000668003,0.000156398,0.004664117,7.6,0.022380463,0,0.0035,0,-0.009052157
20221229,-0.006,0.006513469,-0.018427019,-0.024741615,0,0.002095318,-0.000600601,7.6,-0.032127539,0,0.0012,0,-0.005880064
20221230,0.003,-0.012318185,0.010269145,-0.002011999,-0.001670844,-0.014478296,-0.003309767,7.57,0.010670458,0,-0.001,0,-0.002931421
20230102,0.02893,0.004599897,-0.003730963,0.002125569,-0.008670575,0.002708946,0.010899897,7.18,-0.08214967,0,-0.0021,0,0.00526611
20230103,-0.00746,-0.042461029,-0.010629463,-0.002562963,-0.026711863,0.017760599,-0.024909713,6.97,-0.00581401,-0.1294,-0.0013,0,-0.01385349
20230108,-0.02132,-0.018836749,0.018708771,0.037005096,-0.008177616,-0.028858337,-0.016659745,6.41,0.021771556,0.1961,-0.0003,0,-0.005448369
20230109,-0.03265,-0.002011736,-0.016695207,0.005049097,-0.001213961,-0.013492552,-0.009797451,6.4,-0.03601286,-0.1748,0.0016,0,-0.010115973
20230113,0.01013,0.003011547,-0.008140475,-0.010343799,-0.005506285,-0.01614909,0.01131496,7.4,-0.025821743,0,0.0006,0,-0.002240449
20230117,0.01959,-0.001175977,-0.014181725,-0.023187082,-0.012095046,-0.035607524,-0.00882978,7.31,0.053579518,0,0.0009,0,-0.010783876
20230118,0.00379,0.002518259,0.020150931,0.014510971,0.033443829,-0.017370632,-0.002732615,7.3,0.049380285,0,0.0004,0,0.007758678
20230119,-0.03419,-0.012485399,0.001615009,0.010429405,-0.015202482,-0.018157626,0.000136808,7.27,0.008810644,0,-0.0031,0,-0.009693469
20230120,0.0052,0.012653058,-0.00564843,0.004087566,0.012785562,0.018921362,0.022855819,7.28,-0.033196016,0,-0.0017,0,0.010122134
20230123,0.03402,0.009178204,0.000354281,-0.002087737,0.002718624,0.026757437,0.00480193,7.28,-0.002017193,0,0,0,0.010820391
20230125,-0.01926,0.003942834,0.002709848,-0.007118221,0.009202974,-0.015578785,0.003533341,7.27,-0.006269657,0,-0.0028,0,-0.003224001
20230126,0.02644,0.01206012,0.014727608,0.006996977,-0.001478634,-0.004313888,0.027444871,7.25,-0.01851417,0,-0.0045,0,0.011696722
20230127,0.01005,0.004848103,-0.014745153,-0.014449466,0.010304817,0.005340439,0.009613026,7.23,-0.011815353,0,0.0046,0,0.001565967
20230130,0.01201,0.001288868,-0.002402565,-0.008390656,-0.012378584,-0.032220068,0.002388887,7.2,0.074416652,0,0.0024,0,-0.005672017
20230131,0.0236,0.012639157,0.000954065,-0.009001579,0.030088439,0.03706816,0.115953465,7.19,-0.027454745,0,0.002,0,0.030185958
20230202,-0.01575,-0.02548419,0.017275546,0.007282115,0.024373966,-0.004084663,0.00320283,7.17,0.047003116,-0.0163,-0.0013,0,0.000973658
20230203,-0.02726,-0.000473298,-0.010047488,-0.00186592,0.004135085,-0.038754346,-0.012584148,6.97,-0.049300487,-0.0235,0.0007,0,-0.012407159
20230205,0.00308,-0.028214766,-0.023638485,-0.008136546,-0.015309546,0.011394456,-0.017657772,6.7,0.10049801,0,0.0054,0,-0.011211808
20230206,0.02979,0.036236502,-0.004408428,-0.006343176,0.022812234,0.032617857,0.006703936,6.55,-0.069449338,0.027,-0.0004,0,0.016772704
20230208,-0.00815,-0.022144927,-0.019562267,-0.003504098,0.001172333,-0.02402784,-0.014920664,6.41,0.144153161,-0.0122,0.0007,0,-0.013019638
20230210,-0.02169,-0.012321168,-0.001517296,0.01681234,-0.006112488,-0.037815892,-0.030146304,6.4,0.005123846,-0.0014,0.0002,0,-0.01325583
20230211,0.03716,0.021099364,0.030007267,0.01344653,0.00592068,0.008803401,-0.017505456,6.34,-0.074427265,0,0.0001,0,0.014133112
20230213,0.04823,-0.00425499,3.67E-05,0.003047325,0.007254496,-0.038321617,-0.003313562,7.09,-0.009297866,0,-0.0003,0,0.001811196
20230214,-0.00856,0.016601791,-0.000133928,-0.012230872,-0.00529618,0.013075071,0.013083205,7.09,-0.072898524,0,0.0003,0,0.002362727
20230215,0.00894,-0.002799815,0.002287391,0.011425752,0.00612986,0.007522917,-0.015656106,7.05,-0.036622311,0,0.0004,0,0.00255
20230216,0.00333,0.024616628,-0.006734961,-0.005352247,0.011599136,0.022400351,0.041731842,7.04,0.101127792,0,-0.0007,0,0.013084393
20230217,0.02517,-0.005638969,-0.015613414,-0.001122486,-0.001373815,-0.016874807,0.006772035,7.04,-0.007464559,0,0.0021,0,-0.001240208
20230221,-0.00409,-0.001527884,-0.007048871,-0.00202829,0.006155587,-0.003295328,-0.021277398,7.03,0.133094248,0,0.001,0,-0.004730312
20230222,-0.0447,-0.02226437,-0.017189201,0.005112021,-0.034045841,-0.025059057,-0.027028672,7.03,-0.025687856,0,-0.0011,0,-0.023596446
20230223,0.03509,0.012893382,0.010690718,-0.010071253,-0.002022245,0.023457315,0.019039857,7.02,-0.052971237,0,0,0,0.012725396
20230224,-0.01389,-0.013988416,0.000546673,-0.00908789,-0.005218916,-3.45E-05,-0.011775103,7,0.024761867,0,0.001,0,-0.007635455
20230228,0.03437,0.010485621,0.012855755,0.000204837,0.051038521,0.017044349,0.014053216,6.96,-0.012004946,0,0.0008,0,0.020007471
20230301,0.0034,0.019470599,0.025384489,0.028828424,0.028493822,0.036277641,0.033926342,7.56,0.055208075,-0.0026,0.0019,0,0.025111617
20230302,-0.00398,0.001946157,0.012622823,0.003559483,0.000283246,0.00124539,-0.006637927,7.15,-0.021587434,0.0013,-0.0026,0,0.00129131
20230303,0.00732,0.01394679,0.009053189,-0.009384938,0.007673373,0.018290635,0.016075292,6.97,-0.057789207,0.0026,0.0001,0,0.008996334
20230304,0.04434,0.010629773,0.00443318,0.012955244,0.001310616,0.03170247,0.029430534,6.85,-0.008053817,0.011,-0.0028,0,0.019257402
20230307,0.01127,0.012225723,-0.00474701,0.002286688,0.009922562,-0.028526934,0.010525182,6.54,-0.001472788,-0.0171,-0.0019,0,0.001850887
20230308,0.01376,0.011734388,-0.027123173,-0.014598578,0.010489607,0.039972549,-0.002021337,6.41,-0.010621785,0.008,0.0023,0,0.004601922
20230310,0.00284,-0.015022647,0.004550697,0.009174524,-0.009239364,0.014593507,-0.017379811,6.4,0.116204404,-0.0305,0.0006,0,-0.001497585
20230311,-0.00587,0.019251931,0.020818949,0.00061023,0.021028812,0.048679847,-0.002983169,6.33,-0.049077562,0.0178,0.0003,0,0.014505229
20230313,-0.00042,-0.070475891,-0.015961637,-0.002545097,-0.056970824,-0.044627917,-0.094440526,6.9,0.06705556,0,0.0005,0,-0.040777413
20230314,0.05,0.030345221,0.015159711,0.023404728,0.019453501,0.004131854,0.041166641,6.9,-0.111159131,0,0.0003,0,0.026237379
20230315,-0.10969,-0.106551426,-0.031947929,-0.004221952,-0.08346014,-0.044705797,-0.095004347,6.88,0.096726634,0,-0.0009,0,-0.067940227
20230316,-0.00755,0.012984716,-0.005097255,-0.015820565,-0.014502561,-0.002233291,0.026796097,6.89,-0.128407356,0,0.0003,0,-0.000774694
20230317,-0.05216,-0.019734331,-0.005560467,0.009606151,-0.010345495,0.007293979,-0.036560821,6.87,0.104011212,0,0.0008,0,-0.015351569
20230320,0.03508,0.016884515,-0.040807306,-0.018582573,0.006686752,-0.005434986,0.024112528,6.85,-0.054786177,0,-0.0002,0,0.002562704
20230321,0.05127,0.040639329,0.009270884,0.022133711,0.031488335,0.015342173,0.067313128,6.85,-0.121828498,0,0.0008,0,0.033922509
20230322,-0.00043,-0.004944612,-0.005088633,0.012786249,-0.005829032,-0.020210021,-0.012709588,6.85,0.04033549,0,-0.0016,0,-0.005203662
20230323,0,-0.022089065,0.006639126,-0.002675442,-0.019679218,0.019975537,-0.016649464,6.85,0.015600957,0,0.0017,0,-0.004925504
20230324,-0.06224,-0.054181926,-0.009223207,-0.018351779,-0.068543439,-0.011453682,-0.041398538,6.85,-0.039238442,0,0.0009,0,-0.037913224
20230327,0.02715,0.02581798,0.000883948,0.012948979,0.014089701,0.017162701,0.012247551,6.85,-0.053862777,0,0.0025,0,0.015757266
20230328,-0.03359,0.003469549,-0.005422677,0.000955432,-0.003152919,-0.000223007,0.042889242,6.85,-0.031059981,0,0.0019,0,0.00070366
20230329,0.01558,0.026582161,-0.002215744,-0.001563453,0.04493982,-0.021064882,0.00581397,6.85,-0.043496162,0,0.0007,0,0.009724553
20230330,0.02956,0.021502219,-0.008670043,-0.000637398,0.034616939,0.029487386,0.012100407,6.84,-0.00524387,0,-0.0014,0,0.016851359
20230331,-0.00709,0.012393087,0.001708185,-0.007130567,-0.011734163,0.013310161,-0.002867797,6.85,-0.016967517,0,0,0,-0.000201585
20230401,0.01682,0.040243359,0.007125558,0.015691911,0.032716909,0.04043065,0.036701367,7.53,-0.039639988,0.0048,-0.0014,0,0.027104251
20230404,-0.00554,0.009630893,0.0256493,0.003792792,0.000654665,-0.01055031,0.0010034,6.84,0.023969231,-0.0083,-0.0008,0,0.003520106
20230405,-0.00258,-0.006237212,-0.001847398,-0.002287897,-0.023311079,-0.023535877,-0.012656307,6.66,0.091137711,0,0.0002,0,-0.010350824
20230408,0.00248,0.017010106,0.002888946,-0.00848034,0.00202693,0.008649852,0.004038596,6.43,0.071502301,0.0112,-0.0001,0,0.004087727
20230410,0.02242,-0.002724797,-0.024238233,-0.015691163,0.001545834,0.024830198,-0.006015752,6.4,-0.062585632,-0.0248,-0.0003,0,1.80E-05
20230412,-0.00969,0.011525027,0.01979186,0.010226236,0.001612904,-0.001477425,0.005149546,6.25,0.035009395,0.007,0.0018,0,0.00530545
20230413,0,0.008201774,0.0154561,-0.000804379,0.006069337,-0.00087741,-0.001062135,6.8,-0.069966231,0,-0.0006,0,0.003854755
20230418,0.03334,0.020749044,-0.01330904,-0.00265474,0.012774749,0.008867443,0.021935491,6.8,-0.007104875,0,-0.001,0,0.01167185
20230419,-0.02364,0.003193012,-0.003544482,-0.005070735,0.012307848,-0.008605429,0.01702646,6.8,-0.022229864,0,-0.0011,0,-0.001190475
20230420,0.00042,-0.01266374,-0.011360839,-0.000516426,-0.005519793,0.004161517,-0.017849421,6.79,0.04223054,0,0.0003,0,-0.006189815
20230421,0.01333,-0.00323377,-0.008616756,-0.000285185,0.006742287,-0.021793975,0.004825224,6.78,-0.023572076,0,0.001,0,-0.001290311
20230424,-0.01838,0.008149451,0.010371494,0.002021563,0.000610687,0.003529555,-0.034593989,6.76,0.007130092,0,-0.001,0,-0.004041606
20230425,-0.03606,-0.024130545,-0.005446832,-0.001795421,-0.011049836,-0.00839836,-0.027407809,6.75,0.105005261,0,0.0008,0,-0.016326972
20230426,0.02844,-0.002080805,-0.012421895,-0.01173349,-0.000617475,-0.003640239,-0.019475777,6.74,0.004255321,0,0.0014,0,-0.003075669
20230427,-0.01283,0.019424762,-0.004005693,-0.004970877,0.014106336,-0.004319213,0.034830749,6.73,-0.101005742,0,-0.0007,0,0.006033723
20230428,-0.02351,-0.002556892,-0.014041759,-0.000128056,0.002129278,-0.006204439,-0.038169651,6.71,-0.076233236,0,-0.0019,0,-0.011783074
20230501,0.01934,0.005131725,0.008895999,0.007170322,0,0.003127044,0.007181359,7.5,0.020239003,0,-0.0001,0,0.007263778
20230504,-0.01681,-0.009093403,0.006336522,0.001317612,-0.000327279,-0.010975402,-0.011656711,6.84,0.004201683,-0.0042,0.0006,0,-0.005886952
20230505,0.00215,0.03426497,0.005127212,0.001186239,0.019000727,0.028650376,0.047687288,6.66,-0.155894336,-0.007,0,0,0.01972383
20230507,-0.00331,-0.009546198,0.030617781,0.038187328,-0.008057062,-0.010811266,0.010357908,6.53,0.043971091,0,-0.0008,0,0.006776927
20230509,0.00346,-0.000841538,-0.03020159,-0.027021192,0.007807847,-0.015921944,-0.01776725,6.4,0.067922785,0,0.0034,0,-0.011497952
20230510,-0.0281,0.009504484,0.002308162,-0.012518024,-0.005576223,-0.007003223,0.013370416,6.4,-0.004855696,0.0014,-0.001,0,-0.004002058
20230512,-0.02032,0.021822739,0.003357056,-0.001593785,-0.008090659,0.027782082,-0.001779536,6.25,-0.017740499,-0.0294,-0.0011,0,0.003025414
20230515,-0.0084,0.002561258,-0.002149369,-0.003184588,-0.004162004,0.004474303,-0.005419492,6.62,0.005270885,0,0.0022,0,-0.002325699
20230516,0.025,-0.003587601,0.006526986,0.01313469,-0.033934741,0.013630818,0.00510151,6.6,0.049568616,0,0.0018,0,0.003695952
20230517,-0.01827,0.003417054,0.013744583,0.011535395,0.021018836,0.019747567,0.003703512,6.6,-0.064279089,0,0.0026,0,0.007842421
20230518,-0.00757,0.017079979,-0.005763146,-0.002002951,0.003568536,-0.021721396,0.005897237,6.59,-0.049828144,0,0.0025,0,-0.001501677
20230519,0.01342,0.003514942,-0.002070754,-0.0004381,-0.002269413,0.021311088,-0.001996953,6.58,0.046265114,0,0.0004,0,0.00449583
20230522,0.13249,-0.043366303,-0.002192011,-0.018721301,0.033198069,0.029612084,0.004827885,6.58,0.023516641,0,-0.0011,0,0.019406918
20230523,0.01089,-0.004021336,0.006509784,0.004067992,-0.012320484,0.017624375,0.001255624,6.56,0.07390052,0,0.0002,0,0.003429422
20230524,-0.02671,-0.018388071,-0.008002273,-0.002276406,-0.0349324,-0.048008812,-0.04283699,6.55,0.077840107,0,-0.002,0,-0.025879279
20230525,0.00849,0.0024951,-0.006963188,-0.012549946,0.002301497,-0.000437548,0.019562904,6.55,-0.04545083,0,-0.003,0,0.001842688
20230526,0.06062,0.002311318,0.019647054,0.008644997,0.009478744,-0.002448147,0.001176659,6.55,-0.064190197,0,0.0017,0,0.014204375
20230530,-0.02425,-0.014543752,-0.011301139,-0.011817081,-0.00990434,-0.002974641,-0.004833781,6.55,-0.027677659,0,0.0011,0,-0.011374962
20230531,-0.01433,-0.023422846,-0.004761229,-0.018693178,0.00430393,-0.026938792,-0.036180223,6.55,0.027120388,0,0.0002,0,-0.017146048
20230602,-0.00399,-0.015840945,0.008161724,-0.001802771,-0.017426523,-0.021919074,0.015639085,7.14,0.058279221,-0.0115,0.0018,0,-0.005311215
20230603,-0.06084,0.010526413,0.004162193,0.00111341,0.011400775,0.033008772,0.017794064,6.96,0.00646907,0,-0.0011,0,0.002452232
20230604,0.00087,0.024766877,0.008850373,-0.013075594,0.018486014,-0.017321574,0.027685353,6.83,-0.036290018,0,0.0009,0,0.007180207
20230606,0.04393,0.009787426,0.007506205,0.003013635,0.017744445,0.003785817,0.015195077,6.55,-0.053690099,-0.0058,-0.0004,0,0.014423229
20230607,-0.00399,-0.04603846,-0.032036534,-0.013606441,-0.011578912,-0.011039141,-0.023937628,6.53,0.085128975,-0.0087,0.0007,0,-0.020318159
20230609,-0.01954,-0.013391165,0.018309728,0.032684829,-0.00569973,-0.027223651,-0.051209699,6.4,0.030923025,-0.0059,0.0005,0,-0.009438527
20230610,-0.00654,0.013089631,-0.004773606,0.00318064,0.025154701,0.012415338,0.028221762,6.4,-0.057890341,0,-0.0005,0,0.010106924
20230611,0.029,0.002996917,0.021132527,0.019935529,-0.004635003,0.02732834,0.000213379,6.33,-0.001342249,0,-0.0003,0,0.013710241
20230612,-0.00798,0.014947961,0.020253041,0.005280687,0.001082544,0.031856432,0.01180419,6.25,0.009295178,-0.0059,0.0008,0,0.011034979
20230613,-0.00574,0.004420483,-0.026669777,-0.006035797,0.011703439,-0.035491015,0.000324097,6.55,-0.027010459,0,0.0014,0,-0.008212653
20230614,-0.00384,0.014711299,0.001320997,0.008079558,0.010946161,0.031718639,0.032204281,6.55,-0.051257239,0,-0.0013,0,0.013591562
20230615,-0.01292,-0.021615814,0.005167254,0.000330646,-0.011890002,0.029341972,-0.014538815,6.55,0.043699686,0,0.001,0,-0.003732108
20230616,0.0013,0.00496191,0.026097933,0.012256367,0.003770033,0.007171242,0.021625869,6.55,-0.068500385,0,-0.0004,0,0.011026193
20230620,-0.00066,-0.001409195,-0.013024726,-0.002058063,-0.00348598,0.011438014,0.010304162,6.55,0.024800699,0,0.0005,0,0.000157745
20230621,0.01145,0.005449605,-0.021564151,-0.00338961,-0.003179653,-0.007204948,0.032141209,6.55,-0.050232148,0,-0.0006,0,0.001957493
20230622,-0.02638,-0.023413627,-0.012116911,-0.019241617,-0.014111844,-0.006511059,-0.014459264,6.55,-0.022214622,0,0.0008,0,-0.016604903
20230623,0.01887,-0.015736962,0.007403514,-0.000558767,-0.017267085,-0.038766204,-0.005445558,6.55,0.040233111,0,-0.0025,0,-0.007357295
20230626,-0.04527,0.006904097,0.002810625,-0.000415185,0.01046103,0.039968395,0.007172035,6.54,0.058521603,0,0.0004,0,0.003090142
20230627,0.00854,0.007935118,0.009976255,0.014701694,0.00032515,-0.015354204,0.014191577,6.54,-0.036445637,0,0.0012,0,0.00575937
20230628,0,0.003407158,0.020032798,0.027204313,0.00777206,-0.012231071,-0.000486027,6.54,-0.022820237,0,0.0005,0,0.006528462
20230629,0.03345,0.016511693,0.022548162,0.030669356,0.006751352,0.042502756,0.026386755,6.54,0.008157231,0,0.0006,0,0.025545725
20230630,-0.01325,0.01624348,0.008923803,-0.001558019,0.027805899,0.028537219,0.00684207,6.54,0.003685975,0,-0.0013,0,0.01050635
20230702,-0.00642,0.025836192,0.022040179,0.00700437,0.018841551,-0.010408653,-0.002187945,7.14,-0.040436092,0.009,-0.0007,0,0.007815099
20230703,-0.02617,-0.015831465,-0.010389779,-0.008999744,0.000809389,-0.000764155,-0.010114262,6.95,0.051320136,-0.0089,0,0,-0.010208574
20230706,0.03883,0.005122329,0.018199106,0.000210069,-0.006301218,-0.002879296,-0.011726238,6.55,-0.001433725,-0.0045,-0.0004,0,0.005922107
20230707,0.00664,0.006552626,0.002525095,-0.001785864,0.000629327,0.00816662,0.020653553,6.52,-0.040309366,0.0152,-0.001,0,0.006197337
20230708,-0.01467,0.004375638,0.020977106,-0.003909744,0.001156404,-0.022883106,0.013124424,6.42,-0.080969056,0,0.0012,0,-0.000261325
20230709,-0.03916,-0.000512076,0.00736901,-0.004594659,-0.026213022,0.008117392,-0.010805724,6.4,-0.003466221,0,0.0008,0,-0.009399868
20230711,-0.01867,-0.015253932,0.014567585,-9.71E-05,-0.005824128,-0.034094697,0.005319727,6.34,-0.005387213,-0.003,-0.0001,0,-0.007721791
20230712,0.00665,0.007391017,-0.007073469,-0.008749156,-0.010878541,-0.004880876,-0.021149123,6.25,0.006915137,-0.0136,0.0002,0,-0.005527164
20230713,0.00251,0.00545248,-0.008180611,-0.004076274,0.015565704,-0.022482657,0.012376963,6.46,0.005156527,0,-0.0021,0,0.000166515
20230714,0.00781,-0.006334704,0.019324983,0.00911856,-0.001515381,0.016227141,-0.007315991,6.45,-0.02003774,0,-0.0003,0,0.005330658
20230717,-0.0075,0.001058575,-0.002286202,4.61E-05,0.006349228,0.002558753,0.010499982,6.45,0.01044002,0,0.0011,0,0.001532354
20230718,0.00781,0.015745602,0.007368302,0.001006212,0.010791472,0.000713538,0.002268089,6.45,-0.013443022,0,-0.0004,0,0.006529031
20230719,0.01022,0.006056954,-0.005310844,0.022208413,-0.003285056,-0.008128362,-0.004313777,6.45,0.0340018,0,-0.0005,0,0.002492475
20230720,0.00645,0.001551591,-0.000600771,0.019610744,0.006262135,0.004964876,0.010412045,6.45,0.016576923,0,-0.0009,0,0.006950089
20230721,0.00092,-0.000689299,0.002095339,-0.0151962,0.022049989,0.000929816,0,6.45,-0.028272952,0,0.0006,0,0.001444235
20230724,-0.00829,0.00618665,-0.01534333,-0.006031782,0.005798799,-0.010306039,0.007850214,6.45,0.022538174,0,-0.0035,0,-0.002876498
20230725,0.02346,0.003761974,0.010396293,0.008357504,-0.002895196,0.01191326,0.004903063,6.44,-0.003601026,0,0.0012,0,0.0085567
20230726,0.00271,-0.008054195,0.007282431,-0.014589105,-0.00581566,-0.013519478,0.002886005,6.43,-0.049548034,0,0.0002,0,-0.004157143
20230727,0.00629,0.029331593,0.013795103,0.013038488,0.00058309,-0.006614371,0.00155056,6.43,0.088463465,0,0.0006,0,0.008282066
20230728,-0.01231,0.005498639,0.007632487,6.42E-05,-0.001750292,-0.00819128,-0.006885091,6.41,-0.077905271,0,0.0009,0,-0.002277328
20230731,-0.01185,-0.002662231,0.040605504,-0.00449233,0.003788435,0.026489927,0.024871977,6.42,0.022256126,0,0.0001,0,0.010964469
20230802,0.04102,0.023933308,-0.058641322,-0.015132868,0.024306267,0.007089157,-0.002192743,7.14,0.050676778,-0.0016,-0.0002,0,0.002911686
20230803,-0.03155,0.001250782,-0.002066698,0.004131839,-0.01576548,-0.006957603,0.016525866,6.95,-0.02480745,0.0233,-0.0013,0,-0.004918756
20230805,0.03003,0.006885894,0.007934927,0.021662671,0.02015951,0.037408562,0.002109705,6.66,-0.012291697,0,-0.0014,0,0.018027324
20230808,-0.00948,-0.030519801,-0.014616319,-0.001460295,-0.022499123,-0.038891556,-0.061287825,6.4,0.013854083,-0.0015,-0.0006,0,-0.025536417
20230809,0.02354,-0.002393164,0.005114787,0.018517509,-0.009308165,0.034498217,0.001688578,6.4,-0.039665219,-0.0015,-0.0008,0,0.010236823
20230811,0.00034,0.002677378,-0.021285136,-0.009466397,-0.004097167,0.02277581,0.008453136,6.34,-0.024608255,0,-0.0002,0,-8.61E-05
20230812,-0.01537,0.01203658,0.016051544,0.011105776,0.00789872,0.0078702,0.01072929,6.24,-0.055898062,0,-0.0004,0,0.007188873
20230814,-0.02415,0.00218066,-0.017924649,-0.003177743,0.003268462,0.028877751,0.007645641,6.4,-0.001348649,0,0.0012,0,-0.000468554
20230816,-0.00773,-0.005116846,6.93E-05,-0.007422922,0.010424517,-0.011871584,-0.020138705,6.4,0.019254602,0,-0.001,0,-0.005969464
20230817,0.00236,0.00239112,-0.024307,-0.014037246,-0.01162284,-0.014151859,-0.004352315,6.4,0.064054121,0,0.0011,0,-0.009102877
20230818,-0.03077,-0.006846997,-0.021771049,-0.027476687,-0.006314861,-0.006204806,-0.009225158,6.4,-0.033535406,0,0.0002,0,-0.015515651
20230821,0.04082,0.002059026,0.00373969,0.056582198,-0.00241619,0.024072443,0.014262952,6.4,-0.009875194,0,-0.0011,0,0.019874303
20230822,0.0198,0.003593126,0.007400148,-0.011704068,0.011724169,-0.031531331,0.00592122,6.4,-0.009384225,0,-0.0001,0,0.000743323
20230823,0.00651,-0.00068341,-0.001294781,0.013914596,-0.021142437,-0.02326871,-0.004551669,6.4,-0.060109127,0,-0.0002,0,-0.004359487
20230824,-0.01604,-0.001197093,0.029991113,0.014366152,0.006693058,0.008857626,-0.021441744,6.4,0.073571516,0,0.0007,0,0.00303273
20230825,-0.00995,-0.002226982,0.000964175,-0.01986733,-0.003645205,-0.024508619,0.013656039,6.4,-0.092523394,0,-0.0001,0,-0.006511132
20230828,0.01947,0.020202707,0.00539161,0.005622929,0.012700503,0.02747355,0.019126266,6.4,-0.039016677,0,0.0002,0,0.015712509
20230829,0.00651,0.006700193,-0.001488064,0.003808485,0.004497084,0.0135119,0.019209883,6.4,-0.042674956,0,0.0002,0,0.00753564
20230830,0.00776,-0.000333946,0.016427103,0.000660716,0.001494545,-0.003488056,0.004415018,6.4,-0.040245438,0,0.0002,0,0.003847911
20230831,0.0029,-0.002843049,0.015334121,0.018495261,-0.015350189,0.01267622,-0.005964891,6.4,-0.022587512,0,-0.0002,0,0.003606782
20230901,0.06775,-0.001523745,0.017026043,0.0126398,-0.001546791,0.022283501,-0.006820378,7.45,0.038984063,0.0015,-0.0009,0,0.015686919
20230902,0.00463,0.008732318,-0.010943834,0.001900236,0.020219268,0.023524501,0.040439966,7.14,0.053557666,0,-0.0009,0,0.012643208
20230903,0,-0.021479032,0.011978842,-0.000291251,-0.024966623,0.006808381,-0.00942475,6.93,0.168180523,0.0045,0,0,-0.005339205
20230905,-0.00418,0.002227745,-0.002782395,-0.012997399,-0.023868942,0.042928903,0.004311031,6.65,0.042093246,0.003,-0.0005,0,0.000805563
20230906,0.02311,-0.016625781,0.021414832,0.002564173,-0.005703438,0.008069057,-0.016645434,6.55,0.013100646,0.006,0.0006,0,0.002311916
20230908,-0.01438,0.013584595,-0.004988113,-0.022818035,0.001181335,-0.001264466,0.042774973,6.4,-0.001877918,0.0015,-0.0006,0,0.002012898
20230910,-0.03886,-0.015965384,-0.01938501,-0.007681748,-0.022052961,0.046689177,-0.014350022,6.4,0.01422499,0,-0.0005,0,-0.010229421
20230911,-0.01936,-0.000178269,-0.001527616,0.002268561,-0.00588237,0.027032097,0.007547206,6.34,0.056504616,-0.0074,0.0004,0,0.00141423
20230913,-0.01592,0.000334001,-0.003103604,0.000915156,0.004291852,0.038448705,0.001416097,6.4,-0.054145308,0,-0.001,0,0.003768887
20230914,0.00781,0.023270297,0.001092313,-0.000249069,0.016684749,-0.001997143,0.023541467,6.4,-0.050200644,0,0.0002,0,0.010021802
20230915,0.02415,0.002606714,0.038628988,-0.045276871,-0.009673594,-0.008812037,-0.000921871,6.4,0.072937261,0,-0.0005,0,0.00010019
20230918,0.01898,-0.02221034,-0.010610965,0.005259798,-0.009768087,-0.008120661,-0.001846296,6.4,0.015113641,0,0.0002,0,-0.004045222
20230919,-0.04907,0.016499302,-0.005409223,0.026848176,0.009160369,0.005599919,0.018764853,6.4,0.007826412,0,0.0002,0,0.003199057
20230920,-0.04457,0.015587262,0.008885043,0.018247196,0.004246291,0.000830159,0.046293284,6.4,0.070456529,0,0.0002,0,0.007074176
20230921,0.00699,-0.006789551,0.000224677,-0.005024695,-0.018943432,-0.030168686,0.024164546,6.4,0.147143768,0,-0.0002,0,-0.00422102
20230922,0.01764,-0.01487077,0.015728551,-0.00237073,0.001233046,-0.007589494,-0.013614335,6.4,-0.019574611,0,-0.0003,0,-0.000549105
20230925,0.0072,-0.005282284,0.005231889,0.005393023,-0.013335598,-0.003312421,-0.009901071,6.4,-0.017595829,0,-0.0001,0,-0.002000923
20230926,0.01126,-0.003149609,-0.008336089,-0.029069114,-0.003440191,0.013739666,-0.024303331,6.4,0.113962517,0,0.0006,0,-0.006185524
20230927,-0.04113,-0.00199435,-0.007033587,-0.010552995,-0.000313332,-0.046094405,0.001550216,6.4,-0.038756262,0,0.0007,0,-0.015081208
20230928,-0.02839,0.005971157,0.008446229,0.003457615,0.019857928,-0.001993933,-0.004213334,6.4,-0.049503874,0,-0.0007,0,0.000447952
20230929,0.00678,-0.000661704,-0.000195239,0.001616361,0.008260717,0.015249267,0.010170329,6.4,0.010327131,0,0.0002,0,0.005888533
20231001,-0.00438,-0.011417011,-0.004937338,-0.023320184,-0.009956523,-0.009496664,-0.000958576,7.45,-0.065358128,0,0.002,0,-0.009209471
20231002,-0.01161,-0.012812675,0.002969053,0.002542835,-0.034676011,-0.016554487,-0.012302626,7.11,-0.008729367,-0.0115,0.0019,0,-0.011777702
20231003,-0.06376,-0.038901479,-0.010031439,-0.006043262,-0.031676211,-0.014983856,-0.031715132,6.91,0.092451309,0,0.0011,0,-0.028158768
20231005,0.01495,-0.008595549,-0.007773987,-0.005326649,-0.003101739,0.020502659,-0.013733577,6.65,-0.044451679,0,0.0011,0,-0.000439835
20231007,0.0125,0.004164032,0.01487141,-0.003904797,-0.004413626,0.034800334,0.000704639,6.52,0.016053841,0,0.0002,0,0.008388856
20231008,0.01502,0.029451014,-0.002264131,0.003468826,0.004417619,0.015093165,0.006283683,6.4,-0.00691607,0,-0.0005,0,0.010210025
20231010,0.05189,0.013461418,0.0275284,0.004355473,0.007712517,0.015643791,0.030032287,6.4,-0.038588148,-0.0099,0.0002,0,0.021517698
20231011,-0.02618,-0.008594502,-0.003755097,-0.002964109,-0.001180638,-0.005950948,-0.00313775,6.3,-0.076071958,-0.0043,0.0003,0,-0.007394721
20231013,-0.0198,-0.030750629,-0.001136068,0.002366573,-0.01676613,0.010749237,-0.02205161,6.4,0.146331043,0,0.0011,0,-0.011055518
20231016,0.01035,0.003290901,-0.008272426,-0.020551695,0.016463787,0.087070724,0.025535176,6.4,-0.115650256,0,-0.0006,0,0.016269495
20231017,-0.01275,-0.002597179,-0.013790341,-0.005377858,0.005728947,0.024117655,0.00065182,6.4,0.038192166,0,0.0009,0,-0.000573851
20231018,0.01037,-0.006435364,0.023862327,0.003992049,-0.008454157,-0.000260457,-0.01004156,6.4,0.072268645,0,0.0005,0,0.001861834
20231019,0.00791,-0.010524567,0.005963516,0.000546808,-0.014661228,-0.025952494,-0.012584337,6.4,0.107439536,0,0.0005,0,-0.007043186
20231020,0,-0.020487044,-0.008803976,-0.040930629,-0.006172859,-0.018453574,-0.017029316,6.4,0.014382038,0,-0.0002,0,-0.015982485
20231025,-0.03383,0.004817567,0.001806067,-0.004979065,0.008897129,-0.002258281,-0.021983739,6.35,0.062328711,0,-0.0005,0,-0.006790046
20231027,0.00788,-0.00091416,0.016288891,0.001937482,-0.002140346,-0.02365996,0.011110015,6.35,0.028130586,0,-0.0001,0,0.001500275
20231030,0.00994,-0.017529741,0.002683518,0.013823056,0.034003577,0.04457781,0.017608357,6.35,-0.074144159,0,-0.0002,0,0.015015225
20231031,-0.00354,0.010554676,0.004545429,0.002330479,-0.001480385,0.021854345,0.005730675,6.34,-0.08503408,0,0.0004,0,0.005713603
20231101,-0.01058,0.004275338,0.008215998,0.013734348,0.000312647,-0.009445405,-0.015046181,7.44,0.024479275,0,0.0005,0,-0.001219036
20231104,0.01637,-0.005431463,0.005221494,-0.000539888,0.006725406,0.045551227,0.006667056,6.8,0.006829607,0,0.0011,0,0.010651976
20231105,-0.02209,-0.009889905,-0.001117226,0.004126574,-0.009990717,-0.038972403,0.003398113,6.65,-0.000590507,-0.0146,0.0012,0,-0.010647938
20231107,0.03216,0.014528101,0.021870022,0.031067889,0.001263025,0.011622211,-0.000704639,6.5,-0.015379744,0.0089,0.0003,0,0.015972373
20231108,-0.03027,-0.012515808,0.01002354,0.001701716,-0.012716422,0.020279619,-0.008988825,6.41,-0.065843276,-0.0029,-0.0017,0,-0.004640883
20231109,-0.02647,0.018314909,0.013567049,0.027045335,0.003423062,-0.012821209,0.016967787,6.4,-0.002894355,0.003,0,0,0.005718133
20231110,0.03028,0.006829376,0.009511409,0.022002293,0.018874228,0.014065051,0.005899722,6.4,-0.056778565,0.0044,-0.0004,0,0.015351726
20231112,0.00403,-0.01089176,-0.00049838,-0.002213652,0.005411269,0.027867487,0,6.24,0.022418851,0,0.0011,0,0.003386423
20231113,-0.00036,0.003231601,0.00984952,0.004853537,0.021041104,-0.040656579,0.03216109,6.3,0.040793776,0,0.0003,0,0.004302896
20231114,0.05849,0.003935604,0.001243239,0.004497993,0.013785399,0.049124109,0.002026754,6.29,-0.041499757,0,0,0,0.019014728
20231115,0.0054,0.006406856,-0.000544886,0.0040917,0.011626389,-0.030410769,-0.000405022,6.28,0.001411465,0,-0.0006,0,-0.000547962
20231116,0,-0.004979559,-0.004929843,-0.000368832,0.010935199,0.038624542,0.003033676,6.27,0.009824598,0,0.0004,0,0.006045026
20231117,0.01899,0.011345628,-0.005967481,0.005270539,0.001114827,0.001140584,0.011045398,6.25,-0.036988534,0,-0.0009,0,0.006134214
20231120,-0.00066,0.001233154,-0.005935873,-0.005679514,-0.004746623,0.024241004,0.006965895,6.25,-0.02866792,0,0.0013,0,0.002202578
20231121,-0.00962,-0.006003903,-0.002908671,0.004922824,0.004468033,-0.011617905,-0.015792432,6.25,-0.004484272,0,-0.0006,0,-0.005221722
20231122,0.00962,0.002123143,-0.002796732,0.002131456,0.003060233,0.01606919,-0.003633432,6.25,-0.038172572,0,0.0005,0,0.003796265
20231124,0.00456,0.002282104,-0.002759926,-4.43E-05,0.003064496,0.000480223,0.001992429,6.25,-0.030820325,0,-0.001,0,0.001367867
20231127,0.00842,-0.01075374,-0.003965334,0.000173399,-0.005858574,0.00049044,-0.013022322,6.25,0.018290732,0,0.0016,0,-0.003502304
20231128,0.01917,0.001062888,-0.00197392,0.004768342,0.009745309,0.030687824,-0.001614531,6.25,0,0,-0.0005,0,0.00883513
20231129,-0.01659,0.00776018,-0.001437986,-0.005442252,0.017578041,-0.033244154,0.022764561,6.25,0.022595427,0,0.0003,0,-0.00123023
20231201,0.00177,0.018262259,0.005345176,0.004270658,0.024395219,0.015812537,0.014360921,7.43,-0.113347663,0,0.0007,0,0.012030967
20231204,0.00851,0.002631811,0.016595108,6.17E-05,-0.003837549,-0.010950595,0.025807884,6.8,-0.000523709,-0.0089,0.0003,0,0.005545479
20231205,0.00714,0.019682956,-3.31E-06,0.010920104,-0.018047031,-0.019162235,0.000317982,6.64,0.005889321,-0.0254,-0.0001,0,0.000121209
20231206,-0.00191,0.006400022,-0.006091264,0.00273873,-0.00127186,0.004952797,0.008681552,6.55,0.081876521,-0.0061,-0.0001,0,0.001928568
20231207,0.00631,0.009569451,-0.002631945,0.028034339,0.025546561,0.055558408,0.018622512,6.49,-0.091677983,0.0046,-0.0003,0,0.020144189
20231209,0.00037,0.006031179,0.004338436,0.010876769,0.011121523,-0.036213823,0.003312045,6.4,0.030683774,0,0.0025,0,-2.34E-05
20231210,0.00078,-0.013369183,0.016862781,0.013472987,-0.00241546,0.000113474,-0.001089918,6.4,0.036611799,0,-0.0002,0,0.002050669
20231212,0.00268,-0.005901656,0.000760572,0.003899736,0.000269796,-0.031231844,-0.01032985,6.24,-0.045351936,0.0137,0.0002,0,-0.005693321
20231213,0.02575,-0.008420755,0.002327038,0.002039114,-0.01194044,0.013780697,-0.002399042,6.25,0.009892899,0,-0.0012,0,0.003019516
20231214,0.01263,0.041730221,0.005876689,0.005010743,-0.024317308,-0.005293847,-0.046291287,6.25,0.023511417,0,0.001,0,-0.001522113
20231215,-0.01035,0.00333413,0.003865352,0.01980622,0.004743974,-0.028476904,-0.006942281,6.25,-0.016155425,0,-0.0005,0,-0.002002787
20231218,0.0081,-0.011157272,0.01547123,0.025260182,-0.00418469,0.023778703,0.018199435,6.24,0.022545293,0,0.0002,0,0.010781084
20231219,0.00097,-0.001604107,0.006410946,0.002191148,0.013053928,0.017889886,0.008668785,6.25,-0.002391447,0,0.0002,0,0.006797227
20231220,-0.00032,0.009109132,-0.007293901,-0.012569184,-0.001104362,-0.019069101,0,6.25,0.087077909,0,-0.0005,0,-0.004463917
20231221,-0.01691,0.000318117,-0.014726745,-0.011695583,0.003309435,-0.008863942,0.000410931,6.25,-0.001464163,0,0.0002,0,-0.006879684
20231222,-0.0162,0.002065296,0.013602426,0.000134209,-0.0013776,-0.003382508,0.003281381,6.25,-0.046485123,0,-0.0001,0,-0.000268114
20231227,0.00631,-0.00031746,-0.005561995,-0.005250736,0.013147272,0.010687031,0.001227747,6.24,-0.044066883,0,0.0009,0,0.002891694
20231228,-0.01266,-0.008609747,-0.001651367,-0.002461633,-0.006004385,-0.022681402,-0.002457004,6.24,0.003212851,0,-0.0018,0,-0.008075077
20231229,0.03169,0.002239284,0.005270009,0.013501547,0.005460019,-0.009799084,0.007149453,6.22,-0.001605174,0,0.0015,0,0.007930175
20240102,0.02985,-0.096605983,0.029791536,-0.002680057,-0.006261761,0.134393312,-0.024411908,6.1,-0.033301005,0,-0.0007,0,0.009153591
20240103,-0.00896,0.013808163,0.002594277,0.015802009,0.011585742,-0.0055538,0.002746145,6.08,-0.021879407,0,-0.0006,0,0.004574648
20240107,0.04335,0.035317202,-0.02064802,-0.007593378,0.019031135,0.008161932,0.045199051,6.01,-0.017843078,0,0.0013,0,0.017545417
20240108,-0.00707,-0.032023229,0.006779555,0.003457515,-0.035351337,-0.053875288,-0.058732723,5.8,0.127784441,0,0,0,-0.025259358
20240110,-0.0139,-0.006683536,-0.024197681,0.00351,-0.013285837,-0.025548955,-0.02794953,5.55,0.140826931,-0.0176,0.0002,0,-0.015436506
20240116,-0.02246,-0.006072063,0.000286337,0.000766007,-0.011785942,0.000277434,0.00797592,6.15,0.085960983,0,0.0009,0,-0.00443033
20240117,-0.01158,-0.008430499,-0.015767571,-0.006317414,-0.009061551,-0.013318404,0.003481628,6.14,0.066388313,0,-0.0002,0,-0.008713402
20240118,0.00581,0.006947919,-0.00814333,0.0007055,0.004152614,0.002652898,0.026861316,6.14,-0.045651069,0,0.0001,0,0.00556956
20240119,0.00385,-0.000824606,0.015354607,0.003694841,0.008767462,0.024112342,-0.006033201,6.14,-0.060536155,0,-0.0005,0,0.006988778
20240122,0.00543,0.015064965,-0.007079978,-0.010752065,0.009454523,0.001796224,0.004151733,6.14,-0.008305115,0,0.0002,0,0.002580772
20240123,0.01675,-0.005867987,-0.009472853,-0.016671188,-0.002801479,-0.010038492,-0.002451213,6.14,-0.049738254,0,0.0003,0,-0.004364745
20240125,-0.00282,-0.004851238,0.003292171,-0.015993104,0.002254228,0.026514711,-0.017752498,6.13,0.023318053,0,0.0002,0,-0.001336533
20240126,0.00905,0.013844394,0.000231973,-0.000608012,0.003496507,-0.004080999,0.006389798,6.13,-0.01422709,0,-0.0002,0,0.004046237
20240129,-0.01407,-0.008186899,-0.003467733,-0.006754924,-0.007758767,-0.03168883,-0.000562166,6.13,0.025317819,0,0,0,-0.010355617
20240130,0.00878,0.002575661,0.001528214,0.039367059,0.013228697,0.033073972,0.013405526,6.11,-0.021554157,0,0,0,0.015994161
20240131,0.02983,0.005611237,0.010151114,0.01115096,-0.006966935,-0.01518753,0.00461298,6.11,0.075234305,0,-0.0002,0,0.005600261
20240202,0.02038,-0.012937708,-0.01726367,-0.005843875,0.007509422,0.011483796,0.00601845,6.1,-0.002163703,0.0016,-0.0005,0,0.001335202
20240204,-0.03116,-0.006703255,0.009491778,0.003865801,0.013945886,0.032258104,-0.000710985,6.05,0.067966709,0.0227,-0.0003,0,0.00299819
20240205,-0.00441,-0.002369318,-0.000345159,0.018835909,0.026986122,-0.003545619,0.009211349,6.05,-0.047231926,-0.0063,0.0005,0,0.006337612
20240207,-0.01968,-0.007160324,-0.000364168,0.005905464,0.001329787,-0.024441457,-0.013486475,6.01,-0.015670468,0,0.0004,0,-0.008271025
20240208,-0.03858,-0.029724778,-0.017949208,-0.020642224,-0.042700149,-0.029653018,-0.051308,5.8,0.229684745,0,0,0,-0.032936768
20240210,-0.03073,-0.002948405,-0.014952968,-0.014730024,-0.003091193,0.01226549,-0.015532759,5.55,-0.018868516,0,0.0001,0,-0.00995998
20240212,0.04825,-0.012435762,-0.009168913,0.009194857,0.018328119,0.022765361,0.011477104,5.92,-0.012663117,0.0047,0.0002,0,0.012630109
20240213,-0.0136,-0.006296317,-0.001902111,-0.001600572,0.009797842,-0.030754929,-0.006105853,6.09,0.129124715,0,0.0007,0,-0.007208849
20240214,0.02847,0.001670534,0.000579255,0.002982147,-0.014098924,0.018115764,0.012678726,6.09,-0.097331164,0,-0.0001,0,0.007199643
20240215,-0.01193,0.001667748,0.003910124,-0.00049517,-0.01430055,-0.004389482,-0.004545845,6.09,-0.026066984,0,0.0002,0,-0.004297596
20240216,-0.01445,0.006827225,0.003466062,0.012103332,0.008451837,0.015339406,0.005385405,6.09,0.016283513,0,-0.0002,0,0.005303324
20240220,0.0061,0.013240422,0.005596674,0.001755143,0.002305034,0.018696747,0.004685417,6.08,0.079610483,0,-0.0002,0,0.007482777
20240221,-0.00901,0.007181359,0.008749609,0.008775837,-0.000255853,0.00987553,0.016392452,6.08,-0.005201567,0,-0.0001,0,0.005958419
20240222,0.00872,0.005708185,0.017526728,0.015755681,0.013218291,0.000802601,0.00049257,6.08,-0.053560336,0,0.0005,0,0.008889151
20240223,-0.01546,0.003019272,-0.000696719,-0.003497114,-0.005825013,0.02721857,0.017895386,6.08,-0.055864645,0,-0.0004,0,0.00323634
20240226,0.00147,-0.018795863,0.013279703,0.012993586,-0.011238943,0.007333092,-0.005983684,6.08,-0.000727554,0,-0.0005,0,-0.000134587
20240227,0.00877,0.004687227,-0.007291135,-0.026775633,0.003077715,0.017115784,-0.001948369,6.08,-0.022820237,0,-0.0012,0,-0.000337773
20240228,-0.00058,-0.002701487,0.019298672,0.011253792,-0.010554867,-0.015970668,0.007609524,6.08,0.030071928,0,0.0004,0,0.001193567
20240229,0.01158,-0.001263196,-0.002364349,0.007417453,-0.046076458,0.023739178,-0.002907448,6.08,-0.032308283,0,0.0003,0,-0.001410689
20240301,-0.00227,-0.027035159,-0.003131187,-0.014727843,-0.008466526,0.022495529,-0.007217353,6.21,0.061693581,0,0.0007,0,-0.005764648
20240304,-0.01274,0.016824952,0.009272537,0.003717886,0.002146691,-0.004386358,0.014124529,6.05,-0.019350966,-0.0139,-0.0001,0,0.004137177
20240306,0.01852,0.005303489,-0.000404189,0.021783705,0.000664967,0.013982228,0.011884574,6.04,0.014598767,-0.0062,0.0004,0,0.010247825
20240307,0.03155,0.024202537,0.007267097,0.004653225,0.021689973,-0.007122412,0.01762099,6.01,0.004975169,0.0016,-0.0002,0,0.014265916
20240309,0.0019,-0.0120862,-0.00445433,-0.003235676,-0.025631997,-0.017018945,-0.020058558,5.55,0.323049183,0,-0.0002,0,-0.011512244
20240310,-0.0037,-0.014374473,-0.004936157,-0.009156147,0.000619003,-0.023065106,0.000265287,5.55,0.080775049,0.0188,-0.0001,0,-0.007763942
20240312,0.01163,-0.002864306,-0.010858195,-0.022342794,0.005283031,-0.027027811,0.018707227,5.91,-0.003003002,0.0157,-0.0004,0,-0.003924693
20240313,0.0143,0.020554345,-0.016112344,-0.002329658,0.00900907,0.007295035,0.012834736,6.08,-0.006524137,0,0.0006,0,0.006507312
20240314,-0.00623,-0.011551284,0.010066933,-0.000880457,-0.002905827,0.00743066,0.001709269,6.08,0.046189356,0,0.0002,0,-0.000337244
20240315,0.01506,0.015808002,2.54E-05,2.54E-05,0.032021479,0.022275929,0.021350938,6.07,0.000694219,0,0,0,0.015223875
20240319,-0.00943,0.010376228,-0.000451506,0.002515864,0.013508553,-0.020514616,0.020883814,6.07,-0.03623844,0,0.0004,0,0.00241262
20240320,0.0205,-0.00112967,0.012847949,0.019244757,-0.001266625,-0.001555886,0.001180289,6.07,-0.058095243,0,-0.0007,0,0.007117259
20240321,0.01924,0.011399337,0.01884133,0.001412306,0.023548182,0.056606048,0,6.07,-0.009245049,0,0.0006,0,0.018721029
20240322,-0.01895,0.002551022,0.008041067,0.005130544,-0.003720704,-0.013116219,-0.00933271,6.07,0.010777652,0,-0.0008,0,-0.004199571
20240326,-0.02971,0.028708596,0.021920177,0.000465242,0.004977611,0.036577002,0.012828164,6.05,0.003783598,0,-0.0005,0,0.010823827
20240327,-0.01595,0.005582275,-0.00801839,0.006286894,0.016740913,0.001868391,-0.002901075,6.05,-0.035361105,0,0.0009,0,0.000515573
20240328,-0.01098,0.018233861,0.022107955,0.000237445,0.008266519,0.012240736,0.021697812,6.05,0.017836882,0,-0.0009,0,0.010257761
20240401,0.00742,0.019907545,0.000669442,0.016148188,0.028125164,0.003178017,0.030320365,6.21,0.006389809,0.0062,0.0005,0,0.015109817
20240403,0.03004,0.019750245,0.000864992,0.002590227,-0.003757385,-0.02486526,0.009951928,6.08,0.028573382,0.0047,0.0012,0,0.00493925
20240404,0.00671,0.009424858,-0.011145011,0.000283685,0.007122537,-0.021434358,-0.005625894,6.05,0.131872684,0.0031,-0.0003,0,-0.002094883
20240406,-0.02564,-0.018237588,0.005203898,-0.006334763,-0.023767935,-0.052410122,-0.042441538,6.04,0.003806643,0,0.0001,0,-0.023375435
20240409,-0.01275,0.0038835,-0.006906584,-0.005059816,-0.003095658,0.008699908,-0.000271998,5.55,0.028546201,-0.0015,-0.0001,0,-0.002214378
20240410,0.01604,0.012732706,-0.000158583,0.009024196,0.002060582,0.002760333,0.029275483,5.55,-0.064506022,-0.0138,0.0003,0,0.010247817
20240411,0.00036,-0.002700343,-0.022611473,-0.023486374,0.009624713,-0.002381136,0.003554506,5.55,0.004559989,0.0155,0.0004,0,-0.005377158
20240412,0.01022,0.012825256,0.015534182,0.024413892,0.004131461,0.015945038,0.001731833,5.92,0.011215042,0,0.0002,0,0.012114523
20240415,-0.01262,0.006253357,-0.024878091,0.017067132,-0.010000083,0.010264089,0.00891884,6.05,0.105187197,0,0.0005,0,-0.000713537
20240416,-0.03686,-0.029940508,-0.012514839,-0.000184226,-0.006963649,-0.150130308,-0.020737562,6.05,-0.044120892,0,0.0003,0,-0.036761585
20240417,0.01146,0.005000792,-0.004936311,0.010528414,0.010785006,0.013777757,0.021755966,6.05,-0.0103798,0,0,0,0.009767375
20240418,0.0094,0.020215178,0.007117888,-0.012584173,0.017251994,0.003128833,0.020010745,6.05,-0.011599086,0,0.0003,0,0.009220066
20240419,0.01155,-0.0004584,-0.001948006,-0.002997041,0.007469689,0.006655793,0.00554333,6.05,0.038686333,0,-0.0005,0,0.003687909
20240422,0.0255,0.018023964,0.009705192,0.012120196,0.011330911,0.017184134,-0.032997735,6.05,-0.099380371,0,0,0,0.008695237
20240423,0.03572,0.021237896,-0.000170113,-0.007175368,0.0234075,0.031861237,0.034555698,6.05,-0.076654181,0,0.0004,0,0.01991955
20240424,-0.02429,-0.004713516,0.00976829,-1.17E-05,-0.000449337,-0.02648011,-0.009813063,6.05,0.017688439,0,0,0,-0.007998496
20240425,0.00246,0.009258645,0.007148698,-0.001883082,-0.000674385,0.012669678,-0.005733139,6.05,-0.038294429,0,0.0001,0,0.003320916
20240426,0.01037,-0.019945996,0.012405999,0.000401053,-0.011307221,-0.006781452,0.019782898,6.05,-0.022369364,0,-0.0004,0,0.000703612
20240429,-0.01714,0.010539695,-0.002676921,0.013698802,-0.000682516,0.024272617,-0.011623093,6.05,-0.024243589,0,0.0003,0,0.002341226
20240430,-0.01712,-0.001625656,-0.004448009,-0.013638072,-0.001594352,-0.00832474,-0.014070584,6.05,0.064666295,0,-0.0004,0,-0.008688773
20240501,-0.00322,0.001429593,-0.027791259,-0.000251996,0.007438929,-0.039269085,0.006808703,6.21,-0.056783791,0,-0.0005,0,-0.007836445
20240502,0.01884,0.000713267,0.009009697,0.006187428,-0.006253929,-0.029709744,0.077891222,6.1,-0.013081604,0.0029,0.0011,0,0.010953992
20240503,-0.01134,-0.000523972,0.008278913,0.007617711,-0.001076137,0.00067233,0.003348484,6.08,0.069437566,0.0074,-0.0001,0,0.000996761
20240504,-0.01088,-0.009124287,-0.001581012,0.018420065,-0.00284293,0.017534868,-0.015636424,6.05,-0.019765911,0,-0.0007,0,-0.000587103
20240506,0.02564,-0.009018549,0.004888924,0.009086187,0.009485166,0.029789288,0.008605541,6.04,-0.041106969,0,0.0003,0,0.011210937
20240507,0.00553,-0.00407588,0.007606321,-0.001060645,-0.003455727,-0.010400272,-0.000270124,6,0.031748649,-0.0421,-0.0008,0,-0.00087519
20240508,-0.0733,-0.017927083,-0.035345221,-0.039778431,-0.020905101,-0.046360549,-0.025770399,5.8,0.50016621,0,0.0002,0,-0.037055255
20240509,0.00703,0.026927461,-0.014404111,-0.021242518,0.002683457,-0.020387529,0.001902433,5.55,-0.068925872,0.0091,0.0002,0,-0.002498687
20240511,0.00959,-0.0020699,-0.006131067,0.007124568,0.020478531,0.006751319,0.013276351,5.55,-0.070195977,0,0.0001,0,0.007002829
20240512,0.03621,0.025684997,-0.000226718,-0.00397904,0.019670332,0.006318012,0.049088016,5.92,0.006669173,0,0.0002,0,0.018966514
20240513,-0.01966,0.006021162,-0.000131069,0.015188378,-0.002848693,0.013967291,-0.004033105,6.05,0.08034914,0,0.0001,0,0.001214852
20240514,0,-0.00153685,0.007211919,0.011781211,0.007215512,-0.012376541,0.014938037,6.05,-0.013323684,0,0,0,0.00389047
20240515,0.01753,0.003210724,-0.001962561,0.003760273,0.005431844,0.00626776,-0.003851449,6.05,-0.07502553,0,-0.0004,0,0.004340942
20240516,0.01572,-0.001953126,-0.045354598,-0.000337212,0.004540058,-0.012373889,0.00082656,6.05,-0.002412525,0,0.0003,0,-0.005561744
20240517,0.02577,0.009727703,0.000795464,0.00145748,0.024713657,-0.005745375,-0.00082656,6.05,-0.035235133,0,0.0003,0,0.007984624
20240520,0.02398,0.008126207,0.015350524,0.016936752,0.001051635,-0.001805754,0.001101928,6.05,0.013256188,0,-0.0005,0,0.009248756
20240521,0.00938,-0.064593392,-0.005080784,0.001490156,-0.002947371,-0.008751727,0.004943707,6.05,-0.024157774,0,-0.0001,0,-0.00936563
20240522,-0.02057,-0.012071396,-0.025027078,0.008160392,-0.002744644,-0.005753421,-0.015183176,6.05,0.035614556,0,0.0003,0,-0.010455618
20240523,-0.01191,-0.006388849,-0.031065066,0.001482055,-0.002116403,0.029257321,0.005409542,6.05,0.038312785,0,0.0001,0,-0.0021902
20240524,-0.00674,0.001787044,-0.004916238,0.011578205,-0.001484152,-0.007120548,0.001796697,6.05,-0.068042444,0,-0.0003,0,-0.000728427
20240528,-0.02237,0.01082695,0.024714223,0.005232869,0.012069883,-0.011285944,0.001234145,6.04,0.079720243,0,-0.0005,0,0.002917447
20240529,-0.04008,-0.012767394,-0.006879258,-0.029418177,-0.012294779,0.009222758,-0.0132434,6.04,0.100083434,0,0.0006,0,-0.01506575
20240531,-0.01536,-0.001328512,-0.00427476,0.025306724,0.012719127,-0.007662455,-0.00109875,6.04,-0.113301055,0,-0.001,0,0.001185911
20240602,-0.00624,-0.018349139,0.009688094,0.002903076,-0.000250973,0.02702949,-0.001909889,6.1,-0.0456495,0,0.0003,0,0.001838666
20240603,0.0164,0.000523972,0.008390176,0.007739285,0.014696323,0.005840445,-0.001433692,6.08,0.00276243,-0.0059,-0.0003,0,0.00745093
20240606,0.00851,0.009317771,0.030814329,0.02015164,0.015168705,-0.028298613,0.025107082,6.04,-0.0039667,0,0,0,0.011538702
20240608,0.01802,-0.013227024,-0.012116533,0.005262086,0.0077768,-0.012029128,-0.016277837,5.8,-0.330681438,0,0.0002,0,-0.003227377
20240609,-0.00703,-0.022737286,-0.013859287,-0.019132773,-0.018097218,-0.047642761,-0.016563242,5.55,0.117447953,0.0225,-0.0006,0,-0.020723224
20240611,0.0116,-0.026978456,-0.017472656,0.007021528,-0.009049836,-0.011861697,-0.05456662,5.55,-0.230614002,0,0.0001,0,-0.014472534
20240612,0.00733,0.010296985,0.023462787,0.040076939,0.002935782,0.042814663,-0.006228966,5.92,-0.058549559,0,-0.0013,0,0.01724117
20240613,-0.00031,-0.029882374,-0.001324595,0.008589,-0.032374078,-0.02813933,-0.035366583,6.03,-0.008340364,0,-0.0007,0,-0.016972566
20240614,-0.0491,-0.026857454,-0.01504886,-0.015131103,-0.033695279,-0.007056201,-0.057047416,6.02,0.058553332,0,-0.0006,0,-0.029133759
20240617,-0.01044,0.012420406,0.040398572,0.008634343,0.024681004,0.030515676,0.018877102,6.02,0.007083867,0,0.0008,0,0.017869586
20240618,0.01563,0.005396303,0.010538115,0.011433972,0.008093465,0.002596655,0.027810551,6.01,-0.035931994,0,-0.0005,0,0.011642723
20240620,-0.01567,0.023566147,0.024198579,0.001447447,0.0145292,0.004411119,0.021200155,6.02,0.076659846,0,0,0,0.010526092
20240621,-0.01225,-0.013061137,0.016561931,0.006913106,-0.021873736,0.016047168,-0.021640522,6.02,-0.006042309,0,-0.0007,0,-0.00418617
20240625,-0.01848,-0.011655718,0.02387061,0.00419326,-0.002048015,0.016295363,-0.012806094,6.01,-0.037451818,0,-0.0002,0,-9.01E-05
20240626,-0.00544,-0.005132037,0.004316398,0.019444273,0.001820665,-0.000679813,-0.003586547,6.01,-0.022844629,0,0.0005,0,0.001534706
20240627,-0.00239,-0.003824732,-0.012001045,-0.043384878,0.004989804,-0.007593281,-0.006633045,6.01,-0.025011422,0,0,0,-0.010119597
20240628,0.04086,-0.008197453,0.013601944,0.015730417,0.000904568,0.018655317,0.001301236,6.01,0.016207795,0,-0.0016,0,0.011836576
20240702,-0.01983,-0.00509648,0.005600047,8.43E-05,-0.02156623,-0.019312782,-0.003656311,6.1,-0.017767983,-0.0088,-0.0001,0,-0.009111063
20240703,-0.03626,0.019367716,0.007339732,0.000293906,0.00370665,0.013079733,0.000159401,6.08,-0.004146545,-0.003,-0.0003,0,0.001098163
20240706,0.01649,-0.007206156,0.005548122,0.012687033,-0.005327427,-0.006677739,0.001915972,6.04,-0.02903427,0,-0.0005,0,0.002489972
20240708,0.0228,0.027796145,-0.019221635,0.00377264,0.039317103,-0.02200211,0.046743081,5.8,0.005039654,-0.0177,-0.0001,-0.25,0.014172175
20240710,-0.01234,0.015489019,0.067817662,0.023972528,0.006974387,0.004246784,0.014068527,5.55,0.164287297,0,-0.0005,0,0.017175558
20240711,-0.00385,-0.033636205,-0.016646718,0.012351682,0.011674017,0.044512311,-0.01390118,5.55,-0.068027534,0,0,0,7.20E-05
20240715,0.01183,0.004793107,0.002534809,0.000179095,0.002789402,-0.011262966,0.000673355,5.81,0.051614258,0,-0.0002,0,0.001648115
20240716,-0.00886,-0.002713273,-0.002134306,0.006319005,0.009383733,-0.020993885,0.007510765,5.81,0.00532116,0,-0.0002,0,-0.001641137
20240717,-0.01615,0.007324874,0.011474107,0.004299565,-0.01346318,-0.01169482,0.005861994,5.81,0.09330942,0,0.0003,0,-0.001763923
20240718,0.0099,0.009788521,0.02069248,0.015831774,-0.007125152,0.004843072,0.000398433,5.81,0.095435788,0,0.0001,0,0.007761304
20240719,0.00209,-0.009471263,0.004697356,-0.015362659,0.01034715,-0.001390663,-0.003591623,5.81,0.036367653,0,-0.0002,0,-0.001811672
20240722,0.02617,0.02320217,0.010901558,-0.019679914,0.003852744,-0.005603783,0.029802009,5.8,-0.102539677,0,0.0005,0,0.009806398
20240723,0.00116,0.002476398,0.011248923,0.005371272,0.004688841,0.008841983,0.009398202,5.8,-0.012824987,0,0,0,0.006169374
20240724,-0.02317,-0.009474327,-0.004527092,0.010435244,-0.000638094,-0.011549076,0.002048132,5.8,0.203384434,0,-0.0002,0,-0.005267888
20240725,-0.00238,0.007462721,-0.040721236,-0.010221199,0.012054709,0.011194748,-0.027221383,5.8,0.023014614,0,-0.0002,0,-0.007118806
20240726,-0.01257,-0.001550148,0.035962766,-0.00233308,0.003776756,-0.010859134,-0.00553434,5.8,-0.118934824,0,0.0005,0,0.000984689
20240729,0.00361,-0.008569033,-0.011448299,0.005102839,0.001673991,0.002221737,0.001320481,5.81,0.012731363,0,0.0003,0,-0.000869755
20240730,0,0.005150226,-0.005113311,0.001184988,0.011019968,0.019294109,0.011806513,5.8,0.06359682,0,0.0006,0,0.006191785
20240731,0.02197,-0.012216283,0.006869935,0.015698373,-0.005806736,0.016771907,-0.01009249,5.8,-0.07816017,0,0,0,0.004742101
20240801,0.01664,0.002219757,-0.00245378,0.002318441,0.00659546,0.016046877,0.007725029,6.21,-0.020432073,0,0.0001,0,0.007013112
20240802,-0.00728,-0.004755817,-0.0054807,0.000838572,-0.009017194,-0.031489305,0.005219219,6.09,-0.00312256,-0.0165,0,0,-0.007423604
20240803,-0.00029,0.009205657,-0.001231506,0.003004532,-0.00370665,-0.002397797,-0.018824464,6.08,0.020562767,0,-0.0008,0,-0.002034318
20240804,0.04192,0.00658981,-0.000934976,0.007798682,0.012730016,0.017349347,0.013801172,6.05,-0.05382472,0,0.0008,0,0.01417915
20240805,0.02183,0.004873164,-0.016941454,-0.003413704,-0.007443117,-0.023228371,-0.003469575,6.05,-0.017537586,-0.0138,-0.0001,0,-0.003970437
20240807,0.01489,-0.01775007,-0.005161593,0.004179655,0.003455727,0.010155101,0.003102032,5.81,-0.008853149,0,0.0003,0,0.001838693
20240808,-0.01665,-0.000672948,-0.005024137,-0.011031374,-0.008359046,0.012591691,0.000585309,5.59,-0.157567617,-0.0031,0.0001,-0.25,-0.004080072
20240810,0.00769,0.001455016,-0.047967267,-0.023827203,-0.010066854,0.010057641,-0.004199815,5.55,-0.055393158,0,0.0003,0,-0.009551212
20240811,0.05227,0.011951998,-0.011475288,-0.003429618,0.001122545,-0.008518618,-0.000500063,5.55,-0.017253264,0,-0.0001,0,0.005917279
20240813,0.01282,0.000337496,-0.002151182,0.003879564,-0.000433934,-0.007932896,0.001878478,5.58,-0.133600284,0,-0.0003,0,0.001199647
20240814,0.01768,0.008065915,-0.007327488,-0.003719606,0.015717839,0.012648826,0.011910882,5.58,-0.112622546,0,0.0002,0,0.007853767
20240816,0.00562,0.010691771,0.016837027,0.007276309,-0.004642338,0.036138168,0.036143449,5.58,-0.028639943,0,0.0001,0,0.015437769
20240819,-0.0075,0.003919012,-0.015007307,0.024338154,0.009472758,-0.006089375,0.009039919,5.58,-0.010186884,0,0.0006,0,0.002596166
20240820,-0.00755,-0.007360792,0.019415762,0.009040741,-0.001677501,-0.014840619,-0.022754895,5.58,0.080620154,0,-0.0003,0,-0.003675329
20240821,0.00221,0.004422974,0.021347103,0.007200868,0.000839102,-0.006558082,-0.001954762,5.58,0.024262486,0,-0.0003,0,0.0039296
20240822,0.00472,-0.001635858,0.016081756,-2.91E-05,0.00251309,0.007427261,0.010289301,5.58,0.075730957,0,0.0001,0,0.005623784
20240823,-0.00314,0.005551035,-0.004123779,0.003913116,0.010817663,-0.00129167,0.011005751,5.58,-0.101253712,0,-0.0005,0,0.003247445
20240826,0.00314,0.000488321,-0.00284951,0.00975608,0.007010338,-0.018973591,-0.0035636,5.57,0.018119831,0,0.0006,0,-0.000713137
20240827,-0.00251,0.008749246,-0.00241456,-0.005254467,0.000616206,0.0070621,0.00192044,5.58,-0.04560634,0,0.0001,0,0.001166995
20240828,-0.01617,-0.001776056,-0.0045023,-0.003325715,0.004098366,-0.004677123,0.001779969,5.58,0.103349437,0,-0.0001,0,-0.003510408
20240829,-0.00288,0.003709981,3.59E-05,-0.001689734,0.000408914,0.002556467,0.009665857,5.57,-0.089192231,0,0,0,0.001686766
20240830,-0.00869,0.007538732,-0.004554392,-0.006846441,0.011988359,0.032566358,0.012788759,5.57,-0.042420692,0,-0.0001,0,0.006398768
20240901,0.00884,-0.008110087,0.004614756,0.003293147,0.004198379,0.019911069,-0.016878856,6.2,-0.024769044,0,-0.0002,0,0.002266915
20240902,0.00583,-0.020374848,-0.000930251,0.000979448,0.011322818,0.005422332,0.008294501,6.09,0.010886604,0.0015,-0.0002,0,0.001506286
20240904,0.02077,-0.005238357,-0.00686181,-0.012173977,-0.003284846,-0.010477526,-0.024749135,6.05,-0.013921341,-0.0045,0.0001,0,-0.006002236
20240905,0.00431,0.009534046,0.016696758,0.004885752,-0.000219756,0.009641697,0.000833797,6.05,-0.024135109,0.003,0.0001,0,0.006526042
20240907,-0.00454,-0.023785605,0.007351276,-0.008968696,-0.021576515,0.01635838,-0.010967546,5.81,0.011254166,0,-0.0001,0,-0.006589815
20240908,-0.00518,-0.00286509,0.007266214,-0.001907574,0.014473937,0.01831265,0.007723171,5.59,-0.155202091,0,0.0001,0,0.00540333
20240909,-0.01226,0.006252525,0.006570763,0.015488422,0.011063676,0.006834574,0.010435355,5.55,-0.140320556,0.0075,0.0007,0,0.006340759
20240910,-0.0124,0.003225809,0.019337705,0.001839904,0.010475602,0.015105638,0.004326807,5.55,-0.02649159,0.0015,0,0,0.005987352
20240912,0.00334,0.025121442,0.015974399,0.024715171,0.0010987,0.006142585,-0.012575554,5.91,0.105438756,0.0015,0.0003,0,0.009116678
20240913,0.00664,-0.00157679,-7.69E-05,0.005382639,0.004379112,0.01683361,-0.0078273,5.55,-0.030332402,0,0.0001,0,0.003393483
20240916,0.02582,-0.001263225,0.002545855,0.016275653,-0.006680609,-0.010301127,0.005269926,5.55,0.034424761,0,-0.0001,0,0.004523782
20240917,0.0141,0.018162391,-0.012454781,-0.007200742,-0.002306806,0.009760126,0.009656727,5.55,0.02705208,0,0,0,0.004245274
20240918,-0.00191,-0.004665638,-0.008174904,-0.012812581,0.0054439,0.00084596,-0.000667601,5.55,0.034601606,0,0.0001,0,-0.003134409
20240919,0.01487,0.015775149,0.002058222,0.010913803,0.018823599,-0.021726585,0.012345016,5.55,-0.110064661,0,0,0,0.007579886
20240920,0.00188,-0.006002327,0.009189191,0.009642887,-0.009677827,0.007258057,0.00250346,5.55,-0.011083876,0,-0.0007,0,0.002113349
20240923,0.00313,-0.037271395,0.009148353,-0.006148835,-0.013121088,-0.008244591,-0.033724593,5.55,-0.016230024,0,0.0008,0,-0.012318878
20240924,0.01242,0.006547975,0.00727923,0.005270671,-0.004833465,0.031317286,0.014190386,5.55,-0.031972032,0,0.0001,0,0.010313155
20240925,0,-0.008151568,0.002379787,0.003496888,0.016297895,-0.012759288,0.016238877,5.55,0.001298669,0,0.0001,0,0.00250037
20240926,0.00308,0.014815086,0.002485775,-0.010689792,0.014403541,0.021827616,0.047191946,5.55,-0.002599089,0,0,0,0.013302025
20240927,-0.01989,0.000948317,0.026458089,0.001779348,0.001836923,-0.006229957,0.007028141,5.55,0.098440026,0,0,0,0.001704409
20240930,-0.02222,-0.028035477,-0.002246623,-0.00707573,0.004273076,-0.009287566,-0.015502232,5.55,-0.013654089,0,-0.0001,0,-0.011442079
20241001,0.00063,-0.003198467,-0.006955773,0.013783716,0.006524883,0.018671655,0.012057711,6.19,-0.005501047,-0.0046,0.0002,0,0.005930532
20241004,-0.00242,0.001349629,-0.002698702,0.008388455,0.013075134,0.009227486,0.012379602,6.05,0.053294005,0.0015,0.0002,0,0.005614515
20241005,0.01009,0.008321041,0.000156329,0.000156329,0.004385972,-0.022892773,0.000833102,6.05,-0.011093568,0,-0.0002,0,0.00015
20241006,0.00185,-0.048782631,-0.020909903,-0.000604637,-0.006699444,0.003921986,-0.008650929,6.04,0.041672657,0,0.0006,0,-0.011410794
20241007,-0.00608,0.008965746,0.001957525,0.002673183,0.011608936,-0.011549549,0.010428753,5.81,0.026815498,0.003,0.0004,0,0.002572085
20241009,-0.01307,-0.006252525,-0.000418087,-0.005780034,-0.014427851,-0.010663437,-0.014584738,5.55,-0.019206447,0.003,0.0004,0,-0.00931381
20241010,-0.0088,-0.00290276,0.007446346,0.000294945,0.005704987,-0.002865238,0.015748357,5.55,0.003350072,0.009,-0.0003,0,0.00208952
20241012,-0.01682,-0.006012042,0.00600336,-0.002892131,0.013813378,0.029733595,0.002965639,5.91,-0.000704919,0,-0.0006,0,0.0038274
20241014,0.0017,0.012152372,-0.021051712,-0.006791044,0.001813603,0.010117849,0.003735529,5.55,-0.037853041,0,-0.0004,0,0.000239514
20241015,0.02486,0.012477458,-0.000272822,-0.005702704,0.004218992,0.022431961,0.00024854,5.55,0.046612237,0,0.0003,0,0.008323061
20241016,0.00694,0.012013562,0.002261109,-0.003781973,0.009179869,-0.008449304,0.001614005,5.55,-0.052722278,0,0.0001,0,0.002825324
20241017,0.00624,0.017373025,0.000301127,0.005750736,-0.006776984,-0.047780919,0.010612143,5.55,-0.024296843,0,-0.0003,0,-0.002040125
20241018,0.00164,0.010009183,-0.006957179,0.000280488,0.003992021,0.012592029,0.002206965,5.55,-0.058174715,0,-0.0003,0,0.003394787
20241021,-0.01814,-0.007117468,-0.007687939,0.006822734,-0.0118226,0.005658,-0.006758858,5.55,0.01868187,0,0.0004,0,-0.005578019
20241022,-0.02426,-0.001520913,0.000446921,-0.006773318,0.000604534,-0.036080819,-0.005564157,5.55,-0.009297309,0,-0.0004,0,-0.010449679
20241023,-0.01928,-0.00717944,0.002080218,0.014032884,-0.008700105,0.000436327,-0.001737404,5.55,0.055569797,0,0.0004,0,-0.002906789
20241024,-0.01718,0.001531863,0.002693559,-0.003314415,-0.009391657,-0.002203351,-0.00485589,5.55,-0.008350771,0,-0.0003,0,-0.00467427
20241025,-0.00924,0,0.015102117,0.002434574,0.001844452,-0.01276742,0.002368635,5.55,0.063456962,0,-0.0006,0,-3.68E-05
20241029,0.01524,-0.001212489,0.000253318,0.003843961,0.005469476,-0.007593549,0.008193259,5.55,-0.023506401,0,-0.0002,0,0.003456282
20241030,-0.03725,-0.006695095,-0.005061257,-0.003832614,-0.013627792,0.012362285,-0.000974778,5.55,0.050905433,0,0.0002,0,-0.007868464
20241031,0.00691,-0.042891565,-0.019531203,0.016039061,0.057886299,-0.025639688,-0.008201282,5.55,0.129345715,0,0,0,-0.002204054
20241101,0.0047,-0.02645614,0.01038337,0.001646656,0.001040042,-0.015013064,-0.009712586,6.18,-0.019897195,0.0029,0,0,-0.004773103
20241103,-0.02384,0.002034244,-0.002636083,0.000858575,-0.002124271,0.024618859,0.00792692,6.08,0.032045499,0,0.0006,0,0.000976892
20241104,-0.00974,-0.018451824,0.004327078,-0.012604928,-0.017078436,-0.008829923,-0.028440687,6.05,-0.057977834,-0.0044,0.0004,0,-0.012974103
20241106,-0.01521,-0.039695434,-0.00027088,-0.048304915,-0.016491959,-0.032590079,-0.03823375,6.04,0.008597209,0.0029,0.0004,0,-0.027256717
20241107,0,0.006470421,0.007342268,0.004889391,0.014699789,0.000420733,-0.012882407,5.81,0.005432663,0.0029,0,0,0.002991456
20241109,-0.01291,0.006891605,-0.01174886,-0.014068167,-0.014425367,-0.041331841,0.002215147,5.55,-0.075641124,0,-0.0004,0,-0.012196783
20241110,-0.0017,0.003868477,0.006881663,0.017864717,0.007287482,0.023730492,0.001998003,5.55,-0.022711835,0,0.0002,0,0.008561548
20241112,-0.00371,-0.001844246,0.026724956,0.005633851,0.011486128,-0.006959502,0.003983301,5.91,-0.043234426,0.0058,-0.0004,0,0.005044927
20241113,-0.00931,-0.004388193,0.011104667,0.003070747,-0.008445348,-0.001533612,0.013376469,5.55,-0.048042623,0,0.0004,0,0.000553533
20241114,0.00125,0.005902707,-0.005051863,-0.00157083,0.01378276,-0.007005715,0.028143536,5.56,0.020473709,0,-0.0001,0,0.005064371
20241115,-0.01727,0.010704233,-0.000153501,-0.000153501,0.003416211,-0.010939065,-0.024949823,5.58,0.120342002,0,0.0001,0,-0.005620778
20241118,-0.00955,0.005143959,-0.002878421,-0.008361867,0.013175421,-0.006919493,-0.027855569,5.58,-0.035312589,0,-0.0005,0,-0.005320853
20241119,-0.01741,-0.01854225,-0.012460648,-0.02791417,-0.022311381,-0.046367488,-0.02257317,5.59,0.048239885,0,0,0,-0.023939872
20241120,0.01164,-0.013922126,0.005165463,0.008745838,-0.010765194,0.00176182,0.002962202,5.59,0.048353164,0,0.0002,0,0.000798286
20241121,0.00481,-0.004626861,0.000133001,0.003654148,0.005012542,0.014441115,-0.00167321,5.59,-0.017044139,0,-0.0001,0,0.003107248
20241122,-0.02069,-0.022582165,-0.007016405,-0.008446906,-0.000384689,0.004931729,-0.018854989,5.75,-0.101613411,0,-0.0001,0,-0.010434775
20241125,-0.00524,0.001053556,-0.031888884,-0.002427783,-0.01199937,-0.044317808,-0.048822982,5.81,-0.04290198,0,0.0004,0,-0.020520467
20241126,-0.00494,-0.012005794,0.004721335,-0.004988333,0.003110422,-0.019812561,-0.011227507,5.87,-0.03484673,0,-0.0003,0,-0.00644892
20241127,-0.01664,-0.011971911,-0.002160945,-0.003557757,-0.009752369,-0.004453752,-0.001534491,5.91,0,0,-0.0001,0,-0.007153032
20241129,-0.00883,0.008866878,-0.008731321,-0.027884964,0.010069798,0.020783244,0.004545149,5.93,-0.042744656,0,-0.0001,0,-0.000168745
20241201,0.00965,0.000493299,0.011353699,0.003197636,0.008796952,-0.001154557,0.001560367,6.18,0.020684925,0,0,0,0.004842485
20241202,-0.01023,0.01356772,0.004728271,0.001912229,0.013470784,0.025089219,0.017569748,6.09,0.074494593,-0.0042,-0.0004,0,0.009443996
20241203,-0.00717,0.011114968,-0.00266394,-0.001120804,-0.001329964,-0.004270696,0.022623237,6.08,-0.095047409,0.0056,-0.0002,0,0.002454686
20241204,-0.02416,-0.002292352,-0.0328853,-0.012385738,-0.004019393,-0.014736504,0.002205397,6.05,0.14925222,0.0167,-0.0001,0,-0.012610556
20241206,0.01213,0.017459854,-0.008598131,0.007546004,0.022300733,0.017870449,0.02238688,6.03,-0.065109404,-0.011,0.0003,0,0.013013684
20241207,0.0241,0.006749182,-0.006391259,0.000659299,-0.001288383,0.010395387,0.013017133,5.81,-0.036252988,0,-0.0009,0,0.006748766
20241208,0.00582,0,0.01700198,0.007372212,0.003694452,0.024221714,0.003622405,5.59,0.01655336,0,-0.0001,0,0.008818966
20241209,-0.00033,0.013642344,-0.014842277,-0.003743004,0.022187915,0.056050156,0.028359092,5.55,-0.035677019,-0.0306,0.0001,0,0.014474889
20241211,0.02882,-0.025932304,0.009312958,0.005002188,-0.017055558,0.016873991,-0.017060619,5.55,-0.017520679,0.0087,0.0002,0,-5.62E-06
20241212,0.00432,-0.011307183,0.002353173,-0.00429427,0.026414637,-0.018011667,0.006391432,5.91,0.024728544,0.0029,0.0008,0,0.000838017
20241213,-0.00123,0.000339386,-0.001756886,0.001047288,0.0264121,-0.011135903,-0.007931473,5.91,-0.007933663,0,0.0007,0,0.000820645
20241216,-0.00775,-0.002038044,-0.008462612,-0.010750239,-0.00203321,-0.000953964,-0.001285182,5.91,0.061773964,0,0.0001,0,-0.004753322
20241217,-0.0141,-0.009737841,-0.009437372,-0.007114285,-0.008858661,-0.043288982,-0.017644464,5.91,0.077263566,0,0,0,-0.015740229
20241218,0.00566,0.006502419,-0.015104441,-0.031174887,0.009875783,0.021566324,0.013004084,5.91,0.554109651,0,0.0002,0,0.001475612
20241219,-0.0044,-0.01408474,-0.011817694,-0.028102941,0.003382953,0.00248224,-0.028968537,5.91,-0.136743355,0,-0.0001,0,-0.011644103
20241220,-0.00474,-0.00572471,0.0266168,0.005503523,-0.005757848,0.038820556,0.001461891,5.91,-0.271622405,0,0.0002,0,0.008025745
20241223,-0.00222,-0.000696136,-9.62E-05,0.022376691,0.004067802,-0.039092958,0.001592357,5.91,-0.089986676,0,0.0001,0,-0.002009775
20241227,0.00253,0.017229923,0.002793045,0.008840147,-0.005087344,-0.003605976,0.01669883,5.91,0.079572618,0,0.0009,0,0.005628375
20241230,0.02593,0.003240388,-0.016340653,-0.008535643,0.014179846,-0.005516908,0.00468324,5.92,0.087011367,0,-0.0007,0,0.002520039
20250104,0.02203,0.020335321,-0.002420911,0.004958371,0.017732616,0.035371534,0.021881871,5.9,-0.02315655,0,0.0003,0,0.017126972
20250107,0.03613,-0.014783796,-0.00180921,0.025508066,-0.009030975,-0.005830501,-0.017370164,7.09,0.005959516,0,-0.0015,0,0.001830489
20250108,-0.00303,-0.045093533,-0.000578092,-0.006529792,-0.013121088,-0.007755649,-0.038162941,6.64,0.19794842,0.0056,-0.0011,0,-0.016324442
20250110,0.01456,0.01297635,0.00015547,0.003707872,0.026684062,-0.005375934,0.00633941,6.5,0.000614076,0.0136,0,0,0.008435319
20250113,-0.01112,0.004874369,-0.004751983,0.007885266,0.001330672,-0.008968082,0.007469224,5.91,-0.018074356,0,-0.0006,0,-0.000468648
20250114,0.00088,0.019427759,0.010386572,-0.005796102,0.006957126,-0.00212758,0.015139682,5.92,-0.025331246,0,0.0004,0,0.006409637
20250115,0.0172,0.020669627,-0.016452105,-0.003915588,0.006909059,0.012229498,0.020075653,5.92,-0.148997302,0,0.0003,0,0.008102306
20250116,0,0.002091883,-0.009214761,-0.001207173,-0.016196024,-0.011981265,0.003824096,5.93,0.029341929,0,-0.0006,0,-0.004669035
20250117,0.02737,0.000482121,-0.013094018,-0.011955135,0.010276901,0.004030836,0.012917167,5.94,-0.038690739,0,0.0009,0,0.004289696
20250121,0.00142,0.002538475,0.006461703,0.005307394,-0.000324517,-0.002838733,-0.006864882,5.94,-0.058669729,0,0.0002,0,0.000814206
20250122,-0.02841,-0.012757309,0.011506376,0.007793544,-0.000974184,0.027874605,-0.008795131,5.94,0.002652519,0,-0.0005,0,-0.000537443
20250123,-0.00116,0.017026428,-0.004558844,0.010706448,0.00808935,0.003827022,0.025008573,5.96,-0.005312092,0,0.0002,0,0.008419854
20250127,0.02436,0.009699701,0.002609272,-0.001394406,-0.00512329,-0.019954268,0.002054795,5.95,0.186800801,0,-0.0002,0,0.001750258
20250128,-0.00112,0.005434374,0.021851599,-0.010777796,-0.027666533,0.021415317,0.009759496,5.95,-0.086909796,0,-0.0001,0,0.002699494
20250129,0.01391,0.00139265,-0.005175245,0.000215604,0.00559488,-0.011168013,0.013014881,5.95,0.009099221,0,-0.0002,0,0.00254068
20250130,0,0.015192497,-0.003653079,0.00141862,-0.002299985,0.052632277,-0.000780597,5.95,-0.044451721,0,0.0004,0,0.008929962
20250131,-0.01447,0.000913381,-0.017709091,-0.000203174,-0.022622389,-0.018476368,-0.00896465,5.94,0.036570555,0,0.0002,0,-0.01164747
20250204,0.00665,-0.009472677,-0.011108082,0.001440442,-0.014598799,0.004360919,-0.010113625,5.9,-0.012014942,-0.0027,0.0003,0,-0.004691689
20250205,0.04682,0.027482646,-0.01629065,0.001495773,-0.010143789,0.027742942,0.031859051,5.9,-0.081262966,-0.016,-0.0002,0,0.015566568
20250206,-0.01066,-0.005589875,0.030855772,0.02989337,-0.004243288,-0.026551996,0.002119393,7.15,-0.01137294,-0.0054,-0.0002,0,0.002260482
20250207,0,0.018837414,-0.033711622,-0.027723962,-0.003495285,0.002835706,0.014202263,7.09,-0.011353605,-0.0245,-0.0015,0,-0.004150784
20250209,-0.0193,-0.014511007,0.00122922,-0.001814923,-0.000612557,-0.005672047,-0.023359169,6.56,0.111396974,0,0.002,0,-0.00914864
20250210,-0.00027,-0.01039337,0.013959263,-0.003981876,0.015099009,0.015607528,-0.022917832,6.5,0.020656764,0.0167,0.0005,0,0.001014675
20250212,-0.00374,0.022085465,0.020261511,0.000415214,0.036557596,-0.0352245,0.008294978,6.22,-0.038432139,0.0137,0.0003,0,0.006950038
20250213,0.03162,-0.011911655,-0.00309391,0.030566021,0.037012942,-0.029203005,-0.009384676,5.93,-0.050995233,0,-0.0002,0,0.006515102
20250214,0.01184,-0.002142093,0.010441078,0.010079392,0.005390849,-0.025143532,0.015592552,5.93,-0.022096642,0,0.0004,0,0.003722607
20250218,0.00905,0.017882963,-0.00041901,-0.00041901,0.031785735,0.025654933,0.016456991,5.93,0.038517371,0,0.0004,0,0.014284657
20250219,-0.01468,-0.011174881,-0.002046103,0.008801856,-0.039220713,-0.014569837,-0.010175563,5.93,-0.00522535,0,-0.0001,0,-0.011866463
20250220,0.00268,0.008075414,-0.006424881,-0.013854757,-0.015947382,-0.028040428,-0.002507838,5.93,0.025219532,0,-0.0001,0,-0.008002839
20250221,0.01332,0.003521378,-0.011737476,-0.01027785,0.00544466,-0.000521295,-0.00010463,5.93,0.150861163,0,-0.0003,0,-5.07E-05
20250224,-0.02383,-0.000562588,-0.007776785,-0.007155123,0.006015056,-0.015629289,0.003759796,5.93,0.041414926,0,0,0,-0.006454133
20250225,0.00756,0.014386728,-0.001476062,0.006751891,0.015176604,0.011016107,0.027959474,5.93,0.02343251,0,0.0004,0,0.011624963
20250226,-0.00837,0.008423719,0.003344162,0.026264619,0.027095612,0.019358792,0.030449071,5.93,-0.017129924,0,0,0,0.015223711
20250227,-0.00217,-0.001513796,0.007918641,0.00364485,-0.003743705,0.009175109,0.000196637,5.93,0.101005437,0,-0.0002,0,0.001929677
20250228,0.05678,0.003437138,-0.021111899,-0.015623464,-0.069900051,-0.019567332,-0.004927575,5.93,-0.073634826,0,0,0,-0.010130455
20250301,0.0202,-0.012909981,0.028384439,0.026465015,-0.004809353,0.032160795,-0.000912349,5.92,-0.105794465,0,-0.0004,0,0.012654081
20250302,-0.05236,-0.021532668,-0.000321708,-0.002144893,-0.008786809,-0.014913912,-0.007230036,5.94,0.125127366,0,0.0003,0,-0.015327147
20250304,-0.03415,-0.053495752,-0.006154467,-0.015359737,-0.030497916,-0.062999152,-0.072162446,5.89,0.333345888,0.0081,-0.0004,0,-0.039259924
20250306,-0.00358,0.006626413,0.001453186,0.010754441,0,-0.015361137,0.00983154,7.15,-0.03717488,0.0185,-0.0006,0,0.001389206
20250307,0.01123,-0.000652699,0.000867105,0.003461137,0.00139958,0.005216765,0.005098912,7.04,-0.015748372,-0.013,-0.001,0,0.003802971
20250309,0.02421,0.003286666,-0.001563405,0.022728031,0,0.005234359,0.010533644,6.55,-0.048935759,0,-0.0006,0,0.009204185
20250310,0.02265,0.006043868,0.008956546,-0.001234195,0.008608375,0.006723633,0.006758375,6.5,0.001201951,-0.0079,0.0005,0,0.008358086
20250311,0.02584,-0.015932999,-0.000397369,0.003167697,0,0.002609105,0.003896817,6.34,-0.01560277,-0.008,0.0003,0,0.002740464
20250312,-0.01188,-0.011116434,0.014434945,0.008089312,-0.008756172,0.001593606,0.000764584,6.21,-0.031223854,-0.0053,0.0006,0,-0.000981451
20250313,0.01087,-0.001901658,-0.011749422,-0.001363391,0.000307645,0.01456054,-0.017672079,5.92,0.017590976,0,-0.0004,0,-0.000992624
20250314,0.00808,0.029076879,0.005433481,-0.005411755,0.04774965,0.015387893,0.032005817,5.92,-0.124649595,0,0.0001,0,0.018903138
20250317,0.01728,0.028511988,0.017403027,0.022665954,-0.00972455,0.021981702,0.017493157,5.92,-0.059620313,0,0.0001,0,0.016515897
20250318,0.02644,0.029093881,-0.000877796,-0.008494684,-0.002965601,0.010489703,0.025042738,5.92,0.056399712,0,-0.0002,0,0.011246892
20250319,-0.01639,0.008071069,-0.016328094,0.003601012,0.003557668,-0.016954385,-0.00072767,5.92,-0.086592583,0,-0.0001,0,-0.005024343
20250320,0,-0.022638701,0.00572428,-0.001529043,-0.00653209,-0.02548265,-0.028425686,5.91,-0.005037813,0,-0.0002,0,-0.011269127
20250321,-0.00786,0.008439932,0.00294532,-0.030463379,0.004754838,-0.018858182,-0.001874064,5.92,-0.026613574,0,0.0003,0,-0.006130791
20250324,0.04331,-0.003644365,0.008912596,0.023300584,0.015882687,0.034852121,0.003931485,5.91,-0.098010981,0,-0.0002,0,0.018077873
20250326,0.00461,-0.014569958,-0.001128218,-0.003520133,0.003853569,-0.009200271,-0.004714424,5.91,0.066540906,0,0,0,-0.003524205
20250327,-0.0105,-0.009121073,-0.010478616,0.00629662,0.000591541,0.006638526,-0.008579043,5.9,0.019449592,0,0.0006,0,-0.003593149
20250328,-0.01232,-0.014157739,0.016647822,-0.00662798,-0.033983123,-0.017154041,-0.025059316,5.9,0.147016787,0,-0.0003,0,-0.01323634
20250331,-0.06169,-0.021099458,0.006747403,-0.003201557,-0.025717916,-0.023978624,-0.031894234,5.9,0.028684009,0,-0.0003,0,-0.022976341
20250402,0.00999,0.041567985,0.005948148,-0.001381915,0.012816364,0.016410635,0.011498267,5.94,-0.07874576,0,-0.0004,0,0.013835641
20250403,0.01706,-0.031984059,-0.006708852,-0.022938839,-0.057301634,-0.021447349,-0.043455181,5.93,0.031542884,0,0,0,-0.023825131
20250404,-0.07249,-0.070690377,-0.017232693,-0.037312505,-0.077787189,-0.086144641,-0.100653227,5.89,0.411663948,-0.0201,-0.0004,0,-0.066044376
20250406,0.00714,-0.007539357,-0.003107191,0.014268082,0.003537322,0.021032424,-0.012127752,7.15,-0.004532581,0,-0.0009,0,0.00331479
20250408,0.06387,0.025415804,-0.003115965,0.007176755,0.030962226,0.017523549,0.03583934,6.61,-0.151210875,0.0205,0.0001,0,0.025381673
20250409,0.00345,0.01782161,0.015151284,-0.002095309,0.016408755,0.00862329,0.009972884,6.54,-0.06637508,0.0201,-0.0001,0,0.009904645
20250411,-0.01008,0,-3.99E-05,-3.99E-05,-0.000557258,-0.006549107,-0.000311187,6.33,0.1012753,0,0,0,-0.002511041
20250412,0.00407,0.019208274,0.024142091,0.01285044,0.008756172,0.022647424,0.004423099,6.21,-0.018832961,0,-0.0002,0,0.013728214
20250414,0.06448,0.043105622,-0.010526211,0.004079525,0.04463899,0.043836243,0.038747305,5.9,-0.195507204,0,-0.0005,0,0.032623068
20250415,0.02199,0.029913073,0.005748972,0.014576505,0.031619983,0.009471425,0.030677252,5.9,-0.025243056,0,-0.0002,0,0.02057103
20250416,-0.02152,0.014068887,-0.004575117,-0.005880082,-0.000798403,-0.004298233,0.019348365,5.89,0.080349081,0,0.0002,0,-0.000522083
20250417,-0.02151,-0.011804522,0.000211491,0.002356666,-0.015292048,0.004033935,-0.014526173,5.89,-0.096076399,0,-0.0002,0,-0.008075807
20250422,0.05223,0.012363181,0.011304867,0.002801784,-0.008961363,0.013049543,-0.027329379,5.9,-0.101033209,0,0.0008,0,0.007922662
20250423,0.01185,0.030255333,0.023778687,0.00113621,0.03062286,0.041062118,0.027730181,5.9,-0.071870939,0,-0.0003,0,0.023776484
20250424,-0.00272,-0.021774226,0.001895701,0.003318151,-0.013583908,-0.00383607,-0.008046714,5.9,-0.072136197,0,0.0001,0,-0.006392438
20250425,-0.00638,0.007997836,0.000445175,-0.002747992,0.019913043,0.003197552,0.027098689,5.9,-0.063556727,0,0.0002,0,0.0070749
20250428,-0.01753,0.017562224,-0.002434054,0.000404064,-0.031240025,-0.005135068,0.016957818,5.9,0.012402618,0,0.0002,0,-0.003059292
20250429,0.0134,0.009402353,-0.004793959,0.001964527,0.004060095,0.001378984,0.013629158,5.9,-0.039745684,0,-0.0002,0,0.005577308
20250430,-0.02322,-0.006841532,-0.01115694,-0.001812018,-0.037148308,-0.032230195,-0.02862311,5.9,0.021691077,0,0.0001,0,-0.020147443
20250502,-0.00293,-0.009741553,0.008757002,-0.001816037,-0.010104498,-0.032783565,0.000336191,5.94,-0.087381127,0,0,0,-0.006897494
20250503,0.01751,0.040593206,0.012035809,0.003317097,0.060643579,0.026039035,0.071535189,5.93,-0.069570296,0,0.0001,0,0.033096274
20250505,0,0,-0.001239769,-0.042143774,0.083109694,-0.087776206,-0.012622084,5.9,0.041456674,0.0493,0.0004,0,-0.008667448
20250506,-0.00894,0.011158803,-0.000405385,0.019385897,0.016112433,-0.018438164,0.022036569,7.15,0.048222084,0.0191,-0.0006,0,0.005844308
20250508,-0.002,-0.001529832,0.006563309,0.007398401,0,-0.009426252,-0.001552072,6.6,0.018660418,0.0556,0.0006,0,-7.81E-05
20250509,0.01029,-0.013499686,5.52E-05,0.000766737,-0.023171768,-0.003887968,-0.02419657,6.54,-0.007874049,0,0,0,-0.00766343
20250511,-0.00406,-0.000303076,0.00698229,0.005047611,-0.01121088,0.009163727,0.002176279,6.32,-0.053511807,0,-0.0002,0,0.001113707
20250512,0.00174,-0.003971411,0.001516435,-0.003925568,-0.01811175,-0.005651175,-0.010094916,6.21,-0.023726659,-0.0409,0.0002,0,-0.005499769
20250513,-0.01183,0.000379435,0.024666713,-0.001338921,-0.013217584,0.004903728,-0.014926992,7.2,-0.009287151,0,0.0006,0,-0.001623374
20250514,0.00554,0.010566136,-0.012642262,0.002144096,0.018043515,0.000974083,0.019024264,7.2,0.021716463,0,0.0001,0,0.00623569
20250515,0.00982,-0.004012041,-0.003801983,-0.00632634,-0.01734348,-0.006480167,-0.003383495,7.29,-0.043353889,0,0.0006,0,-0.004503929
20250516,0.01589,-0.002641677,0.024952228,0.041014096,0.011826225,-0.027633754,0.007464047,7.39,-0.033650176,0,-0.0006,0,0.010124452
20250519,-0.0085,-0.028620837,0.057263283,0.071257035,-0.006939653,0.002571641,0.012667305,7.26,0.050887159,0,-0.0126,0,0.014242682
20250520,0.0388,0.006331179,0.008326457,-0.025425709,0.01314443,-0.002136481,0.010953774,7.27,-0.002760103,0,0.0053,0,0.00714195
20250521,0.00743,0.003856542,-0.020942548,-0.014525829,-0.010362787,-0.014146571,0.000345781,7.27,0.142953453,0,0.0008,0,-0.006906487
20250522,-0.01869,-0.005661364,0.025037174,0.01650181,-0.004175371,0.011422505,-0.010076527,7.28,-0.028677549,0,-0.0029,0,0.002051175
20250523,-0.01905,-0.021652078,-0.012283329,0.005329007,-0.014752638,-0.004796409,-0.030133439,7.29,0.094502976,0,-0.0007,0,-0.013905555
20250527,0.04172,0.002586654,-0.006123351,0.013250594,0.015692191,0.001846692,0.005679816,7.15,-0.16180674,0,-0.0026,0,0.010664657
20250528,0.06588,-0.010909199,-0.011823424,0.010200086,-0.002834871,0.004157732,0.008108629,7.15,0.01829162,0,-0.0019,0,0.008968422
20250529,-0.01012,0.003259243,0.018100525,-0.003822625,-0.001420455,-0.012951264,-0.008816844,7.15,-0.006754983,0,0.0014,0,-0.00225306
20250530,-0.04153,0.004026764,0.022316497,0.008993288,0.007082183,-0.01280808,0.001769599,7.15,-0.032320726,0,0.001,0,-0.001449964
20250602,0.02348,0.027626887,-0.003270901,0.00729815,0.072462359,0.09417925,0.034793777,5.94,-0.017269406,0,0,0,0.036652789
20250603,0.00198,0.033066307,0.009628001,0.016675495,0.032525618,0.016806385,0.020920878,5.93,0.125806715,0,-0.0006,0,0.018800383
20250605,-0.00946,-0.004725659,-0.030175574,-0.026141551,0.033067219,-0.033082344,0.0084324,6.08,0.04628929,0,0.0233,0,-0.008869358
20250606,-0.01739,0.008224153,0.003923499,-0.001574534,0.017906815,-0.001279656,0.006723584,7.15,-0.097097438,0,-0.001,0,0.00236198
20250608,-0.00343,0.011669336,0.000903225,0.00347349,0.015729302,0.014335863,0.005421747,6.6,-0.062411926,0,0,0,0.006871852
20250610,-0.01342,-0.03257617,-0.000760393,-0.003613462,-0.014388737,-0.0180336,-0.005025136,6.5,-0.016959751,0,0.0007,0,-0.012545357
20250611,0.01386,-0.00974726,0.002280502,0.018235671,0.002814525,0.012001215,-0.014073727,6.3,0.079487294,0,0.0001,0,0.003624418
20250613,-0.02807,-0.015814773,-0.000393548,-0.041925362,-0.014711299,-0.009621356,-0.014673648,7.15,0.144431771,0,-0.0018,0,-0.017887141
20250616,0.0114,0.029063441,0.028463211,-0.001628666,0.029894475,0.014952728,0.033794689,7.15,-0.085702258,0,0.001,0,0.020848554
20250617,-0.00623,-0.019939411,0.023707495,-0.002516786,-0.016574965,0.017760001,-0.036826886,7.14,0.122481542,0,0.0018,0,-0.005802936
20250618,-0.00553,0.00786683,-0.025188701,-0.001556771,-0.007689657,0.002064927,0.009069147,7.09,-0.069985475,0,-0.0006,0,-0.002994889
20250620,0.01774,-0.004565605,0.015366215,0.015346396,0.002851035,0.022072003,0.007917983,7.09,0.023553662,0,-0.0001,0,0.010961147
20250623,0.04512,-0.01655622,0.001868656,-0.029028267,-0.01001439,-0.021165525,-0.014079655,7.09,-0.039065581,0,0.0033,0,-0.006265057
20250624,0.04585,0.030987256,-0.020502127,-0.000642415,0.036701367,0.019553776,0.039038911,7.09,-0.126138595,0,0.0007,0,0.021569538
20250630,0,-0.007570849,0.02018719,0.007089923,0.00415801,0.008576512,0.006876515,7.09,0.024812157,0,-0.0005,0,0.005616757
20250702,0.00827,0.017283126,0.010454276,-0.002223418,-0.031992492,0.009575286,0.017591358,5.94,0.064941721,0,0.0004,0,0.004136877
20250703,0.01572,-0.007805425,0.001615807,0.011602659,-0.008847006,0.004931069,-0.022606114,5.93,-0.062209107,0,0.0006,0,-0.000769859
20250704,-0.10645,-0.038143676,-0.026170328,-0.032232862,-0.041105333,-0.000876239,-0.028089462,5.89,0.03619418,0,0.0002,0,-0.0390097
20250705,0.03426,0.000263123,-0.006178853,-0.008787191,0.029073982,0.016313886,-0.016354381,6.47,-0.050103669,0,0.005,0,0.006941509
20250707,0.00317,0.014056723,-0.008574784,-0.008836,0.018796237,0.00565647,0.015817553,6.88,0.082575526,0,0.0008,0,0.0057266
20250708,-0.00115,0.002518893,0.015593699,0.014577231,0.015485717,0.029259605,0.02215353,6.6,-0.01199779,0,-0.0012,0,0.014062668
20250710,0.00808,-0.011590085,-0.001636066,-0.002350607,-0.01754431,0.014823987,-0.005683628,6.5,0.051781809,0,0.0017,0,-0.00227153
20250711,-0.01969,0.002293053,-0.009573326,0.008621855,0.005605396,0.010861094,-0.008063922,6.3,-0.021773804,0,0.0007,0,-0.001420836
20250714,0.0037,0.001043841,0.018465542,0.021380241,0.005394484,-0.007878148,0.005164412,6.75,0.047628117,0,-0.0002,0,0.00675291
20250715,0.00491,-0.005885832,-0.001851314,0.015205305,-0.006070845,0.000541969,-0.011397119,6.75,0.010410643,0,-0.0002,0,-0.000649691
20250716,-0.00245,-0.001969668,0.017424595,0.000520856,0.007414931,0.011639842,-0.004176825,6.72,-0.012738986,0,-0.0016,0,0.004057676
20250717,0.02783,0.013966161,0.004054685,0.039225931,0.017310685,0.006064975,0.010754657,6.71,-0.038009289,0,0.0009,0,0.017029585
20250718,-0.0003,0.008903859,0.00503714,-0.01005459,0.00197824,0.012643564,0.001896062,6.7,-0.0066809,0,0,0,0.002872039
20250721,-0.02631,-0.001285512,0.001105101,0.00039056,0,7.30E-05,-0.000516751,6.7,0.014519298,0,-0.0006,0,-0.003791937
20250722,-0.00522,-0.008526082,-0.000225693,-0.003088974,-0.011262126,0.000883576,0.000688943,6.69,-0.009049813,0,-0.0002,0,-0.003821479
20250723,-0.01146,0.017999972,0.005456499,0.00391922,0.006640131,0.009909684,0.035684855,6.7,-0.070942831,0,-0.0003,0,0.009735766
20250724,-0.00625,0.00394227,-0.001223942,0.003763599,0.040212941,0.01317774,0.017294345,6.69,0.00130042,0,0.0005,0,0.010130993
20250725,0.00313,0.001014842,-0.003193116,-0.001950108,-0.003183702,0.001459248,-0.000163305,6.69,-0.030345338,0,-0.0002,0,-0.000412306
20250728,-0.00313,-0.019072578,0.002333582,-2.30E-05,-0.001915098,-0.003649435,0.007322464,6.69,0.006675554,0,0.0005,0,-0.002590576
20250729,0.02935,0.014115466,0.012536594,-0.007802864,0.00446287,0.011352205,0.021174997,6.68,0.061289726,0,0.001,0,0.012169895
20250730,-0.01225,0.007489721,-0.006490276,-0.003002058,0.013270337,0.000580383,0.018245237,6.67,-0.031789073,0,-0.0006,0,0.002549049
20250731,0.01681,0.012442817,0.003756142,-0.004191084,0.011236073,-0.007925844,0.007298736,6.65,0.077056728,0,0.0007,0,0.005632406
20250801,0.01429,-0.004313927,-0.014985288,0.008721131,0.014378885,-0.008772267,0.023806197,5.91,-0.006756722,0,0.0001,0,0.004732104
20250804,0.09409,0.001360647,0.042968138,0.044842163,0.022452672,0.046533104,0.021915191,5.9,0.107847886,0,-0.0004,0,0.039165988
20250805,-0.00746,0.012808958,-0.005802721,-0.028189663,0.031105582,0.000873277,0.03263337,7.25,-0.046499783,0,-0.0004,0,0.0051384
20250807,0.03116,0.006170023,0.006202751,-0.001176302,-0.005532518,0.018594291,0.018827743,6.84,-0.056662637,0,0.0025,0,0.01060657
20250808,0.00629,0.024845999,0.007319668,0.011812143,0.014667321,-0.007160176,0.020193641,6.6,-0.089593306,0,0.0003,0,0.011138371
20250809,0,0.002349564,-0.008422632,0.001329097,0.024978454,0.019392998,0.012856008,6.54,-0.004622039,0,-0.0007,0,0.007497641
20250810,0.01596,0.00760866,0.008467474,0.002845488,-0.007699179,-0.006771845,0.019908174,6.48,-0.056067191,0,-0.0015,0,0.005759825
20250812,0.00145,0.013569802,0.023928944,0.009135408,0.008320381,0.005743302,0.001843035,6.2,0.077993988,0,-0.0008,0,0.009141553
20250813,0,0.014451645,0.00790958,0.011008396,0.005231049,-0.01651554,-0.000438629,6.6,-0.016427459,0,0.0002,0,0.003092357
20250814,0.00196,0.011984803,0.001055964,-0.007648663,-0.002321533,-0.004703016,0.00830122,6.6,0.02319341,0,0,0,0.001232682
20250818,-0.03243,-0.016989384,-0.005037643,-0.008844859,-0.019440292,0.002176857,-0.006255931,6.6,-0.006648986,0,-0.0007,0,-0.012403036
20250819,0.00029,0.006902843,-0.008844867,-0.003530789,0.016605019,0.016051662,0.014057184,6.6,0.037962669,0,0.0009,0,0.005933007
20250820,-0.01397,0.005416153,0.021019928,0.001466795,-0.006266042,-0.004063476,-0.010124472,6.6,0.007677574,0,-0.0008,0,-0.000931588
20250821,0.01397,-0.007107179,-0.019808982,0.002585062,0.000571265,0.011194577,0.005653418,6.6,0.056379178,0,-0.0004,0,0.001008309
20250822,0.02793,0.007947062,-0.003421179,-0.003583008,-0.04139326,-0.071529786,0.00014454,6.6,-0.154753275,0,-0.0007,0,-0.011986519
20250825,0.06026,-0.036021232,0.014663336,-0.000635279,0.010068193,0.006389783,-0.003909932,6.6,0.039301831,0,0.0005,0,0.007259267
20250826,-0.06533,-0.043192285,0.001344823,-0.016471003,-0.022044384,-0.007159142,-0.03679765,6.6,-0.011560828,0,0.0007,0,-0.027092806
20250827,0.00591,-0.006512136,-0.011976503,0.001787284,-0.018851273,-0.009627589,-0.003015229,6.6,0.015609444,0,0.0018,0,-0.006040778
20250828,-0.03573,0.004823056,-0.004071338,-0.019194352,0.00611997,-0.010669667,-0.001057482,6.6,-0.028690497,0,0.0009,0,-0.008539973
20250829,-0.01436,-0.000910688,0.009915955,0.009232091,-0.007963289,-0.035155119,-0.001815432,6.57,0.062457311,0,0.0006,0,-0.005865212
20250904,-0.04894,-0.037089733,-0.024417578,-0.035748288,-0.024270854,-0.021661077,-0.001836759,5.89,-0.442448759,0,0.0011,0,-0.027709184
20250905,0.07266,0.006472515,0.00877104,0.012058175,-0.005714301,0.035206388,0.00953011,7.31,-0.026139385,0,0.0002,0,0.019854847
20250907,0.01522,0.03168735,0.009031334,0.010881917,0.032745081,0.008751489,0.044838558,6.77,-0.053142269,0,-0.0001,0,0.02187939
20250909,-0.00942,0.015139061,-0.005062726,-0.000715531,0.009580912,-0.011064322,0.007423714,6.54,-0.004643438,0,-0.0001,0,0.000840158
20250910,0.0105,0.004511086,0.008954054,-0.003945286,0.0059277,-0.009171879,-0.014381989,6.48,0.00794389,0,0.0005,0,0.000341955
20250912,-0.03176,0.01454949,0.004036911,0.005248463,0.014396136,0.004028359,0.008708328,6.2,0.016076587,0,0.0002,0,0.002743955
20250915,-0.00771,0.012905022,0.004730132,-0.008829471,0.001809955,0.004655129,0.012515062,6.55,0.061102705,0,0.0001,0,0.002867976
20250916,-0.01734,-0.014545711,-0.012015528,5.71E-05,-0.024406337,-0.009975459,-0.013715182,6.55,0.041815828,0,-0.0001,0,-0.013134452
20250917,-0.01676,-0.019128357,0.00580495,0.003320598,0.023200064,-0.004405903,-0.036534441,6.54,-0.039905564,0,0.0004,0,-0.006357584
20250918,0.00207,0.009227286,-0.000736365,-0.006027616,0.019127899,0.01467952,0.005434374,6.54,-0.001273104,0,0.0017,0,0.006253585
20250919,-0.00534,0.015317725,-0.005521236,-0.028797493,-0.017319035,-0.009774201,0.005250977,6.54,-0.016051709,0,0.0007,0,-0.006597609
20250922,0.02148,-0.011625099,0.009921648,0.012312014,-0.009685306,-0.00064401,0.001539172,6.54,0.041210305,0,0.0001,0,0.003328346
20250923,0.03011,0.00317239,-0.015210959,-0.002281523,0.012692827,-0.000709517,-0.013782642,6.54,0.032990103,0,0,0,0.001998654
20250924,-0.00283,-0.009036014,0.004962384,0.002083284,0.001800181,-0.001549423,0.002802867,6.54,-0.028033468,0,0.0001,0,-0.000252389
20250925,0.00565,0.002681138,0.012039102,0.024627859,0.005381179,-0.014390538,0.001864223,6.54,0.034025121,0,0.0006,0,0.005407566
20250926,0.00337,-0.011412575,0.004605919,-0.003921617,0.016558628,0.015261556,0.015554329,6.52,-0.090602034,0,0.0002,0,0.005716606
20250929,-0.00056,-0.001161365,0.009717955,0.003393733,-0.010613307,0.002557147,-0.027891489,6.52,0.052861772,0,0.0003,0,-0.003508189
20250930,0.01505,-0.001550588,0.016765014,-0.003840176,-0.013727461,-0.012837947,0.012957796,6.51,0.009876614,0,0.0002,0,0.001830948
20251001,-0.00291,-0.01005876,-0.014491108,-0.009659269,0.010036886,0.030791504,-0.013281397,5.91,0.098899011,0,0.0006,0,-0.001367449
20251002,-0.0169,0.000575788,-0.017450788,0.005428457,0.005511442,0.001515707,0.004244038,5.93,-0.045139067,0,0,0,-0.002439337
20251003,-0.01374,-0.028211923,0.001227815,-0.012053933,-0.03803658,-0.020388217,-0.033733546,5.92,0.175738806,0,-0.0001,0,-0.020705198
20251004,0.05933,0.052679915,0.014870173,0.03717021,0.054881027,0.044918285,0.080334342,5.9,0.191598306,0,-0.0004,0,0.049169136
20251006,0.00474,-0.02842936,-0.0268965,-8.25E-05,-0.024880344,0.008831923,-0.026246401,7.15,-0.012313206,0,-0.0024,0,-0.013280461
20251007,-0.0186,-0.012246613,0.00472097,0.015942476,0.002680967,-0.015027336,-0.029724065,6.75,-0.010088349,0,-0.0007,0,-0.0074648
20251009,0.00229,0.003717238,0.007346565,-0.002157775,-0.002386636,-0.013462809,-0.004386967,6.54,0.020402183,0,0.0007,0,-0.001291483
20251010,-0.01473,-0.000529661,0.005365624,0.001452062,-0.012489012,0.014307329,-0.017632098,6.48,0.276358284,0,-0.0006,0,-0.003465108
20251011,0.01018,0.02279516,-0.020570881,0.007301551,0.032447169,0.019364203,0.040599712,6.29,-0.080741738,0,-0.0007,0,0.016016702
20251012,0.00536,-0.006858649,0.005132905,0.002328366,0.006614117,-0.001099674,0.015396531,6.2,-0.070977784,0,0.0003,0,0.003839085
20251013,-0.0198,-0.000795018,-0.017800824,0.01011036,0.024240028,-0.016624658,0.002400962,6.48,-0.129450517,0,-0.0011,0,-0.002609879
20251014,-0.0274,0.004100806,0.01615841,-0.000178009,0.00524324,-0.005059027,0.006056761,6.47,0.089416897,0,0.0005,0,-0.000153974
20251015,-0.01117,0.014156744,0.002528197,-0.003336345,-0.011101487,0.015347862,-0.003821052,6.46,-0.008202704,0,-0.0005,0,0.000371988
20251016,-0.02101,0.014857195,0.002375552,6.87E-05,-0.003531493,-0.007211386,0.008893182,6.41,0.203968642,0,-0.0002,0,-0.000794029
20251017,-0.03384,-0.040432013,-0.005152857,-0.008393902,-0.033576296,0.007588334,-0.026595608,6.4,-0.197208535,0,0.0005,0,-0.020057477
20251020,0.00296,-0.080465639,-0.004407025,0.002383122,0.014528101,0.018216182,0.028017521,6.4,-0.130922455,0,0,0,-0.002681105
20251021,0.02484,-0.017076968,0.005830179,0.001905363,0.00599163,0.002244582,-0.004747596,6.4,-0.019945187,0,-0.0011,0,0.002712456
20251022,0.01745,0.006456369,0.006550192,-0.002518479,-0.01686787,0.028024234,-0.023432303,6.4,0.040038225,0,0.0001,0,0.002237449
20251023,0.02077,0.005106146,-9.56E-06,0.007133328,0.004848494,0.010253697,0.012747248,6.4,-0.072455144,0,0.0002,0,0.008692765
20251024,-0.00278,-0.003498546,0.003075074,-0.002786204,-0.004848494,-0.019559173,-0.016815271,6.4,-0.055256015,0,-0.0001,0,-0.006744659
20251027,-0.02882,0.010314612,-0.010007997,-0.000791342,0.014475524,0.008473734,0.022730083,6.39,-0.036073617,0,0.0001,0,0.002339231
20251029,-0.00086,0.002992222,-0.018643141,-0.002985325,0.003558723,-0.001904825,0.008042305,6.37,0.02999625,0,0.0002,0,-0.001400006
20251030,-0.00287,-0.007045978,0.01367286,-0.000965067,0.007079676,-0.016960483,-0.008200645,6.36,-0.000591205,0,0.0001,0,-0.002184234
20251031,-0.02182,0.008837023,-0.001718283,0.004166344,0.053788709,-0.005666107,0.013838875,6.35,0.030861295,0,-0.0003,0,0.007346652
20251102,0.01889,0.009167805,0.010015099,-0.003456209,0.030879423,0.015754644,-0.007332268,5.93,0.013195292,0,-0.0002,0,0.010559785
20251103,0.02344,-0.020082086,0.011496883,-0.004001112,-0.024923408,-2.93E-05,-0.02333668,5.92,-0.034322483,0,0.0005,0,-0.005347962
20251104,-0.02442,-0.024391453,0.010768624,-0.003837112,0,-0.010210895,-0.017866215,5.9,-0.080779711,0,0.0002,0,-0.009993864
20251106,0.01085,-0.000917973,-0.011827276,0.006882667,0.005582708,0.010896554,0.004217932,7.15,0.01812382,0,-0.0013,0,0.00366923
20251107,-0.00277,-0.016957238,-0.002334595,-0.001265648,-0.010090903,-0.008014225,-0.023707088,6.75,0.038538013,0,0.0013,0,-0.009305671
20251108,0.02089,0.000613309,-0.016614621,0.001974637,0.009275429,-0.006306009,-0.002669041,6.6,0.070092402,0,-0.0011,0,0.001023386
20251109,-0.00718,0.015866297,0.000980739,0.003825691,-0.009603915,0.014952384,0.009956335,6.54,-0.042587962,0,-0.0009,0,0.004113933
20251112,0.01358,0.021326605,0.002641883,0.00061554,0.009588769,-0.003043751,0.023683759,6.2,-0.060109539,0,0,0,0.009770401
20251113,0.01542,0.004320283,0.004722653,0.015998104,-0.018843088,0.008368339,-0.008558411,6.29,0.132960114,0,0.0001,0,0.003061126
20251114,-0.00341,-0.010981182,0.013429544,-0.000707615,-0.013129291,0.005399946,-0.045476159,6.29,-0.008536335,0,0,0,-0.007839251
20251117,0.01467,-0.00772993,0.003969824,-0.003104043,-0.009961344,-0.004839698,-0.007315777,6.29,0.120971727,0,0.0005,0,-0.002044424
20251118,-0.0141,-0.02385475,0.006135884,-0.006427781,-0.020793107,-0.004028968,-0.01940277,6.29,0.09823066,0,0.0004,0,-0.011781642
20251119,0,0.005681833,-0.022306106,-0.003287354,0.025786182,0.027733742,-0.013147536,6.27,-0.042612473,0,-0.0002,0,0.002922966
20251120,0.02386,0.043044065,-0.009442717,0.000950391,-0.00666299,-0.006051684,0.014102798,6.27,0.11033545,0,0.0002,0,0.008542838
20251121,-0.00083,0.006406172,-0.013579843,-0.014465557,-0.007268693,-0.008746276,0.000159122,6.25,-0.120104036,0,0.0001,0,-0.005475011
20251124,-0.00362,-0.000709774,0.002713044,-0.010382808,0.018899951,0.008890383,-0.022689846,6.25,-0.132617223,0,-0.0003,0,-0.000985579
20251125,0.00556,0.018989248,0.015543874,0.000898547,0.002749521,0.031325515,0.02745176,6.25,-0.100391344,0,0.0003,0,0.014645495
20251126,0.00855,0.007910665,0.006492696,-0.008444752,0.02011484,0.005467951,0.01071045,6.23,-0.076680848,0,0.0003,0,0.007257407
20251128,-0.01553,0.004079418,0.015667426,-0.005484071,0.014981554,-0.013640925,-0.000467982,6.23,-0.05009993,0,0,0,-5.64E-05
20251202,0.01492,0.011483787,-0.001160657,0.001744593,0.005938445,0.00254376,-0.006634588,5.93,-0.008147968,0,0.0001,0,0.004119334
20251203,0.05812,0.009955759,-0.013265831,-0.001938538,0.024923408,0.035362311,0.030290542,5.92,-0.105277992,0,0.0002,0,0.020492522
20251205,0.0441,0.019802627,-0.045027042,0.018789684,0.035881443,0.006410852,0.040993079,7.31,-0.174679614,0,-0.0034,0,0.017278663
20251206,0.00072,0.003405373,-0.017437085,0.001318105,0.000695652,-0.004734012,-0.000701754,7.15,0.043090579,0,0.0007,0,-0.002390532
20251208,-0.00392,0.002449481,-0.014586259,-0.012032006,-0.00985801,0.012360804,0.01561611,6.6,-0.098206709,0,-0.0007,0,-0.001424269
20251209,0.01403,-0.001386176,0.002813011,0.003226927,-0.001207001,-0.007859891,0.00120012,6.54,0.003393297,0,-0.0017,0,0.001545284
20251211,0.01624,0.025432531,0.032250582,0.015979803,0.006420568,-0.001156981,0.021084671,6.29,0.013222356,0,-0.0001,0,0.016607311
20251212,0.00818,-0.007399881,-0.002698409,-0.002650306,-0.041533783,-0.007867277,-0.012956601,6.2,0.058205338,0,0.0001,0,-0.009560894
20251215,0.00029,0.012597991,-0.002036661,0.003288693,0.017129928,0.001582294,0.022709935,6.19,0.047155152,0,0.0002,0,0.007937454
20251216,-0.00729,-0.00278587,0.031930712,-7.20E-05,0.014815086,-0.008452547,0.00678556,6.19,-0.001212884,0,0.0001,0,0.004990132
20251217,0.00088,0.015352007,-0.019328665,-0.012692521,0.005562593,-0.019973224,0.014285957,6.19,0.066887171,0,-0.0001,0,-0.002273408
20251218,0.00932,0.001996009,-0.006350491,0.004347635,0.007535831,0.027060073,0.005657724,6.18,-0.043497722,0,-0.0004,0,0.007080969
20251219,0.01267,0.004476506,-0.027692805,0.000997687,0.012929071,0.027000893,-0.006225261,6.19,-0.123504828,0,-0.0006,0,0.00345087
20251222,0.03543,-0.004351888,0.034383114,0.005604675,-0.00793655,-0.011728678,-0.008838261,6.18,-0.057276773,0,0.0002,0,0.006080345
20251223,0.00688,0.004475949,0.023426507,0.000275271,0.006947919,0.004554127,0.00143082,6.18,-0.005698016,0,0.0007,0,0.006855799
20251229,-0.01242,-0.00373274,0.016599253,-0.004856922,0,-0.006660817,-0.008760019,6.17,0.04317213,0,0.0006,0,-0.002833035
20251230,-0.0039,0.010910101,0.039576972,0.002960263,0.017647517,0.005093677,0.022674768,6.14,0.009113285,0,-0.0035,0,0.013566185
