"date","frm"
2001-06-28,0.0110699144045775
2001-06-29,0.0087678375611856
2001-07-03,0.0111373808086992
2001-07-05,0.0102789889775442
2001-07-08,0.00728312973845618
2001-07-12,0.00704193027554542
2001-07-13,0.00760727892394566
2001-07-16,0.0112729851766657
2001-07-17,0.00892220170318798
2001-07-18,0.00879033880911294
2001-07-19,0.0073848093294231
2001-07-20,0.0102181887925169
2001-07-23,0.0113563206783157
2001-07-24,0.0142094080491986
2001-07-25,0.0129174307168876
2001-07-26,0.0134876485371384
2001-07-27,0.0151961327605112
2001-07-30,0.0128104016185555
2001-07-31,0.0166987338919704
2001-08-02,0.0157840150678486
2001-08-03,0.0141211092291297
2001-08-05,0.0146218684852475
2001-08-08,0.0145283168491497
2001-08-10,0.0114983914109888
2001-08-11,0.0141093752295262
2001-08-13,0.0145266249420325
2001-08-14,0.0154719387591337
2001-08-16,0.0128940545450553
2001-08-17,0.0122503525997131
2001-08-20,0.0116080166531771
2001-08-21,0.013946989896667
2001-08-22,0.013515037550367
2001-08-23,0.0135852392672809
2001-08-24,0.0126045171054264
2001-08-27,0.00825437338796321
2001-08-28,0.0108714596026952
2001-08-29,0.0127444269766734
2001-08-30,0.00936840922972895
2001-08-31,0.0125396978632848
2001-09-02,0.0113135847934389
2001-09-03,0.0104887151918508
2001-09-05,0.0108218423192544
2001-09-07,0.0121105475687612
2001-09-08,0.00970919789191864
2001-09-10,0.0120030136982238
2001-09-11,0.00998404700262106
2001-09-17,0.010345302316817
2001-09-18,0.0105091788982172
2001-09-19,0.00954376681635538
2001-09-20,0.0106050696544535
2001-09-21,0.0119088745752019
2001-09-24,0.0121777109194166
2001-09-25,0.0125886861162463
2001-09-26,0.0136814533983244
2001-09-27,0.0157312757397038
2001-09-28,0.0103964060790264
2001-10-05,0.013608387252702
2001-10-07,0.0136155565543109
2001-10-08,0.0122548364360866
2001-10-09,0.0132692719231488
2001-10-10,0.0126848755758263
2001-10-12,0.0130557909201525
2001-10-15,0.0115897660225883
2001-10-16,0.00841482536626219
2001-10-17,0.0110367697762473
2001-10-18,0.0136046406837861
2001-10-19,0.0128916258492712
2001-10-22,0.0153469331292133
2001-10-23,0.0113038411050226
2001-10-24,0.0104300981739333
2001-10-25,0.018476863198661
2001-10-29,0.015680746508396
2001-10-30,0.0123562885427671
2001-10-31,0.0127183170591356
2001-11-04,0.0135917685328776
2001-11-05,0.0111434240115252
2001-11-06,0.0125421988915593
2001-11-07,0.0129693816539546
2001-11-10,0.00999763718633399
2001-11-12,0.0125833234050227
2001-11-13,0.0106869966071295
2001-11-14,0.0120726074092379
2001-11-15,0.0135450777822096
2001-11-16,0.0105623915191328
2001-11-19,0.0129237740194709
2001-11-20,0.0127048420967418
2001-11-21,0.0120942095379281
2001-11-23,0.0133561860345781
2001-11-26,0.0125358711313507
2001-11-27,0.0139409256979984
2001-11-28,0.0139697832253241
2001-11-29,0.0128660198554857
2001-11-30,0.0115165145828781
2001-12-02,0.0112451074448954
2001-12-03,0.00972074017138177
2001-12-04,0.00791668889926186
2001-12-06,0.00849236754303629
2001-12-07,0.00719927589160975
2001-12-10,0.0126931680409549
2001-12-11,0.0141918451907155
2001-12-12,0.0114651295147221
2001-12-13,0.00916148026853012
2001-12-14,0.00837275997078638
2001-12-17,0.00907623822286998
2001-12-18,0.00854767154348716
2002-01-02,0.0101106234087083
2002-01-03,0.0087613625238395
2002-01-07,0.0079480982384172
2002-01-10,0.0100457021793441
2002-01-14,0.00961453424125417
2002-01-15,0.00884516055574518
2002-01-16,0.008123241087934
2002-01-17,0.00814760011630718
2002-01-18,0.00982256087933032
2002-01-22,0.0083606454990191
2002-01-23,0.00877760141328972
2002-01-24,0.00708843949173371
2002-01-25,0.00823272171352044
2002-01-28,0.00869941266636244
2002-01-29,0.00841415864186087
2002-01-30,0.00857953010336014
2002-01-31,0.00886912361021809
2002-02-04,0.00813746144784733
2002-02-07,0.00724938169197437
2002-02-08,0.0121776778761559
2002-02-10,0.0115730219802861
2002-02-12,0.0135631783319413
2002-02-13,0.0111513720771163
2002-02-14,0.0105169412433752
2002-02-15,0.010368028798401
2002-02-19,0.0081825037490523
2002-02-20,0.0110624175448083
2002-02-21,0.0126813133414058
2002-02-22,0.0117679423145286
2002-02-25,0.0130138158662762
2002-02-26,0.0129140122517385
2002-02-27,0.0140791248450004
2002-02-28,0.0140911933296313
2002-03-01,0.0132875930761385
2002-03-04,0.0156976063116558
2002-03-06,0.0120423722717025
2002-03-07,0.0127397729624118
2002-03-10,0.0125602605985497
2002-03-12,0.0139500283013173
2002-03-13,0.0124249922269615
2002-03-14,0.0111379730541716
2002-03-15,0.0144535873684229
2002-03-20,0.0139091770269076
2002-03-21,0.0157325806942719
2002-03-22,0.0184808387712998
2002-03-28,0.0162638970124059
2002-04-01,0.0167597100341621
2002-04-02,0.0146146383347577
2002-04-03,0.0137538580129757
2002-04-06,0.015039924873584
2002-04-10,0.0180319043212083
2002-04-11,0.0180518288280932
2002-04-12,0.0211568583066054
2002-04-15,0.0195272079857748
2002-04-17,0.0195471978784307
2002-04-18,0.0217721176383195
2002-04-19,0.0225749517524604
2002-04-22,0.0213599179082805
2002-04-23,0.0204944430861804
2002-04-24,0.0200413642177325
2002-04-25,0.0214509333193861
2002-04-26,0.0219498007468926
2002-04-29,0.019894977632228
2002-04-30,0.0227704628336008
2002-05-02,0.02186673595176
2002-05-03,0.0250743984210511
2002-05-06,0.0218725460802213
2002-05-07,0.0201828184917925
2002-05-08,0.0186976389151324
2002-05-11,0.0188636297078257
2002-05-12,0.019620919712993
2002-05-13,0.0205929738780581
2002-05-14,0.0228020042522104
2002-05-15,0.0203145045021273
2002-05-16,0.0220103068899151
2002-05-17,0.0208309362444564
2002-05-21,0.0248498030000461
2002-05-22,0.0204336093468981
2002-05-23,0.0236039341844326
2002-05-24,0.0201857902355889
2002-05-28,0.0601982165951729
2002-05-29,0.018853151979627
2002-05-31,0.0173736236147479
2002-06-02,0.0160525018334312
2002-06-03,0.0142686480209355
2002-06-06,0.015821390391351
2002-06-08,0.0151788560566172
2002-06-11,0.0141570328194169
2002-06-12,0.0158682148019981
2002-06-13,0.0162648038439224
2002-06-14,0.0176574980579679
2002-06-28,0.0180637438171278
2002-07-01,0.0188664821786962
2002-07-02,0.018128733248625
2002-07-06,0.0170796618107142
2002-07-08,0.0177644205537618
2002-07-10,0.0239784869661336
2002-07-11,0.0245345957170249
2002-07-15,0.0194365348316998
2002-07-16,0.019497265598237
2002-07-17,0.0201275572259096
2002-07-18,0.0185543726700726
2002-07-19,0.0187629448880813
2002-07-22,0.018510321857804
2002-07-23,0.0190406193219212
2002-07-24,0.0181479625877367
2002-07-25,0.0214742741308775
2002-07-26,0.0212460372375233
2002-07-29,0.020623896540203
2002-08-01,0.0248014637792175
2002-08-02,0.0255585085325677
2002-08-03,0.0242602655241543
2002-08-05,0.0186742263338573
2002-08-07,0.01904984550503
2002-08-08,0.0178995769882686
2002-08-10,0.019152813491994
2002-08-11,0.0257058326858358
2002-08-13,0.0166838561043535
2002-08-14,0.0178694805619804
2002-08-16,0.0196243029241199
2002-08-19,0.0238573340095499
2002-08-20,0.0224935303470036
2002-08-21,0.0165457021997052
2002-08-22,0.0196022247708078
2002-08-23,0.016758732173079
2002-08-26,0.0205838683384446
2002-08-27,0.0207063396231583
2002-08-28,0.0213985386489489
2002-08-29,0.0202482899031282
2002-08-30,0.0194906317760593
2002-09-01,0.0185681526189349
2002-09-07,0.0158770012887879
2002-09-08,0.0162083471746902
2002-09-09,0.0172834893217368
2002-09-10,0.012164807016482
2002-09-12,0.0108521564981431
2002-09-13,0.0104873617845345
2002-09-16,0.0172773481503682
2002-09-17,0.014229729937726
2002-09-18,0.0106637902016558
2002-09-19,0.0115048591457162
2002-09-20,0.0102582287765095
2002-09-23,0.00987487844231938
2002-09-24,0.0100776396821222
2002-09-25,0.00919557866738493
2002-09-26,0.00764700474451182
2002-09-27,0.00789709594128679
2002-09-30,0.00782664841205277
2002-10-01,0.011107333898522
2002-10-05,0.00974663935134177
2002-10-06,0.0115189696980773
2002-10-07,0.0128152219916467
2002-10-09,0.0101946042651243
2002-10-10,0.0107550412578673
2002-10-12,0.0111646234815637
2002-10-14,0.0107713429397116
2002-10-15,0.0355673500337016
2002-10-16,0.009644408400885
2002-10-17,0.00927315345674717
2002-10-18,0.0106111716669738
2002-10-21,0.0471578909977975
2002-10-22,0.00838123164489592
2002-10-23,0.0124763577622345
2002-10-24,0.0139014396576565
2002-10-25,0.0157940496419906
2002-10-29,0.0161333971765222
2002-10-30,0.0180659356027397
2002-11-01,0.0167321461408921
2002-11-02,0.0166390132658962
2002-11-03,0.0158112030472853
2002-11-04,0.0155875361354792
2002-11-06,0.0167108158384566
2002-11-07,0.016723535836479
2002-11-09,0.0193719445725905
2002-11-10,0.0133876050809171
2002-11-12,0.014983505742795
2002-11-13,0.0148963575445791
2002-11-18,0.0160142924511974
2002-11-29,0.013113879363404
2002-12-02,0.0156695977136421
2002-12-03,0.0221777301436313
2002-12-04,0.0169943481212817
2002-12-06,0.0170290012535091
2002-12-07,0.0174831634176246
2002-12-09,0.0173383674164221
2002-12-11,0.0170618435911679
2002-12-12,0.0187427769650133
2002-12-13,0.0126376381037763
2002-12-16,0.0165962338961864
2002-12-19,0.0179984632651785
2003-01-04,0.0214136282705346
2003-01-08,0.0194021235074246
2003-01-10,0.0138833970512299
2003-01-13,0.015677587537891
2003-01-14,0.0148085115960823
2003-01-15,0.0162391525569762
2003-01-16,0.0117051970580157
2003-01-17,0.0179443161790923
2003-01-21,0.0124259449987391
2003-01-22,0.0116679373063333
2003-01-23,0.0140662219308505
2003-01-24,0.0141564630159766
2003-01-27,0.0117415581481631
2003-02-04,0.0131103613016066
2003-02-06,0.00970883536374408
2003-02-07,0.0114390458960844
2003-02-09,0.0125248883253155
2003-02-10,0.00614884990696896
2003-02-12,0.00633863891561939
2003-02-20,0.0112843618657949
2003-02-21,0.00897959140643639
2003-02-24,0.0125156922874138
2003-02-25,0.0145550387002798
2003-02-26,0.0173447337535288
2003-02-27,0.0122034208572321
2003-02-28,0.0120756954828608
2003-03-03,0.0127646316694964
2003-03-04,0.0150129601536254
2003-03-06,0.0121209287348685
2003-03-07,0.0122976766749872
2003-03-09,0.0115955843535062
2003-03-10,0.0125684311823987
2003-03-11,0.0128508455276431
2003-03-12,0.0111453491788911
2003-03-13,0.0123587004944483
2003-03-14,0.0132214005363027
2003-03-18,0.0128537019252932
2003-03-19,0.0113936321504668
2003-03-20,0.0122485463283489
2003-03-21,0.0134259684991126
2003-03-24,0.0121353401716311
2003-03-26,0.0146971244823301
2003-03-27,0.0129429539388839
2003-03-28,0.0134758569827882
2003-03-31,0.0141964824392679
2003-04-03,0.0107136450693738
2003-04-04,0.00901901871665997
2003-04-06,0.00882032697571444
2003-04-08,0.0109713839678521
2003-04-09,0.0116927995162194
2003-04-11,0.0130323452577798
2003-04-12,0.0109426083150657
2003-04-14,0.011016907069203
2003-04-15,0.0105423896685954
2003-04-16,0.00876768078177393
2003-04-17,0.0104077726613197
2003-04-22,0.0106086926739996
2003-05-03,0.0123444369901136
2003-05-06,0.0104531751192422
2003-05-08,0.0110393894305002
2003-05-09,0.0108885301751549
2003-05-11,0.0103473154601053
2003-05-12,0.0129926028820566
2003-05-13,0.0114153724950694
2003-05-14,0.0126664840299182
2003-05-15,0.011992340571751
2003-05-16,0.0116663371787824
2003-05-19,0.011779716761939
2003-05-20,0.0122962210542918
2003-05-21,0.0141722152547329
2003-05-22,0.015082099768972
2003-05-23,0.0119560040024728
2003-05-27,0.0108529536450143
2003-05-28,0.0137896735268921
2003-05-30,0.0146406378824742
2003-06-03,0.0129147642159627
2003-06-06,0.0127846838861487
2003-06-08,0.0153136793970636
2003-06-10,0.0148223080662093
2003-06-11,0.017718629897355
2003-06-13,0.0135008048626856
2003-06-17,0.0200985622051215
2003-06-18,0.00948749625204449
2003-06-20,0.011316483497507
2003-06-23,0.0118611067001059
2003-06-24,0.0143817266335625
2003-06-25,0.0142540816574182
2003-06-26,0.0124047836200241
2003-06-27,0.0138561172123259
2003-07-01,0.0119168111997889
2003-07-03,0.0110534473854255
2003-07-04,0.0124179158295624
2003-07-07,0.0126335265506834
2003-07-08,0.0220978839209895
2003-07-10,0.0122076817853157
2003-07-11,0.0119915354155676
2003-07-14,0.0125967952936912
2003-07-15,0.0141340952401469
2003-07-16,0.0136919915129742
2003-07-17,0.01416557890662
2003-07-18,0.0138571301369867
2003-07-21,0.0142122193516585
2003-07-22,0.0152553954154115
2003-07-23,0.0144562353388053
2003-07-24,0.0145474369499925
2003-07-25,0.0149961771698479
2003-07-28,0.0157330575636808
2003-07-29,0.0144118235029336
2003-07-30,0.0288227516443271
2003-07-31,0.014601740461638
2003-08-01,0.0144575840213567
2003-08-05,0.0140243527520965
2003-08-07,0.0141357120358238
2003-08-08,0.0138688054487404
2003-08-09,0.0125840782378944
2003-08-10,0.0120339009575949
2003-08-13,0.0135763524729952
2003-08-14,0.00948477165417192
2003-08-18,0.00857927764085699
2003-08-19,0.00978997993796989
2003-08-20,0.00952520111091858
2003-08-21,0.0091778601997932
2003-08-22,0.00856143260477661
2003-08-25,0.0108283816845558
2003-08-26,0.0101239349355035
2003-08-27,0.00799009072710565
2003-08-28,0.00842229882705483
2003-08-29,0.0103295345971964
2003-09-01,0.0104357971829984
2003-09-05,0.0106108868189196
2003-09-07,0.00962230201711897
2003-09-09,0.0108173985608733
2003-09-10,0.011844866911544
2003-09-12,0.0119274436976112
2003-09-15,0.0104830987174929
2003-09-16,0.0106865055788092
2003-09-17,0.0101361343160462
2003-09-18,0.0141573914308035
2003-09-19,0.0154744985854646
2003-09-22,0.012305489895337
2003-09-23,0.0109960700717308
2003-09-24,0.01598020694108
2003-09-25,0.0153698068536037
2003-09-26,0.014617165247122
2003-09-29,0.0215702835269731
2003-09-30,0.0215033011507519
2003-10-01,0.0149995536826979
2003-10-06,0.0148806320087654
2003-10-07,0.0134387491130951
2003-10-09,0.0137016674816307
2003-10-10,0.00943514779875701
2003-10-11,0.0111216093743572
2003-10-12,0.0107422504145747
2003-10-13,0.0100579069095853
2003-10-14,0.0106127131272285
2003-10-15,0.0132937893687405
2003-10-16,0.0141052246968154
2003-10-17,0.0133866549692028
2003-10-20,0.0101641632210128
2003-10-21,0.010992972883353
2003-10-22,0.00973253276519669
2003-10-23,0.00924024430082836
2003-10-24,0.00950315101783347
2003-10-27,0.00970469626589126
2003-10-29,0.0082807984864922
2003-10-30,0.00992194487469119
2003-10-31,0.00913269767765331
2003-11-03,0.00838734972663285
2003-11-06,0.00829767774085236
2003-11-07,0.00978411326260766
2003-11-08,0.00951928970777959
2003-11-09,0.00940681647061688
2003-11-12,0.00868714629891951
2003-11-14,0.010791384224388
2003-11-17,0.0101223329719689
2003-11-18,0.00944092302707774
2003-11-19,0.0091565363960614
2003-11-20,0.00884247023220447
2003-11-21,0.00920591612705542
2003-11-24,0.0106850760132395
2003-11-25,0.0109040255642107
2003-11-26,0.008468596679544
2003-11-28,0.00761776634107899
2003-12-03,0.00909086318508998
2003-12-05,0.00950329499451571
2003-12-06,0.00897036860105577
2003-12-08,0.00701194899692192
2003-12-09,0.00738022504630013
2003-12-11,0.00823467850731813
2003-12-12,0.00845511383949725
2003-12-15,0.00850550479811936
2003-12-16,0.00850215993381707
2003-12-17,0.00873029213059238
2003-12-18,0.0087312649158829
2003-12-19,0.00888353566135422
2004-01-03,0.00734402365414202
2004-01-04,0.00830235000100457
2004-01-06,0.00859688161492144
2004-01-07,0.00981610658578182
2004-01-09,0.0092104250260695
2004-01-10,0.00887164973622026
2004-01-13,0.00862245829640317
2004-01-14,0.0231253962452681
2004-01-15,0.0160842885022883
2004-01-16,0.00993230162752171
2004-01-20,0.00982080841473308
2004-01-21,0.0102557106107324
2004-01-22,0.00985188854780051
2004-01-26,0.00972848451873714
2004-01-27,0.00828164372967409
2004-01-28,0.00877187003394583
2004-01-29,0.00783444792529831
2004-01-30,0.0081334671227223
2004-02-02,0.00807312369947375
2004-02-03,0.011699274883129
2004-02-04,0.0129715502032392
2004-02-06,0.0109655190582119
2004-02-07,0.0092888061177994
2004-02-08,0.00886139028865112
2004-02-09,0.00854313374739278
2004-02-11,0.00886368251544346
2004-02-12,0.00772255499193052
2004-02-13,0.00934518960647963
2004-02-17,0.0102138689360489
2004-02-18,0.0103043740870694
2004-02-19,0.00949026644462286
2004-02-20,0.00873669760401079
2004-02-24,0.00978883993946829
2004-02-25,0.00948339744297463
2004-02-26,0.0076152251496593
2004-02-27,0.00849425120612105
2004-03-02,0.00685766738426031
2004-03-03,0.00625469350661806
2004-03-06,0.00637585094734601
2004-03-08,0.00740924244691611
2004-03-09,0.0083869428393125
2004-03-11,0.00880012845200993
2004-03-12,0.00995943287842223
2004-03-15,0.0103271052629488
2004-03-16,0.0100823252387976
2004-03-17,0.0121152376913121
2004-03-19,0.0116246494447423
2004-03-22,0.0108833652019877
2004-03-23,0.0107489789131972
2004-03-24,0.0107446448585083
2004-03-26,0.00959401278844932
2004-03-29,0.0103976135299493
2004-03-30,0.00852168892016388
2004-03-31,0.00818420170816956
2004-04-02,0.00881243848689492
2004-04-03,0.0109912145232516
2004-04-05,0.010762282825888
2004-04-06,0.0128841771991665
2004-04-08,0.0099661425574737
2004-04-10,0.00950746199203359
2004-04-11,0.00957662631889838
2004-04-13,0.00966078356166085
2004-04-14,0.00694061122385159
2004-04-15,0.00789584256303984
2004-04-16,0.0103494586551016
2004-04-19,0.00827641504315215
2004-04-20,0.0078781793838649
2004-04-21,0.00730085951783141
2004-04-22,0.00802668655609983
2004-04-23,0.00850954490470883
2004-04-30,0.0070800069073031
2004-05-02,0.00790818791261558
2004-05-03,0.00698479908536289
2004-05-05,0.00717266575882003
2004-05-08,0.00727184235611111
2004-05-10,0.00743700658291299
2004-05-11,0.00730330984563046
2004-05-13,0.00841389723204213
2004-05-14,0.0086548922295512
2004-05-17,0.00787400716942786
2004-05-18,0.00810509535165934
2004-05-19,0.0076053448251874
2004-05-21,0.00655715845401433
2004-05-24,0.008929394589491
2004-05-25,0.00889537433379617
2004-05-26,0.00916604404914626
2004-05-27,0.00758804831157363
2004-05-28,0.00774073598069989
2004-06-02,0.00767857955338487
2004-06-05,0.0079782137576135
2004-06-07,0.00920940756749204
2004-06-08,0.00967278153178044
2004-06-10,0.00759366487733013
2004-06-12,0.00851179088073073
2004-06-14,0.00992377301352393
2004-06-15,0.00834264562440346
2004-06-16,0.0104309068125549
2004-06-17,0.00930941543846319
2004-06-18,0.0102577375077818
2004-06-21,0.0066972199697274
2004-06-22,0.00682720709352629
2004-06-23,0.00621076430137676
2004-06-24,0.00675863181712662
2004-06-25,0.00832399307875535
2004-06-28,0.010644490385147
2004-06-29,0.0111754919327838
2004-06-30,0.00924180669414376
2004-07-01,0.00983338751551474
2004-07-05,0.0111179233302819
2004-07-06,0.00932032164976337
2004-07-07,0.0109714585842429
2004-07-09,0.0114032945074202
2004-07-10,0.0122025826100949
2004-07-12,0.0105334704384609
2004-07-13,0.0112345498366124
2004-07-14,0.00959124047702086
2004-07-15,0.0104486135156686
2004-07-16,0.00879413711379786
2004-07-19,0.00877753737264751
2004-07-20,0.0120293819185398
2004-07-21,0.00998751270284754
2004-07-22,0.0122608469552542
2004-07-23,0.0146615671460124
2004-07-26,0.0140334603001994
2004-07-27,0.0144304578384236
2004-07-28,0.0147175701289686
2004-07-29,0.0140626016193695
2004-07-30,0.014254725564911
2004-08-03,0.0143071246199112
2004-08-06,0.0144675784788761
2004-08-07,0.0128933299553975
2004-08-09,0.0118882507008714
2004-08-10,0.0142565617483189
2004-08-11,0.0137197005857212
2004-08-16,0.0114611472587161
2004-08-17,0.011443215260406
2004-08-18,0.0101614352874049
2004-08-19,0.0103404262248909
2004-08-20,0.0108729948217218
2004-08-23,0.0114522277086316
2004-08-24,0.0176337661244953
2004-08-25,0.00882182750928956
2004-08-26,0.0105378880960773
2004-08-27,0.00910005230936715
2004-08-30,0.00979151915335655
2004-08-31,0.00818979199246783
2004-09-02,0.0086434802641127
2004-09-03,0.00787417897129507
2004-09-06,0.0109766691748102
2004-09-07,0.00784997743044791
2004-09-08,0.0142294533280576
2004-09-09,0.00807230937225483
2004-09-11,0.00866602580681262
2004-09-12,0.00789920951215436
2004-09-13,0.00585027846695054
2004-09-14,0.00597918979111527
2004-09-15,0.00755400626164087
2004-09-16,0.00846098503423615
2004-09-17,0.0069126437064415
2004-09-23,0.00860244535198443
2004-09-24,0.00592685662345906
2004-09-27,0.00688439339215264
2004-09-28,0.00636017258059471
2004-09-29,0.00643204549474391
2004-09-30,0.00725327546688043
2004-10-02,0.00686543378119617
2004-10-03,0.00593783237370085
2004-10-05,0.00754153431977554
2004-10-08,0.00731969655895501
2004-10-09,0.00917048048211539
2004-10-11,0.00694230018095427
2004-10-12,0.00900918397526212
2004-10-13,0.0100894853699048
2004-10-14,0.00936290516228778
2004-10-15,0.00681272111485328
2004-10-18,0.00770904843485431
2004-10-19,0.00595990195950767
2004-10-20,0.00757158025935751
2004-10-21,0.0110238343275365
2004-10-22,0.00960808549536417
2004-10-25,0.00845978065944442
2004-10-27,0.00704069302669971
2004-10-29,0.00925784856728462
2004-11-02,0.0084029680951718
2004-11-03,0.00736231371676162
2004-11-05,0.0073475855403344
2004-11-08,0.00661148012528183
2004-11-10,0.00667047937460668
2004-11-15,0.00635650862056221
2004-11-16,0.00821158852065107
2004-11-17,0.0079897325351487
2004-11-18,0.00795699863802425
2004-11-19,0.00634806814978415
2004-11-22,0.0103315156970493
2004-11-23,0.00857938524985425
2004-11-24,0.00762884684863996
2004-11-26,0.00774451081112845
2004-11-29,0.00874280583369149
2004-11-30,0.00809255424989959
2004-12-01,0.00644739032021193
2004-12-02,0.00866692455333631
2004-12-03,0.0085687985884729
2004-12-05,0.00905983975125836
2004-12-07,0.00847904699541927
2004-12-08,0.00556846267433873
2004-12-10,0.00634213400149454
2004-12-11,0.00561256045658565
2004-12-13,0.00715429048769499
2004-12-14,0.00881916219975622
2004-12-15,0.00889764725589339
2004-12-16,0.0101571210438066
2004-12-17,0.00849210519490834
2004-12-20,0.00746911415432882
2004-12-21,0.00784575728987045
2004-12-22,0.00811259268195596
2004-12-23,0.00814305943647448
2005-01-02,0.00825879032369033
2005-01-03,0.00806216484190474
2005-01-04,0.0084199916244159
2005-01-09,0.00907784853293442
2005-01-13,0.00867880473906917
2005-01-14,0.00875662439165118
2005-01-18,0.00804140417122801
2005-01-19,0.00840794526739658
2005-01-20,0.00795655701268473
2005-01-21,0.00785997974757442
2005-01-24,0.00913085209648944
2005-01-25,0.00790191908205746
2005-01-26,0.00741031078506132
2005-01-27,0.00626952601918667
2005-01-28,0.00618226098881894
2005-01-31,0.00623522409560434
2005-02-02,0.00607991737227039
2005-02-08,0.00727229517564099
2005-02-11,0.00852744195795082
2005-02-14,0.00807325018328386
2005-02-15,0.00692298871089787
2005-02-16,0.00996329958530338
2005-02-17,0.00784479366295589
2005-02-18,0.0118371761526016
2005-02-22,0.0101493584011606
2005-02-23,0.0113477093615625
2005-02-24,0.0103862006862675
2005-02-25,0.0118776120949576
2005-02-28,0.010548710325057
2005-03-01,0.0106223861499096
2005-03-02,0.0111937005144142
2005-03-08,0.00856797726333793
2005-03-10,0.00792065776408531
2005-03-11,0.00803526524343302
2005-03-15,0.00787216990751468
2005-03-16,0.00645937469833659
2005-03-17,0.0125814046275038
2005-03-18,0.0133491662552852
2005-03-21,0.016045942619168
2005-03-22,0.0154381773170464
2005-03-23,0.014994107573118
2005-03-24,0.0162751787348516
2005-03-29,0.00972253101570785
2005-03-30,0.0109707635242687
2005-03-31,0.00872441946819643
2005-04-01,0.0132636077022581
2005-04-02,0.0124234152833595
2005-04-04,0.0112724122097185
2005-04-08,0.0117203944827954
2005-04-10,0.0114087133339071
2005-04-11,0.00901051323616497
2005-04-18,0.0143473271413129
2005-04-19,0.0131160504503866
2005-04-20,0.0127170361203565
2005-04-21,0.0130259017566137
2005-04-22,0.0133436441745744
2005-04-25,0.0149382403446424
2005-04-26,0.0179441464994602
2005-04-27,0.0136330164643655
2005-04-28,0.0110940669213729
2005-05-01,0.0115104899672683
2005-05-04,0.0116885589120207
2005-05-08,0.00879487764709747
2005-05-10,0.0122097450293802
2005-05-13,0.0113890146916317
2005-05-17,0.0128000552606861
2005-05-18,0.0117313698233964
2005-05-19,0.0121728374466889
2005-05-20,0.0113975208927197
2005-05-23,0.0121932969085485
2005-05-24,0.00941443392806146
2005-05-25,0.010464595357477
2005-05-27,0.0112480639215429
2005-06-04,0.009741481903901
2005-06-05,0.01121379401632
2005-06-10,0.0112654118224476
2005-06-12,0.0109924676186678
2005-07-01,0.0130154689326831
2005-07-02,0.0129159386342042
2005-07-03,0.0103478327758484
2005-07-04,0.0102223687437271
2005-07-10,0.00712414292950778
2005-07-11,0.0093844351460578
2005-07-12,0.0111726355675554
2005-08-02,0.0130424414992509
2005-08-03,0.0110560380710131
2005-08-08,0.0133703377740783
2005-08-09,0.0101153181428425
2005-08-11,0.0114854966549642
2005-08-16,0.0118744503045352
2005-08-17,0.0150340206529889
2005-08-18,0.0195952596644574
2005-08-19,0.0139955761945787
2005-08-22,0.0144850795159907
2005-08-23,0.0145088531152993
2005-08-24,0.0137464429578428
2005-08-29,0.0151396119241693
2005-08-30,0.0140560700814456
2005-08-31,0.0136874200760931
2005-09-02,0.0149382599033927
2005-09-03,0.0137522701199075
2005-09-05,0.0151197850059463
2005-09-08,0.0142518863343695
2005-09-09,0.0156678105112914
2005-09-11,0.0131880243110319
2005-09-12,0.0589655488041734
2005-09-13,0.0156848324702604
2005-09-14,0.0127294560518134
2005-09-15,0.0126365278641281
2005-09-16,0.0120709590228127
2005-09-19,0.0126677697998595
2005-09-20,0.0128759917692502
2005-09-21,0.014579817227589
2005-09-22,0.0118942125333363
2005-09-23,0.0129227814099095
2005-09-26,0.015625622106935
2005-09-27,0.0154713112368104
2005-09-28,0.0126592059120484
2005-09-29,0.0139086445648506
2005-09-30,0.0133896060138336
2005-10-01,0.0104879884462573
2005-10-02,0.0117925781426286
2005-10-03,0.00900429681801421
2005-10-05,0.0110170683010817
2005-10-08,0.00942196598216173
2005-10-10,0.012600247010025
2005-10-11,0.0127558753365046
2005-10-13,0.0140478347756476
2005-10-14,0.0137023813163119
2005-10-17,0.0106299475754576
2005-10-18,0.0130995611597671
2005-10-19,0.0130307007832028
2005-10-20,0.0117768472912863
2005-10-21,0.0102935715654857
2005-10-24,0.011529924579871
2005-10-25,0.0127855839724627
2005-10-27,0.0109616279415942
2005-10-31,0.0119398721145446
2005-11-01,0.0120380172806483
2005-11-02,0.0106941440284625
2005-11-03,0.0608388373113479
2005-11-05,0.00975253762869056
2005-11-08,0.0125841887752
2005-11-10,0.0116766659748478
2005-11-14,0.0105124111242079
2005-11-15,0.0108098595019901
2005-11-16,0.010321068803115
2005-11-17,0.00990915626479204
2005-11-18,0.04382821756505
2005-11-21,0.0439962805628354
2005-11-22,0.011949638760484
2005-11-23,0.0125280858531075
2005-11-25,0.0122415162621114
2005-11-28,0.0445195858921303
2005-11-29,0.0120371792174896
2005-11-30,0.0452161120037263
2005-12-01,0.0117093322071141
2005-12-05,0.0442287403665685
2005-12-08,0.0162181360150197
2005-12-09,0.0123136087467095
2005-12-10,0.0120221890323315
2005-12-12,0.0125240474734175
2005-12-13,0.0134794479547128
2005-12-14,0.0140265665872519
2005-12-15,0.0136581553271272
2005-12-16,0.0131385466086697
2005-12-19,0.0434334415841639
2005-12-20,0.0443028948407788
2005-12-21,0.0113178438984367
2005-12-22,0.0118357197720022
2005-12-23,0.0121761375444418
2006-01-02,0.0422173499084591
2006-01-03,0.00999134862060597
2006-01-06,0.00862379733518353
2006-01-08,0.0122917304638919
2006-01-09,0.00884546628575393
2006-01-13,0.00948246310166845
2006-01-17,0.00890458444546261
2006-01-18,0.00864209303728654
2006-01-19,0.0105131567568792
2006-01-20,0.010527285277893
2006-01-23,0.0110884458174502
2006-01-24,0.0100915222561975
2006-01-25,0.0103289048009691
2006-01-26,0.0111137395831726
2006-01-27,0.0117357494037819
2006-01-30,0.0122044504813789
2006-01-31,0.0125481935744924
2006-02-02,0.0133879564110651
2006-02-03,0.0116079088042154
2006-02-06,0.00980137108367326
2006-02-08,0.00992192098430078
2006-02-10,0.00999428054459579
2006-02-11,0.0102386421184836
2006-02-13,0.0116535120145055
2006-02-14,0.0119020228019495
2006-02-15,0.0109019932243125
2006-02-16,0.0165715776162984
2006-02-17,0.0165337791708383
2006-02-21,0.0119979367335316
2006-02-22,0.0123987401481877
2006-02-23,0.0132726537885997
2006-02-24,0.0112376096289664
2006-02-27,0.0111459155245836
2006-02-28,0.00976729384858619
2006-03-01,0.00883522924230887
2006-03-02,0.0107649223062504
2006-03-03,0.0103665018293287
2006-03-04,0.0103194919828985
2006-03-07,0.0111061542009514
2006-03-08,0.0102917989215579
2006-03-10,0.00983099544134473
2006-03-11,0.0101061335184369
2006-03-13,0.00944707926928421
2006-03-14,0.0108216859682666
2006-03-15,0.00832524976049476
2006-03-16,0.00836400940781313
2006-03-17,0.0101175369850361
2006-03-20,0.00834679448626502
2006-03-21,0.00957703460396335
2006-03-22,0.00943327733237555
2006-03-27,0.00951559510037273
2006-03-28,0.0109683405815486
2006-03-31,0.0096540939182497
2006-04-01,0.0102246374810986
2006-04-04,0.0104640099889353
2006-04-05,0.00907363680229981
2006-04-08,0.0105358902929742
2006-04-10,0.0113835490254061
2006-04-12,0.00911118079019413
2006-04-13,0.00943378416249613
2006-04-18,0.00808371265541773
2006-04-19,0.00937459323111606
2006-05-01,0.00921086696966124
2006-05-04,0.00981566686992347
2006-05-05,0.00940435807690856
2006-05-07,0.00909915431642444
2006-05-09,0.00973652319672558
2006-05-10,0.0105067272025302
2006-05-12,0.010231142388575
2006-05-15,0.00999152677136441
2006-05-16,0.00942253840857136
2006-05-17,0.00986341402438751
2006-05-18,0.00914328687795665
2006-05-19,0.0099240049548547
2006-05-22,0.0119669498568308
2006-05-23,0.0138855806025601
2006-05-24,0.0156227205686352
2006-05-26,0.0166171451488188
2006-05-30,0.0166923638481945
2006-05-31,0.0146252891213221
2006-06-02,0.014264891968144
2006-06-04,0.0146351591157944
2006-06-06,0.0145253259311883
2006-06-07,0.0144692924365069
2006-06-10,0.0123888404559451
2006-06-11,0.0153918187078461
2006-06-12,0.015493138038234
2006-06-13,0.0144233494947328
2006-06-14,0.0145234721396345
2006-06-16,0.0134039668231104
2006-06-19,0.0153732676623473
2006-06-20,0.0136118579972365
2006-06-21,0.013213421929987
2006-06-22,0.0142281439512779
2006-06-23,0.0149320127366217
2006-06-26,0.0145043954001682
2006-06-27,0.0140529219756222
2006-06-28,0.0156776572777744
2006-06-29,0.0160651707177757
2006-06-30,0.0163051117465528
2006-07-02,0.0182641968829749
2006-07-03,0.0132685805805076
2006-07-04,0.0106874405337257
2006-07-06,0.0127691389390182
2006-07-07,0.0133304096823833
2006-07-08,0.0132168061385371
2006-07-11,0.0109117569641101
2006-07-12,0.0116896383499302
2006-07-13,0.00849387087134427
2006-07-14,0.0107171238748368
2006-07-17,0.0138877942887198
2006-07-18,0.00977954302783922
2006-07-19,0.0111839219033349
2006-07-20,0.00935973634194157
2006-07-21,0.0106784022331763
2006-07-24,0.0120570024134869
2006-07-25,0.0109326082671782
2006-07-26,0.0132674763469595
2006-07-27,0.0125773806198756
2006-07-28,0.0667977600483255
2006-07-31,0.0101938107605972
2006-08-02,0.0121748854003571
2006-08-03,0.0116766072387407
2006-08-05,0.0127858078576592
2006-08-06,0.0103049460112892
2006-08-08,0.0120285890056471
2006-08-11,0.0140800877486156
2006-08-14,0.0154962865564913
2006-08-16,0.0163614066959242
2006-08-17,0.0154238428508709
2006-08-18,0.0149186834666935
2006-08-21,0.0167035653381924
2006-08-22,0.0162144649259744
2006-08-23,0.0147444765406381
2006-08-24,0.0127264027797638
2006-08-25,0.0131249091744817
2006-08-28,0.0115641474527404
2006-08-29,0.0116512750729924
2006-08-30,0.0119569803565567
2006-08-31,0.012101657903142
2006-09-01,0.0128950758328266
2006-09-02,0.0136341514861966
2006-09-03,0.0149044660843967
2006-09-05,0.0143731109895065
2006-09-06,0.0133863198091907
2006-09-08,0.013769819646442
2006-09-10,0.0157866441069487
2006-09-11,0.0159277211566369
2006-09-13,0.0164655416447545
2006-09-14,0.0156236233916044
2006-09-15,0.0140465821497976
2006-09-29,0.0405454726789122
2006-10-01,0.014788003806324
2006-10-02,0.0166498835138419
2006-10-03,0.0129999336488403
2006-10-04,0.0130658140621648
2006-10-05,0.0124809921364606
2006-10-07,0.0148497737923613
2006-10-08,0.0148569645427487
2006-10-10,0.0159401672096158
2006-10-11,0.015530127436653
2006-10-13,0.0162969917973644
2006-10-16,0.0154464403017966
2006-10-17,0.0157096983221387
2006-10-18,0.018463794876671
2006-10-19,0.0111626459618725
2006-10-20,0.0102013935383054
2006-10-23,0.0114319112094567
2006-10-24,0.0108847519726927
2006-10-25,0.0112918090741093
2006-10-27,0.0113844601346094
2006-10-30,0.0149641030883422
2006-10-31,0.0224176579180549
2006-11-01,0.0106204267653379
2006-11-04,0.00956548244746938
2006-11-05,0.0111486580384571
2006-11-07,0.0122570073900822
2006-11-08,0.0100868846517196
2006-11-09,0.0110877599322013
2006-11-10,0.0109896112124011
2006-11-12,0.0102512413935541
2006-11-13,0.00986249085937138
2006-11-14,0.0118372800395243
2006-11-15,0.00984925839094057
2006-11-16,0.00996670491467217
2006-11-17,0.0118395870485605
2006-11-20,0.0115797007422041
2006-11-21,0.0108924282127265
2006-11-22,0.00819098435169165
2006-11-24,0.0100053623890398
2006-11-27,0.00981680255041607
2006-11-28,0.0104234634526764
2006-11-29,0.010554749764658
2006-11-30,0.00988968511777633
2006-12-01,0.0100567937043391
2006-12-04,0.00943040173737299
2006-12-05,0.010297579768397
2006-12-07,0.010406342289624
2006-12-09,0.0114877324650555
2006-12-10,0.00970470815249034
2006-12-12,0.00887353743780238
2006-12-13,0.0104219643671618
2006-12-14,0.00993825020934391
2006-12-15,0.00852168124514177
2006-12-18,0.00886567244319873
2006-12-19,0.00884024585066863
2007-01-02,0.00710799843710565
2007-01-03,0.00727404680828763
2007-01-06,0.00864378172431365
2007-01-08,0.00812837299144811
2007-01-10,0.00882690133634585
2007-01-16,0.00805573442940928
2007-01-17,0.00830071928527931
2007-01-18,0.00828361681899251
2007-01-19,0.00837194792659183
2007-01-22,0.0076560665325218
2007-01-25,0.00948377662512742
2007-01-26,0.00952419886881776
2007-01-29,0.00852570471676339
2007-01-30,0.00795300661982276
2007-01-31,0.00874254227182142
2007-02-02,0.00844894356734346
2007-02-03,0.00755236213117085
2007-02-04,0.00870449010294747
2007-02-07,0.00865870576711843
2007-02-08,0.0109650702306373
2007-02-10,0.0121620002834114
2007-02-11,0.0122023059517975
2007-02-13,0.00851696835410204
2007-02-14,0.00940178677148401
2007-02-15,0.00870910664548606
2007-02-16,0.00901115918999757
2007-02-20,0.00929952792141373
2007-02-21,0.00864231338112756
2007-02-28,0.0089962810499447
2007-03-01,0.00941735342034329
2007-03-04,0.01124925555174
2007-03-07,0.0110133544317398
2007-03-08,0.01053790066562
2007-03-10,0.0101043920960019
2007-03-12,0.00961743353901647
2007-03-13,0.00952364574037394
2007-03-14,0.00881338096639467
2007-03-15,0.0111730286177248
2007-03-16,0.0123542560903746
2007-03-19,0.0122266868371993
2007-03-20,0.0120677585443118
2007-03-21,0.012135372524273
2007-03-22,0.0117644542631727
2007-03-23,0.0111748424650893
2007-03-26,0.0109583264827477
2007-03-27,0.0114060826272994
2007-03-28,0.0123720738344527
2007-03-29,0.0125741055294058
2007-03-30,0.0116011659518202
2007-04-01,0.0120927535374011
2007-04-04,0.0119976820628445
2007-04-05,0.0118917346032015
2007-04-06,0.011695991203078
2007-04-09,0.011421377577867
2007-04-10,0.01282373543171
2007-04-12,0.0114984354167676
2007-04-13,0.0122319919506321
2007-04-16,0.0109466540767276
2007-04-17,0.01233200282508
2007-04-24,0.0101317303467074
2007-05-01,0.0112529376493347
2007-05-02,0.00834011288362304
2007-05-03,0.0153843943657176
2007-05-04,0.00951365993815869
2007-05-06,0.0141493582107957
2007-05-07,0.013662399398808
2007-05-09,0.0106291775080596
2007-05-10,0.00965590767486699
2007-05-11,0.00933262408157553
2007-05-12,0.00879967440993185
2007-05-14,0.00927496070774142
2007-05-15,0.00883141775681254
2007-05-16,0.00947701389885495
2007-05-18,0.0106013410592496
2007-05-21,0.0109697392780233
2007-05-22,0.0105147648074865
2007-05-23,0.0109114577501201
2007-05-24,0.010729415142012
2007-05-25,0.0116197611222761
2007-05-29,0.013532350375434
2007-05-30,0.0129607393686149
2007-05-31,0.0141531136121024
2007-06-02,0.0144496983845176
2007-06-03,0.0127369245183166
2007-06-06,0.0220995956631079
2007-06-07,0.0202681640026126
2007-06-08,0.0117470070864192
2007-06-09,0.0122948032959841
2007-06-11,0.0129266900513415
2007-06-12,0.0128474832555917
2007-06-13,0.0121307710940464
2007-06-14,0.011709422435416
2007-06-15,0.0129846345116648
2007-06-18,0.0130288682871297
2007-06-19,0.0136940860198597
2007-06-20,0.0136274600320928
2007-06-21,0.0131989463121302
2007-06-22,0.0136992668067564
2007-06-25,0.013646030520195
2007-06-26,0.0135437223509165
2007-06-27,0.0130754868595359
2007-06-28,0.0136757471911869
2007-06-29,0.0148551830535257
2007-07-02,0.0146425952421857
2007-07-03,0.0149673672204327
2007-07-05,0.0152683580128897
2007-07-08,0.0275644915752361
2007-07-09,0.0152681412316305
2007-07-11,0.0126033158400637
2007-07-12,0.0131203298253173
2007-07-13,0.0117070098171184
2007-07-16,0.0113698797066026
2007-07-17,0.0136034005590709
2007-07-18,0.0129562883755429
2007-07-19,0.0117601106771873
2007-07-20,0.0127943453573512
2007-07-23,0.0126509312269206
2007-07-24,0.0107752957308401
2007-07-25,0.013808941086513
2007-07-26,0.0131194847322035
2007-07-27,0.0126855235267267
2007-07-30,0.0148228934406717
2007-07-31,0.0129313081275721
2007-08-01,0.0123817779158283
2007-08-02,0.0114460432147832
2007-08-03,0.0119223646637769
2007-08-05,0.0117899228926434
2007-08-06,0.0129286216772359
2007-08-08,0.0136397535722333
2007-08-10,0.0134973684359188
2007-08-13,0.011954474477026
2007-08-14,0.00973213872161656
2007-08-16,0.0100612347706448
2007-08-17,0.0142499571588756
2007-08-20,0.0147546427270007
2007-08-21,0.0113270935079556
2007-08-22,0.0116216527801666
2007-08-23,0.0104586696054065
2007-08-24,0.0111889853328414
2007-08-27,0.0109276939494059
2007-08-28,0.00894219575061298
2007-08-29,0.0112591614543212
2007-08-30,0.0100369146654547
2007-08-31,0.010068219807948
2007-09-01,0.0116749800260852
2007-09-02,0.0116629574302146
2007-09-03,0.0119581479440345
2007-09-05,0.011376852570807
2007-09-07,0.0109827774963428
2007-09-08,0.0105605566652902
2007-09-10,0.011464469966291
2007-09-13,0.0121225309091756
2007-09-14,0.0106637825609901
2007-09-17,0.013995029472837
2007-09-18,0.0118911482835378
2007-09-19,0.0133026084666647
2007-09-20,0.0206336985367252
2007-09-21,0.0149601093136942
2007-09-24,0.0154251299043
2007-09-25,0.0139263955161479
2007-09-26,0.0126537284573981
2007-09-27,0.0131953703078891
2007-09-28,0.0140500214502547
2007-10-01,0.013026980233939
2007-10-04,0.0133179860511471
2007-10-05,0.0127320311891381
2007-10-07,0.0185079425147068
2007-10-08,0.0180389588335443
2007-10-09,0.0206544596789936
2007-10-10,0.020533411466641
2007-10-12,0.0205093378904083
2007-10-18,0.0176548948036046
2007-10-19,0.0182820596721141
2007-10-22,0.0179420408115289
2007-10-23,0.022239480631279
2007-10-24,0.0191102522178886
2007-10-25,0.0215005779249187
2007-10-29,0.0250007797467928
2007-10-30,0.0245225374134403
2007-10-31,0.0247239184574293
2007-11-01,0.0244718798940055
2007-11-04,0.0264618760503747
2007-11-05,0.0238490383956266
2007-11-06,0.0206750814924771
2007-11-07,0.0216816771450911
2007-11-09,0.0232953146947182
2007-11-10,0.0275280005749333
2007-11-12,0.0291009547592481
2007-11-13,0.0254381526920513
2007-11-14,0.0218871994098077
2007-11-15,0.0228863751358242
2007-11-16,0.0213054407940002
2007-11-19,0.0199365328765164
2007-11-20,0.023038999074028
2007-11-21,0.0214391422809085
2007-11-23,0.020462226670311
2007-11-26,0.0225080108371484
2007-11-27,0.0225570162151126
2007-11-28,0.0214670235882847
2007-11-29,0.0200667747322022
2007-11-30,0.0195728173970361
2007-12-01,0.0194300565583976
2007-12-02,0.0203463338273793
2007-12-03,0.0215071357884554
2007-12-04,0.0183382931474708
2007-12-06,0.0173060172373184
2007-12-07,0.0190447437328243
2007-12-09,0.019865600395273
2007-12-10,0.0204354689424643
2007-12-11,0.0214583148017036
2007-12-12,0.0178412283505452
2007-12-13,0.0168712597689153
2007-12-14,0.018249608145203
2007-12-17,0.0169777789367453
2007-12-18,0.0195175878388366
2007-12-19,0.0191377882212344
2007-12-20,0.0180018376788225
2007-12-21,0.0175563663027336
2008-01-02,0.0174625329820637
2008-01-04,0.015811585150536
2008-01-07,0.0193733737211175
2008-01-08,0.016827983317501
2008-01-14,0.0176079964663639
2008-01-15,0.0172981233255822
2008-01-16,0.0214515567394408
2008-01-17,0.0177805905625607
2008-01-18,0.0198109461924463
2008-01-22,0.0201225895857505
2008-01-23,0.0225216545330208
2008-01-24,0.0197860144229834
2008-01-25,0.020417112404031
2008-01-28,0.016291477386414
2008-01-29,0.0184752177434467
2008-01-30,0.0247133007896305
2008-01-31,0.0161368343983274
2008-02-04,0.0189498589767077
2008-02-06,0.0167788245099264
2008-02-07,0.0220266809452249
2008-02-13,0.0185459204725868
2008-02-14,0.0168822332910843
2008-02-15,0.0155438661669971
2008-02-19,0.0232506189547641
2008-02-20,0.0217956310075781
2008-02-21,0.0165219143427754
2008-02-22,0.0203570648387071
2008-02-25,0.0169780898090631
2008-02-26,0.0166668472823416
2008-02-27,0.0200231710973521
2008-02-28,0.0153854278537937
2008-02-29,0.015899240149767
2008-03-01,0.0189260756527774
2008-03-03,0.0170430309560246
2008-03-04,0.0159848284584011
2008-03-06,0.016152014235057
2008-03-07,0.0148031757825468
2008-03-09,0.0157006632923604
2008-03-17,0.0134219561268763
2008-03-18,0.0158876422442467
2008-03-19,0.0159757030879564
2008-03-20,0.0145559042877873
2008-03-26,0.0148908464218396
2008-03-27,0.0141117766983737
2008-03-28,0.0151775494721596
2008-03-31,0.0252316282678182
2008-04-01,0.0251369143058312
2008-04-02,0.0219794117509626
2008-04-04,0.0334856583863754
2008-04-06,0.0451283408153962
2008-04-08,0.031123583683676
2008-04-09,0.0678132236162023
2008-04-14,0.0146475427565051
2008-04-15,0.0163685315787473
2008-04-16,0.015249021890466
2008-04-17,0.016941607840147
2008-04-18,0.0149667332118811
2008-04-21,0.0149252025956244
2008-04-29,0.0160886562969649
2008-04-30,0.0157591441581071
2008-05-02,0.0208816441157032
2008-05-05,0.0171550585091481
2008-05-06,0.0175094508733299
2008-05-08,0.0161430420874046
2008-05-09,0.0181040266212009
2008-05-13,0.0227064047989961
2008-05-14,0.0214329697842366
2008-05-15,0.0213860257614949
2008-05-16,0.0209933646145999
2008-05-19,0.0227472471039637
2008-05-20,0.0190806538811104
2008-05-21,0.0211596773768469
2008-05-23,0.0190292058767185
2008-05-27,0.0213544520226513
2008-05-28,0.0235015688893699
2008-05-29,0.0220604164765471
2008-05-30,0.0205991542368066
2008-06-02,0.0228144484313769
2008-06-03,0.0240228040014489
2008-06-05,0.0211642705877274
2008-06-06,0.0212671453221339
2008-06-08,0.0223019067772717
2008-06-13,0.0272067268985615
2008-06-17,0.026466503322524
2008-06-18,0.0246987515578802
2008-06-19,0.0241680277567112
2008-06-20,0.0247222021450911
2008-06-23,0.0250411966268556
2008-06-24,0.0264789485016698
2008-06-25,0.0241374885174247
2008-06-26,0.023650478382185
2008-06-27,0.0246779838641823
2008-06-30,0.026826979151725
2008-07-01,0.0263929584519855
2008-07-02,0.026679319457237
2008-07-03,0.0238753786246567
2008-07-04,0.0228087442932505
2008-07-05,0.0255252489904551
2008-07-07,0.0249108894908232
2008-07-08,0.0236174228572374
2008-07-14,0.0253782644646467
2008-07-15,0.0206357711105785
2008-07-16,0.0203052755670448
2008-07-21,0.028119816393154
2008-07-22,0.0240713794240271
2008-07-23,0.0243057281348722
2008-07-24,0.0248482317675869
2008-07-25,0.025293842019817
2008-07-28,0.0205960149157881
2008-07-29,0.0201798146607784
2008-07-30,0.0200390830613673
2008-07-31,0.0242000004008889
2008-08-01,0.0262829989102705
2008-08-02,0.0217842535537943
2008-08-04,0.0214815482273568
2008-08-05,0.0344617311076277
2008-08-07,0.026530553803392
2008-08-08,0.0272235704555499
2008-08-09,0.023622484213059
2008-08-13,0.0280192761585634
2008-08-14,0.0261557908912105
2008-08-18,0.0336488489066362
2008-08-19,0.034382875990645
2008-08-20,0.0215789421608239
2008-08-21,0.018702434630267
2008-08-22,0.018279095768011
2008-08-25,0.0200977468087452
2008-08-26,0.0174188297954409
2008-08-27,0.0157687141342213
2008-08-28,0.0247590108695444
2008-08-29,0.0216611979627775
2008-09-01,0.0160980759418062
2008-09-04,0.0225526100438219
2008-09-05,0.0240413342530085
2008-09-06,0.0226483109488002
2008-09-07,0.0207202644351094
2008-09-09,0.0197428344547265
2008-10-01,0.0139989828285047
2008-10-04,0.0173098298048374
2008-10-06,0.0135291904595748
2008-10-07,0.0521227905023054
2008-10-09,0.0203261450452066
2008-11-01,0.0234764717361774
2008-11-02,0.0200640506736602
2008-11-03,0.0193506417335318
2008-11-04,0.017362521165293
2008-11-06,0.0174747102518321
2008-11-07,0.019601967714894
2008-11-08,0.0189436636447487
2008-11-09,0.0197122095202225
2008-12-02,0.0176396735401408
2008-12-03,0.0244567086790687
2008-12-06,0.0238998246682934
2008-12-08,0.0247041720368573
2008-12-09,0.0175220102231711
2009-01-04,0.0169979789196874
2009-01-07,0.0182741544539549
2009-01-09,0.0187614892341247
2009-01-10,0.0167105059909764
2009-01-13,0.0144554572350352
2009-01-14,0.0152844738237584
2009-01-15,0.0198830877856313
2009-01-16,0.0239110376033578
2009-01-20,0.0253563499394475
2009-01-21,0.0411337195971163
2009-01-22,0.0415088756830747
2009-01-23,0.0385320470926176
2009-01-26,0.0374700843889395
2009-01-27,0.0355979953550711
2009-01-28,0.0385885242453306
2009-01-29,0.0319054063491665
2009-01-30,0.0344177157644317
2009-02-02,0.0316263466555633
2009-02-04,0.0219422139193969
2009-02-06,0.0240328365568111
2009-02-07,0.0277459617168827
2009-02-09,0.0277658605423911
2009-02-10,0.0236998456768148
2009-02-11,0.0423466535736898
2009-02-12,0.0308407549159492
2009-02-13,0.0321411641728178
2009-02-17,0.0270247392225953
2009-02-18,0.0266871020206137
2009-02-19,0.0316650568433554
2009-02-20,0.031237880779302
2009-02-23,0.0332516331370364
2009-02-24,0.0341489038470474
2009-02-25,0.0369522273280891
2009-02-26,0.0353115515046186
2009-02-27,0.0333834434630825
2009-03-02,0.0278509558791766
2009-03-03,0.0281076311270158
2009-03-04,0.0264965676624774
2009-03-06,0.027032156994161
2009-03-08,0.0264228981977541
2009-03-09,0.0259743332327195
2009-03-11,0.0258803114592715
2009-03-12,0.0286800477185395
2009-03-13,0.0270557116968691
2009-03-16,0.0252857969154401
2009-03-17,0.0256941372452932
2009-03-18,0.0263092580791364
2009-03-19,0.0246211896310888
2009-03-20,0.023510131127636
2009-03-23,0.0260565220395954
2009-03-24,0.0247443004542265
2009-03-26,0.0298010328330708
2009-03-27,0.0237007377511474
2009-03-30,0.0236915637798061
2009-03-31,0.0310514088424313
2009-04-02,0.030898128406942
2009-04-03,0.0323621174425355
2009-04-05,0.0315159753611102
2009-04-06,0.0321261012780783
2009-04-08,0.0313825262896772
2009-04-09,0.0321775727835893
2009-04-11,0.0314554830299145
2009-04-12,0.0285177941937611
2009-04-14,0.0288798304803207
2009-04-15,0.031638311776587
2009-04-16,0.0347106334460648
2009-04-21,0.0332890959331423
2009-04-22,0.0378912990566878
2009-04-23,0.0331160078661826
2009-04-24,0.035675216096859
2009-04-27,0.0338261229083323
2009-04-28,0.0344359010266921
2009-05-02,0.0358594265894466
2009-05-03,0.0335082411736135
2009-05-05,0.0305518452563464
2009-05-06,0.036022255111406
2009-05-08,0.0377027197450157
2009-05-10,0.0374890473039366
2009-05-11,0.0430950461917662
2009-05-13,0.0424130934377404
2009-05-14,0.0294644326379136
2009-05-15,0.0278850134215727
2009-05-18,0.028125866817657
2009-05-19,0.0353234327457752
2009-05-20,0.0353822706421587
2009-05-22,0.0295375465876578
2009-05-26,0.0285349852412266
2009-05-27,0.0291771823760253
2009-05-28,0.0294560948198712
2009-05-29,0.028647499691041
2009-06-02,0.0235162175634809
2009-06-03,0.0266802206365559
2009-06-04,0.0260013905180109
2009-06-05,0.028799801888563
2009-06-07,0.0316845214418375
2009-06-08,0.0270106366194491
2009-06-10,0.0286824859334976
2009-06-11,0.0281609151797304
2009-06-15,0.0270531164576876
2009-06-16,0.029869227714185
2009-06-17,0.0262302993747982
2009-06-18,0.0274196802975202
2009-06-19,0.030321785884077
2009-06-22,0.0366151982287133
2009-06-23,0.0305483442674742
2009-06-24,0.0292508915550363
2009-06-25,0.0363047938574676
2009-06-26,0.0298245428534505
2009-06-29,0.0293508901253156
2009-06-30,0.0293477885006539
2009-07-01,0.0295121237462436
2009-07-04,0.0373526600663542
2009-07-05,0.038688995671415
2009-07-07,0.0419276989556814
2009-07-08,0.0277037878617685
2009-07-10,0.0313983953616367
2009-07-12,0.0311818294103836
2009-07-13,0.0274149212578692
2009-07-14,0.0426896432589482
2009-07-15,0.0400862361615642
2009-07-16,0.0295745583799072
2009-07-17,0.0346585254037908
2009-07-20,0.0268790445206346
2009-07-21,0.029468331023635
2009-07-22,0.0278200709259773
2009-07-23,0.0308382651753697
2009-07-24,0.0366545777906845
2009-07-27,0.0373712092147714
2009-07-28,0.0292620487779185
2009-07-29,0.0253414982940164
2009-07-30,0.0281682158250736
2009-07-31,0.0268043243281565
2009-08-01,0.0269816824786867
2009-08-04,0.0295538915770672
2009-08-05,0.028736747098847
2009-08-07,0.0271729541514991
2009-08-09,0.0280578554507425
2009-08-10,0.0308357679609477
2009-08-13,0.0251132354671804
2009-08-14,0.0265128044718326
2009-08-17,0.0400101092446831
2009-08-18,0.0463278795842822
2009-08-19,0.0495816491989801
2009-08-20,0.0435491785725408
2009-08-21,0.0409814171997746
2009-08-24,0.038524928184909
2009-08-25,0.0307957100387661
2009-08-26,0.0306118701954205
2009-08-27,0.0271401044755722
2009-08-28,0.0303680156799672
2009-08-31,0.0366424267782458
2009-09-01,0.0403248489671004
2009-09-02,0.0392672730324372
2009-09-03,0.0506548845655619
2009-09-04,0.0328400450487788
2009-09-06,0.0265636123419364
2009-09-07,0.0382026722992106
2009-09-09,0.0428351717924094
2009-09-10,0.0420870482840251
2009-09-11,0.0430200506067758
2009-09-12,0.0375439654420891
2009-09-14,0.0384376894293677
2009-09-15,0.038156412397128
2009-09-16,0.0280135867195077
2009-09-17,0.0338561758002971
2009-09-18,0.0345870085574188
2009-09-21,0.0464895564252348
2009-09-22,0.0397907782578203
2009-09-23,0.0400022693892277
2009-09-24,0.0335577947804776
2009-09-25,0.0222972972287304
2009-09-28,0.0318779269944052
2009-09-29,0.0322093695570554
2009-09-30,0.0324355484886922
2009-10-02,0.0332703918557083
2009-10-03,0.0409729648071681
2009-10-06,0.0371899377197993
2009-10-07,0.0401819760914628
2009-10-08,0.0277597717607864
2009-10-09,0.0413998993994852
2009-10-11,0.0363920323873499
2009-10-12,0.0361163162676902
2009-10-13,0.0414458828552071
2009-10-14,0.054192411748799
2009-10-15,0.0529707952532747
2009-10-16,0.0579090806987239
2009-10-19,0.0574784562874331
2009-10-20,0.054651636045719
2009-10-21,0.0571097150820278
2009-10-22,0.0408410095025318
2009-10-23,0.0408765898267983
2009-10-27,0.0414676724867519
2009-10-29,0.0366591645780826
2009-10-30,0.03655501371131
2009-11-02,0.0311995626883985
2009-11-03,0.0248090890913684
2009-11-05,0.0211401833994178
2009-11-08,0.0214275583549576
2009-11-09,0.0229533577179307
2009-11-12,0.0236024384346859
2009-11-13,0.0243055904660297
2009-11-16,0.019202438605989
2009-11-17,0.0181555342495298
2009-11-18,0.0232113276038014
2009-11-19,0.0187789915161294
2009-11-20,0.0191561353436606
2009-11-23,0.0178345340875788
2009-11-24,0.0203161736274408
2009-11-25,0.0181135353249946
2009-11-27,0.0192350736727947
2009-11-30,0.0193441366538936
2009-12-01,0.0204522987760769
2009-12-02,0.0195124739787346
2009-12-03,0.0620374673039612
2009-12-05,0.018513874146213
2009-12-06,0.016849568621975
2009-12-08,0.0161616394023375
2009-12-10,0.0186503776333611
2009-12-11,0.017841668275598
2009-12-15,0.0172744839151267
2009-12-16,0.017832720799214
2009-12-17,0.0167993948331215
2009-12-18,0.0192955216701952
2009-12-21,0.0197180762630981
2009-12-22,0.0173874782822783
2009-12-23,0.0158171749926332
2010-01-02,0.0136170726539054
2010-01-03,0.0154615691230661
2010-01-04,0.0200879179699396
2010-01-06,0.0196579861260438
2010-01-07,0.0192320480294578
2010-01-09,0.0158673656482558
2010-01-10,0.0219422320445728
2010-01-13,0.0187273121398806
2010-01-14,0.0166687697561
2010-01-15,0.0190259812404297
2010-01-19,0.0204834865183946
2010-01-20,0.0186659841115818
2010-01-21,0.0193424044726311
2010-01-22,0.0164485688810455
2010-01-25,0.0208758890221946
2010-01-26,0.0209709705161773
2010-01-27,0.0189782487653226
2010-01-28,0.0206108662899328
2010-01-29,0.01621677049805
2010-02-02,0.0168104435233919
2010-02-03,0.0189329739482837
2010-02-06,0.0229400258376245
2010-02-07,0.0166873577666746
2010-02-08,0.0159651668869499
2010-02-09,0.0174503771148455
2010-02-11,0.0164809861277377
2010-02-12,0.0167424666200876
2010-02-16,0.0174859383088956
2010-02-17,0.0173567468545065
2010-02-18,0.0167876327142056
2010-02-19,0.0171000705285874
2010-02-22,0.0157928655719069
2010-02-23,0.0170370357996994
2010-02-24,0.0173114615560446
2010-02-25,0.0237787774275069
2010-02-26,0.0167595704788976
2010-03-02,0.0183960582661885
2010-03-03,0.018613469598712
2010-03-08,0.0166271304898595
2010-03-09,0.0150587602596251
2010-03-11,0.0155032442066743
2010-03-12,0.0139198738573571
2010-03-15,0.0134420207937182
2010-03-16,0.0147015326219923
2010-03-17,0.0141383375915894
2010-03-18,0.0130617082529552
2010-03-19,0.0132533151796781
2010-03-22,0.0135272281418155
2010-03-23,0.0140024669095606
2010-03-24,0.0138278226275893
2010-03-26,0.012986336178037
2010-03-29,0.0139735220603737
2010-03-30,0.0133494348836781
2010-03-31,0.0134496703471794
2010-04-01,0.0134822109950361
2010-04-02,0.016192391796389
2010-04-03,0.0147343722790082
2010-04-05,0.0149172225001371
2010-04-06,0.0175744381330127
2010-04-08,0.0233892205001788
2010-04-10,0.027820055767497
2010-04-11,0.0268582910538699
2010-04-13,0.0261539485726278
2010-04-14,0.0259619119797577
2010-04-15,0.0263114020369864
2010-04-16,0.025665945213437
2010-04-19,0.0313992487363826
2010-04-20,0.0240346233010175
2010-04-21,0.0313501759807796
2010-04-22,0.0221761175175496
2010-04-23,0.0226806527362915
2010-04-26,0.0205736119751526
2010-05-01,0.0207312184727214
2010-05-02,0.0207195918764479
2010-05-03,0.0234471359539933
2010-05-05,0.0328549785913899
2010-05-08,0.0226991979629194
2010-05-10,0.023984583464765
2010-05-11,0.0255510843176419
2010-05-14,0.0240044045139957
2010-05-17,0.0212973427437
2010-05-18,0.0192925997924346
2010-05-19,0.020477606135307
2010-05-20,0.0293310979565219
2010-05-21,0.0224144517006908
2010-05-25,0.0273728646194422
2010-05-26,0.0296584414544543
2010-05-27,0.0226292946791852
2010-05-28,0.0241141849514124
2010-06-04,0.02933298614916
2010-06-05,0.0317089473666705
2010-06-07,0.0300542860633118
2010-06-08,0.0257009859479141
2010-06-10,0.0256233732642347
2010-06-12,0.0306840300271538
2010-06-14,0.0269575287770314
2010-06-15,0.0223323882761659
2010-06-16,0.0231892632167922
2010-06-17,0.0272939155152444
2010-06-18,0.0336546247921649
2010-06-21,0.0302729265837642
2010-06-22,0.0310397470553268
2010-06-23,0.0299426559797051
2010-06-24,0.026364444006341
2010-06-25,0.0238959423091851
2010-06-28,0.02218495697495
2010-06-29,0.0221234778549506
2010-06-30,0.0217053646788585
2010-07-01,0.0289830053309608
2010-07-04,0.0203276286443458
2010-07-05,0.0225802573287301
2010-07-06,0.0218715938641954
2010-07-07,0.0185549925338305
2010-07-09,0.0180919411886745
2010-07-10,0.0175035487208408
2010-07-12,0.017472900916044
2010-07-13,0.0212082951851598
2010-07-14,0.0207465678038195
2010-07-15,0.0204250246161169
2010-07-16,0.0200859080869251
2010-07-19,0.0170418269644652
2010-07-20,0.0179014083716888
2010-07-21,0.0198674282769665
2010-07-22,0.0218704182065323
2010-07-23,0.0219440426800588
2010-07-26,0.0220937987872475
2010-07-27,0.0212055332054015
2010-07-28,0.0185012526670023
2010-07-29,0.0192113461162191
2010-07-30,0.0194297792682638
2010-08-01,0.021691135726105
2010-08-02,0.0263034855187062
2010-08-03,0.0266794219717143
2010-08-04,0.0269058826083295
2010-08-06,0.0267415269166811
2010-08-07,0.0281476791804056
2010-08-09,0.0277115213663193
2010-08-10,0.0293649116983557
2010-08-11,0.030395764348637
2010-08-13,0.0294492482693842
2010-08-16,0.032308638274525
2010-08-17,0.0292459963062857
2010-08-18,0.0336314788042681
2010-08-19,0.0225794339464598
2010-08-20,0.0254717781112503
2010-08-23,0.0273017094546673
2010-08-24,0.0281496338529286
2010-08-25,0.0260977322538544
2010-08-26,0.0177046358666441
2010-08-27,0.0185189063192493
2010-08-30,0.0180587077068234
2010-08-31,0.0179252098635819
2010-09-02,0.0188398155268747
2010-09-03,0.0200970457759902
2010-09-04,0.0201040735602696
2010-09-06,0.0209565279804668
2010-09-07,0.0221373862518258
2010-09-08,0.0247987125817256
2010-09-09,0.0215007159216402
2010-09-11,0.0182137354535849
2010-09-12,0.0287579070719787
2010-09-13,0.0196285831848624
2010-09-14,0.017364577830919
2010-09-15,0.0283161902660257
2010-09-16,0.0295478032919033
2010-09-17,0.0293406936603439
2010-09-20,0.019015272108167
2010-09-21,0.0203493717103434
2010-09-22,0.0157487333495948
2010-09-23,0.0261272362625886
2010-09-24,0.0226065186237856
2010-09-27,0.0240350788736095
2010-09-28,0.0244760915737316
2010-09-29,0.0171923964403912
2010-09-30,0.0158564018112945
2010-10-02,0.0146183327753051
2010-10-03,0.0145531055920201
2010-10-05,0.0142826381435716
2010-10-06,0.0158826440530346
2010-10-08,0.0158537275489483
2010-10-09,0.0160263402436439
2010-10-12,0.0139294821340068
2010-10-13,0.0144849823233529
2010-10-14,0.0122134411163976
2010-10-15,0.0128907267245297
2010-10-18,0.0139665993914711
2010-10-19,0.0145381781878472
2010-10-20,0.0154376354080481
2010-10-21,0.0172042292477898
2010-10-22,0.0193882567751751
2010-10-25,0.0154682595776062
2010-10-27,0.0133152321032901
2010-10-29,0.0125724291129708
2010-11-01,0.0152379935719149
2010-11-02,0.0149352242298829
2010-11-03,0.0105687620287108
2010-11-05,0.010209934350323
2010-11-06,0.0115088460316671
2010-11-08,0.011950839918704
2010-11-10,0.0110634549088107
2010-11-15,0.0128733865304646
2010-11-16,0.0148490462385714
2010-11-17,0.0165274008414254
2010-11-18,0.0150309872655134
2010-11-19,0.0157790188559297
2010-11-22,0.0143369309760757
2010-11-23,0.0146113205875454
2010-11-24,0.0135027871615797
2010-11-26,0.0137167174685824
2010-11-29,0.016640407726861
2010-11-30,0.0203794756157059
2010-12-01,0.0173401444396007
2010-12-02,0.0182693226330578
2010-12-03,0.0182049360188005
2010-12-04,0.0168433536864768
2010-12-05,0.0186850389435761
2010-12-07,0.0202694546864504
2010-12-08,0.0186932795607543
2010-12-10,0.0189614244622857
2010-12-11,0.0191839534539967
2010-12-13,0.0203794612984272
2010-12-14,0.0200382672774062
2010-12-15,0.0171046882576143
2010-12-16,0.0158910703368579
2010-12-17,0.0173210856807862
2010-12-20,0.0152956409479927
2010-12-21,0.016404844596213
2010-12-22,0.0167358133348637
2010-12-23,0.0161527123358094
2010-12-27,0.0167123606076183
2010-12-28,0.0183498145240826
2010-12-29,0.0192533736322381
2010-12-30,0.0199160703240786
2011-01-02,0.0165186240808161
2011-01-03,0.0167632054843655
2011-01-04,0.0220767501780637
2011-01-06,0.0192118914856359
2011-01-07,0.0179515703053727
2011-01-09,0.0159754737306136
2011-01-13,0.0158080388883449
2011-01-14,0.0169023636306151
2011-01-18,0.0167891396216259
2011-01-19,0.0137297277860619
2011-01-20,0.0119302820348064
2011-01-21,0.0115342722433738
2011-01-24,0.0126420819345986
2011-01-25,0.0124343337832302
2011-01-26,0.0169615347303453
2011-01-27,0.0160759971978246
2011-01-28,0.0151888695924489
2011-01-31,0.0156952102904539
2011-02-02,0.0157052029091159
2011-02-03,0.0173519087932888
2011-02-05,0.0154722862987995
2011-02-08,0.0151043772097958
2011-02-09,0.0143077780611801
2011-02-11,0.0190299419115143
2011-02-12,0.0164023605811316
2011-02-14,0.0170271685796962
2011-02-15,0.0192349941965995
2011-02-16,0.0187021417495239
2011-02-17,0.0175192612762031
2011-02-18,0.0182839998308969
2011-02-22,0.0174754316576265
2011-02-23,0.0186282960440481
2011-02-24,0.0193877001987433
2011-02-25,0.0178832727022626
2011-02-28,0.0170336704578117
2011-03-01,0.0143700605661054
2011-03-02,0.0158553769293743
2011-03-03,0.0155480374902286
2011-03-06,0.0155180740983446
2011-03-08,0.0159275298656506
2011-03-10,0.0161172370922774
2011-03-11,0.0161543752233253
2011-03-14,0.0157068382128779
2011-03-15,0.0185860714347916
2011-03-16,0.0186968130765726
2011-03-17,0.0200085607049425
2011-03-18,0.0183856543757219
2011-03-21,0.0166470133939951
2011-03-24,0.0179824652363838
2011-03-28,0.0182231878824017
2011-03-29,0.0187742642172772
2011-03-30,0.0180667101105578
2011-03-31,0.0179276317377552
2011-04-01,0.0162672336079417
2011-04-02,0.0171000164290655
2011-04-03,0.0181685633785545
2011-04-04,0.0162203683562918
2011-04-05,0.015072515318942
2011-04-08,0.0181134232188127
2011-04-10,0.0265291038301353
2011-04-11,0.0212272517943303
2011-04-13,0.0201954836857085
2011-04-15,0.020080681843905
2011-04-18,0.0227441601607276
2011-04-19,0.0248170241541389
2011-04-20,0.0215445241103831
2011-04-21,0.0243925600436439
2011-04-26,0.0252302928176581
2011-04-27,0.0187057838200111
2011-05-01,0.0167954161256147
2011-05-04,0.0155814084074196
2011-05-05,0.0189868970549265
2011-05-07,0.0223836423947418
2011-05-08,0.0270225225749386
2011-05-10,0.0264573002087958
2011-05-12,0.0252529622026786
2011-05-13,0.0268026455005038
2011-05-16,0.0288069578750611
2011-05-17,0.0279644721207807
2011-05-18,0.0276792150485603
2011-05-19,0.0234383095436725
2011-05-20,0.0217745594738769
2011-05-23,0.0175484503900532
2011-05-24,0.0176065037180405
2011-05-25,0.015442578245113
2011-05-26,0.0173242061910742
2011-05-27,0.0191932983602408
2011-05-31,0.0204715481098708
2011-06-04,0.0192246253527152
2011-06-05,0.0190206370508629
2011-06-06,0.0204280284500305
2011-06-07,0.0188129935648429
2011-06-09,0.020934645748027
2011-06-10,0.0175586684132759
2011-06-12,0.0164435612789467
2011-06-14,0.0167803917819448
2011-06-15,0.0187376817977544
2011-06-16,0.0171728225249348
2011-06-17,0.0146313800889612
2011-06-20,0.0151997858334724
2011-06-21,0.0155325333989541
2011-06-22,0.0148670533213403
2011-06-24,0.0146353832518431
2011-06-27,0.0171538347514395
2011-06-28,0.014804689183661
2011-06-29,0.0153796199409261
2011-06-30,0.0150870743324467
2011-07-01,0.0158320907345876
2011-07-02,0.0150824683647979
2011-07-04,0.0153755034348786
2011-07-06,0.0164626531068258
2011-07-07,0.0168130668315091
2011-07-09,0.0161502555731625
2011-07-10,0.0152089208961166
2011-07-11,0.0183800914478412
2011-07-12,0.0146046696766314
2011-07-13,0.0130524389921951
2011-07-14,0.0137234640397379
2011-07-15,0.0134744035956229
2011-07-18,0.0125024158318917
2011-07-19,0.0120751804581864
2011-07-20,0.014320144495604
2011-07-21,0.0135738516926836
2011-07-22,0.0155609405771886
2011-07-25,0.0186504624806442
2011-07-26,0.0155985559199433
2011-07-27,0.0162469325136514
2011-07-28,0.0156560750281669
2011-08-02,0.0193397786744758
2011-08-03,0.0191036985511844
2011-08-04,0.0160018683468016
2011-08-06,0.0151379055981341
2011-08-07,0.0154461455923457
2011-08-08,0.0159642724830366
2011-08-09,0.0191752159181997
2011-08-11,0.0174022986063165
2011-08-16,0.0171076367463286
2011-08-17,0.0154702988983129
2011-08-18,0.0170147180452919
2011-08-19,0.0181089700275659
2011-08-22,0.0193466263938322
2011-08-23,0.0195887037579595
2011-08-24,0.0211994965110892
2011-08-25,0.0199994444462159
2011-08-26,0.0220139676294734
2011-08-29,0.0212309032000108
2011-08-30,0.0235021832510411
2011-08-31,0.0230852399474439
2011-09-02,0.0262662491169749
2011-09-03,0.0206369646490418
2011-09-05,0.0182567432112226
2011-09-06,0.0190730377383489
2011-09-08,0.0179148847207228
2011-09-09,0.0226846302305636
2011-09-11,0.0288770643974796
2011-09-12,0.0252875615438277
2011-09-13,0.0230727647232966
2011-09-14,0.0253640968265353
2011-09-15,0.0227635558689235
2011-09-16,0.0224491986137037
2011-09-19,0.0211703741870504
2011-09-20,0.0279975596369118
2011-09-21,0.0217484718367681
2011-09-22,0.0234722089683786
2011-09-23,0.0239884328188516
2011-09-26,0.0224145403246784
2011-09-27,0.0216052599661205
2011-09-28,0.0210242489985877
2011-09-29,0.0209874744329363
2011-09-30,0.029483084631347
2011-10-01,0.0264241132869317
2011-10-02,0.0293341092287214
2011-10-03,0.0269330978376993
2011-10-05,0.0227792176962473
2011-10-06,0.0222352245835293
2011-10-08,0.0228263045422647
2011-10-10,0.0231885594228726
2011-10-11,0.0304085438772075
2011-10-13,0.0289377911219051
2011-10-14,0.0244499002506834
2011-10-17,0.0272083607355148
2011-10-18,0.0250618134423322
2011-10-19,0.0247130611041464
2011-10-20,0.0287683483681886
2011-10-21,0.0270314187888222
2011-10-24,0.0265162538925008
2011-10-25,0.0267591215953193
2011-10-27,0.0269193668212407
2011-10-31,0.0231232530185979
2011-11-01,0.024875451594799
2011-11-02,0.0260405470395119
2011-11-03,0.0240494308104299
2011-11-04,0.0280602177626887
2011-11-05,0.0313966869829973
2011-11-07,0.0249812309895767
2011-11-08,0.0251329186982299
2011-11-10,0.02747381985246
2011-11-14,0.0327731635442772
2011-11-15,0.0324085288305452
2011-11-16,0.0336708362763131
2011-11-17,0.0329904237531304
2011-11-18,0.0335118838677034
2011-11-21,0.0351985071244837
2011-11-22,0.025788858389104
2011-11-23,0.0261662740810719
2011-11-25,0.0241914447828886
2011-11-28,0.0245159855718826
2011-11-29,0.0249713845039356
2011-11-30,0.0260988854922675
2011-12-01,0.0263204337442506
2011-12-04,0.0248146135844558
2011-12-05,0.0253514226471228
2011-12-07,0.024840757235686
2011-12-08,0.0253335737010756
2011-12-09,0.0253111590756888
2011-12-10,0.0314652403912838
2011-12-12,0.0266558344988494
2011-12-13,0.0232267627827676
2011-12-14,0.0282668258600578
2011-12-15,0.0250955182843456
2011-12-16,0.0258904418053344
2011-12-19,0.0230868808423337
2011-12-20,0.0273843183409105
2011-12-21,0.0273587546322885
2011-12-22,0.0245617640888815
2011-12-23,0.0270834097908805
2011-12-27,0.0261640473665625
2011-12-28,0.0331613818373599
2011-12-29,0.0263732999825525
2012-01-02,0.0279084388666258
2012-01-03,0.0279946496320133
2012-01-06,0.0286049841366807
2012-01-08,0.0292760176415862
2012-01-10,0.0246337613374147
2012-01-13,0.0267173807584694
2012-01-17,0.0237729263711908
2012-01-18,0.0234745157040445
2012-01-19,0.023169940009009
2012-01-20,0.0221309517044963
2012-01-23,0.022588195669738
2012-01-24,0.0227288983558741
2012-01-25,0.0258127788462943
2012-01-26,0.0259590547385357
2012-01-27,0.0270631736390899
2012-01-30,0.0231299515922762
2012-01-31,0.0246088553799224
2012-02-02,0.0255885249581449
2012-02-03,0.0252146506897716
2012-02-04,0.0233166014251724
2012-02-05,0.0249517569989918
2012-02-07,0.0248098601380571
2012-02-08,0.0232830472666437
2012-02-10,0.0271418366009242
2012-02-11,0.0278654986030757
2012-02-13,0.0281697060748093
2012-02-14,0.0283519991606904
2012-02-15,0.027300633245106
2012-02-16,0.0242668067989781
2012-02-17,0.0292464765719211
2012-02-21,0.0305178946185984
2012-02-22,0.0273662995958796
2012-02-23,0.0294440357370936
2012-02-24,0.0342297085196143
2012-02-28,0.0346363714365282
2012-02-29,0.038569255731665
2012-03-02,0.0382075535505919
2012-03-04,0.0228154576374027
2012-03-07,0.0299998500720702
2012-03-08,0.0306948929721474
2012-03-10,0.0245721746179095
2012-03-12,0.0231463343028113
2012-03-13,0.022395123279399
2012-03-14,0.0236872648016283
2012-03-15,0.0279761736293487
2012-03-16,0.0262863206354672
2012-03-19,0.0243990579231461
2012-03-20,0.0280743136655899
2012-03-21,0.0311523197298771
2012-03-22,0.0269955161437505
2012-03-23,0.027950291011421
2012-03-26,0.027205922951037
2012-03-27,0.0269112853389835
2012-03-28,0.0229626210755917
2012-03-29,0.0237910695382901
2012-03-30,0.0241108248441019
2012-04-01,0.0290582888690238
2012-04-04,0.0301277399965163
2012-04-05,0.0233024328642893
2012-04-09,0.0223888285180423
2012-04-10,0.0243989878618609
2012-04-12,0.0230844629874034
2012-04-17,0.0225715698838074
2012-04-18,0.0232414907842421
2012-04-19,0.0195750661074951
2012-04-20,0.0188461649150002
2012-04-23,0.0221544326936134
2012-04-24,0.0185614690290005
2012-04-25,0.0219429157579466
2012-05-01,0.0193493131370036
2012-05-03,0.0253707097363758
2012-05-04,0.0231675350959692
2012-05-06,0.0225909043990074
2012-05-07,0.021404837148303
2012-05-09,0.023398254818912
2012-05-10,0.0210049086306466
2012-05-11,0.0217406449812621
2012-05-12,0.0216670962727498
2012-05-14,0.0209304742003074
2012-05-15,0.021714713176794
2012-05-16,0.0248883881365011
2012-05-18,0.0219165031502677
2012-05-21,0.0239643613474342
2012-05-22,0.0217427868154585
2012-05-23,0.0215323710336756
2012-05-24,0.0211709682788282
2012-05-25,0.0197688339143652
2012-05-29,0.0262306404125479
2012-05-30,0.0279965621223295
2012-05-31,0.0211179326153939
2012-06-02,0.021972677964534
2012-06-03,0.0242433988462104
2012-06-06,0.0262948376812812
2012-06-07,0.0214594368115293
2012-06-08,0.0264511601826236
2012-06-09,0.0234289567507492
2012-06-11,0.0234977300599871
2012-06-12,0.0248735953896348
2012-06-13,0.022714790942322
2012-06-14,0.0225036404010673
2012-06-15,0.024641455523251
2012-06-18,0.0271099099685991
2012-06-19,0.0296805646439641
2012-06-20,0.0205312556831602
2012-06-21,0.0199175696230504
2012-06-22,0.0193949839636451
2012-06-25,0.016496599555801
2012-06-26,0.0188811340533751
2012-06-27,0.019774366949895
2012-06-28,0.017714880724293
2012-06-29,0.0172074094407901
2012-07-02,0.0186882107568108
2012-07-03,0.0201388136245748
2012-07-05,0.0193996249852016
2012-07-08,0.0175101639738671
2012-07-09,0.0181304042761165
2012-07-11,0.0173363306183108
2012-07-12,0.0173101961596798
2012-07-16,0.0188824357182509
2012-07-17,0.0186468365059718
2012-07-18,0.0181643707837453
2012-07-19,0.0192882473838275
2012-07-20,0.0196667068461542
2012-07-23,0.0221986754805735
2012-07-24,0.0229355739213391
2012-07-25,0.0255264670953034
2012-07-26,0.0217621620794585
2012-07-27,0.0212486940060731
2012-07-30,0.0224397890404014
2012-07-31,0.0209647625666335
2012-08-02,0.0220094493107616
2012-08-03,0.0253802904226232
2012-08-05,0.0278061848698761
2012-08-06,0.025722724097834
2012-08-08,0.0278496306851415
2012-08-10,0.0266630212568608
2012-08-11,0.0197332157027155
2012-08-13,0.0195770272343432
2012-08-14,0.0197973709124239
2012-08-16,0.0214370916172933
2012-08-17,0.0195308219620426
2012-08-20,0.0185152183756238
2012-08-21,0.0241631750099829
2012-08-22,0.0249448872280507
2012-08-23,0.0234451405485677
2012-08-24,0.0232903191581505
2012-08-27,0.0237477966435564
2012-08-28,0.0314342215722023
2012-08-29,0.0225792004906503
2012-08-30,0.0219754222153325
2012-08-31,0.021693668888011
2012-09-01,0.02094437619861
2012-09-02,0.0245222710660807
2012-09-03,0.0225085520207094
2012-09-05,0.0216795088731967
2012-09-07,0.0240350114878825
2012-09-08,0.0248226880837234
2012-09-10,0.0305983115334481
2012-09-11,0.0249518796016331
2012-09-13,0.022335924195844
2012-09-14,0.0230907926317187
2012-09-17,0.0241936582607377
2012-09-18,0.0259500562312036
2012-09-19,0.0260425175540322
2012-09-20,0.0250014822878968
2012-09-21,0.0256529161756604
2012-09-24,0.0237833745077724
2012-09-25,0.0217901072504447
2012-09-26,0.0283759970244451
2012-09-27,0.0242039023276989
2012-09-28,0.0350152041370729
2012-10-01,0.0248427901295037
2012-10-02,0.0312804250348062
2012-10-04,0.0254985076387253
2012-10-05,0.0302215807217976
2012-10-07,0.0307219371401323
2012-10-08,0.0308326353908582
2012-10-09,0.0294981779749609
2012-10-10,0.0341005475507063
2012-10-12,0.0286525742131729
2012-10-15,0.0290073192110765
2012-10-16,0.0285209170020097
2012-10-17,0.0258817376363003
2012-10-18,0.029221185379358
2012-10-19,0.0276604273725836
2012-10-22,0.0258795792151802
2012-10-23,0.0265397865990728
2012-10-24,0.0251306830682857
2012-10-25,0.0268732513688016
2012-10-31,0.0245278686962758
2012-11-01,0.0261606719053948
2012-11-04,0.0263112952255508
2012-11-05,0.0243046378177383
2012-11-06,0.0233655722794275
2012-11-07,0.020039244743362
2012-11-09,0.0234669132933796
2012-11-10,0.0235637286295657
2012-11-12,0.02650996122073
2012-11-13,0.0251521495616344
2012-11-14,0.0193895367332568
2012-11-15,0.0213625888642658
2012-11-16,0.0205702179973134
2012-11-19,0.0249003923568123
2012-11-20,0.027917976607988
2012-11-21,0.0247410887298599
2012-11-23,0.0237618742541423
2012-11-26,0.0214636643656197
2012-11-27,0.022372953634771
2012-11-28,0.0238770749820311
2012-11-29,0.0230034342152947
2012-12-01,0.0232260784867813
2012-12-03,0.0271697499346643
2012-12-04,0.0321234476619672
2012-12-06,0.0212638774282346
2012-12-07,0.0192280105462108
2012-12-09,0.0281948818845482
2012-12-10,0.0268753526881414
2012-12-11,0.0268136047520276
2012-12-12,0.0261324046320611
2012-12-13,0.0196904183803221
2012-12-14,0.016739068796535
2012-12-17,0.0169786295817765
2012-12-18,0.0183484472403443
2012-12-19,0.0168290068083232
2012-12-20,0.0193800862729356
2012-12-21,0.0178489331040054
2012-12-27,0.0191015260209641
2012-12-28,0.0185799650931088
2013-01-02,0.0194764190306385
2013-01-03,0.0189702937587905
2013-01-07,0.0188023883818575
2013-01-08,0.0179240088587205
2013-01-10,0.0169309880637804
2013-01-14,0.0165236857841515
2013-01-15,0.017700813352332
2013-01-16,0.0156520927474008
2013-01-17,0.0162294991356273
2013-01-18,0.0153996983947183
2013-01-22,0.0152630799792512
2013-01-23,0.0162871826823552
2013-01-24,0.0146227032100375
2013-01-25,0.0138679428995886
2013-01-28,0.0146506698519905
2013-01-29,0.0145715693145281
2013-01-30,0.0146077095740319
2013-01-31,0.0142485471629483
2013-02-04,0.0149787266361621
2013-02-05,0.0149914969151126
2013-02-07,0.0164834880762346
2013-02-08,0.0158883304371058
2013-02-10,0.0142607678809948
2013-02-12,0.0162871835017089
2013-02-13,0.0152593424609826
2013-02-14,0.0157011107254126
2013-02-15,0.0167868513777547
2013-02-19,0.0162529097712482
2013-02-20,0.0151319835960636
2013-02-21,0.0142102126356073
2013-02-22,0.0139528002461045
2013-02-25,0.0150822433900963
2013-02-26,0.0193617069306899
2013-02-27,0.014165658760983
2013-02-28,0.0152477853370797
2013-03-01,0.0149859168652054
2013-03-04,0.014716011439041
2013-03-06,0.0136769501664913
2013-03-07,0.0138573972848245
2013-03-09,0.0137817524136364
2013-03-10,0.0152298705275002
2013-03-12,0.0172682791339635
2013-03-13,0.0241266185674054
2013-03-14,0.01292351828086
2013-03-15,0.0135674286713547
2013-03-19,0.0143188298237417
2013-03-20,0.0158319325346951
2013-03-21,0.0169853992051234
2013-03-22,0.0174126009455751
2013-03-26,0.017326219389521
2013-03-27,0.0165883921904091
2013-03-28,0.0163606679191659
2013-04-01,0.0168798639060044
2013-04-02,0.015967807947909
2013-04-03,0.0151466681619939
2013-04-04,0.0158687068827657
2013-04-06,0.0148305998528011
2013-04-09,0.0146570396126931
2013-04-10,0.0153136974018165
2013-04-11,0.0146995536450991
2013-04-12,0.0147433909367109
2013-04-15,0.0147974228095457
2013-04-17,0.0156234420928533
2013-04-18,0.017970002140492
2013-04-19,0.0175874876052962
2013-04-22,0.0171688981758288
2013-04-23,0.0193783005149386
2013-04-24,0.0217666415994532
2013-04-25,0.021515093010124
2013-04-26,0.0185678450253855
2013-05-02,0.0203245352810236
2013-05-03,0.0209994934726285
2013-05-04,0.0215353150689456
2013-05-06,0.0180913942250025
2013-05-07,0.0164202484635104
2013-05-08,0.0179636526385121
2013-05-09,0.0170765030943631
2013-05-11,0.0157259257827823
2013-05-12,0.0173517561433441
2013-05-13,0.0175552833347513
2013-05-14,0.0202897976212532
2013-05-15,0.0169181828987101
2013-05-16,0.0171146036128805
2013-05-17,0.0181138595778684
2013-05-21,0.020137246849147
2013-05-22,0.0214014961675995
2013-05-23,0.0167600478113283
2013-05-24,0.0212560114415811
2013-05-28,0.0223873288053884
2013-05-29,0.0348530532693672
2013-05-31,0.0431012787615336
2013-06-02,0.0371006486833534
2013-06-03,0.0357582611368411
2013-06-06,0.0149289417758379
2013-06-08,0.0185469833575264
2013-06-09,0.0165556592721623
2013-06-11,0.0192950269985322
2013-06-12,0.0172914609779671
2013-06-13,0.0144626505270712
2013-06-14,0.0199863033790328
2013-06-17,0.0181803067263745
2013-06-18,0.0153214561637095
2013-06-19,0.0165989883740206
2013-06-20,0.0162500081798512
2013-06-21,0.0235874833673013
2013-06-25,0.0197105210535331
2013-06-26,0.0229700265736537
2013-06-27,0.0236815216146168
2013-06-28,0.0246645446744462
2013-07-01,0.021763710960589
2013-07-02,0.022992987551178
2013-07-03,0.0248376997394558
2013-07-06,0.0219261676519697
2013-07-08,0.0226401549552266
2013-07-10,0.0205377048405082
2013-07-11,0.0249007511580074
2013-07-15,0.0251492165749965
2013-07-16,0.0220321530080747
2013-07-17,0.0196266261837915
2013-07-18,0.0202565910217485
2013-07-19,0.0206830666398672
2013-07-22,0.0190011193984224
2013-07-24,0.0193997416256887
2013-07-25,0.0212387329825135
2013-07-26,0.0190998212284037
2013-07-29,0.0182584632443285
2013-07-30,0.0213527710582365
2013-07-31,0.0190013688465263
2013-08-01,0.0199133554057165
2013-08-02,0.0196120995264322
2013-08-03,0.0181706408328646
2013-08-04,0.0173868145608004
2013-08-05,0.0173268355672566
2013-08-07,0.0187796895249357
2013-08-08,0.0204422361557123
2013-08-10,0.024619211024704
2013-08-11,0.015387486687008
2013-08-13,0.0188907884717834
2013-08-14,0.0184413792563016
2013-08-16,0.0190108706020563
2013-08-19,0.0170485368587948
2013-08-20,0.0176178820131489
2013-08-21,0.0163033633870566
2013-08-22,0.0183865343876987
2013-08-23,0.0157769328831809
2013-08-26,0.0145088352041065
2013-08-27,0.0145601859597753
2013-08-28,0.0151206727132306
2013-08-29,0.0157662407520183
2013-08-30,0.0171899592815824
2013-09-01,0.0162167256328594
2013-09-04,0.0140257127611292
2013-09-07,0.0136290362269395
2013-09-08,0.0160038499449697
2013-09-09,0.0167867694995217
2013-09-10,0.0171412855135277
2013-09-12,0.017327026573271
2013-09-13,0.0172796351414042
2013-09-16,0.0170262438117282
2013-09-17,0.0166280777159407
2013-09-18,0.0157370970883176
2013-09-19,0.0151456560418472
2013-09-20,0.0149365638348081
2013-09-23,0.0174603879969371
2013-09-24,0.0181773464213307
2013-09-25,0.0182235899334304
2013-09-26,0.0156564612684531
2013-09-27,0.0136174095253813
2013-09-30,0.0146377089505904
2013-10-01,0.0145389186358328
2013-10-04,0.0185076587921723
2013-10-05,0.0196223174950621
2013-10-06,0.0178698800879995
2013-10-07,0.0163905986900102
2013-10-09,0.0179463816011654
2013-10-10,0.0168226217871879
2013-10-12,0.0167329912220698
2013-10-14,0.0147650444693314
2013-10-15,0.0142086001925821
2013-10-16,0.0163632298474468
2013-10-17,0.017549057546048
2013-10-18,0.017327513303647
2013-10-21,0.0168135768148782
2013-10-22,0.0170994206806221
2013-10-23,0.018312609162715
2013-10-24,0.0250560035990721
2013-10-25,0.0214208190480241
2013-10-29,0.0247541890054061
2013-10-30,0.019492558468098
2013-10-31,0.0157088932474036
2013-11-01,0.0186378968889185
2013-11-02,0.0165750184869111
2013-11-03,0.0186983269136602
2013-11-04,0.0225145558028395
2013-11-06,0.0167198222888375
2013-11-07,0.01576589784248
2013-11-09,0.016008136479857
2013-11-10,0.0156657973982996
2013-11-12,0.0159012136053525
2013-11-13,0.0172139989835446
2013-11-14,0.0173862223322173
2013-11-15,0.0188626128120377
2013-11-18,0.0169201427278833
2013-11-19,0.0212689102805836
2013-11-20,0.0181267034565804
2013-11-21,0.0160885369991191
2013-11-22,0.0186376764139488
2013-11-25,0.0188864331851142
2013-11-26,0.0300489581126704
2013-11-27,0.0178296277737149
2013-11-29,0.0181361104113404
2013-12-02,0.0194539798435327
2013-12-03,0.0211035289265619
2013-12-04,0.0212277073215736
2013-12-06,0.0193355183116183
2013-12-07,0.0201498124378813
2013-12-08,0.0175340013231769
2013-12-09,0.0164016308110728
2013-12-11,0.0155008314572601
2013-12-12,0.015422224976753
2013-12-13,0.0166640734521165
2013-12-16,0.0162068540111665
2013-12-17,0.0162993423092582
2013-12-18,0.0161210671932789
2013-12-19,0.0181252946988144
2013-12-20,0.0170721210549459
2013-12-23,0.0182360971145016
2013-12-27,0.014675950025582
2013-12-30,0.0144815116448685
2014-01-04,0.0165541877995536
2014-01-07,0.0152797642238507
2014-01-08,0.0145217423081104
2014-01-10,0.0149785402807056
2014-01-13,0.0147119096906549
2014-01-14,0.0154392325508561
2014-01-15,0.0159661302841245
2014-01-16,0.0182220695961029
2014-01-17,0.0150966343213698
2014-01-21,0.0151811488127414
2014-01-22,0.0143909178216689
2014-01-23,0.0168067065228026
2014-01-24,0.0180814247214803
2014-01-27,0.0148155854140513
2014-01-28,0.0134644544181315
2014-01-29,0.0162471756155585
2014-01-30,0.0171968076495349
2014-01-31,0.0147519546374046
2014-02-04,0.0196008873177989
2014-02-05,0.0177640122467599
2014-02-06,0.0163169163630341
2014-02-07,0.0156286011760085
2014-02-09,0.0162283321262381
2014-02-10,0.0166565861705947
2014-02-12,0.0142052097270994
2014-02-13,0.0145059810546342
2014-02-14,0.0139722196140578
2014-02-18,0.0142858643048486
2014-02-19,0.0126234090756265
2014-02-20,0.0124473719538336
2014-02-21,0.0130054968123093
2014-02-24,0.0125250616869442
2014-02-25,0.0143161331650825
2014-02-26,0.0121886465744266
2014-02-27,0.0109799526995241
2014-02-28,0.0105678468813047
2014-03-01,0.0102904733275716
2014-03-02,0.0113654311650646
2014-03-04,0.0122447874064357
2014-03-06,0.011614814144875
2014-03-07,0.011222370894378
2014-03-09,0.0119388492438511
2014-03-10,0.0120569096604941
2014-03-11,0.0115318583234462
2014-03-12,0.0121702094251535
2014-03-13,0.011811259212114
2014-03-14,0.0142691944649371
2014-03-17,0.0116957236083388
2014-03-18,0.011643756956952
2014-03-19,0.0122312070125762
2014-03-20,0.0142734903184784
2014-03-21,0.0132334904662691
2014-03-24,0.0123362263174147
2014-03-26,0.0136796341567995
2014-03-27,0.0117781581663684
2014-03-28,0.0605927105177172
2014-03-31,0.010739480326597
2014-04-02,0.0109429019311888
2014-04-03,0.00987473554039967
2014-04-04,0.0117021727007817
2014-04-06,0.0118867429549995
2014-04-08,0.0143846673212887
2014-04-09,0.0139774052596202
2014-04-11,0.0139976204143483
2014-04-12,0.0110742836928143
2014-04-14,0.011035269274814
2014-04-15,0.0102780541492317
2014-04-16,0.0104560569591363
2014-04-17,0.0108888036197038
2014-04-22,0.0119011180255703
2014-04-23,0.0120310199999237
2014-04-24,0.0123349851231826
2014-04-25,0.0115192748494053
2014-04-28,0.0112247672556925
2014-04-30,0.0117030963911248
2014-05-02,0.010958305949543
2014-05-03,0.0105854098110348
2014-05-05,0.0149101299159539
2014-05-06,0.0140593658990658
2014-05-08,0.0143955861227535
2014-05-09,0.0151973162007564
2014-05-11,0.0137020488203883
2014-05-12,0.0143378928777049
2014-05-13,0.0113897229753214
2014-05-14,0.0115060452893147
2014-05-15,0.0128731771251765
2014-05-16,0.0146937551503714
2014-05-19,0.0158482698858315
2014-05-20,0.0154584245848954
2014-05-21,0.0156326527954652
2014-05-22,0.0164823710251205
2014-05-23,0.0149861643866149
2014-05-27,0.0146213578235021
2014-05-28,0.014715673796741
2014-05-30,0.0136392514844788
2014-06-02,0.0145217285169843
2014-06-03,0.0145678045535856
2014-06-05,0.0136716922884565
2014-06-06,0.0140011294503212
2014-06-08,0.0122731324545203
2014-06-10,0.0129708065632039
2014-06-11,0.0124676666556764
2014-06-13,0.0127548457113069
2014-06-16,0.0145931323124071
2014-06-17,0.0157834417158876
2014-06-18,0.0168603870451156
2014-06-20,0.0166836990918949
2014-06-23,0.015918697175296
2014-06-24,0.0139446404682395
2014-06-25,0.0154935722763265
2014-06-26,0.0138194402738769
2014-06-27,0.012713117165779
2014-06-30,0.0114193390465377
2014-07-01,0.0117675013840999
2014-07-02,0.00961070854568131
2014-07-03,0.0140134672090939
2014-07-04,0.0119120655329743
2014-07-05,0.0103392230970079
2014-07-07,0.0117030163336171
2014-07-08,0.0118536217227251
2014-07-10,0.0109093830984632
2014-07-11,0.0114659514234224
2014-07-14,0.0112118795878379
2014-07-15,0.0116771172364003
2014-07-16,0.0123316868309195
2014-07-17,0.0122944299590091
2014-07-18,0.0126114630115773
2014-07-21,0.0139496105068451
2014-07-22,0.0127251832284211
2014-07-23,0.0131098217617822
2014-07-24,0.0131389630236153
2014-07-25,0.0136211870138069
2014-07-28,0.0137618156067602
2014-07-29,0.0134010201243778
2014-07-30,0.0133182238755493
2014-07-31,0.0125183675762112
2014-08-01,0.0127040009725038
2014-08-04,0.0141106408985222
2014-08-05,0.0135154310646184
2014-08-07,0.0150461119299921
2014-08-08,0.0161680910027854
2014-08-09,0.0150046860236023
2014-08-10,0.0154474797509658
2014-08-13,0.0176807198878974
2014-08-14,0.0692770979366016
2014-08-18,0.0194904196755169
2014-08-19,0.0176906733308005
2014-08-20,0.0146250572647283
2014-08-21,0.0154135225917978
2014-08-22,0.0153890198806234
2014-08-25,0.0148423041381477
2014-08-26,0.0148589390746461
2014-08-27,0.016105301007301
2014-08-28,0.0161228409186768
2014-08-29,0.0137400144223995
2014-09-01,0.0139523900719927
2014-09-04,0.016976401759557
2014-09-05,0.0150080067649673
2014-09-07,0.0132186601492769
2014-09-09,0.0144708214015531
2014-09-10,0.0132259477401858
2014-09-12,0.0122753016706794
2014-09-15,0.0147614038782185
2014-09-16,0.015976812320981
2014-09-17,0.0146382267930023
2014-09-18,0.0145894039085569
2014-09-19,0.0154618166372862
2014-09-22,0.0164277523044142
2014-09-23,0.0139500226302678
2014-09-24,0.0140030785978433
2014-09-25,0.0157702608162345
2014-09-26,0.0160786871339488
2014-09-29,0.0188950992391935
2014-09-30,0.0187188410553957
2014-10-01,0.0182459964067646
2014-10-02,0.0178150949455938
2014-10-03,0.0127664726376819
2014-10-04,0.0130011682748316
2014-10-06,0.0159439630298851
2014-10-07,0.0145995968224707
2014-10-09,0.0145191239815676
2014-10-10,0.0155480308093972
2014-10-11,0.0159243112549424
2014-10-12,0.0133729624047577
2014-10-13,0.0124532060279342
2014-10-14,0.0178515441498864
2014-10-15,0.0184940625307858
2014-10-16,0.0169575321069335
2014-10-17,0.0150073412078852
2014-10-20,0.0148080732241451
2014-10-21,0.0154327241981114
2014-10-22,0.0175743057198232
2014-10-23,0.0202023673173176
2014-10-24,0.0187923301737043
2014-10-27,0.0202664683509251
2014-10-29,0.0180515670188615
2014-10-30,0.0177447201349395
2014-10-31,0.020842103654509
2014-11-02,0.0209922288604346
2014-11-03,0.0198425190540937
2014-11-04,0.0144678406289389
2014-11-06,0.0150680694724915
2014-11-07,0.0135868157703177
2014-11-08,0.0140706291104472
2014-11-09,0.0145938651737827
2014-11-12,0.0141580025149831
2014-11-13,0.0142214915799019
2014-11-14,0.0133836900950118
2014-11-17,0.0151470444631408
2014-11-18,0.0142895675131004
2014-11-19,0.0130937254825196
2014-11-20,0.0152091841441243
2014-11-21,0.0150559319554908
2014-11-24,0.0142796139804063
2014-11-25,0.0161322726501837
2014-11-26,0.0145852294895709
2014-11-28,0.0156737999756814
2014-12-02,0.0138992035111654
2014-12-03,0.0140384228543981
2014-12-05,0.0139576153302431
2014-12-06,0.012797596800016
2014-12-08,0.0128025489516187
2014-12-09,0.0124363910786683
2014-12-11,0.0138435346067615
2014-12-12,0.0138224000656619
2014-12-15,0.0146989394119696
2014-12-16,0.0116460907523974
2014-12-17,0.0164435668337398
2014-12-18,0.0157822243893984
2014-12-19,0.0147850473988957
2014-12-22,0.0139062745862107
2014-12-23,0.0139368824185827
2014-12-29,0.0134972466759493
2014-12-30,0.0129244863015646
2015-01-04,0.013243901458379
2015-01-09,0.0133726491613758
2015-01-10,0.0140659609510757
2015-01-13,0.014180035589613
2015-01-14,0.0144868500331864
2015-01-15,0.0139454107090768
2015-01-16,0.0141054240730201
2015-01-20,0.0153980197398512
2015-01-21,0.014007645852193
2015-01-22,0.0142892084258657
2015-01-23,0.0129937901104885
2015-01-26,0.0125925857405083
2015-01-27,0.0158252021753226
2015-01-28,0.0135868408034656
2015-01-29,0.0141921180716703
2015-01-30,0.0155343632666748
2015-02-02,0.0154962525841128
2015-02-03,0.0143115124874395
2015-02-04,0.0131587080990686
2015-02-06,0.0130456995389041
2015-02-09,0.0147095390223938
2015-02-10,0.0138751695022442
2015-02-11,0.0157231876626239
2015-02-13,0.0179452230876713
2015-02-17,0.016527138376348
2015-02-18,0.0155295380026781
2015-02-19,0.0165312559617936
2015-02-20,0.0198139546719543
2015-02-24,0.014589602259029
2015-02-25,0.0149928984005399
2015-02-26,0.0169425456293823
2015-02-27,0.0163365902923221
2015-03-02,0.0169082765379668
2015-03-03,0.0168283156137408
2015-03-06,0.0171038857641703
2015-03-08,0.0184621507584668
2015-03-09,0.0184976230742993
2015-03-11,0.018629573315819
2015-03-12,0.017228843436985
2015-03-13,0.0165396154270016
2015-03-16,0.0163374669364226
2015-03-17,0.0156185407787722
2015-03-18,0.0147402370881712
2015-03-19,0.0149293551690616
2015-03-20,0.0137015050912729
2015-03-23,0.014807587633226
2015-03-24,0.0155681398870171
2015-03-26,0.0173791168948257
2015-03-27,0.0191449716551959
2015-03-30,0.0193082624082704
2015-03-31,0.0181138277971808
2015-04-02,0.0189496084677739
2015-04-03,0.0200583350420363
2015-04-05,0.0179202755334195
2015-04-08,0.017543368123908
2015-04-09,0.0177689603531681
2015-04-11,0.0185415635865087
2015-04-12,0.0192720108222509
2015-04-14,0.0197754683102336
2015-04-15,0.0193124159994079
2015-04-16,0.0188584956425476
2015-04-17,0.0182886715962698
2015-04-20,0.0225226986697394
2015-04-21,0.0219764193215969
2015-04-22,0.0215606714798551
2015-04-23,0.0196620488065514
2015-04-24,0.019814348731555
2015-04-27,0.0185333833177726
2015-04-28,0.0189166091096684
2015-04-29,0.0192114648136306
2015-04-30,0.0199289059212879
2015-05-01,0.0216019810461995
2015-05-02,0.0212432633779092
2015-05-03,0.0211084532059517
2015-05-05,0.0198553714473979
2015-05-06,0.0196722683238356
2015-05-08,0.0185416052594169
2015-05-10,0.0171990967525766
2015-05-11,0.0176579533272383
2015-05-13,0.0225735578649186
2015-05-15,0.0217705331433684
2015-05-18,0.0209441087511043
2015-05-19,0.0164260839789249
2015-05-20,0.0149565989579755
2015-05-21,0.0165235862591941
2015-05-22,0.016118860537894
2015-05-26,0.0146491991021139
2015-05-27,0.0154079661408215
2015-05-28,0.0147348529286767
2015-05-29,0.0164734290226131
2015-06-02,0.0160969932333112
2015-06-03,0.0158582934180443
2015-06-05,0.0161463794072075
2015-06-08,0.0159324856271224
2015-06-10,0.0156140551520052
2015-06-11,0.0238971623143316
2015-06-15,0.0180935239810123
2015-06-16,0.0149426953180726
2015-06-17,0.0145723702756677
2015-06-18,0.014920882560956
2015-06-19,0.0157101629418398
2015-06-22,0.0149091076588491
2015-06-23,0.01522541188141
2015-06-24,0.0170336883094912
2015-06-25,0.0161758976282477
2015-06-26,0.016206835338204
2015-07-01,0.016325486824905
2015-07-04,0.0165555746131261
2015-07-05,0.0156765239137003
2015-07-08,0.0155517530193678
2015-07-10,0.0156441058342518
2015-07-12,0.0189900038967652
2015-08-01,0.0130772444971207
2015-08-04,0.0233351941964662
2015-08-05,0.0132369692025849
2015-08-06,0.0144282156015891
2015-08-09,0.0144971513199767
2015-08-10,0.0150815008260845
2015-08-13,0.0137862351786332
2015-08-14,0.0143288368076416
2015-08-17,0.0145565791766872
2015-08-18,0.0152945389156558
2015-08-19,0.0151450714198408
2015-08-20,0.0139254005176611
2015-08-21,0.016858042507528
2015-08-24,0.0161711580490606
2015-08-25,0.0321801927423221
2015-08-26,0.0308617553194486
2015-08-27,0.0288578756433794
2015-08-28,0.0264868748106325
2015-08-31,0.0223982618494724
2015-09-01,0.0231001784481641
2015-09-02,0.0206224465027042
2015-09-03,0.0210903549337561
2015-09-04,0.020708579013538
2015-09-06,0.0190129313933036
2015-09-09,0.0212047583154689
2015-09-10,0.0206264481203194
2015-09-11,0.0173220151571556
2015-09-12,0.0260978846074374
2015-09-14,0.022052914484568
2015-09-15,0.0232687411933288
2015-09-16,0.0208813981191461
2015-09-17,0.0207715738880641
2015-09-18,0.0203177578379577
2015-09-21,0.0181752759991622
2015-09-22,0.0187854034725544
2015-09-23,0.0166234106516268
2015-09-24,0.0170360002129058
2015-09-25,0.0190306930641615
2015-09-28,0.0212982327343742
2015-09-29,0.022867103953707
2015-09-30,0.0208004168407468
2015-10-02,0.0213299819444773
2015-10-03,0.020542982620739
2015-10-06,0.021508304997822
2015-10-08,0.0203502428181032
2015-10-09,0.0201765529329101
2015-10-11,0.0200977306708572
2015-10-12,0.0257852295377162
2015-10-13,0.0198663593104749
2015-10-14,0.0225550962893749
2015-10-15,0.0207704758190545
2015-10-16,0.0217832595240859
2015-10-19,0.0202860355289879
2015-10-20,0.0200045170392304
2015-10-21,0.0191768986360316
2015-10-22,0.0167430891742969
2015-10-23,0.0158515472757466
2015-10-27,0.0173567196130297
2015-10-29,0.0169243333876435
2015-10-30,0.0152776582497762
2015-11-02,0.0164764359926368
2015-11-03,0.0168097937084048
2015-11-05,0.0165824141792395
2015-11-06,0.0157173652597229
2015-11-08,0.017945566327914
2015-11-09,0.0157467315574038
2015-11-12,0.0185228241400964
2015-11-13,0.0159000961417534
2015-11-16,0.0178773455261777
2015-11-17,0.0166790041950634
2015-11-18,0.0172053006432348
2015-11-19,0.0174413487760689
2015-11-20,0.015833401142527
2015-11-23,0.0156464346314458
2015-11-24,0.0158665580204791
2015-11-25,0.0162563670748339
2015-12-01,0.0143939905164566
2015-12-02,0.0142518971158276
2015-12-03,0.0159622861418448
2015-12-05,0.0167686577022623
2015-12-06,0.01637110709298
2015-12-08,0.0152715905391662
2015-12-10,0.0160096898731579
2015-12-11,0.0165150280706642
2015-12-14,0.0160900671159606
2015-12-15,0.0169243888765254
2015-12-16,0.0164133555783257
2015-12-17,0.0204221126510334
2015-12-18,0.0208026030581417
2015-12-21,0.0189334693875032
2015-12-22,0.0267106700852907
2015-12-23,0.022902963771771
2015-12-28,0.0240807154380617
2015-12-29,0.0212097521371355
2015-12-30,0.0180585651849428
2016-01-02,0.0155127248702417
2016-01-03,0.016040066047801
2016-01-04,0.0155338451138632
2016-01-06,0.0155704200030134
2016-01-07,0.0151169242475799
2016-01-08,0.0189795844456691
2016-01-09,0.018934768449571
2016-01-13,0.017817640810865
2016-01-14,0.0163674603764639
2016-01-15,0.0174022171274971
2016-01-19,0.0171471991611511
2016-01-20,0.0185063181544455
2016-01-21,0.0170699050572933
2016-01-22,0.0195475560541853
2016-01-25,0.015914244938861
2016-01-26,0.0187419356562436
2016-01-27,0.0170034382404387
2016-01-28,0.0150670847920315
2016-01-29,0.0151744739418472
2016-02-02,0.0157561837971621
2016-02-03,0.0218268857004228
2016-02-06,0.0212631848088602
2016-02-08,0.0221832505977248
2016-02-09,0.023483310470129
2016-02-11,0.0252873497493721
2016-02-12,0.0226895355385753
2016-02-16,0.0217405378295445
2016-02-17,0.0181572188672514
2016-02-18,0.0154947440380958
2016-02-19,0.0157534889526805
2016-02-22,0.0174701343816688
2016-02-23,0.0182773991606824
2016-02-24,0.0209484696190074
2016-02-25,0.018668362360902
2016-02-26,0.0164106876937742
2016-02-29,0.0205019154263926
2016-03-02,0.0189054386278415
2016-03-03,0.0187898135656888
2016-03-06,0.0202493619576005
2016-03-08,0.026205824378425
2016-03-10,0.0235698482465995
2016-03-11,0.0172382924382092
2016-03-15,0.0170828880596454
2016-03-16,0.0172000343274644
2016-03-17,0.0166513483478202
2016-03-18,0.0171482439361438
2016-03-21,0.0153686320270465
2016-03-22,0.0155149320511586
2016-03-23,0.016187812450557
2016-03-24,0.0147191291870663
2016-03-29,0.0141055682857656
2016-03-30,0.0149130821464712
2016-03-31,0.015985127174623
2016-04-01,0.0190784698838326
2016-04-02,0.0165759281724463
2016-04-03,0.014505901133289
2016-04-04,0.015357963448974
2016-04-05,0.0149243133333425
2016-04-08,0.0147013676730339
2016-04-10,0.0175371418179267
2016-04-11,0.0178807350622429
2016-04-13,0.0208114572560503
2016-04-14,0.0163052317496189
2016-04-15,0.0178972426368143
2016-04-18,0.0177616866867924
2016-04-19,0.0189329787739096
2016-04-20,0.0181264018752547
2016-04-21,0.0137641996344043
2016-04-22,0.014853319210005
2016-04-25,0.0139039594186945
2016-04-26,0.0185096305403609
2016-04-27,0.0149827786329716
2016-04-28,0.013667316466063
2016-05-01,0.0158143647184551
2016-05-02,0.017070147283493
2016-05-04,0.0168940167614132
2016-05-07,0.0164675525205573
2016-05-08,0.0136753480010821
2016-05-10,0.0136858543499826
2016-05-12,0.0157430530631023
2016-05-13,0.0139710965755041
2016-05-17,0.0149706871467067
2016-05-18,0.0162424615815033
2016-05-19,0.0160563715900804
2016-05-20,0.0151747374328508
2016-05-23,0.0166444493557644
2016-05-24,0.0153519233443338
2016-05-25,0.0131472663064097
2016-05-27,0.0137529996589137
2016-05-31,0.0136893524340458
2016-06-04,0.0146672553156581
2016-06-05,0.014153387292469
2016-06-06,0.0139209221824529
2016-06-07,0.0128039185879778
2016-06-09,0.0144983096919054
2016-06-10,0.0146213938317587
2016-06-12,0.0143678350279275
2016-06-13,0.0151763388349183
2016-06-14,0.0180380906508862
2016-06-15,0.015159953595997
2016-06-16,0.0178978470875042
2016-06-17,0.01738938100654
2016-06-21,0.0165468076375888
2016-06-22,0.0140850510735187
2016-06-23,0.0168052336290748
2016-06-24,0.0136673054541951
2016-06-27,0.016736236255554
2016-06-28,0.0173439658235244
2016-06-29,0.0156364879512423
2016-06-30,0.0149184262443875
2016-07-01,0.0140023914150536
2016-07-03,0.0164084216968491
2016-07-04,0.0150973729893709
2016-07-06,0.0149713593305753
2016-07-07,0.0155083334773241
2016-07-09,0.0171352261443273
2016-07-10,0.0182752556502303
2016-07-11,0.0203827761949291
2016-07-12,0.0211840433906784
2016-07-13,0.0213960902189277
2016-07-14,0.0193236046236426
2016-07-15,0.0173692277812181
2016-07-18,0.0177402715457559
2016-07-19,0.0180058557236836
2016-07-20,0.0179428586691411
2016-07-21,0.0184296381085437
2016-07-22,0.0186241671316776
2016-07-25,0.0191922040803924
2016-07-26,0.0200853005686712
2016-07-27,0.0221317986499456
2016-07-28,0.0233587990904298
2016-07-29,0.0232138416137333
2016-08-01,0.0215137650680778
2016-08-02,0.0188192672665351
2016-08-03,0.0234432616202016
2016-08-04,0.0229059329971239
2016-08-06,0.0187598601922913
2016-08-07,0.0167300042470978
2016-08-08,0.0186658377665254
2016-08-09,0.019060679724732
2016-08-11,0.0196222422320479
2016-08-16,0.0205290947646627
2016-08-17,0.0243569574890319
2016-08-18,0.0219234400274538
2016-08-19,0.0209684322848062
2016-08-22,0.0196409223731561
2016-08-23,0.0204171437988395
2016-08-24,0.0203440714523091
2016-08-25,0.0208097812136171
2016-08-26,0.0200093213849827
2016-08-29,0.0204160298695246
2016-08-30,0.0199710626944376
2016-08-31,0.0188087672040691
2016-09-02,0.0199955768561201
2016-09-03,0.0196776835201242
2016-09-05,0.0194957584948458
2016-09-06,0.0195668141821848
2016-09-08,0.0224254108610961
2016-09-09,0.0198790875605226
2016-09-11,0.0204987052411799
2016-09-12,0.0206835199810123
2016-09-13,0.0216403257935778
2016-09-14,0.0229408159464318
2016-09-15,0.0238551914558943
2016-09-16,0.0207562785243396
2016-09-19,0.0238251373120335
2016-09-20,0.0221592906848636
2016-09-21,0.0263731790571731
2016-09-22,0.0271458957585793
2016-09-23,0.0242221607992617
2016-09-26,0.023272626423448
2016-09-27,0.0228313582470928
2016-09-28,0.0242978263572138
2016-09-29,0.023472366810201
2016-09-30,0.0240031049606386
2016-10-02,0.0205065367236846
2016-10-03,0.0213171639263293
2016-10-05,0.0186978709124118
2016-10-06,0.0181934040309975
2016-10-08,0.0185008039907692
2016-10-10,0.0188434154087717
2016-10-11,0.0163340387962252
2016-10-13,0.0186691338594472
2016-10-14,0.0138879847870345
2016-10-17,0.0203351681705167
2016-10-18,0.020510131053158
2016-10-19,0.0199604543315115
2016-10-20,0.0195664410608754
2016-10-21,0.0170853876999639
2016-10-24,0.0161613295156594
2016-10-25,0.0167919830559439
2016-10-27,0.0169280784191235
2016-10-31,0.0162780231252978
2016-11-01,0.0135947090352742
2016-11-02,0.0143571813400167
2016-11-03,0.0145005482870528
2016-11-04,0.0133640439328569
2016-11-05,0.0124294139458164
2016-11-07,0.0156233125199682
2016-11-08,0.0145238866393084
2016-11-10,0.0156285773089854
2016-11-14,0.0161259407802139
2016-11-15,0.0159782349364734
2016-11-16,0.0157888042386574
2016-11-17,0.0161502162631518
2016-11-18,0.0162983954673029
2016-11-21,0.0160426491347626
2016-11-22,0.020960804853701
2016-11-23,0.015952644697824
2016-11-25,0.0161603535814904
2016-11-28,0.0134702492810816
2016-11-29,0.0126315119275221
2016-12-01,0.013633556459849
2016-12-02,0.015305056046507
2016-12-04,0.0131287696186307
2016-12-05,0.0151328596392081
2016-12-07,0.0136977955752691
2016-12-08,0.0171441323744869
2016-12-09,0.0153543388999864
2016-12-10,0.014542731290756
2016-12-12,0.0136995968682947
2016-12-13,0.0150381682143888
2016-12-14,0.0156303500233334
2016-12-15,0.0150288805804521
2016-12-16,0.0115191782455216
2016-12-19,0.0115297582488711
2016-12-20,0.0114483938380224
2016-12-21,0.0120465411499608
2016-12-22,0.0110271197066524
2016-12-23,0.0113333754158336
2016-12-27,0.0111872250445737
2016-12-28,0.0119364314183645
2016-12-29,0.0115056493065123
2016-12-30,0.0118403403862313
2017-01-02,0.011510205293778
2017-01-03,0.0124552565491985
2017-01-08,0.0104617008637441
2017-01-09,0.0117234312963269
2017-01-13,0.0122606171860111
2017-01-17,0.0123563086787007
2017-01-18,0.0115381828328127
2017-01-19,0.012137774769018
2017-01-20,0.0123926366875648
2017-01-23,0.0105920771651308
2017-01-25,0.0099458378824736
2017-01-26,0.00948740110747491
2017-01-27,0.00924740567518262
2017-01-30,0.0102090163914077
2017-01-31,0.010733082703133
2017-02-02,0.0106797012767308
2017-02-03,0.00984210192226273
2017-02-05,0.00837058518999567
2017-02-08,0.0104046419322556
2017-02-10,0.00844195005217823
2017-02-11,0.00943340368958099
2017-02-13,0.0115335418235423
2017-02-14,0.0134716510340409
2017-02-15,0.0133814378194193
2017-02-16,0.0125903277303659
2017-02-17,0.0137209893712425
2017-02-21,0.0137255241397372
2017-02-22,0.013091676404157
2017-02-23,0.0127449561203775
2017-02-24,0.0126427312294383
2017-02-28,0.0124225604614545
2017-03-01,0.0114364015577456
2017-03-02,0.0115706960927375
2017-03-03,0.0115009457989682
2017-03-04,0.011307080605556
2017-03-07,0.011557545067388
2017-03-08,0.0127863096753676
2017-03-10,0.0121857617259503
2017-03-11,0.0112420959797976
2017-03-13,0.0136280837198125
2017-03-14,0.0119462550901936
2017-03-15,0.0111095524699148
2017-03-16,0.0105760079441048
2017-03-17,0.0110197980828241
2017-03-20,0.01152228418241
2017-03-21,0.0128816302374761
2017-03-22,0.0120063024536273
2017-03-23,0.0117341563169482
2017-03-24,0.0114468249067918
2017-03-27,0.0136050522158132
2017-03-28,0.0129287976509294
2017-03-29,0.0121575957769177
2017-03-30,0.0115800241960561
2017-03-31,0.0125914155897808
2017-04-01,0.0117001823769611
2017-04-04,0.0122046673186418
2017-04-05,0.0115107296065785
2017-04-08,0.0118648703441546
2017-04-10,0.0121977616053592
2017-04-12,0.010336423534009
2017-04-13,0.0109132198647958
2017-04-18,0.00982152878970614
2017-04-19,0.0110896230570378
2017-04-20,0.0104484060993726
2017-04-21,0.00925940841580184
2017-04-24,0.0106787102697501
2017-04-25,0.0102391111412816
2017-04-26,0.0105957960710016
2017-04-27,0.0113706883604926
2017-04-28,0.0103839906451631
2017-05-01,0.0116528729879355
2017-05-04,0.0123669884046774
2017-05-05,0.0123390129391457
2017-05-07,0.0142875427405703
2017-05-09,0.00972039946219059
2017-05-10,0.00925524898732259
2017-05-12,0.00940379025368182
2017-05-15,0.0105031870684668
2017-05-16,0.0104593825575564
2017-05-17,0.00940393328301574
2017-05-18,0.00891124787766479
2017-05-19,0.00898740496960783
2017-05-22,0.00999413442701421
2017-05-23,0.0101546472428643
2017-05-24,0.010089554891371
2017-05-26,0.00909391011015055
2017-05-30,0.00939586031977894
2017-05-31,0.0133525842918562
2017-06-02,0.0126891225297901
2017-06-03,0.0158694275986614
2017-06-04,0.0146870868535843
2017-06-06,0.0133554253704684
2017-06-07,0.0137582299656246
2017-06-09,0.0135492951550182
2017-06-10,0.014238975982352
2017-06-11,0.0123237995267349
2017-06-12,0.0111701329740901
2017-06-13,0.0125291471297814
2017-06-14,0.0134343645964751
2017-06-16,0.0141860478722987
2017-06-19,0.0138851615107896
2017-06-20,0.0123561123554128
2017-06-21,0.012959372219311
2017-06-22,0.0131615513778841
2017-06-23,0.0126516029402171
2017-06-26,0.0120519326932777
2017-06-27,0.0129453698885415
2017-06-28,0.0133279677299629
2017-06-29,0.0103660716776911
2017-06-30,0.0107989850077206
2017-07-02,0.0108559781824301
2017-07-03,0.0100817262036256
2017-07-04,0.00996566458846317
2017-07-06,0.0139095507717369
2017-07-07,0.010076512672357
2017-07-08,0.00997070785771353
2017-07-09,0.0107818886711349
2017-07-11,0.010893815089852
2017-07-12,0.0102584543955337
2017-07-13,0.0104779674744245
2017-07-14,0.0107576766927749
2017-07-17,0.00986328298988856
2017-07-18,0.00986024632425191
2017-07-19,0.00956626714170865
2017-07-20,0.00971707691162174
2017-07-21,0.0100797120790345
2017-07-24,0.0106977636406974
2017-07-25,0.0109763962144322
2017-07-26,0.0102918426410337
2017-07-27,0.00928050247024337
2017-07-28,0.0109315158976479
2017-07-31,0.0108551486728009
2017-08-02,0.0117478565540646
2017-08-03,0.0104088054710863
2017-08-05,0.0104324184850957
2017-08-06,0.0105478244990564
2017-08-08,0.0118054871152452
2017-08-09,0.0108609255376688
2017-08-11,0.0106198738561996
2017-08-14,0.010738823759563
2017-08-16,0.0107127917152158
2017-08-17,0.0111968140165285
2017-08-18,0.0103737677878852
2017-08-21,0.0111833844324621
2017-08-22,0.0093497068598096
2017-08-23,0.0102385354187057
2017-08-24,0.00936417163635296
2017-08-25,0.00939542881121276
2017-08-28,0.0092854855100609
2017-08-29,0.00999144327072813
2017-08-30,0.00972984105597004
2017-08-31,0.0106662069461707
2017-09-01,0.0113161126587357
2017-09-02,0.0103359815091787
2017-09-03,0.0102259551374158
2017-09-05,0.0109184334519744
2017-09-06,0.00887085175778265
2017-09-08,0.010079145677706
2017-09-10,0.00993751533011027
2017-09-11,0.0108254744067788
2017-09-13,0.010838086634294
2017-09-14,0.00999170078382002
2017-09-15,0.00897982568472449
2017-09-18,0.0100186160507649
2017-09-19,0.00946340953481351
2017-09-20,0.0097304813326535
2017-09-21,0.00954823688413942
2017-09-22,0.00984065903870508
2017-09-25,0.0090167742367962
2017-09-26,0.00884430087391247
2017-09-27,0.00868329366296808
2017-09-28,0.00929955442321373
2017-09-29,0.00934583848966906
2017-10-01,0.00888098257379876
2017-10-02,0.00867794980010863
2017-10-03,0.00824431833130925
2017-10-04,0.0089846059043348
2017-10-05,0.0098550215375002
2017-10-07,0.0100785714938196
2017-10-08,0.0097283052648933
2017-10-10,0.0104061670428935
2017-10-11,0.00921130594963683
2017-10-13,0.0183532751667868
2017-10-16,0.018089584193702
2017-10-17,0.0111853505051746
2017-10-18,0.0178110019664447
2017-10-19,0.00958501615003336
2017-10-20,0.0193359625621966
2017-10-23,0.0115675305433392
2017-10-24,0.0104152359118874
2017-10-25,0.0102259746006816
2017-10-27,0.010132574593106
2017-10-30,0.0115002566617416
2017-10-31,0.0107417065688391
2017-11-01,0.0106367002369557
2017-11-04,0.0100966531705103
2017-11-05,0.0117554621337465
2017-11-07,0.0105673003840493
2017-11-08,0.0108462107721585
2017-11-09,0.00944248956315491
2017-11-10,0.0107506753347686
2017-11-12,0.0117403218731834
2017-11-13,0.0111429640110524
2017-11-14,0.011141161678337
2017-11-15,0.0200637540805553
2017-11-16,0.0108125036884779
2017-11-17,0.0104389803127519
2017-11-20,0.0106766875579758
2017-11-21,0.0176019281993696
2017-11-22,0.0172544818295586
2017-11-24,0.0215221194020077
2017-11-27,0.0184228754829254
2017-11-28,0.0105350501957999
2017-11-29,0.0103967277550392
2017-12-01,0.0113077600822075
2017-12-04,0.010091389992292
2017-12-05,0.0107724924915253
2017-12-06,0.0093637382077514
2017-12-07,0.0100437345860372
2017-12-09,0.0115132847776159
2017-12-10,0.0114375343244671
2017-12-12,0.0112514930370881
2017-12-13,0.0117015027101953
2017-12-14,0.0196358399562775
2017-12-15,0.0128965672039559
2017-12-18,0.0112956660514085
2017-12-19,0.019119328745155
2017-12-20,0.0116273656191291
2017-12-21,0.0170807953510859
2017-12-22,0.010595332934714
2017-12-27,0.0163395623812979
2017-12-28,0.0103951653767792
2017-12-29,0.0111005070078574
2018-01-02,0.0112591779166569
2018-01-03,0.00993185703159153
2018-01-08,0.0104386835383827
2018-01-10,0.0110255719383206
2018-01-16,0.0107873880469997
2018-01-17,0.0118973272459402
2018-01-18,0.0181907441510642
2018-01-19,0.0106854463422952
2018-01-22,0.0104372949590131
2018-01-23,0.0105535600386299
2018-01-25,0.011348115254554
2018-01-26,0.0104440054280584
2018-01-29,0.0118490603917006
2018-01-30,0.0117060928400444
2018-01-31,0.00965893568320321
2018-02-02,0.00936652017240952
2018-02-03,0.00945682615521407
2018-02-05,0.0105522770939181
2018-02-07,0.0131367024037677
2018-02-08,0.0125753420571341
2018-02-10,0.012641617633312
2018-02-11,0.0116576065166615
2018-02-13,0.0107174914474252
2018-02-14,0.0117559713420523
2018-02-15,0.0123220855035759
2018-02-16,0.0119738424991528
2018-02-20,0.0123734006507997
2018-02-21,0.0110633466045151
2018-02-22,0.0101721295117108
2018-02-23,0.0102283028009599
2018-02-26,0.010339421104731
2018-02-27,0.0106195846841447
2018-02-28,0.0102059197967454
2018-03-01,0.00939338547648596
2018-03-04,0.0102109925133405
2018-03-07,0.0108204656079245
2018-03-08,0.00903372870451162
2018-03-10,0.00975346476110734
2018-03-12,0.0106514528478577
2018-03-13,0.0107714229078824
2018-03-14,0.0104132412165489
2018-03-15,0.0107145187367621
2018-03-16,0.0101830815986135
2018-03-19,0.00975721375651499
2018-03-20,0.00980888852360005
2018-03-21,0.0094226013357488
2018-03-22,0.00890802414585317
2018-03-23,0.011234194606108
2018-03-26,0.0113427603021734
2018-03-27,0.0106554099726718
2018-03-28,0.0099290448426091
2018-03-29,0.0120677067117168
2018-04-01,0.0130600751821484
2018-04-04,0.0120809398437417
2018-04-05,0.0128559585653813
2018-04-06,0.0129618447129384
2018-04-09,0.0119797447668986
2018-04-10,0.011246844158832
2018-04-12,0.00992063346819817
2018-04-13,0.012647050390984
2018-04-16,0.012215242448335
2018-04-17,0.0122097661816856
2018-04-18,0.0111078532040178
2018-04-19,0.0102600953008187
2018-04-20,0.011569256198953
2018-04-23,0.0111588450502035
2018-04-24,0.0110357925360845
2018-04-25,0.0113159680158323
2018-04-26,0.0110320644736008
2018-04-27,0.0105673318850977
2018-04-30,0.0116391070289765
2018-05-01,0.011394302766178
2018-05-02,0.00937430160976472
2018-05-03,0.010958859492343
2018-05-04,0.00874582144989349
2018-05-06,0.0117115836453745
2018-05-07,0.0102756696144863
2018-05-09,0.0120659892001983
2018-05-10,0.0129350563198886
2018-05-11,0.0123578771118475
2018-05-14,0.0119430310597312
2018-05-15,0.0102834318505123
2018-05-16,0.0112428753852043
2018-05-17,0.010258721732821
2018-05-18,0.00961338458771354
2018-05-22,0.0102093979414502
2018-05-23,0.00980108557436078
2018-05-24,0.010496429197669
2018-05-25,0.010049651264432
2018-05-29,0.0100945841135456
2018-05-30,0.0128941977904452
2018-06-02,0.011200059899224
2018-06-03,0.0102241065368601
2018-06-06,0.0121451910607233
2018-06-07,0.0120846674019282
2018-06-08,0.011351539031097
2018-06-09,0.0098121184286244
2018-06-11,0.00985599330507391
2018-06-12,0.010345253695521
2018-06-13,0.0105694754838455
2018-06-14,0.0100074417155357
2018-06-15,0.0113805798788019
2018-06-18,0.0123322906768703
2018-06-19,0.0122951336631871
2018-06-20,0.0150209907305326
2018-06-21,0.0150038687042011
2018-06-22,0.0158850321209269
2018-06-25,0.0150321712299375
2018-06-26,0.0170280436510074
2018-06-27,0.0174072793858093
2018-06-28,0.013313294606039
2018-06-29,0.013645560122376
2018-07-02,0.0135608261492008
2018-07-03,0.0117373861394636
2018-07-05,0.0118671455534978
2018-07-06,0.0119843712668012
2018-07-08,0.0151064589722979
2018-07-09,0.0141117912902575
2018-07-11,0.0142683484502877
2018-07-12,0.0145001193856293
2018-07-13,0.0141167151199952
2018-07-16,0.0136524891960954
2018-07-17,0.0130119647427543
2018-07-18,0.0145165029652024
2018-07-19,0.0138602223830806
2018-07-20,0.0120618914081147
2018-07-23,0.0134474124335596
2018-07-24,0.0131025705148664
2018-07-25,0.0139444954101821
2018-07-26,0.0125956887599825
2018-07-27,0.0110549123860148
2018-07-30,0.0125171873653587
2018-07-31,0.012336830483419
2018-08-01,0.0134770712085194
2018-08-02,0.0121755605372945
2018-08-03,0.0139140160747562
2018-08-05,0.0124012444622263
2018-08-06,0.0143216502205843
2018-08-08,0.0178170851143406
2018-08-10,0.0149593496279811
2018-08-11,0.0157511742446833
2018-08-13,0.0174630459977979
2018-08-14,0.0164155520835119
2018-08-16,0.0170674866663038
2018-08-17,0.0132557513108878
2018-08-20,0.0130649793483159
2018-08-21,0.0135632856133966
2018-08-22,0.015375013295565
2018-08-23,0.0163419709282231
2018-08-24,0.0153913389439436
2018-08-27,0.0132761340783063
2018-08-28,0.012999635807502
2018-08-29,0.0163666473427287
2018-08-30,0.0138560906420022
2018-08-31,0.0158414794277056
2018-09-01,0.014987241055309
2018-09-02,0.0149898331733781
2018-09-03,0.0142452492270324
2018-09-05,0.0131114281471162
2018-09-07,0.0117842374887589
2018-09-08,0.0134618112101435
2018-09-10,0.0135496166696233
2018-09-11,0.0145725598578973
2018-09-13,0.0426549314228456
2018-09-14,0.035860963762399
2018-09-17,0.0332181090266872
2018-09-18,0.0144627605854324
2018-09-19,0.0133467243687472
2018-09-20,0.0153072064130765
2018-09-21,0.0147028713169988
2018-09-24,0.0129574547934635
2018-09-25,0.0138465025611604
2018-09-26,0.0127556111565639
2018-09-27,0.0164218951647278
2018-09-28,0.0184453410335168
2018-10-01,0.0183667371844509
2018-10-04,0.0138722050001795
2018-10-07,0.0131491393227582
2018-10-08,0.0151333804236989
2018-10-09,0.0199033614248549
2018-10-10,0.0155527537823173
2018-10-12,0.0132187264119577
2018-10-15,0.0156882227115804
2018-10-16,0.0154085998641682
2018-10-17,0.018795014996805
2018-10-18,0.0196944567389095
2018-10-19,0.0178686259888104
2018-10-22,0.0251389203051136
2018-10-23,0.0124397011351187
2018-10-24,0.0491872422977711
2018-10-25,0.0121164595606217
2018-10-29,0.01219259583516
2018-10-30,0.011804953336067
2018-10-31,0.0106127914328414
2018-11-01,0.0108636747723026
2018-11-04,0.0108059813408101
2018-11-05,0.0120532193572823
2018-11-06,0.0125655162631823
2018-11-07,0.0118673736131094
2018-11-09,0.012220862325968
2018-11-10,0.0116096159910786
2018-11-12,0.0129933405663543
2018-11-13,0.012785704450739
2018-11-14,0.0124989693485151
2018-11-15,0.0120855836864083
2018-11-16,0.0106859173847307
2018-11-19,0.00973404765028913
2018-11-20,0.00954482362854757
2018-11-21,0.00982858105522362
2018-11-23,0.00958010755159401
2018-11-26,0.00937621918142151
2018-11-27,0.0100442761275556
2018-11-28,0.00947066239139112
2018-11-29,0.00922372608215304
2018-12-01,0.00967398731519485
2018-12-02,0.0124575188202
2018-12-03,0.0117317663084251
2018-12-04,0.0113315804688346
2018-12-06,0.0114277447922732
2018-12-07,0.0123676302735426
2018-12-09,0.0114136832323228
2018-12-10,0.0115014989733297
2018-12-12,0.011437331795793
2018-12-13,0.0117256643180786
2018-12-14,0.0119012995065907
2018-12-17,0.011682831053578
2018-12-18,0.0124281995240153
2018-12-19,0.00877094138209464
2018-12-20,0.0102422855310122
2018-12-21,0.0108998215321339
2018-12-27,0.0118783064211228
2018-12-28,0.0126877439816141
2019-01-02,0.0122135772286368
2019-01-03,0.011571769218141
2019-01-04,0.011385349780103
2019-01-07,0.0116020478369007
2019-01-08,0.0111150526584686
2019-01-10,0.0115169403888005
2019-01-14,0.0126589462755747
2019-01-15,0.015343220292864
2019-01-16,0.0154247272797606
2019-01-17,0.0146241601583662
2019-01-18,0.0135616030084057
2019-01-22,0.0131389818412886
2019-01-23,0.0117649062368557
2019-01-25,0.0140325386689846
2019-01-28,0.0179733839755521
2019-01-29,0.0148314153100977
2019-01-30,0.0146139401602275
2019-01-31,0.0157488194510552
2019-02-04,0.0150162984900468
2019-02-05,0.0143749416798616
2019-02-07,0.0145694726791436
2019-02-08,0.0159928478038316
2019-02-10,0.0141482873780214
2019-02-12,0.0152143181430686
2019-02-13,0.015592186314695
2019-02-14,0.017367579776747
2019-02-15,0.0157075815208556
2019-02-19,0.0144609177227951
2019-02-20,0.0143643615093864
2019-02-21,0.0126909968091511
2019-02-22,0.0131554748969762
2019-02-25,0.0131531805539118
2019-02-26,0.0142690383247487
2019-02-27,0.0141990828648174
2019-02-28,0.0128378410922982
2019-03-01,0.0169896395754496
2019-03-04,0.0178572578582736
2019-03-06,0.0135123425127085
2019-03-07,0.0128771491027747
2019-03-09,0.0139479328443122
2019-03-10,0.0128351517851673
2019-03-12,0.0121978530778014
2019-03-13,0.0121024602654164
2019-03-14,0.0117660076859293
2019-03-15,0.0114208709268912
2019-03-18,0.0111522048970888
2019-03-19,0.0113417882977648
2019-03-20,0.0114965987516366
2019-03-21,0.0128607770885345
2019-03-22,0.0143704520281315
2019-03-26,0.0139660947580003
2019-03-27,0.0144686464238675
2019-03-28,0.011558563120667
2019-03-29,0.0148627109512736
2019-04-01,0.0147470393525071
2019-04-02,0.0161976841566213
2019-04-03,0.0191009186233531
2019-04-04,0.0183402220775706
2019-04-06,0.0170690558644262
2019-04-09,0.0153332277083687
2019-04-10,0.0165115830523398
2019-04-11,0.0166406632749182
2019-04-12,0.0169837476985551
2019-04-15,0.0167512604333065
2019-04-16,0.0160018481037869
2019-04-17,0.0170814366092147
2019-04-18,0.0161185208530787
2019-04-23,0.0167100874565862
2019-04-24,0.0174594922709979
2019-04-25,0.018967711868408
2019-04-30,0.0173435128452687
2019-05-02,0.0181205531418778
2019-05-03,0.0187055624304995
2019-05-04,0.0181513204222289
2019-05-06,0.0217301033605031
2019-05-07,0.0200080695511074
2019-05-08,0.0246065485619997
2019-05-09,0.0215894220522931
2019-05-11,0.0264852343842542
2019-05-12,0.0265463005033891
2019-05-13,0.0268899612630071
2019-05-14,0.0264544067235848
2019-05-15,0.0308128192617567
2019-05-16,0.026803309412852
2019-05-17,0.0211525950046279
2019-05-20,0.0216806249444169
2019-05-21,0.024655480854687
2019-05-22,0.0168489633059399
2019-05-23,0.0180144184300562
2019-05-24,0.0180612937054128
2019-05-28,0.0173101883680907
2019-05-29,0.0167746471115852
2019-05-30,0.0159424657770595
2019-05-31,0.0143502724152349
2019-06-02,0.0160050711465368
2019-06-03,0.0161071130513521
2019-06-05,0.0173919389947942
2019-06-06,0.0168228949810895
2019-06-08,0.0108022291467371
2019-06-09,0.0144895525478004
2019-06-11,0.0130563424546353
2019-06-12,0.0137352133898322
2019-06-13,0.0140885646609508
2019-06-14,0.0161592737508653
2019-06-18,0.0173521755443784
2019-06-19,0.0139215089878533
2019-06-21,0.0131483875994359
2019-06-24,0.0147605057506612
2019-06-25,0.0127271037333888
2019-06-26,0.013773154157289
2019-06-27,0.0139694521114672
2019-06-28,0.0123956609546209
2019-07-01,0.0143398627043246
2019-07-02,0.0130588058860882
2019-07-03,0.0142293595273618
2019-07-05,0.0120134155926021
2019-07-06,0.0128987936377161
2019-07-08,0.0110911068797076
2019-07-10,0.0113404637032909
2019-07-11,0.0117452214878157
2019-07-15,0.0112301743971703
2019-07-16,0.0107642314672125
2019-07-17,0.0109398633710512
2019-07-18,0.0111862134776765
2019-07-19,0.0135488099168049
2019-07-22,0.0110305924613826
2019-07-23,0.0127687424204326
2019-07-24,0.0122520266681444
2019-07-25,0.0117442001441912
2019-07-26,0.0116005375397717
2019-07-29,0.0122129560929803
2019-07-30,0.0119394722785533
2019-07-31,0.0122320839530107
2019-08-01,0.0115945705478391
2019-08-02,0.0130130936924941
2019-08-03,0.0111680253929502
2019-08-04,0.0130999598924643
2019-08-05,0.0104571309297879
2019-08-07,0.011087403754805
2019-08-08,0.0127197064757414
2019-08-10,0.0119118946131485
2019-08-11,0.0112849223702394
2019-08-13,0.0133787103827419
2019-08-14,0.0137644454097058
2019-08-16,0.0131687107636242
2019-08-19,0.0124188636543599
2019-08-20,0.0139366447720578
2019-08-21,0.0142455374464551
2019-08-22,0.0128778831737935
2019-08-23,0.0107019014020639
2019-08-26,0.0106055599600939
2019-08-27,0.0108060287852666
2019-08-28,0.0109379311654109
2019-08-29,0.0104751403452518
2019-08-30,0.0102708237161076
2019-09-01,0.0108237451560468
2019-09-04,0.0103683775967686
2019-09-05,0.0124363124472627
2019-09-07,0.0464367543647398
2019-09-08,0.045503339473338
2019-09-09,0.0117190351007122
2019-09-10,0.0106894709725159
2019-09-12,0.010877834794141
2019-09-13,0.0102340051132232
2019-09-16,0.0104337540367171
2019-09-17,0.010982979480093
2019-09-18,0.00939040699500304
2019-09-19,0.00984230068380397
2019-09-20,0.0098786176216297
2019-09-23,0.00968789283668469
2019-09-24,0.00935444422164451
2019-09-25,0.0117547803258461
2019-09-26,0.0108629092066489
2019-09-27,0.0114699371957173
2019-09-30,0.0112596696223121
2019-10-01,0.0114633988859291
2019-10-04,0.0138766363364806
2019-10-05,0.0124357567112816
2019-10-07,0.0119880921960959
2019-10-09,0.0109102155012384
2019-10-10,0.011248734030274
2019-10-12,0.0105857361516244
2019-10-14,0.010019996473592
2019-10-15,0.0106169362538998
2019-10-16,0.0108939994880374
2019-10-17,0.0108773363237833
2019-10-18,0.0110051429335797
2019-10-21,0.01174657191072
2019-10-22,0.0109018045732164
2019-10-23,0.0105725574583767
2019-10-24,0.0110067541273987
2019-10-25,0.0108306375032468
2019-10-29,0.0103310932179581
2019-10-30,0.0107674458112601
2019-10-31,0.0119226467289142
2019-11-01,0.0146505921068758
2019-11-02,0.0121125171195297
2019-11-04,0.016940136416108
2019-11-06,0.0157954945370078
2019-11-07,0.0162633611189262
2019-11-09,0.0154872947576162
2019-11-10,0.0167976224499978
2019-11-12,0.0471075575487631
2019-11-13,0.0160365013032893
2019-11-14,0.0167341308861937
2019-11-15,0.0139266635008802
2019-11-18,0.0147561188803301
2019-11-19,0.0120108818314982
2019-11-20,0.0130218947450915
2019-11-21,0.0130725160644186
2019-11-22,0.0126696109467204
2019-11-25,0.012596361981359
2019-11-26,0.0116252040905199
2019-11-27,0.0115391527870271
2019-11-29,0.011941017106663
2019-12-02,0.011724709345199
2019-12-03,0.0119598682020388
2019-12-04,0.0117047805247545
2019-12-06,0.0146759827905508
2019-12-07,0.0119743889470013
2019-12-08,0.0147911600868975
2019-12-09,0.015408511710471
2019-12-11,0.01650681927676
2019-12-12,0.017100093738233
2019-12-13,0.0127594952512712
2019-12-16,0.0114073875677224
2019-12-17,0.0132442726827829
2019-12-18,0.0139127685597825
2019-12-19,0.0134675306963832
2019-12-20,0.0172724508444359
2019-12-23,0.0143786395605824
2019-12-27,0.0135755602852057
2019-12-30,0.0133176858376656
2020-01-04,0.0148152383208159
2020-01-07,0.0227084950684756
2020-01-09,0.0186818394579939
2020-01-10,0.0176710353815354
2020-01-13,0.0161430317098311
2020-01-14,0.0148385170974678
2020-01-15,0.015093520407841
2020-01-16,0.0140567326170943
2020-01-17,0.0157181931251172
2020-01-21,0.0154762132563359
2020-01-22,0.014863840846763
2020-01-23,0.0139186181989109
2020-01-27,0.0147762434303156
2020-01-28,0.0119533074055003
2020-01-29,0.0119675270805659
2020-01-30,0.0119260138920553
2020-01-31,0.0134356078048256
2020-02-04,0.0127556174683
2020-02-06,0.0116634270614003
2020-02-07,0.0119254342244765
2020-02-09,0.0146810842942813
2020-02-10,0.0134473167465406
2020-02-11,0.0141936155695875
2020-02-12,0.0186594060129436
2020-02-13,0.0175941284815866
2020-02-14,0.0186847437770908
2020-02-18,0.0199634043907663
2020-02-19,0.0180438378289484
2020-02-20,0.0181375856328486
2020-02-21,0.0181958426423255
2020-02-24,0.0177214600556648
2020-02-25,0.0175616811143085
2020-02-26,0.016172454494803
2020-02-27,0.0201521632572271
2020-02-28,0.0204414824277052
2020-03-01,0.0224914313697886
2020-03-02,0.0197129353806658
2020-03-03,0.0213774876519064
2020-03-04,0.0144665633877898
2020-03-06,0.0183807704889221
2020-03-08,0.0184057592229535
2020-03-09,0.0163704638629034
2020-03-11,0.0181377211780831
2020-03-12,0.0203632721873972
2020-03-13,0.0211528165064996
2020-03-16,0.016522857570074
2020-03-17,0.0279892280407699
2020-03-18,0.0208512555880622
2020-03-19,0.0260153269957359
2020-03-20,0.0235453352529877
2020-03-23,0.0205064532573228
2020-03-24,0.0297632636194716
2020-03-26,0.0217434919795529
2020-03-27,0.045550732862124
2020-03-30,0.0342202109269272
2020-03-31,0.0377714356522
2020-04-02,0.0324555090158208
2020-04-03,0.0345658970878623
2020-04-05,0.0345482251172014
2020-04-06,0.0337284760915041
2020-04-08,0.0442950021841689
2020-04-09,0.0451941306843933
2020-04-11,0.0446569001714237
2020-04-12,0.0437429185025557
2020-04-14,0.0398718628432849
2020-04-15,0.0466886095196069
2020-04-16,0.0337618699014002
2020-04-21,0.0355088994183197
2020-04-22,0.0372284779378967
2020-04-23,0.0293734001315119
2020-04-24,0.0288384598278249
2020-04-27,0.0300802732944514
2020-04-28,0.0296307370518086
2020-04-29,0.0278954113745376
2020-04-30,0.0278127357607446
2020-05-02,0.0258512788993733
2020-05-03,0.0300459999019588
2020-05-05,0.0292964524890231
2020-05-06,0.0265316131090307
2020-05-08,0.0283518779856453
2020-05-10,0.03184590515489
2020-05-11,0.0331388389500859
2020-05-13,0.0341412597650162
2020-05-14,0.0240037335437073
2020-05-15,0.0264041813230534
2020-05-18,0.0262859074738979
2020-05-19,0.0328983999651672
2020-05-20,0.0331236623962729
2020-05-21,0.0271612325781221
2020-05-22,0.0290016052116047
2020-05-26,0.0344044539524452
2020-05-27,0.0301485362764452
2020-05-28,0.0330965290599778
2020-05-29,0.0340382735307443
2020-06-02,0.0330852588970019
2020-06-03,0.032627863709553
2020-06-04,0.0360524879643318
2020-06-05,0.0282635512064234
2020-06-07,0.0360173390059934
2020-06-08,0.0273582709072166
2020-06-10,0.0295682321120626
2020-06-11,0.0346373913811825
2020-06-15,0.0337724043597271
2020-06-16,0.0302484540014107
2020-06-17,0.0297113557884516
2020-06-18,0.0328666899767943
2020-06-19,0.0373975387670032
2020-06-22,0.0369498840575292
2020-06-23,0.0374544221519411
2020-06-24,0.0380753190145721
2020-06-25,0.0315857559058846
2020-06-26,0.0317957459219761
2020-06-29,0.0357069089573652
2020-06-30,0.0358457259217784
2020-07-01,0.0350693958116464
2020-07-02,0.0362977135719201
2020-07-04,0.0351898467766792
2020-07-05,0.0357799666866742
2020-07-07,0.0372359441771795
2020-07-08,0.0378823050081548
2020-07-10,0.044850930389001
2020-07-12,0.0457318694682526
2020-07-13,0.0475591797535416
2020-07-14,0.0391038346163825
2020-07-15,0.0414376332074332
2020-07-16,0.0387592136708759
2020-07-17,0.0512022742358983
2020-07-20,0.044952361347215
2020-07-21,0.0472606547238461
2020-07-22,0.0453208982080607
2020-07-23,0.0419582186529825
2020-07-24,0.0416850862516928
2020-07-27,0.0451766194946206
2020-07-28,0.0470784024126142
2020-07-29,0.0463397109180389
2020-07-30,0.050351264881823
2020-07-31,0.0346131647762155
2020-08-01,0.0362841147582835
2020-08-04,0.0338315872213222
2020-08-05,0.0354149731094077
2020-08-07,0.0323867594240667
2020-08-09,0.0365203087445879
2020-08-10,0.0288780628931386
2020-08-12,0.0301583304384844
2020-08-13,0.0294159545714721
2020-08-14,0.0277003390856688
2020-08-17,0.0352675014920457
2020-08-18,0.0290645259485445
2020-08-19,0.0313069414036417
2020-08-20,0.0316457647347631
2020-08-21,0.0328277160943387
2020-08-24,0.0322941030662022
2020-08-25,0.0296034998992259
2020-08-26,0.0266867694463641
2020-08-27,0.0265805866955512
2020-08-28,0.0308663005837392
2020-08-31,0.0251125929982331
2020-09-01,0.0267624299174943
2020-09-03,0.0262808805589937
2020-09-04,0.0458267846004982
2020-09-06,0.0440413381311631
2020-09-07,0.0366665847246569
2020-09-09,0.0333973093426488
2020-09-10,0.0356415664360447
2020-09-11,0.0359456593796876
2020-09-12,0.0353435361865716
2020-09-14,0.0407144530849937
2020-09-15,0.0347019760341325
2020-09-16,0.0342635532743056
2020-09-17,0.0337556799069007
2020-09-18,0.0323336478677675
2020-09-21,0.0329151523505806
2020-09-22,0.0310161828608773
2020-09-23,0.0303702731244981
2020-09-24,0.0314727872126472
2020-09-25,0.0295538448499531
2020-09-28,0.0237930245674442
2020-09-29,0.0215060115419299
2020-09-30,0.021348289004115
2020-10-01,0.020249436865608
2020-10-02,0.026086055261689
2020-10-03,0.0303488611633954
2020-10-06,0.0366270616995584
2020-10-07,0.0369090657593647
2020-10-08,0.0280882538122694
2020-10-09,0.0231812059050852
2020-10-11,0.0200208562174025
2020-10-12,0.0224943388052869
2020-10-13,0.0262076188266671
2020-10-14,0.0263167403844465
2020-10-15,0.0221203525562138
2020-10-16,0.0195458960028516
2020-10-19,0.0211660304141718
2020-10-20,0.0275557019611126
2020-10-21,0.0263064397130972
2020-10-22,0.0237195651658016
2020-10-23,0.0280739949415835
2020-10-27,0.0264553039965846
2020-10-29,0.0268028579259704
2020-10-30,0.0295295510939783
2020-11-02,0.021154397509536
2020-11-03,0.0262774871266111
2020-11-05,0.0259042810724359
2020-11-08,0.0273391535563264
2020-11-09,0.0237995498487161
2020-11-12,0.0258193159479233
2020-11-13,0.0250340949854026
2020-11-16,0.0223666893940059
2020-11-17,0.0296997383965361
2020-11-18,0.0273758778180803
2020-11-19,0.0273261789029547
2020-11-20,0.0257929633815746
2020-11-23,0.0275239875495898
2020-11-24,0.0223650895333074
2020-11-25,0.028501151179872
2020-11-27,0.0200576948348573
2020-12-02,0.0244488816460488
2020-12-03,0.024013792263583
2020-12-05,0.03040187050532
2020-12-06,0.03461932094739
2020-12-08,0.0286580911869734
2020-12-10,0.0289463147654575
2020-12-11,0.0287815947108707
2020-12-14,0.031672934703932
2020-12-15,0.0298923102714105
2020-12-16,0.0324873823420438
2020-12-17,0.0315685001745543
2020-12-18,0.034136370757791
2020-12-21,0.0294247714536151
2020-12-22,0.0273433782030485
2020-12-23,0.0289998559757022
2020-12-28,0.0281408213436756
2020-12-29,0.0292340264207454
2020-12-30,0.0282414643433577
2021-01-02,0.0274918694049264
2021-01-03,0.0327707349108317
2021-01-04,0.0330623829414467
2021-01-07,0.0361309234468658
2021-01-09,0.0389271519897182
2021-01-10,0.0361942217539439
2021-01-13,0.0383290029324502
2021-01-14,0.0388124599773266
2021-01-15,0.0421470070241066
2021-01-19,0.0384099896257214
2021-01-20,0.0384062841971884
2021-01-21,0.0375424684697286
2021-01-22,0.0466637849504054
2021-01-25,0.0423809131870979
2021-01-26,0.0262956471900636
2021-01-27,0.0243860974006649
2021-01-28,0.0252225611081997
2021-01-29,0.0240194611966278
2021-02-02,0.0271603690787493
2021-02-03,0.0221131220453728
2021-02-06,0.0256381057680753
2021-02-07,0.0228730517978153
2021-02-08,0.0205496749636966
2021-02-09,0.0190504522154785
2021-02-11,0.0248203194281851
2021-02-12,0.0212954282660085
2021-02-16,0.0221683364002442
2021-02-17,0.0286892268060809
2021-02-18,0.0212310949285431
2021-02-19,0.0216442946127899
2021-02-22,0.0192076847023044
2021-02-23,0.0246449154187477
2021-02-24,0.0249733615149696
2021-02-25,0.0206238084589578
2021-02-26,0.0216841095453009
2021-03-02,0.0184903233846009
2021-03-03,0.0182058844434718
2021-03-08,0.0177906233859827
2021-03-09,0.0203290354259859
2021-03-11,0.022217617956061
2021-03-12,0.0268830192723577
2021-03-16,0.0215479901665289
2021-03-17,0.0206478135276765
2021-03-18,0.0214516084918082
2021-03-19,0.0186346296216746
2021-03-22,0.0183940117274724
2021-03-23,0.0174778536235181
2021-03-24,0.0210821436158973
2021-03-26,0.0210637352953917
2021-03-29,0.0202465807733614
2021-03-30,0.0181935038018631
2021-03-31,0.0174955705465128
2021-04-01,0.0167115984539871
2021-04-02,0.0209126255539113
2021-04-03,0.0179803662051127
2021-04-06,0.0191860398226271
2021-04-08,0.0203379755994203
2021-04-10,0.0309395030758618
2021-04-11,0.0236327212453307
2021-04-13,0.0242976489157602
2021-04-14,0.0281382059183841
2021-04-15,0.0279788355032054
2021-04-16,0.0271721223301654
2021-04-19,0.027115311277887
2021-04-20,0.0238452134691476
2021-04-21,0.0182662118991886
2021-04-22,0.0218893619275448
2021-04-23,0.0258164940781189
2021-04-26,0.0236631960401839
2021-04-27,0.0217818671870301
2021-04-28,0.0215493428760304
2021-04-29,0.018770116800708
2021-05-01,0.0176288844656542
2021-05-02,0.013785031220667
2021-05-03,0.0112272304613747
2021-05-05,0.0113418173286595
2021-05-08,0.0116639662438602
2021-05-10,0.0122538728531155
2021-05-11,0.0119497690583169
2021-05-13,0.0135146691973934
2021-05-14,0.012074097474577
2021-05-17,0.0123877130321987
2021-05-18,0.0116450945261194
2021-05-19,0.0108119949233414
2021-05-20,0.0111002657634362
2021-05-21,0.0103732286268833
2021-05-25,0.0119524060209321
2021-05-26,0.0118931435493627
2021-05-27,0.0123005082213581
2021-05-28,0.0122699132045668
2021-06-04,0.0126884519353748
2021-06-05,0.0125138011307909
2021-06-07,0.0131490805322493
2021-06-08,0.0134536793706405
2021-06-10,0.0130571239803006
2021-06-12,0.0141810363758105
2021-06-14,0.0140116301028179
2021-06-15,0.0147202333322261
2021-06-16,0.0141904250679925
2021-06-17,0.0145416902252603
2021-06-18,0.0141325820483437
2021-06-22,0.0150560803416445
2021-06-23,0.0149460382666962
2021-06-24,0.0146058483961415
2021-06-25,0.0155409936537337
2021-06-28,0.0132264284942188
2021-06-29,0.0135987880707294
2021-06-30,0.013447340161384
2021-07-01,0.013409716606671
2021-07-04,0.0126475585034288
2021-07-05,0.0140632381524715
2021-07-06,0.0132886731167798
2021-07-07,0.0130472626942279
2021-07-09,0.0135485020271042
2021-07-10,0.0135248843288902
2021-07-12,0.0135287465263287
2021-07-13,0.0132184786766217
2021-07-14,0.0121628661377378
2021-07-15,0.0122286255536546
2021-07-16,0.0133121673864259
2021-07-19,0.0135581609358382
2021-07-20,0.0140377261039629
2021-07-21,0.0134749424781547
2021-07-22,0.0153828500911626
2021-07-23,0.0140009837035058
2021-07-26,0.013470448863968
2021-07-27,0.0140752337408756
2021-07-28,0.0140774107642599
2021-07-29,0.0137242397978867
2021-07-30,0.0146768143473616
2021-08-01,0.0138366827130542
2021-08-02,0.0128492303689758
2021-08-03,0.0130682057591372
2021-08-04,0.0133416346132056
2021-08-06,0.0144935447450977
2021-08-07,0.0124823372944259
2021-08-09,0.0123518036443145
2021-08-10,0.0121316062817605
2021-08-11,0.0159917722990988
2021-08-12,0.0140626896434461
2021-08-13,0.0132024013079534
2021-08-16,0.0152948792781935
2021-08-17,0.0154912387194565
2021-08-18,0.0152982428959843
2021-08-19,0.0135703118672666
2021-08-20,0.0154575929230642
2021-08-23,0.0152493891271859
2021-08-24,0.0151527030788195
2021-08-25,0.0133694038364603
2021-08-26,0.0143942934087374
2021-08-27,0.0125954718766753
2021-08-30,0.014689695975459
2021-08-31,0.012492063348602
2021-09-02,0.0127908337228885
2021-09-03,0.013750983102446
2021-09-04,0.0130532897435274
2021-09-06,0.013460322426247
2021-09-07,0.0124285855494801
2021-09-08,0.0125938049311484
2021-09-09,0.0127242223147163
2021-09-11,0.013018823065412
2021-09-12,0.0144991980545135
2021-09-13,0.0166051729279493
2021-09-14,0.0170466334774821
2021-09-15,0.016895818399287
2021-09-16,0.0148055822147398
2021-09-17,0.0168335491836273
2021-09-20,0.0161146740830645
2021-09-21,0.016776804952465
2021-09-22,0.01425951795594
2021-09-23,0.0165962845866845
2021-09-24,0.016573534649363
2021-09-27,0.0175766516276484
2021-09-28,0.0176618959681588
2021-09-29,0.0171121932999179
2021-09-30,0.0172335649403337
2021-10-02,0.0141428941943858
2021-10-03,0.0148403828589791
2021-10-05,0.0148431541261952
2021-10-06,0.0195075365952667
2021-10-08,0.0166419868893802
2021-10-09,0.0165176694593757
2021-10-11,0.0141647710170728
2021-10-12,0.0145210658712101
2021-10-13,0.013081844635292
2021-10-14,0.0154361309718642
2021-10-15,0.0127709194007868
2021-10-18,0.0145500535232528
2021-10-19,0.0182169644672219
2021-10-20,0.016168816832446
2021-10-21,0.0187352403509879
2021-10-22,0.0129570800548905
2021-10-25,0.0134831984467528
2021-10-27,0.0147611034728504
2021-10-29,0.0136751639932859
2021-11-01,0.0131662687408376
2021-11-02,0.0137257812909488
2021-11-03,0.0134170159852018
2021-11-05,0.0111083172084043
2021-11-06,0.0114590662886236
2021-11-08,0.0124860085503104
2021-11-10,0.0120260015411613
2021-11-15,0.0124818916351784
2021-11-16,0.00971073567618458
2021-11-17,0.0126814794915905
2021-11-18,0.00960543258927892
2021-11-19,0.0112911080873451
2021-11-22,0.0122150579743413
2021-11-23,0.0104894181304211
2021-11-24,0.00901501393552211
2021-11-26,0.0108312301257709
2021-11-29,0.0169461751636412
2021-12-01,0.0143524891573572
2021-12-02,0.0140378381337172
2021-12-03,0.013847652811643
2021-12-04,0.0134390681327268
2021-12-05,0.0192043936602535
2021-12-07,0.0139365447054272
2021-12-08,0.0154829737412342
2021-12-10,0.0144608858895585
2021-12-11,0.0195398310691945
2021-12-13,0.0154179260661172
2021-12-14,0.0132753952646189
2021-12-15,0.0170743220958522
2021-12-16,0.0164855451913528
2021-12-17,0.0127438080119189
2021-12-20,0.0152719540905873
2021-12-21,0.0158868439936116
2021-12-22,0.0191944442295906
2021-12-23,0.0174737195945179
2021-12-27,0.0193236981678567
2021-12-28,0.0196466861493118
2021-12-29,0.0200721899112133
2021-12-30,0.0196484116802728
2022-01-02,0.0156329295202452
2022-01-03,0.0162547346321661
2022-01-04,0.0172543712661384
2022-01-07,0.0192368596204899
2022-01-08,0.0223163501800721
2022-01-09,0.0184099115484723
2022-01-13,0.0208159906633962
2022-01-14,0.0235760186956499
2022-01-18,0.0214581812147793
2022-01-19,0.0209289531801464
2022-01-20,0.0214401748884221
2022-01-21,0.0194333679434209
2022-01-25,0.021088550569885
2022-01-26,0.0222066252711652
2022-01-27,0.0209263407401659
2022-01-28,0.0163281956168715
2022-01-31,0.0191918888196302
2022-02-02,0.0199574831726286
2022-02-03,0.0162284098583095
2022-02-06,0.0171374039376348
2022-02-08,0.0213813698672723
2022-02-09,0.0170465242625652
2022-02-11,0.0198111463774697
2022-02-12,0.0150438745867074
2022-02-14,0.0162042293662407
2022-02-15,0.0192731714170655
2022-02-16,0.0197048164112604
2022-02-17,0.0181631086735711
2022-02-18,0.019647196820126
2022-02-22,0.0167045772678784
2022-02-23,0.0185873714956034
2022-02-24,0.0187123448967012
2022-02-25,0.0323582898434872
2022-02-28,0.0329842707570042
2022-03-01,0.0304210960838008
2022-03-02,0.0268157428239558
2022-03-03,0.0350993335215609
2022-03-06,0.0292790262217445
2022-03-08,0.0169087298590229
2022-03-10,0.018514716798976
2022-03-11,0.0174218691205914
2022-03-14,0.0147852885682227
2022-03-15,0.0132589142282604
2022-03-16,0.0151143885988002
2022-03-17,0.0150155651097408
2022-03-18,0.0215631868656557
2022-03-21,0.0202181819873173
2022-03-22,0.0182345100465587
2022-03-23,0.0162445756503706
2022-03-24,0.0158799273108067
2022-03-28,0.0166622973384197
2022-03-29,0.0165160995602106
2022-03-30,0.0186392649255274
2022-03-31,0.0182077459291552
2022-04-01,0.0242243635163198
2022-04-02,0.024358069526798
2022-04-03,0.0239532191902608
2022-04-04,0.0170426700345708
2022-04-05,0.0187257798039179
2022-04-08,0.0195728311658067
2022-04-10,0.0174211888094743
2022-04-11,0.0181406718513055
2022-04-13,0.022065360506475
2022-04-14,0.02170397646543
2022-04-19,0.0241138620432837
2022-04-20,0.0236008715773823
2022-04-21,0.024666721778475
2022-04-26,0.0198950478372916
2022-04-27,0.0253637008233195
2022-04-28,0.0223612652235551
2022-04-29,0.0220327227325344
2022-05-01,0.0227112234943732
2022-05-04,0.023205670941671
2022-05-05,0.0207967056299872
2022-05-07,0.0180044370091201
2022-05-08,0.0215629612096113
2022-05-10,0.0264182647991329
2022-05-12,0.0218762780762586
2022-05-13,0.0245037810405811
2022-05-16,0.0265361588415361
2022-05-17,0.0205266128420879
2022-05-18,0.0283950431307906
2022-05-19,0.0294564933010804
2022-05-20,0.0329645112238443
2022-05-23,0.0333446727972499
2022-05-24,0.0297074720304168
2022-05-25,0.0328786752142859
2022-05-26,0.0321824079702217
2022-05-27,0.0256297722528087
2022-05-31,0.0328103260301984
2022-06-04,0.0314378989911375
2022-06-05,0.0303643225374602
2022-06-07,0.0292831949594381
2022-06-09,0.0302761854359393
2022-06-10,0.0317596738151091
2022-06-12,0.0242815252484876
2022-06-14,0.0336569418927928
2022-06-15,0.037835557831207
2022-06-17,0.0319988226241606
2022-06-21,0.0417192353883056
2022-06-22,0.0519937383612679
2022-06-23,0.0506824419375853
2022-06-24,0.0328329019223378
2022-06-27,0.0299163424879159
2022-06-28,0.0253383873857383
2022-06-29,0.0249170977273119
2022-06-30,0.0328282150700076
2022-07-01,0.0316079758222323
2022-07-02,0.0298089089971724
2022-07-04,0.0222470567335823
2022-07-06,0.0276126557278127
2022-07-07,0.0241356109009982
2022-07-09,0.0279495325487057
2022-07-10,0.0268627346465792
2022-07-11,0.0350699473854317
2022-07-12,0.0246211112583573
2022-07-13,0.0289846692738498
2022-07-14,0.0297896253405223
2022-07-15,0.0317614767274484
2022-07-18,0.0300394282399018
2022-07-19,0.0343835479775075
2022-07-20,0.0302522636198004
2022-07-21,0.0306497156253388
2022-07-22,0.0342257882231646
2022-07-25,0.0246637547736365
2022-07-26,0.0266399915461969
2022-07-27,0.0254564587386544
2022-07-28,0.0263232109994499
2022-07-29,0.0300048916234886
2022-08-02,0.0333172360034702
2022-08-03,0.0317904339114157
2022-08-04,0.0351749255854404
2022-08-06,0.0302718379506303
2022-08-07,0.035147826669224
2022-08-08,0.0366014603700504
2022-08-09,0.0349760330619581
2022-08-11,0.0301197660405835
2022-08-12,0.026758185092077
2022-08-19,0.0271875903944495
2022-08-22,0.0242465897330425
2022-08-23,0.0203083513631482
2022-08-24,0.0219952312051857
2022-08-25,0.018441421596984
2022-08-26,0.0201042734480959
2022-08-29,0.0217969020701927
2022-08-30,0.0234963152029413
2022-08-31,0.028677496038921
2022-09-02,0.0200318276688452
2022-09-03,0.0194451928168195
2022-09-05,0.0198835643716043
2022-09-06,0.0266309905516476
2022-09-08,0.0188818203756659
2022-09-09,0.0200241961077392
2022-09-11,0.018504350224064
2022-09-12,0.0188511706877422
2022-09-13,0.0185144861405494
2022-09-14,0.0206573535847269
2022-09-15,0.0201810111233467
2022-09-16,0.0191240040643283
2022-09-19,0.020947959320629
2022-09-20,0.0218385557817489
2022-09-21,0.0242886684583238
2022-09-22,0.0215593366316651
2022-09-23,0.0277520211819137
2022-09-26,0.0207993285455329
2022-09-27,0.0220359213820382
2022-09-28,0.0234309949293209
2022-09-29,0.0238383111485292
2022-09-30,0.0232079258028587
2022-10-01,0.0203179873559991
2022-10-02,0.0216507941311232
2022-10-03,0.0182780812011448
2022-10-05,0.0304369125622629
2022-10-06,0.0275833747565373
2022-10-08,0.0311117437214964
2022-10-10,0.0286288892133846
2022-10-11,0.0302663262329801
2022-10-13,0.0300023582170715
2022-10-14,0.0234044459767396
2022-10-17,0.0234682655442408
2022-10-18,0.0239089972413637
2022-10-19,0.0232324776001876
2022-10-20,0.0238050938082568
2022-10-21,0.0215168162725402
2022-10-24,0.0223349562904644
2022-10-25,0.0239846740715404
2022-10-27,0.0201191047081704
2022-10-31,0.0224993253854628
2022-11-01,0.0232940367258742
2022-11-02,0.0251448263876031
2022-11-03,0.0283895717718438
2022-11-04,0.0254436762015672
2022-11-05,0.0294595122629694
2022-11-07,0.031786998363069
2022-11-08,0.0282397096055434
2022-11-10,0.0259536065624665
2022-11-14,0.0253397702251861
2022-11-15,0.0281879342421832
2022-11-16,0.0253040376721815
2022-11-17,0.0283416743202015
2022-11-18,0.0245013842642092
2022-11-21,0.0270901329015724
2022-11-22,0.0248164054336528
2022-11-23,0.0271339400466219
2022-11-25,0.0362315247903628
2022-11-28,0.0270492431694586
2022-11-29,0.0282034384907674
2022-12-01,0.0286985493737953
2022-12-04,0.0294523608768117
2022-12-05,0.0303457575695563
2022-12-07,0.0261150663202903
2022-12-08,0.0240387219617535
2022-12-09,0.0232233704390913
2022-12-10,0.0226409075762247
2022-12-12,0.0250023532570589
2022-12-13,0.0263763662163094
2022-12-14,0.0226519851551062
2022-12-15,0.0244207195220346
2022-12-16,0.0264614010716997
2022-12-19,0.0246815434456711
2022-12-20,0.0268473568028403
2022-12-21,0.0233975421182886
2022-12-22,0.0224213149548556
2022-12-23,0.020797047059594
2022-12-27,0.0214478596600373
2022-12-28,0.0225522978152422
2022-12-29,0.0245336183155425
2022-12-30,0.020488912417486
2023-01-02,0.0210455785611351
2023-01-03,0.0228680978803068
2023-01-08,0.0238307579417848
2023-01-09,0.0242359117401447
2023-01-13,0.0305262011346505
2023-01-17,0.0254682072904379
2023-01-18,0.0293066502877111
2023-01-19,0.0268499247773258
2023-01-20,0.0262611434499654
2023-01-23,0.0268764657656009
2023-01-25,0.029295287604807
2023-01-26,0.0260792478396237
2023-01-27,0.0249077660429178
2023-01-30,0.0259590139858883
2023-01-31,0.0241921136998638
2023-02-02,0.0220608459670984
2023-02-03,0.0196947641678168
2023-02-05,0.0165877229956878
2023-02-06,0.0225120562150989
2023-02-08,0.0245094722415022
2023-02-10,0.0185534475501911
2023-02-11,0.021063138797592
2023-02-13,0.0202674090920141
2023-02-14,0.0201730116572238
2023-02-15,0.0199594551724301
2023-02-16,0.0212006668388689
2023-02-17,0.0214836005914146
2023-02-21,0.0180583843851289
2023-02-22,0.0243928436510398
2023-02-23,0.0201768785113288
2023-02-24,0.022128128591126
2023-02-28,0.0220326394254356
2023-03-01,0.0208290543104829
2023-03-02,0.0199604209593895
2023-03-03,0.0157502245764379
2023-03-04,0.0187742182627356
2023-03-07,0.0127228085328641
2023-03-08,0.013682989910808
2023-03-10,0.0160471479698299
2023-03-11,0.0144683368306014
2023-03-13,0.0140455316399646
2023-03-14,0.0210982617708973
2023-03-15,0.0190147716911932
2023-03-16,0.0227635883446598
2023-03-17,0.0216237565176074
2023-03-20,0.0247031841053106
2023-03-21,0.0240100219082318
2023-03-22,0.01946724387334
2023-03-23,0.0193601824445284
2023-03-24,0.0206643789670932
2023-03-27,0.0236732095033746
2023-03-28,0.0243246893660318
2023-03-29,0.0266081120504857
2023-03-30,0.0262529303806551
2023-03-31,0.0166262399783285
2023-04-01,0.0152918495663258
2023-04-04,0.016450363649754
2023-04-05,0.0160706261423114
2023-04-08,0.0150777582749191
2023-04-10,0.0147284712137539
2023-04-12,0.0162702385878078
2023-04-13,0.0184898793462271
2023-04-18,0.017803358449143
2023-04-19,0.0173782484385442
2023-04-20,0.0173682731645702
2023-04-21,0.0169317346970477
2023-04-24,0.0141070934674128
2023-04-25,0.0180193429249524
2023-04-26,0.0126240184453967
2023-04-27,0.0134406217508955
2023-04-28,0.0134114287946354
2023-05-01,0.0161067256338911
2023-05-04,0.0157370354462941
2023-05-05,0.0143048064221192
2023-05-07,0.0142134744165746
2023-05-09,0.0144419396828836
2023-05-10,0.0146115353687963
2023-05-12,0.0198071038395426
2023-05-15,0.0150598775701477
2023-05-16,0.0159941765020563
2023-05-17,0.0128298395209582
2023-05-18,0.0124719509680306
2023-05-19,0.0127119984990934
2023-05-22,0.0130429189856233
2023-05-23,0.0133201725160524
2023-05-24,0.0135745221847936
2023-05-25,0.0140398839245716
2023-05-26,0.0122753424356325
2023-05-30,0.0128834907558724
2023-05-31,0.0153386313153809
2023-06-02,0.0161202462666689
2023-06-03,0.0170980199309482
2023-06-04,0.0194190657665025
2023-06-06,0.0166824363835829
2023-06-07,0.0133637846858255
2023-06-09,0.0141073811373853
2023-06-10,0.0146665624759884
2023-06-11,0.0124630638577871
2023-06-12,0.0118802261095343
2023-06-13,0.0134741373253425
2023-06-14,0.0138430852724554
2023-06-15,0.0166400058553327
2023-06-16,0.0213875225198871
2023-06-20,0.0157350911037134
2023-06-21,0.013068585564169
2023-06-22,0.0149561960055117
2023-06-23,0.0168876568976427
2023-06-26,0.0159560964530623
2023-06-27,0.0144730175424716
2023-06-28,0.014106457429687
2023-06-29,0.0163128690006405
2023-06-30,0.0148251012439121
2023-07-02,0.0141221379647789
2023-07-03,0.0199336488228861
2023-07-06,0.0187231586867351
2023-07-07,0.0144339807010081
2023-07-08,0.021204148828477
2023-07-09,0.0239457155873675
2023-07-11,0.0181890770604841
2023-07-12,0.0188975531543259
2023-07-13,0.0193634396942311
2023-07-14,0.0217851936328271
2023-07-17,0.0162843235985621
2023-07-18,0.0132438647587516
2023-07-19,0.0128612241187276
2023-07-20,0.0122364872055046
2023-07-21,0.0121308215069531
2023-07-24,0.0125594338304313
2023-07-25,0.0111034238747752
2023-07-26,0.0112640424172166
2023-07-27,0.0126065662743531
2023-07-28,0.0115586388400372
2023-07-31,0.0120199238999792
2023-08-02,0.0117093860910688
2023-08-03,0.0114668930510828
2023-08-05,0.0113140280540255
2023-08-08,0.0111721037622245
2023-08-09,0.0117368649889102
2023-08-11,0.0128270517492182
2023-08-12,0.0118914527731461
2023-08-14,0.0102173902899013
2023-08-16,0.0102094800550416
2023-08-17,0.0103608132730553
2023-08-18,0.0104398659037016
2023-08-21,0.0109121378768418
2023-08-22,0.0101303639230672
2023-08-23,0.0107902211590661
2023-08-24,0.0115767445663048
2023-08-25,0.0115215380082364
2023-08-28,0.012683657873496
2023-08-29,0.0112873084839715
2023-08-30,0.012083852386966
2023-08-31,0.011290245490066
2023-09-01,0.0106360540829743
2023-09-02,0.0123546950040676
2023-09-03,0.0109479090986058
2023-09-05,0.0122319942920246
2023-09-06,0.00974538853765232
2023-09-08,0.0091670612194496
2023-09-10,0.0104435295535085
2023-09-11,0.0105647881851361
2023-09-13,0.01092343880452
2023-09-14,0.0133200755710796
2023-09-15,0.0135244240751379
2023-09-18,0.0105861711640956
2023-09-19,0.0116421189641616
2023-09-20,0.01101572556673
2023-09-21,0.0116995616424922
2023-09-22,0.0133180028286945
2023-09-25,0.0116954607782117
2023-09-26,0.012395421698225
2023-09-27,0.0142571345510207
2023-09-28,0.010532635516807
2023-09-29,0.0127719499864779
2023-10-01,0.0113169801318762
2023-10-02,0.0105020095633658
2023-10-03,0.00915580294396094
2023-10-05,0.0109533719080031
2023-10-07,0.0147928736649682
2023-10-08,0.0105914090094393
2023-10-10,0.0114288713142693
2023-10-11,0.0126867943807873
2023-10-13,0.0119132051358456
2023-10-16,0.0119879587236771
2023-10-17,0.0115571329500577
2023-10-18,0.0100265309869365
2023-10-19,0.0206958658534639
2023-10-20,0.0176207280438206
2023-10-25,0.00922495591363148
2023-10-27,0.0114584483266249
2023-10-30,0.0108772548114152
2023-10-31,0.0106821498165181
2023-11-01,0.0102388908285461
2023-11-04,0.0104115782673929
2023-11-05,0.0104135126216061
2023-11-07,0.0102348454187906
2023-11-08,0.0114977684526156
2023-11-09,0.0114349154712362
2023-11-10,0.0114790497557749
2023-11-12,0.011889774995371
2023-11-13,0.0116123656505735
2023-11-14,0.0111937601452664
2023-11-15,0.00954700949567289
2023-11-16,0.0104504253064165
2023-11-17,0.0115743903691163
2023-11-20,0.0108853427870408
2023-11-21,0.0106048365749105
2023-11-22,0.0102197704216312
2023-11-24,0.0110288482238557
2023-11-27,0.0108045897000748
2023-11-28,0.0132379767005537
2023-11-29,0.0116572284761363
2023-12-01,0.0119458370828448
2023-12-04,0.0138651448279074
2023-12-05,0.0109529723674409
2023-12-06,0.0118476514799596
2023-12-07,0.0123740702633641
2023-12-09,0.0117192737669329
2023-12-10,0.0130285837309706
2023-12-12,0.0127739084984872
2023-12-13,0.0125452581278254
2023-12-14,0.0134744284731074
2023-12-15,0.011309198095537
2023-12-18,0.0105403616828268
2023-12-19,0.00910218701619693
2023-12-20,0.00966234798619445
2023-12-21,0.0103924234293255
2023-12-22,0.00918964071903895
2023-12-27,0.0102904771027883
2023-12-28,0.00880223379959006
2023-12-29,0.0088101370181621
2024-01-02,0.0093809184415761
2024-01-03,0.0111037748340336
2024-01-07,0.0111046182478519
2024-01-08,0.00996517233915447
2024-01-10,0.0104811770376622
2024-01-16,0.0111589778821778
2024-01-17,0.0120801404105572
2024-01-18,0.0112482598492746
2024-01-19,0.0101034424186538
2024-01-22,0.0103143668265632
2024-01-23,0.0111755864521015
2024-01-25,0.0111771372025626
2024-01-26,0.0119962343929698
2024-01-29,0.0111259110749647
2024-01-30,0.0115023414208466
2024-01-31,0.0102411404300238
2024-02-02,0.0117589992398918
2024-02-04,0.0110288319433699
2024-02-05,0.0109783249734557
2024-02-07,0.00930265872490248
2024-02-08,0.0101232919690897
2024-02-10,0.0123761916490504
2024-02-12,0.0108238358133067
2024-02-13,0.00975973483412163
2024-02-14,0.00910746622329214
2024-02-15,0.00901484143858581
2024-02-16,0.00884280327886577
2024-02-20,0.00942031098522727
2024-02-21,0.00949500096656892
2024-02-22,0.00860358877430103
2024-02-23,0.00985961694274836
2024-02-26,0.00907765728128916
2024-02-27,0.00972428755266689
2024-02-28,0.00887452911708439
2024-02-29,0.00951874785714723
2024-03-01,0.0100776738722039
2024-03-04,0.012129638402723
2024-03-06,0.0124152690516342
2024-03-07,0.0122458991302791
2024-03-09,0.0104167798408322
2024-03-10,0.0125732143538287
2024-03-12,0.0150479301179423
2024-03-13,0.0105553730988722
2024-03-14,0.0114213297888629
2024-03-15,0.0115416600490101
2024-03-19,0.0130813814669266
2024-03-20,0.0114793016393149
2024-03-21,0.0129881187414012
2024-03-22,0.0101116527306136
2024-03-26,0.0121100282192308
2024-03-27,0.0111373635334405
2024-03-28,0.0130379651633478
2024-04-01,0.011661861521255
2024-04-03,0.0106656270315188
2024-04-04,0.00999857735215147
2024-04-06,0.0102974949592537
2024-04-09,0.0114324462625245
2024-04-10,0.0117721148945004
2024-04-11,0.0108985214065507
2024-04-12,0.0111430791317592
2024-04-15,0.0110839861402685
2024-04-16,0.011780306333383
2024-04-17,0.0113943632669086
2024-04-18,0.0111635994021932
2024-04-19,0.0108994887077196
2024-04-22,0.0106311671161051
2024-04-23,0.0102705997548937
2024-04-24,0.0101921487738241
2024-04-25,0.0103334508736721
2024-04-26,0.0105346369420518
2024-04-29,0.0105748146370283
2024-04-30,0.0107697208033088
2024-05-01,0.0110557095600378
2024-05-02,0.010543944292151
2024-05-03,0.0115577517546102
2024-05-04,0.0105881463773602
2024-05-06,0.0104436977895229
2024-05-07,0.0102050664157159
2024-05-08,0.0099411149800261
2024-05-09,0.0108346278719776
2024-05-11,0.0106636189924633
2024-05-12,0.012905993960301
2024-05-13,0.0140911565832058
2024-05-14,0.0132851325078655
2024-05-15,0.0131794470086443
2024-05-16,0.014272167784874
2024-05-17,0.0623632586375559
2024-05-20,0.0124578664374896
2024-05-21,0.0119112290994463
2024-05-22,0.0116010342404128
2024-05-23,0.0122646550021092
2024-05-24,0.0121243400375527
2024-05-28,0.0125495498486596
2024-05-29,0.0119282322000313
2024-05-31,0.00985199422731392
2024-06-02,0.0104260057691591
2024-06-03,0.0105512842925305
2024-06-06,0.0102708801370986
2024-06-08,0.0107087035363339
2024-06-09,0.0102750102313042
2024-06-11,0.00966569470380694
2024-06-12,0.0116387963392596
2024-06-13,0.0115412412175142
2024-06-14,0.0104775809574002
2024-06-17,0.0120290417328258
2024-06-18,0.0113548448595342
2024-06-20,0.0119636842934465
2024-06-21,0.0121014116225481
2024-06-25,0.0105709653940402
2024-06-26,0.0109047602122738
2024-06-27,0.0109647535920321
2024-06-28,0.0093428336823629
2024-07-02,0.00957362084020413
2024-07-03,0.00986997362661341
2024-07-06,0.0100318101134856
2024-07-08,0.010057145436051
2024-07-10,0.0105450426592581
2024-07-11,0.0104679466091282
2024-07-15,0.010898818026633
2024-07-16,0.0104775552920399
2024-07-17,0.0104551881895387
2024-07-18,0.0108237329600345
2024-07-19,0.0110319639043438
2024-07-22,0.0113515138537766
2024-07-23,0.0114612601502469
2024-07-24,0.0108542939615785
2024-07-25,0.0100715057614852
2024-07-26,0.00985086547091449
2024-07-29,0.0108206185963556
2024-07-30,0.0111581804798096
2024-07-31,0.0110105172359301
2024-08-01,0.0107372703982693
2024-08-02,0.00957297080305727
2024-08-03,0.00962843411554159
2024-08-04,0.0103716597732783
2024-08-05,0.0103119115387863
2024-08-07,0.0101641768836683
2024-08-08,0.0101532862339933
2024-08-10,0.0111678625684245
2024-08-11,0.0132326326502401
2024-08-13,0.0123301663788216
2024-08-14,0.0181778475508285
2024-08-16,0.0127353833631818
2024-08-19,0.0108757570242532
2024-08-20,0.0125013280827984
2024-08-21,0.0122448331184039
2024-08-22,0.0110341195471976
2024-08-23,0.0111069315563455
2024-08-26,0.011117280878044
2024-08-27,0.0110645738858224
2024-08-28,0.0129718469412173
2024-08-29,0.0115558503827436
2024-08-30,0.0106811976207819
2024-09-01,0.0110987638853111
2024-09-02,0.0111053195675356
2024-09-04,0.0123631602424432
2024-09-05,0.0124517888431926
2024-09-07,0.0127244093946214
2024-09-08,0.0122387072360649
2024-09-09,0.0175369583283925
2024-09-10,0.0127595164187501
2024-09-12,0.0117792866635799
2024-09-13,0.0110087579495364
2024-09-16,0.0101542385549257
2024-09-17,0.0102555963400598
2024-09-18,0.0105358156345306
2024-09-19,0.0116474864301429
2024-09-20,0.0111445965015191
2024-09-23,0.0109192598345139
2024-09-24,0.0126224784276982
2024-09-25,0.0116277843923749
2024-09-26,0.0126380376549516
2024-09-27,0.013402610384542
2024-09-30,0.0130690962944116
2024-10-01,0.0125469083258713
2024-10-04,0.0108082163435076
2024-10-05,0.010874965180161
2024-10-06,0.0111123129069224
2024-10-07,0.0106627940785128
2024-10-09,0.00938280701884001
2024-10-10,0.0109863705886594
2024-10-12,0.0106664770990817
2024-10-14,0.010714285087002
2024-10-15,0.0102840981909771
2024-10-16,0.00967993420534984
2024-10-17,0.00978492753894625
2024-10-18,0.0117388615307163
2024-10-21,0.010355593530621
2024-10-22,0.00971087540291585
2024-10-23,0.00961700169710814
2024-10-24,0.00833385713091608
2024-10-25,0.00860311466656339
2024-10-29,0.00802392844625522
2024-10-30,0.00826397707496655
2024-10-31,0.00776782922061446
2024-11-01,0.0073791298391361
2024-11-03,0.00744088787461863
2024-11-04,0.00726952147664567
2024-11-06,0.00796212806426722
2024-11-07,0.00831374745754807
2024-11-09,0.00898660010067154
2024-11-10,0.00801860525932659
2024-11-12,0.00828896427060728
2024-11-13,0.00803915686805549
2024-11-14,0.00868222663743501
2024-11-15,0.00932707334567968
2024-11-18,0.00835916336870682
2024-11-19,0.00857701935813428
2024-11-20,0.00849132854233683
2024-11-21,0.00907210663021817
2024-11-22,0.00860048837444833
2024-11-25,0.0100671621517831
2024-11-26,0.00902198994219814
2024-11-27,0.00919376297313572
2024-11-29,0.00909521426307939
2024-12-01,0.00795635634200399
2024-12-02,0.00918741623627547
2024-12-03,0.00878136396921057
2024-12-04,0.00867351836668088
2024-12-06,0.00862671788400081
2024-12-07,0.00841368136298475
2024-12-08,0.00859868518928827
2024-12-09,0.00842728417574166
2024-12-11,0.00897202430541741
2024-12-12,0.00726155352752808
2024-12-13,0.00824423000053216
2024-12-16,0.00832760419206922
2024-12-17,0.00801114484953398
2024-12-18,0.00787893177220401
2024-12-19,0.00766688739728694
2024-12-20,0.00758159894279271
2024-12-23,0.00749104694015585
2024-12-27,0.00802889451844858
2024-12-30,0.00832231612484052
2025-01-04,0.00791071752791661
2025-01-07,0.00856980910489255
2025-01-08,0.00892260961403528
2025-01-10,0.00784667944858807
2025-01-13,0.00768216363969327
2025-01-14,0.0087420685437261
2025-01-15,0.00866840283249886
2025-01-16,0.00681635995056822
2025-01-17,0.0068597663048012
2025-01-21,0.00841146428202667
2025-01-22,0.00876602961326575
2025-01-23,0.00827513204279671
2025-01-27,0.00895390104154963
2025-01-28,0.00867570174247964
2025-01-29,0.00847639194793668
2025-01-30,0.00940599355273569
2025-01-31,0.009818637288639
2025-02-04,0.0107842542531171
2025-02-05,0.0110896156708695
2025-02-06,0.0121609001265098
2025-02-07,0.0122640597966348
2025-02-09,0.0129723596190946
2025-02-10,0.0121883221881403
2025-02-12,0.0091881278408775
2025-02-13,0.00921552306001693
2025-02-14,0.00814154098914297
2025-02-18,0.00844554564088367
2025-02-19,0.00811039906306737
2025-02-20,0.00898382298148067
2025-02-21,0.00901843951826103
2025-02-24,0.00859961844883456
2025-02-25,0.00931912958222539
2025-02-26,0.00936931526744809
2025-02-27,0.00915674641554586
2025-02-28,0.00929550577576468
2025-03-01,0.0102452360993177
2025-03-02,0.0114957626144011
2025-03-04,0.0110261464890644
2025-03-06,0.0123914477659673
2025-03-07,0.0122149379179164
2025-03-09,0.0150691684372692
2025-03-10,0.0143481412836612
2025-03-11,0.0134824175521242
2025-03-12,0.011724220091501
2025-03-13,0.0115935124362428
2025-03-14,0.0126866060859232
2025-03-17,0.0140401325615478
2025-03-18,0.0133666484426441
2025-03-19,0.0144158935682002
2025-03-20,0.0125920220219052
2025-03-21,0.0120022747347253
2025-03-24,0.0129744799717168
2025-03-26,0.0110643563585578
2025-03-27,0.0117416849827958
2025-03-28,0.0109539190303062
2025-03-31,0.0108945911697807
2025-04-02,0.0115148974681942
2025-04-03,0.0122817531647575
2025-04-04,0.0122507061596694
2025-04-06,0.0186949049185651
2025-04-08,0.0183412665256949
2025-04-09,0.0194194016023254
2025-04-11,0.0172536473018498
2025-04-12,0.0214106610528763
2025-04-14,0.0183731422640837
2025-04-15,0.0199172711200864
2025-04-16,0.0155205163951271
2025-04-17,0.0128957816691638
2025-04-22,0.0132659596057242
2025-04-23,0.0130934617699817
2025-04-24,0.0154971192140389
2025-04-25,0.0143150471638975
2025-04-28,0.014035258837033
2025-04-29,0.0160100775787301
2025-04-30,0.016725952082083
2025-05-02,0.0167089771784757
2025-05-03,0.0170864864917478
2025-05-05,0.016112170871405
2025-05-06,0.0169197841704518
2025-05-08,0.0178407399686027
2025-05-09,0.0149779333639028
2025-05-11,0.0180049818249071
2025-05-12,0.0194587967544361
2025-05-13,0.0199907708730786
2025-05-14,0.0191880440377256
2025-05-15,0.0171672001605838
2025-05-16,0.0261135427867909
2025-05-19,0.0111085263776826
2025-05-20,0.014283090200945
2025-05-21,0.0170616596025032
2025-05-22,0.0141349880684045
2025-05-23,0.0152173401155074
2025-05-27,0.0137054511802066
2025-05-28,0.0217841609528117
2025-05-29,0.0191093665263273
2025-05-30,0.0218973950908858
2025-06-02,0.0179850594124322
2025-06-03,0.0158181755097694
2025-06-05,0.0185076449165339
2025-06-06,0.0139533590020626
2025-06-08,0.01683880638316
2025-06-10,0.0180304277927525
2025-06-11,0.0132309275995033
2025-06-13,0.0126947523309624
2025-06-16,0.0140230052523085
2025-06-17,0.0153118284824783
2025-06-18,0.0148327684755174
2025-06-20,0.0151459154972849
2025-06-23,0.0164090922781094
2025-06-24,0.0137390832935746
2025-06-30,0.0152594972739313
2025-07-02,0.0154095999341127
2025-07-03,0.0158871143069628
2025-07-04,0.016137336098016
2025-07-05,0.0166558546815597
2025-07-07,0.0158349855597067
2025-07-08,0.0128896116258707
2025-07-10,0.0141197717506235
2025-07-11,0.0138246754488041
2025-07-14,0.013782236454674
2025-07-15,0.0153239223305397
2025-07-16,0.0146643164837351
2025-07-17,0.0137157715298992
2025-07-18,0.0132119502366875
2025-07-21,0.0127469096334193
2025-07-22,0.0154436691714774
2025-07-23,0.0169449221828759
2025-07-24,0.0246082984790778
2025-07-25,0.0145350075181333
2025-07-28,0.0138780216908404
2025-07-29,0.0138810328884808
2025-07-30,0.0198703040967008
2025-07-31,0.0203690663810499
2025-08-01,0.0193118475393472
2025-08-04,0.0126956039491388
2025-08-05,0.0162189835545554
2025-08-07,0.0172859172661656
2025-08-08,0.0152669418632142
2025-08-09,0.0170193628317474
2025-08-10,0.0173243805901396
2025-08-12,0.0172100032252457
2025-08-13,0.0152286963566176
2025-08-14,0.015370958671805
2025-08-18,0.0154947671876059
2025-08-19,0.0157658729072907
2025-08-20,0.0167126134505289
2025-08-21,0.0171239843553525
2025-08-22,0.0180753088996919
2025-08-25,0.0220994274979975
2025-08-26,0.0132712108465745
2025-08-27,0.0115211569633429
2025-08-28,0.0113913387577061
2025-08-29,0.0102845129674056
2025-09-04,0.0104536975799865
2025-09-05,0.0130890611769319
2025-09-07,0.0122581647432812
2025-09-09,0.0116249943214401
2025-09-10,0.014592697848123
2025-09-12,0.014174474454773
2025-09-15,0.0133596718004791
2025-09-16,0.0132617742222601
2025-09-17,0.0118726471537846
2025-09-18,0.0129551560527887
2025-09-19,0.011904882814406
2025-09-22,0.0110136273162656
2025-09-23,0.0124438392092343
2025-09-24,0.0114513942294372
2025-09-25,0.0121343927478565
2025-09-26,0.012197906589126
2025-09-29,0.0124407601288173
2025-09-30,0.0125596626267402
2025-10-01,0.0120000642147948
2025-10-02,0.0122438502666704
2025-10-03,0.0131969471746848
2025-10-04,0.0106688569433701
2025-10-06,0.0117220707584596
2025-10-07,0.0156722630211223
2025-10-09,0.0145350404046288
2025-10-10,0.0114204008057427
2025-10-11,0.0139314904304855
2025-10-12,0.015357262041547
2025-10-13,0.0132759419551355
2025-10-14,0.0138297158590117
2025-10-15,0.0152369562422756
2025-10-16,0.0131694968966729
2025-10-17,0.0134714438697305
2025-10-20,0.0114259868807285
2025-10-21,0.0120927093044732
2025-10-22,0.0130799126748827
2025-10-23,0.0130205172989968
2025-10-24,0.0133833243261926
2025-10-27,0.0140626334127941
2025-10-29,0.0127037532775573
2025-10-30,0.0147383067462207
2025-10-31,0.011712584303834
2025-11-02,0.0115413117880379
2025-11-03,0.010753220535367
2025-11-04,0.0107545519621651
2025-11-06,0.0220697722345745
2025-11-07,0.0110668448794545
2025-11-08,0.0191080838561415
2025-11-09,0.0174983257434527
2025-11-12,0.0136414746533779
2025-11-13,0.014041943163752
2025-11-14,0.0112464661410922
2025-11-17,0.0115564594453401
2025-11-18,0.0112845880158249
2025-11-19,0.011270507264277
2025-11-20,0.0122174631226045
2025-11-21,0.0102324460255663
2025-11-24,0.0104241203892763
2025-11-25,0.00963486624688726
2025-11-26,0.00957807775682801
2025-11-28,0.00954679688333015
2025-12-02,0.0105762213258694
2025-12-03,0.0115756798289717
2025-12-05,0.0136034702820027
2025-12-06,0.022181232205226
2025-12-08,0.0174090031551733
2025-12-09,0.0221935776313902
2025-12-11,0.0219360242479965
2025-12-12,0.0144244670311538
2025-12-15,0.010900966357972
2025-12-16,0.0103729316308311
2025-12-17,0.0113960139391591
2025-12-18,0.0107217904524376
2025-12-19,0.0100225572151795
2025-12-22,0.0107181485562374
2025-12-23,0.0101359746859768
2025-12-29,0.0103163603081384
2025-12-30,0.0100208473756217
