"date","HHI_lambda"
2001-06-28,0.205138
2001-06-29,0.258424
2001-07-03,0.20313
2001-07-05,0.201779
2001-07-08,0.29964
2001-07-12,0.315257
2001-07-13,0.326832
2001-07-16,0.211415
2001-07-17,0.265403
2001-07-18,0.26436
2001-07-19,0.316157
2001-07-20,0.186277
2001-07-23,0.195524
2001-07-24,0.169845
2001-07-25,0.157728
2001-07-26,0.159335
2001-07-27,0.169496
2001-07-30,0.169321
2001-07-31,0.166316
2001-08-02,0.169221
2001-08-03,0.170517
2001-08-05,0.173531
2001-08-08,0.166266
2001-08-10,0.197674
2001-08-11,0.164427
2001-08-13,0.168285
2001-08-14,0.174157
2001-08-16,0.221726
2001-08-17,0.196873
2001-08-20,0.197636
2001-08-21,0.165523
2001-08-22,0.167847
2001-08-23,0.185958
2001-08-24,0.185372
2001-08-27,0.29256
2001-08-28,0.226435
2001-08-29,0.216963
2001-08-30,0.196008
2001-08-31,0.156191
2001-09-02,0.163109
2001-09-03,0.182958
2001-09-05,0.17653
2001-09-07,0.15161
2001-09-08,0.174566
2001-09-10,0.14546
2001-09-11,0.179814
2001-09-17,0.169138
2001-09-18,0.173504
2001-09-19,0.175167
2001-09-20,0.229312
2001-09-21,0.152406
2001-09-24,0.185976
2001-09-25,0.150942
2001-09-26,0.193335
2001-09-27,0.148983
2001-09-28,0.210272
2001-10-05,0.155062
2001-10-07,0.171305
2001-10-08,0.173153
2001-10-09,0.171067
2001-10-10,0.173638
2001-10-12,0.172691
2001-10-15,0.173694
2001-10-16,0.261593
2001-10-17,0.17018
2001-10-18,0.143553
2001-10-19,0.143899
2001-10-22,0.153117
2001-10-23,0.172612
2001-10-24,0.171445
2001-10-25,0.187232
2001-10-29,0.228579
2001-10-30,0.146609
2001-10-31,0.144566
2001-11-04,0.149096
2001-11-05,0.167845
2001-11-06,0.145815
2001-11-07,0.147192
2001-11-10,0.201656
2001-11-12,0.14715
2001-11-13,0.171345
2001-11-14,0.185631
2001-11-15,0.155616
2001-11-16,0.170257
2001-11-19,0.147216
2001-11-20,0.148687
2001-11-21,0.172644
2001-11-23,0.18521
2001-11-26,0.196127
2001-11-27,0.165034
2001-11-28,0.166988
2001-11-29,0.172835
2001-11-30,0.152897
2001-12-02,0.151885
2001-12-03,0.180016
2001-12-04,0.21644
2001-12-06,0.208794
2001-12-07,0.255292
2001-12-10,0.178267
2001-12-11,0.194043
2001-12-12,0.153433
2001-12-13,0.203306
2001-12-14,0.201768
2001-12-17,0.200779
2001-12-18,0.204682
2002-01-02,0.169777
2002-01-03,0.202419
2002-01-07,0.205185
2002-01-10,0.175963
2002-01-14,0.174475
2002-01-15,0.178135
2002-01-16,0.209688
2002-01-17,0.209167
2002-01-18,0.175164
2002-01-22,0.211606
2002-01-23,0.217777
2002-01-24,0.254109
2002-01-25,0.262024
2002-01-28,0.265414
2002-01-29,0.262188
2002-01-30,0.252384
2002-01-31,0.214662
2002-02-04,0.209895
2002-02-07,0.252645
2002-02-08,0.224625
2002-02-10,0.182468
2002-02-12,0.190813
2002-02-13,0.25068
2002-02-14,0.17123
2002-02-15,0.171519
2002-02-19,0.256518
2002-02-20,0.223946
2002-02-21,0.188575
2002-02-22,0.219291
2002-02-25,0.178847
2002-02-26,0.177507
2002-02-27,0.192113
2002-02-28,0.179414
2002-03-01,0.19443
2002-03-04,0.161285
2002-03-06,0.177163
2002-03-07,0.151975
2002-03-10,0.147515
2002-03-12,0.175945
2002-03-13,0.243586
2002-03-14,0.169489
2002-03-15,0.147263
2002-03-20,0.177917
2002-03-21,0.155445
2002-03-22,0.176769
2002-03-28,0.196401
2002-04-01,0.201278
2002-04-02,0.244495
2002-04-03,0.230404
2002-04-06,0.249027
2002-04-10,0.201328
2002-04-11,0.200198
2002-04-12,0.167113
2002-04-15,0.189932
2002-04-17,0.188878
2002-04-18,0.179579
2002-04-19,0.169652
2002-04-22,0.192071
2002-04-23,0.197606
2002-04-24,0.197372
2002-04-25,0.192814
2002-04-26,0.192834
2002-04-29,0.190314
2002-04-30,0.172317
2002-05-02,0.174497
2002-05-03,0.171145
2002-05-06,0.174321
2002-05-07,0.187527
2002-05-08,0.213261
2002-05-11,0.21318
2002-05-12,0.199448
2002-05-13,0.17457
2002-05-14,0.18053
2002-05-15,0.198012
2002-05-16,0.201777
2002-05-17,0.201589
2002-05-21,0.232097
2002-05-22,0.210028
2002-05-23,0.240614
2002-05-24,0.20642
2002-05-28,0.54773
2002-05-29,0.197317
2002-05-31,0.21889
2002-06-02,0.226002
2002-06-03,0.189168
2002-06-06,0.231013
2002-06-08,0.275376
2002-06-11,0.215262
2002-06-12,0.263136
2002-06-13,0.225912
2002-06-14,0.224252
2002-06-28,0.227662
2002-07-01,0.209552
2002-07-02,0.2029
2002-07-06,0.210496
2002-07-08,0.207519
2002-07-10,0.256929
2002-07-11,0.203118
2002-07-15,0.196978
2002-07-16,0.181681
2002-07-17,0.177269
2002-07-18,0.173552
2002-07-19,0.196967
2002-07-22,0.212141
2002-07-23,0.20766
2002-07-24,0.21366
2002-07-25,0.182577
2002-07-26,0.187864
2002-07-29,0.169641
2002-08-01,0.198065
2002-08-02,0.198079
2002-08-03,0.251871
2002-08-05,0.167391
2002-08-07,0.169232
2002-08-08,0.179332
2002-08-10,0.210254
2002-08-11,0.227055
2002-08-13,0.255451
2002-08-14,0.233692
2002-08-16,0.222435
2002-08-19,0.180774
2002-08-20,0.177422
2002-08-21,0.251348
2002-08-22,0.213344
2002-08-23,0.252119
2002-08-26,0.18578
2002-08-27,0.180298
2002-08-28,0.175245
2002-08-29,0.187563
2002-08-30,0.196244
2002-09-01,0.193493
2002-09-07,0.224626
2002-09-08,0.218947
2002-09-09,0.180166
2002-09-10,0.235369
2002-09-12,0.233892
2002-09-13,0.209157
2002-09-16,0.216288
2002-09-17,0.177974
2002-09-18,0.211071
2002-09-19,0.219387
2002-09-20,0.211341
2002-09-23,0.216609
2002-09-24,0.214976
2002-09-25,0.252912
2002-09-26,0.25797
2002-09-27,0.258175
2002-09-30,0.259637
2002-10-01,0.216893
2002-10-05,0.267372
2002-10-06,0.207931
2002-10-07,0.181667
2002-10-09,0.230616
2002-10-10,0.234784
2002-10-12,0.227127
2002-10-14,0.22923
2002-10-15,0.573891
2002-10-16,0.212784
2002-10-17,0.225106
2002-10-18,0.181254
2002-10-21,0.590609
2002-10-22,0.262389
2002-10-23,0.180306
2002-10-24,0.190811
2002-10-25,0.162335
2002-10-29,0.161032
2002-10-30,0.197493
2002-11-01,0.171718
2002-11-02,0.175028
2002-11-03,0.165654
2002-11-04,0.16721
2002-11-06,0.165076
2002-11-07,0.166403
2002-11-09,0.189262
2002-11-10,0.235482
2002-11-12,0.179594
2002-11-13,0.188188
2002-11-18,0.176605
2002-11-29,0.219478
2002-12-02,0.192614
2002-12-03,0.222499
2002-12-04,0.204543
2002-12-06,0.18622
2002-12-07,0.173192
2002-12-09,0.186332
2002-12-11,0.190004
2002-12-12,0.196895
2002-12-13,0.272069
2002-12-16,0.215591
2002-12-19,0.19302
2003-01-04,0.235865
2003-01-08,0.2218
2003-01-10,0.205403
2003-01-13,0.174066
2003-01-14,0.178327
2003-01-15,0.179542
2003-01-16,0.227173
2003-01-17,0.181611
2003-01-21,0.206182
2003-01-22,0.187531
2003-01-23,0.157555
2003-01-24,0.1614
2003-01-27,0.292581
2003-02-04,0.236558
2003-02-06,0.218655
2003-02-07,0.325754
2003-02-09,0.313558
2003-02-10,0.369741
2003-02-12,0.367681
2003-02-20,0.318512
2003-02-21,0.365887
2003-02-24,0.222375
2003-02-25,0.276644
2003-02-26,0.214037
2003-02-27,0.216826
2003-02-28,0.194628
2003-03-03,0.157853
2003-03-04,0.152698
2003-03-06,0.183624
2003-03-07,0.156
2003-03-09,0.188532
2003-03-10,0.160323
2003-03-11,0.161395
2003-03-12,0.185029
2003-03-13,0.154994
2003-03-14,0.161601
2003-03-18,0.181255
2003-03-19,0.176157
2003-03-20,0.155105
2003-03-21,0.166669
2003-03-24,0.186772
2003-03-26,0.158573
2003-03-27,0.156337
2003-03-28,0.166538
2003-03-31,0.165954
2003-04-03,0.180963
2003-04-04,0.220137
2003-04-06,0.21663
2003-04-08,0.182446
2003-04-09,0.187693
2003-04-11,0.158744
2003-04-12,0.180959
2003-04-14,0.175572
2003-04-15,0.175043
2003-04-16,0.206431
2003-04-17,0.204041
2003-04-22,0.206824
2003-05-03,0.154122
2003-05-06,0.169994
2003-05-08,0.14756
2003-05-09,0.186658
2003-05-11,0.173056
2003-05-12,0.169104
2003-05-13,0.17703
2003-05-14,0.186798
2003-05-15,0.185706
2003-05-16,0.148636
2003-05-19,0.154604
2003-05-20,0.150293
2003-05-21,0.19853
2003-05-22,0.184583
2003-05-23,0.187033
2003-05-27,0.222755
2003-05-28,0.248233
2003-05-30,0.168514
2003-06-03,0.160275
2003-06-06,0.151433
2003-06-08,0.164063
2003-06-10,0.165375
2003-06-11,0.192033
2003-06-13,0.153689
2003-06-17,0.322572
2003-06-18,0.170193
2003-06-20,0.151903
2003-06-23,0.153209
2003-06-24,0.152488
2003-06-25,0.15557
2003-06-26,0.153312
2003-06-27,0.156466
2003-07-01,0.15873
2003-07-03,0.153163
2003-07-04,0.169721
2003-07-07,0.171685
2003-07-08,0.287411
2003-07-10,0.180231
2003-07-11,0.185166
2003-07-14,0.185183
2003-07-15,0.1766
2003-07-16,0.178154
2003-07-17,0.202974
2003-07-18,0.216186
2003-07-21,0.233131
2003-07-22,0.216695
2003-07-23,0.21789
2003-07-24,0.212868
2003-07-25,0.200598
2003-07-28,0.195868
2003-07-29,0.22501
2003-07-30,0.377645
2003-07-31,0.191299
2003-08-01,0.186278
2003-08-05,0.209079
2003-08-07,0.199674
2003-08-08,0.215009
2003-08-09,0.208718
2003-08-10,0.187415
2003-08-13,0.222896
2003-08-14,0.15137
2003-08-18,0.194415
2003-08-19,0.200092
2003-08-20,0.197739
2003-08-21,0.185219
2003-08-22,0.216551
2003-08-25,0.16342
2003-08-26,0.151022
2003-08-27,0.217393
2003-08-28,0.178792
2003-08-29,0.216798
2003-09-01,0.204055
2003-09-05,0.196054
2003-09-07,0.152231
2003-09-09,0.188252
2003-09-10,0.185116
2003-09-12,0.159178
2003-09-15,0.1594
2003-09-16,0.16396
2003-09-17,0.152812
2003-09-18,0.193808
2003-09-19,0.20111
2003-09-22,0.155154
2003-09-23,0.157417
2003-09-24,0.217604
2003-09-25,0.228719
2003-09-26,0.246827
2003-09-29,0.284075
2003-09-30,0.326366
2003-10-01,0.239284
2003-10-06,0.233801
2003-10-07,0.257527
2003-10-09,0.261178
2003-10-10,0.19577
2003-10-11,0.208631
2003-10-12,0.213647
2003-10-13,0.18915
2003-10-14,0.197263
2003-10-15,0.232522
2003-10-16,0.234033
2003-10-17,0.243541
2003-10-20,0.207694
2003-10-21,0.209359
2003-10-22,0.199104
2003-10-23,0.192258
2003-10-24,0.205857
2003-10-27,0.174266
2003-10-29,0.181463
2003-10-30,0.180578
2003-10-31,0.180164
2003-11-03,0.161726
2003-11-06,0.153715
2003-11-07,0.165813
2003-11-08,0.164014
2003-11-09,0.168976
2003-11-12,0.157892
2003-11-14,0.160922
2003-11-17,0.161873
2003-11-18,0.157032
2003-11-19,0.155466
2003-11-20,0.156252
2003-11-21,0.155937
2003-11-24,0.161477
2003-11-25,0.166483
2003-11-26,0.17951
2003-11-28,0.229538
2003-12-03,0.185161
2003-12-05,0.199905
2003-12-06,0.162119
2003-12-08,0.211053
2003-12-09,0.173521
2003-12-11,0.156513
2003-12-12,0.184176
2003-12-15,0.175971
2003-12-16,0.151645
2003-12-17,0.154061
2003-12-18,0.159728
2003-12-19,0.154109
2004-01-03,0.178269
2004-01-04,0.15643
2004-01-06,0.156862
2004-01-07,0.176799
2004-01-09,0.166544
2004-01-10,0.168672
2004-01-13,0.200634
2004-01-14,0.410871
2004-01-15,0.255459
2004-01-16,0.187569
2004-01-20,0.181402
2004-01-21,0.190623
2004-01-22,0.171566
2004-01-26,0.168141
2004-01-27,0.177192
2004-01-28,0.154988
2004-01-29,0.154592
2004-01-30,0.162571
2004-02-02,0.189663
2004-02-03,0.190548
2004-02-04,0.189058
2004-02-06,0.157894
2004-02-07,0.162657
2004-02-08,0.187971
2004-02-09,0.184937
2004-02-11,0.214077
2004-02-12,0.175551
2004-02-13,0.153657
2004-02-17,0.157566
2004-02-18,0.199171
2004-02-19,0.182933
2004-02-20,0.181959
2004-02-24,0.155897
2004-02-25,0.159404
2004-02-26,0.169452
2004-02-27,0.148103
2004-03-02,0.171248
2004-03-03,0.205447
2004-03-06,0.209725
2004-03-08,0.191032
2004-03-09,0.16565
2004-03-11,0.157523
2004-03-12,0.146381
2004-03-15,0.15729
2004-03-16,0.155646
2004-03-17,0.161073
2004-03-19,0.161565
2004-03-22,0.161214
2004-03-23,0.147649
2004-03-24,0.151647
2004-03-26,0.151614
2004-03-29,0.153478
2004-03-30,0.152541
2004-03-31,0.15275
2004-04-02,0.205269
2004-04-03,0.164128
2004-04-05,0.16012
2004-04-06,0.184555
2004-04-08,0.179564
2004-04-10,0.182143
2004-04-11,0.190841
2004-04-13,0.198786
2004-04-14,0.177727
2004-04-15,0.180779
2004-04-16,0.184206
2004-04-19,0.173917
2004-04-20,0.181158
2004-04-21,0.184599
2004-04-22,0.18109
2004-04-23,0.159149
2004-04-30,0.177347
2004-05-02,0.14885
2004-05-03,0.173464
2004-05-05,0.177693
2004-05-08,0.177423
2004-05-10,0.179779
2004-05-11,0.179718
2004-05-13,0.19295
2004-05-14,0.200299
2004-05-17,0.227977
2004-05-18,0.183352
2004-05-19,0.179925
2004-05-21,0.214324
2004-05-24,0.152663
2004-05-25,0.151738
2004-05-26,0.150678
2004-05-27,0.18042
2004-05-28,0.182603
2004-06-02,0.18315
2004-06-05,0.175391
2004-06-07,0.188452
2004-06-08,0.18629
2004-06-10,0.194163
2004-06-12,0.174562
2004-06-14,0.154358
2004-06-15,0.175847
2004-06-16,0.209078
2004-06-17,0.247201
2004-06-18,0.231646
2004-06-21,0.277993
2004-06-22,0.289182
2004-06-23,0.282549
2004-06-24,0.317339
2004-06-25,0.209558
2004-06-28,0.17905
2004-06-29,0.181855
2004-06-30,0.174737
2004-07-01,0.170316
2004-07-05,0.173071
2004-07-06,0.208182
2004-07-07,0.170109
2004-07-09,0.174169
2004-07-10,0.192107
2004-07-12,0.17036
2004-07-13,0.174505
2004-07-14,0.20587
2004-07-15,0.180331
2004-07-16,0.212236
2004-07-19,0.205013
2004-07-20,0.162796
2004-07-21,0.180112
2004-07-22,0.159241
2004-07-23,0.163277
2004-07-26,0.164517
2004-07-27,0.168502
2004-07-28,0.169598
2004-07-29,0.161177
2004-07-30,0.159454
2004-08-03,0.159153
2004-08-06,0.160349
2004-08-07,0.167568
2004-08-09,0.172221
2004-08-10,0.202941
2004-08-11,0.164543
2004-08-16,0.155105
2004-08-17,0.156525
2004-08-18,0.152956
2004-08-19,0.181322
2004-08-20,0.150587
2004-08-23,0.149598
2004-08-24,0.308002
2004-08-25,0.179682
2004-08-26,0.182579
2004-08-27,0.217654
2004-08-30,0.176542
2004-08-31,0.168374
2004-09-02,0.148914
2004-09-03,0.17695
2004-09-06,0.199519
2004-09-07,0.183701
2004-09-08,0.229031
2004-09-09,0.172573
2004-09-11,0.207509
2004-09-12,0.187594
2004-09-13,0.223826
2004-09-14,0.235415
2004-09-15,0.252553
2004-09-16,0.206956
2004-09-17,0.239702
2004-09-23,0.252666
2004-09-24,0.289252
2004-09-27,0.226357
2004-09-28,0.222366
2004-09-29,0.21504
2004-09-30,0.185258
2004-10-02,0.207303
2004-10-03,0.215054
2004-10-05,0.176699
2004-10-08,0.174131
2004-10-09,0.153916
2004-10-11,0.206505
2004-10-12,0.174869
2004-10-13,0.154034
2004-10-14,0.153921
2004-10-15,0.17801
2004-10-18,0.158832
2004-10-19,0.176963
2004-10-20,0.188446
2004-10-21,0.187907
2004-10-22,0.162675
2004-10-25,0.155234
2004-10-27,0.225775
2004-10-29,0.159517
2004-11-02,0.193621
2004-11-03,0.189661
2004-11-05,0.195579
2004-11-08,0.207827
2004-11-10,0.197706
2004-11-15,0.230933
2004-11-16,0.170853
2004-11-17,0.161272
2004-11-18,0.18816
2004-11-19,0.21527
2004-11-22,0.295014
2004-11-23,0.214862
2004-11-24,0.254536
2004-11-26,0.285532
2004-11-29,0.228343
2004-11-30,0.211235
2004-12-01,0.267505
2004-12-02,0.189729
2004-12-03,0.186879
2004-12-05,0.211514
2004-12-07,0.214165
2004-12-08,0.275451
2004-12-10,0.274698
2004-12-11,0.324088
2004-12-13,0.190856
2004-12-14,0.153026
2004-12-15,0.151345
2004-12-16,0.180601
2004-12-17,0.179499
2004-12-20,0.176176
2004-12-21,0.181
2004-12-22,0.186646
2004-12-23,0.186774
2005-01-02,0.186881
2005-01-03,0.186943
2005-01-04,0.161945
2005-01-09,0.157261
2005-01-13,0.186031
2005-01-14,0.192047
2005-01-18,0.198113
2005-01-19,0.195425
2005-01-20,0.219445
2005-01-21,0.194763
2005-01-24,0.166243
2005-01-25,0.199916
2005-01-26,0.206562
2005-01-27,0.217992
2005-01-28,0.21676
2005-01-31,0.214851
2005-02-02,0.217409
2005-02-08,0.183153
2005-02-11,0.155424
2005-02-14,0.151565
2005-02-15,0.216435
2005-02-16,0.151577
2005-02-17,0.20907
2005-02-18,0.309311
2005-02-22,0.158235
2005-02-23,0.162904
2005-02-24,0.153505
2005-02-25,0.179225
2005-02-28,0.162137
2005-03-01,0.15858
2005-03-02,0.152969
2005-03-08,0.149775
2005-03-10,0.184873
2005-03-11,0.221753
2005-03-15,0.246682
2005-03-16,0.258688
2005-03-17,0.148534
2005-03-18,0.150695
2005-03-21,0.210704
2005-03-22,0.225014
2005-03-23,0.242609
2005-03-24,0.250042
2005-03-29,0.243756
2005-03-30,0.21028
2005-03-31,0.242075
2005-04-01,0.225921
2005-04-02,0.222527
2005-04-04,0.262241
2005-04-08,0.259242
2005-04-10,0.21144
2005-04-11,0.22358
2005-04-18,0.195131
2005-04-19,0.18835
2005-04-20,0.179027
2005-04-21,0.188492
2005-04-22,0.186366
2005-04-25,0.191948
2005-04-26,0.238646
2005-04-27,0.179149
2005-04-28,0.207952
2005-05-01,0.217008
2005-05-04,0.214358
2005-05-08,0.265817
2005-05-10,0.216167
2005-05-13,0.213103
2005-05-17,0.190053
2005-05-18,0.183524
2005-05-19,0.183062
2005-05-20,0.19136
2005-05-23,0.188734
2005-05-24,0.223934
2005-05-25,0.184626
2005-05-27,0.176202
2005-06-04,0.219264
2005-06-05,0.172228
2005-06-10,0.17239
2005-06-12,0.174625
2005-07-01,0.196667
2005-07-02,0.152
2005-07-03,0.177603
2005-07-04,0.151824
2005-07-10,0.206157
2005-07-11,0.181187
2005-07-12,0.177032
2005-08-02,0.197779
2005-08-03,0.178387
2005-08-08,0.165546
2005-08-09,0.20781
2005-08-11,0.200859
2005-08-16,0.213371
2005-08-17,0.192642
2005-08-18,0.296671
2005-08-19,0.177187
2005-08-22,0.176727
2005-08-23,0.170938
2005-08-24,0.170038
2005-08-29,0.206234
2005-08-30,0.184754
2005-08-31,0.183429
2005-09-02,0.174856
2005-09-03,0.178703
2005-09-05,0.191989
2005-09-08,0.224685
2005-09-09,0.217342
2005-09-11,0.158472
2005-09-12,0.674688
2005-09-13,0.177715
2005-09-14,0.200044
2005-09-15,0.199898
2005-09-16,0.201836
2005-09-19,0.189092
2005-09-20,0.203475
2005-09-21,0.167792
2005-09-22,0.185646
2005-09-23,0.161754
2005-09-26,0.175262
2005-09-27,0.164685
2005-09-28,0.163002
2005-09-29,0.160126
2005-09-30,0.155714
2005-10-01,0.2022
2005-10-02,0.167892
2005-10-03,0.228601
2005-10-05,0.261355
2005-10-08,0.216083
2005-10-10,0.169906
2005-10-11,0.157227
2005-10-13,0.147815
2005-10-14,0.149478
2005-10-17,0.177317
2005-10-18,0.150502
2005-10-19,0.163888
2005-10-20,0.160427
2005-10-21,0.169592
2005-10-24,0.169066
2005-10-25,0.174021
2005-10-27,0.213675
2005-10-31,0.179507
2005-11-01,0.170054
2005-11-02,0.198986
2005-11-03,0.68326
2005-11-05,0.203708
2005-11-08,0.179269
2005-11-10,0.181743
2005-11-14,0.220307
2005-11-15,0.220095
2005-11-16,0.231275
2005-11-17,0.23873
2005-11-18,0.671295
2005-11-21,0.666837
2005-11-22,0.193374
2005-11-23,0.189409
2005-11-25,0.177224
2005-11-28,0.651693
2005-11-29,0.184748
2005-11-30,0.632724
2005-12-01,0.168483
2005-12-05,0.659101
2005-12-08,0.198603
2005-12-09,0.184993
2005-12-10,0.181429
2005-12-12,0.177392
2005-12-13,0.173172
2005-12-14,0.173354
2005-12-15,0.175043
2005-12-16,0.182398
2005-12-19,0.682981
2005-12-20,0.657668
2005-12-21,0.198982
2005-12-22,0.20294
2005-12-23,0.286227
2006-01-02,0.719804
2006-01-03,0.246319
2006-01-06,0.164223
2006-01-08,0.208093
2006-01-09,0.155611
2006-01-13,0.16367
2006-01-17,0.162985
2006-01-18,0.15496
2006-01-19,0.207687
2006-01-20,0.209869
2006-01-23,0.202425
2006-01-24,0.165271
2006-01-25,0.240633
2006-01-26,0.219959
2006-01-27,0.205372
2006-01-30,0.198369
2006-01-31,0.192278
2006-02-02,0.196457
2006-02-03,0.211416
2006-02-06,0.160097
2006-02-08,0.166262
2006-02-10,0.15631
2006-02-11,0.160485
2006-02-13,0.168833
2006-02-14,0.167098
2006-02-15,0.165909
2006-02-16,0.250123
2006-02-17,0.245245
2006-02-21,0.163264
2006-02-22,0.16946
2006-02-23,0.159964
2006-02-24,0.189155
2006-02-27,0.204637
2006-02-28,0.201644
2006-03-01,0.195443
2006-03-02,0.160213
2006-03-03,0.15815
2006-03-04,0.161207
2006-03-07,0.169181
2006-03-08,0.171469
2006-03-10,0.189513
2006-03-11,0.158563
2006-03-13,0.181694
2006-03-14,0.164616
2006-03-15,0.217154
2006-03-16,0.190693
2006-03-17,0.164336
2006-03-20,0.166358
2006-03-21,0.164332
2006-03-22,0.163436
2006-03-27,0.164072
2006-03-28,0.163999
2006-03-31,0.157193
2006-04-01,0.165256
2006-04-04,0.160336
2006-04-05,0.163096
2006-04-08,0.170652
2006-04-10,0.164818
2006-04-12,0.157401
2006-04-13,0.150818
2006-04-18,0.177309
2006-04-19,0.158544
2006-05-01,0.156905
2006-05-04,0.159007
2006-05-05,0.163266
2006-05-07,0.162065
2006-05-09,0.155175
2006-05-10,0.157807
2006-05-12,0.154098
2006-05-15,0.152641
2006-05-16,0.17713
2006-05-17,0.17233
2006-05-18,0.220234
2006-05-19,0.186445
2006-05-22,0.280509
2006-05-23,0.211032
2006-05-24,0.328888
2006-05-26,0.281341
2006-05-30,0.250032
2006-05-31,0.178321
2006-06-02,0.202464
2006-06-04,0.195949
2006-06-06,0.179365
2006-06-07,0.20211
2006-06-10,0.194439
2006-06-11,0.216152
2006-06-12,0.244212
2006-06-13,0.247315
2006-06-14,0.243497
2006-06-16,0.151898
2006-06-19,0.177306
2006-06-20,0.159343
2006-06-21,0.151532
2006-06-22,0.157669
2006-06-23,0.195652
2006-06-26,0.198975
2006-06-27,0.151979
2006-06-28,0.17196
2006-06-29,0.212194
2006-06-30,0.182633
2006-07-02,0.206212
2006-07-03,0.187712
2006-07-04,0.221565
2006-07-06,0.192941
2006-07-07,0.194959
2006-07-08,0.188609
2006-07-11,0.188279
2006-07-12,0.190977
2006-07-13,0.219994
2006-07-14,0.181593
2006-07-17,0.194263
2006-07-18,0.233083
2006-07-19,0.189996
2006-07-20,0.211175
2006-07-21,0.252617
2006-07-24,0.175332
2006-07-25,0.173765
2006-07-26,0.20283
2006-07-27,0.156836
2006-07-28,0.703609
2006-07-31,0.230046
2006-08-02,0.193883
2006-08-03,0.157838
2006-08-05,0.18147
2006-08-06,0.187377
2006-08-08,0.197252
2006-08-11,0.163335
2006-08-14,0.162765
2006-08-16,0.168196
2006-08-17,0.160835
2006-08-18,0.158158
2006-08-21,0.154296
2006-08-22,0.157728
2006-08-23,0.158102
2006-08-24,0.185554
2006-08-25,0.190763
2006-08-28,0.184644
2006-08-29,0.18715
2006-08-30,0.19385
2006-08-31,0.195069
2006-09-01,0.195619
2006-09-02,0.158361
2006-09-03,0.165953
2006-09-05,0.159812
2006-09-06,0.185497
2006-09-08,0.186354
2006-09-10,0.170724
2006-09-11,0.170658
2006-09-13,0.17084
2006-09-14,0.159647
2006-09-15,0.179912
2006-09-29,0.550216
2006-10-01,0.160734
2006-10-02,0.162776
2006-10-03,0.155756
2006-10-04,0.187828
2006-10-05,0.183797
2006-10-07,0.154925
2006-10-08,0.155407
2006-10-10,0.157667
2006-10-11,0.239571
2006-10-13,0.176163
2006-10-16,0.162533
2006-10-17,0.165953
2006-10-18,0.174666
2006-10-19,0.157713
2006-10-20,0.148991
2006-10-23,0.149828
2006-10-24,0.151262
2006-10-25,0.147376
2006-10-27,0.150796
2006-10-30,0.192155
2006-10-31,0.32891
2006-11-01,0.153297
2006-11-04,0.151297
2006-11-05,0.156919
2006-11-07,0.163287
2006-11-08,0.150839
2006-11-09,0.160387
2006-11-10,0.161673
2006-11-12,0.152268
2006-11-13,0.157694
2006-11-14,0.157109
2006-11-15,0.154007
2006-11-16,0.156914
2006-11-17,0.175016
2006-11-20,0.179526
2006-11-21,0.184807
2006-11-22,0.185101
2006-11-24,0.243595
2006-11-27,0.242552
2006-11-28,0.175789
2006-11-29,0.166279
2006-11-30,0.156302
2006-12-01,0.155463
2006-12-04,0.16153
2006-12-05,0.165785
2006-12-07,0.156606
2006-12-09,0.157163
2006-12-10,0.160684
2006-12-12,0.153168
2006-12-13,0.171595
2006-12-14,0.169369
2006-12-15,0.148905
2006-12-18,0.150009
2006-12-19,0.156593
2007-01-02,0.181515
2007-01-03,0.181715
2007-01-06,0.144372
2007-01-08,0.144459
2007-01-10,0.148622
2007-01-16,0.144814
2007-01-17,0.144054
2007-01-18,0.146147
2007-01-19,0.144255
2007-01-22,0.14866
2007-01-25,0.166632
2007-01-26,0.170851
2007-01-29,0.154223
2007-01-30,0.150687
2007-01-31,0.15534
2007-02-02,0.153833
2007-02-03,0.148937
2007-02-04,0.150089
2007-02-07,0.150501
2007-02-08,0.179718
2007-02-10,0.157885
2007-02-11,0.168554
2007-02-13,0.149892
2007-02-14,0.158801
2007-02-15,0.154281
2007-02-16,0.157376
2007-02-20,0.148695
2007-02-21,0.148903
2007-02-28,0.148861
2007-03-01,0.167113
2007-03-04,0.156802
2007-03-07,0.152116
2007-03-08,0.148801
2007-03-10,0.153129
2007-03-12,0.150866
2007-03-13,0.173221
2007-03-14,0.176162
2007-03-15,0.151899
2007-03-16,0.152215
2007-03-19,0.168444
2007-03-20,0.152665
2007-03-21,0.159929
2007-03-22,0.17432
2007-03-23,0.17608
2007-03-26,0.175185
2007-03-27,0.153793
2007-03-28,0.156408
2007-03-29,0.155551
2007-03-30,0.149209
2007-04-01,0.151891
2007-04-04,0.148249
2007-04-05,0.151305
2007-04-06,0.15176
2007-04-09,0.149896
2007-04-10,0.148762
2007-04-12,0.152977
2007-04-13,0.151706
2007-04-16,0.150733
2007-04-17,0.166089
2007-04-24,0.155379
2007-05-01,0.152261
2007-05-02,0.178329
2007-05-03,0.255096
2007-05-04,0.173523
2007-05-06,0.211554
2007-05-07,0.168216
2007-05-09,0.149329
2007-05-10,0.214006
2007-05-11,0.222849
2007-05-12,0.226949
2007-05-14,0.171793
2007-05-15,0.171532
2007-05-16,0.174604
2007-05-18,0.182318
2007-05-21,0.187669
2007-05-22,0.180657
2007-05-23,0.177822
2007-05-24,0.178858
2007-05-25,0.156674
2007-05-29,0.152384
2007-05-30,0.150466
2007-05-31,0.152506
2007-06-02,0.160443
2007-06-03,0.154387
2007-06-06,0.285502
2007-06-07,0.327176
2007-06-08,0.173169
2007-06-09,0.147264
2007-06-11,0.146383
2007-06-12,0.151002
2007-06-13,0.149324
2007-06-14,0.1464
2007-06-15,0.151515
2007-06-18,0.150053
2007-06-19,0.153774
2007-06-20,0.152519
2007-06-21,0.150118
2007-06-22,0.157011
2007-06-25,0.154993
2007-06-26,0.162666
2007-06-27,0.159358
2007-06-28,0.159567
2007-06-29,0.157906
2007-07-02,0.160348
2007-07-03,0.16167
2007-07-05,0.151798
2007-07-08,0.320113
2007-07-09,0.161706
2007-07-11,0.164812
2007-07-12,0.154431
2007-07-13,0.15247
2007-07-16,0.149567
2007-07-17,0.153342
2007-07-18,0.155751
2007-07-19,0.154351
2007-07-20,0.151018
2007-07-23,0.156912
2007-07-24,0.18153
2007-07-25,0.156322
2007-07-26,0.164928
2007-07-27,0.197279
2007-07-30,0.171524
2007-07-31,0.156879
2007-08-01,0.147897
2007-08-02,0.154435
2007-08-03,0.151136
2007-08-05,0.146798
2007-08-06,0.161109
2007-08-08,0.155393
2007-08-10,0.159049
2007-08-13,0.147358
2007-08-14,0.168262
2007-08-16,0.146375
2007-08-17,0.169144
2007-08-20,0.198634
2007-08-21,0.183958
2007-08-22,0.150066
2007-08-23,0.180888
2007-08-24,0.150505
2007-08-27,0.147972
2007-08-28,0.168311
2007-08-29,0.151873
2007-08-30,0.185122
2007-08-31,0.181919
2007-09-01,0.195753
2007-09-02,0.153623
2007-09-03,0.15472
2007-09-05,0.15105
2007-09-07,0.150637
2007-09-08,0.151165
2007-09-10,0.146288
2007-09-13,0.153684
2007-09-14,0.149262
2007-09-17,0.158554
2007-09-18,0.16191
2007-09-19,0.194038
2007-09-20,0.256991
2007-09-21,0.174107
2007-09-24,0.166742
2007-09-25,0.153974
2007-09-26,0.184805
2007-09-27,0.161122
2007-09-28,0.166447
2007-10-01,0.173576
2007-10-04,0.169587
2007-10-05,0.170019
2007-10-07,0.166631
2007-10-08,0.167821
2007-10-09,0.166358
2007-10-10,0.163166
2007-10-12,0.162186
2007-10-18,0.159979
2007-10-19,0.16619
2007-10-22,0.16393
2007-10-23,0.174057
2007-10-24,0.158295
2007-10-25,0.197894
2007-10-29,0.19192
2007-10-30,0.179905
2007-10-31,0.19732
2007-11-01,0.184743
2007-11-04,0.182258
2007-11-05,0.193448
2007-11-06,0.199235
2007-11-07,0.179362
2007-11-09,0.21956
2007-11-10,0.200074
2007-11-12,0.193127
2007-11-13,0.19144
2007-11-14,0.1866
2007-11-15,0.176682
2007-11-16,0.20244
2007-11-19,0.214757
2007-11-20,0.196362
2007-11-21,0.193264
2007-11-23,0.189426
2007-11-26,0.195701
2007-11-27,0.236262
2007-11-28,0.184669
2007-11-29,0.195165
2007-11-30,0.194815
2007-12-01,0.196587
2007-12-02,0.194002
2007-12-03,0.194496
2007-12-04,0.174822
2007-12-06,0.177949
2007-12-07,0.164732
2007-12-09,0.165507
2007-12-10,0.163536
2007-12-11,0.17592
2007-12-12,0.165178
2007-12-13,0.169741
2007-12-14,0.168996
2007-12-17,0.160874
2007-12-18,0.158447
2007-12-19,0.159156
2007-12-20,0.170736
2007-12-21,0.170108
2008-01-02,0.15716
2008-01-04,0.165544
2008-01-07,0.175771
2008-01-08,0.172086
2008-01-14,0.16893
2008-01-15,0.16576
2008-01-16,0.191261
2008-01-17,0.179602
2008-01-18,0.207151
2008-01-22,0.186855
2008-01-23,0.206677
2008-01-24,0.210448
2008-01-25,0.201418
2008-01-28,0.256681
2008-01-29,0.189626
2008-01-30,0.180533
2008-01-31,0.168041
2008-02-04,0.176896
2008-02-06,0.169751
2008-02-07,0.162911
2008-02-13,0.173266
2008-02-14,0.160964
2008-02-15,0.157211
2008-02-19,0.183261
2008-02-20,0.192831
2008-02-21,0.16439
2008-02-22,0.19492
2008-02-25,0.160467
2008-02-26,0.155982
2008-02-27,0.153427
2008-02-28,0.154215
2008-02-29,0.154491
2008-03-01,0.179078
2008-03-03,0.159173
2008-03-04,0.162186
2008-03-06,0.155801
2008-03-07,0.161918
2008-03-09,0.163017
2008-03-17,0.153429
2008-03-18,0.171348
2008-03-19,0.150415
2008-03-20,0.154573
2008-03-26,0.151304
2008-03-27,0.171983
2008-03-28,0.152701
2008-03-31,0.360406
2008-04-01,0.196896
2008-04-02,0.174719
2008-04-04,0.272991
2008-04-06,0.386972
2008-04-08,0.184834
2008-04-09,0.578773
2008-04-14,0.154068
2008-04-15,0.152522
2008-04-16,0.150854
2008-04-17,0.151169
2008-04-18,0.155077
2008-04-21,0.158136
2008-04-29,0.153597
2008-04-30,0.157417
2008-05-02,0.230279
2008-05-05,0.162138
2008-05-06,0.159516
2008-05-08,0.162696
2008-05-09,0.167094
2008-05-13,0.280986
2008-05-14,0.25335
2008-05-15,0.169441
2008-05-16,0.169662
2008-05-19,0.163654
2008-05-20,0.173506
2008-05-21,0.174546
2008-05-23,0.168291
2008-05-27,0.238633
2008-05-28,0.170837
2008-05-29,0.175066
2008-05-30,0.190672
2008-06-02,0.182343
2008-06-03,0.175544
2008-06-05,0.170348
2008-06-06,0.15911
2008-06-08,0.153803
2008-06-13,0.153525
2008-06-17,0.152866
2008-06-18,0.158656
2008-06-19,0.159205
2008-06-20,0.170181
2008-06-23,0.173368
2008-06-24,0.167049
2008-06-25,0.193145
2008-06-26,0.223354
2008-06-27,0.229666
2008-06-30,0.226978
2008-07-01,0.220705
2008-07-02,0.193176
2008-07-03,0.192776
2008-07-04,0.206428
2008-07-05,0.234935
2008-07-07,0.243692
2008-07-08,0.26851
2008-07-14,0.253408
2008-07-15,0.200133
2008-07-16,0.178499
2008-07-21,0.303068
2008-07-22,0.199291
2008-07-23,0.16667
2008-07-24,0.177272
2008-07-25,0.188304
2008-07-28,0.204934
2008-07-29,0.179954
2008-07-30,0.180019
2008-07-31,0.227377
2008-08-01,0.219385
2008-08-02,0.195975
2008-08-04,0.184617
2008-08-05,0.241486
2008-08-07,0.209573
2008-08-08,0.215492
2008-08-09,0.202914
2008-08-13,0.196617
2008-08-14,0.199376
2008-08-18,0.233465
2008-08-19,0.232798
2008-08-20,0.17481
2008-08-21,0.156884
2008-08-22,0.156215
2008-08-25,0.163153
2008-08-26,0.158674
2008-08-27,0.149951
2008-08-28,0.210707
2008-08-29,0.245134
2008-09-01,0.165761
2008-09-04,0.28492
2008-09-05,0.285271
2008-09-06,0.253785
2008-09-07,0.206977
2008-09-09,0.235169
2008-10-01,0.145235
2008-10-04,0.185755
2008-10-06,0.14908
2008-10-07,0.596683
2008-10-09,0.180677
2008-11-01,0.226766
2008-11-02,0.235015
2008-11-03,0.181381
2008-11-04,0.199628
2008-11-06,0.195097
2008-11-07,0.192939
2008-11-08,0.192306
2008-11-09,0.191632
2008-12-02,0.181594
2008-12-03,0.256626
2008-12-06,0.25278
2008-12-08,0.261331
2008-12-09,0.233648
2009-01-04,0.154734
2009-01-07,0.192726
2009-01-09,0.199712
2009-01-10,0.166568
2009-01-13,0.151394
2009-01-14,0.166887
2009-01-15,0.159484
2009-01-16,0.1913
2009-01-20,0.19256
2009-01-21,0.274285
2009-01-22,0.268262
2009-01-23,0.277067
2009-01-26,0.264369
2009-01-27,0.250351
2009-01-28,0.263415
2009-01-29,0.209352
2009-01-30,0.245404
2009-02-02,0.221164
2009-02-04,0.167778
2009-02-06,0.169593
2009-02-07,0.170586
2009-02-09,0.173474
2009-02-10,0.164419
2009-02-11,0.217023
2009-02-12,0.207882
2009-02-13,0.207267
2009-02-17,0.189248
2009-02-18,0.198798
2009-02-19,0.178514
2009-02-20,0.174255
2009-02-23,0.205973
2009-02-24,0.205432
2009-02-25,0.190869
2009-02-26,0.195367
2009-02-27,0.199301
2009-03-02,0.21406
2009-03-03,0.20565
2009-03-04,0.170934
2009-03-06,0.172975
2009-03-08,0.162338
2009-03-09,0.167703
2009-03-11,0.166552
2009-03-12,0.15829
2009-03-13,0.169825
2009-03-16,0.157006
2009-03-17,0.167743
2009-03-18,0.158738
2009-03-19,0.159792
2009-03-20,0.172212
2009-03-23,0.159592
2009-03-24,0.159331
2009-03-26,0.176235
2009-03-27,0.161803
2009-03-30,0.159846
2009-03-31,0.181636
2009-04-02,0.175789
2009-04-03,0.177484
2009-04-05,0.176458
2009-04-06,0.174695
2009-04-08,0.175703
2009-04-09,0.171801
2009-04-11,0.15485
2009-04-12,0.162213
2009-04-14,0.160778
2009-04-15,0.155336
2009-04-16,0.1543
2009-04-21,0.159445
2009-04-22,0.155182
2009-04-23,0.160405
2009-04-24,0.16997
2009-04-27,0.163034
2009-04-28,0.162878
2009-05-02,0.163444
2009-05-03,0.181701
2009-05-05,0.155897
2009-05-06,0.17731
2009-05-08,0.173382
2009-05-10,0.182697
2009-05-11,0.181495
2009-05-13,0.179246
2009-05-14,0.154075
2009-05-15,0.158258
2009-05-18,0.148165
2009-05-19,0.1863
2009-05-20,0.188365
2009-05-22,0.158943
2009-05-26,0.159791
2009-05-27,0.157909
2009-05-28,0.158509
2009-05-29,0.152571
2009-06-02,0.1598
2009-06-03,0.152469
2009-06-04,0.149286
2009-06-05,0.15411
2009-06-07,0.152223
2009-06-08,0.147492
2009-06-10,0.144552
2009-06-11,0.149802
2009-06-15,0.14825
2009-06-16,0.150712
2009-06-17,0.151816
2009-06-18,0.14822
2009-06-19,0.14919
2009-06-22,0.180599
2009-06-23,0.150317
2009-06-24,0.149472
2009-06-25,0.153423
2009-06-26,0.158346
2009-06-29,0.160816
2009-06-30,0.159186
2009-07-01,0.156693
2009-07-04,0.179484
2009-07-05,0.175069
2009-07-07,0.178281
2009-07-08,0.148966
2009-07-10,0.163314
2009-07-12,0.160931
2009-07-13,0.168935
2009-07-14,0.218342
2009-07-15,0.234132
2009-07-16,0.158001
2009-07-17,0.166134
2009-07-20,0.152516
2009-07-21,0.151782
2009-07-22,0.150375
2009-07-23,0.157198
2009-07-24,0.177042
2009-07-27,0.179245
2009-07-28,0.15385
2009-07-29,0.148535
2009-07-30,0.160294
2009-07-31,0.148454
2009-08-01,0.149157
2009-08-04,0.154407
2009-08-05,0.157114
2009-08-07,0.154388
2009-08-09,0.151111
2009-08-10,0.153372
2009-08-13,0.154766
2009-08-14,0.1562
2009-08-17,0.214177
2009-08-18,0.205791
2009-08-19,0.196358
2009-08-20,0.19687
2009-08-21,0.212764
2009-08-24,0.210385
2009-08-25,0.182635
2009-08-26,0.169532
2009-08-27,0.165647
2009-08-28,0.195773
2009-08-31,0.238312
2009-09-01,0.232716
2009-09-02,0.236374
2009-09-03,0.212605
2009-09-04,0.209298
2009-09-06,0.170161
2009-09-07,0.242174
2009-09-09,0.170562
2009-09-10,0.220666
2009-09-11,0.214558
2009-09-12,0.222238
2009-09-14,0.213322
2009-09-15,0.188789
2009-09-16,0.152947
2009-09-17,0.188935
2009-09-18,0.174245
2009-09-21,0.192168
2009-09-22,0.187268
2009-09-23,0.1895
2009-09-24,0.179525
2009-09-25,0.157054
2009-09-28,0.246711
2009-09-29,0.259436
2009-09-30,0.24832
2009-10-02,0.239713
2009-10-03,0.207537
2009-10-06,0.224439
2009-10-07,0.231104
2009-10-08,0.201788
2009-10-09,0.187131
2009-10-11,0.18928
2009-10-12,0.203348
2009-10-13,0.250805
2009-10-14,0.35202
2009-10-15,0.356335
2009-10-16,0.333223
2009-10-19,0.329133
2009-10-20,0.344051
2009-10-21,0.334012
2009-10-22,0.292378
2009-10-23,0.248782
2009-10-27,0.299072
2009-10-29,0.340678
2009-10-30,0.346678
2009-11-02,0.187484
2009-11-03,0.161233
2009-11-05,0.147675
2009-11-08,0.146189
2009-11-09,0.147584
2009-11-12,0.149356
2009-11-13,0.147362
2009-11-16,0.156173
2009-11-17,0.157911
2009-11-18,0.182857
2009-11-19,0.156968
2009-11-20,0.161051
2009-11-23,0.157466
2009-11-24,0.149097
2009-11-25,0.155315
2009-11-27,0.156478
2009-11-30,0.154819
2009-12-01,0.150044
2009-12-02,0.154627
2009-12-03,0.594299
2009-12-05,0.15688
2009-12-06,0.14904
2009-12-08,0.148244
2009-12-10,0.158692
2009-12-11,0.160383
2009-12-15,0.157582
2009-12-16,0.149256
2009-12-17,0.152323
2009-12-18,0.158946
2009-12-21,0.175013
2009-12-22,0.151437
2009-12-23,0.162448
2010-01-02,0.151934
2010-01-03,0.156556
2010-01-04,0.172761
2010-01-06,0.184996
2010-01-07,0.174892
2010-01-09,0.159041
2010-01-10,0.197445
2010-01-13,0.173627
2010-01-14,0.168447
2010-01-15,0.162844
2010-01-19,0.163687
2010-01-20,0.168489
2010-01-21,0.163861
2010-01-22,0.158031
2010-01-25,0.193357
2010-01-26,0.193885
2010-01-27,0.193926
2010-01-28,0.231536
2010-01-29,0.150449
2010-02-02,0.153407
2010-02-03,0.17435
2010-02-06,0.193524
2010-02-07,0.16938
2010-02-08,0.172092
2010-02-09,0.156198
2010-02-11,0.160569
2010-02-12,0.160086
2010-02-16,0.155085
2010-02-17,0.161976
2010-02-18,0.15923
2010-02-19,0.164004
2010-02-22,0.161707
2010-02-23,0.15675
2010-02-24,0.169008
2010-02-25,0.183778
2010-02-26,0.158411
2010-03-02,0.170888
2010-03-03,0.174667
2010-03-08,0.169038
2010-03-09,0.158313
2010-03-11,0.148462
2010-03-12,0.149547
2010-03-15,0.151729
2010-03-16,0.160579
2010-03-17,0.148022
2010-03-18,0.147371
2010-03-19,0.149495
2010-03-22,0.151359
2010-03-23,0.149216
2010-03-24,0.149888
2010-03-26,0.150888
2010-03-29,0.14987
2010-03-30,0.152273
2010-03-31,0.151558
2010-04-01,0.15398
2010-04-02,0.153004
2010-04-03,0.154752
2010-04-05,0.155992
2010-04-06,0.161281
2010-04-08,0.222188
2010-04-10,0.261578
2010-04-11,0.234404
2010-04-13,0.261152
2010-04-14,0.275266
2010-04-15,0.276002
2010-04-16,0.254616
2010-04-19,0.194843
2010-04-20,0.216051
2010-04-21,0.273487
2010-04-22,0.228388
2010-04-23,0.231142
2010-04-26,0.204962
2010-05-01,0.205067
2010-05-02,0.239029
2010-05-03,0.18754
2010-05-05,0.213069
2010-05-08,0.216395
2010-05-10,0.207959
2010-05-11,0.210309
2010-05-14,0.158788
2010-05-17,0.153994
2010-05-18,0.164809
2010-05-19,0.170217
2010-05-20,0.186666
2010-05-21,0.176461
2010-05-25,0.277508
2010-05-26,0.192226
2010-05-27,0.164827
2010-05-28,0.186527
2010-06-04,0.184677
2010-06-05,0.18875
2010-06-07,0.179901
2010-06-08,0.179294
2010-06-10,0.188043
2010-06-12,0.190718
2010-06-14,0.196484
2010-06-15,0.161581
2010-06-16,0.157689
2010-06-17,0.180592
2010-06-18,0.188083
2010-06-21,0.160771
2010-06-22,0.188173
2010-06-23,0.191476
2010-06-24,0.174658
2010-06-25,0.17131
2010-06-28,0.181954
2010-06-29,0.227104
2010-06-30,0.166233
2010-07-01,0.278601
2010-07-04,0.160637
2010-07-05,0.208813
2010-07-06,0.253483
2010-07-07,0.155981
2010-07-09,0.152447
2010-07-10,0.154897
2010-07-12,0.154693
2010-07-13,0.162234
2010-07-14,0.167616
2010-07-15,0.164708
2010-07-16,0.168196
2010-07-19,0.16362
2010-07-20,0.16423
2010-07-21,0.186268
2010-07-22,0.178995
2010-07-23,0.18231
2010-07-26,0.18257
2010-07-27,0.187915
2010-07-28,0.162342
2010-07-29,0.157533
2010-07-30,0.17623
2010-08-01,0.23576
2010-08-02,0.228689
2010-08-03,0.241389
2010-08-04,0.246395
2010-08-06,0.214939
2010-08-07,0.214309
2010-08-09,0.233101
2010-08-10,0.241884
2010-08-11,0.236901
2010-08-13,0.229476
2010-08-16,0.222088
2010-08-17,0.24207
2010-08-18,0.292245
2010-08-19,0.214321
2010-08-20,0.210287
2010-08-23,0.239239
2010-08-24,0.229707
2010-08-25,0.234701
2010-08-26,0.168288
2010-08-27,0.171257
2010-08-30,0.173337
2010-08-31,0.169845
2010-09-02,0.171937
2010-09-03,0.179479
2010-09-04,0.169211
2010-09-06,0.169007
2010-09-07,0.166099
2010-09-08,0.183664
2010-09-09,0.169346
2010-09-11,0.149421
2010-09-12,0.208809
2010-09-13,0.152233
2010-09-14,0.148133
2010-09-15,0.250577
2010-09-16,0.237712
2010-09-17,0.223759
2010-09-20,0.189405
2010-09-21,0.191161
2010-09-22,0.151997
2010-09-23,0.234392
2010-09-24,0.310907
2010-09-27,0.284836
2010-09-28,0.276108
2010-09-29,0.148039
2010-09-30,0.149135
2010-10-02,0.152647
2010-10-03,0.15086
2010-10-05,0.148931
2010-10-06,0.148658
2010-10-08,0.154224
2010-10-09,0.151577
2010-10-12,0.175025
2010-10-13,0.170173
2010-10-14,0.172337
2010-10-15,0.152661
2010-10-18,0.164215
2010-10-19,0.161384
2010-10-20,0.150621
2010-10-21,0.156548
2010-10-22,0.176009
2010-10-25,0.163649
2010-10-27,0.151567
2010-10-29,0.145527
2010-11-01,0.176216
2010-11-02,0.160992
2010-11-03,0.147472
2010-11-05,0.147538
2010-11-06,0.151691
2010-11-08,0.150432
2010-11-10,0.155523
2010-11-15,0.156045
2010-11-16,0.166156
2010-11-17,0.160123
2010-11-18,0.167924
2010-11-19,0.163881
2010-11-22,0.147604
2010-11-23,0.155042
2010-11-24,0.15552
2010-11-26,0.157802
2010-11-29,0.159557
2010-11-30,0.186252
2010-12-01,0.162959
2010-12-02,0.161827
2010-12-03,0.164013
2010-12-04,0.169784
2010-12-05,0.169602
2010-12-07,0.200508
2010-12-08,0.211018
2010-12-10,0.226208
2010-12-11,0.210208
2010-12-13,0.196426
2010-12-14,0.200231
2010-12-15,0.208053
2010-12-16,0.1867
2010-12-17,0.176668
2010-12-20,0.173561
2010-12-21,0.187115
2010-12-22,0.188384
2010-12-23,0.162162
2010-12-27,0.199225
2010-12-28,0.186302
2010-12-29,0.226409
2010-12-30,0.212262
2011-01-02,0.169095
2011-01-03,0.16554
2011-01-04,0.271626
2011-01-06,0.175769
2011-01-07,0.17833
2011-01-09,0.177287
2011-01-13,0.181298
2011-01-14,0.173572
2011-01-18,0.177697
2011-01-19,0.162206
2011-01-20,0.153459
2011-01-21,0.148817
2011-01-24,0.146245
2011-01-25,0.153412
2011-01-26,0.18025
2011-01-27,0.162299
2011-01-28,0.152044
2011-01-31,0.163483
2011-02-02,0.16359
2011-02-03,0.200067
2011-02-05,0.146851
2011-02-08,0.154031
2011-02-09,0.149445
2011-02-11,0.151835
2011-02-12,0.154645
2011-02-14,0.156622
2011-02-15,0.162222
2011-02-16,0.16158
2011-02-17,0.157844
2011-02-18,0.154902
2011-02-22,0.156497
2011-02-23,0.154295
2011-02-24,0.153502
2011-02-25,0.153331
2011-02-28,0.157998
2011-03-01,0.161526
2011-03-02,0.1558
2011-03-03,0.156087
2011-03-06,0.156657
2011-03-08,0.157928
2011-03-10,0.166774
2011-03-11,0.185212
2011-03-14,0.15683
2011-03-15,0.168672
2011-03-16,0.162371
2011-03-17,0.166775
2011-03-18,0.159514
2011-03-21,0.154636
2011-03-24,0.182339
2011-03-28,0.18432
2011-03-29,0.169252
2011-03-30,0.177578
2011-03-31,0.192358
2011-04-01,0.163222
2011-04-02,0.210075
2011-04-03,0.20174
2011-04-04,0.189852
2011-04-05,0.168887
2011-04-08,0.182123
2011-04-10,0.201153
2011-04-11,0.234434
2011-04-13,0.241267
2011-04-15,0.233286
2011-04-18,0.220827
2011-04-19,0.212065
2011-04-20,0.182489
2011-04-21,0.249687
2011-04-26,0.314567
2011-04-27,0.176473
2011-05-01,0.158692
2011-05-04,0.152999
2011-05-05,0.186226
2011-05-07,0.212219
2011-05-08,0.247466
2011-05-10,0.21583
2011-05-12,0.180392
2011-05-13,0.21542
2011-05-16,0.262203
2011-05-17,0.263017
2011-05-18,0.263344
2011-05-19,0.236487
2011-05-20,0.255875
2011-05-23,0.185542
2011-05-24,0.174437
2011-05-25,0.162338
2011-05-26,0.170918
2011-05-27,0.189775
2011-05-31,0.182643
2011-06-04,0.18684
2011-06-05,0.18643
2011-06-06,0.174593
2011-06-07,0.187289
2011-06-09,0.210862
2011-06-10,0.174036
2011-06-12,0.153609
2011-06-14,0.154062
2011-06-15,0.156271
2011-06-16,0.154581
2011-06-17,0.161611
2011-06-20,0.159973
2011-06-21,0.155644
2011-06-22,0.150346
2011-06-24,0.148437
2011-06-27,0.153604
2011-06-28,0.163994
2011-06-29,0.162618
2011-06-30,0.166601
2011-07-01,0.165777
2011-07-02,0.157112
2011-07-04,0.150326
2011-07-06,0.164688
2011-07-07,0.160613
2011-07-09,0.156245
2011-07-10,0.153321
2011-07-11,0.19191
2011-07-12,0.173098
2011-07-13,0.158847
2011-07-14,0.160229
2011-07-15,0.157432
2011-07-18,0.160284
2011-07-19,0.155548
2011-07-20,0.162108
2011-07-21,0.158685
2011-07-22,0.160652
2011-07-25,0.200815
2011-07-26,0.159994
2011-07-27,0.167338
2011-07-28,0.170816
2011-08-02,0.16345
2011-08-03,0.159902
2011-08-04,0.166404
2011-08-06,0.168972
2011-08-07,0.180336
2011-08-08,0.187461
2011-08-09,0.158741
2011-08-11,0.155226
2011-08-16,0.158592
2011-08-17,0.156874
2011-08-18,0.15656
2011-08-19,0.153792
2011-08-22,0.150562
2011-08-23,0.157873
2011-08-24,0.159324
2011-08-25,0.164621
2011-08-26,0.152725
2011-08-29,0.153853
2011-08-30,0.150231
2011-08-31,0.1531
2011-09-02,0.16348
2011-09-03,0.164935
2011-09-05,0.156959
2011-09-06,0.163191
2011-09-08,0.161231
2011-09-09,0.160884
2011-09-11,0.154663
2011-09-12,0.158871
2011-09-13,0.157292
2011-09-14,0.156143
2011-09-15,0.162231
2011-09-16,0.163543
2011-09-19,0.170151
2011-09-20,0.186878
2011-09-21,0.169939
2011-09-22,0.17063
2011-09-23,0.195551
2011-09-26,0.161132
2011-09-27,0.152097
2011-09-28,0.153731
2011-09-29,0.156058
2011-09-30,0.156281
2011-10-01,0.151801
2011-10-02,0.15762
2011-10-03,0.154138
2011-10-05,0.163353
2011-10-06,0.165846
2011-10-08,0.157872
2011-10-10,0.162395
2011-10-11,0.170412
2011-10-13,0.157552
2011-10-14,0.14918
2011-10-17,0.147437
2011-10-18,0.149633
2011-10-19,0.152657
2011-10-20,0.154033
2011-10-21,0.15973
2011-10-24,0.161985
2011-10-25,0.15897
2011-10-27,0.160655
2011-10-31,0.15619
2011-11-01,0.175815
2011-11-02,0.171871
2011-11-03,0.186731
2011-11-04,0.207599
2011-11-05,0.199629
2011-11-07,0.157242
2011-11-08,0.157758
2011-11-10,0.157271
2011-11-14,0.212449
2011-11-15,0.211594
2011-11-16,0.17963
2011-11-17,0.202146
2011-11-18,0.204359
2011-11-21,0.181308
2011-11-22,0.154327
2011-11-23,0.15426
2011-11-25,0.153676
2011-11-28,0.152867
2011-11-29,0.160918
2011-11-30,0.162059
2011-12-01,0.157411
2011-12-04,0.155027
2011-12-05,0.153366
2011-12-07,0.155388
2011-12-08,0.161401
2011-12-09,0.161631
2011-12-10,0.181882
2011-12-12,0.166343
2011-12-13,0.166867
2011-12-14,0.159417
2011-12-15,0.170363
2011-12-16,0.168753
2011-12-19,0.164386
2011-12-20,0.162945
2011-12-21,0.164671
2011-12-22,0.176002
2011-12-23,0.167632
2011-12-27,0.169727
2011-12-28,0.215975
2011-12-29,0.172796
2012-01-02,0.172982
2012-01-03,0.172257
2012-01-06,0.195564
2012-01-08,0.167316
2012-01-10,0.15788
2012-01-13,0.161249
2012-01-17,0.159093
2012-01-18,0.15544
2012-01-19,0.156519
2012-01-20,0.15914
2012-01-23,0.158215
2012-01-24,0.154083
2012-01-25,0.212287
2012-01-26,0.214913
2012-01-27,0.235237
2012-01-30,0.181077
2012-01-31,0.159494
2012-02-02,0.174155
2012-02-03,0.17215
2012-02-04,0.171726
2012-02-05,0.184646
2012-02-07,0.172855
2012-02-08,0.177089
2012-02-10,0.189876
2012-02-11,0.186081
2012-02-13,0.191098
2012-02-14,0.18432
2012-02-15,0.168808
2012-02-16,0.174771
2012-02-17,0.1606
2012-02-21,0.167495
2012-02-22,0.168854
2012-02-23,0.167323
2012-02-24,0.171549
2012-02-28,0.171946
2012-02-29,0.200458
2012-03-02,0.2053
2012-03-04,0.18522
2012-03-07,0.174927
2012-03-08,0.189104
2012-03-10,0.174808
2012-03-12,0.174897
2012-03-13,0.177684
2012-03-14,0.175948
2012-03-15,0.186388
2012-03-16,0.171467
2012-03-19,0.191246
2012-03-20,0.176043
2012-03-21,0.179135
2012-03-22,0.175779
2012-03-23,0.186269
2012-03-26,0.184061
2012-03-27,0.184395
2012-03-28,0.196004
2012-03-29,0.200227
2012-03-30,0.19269
2012-04-01,0.204829
2012-04-04,0.209298
2012-04-05,0.192907
2012-04-09,0.195904
2012-04-10,0.191193
2012-04-12,0.207398
2012-04-17,0.200758
2012-04-18,0.193701
2012-04-19,0.177452
2012-04-20,0.179581
2012-04-23,0.171297
2012-04-24,0.189352
2012-04-25,0.190917
2012-05-01,0.187242
2012-05-03,0.193568
2012-05-04,0.206642
2012-05-06,0.201836
2012-05-07,0.211051
2012-05-09,0.197985
2012-05-10,0.201682
2012-05-11,0.191401
2012-05-12,0.195902
2012-05-14,0.198309
2012-05-15,0.181406
2012-05-16,0.178775
2012-05-18,0.183989
2012-05-21,0.184825
2012-05-22,0.190355
2012-05-23,0.184669
2012-05-24,0.188172
2012-05-25,0.193966
2012-05-29,0.211899
2012-05-30,0.205475
2012-05-31,0.174106
2012-06-02,0.176976
2012-06-03,0.167871
2012-06-06,0.154479
2012-06-07,0.153515
2012-06-08,0.16182
2012-06-09,0.167582
2012-06-11,0.167645
2012-06-12,0.164587
2012-06-13,0.172598
2012-06-14,0.172184
2012-06-15,0.186185
2012-06-18,0.20042
2012-06-19,0.230038
2012-06-20,0.194897
2012-06-21,0.183588
2012-06-22,0.176398
2012-06-25,0.1859
2012-06-26,0.183726
2012-06-27,0.1811
2012-06-28,0.182553
2012-06-29,0.186975
2012-07-02,0.189479
2012-07-03,0.203898
2012-07-05,0.199421
2012-07-08,0.191074
2012-07-09,0.185691
2012-07-11,0.187104
2012-07-12,0.19059
2012-07-16,0.192833
2012-07-17,0.191335
2012-07-18,0.191947
2012-07-19,0.18788
2012-07-20,0.181519
2012-07-23,0.187733
2012-07-24,0.167228
2012-07-25,0.166046
2012-07-26,0.172687
2012-07-27,0.174114
2012-07-30,0.183561
2012-07-31,0.185228
2012-08-02,0.170683
2012-08-03,0.165593
2012-08-05,0.164575
2012-08-06,0.16871
2012-08-08,0.158161
2012-08-10,0.163803
2012-08-11,0.19048
2012-08-13,0.172147
2012-08-14,0.167988
2012-08-16,0.166312
2012-08-17,0.180023
2012-08-20,0.175753
2012-08-21,0.189688
2012-08-22,0.192183
2012-08-23,0.185195
2012-08-24,0.185082
2012-08-27,0.171307
2012-08-28,0.228192
2012-08-29,0.181594
2012-08-30,0.18928
2012-08-31,0.19132
2012-09-01,0.191127
2012-09-02,0.197146
2012-09-03,0.177774
2012-09-05,0.17967
2012-09-07,0.174405
2012-09-08,0.185061
2012-09-10,0.213701
2012-09-11,0.17292
2012-09-13,0.176732
2012-09-14,0.169429
2012-09-17,0.173566
2012-09-18,0.18352
2012-09-19,0.188072
2012-09-20,0.180855
2012-09-21,0.174798
2012-09-24,0.185369
2012-09-25,0.178186
2012-09-26,0.19343
2012-09-27,0.179754
2012-09-28,0.268606
2012-10-01,0.184179
2012-10-02,0.227005
2012-10-04,0.197199
2012-10-05,0.191964
2012-10-07,0.192853
2012-10-08,0.192789
2012-10-09,0.187037
2012-10-10,0.214686
2012-10-12,0.183908
2012-10-15,0.185831
2012-10-16,0.183719
2012-10-17,0.187737
2012-10-18,0.214158
2012-10-19,0.184142
2012-10-22,0.18949
2012-10-23,0.227676
2012-10-24,0.2041
2012-10-25,0.182538
2012-10-31,0.198177
2012-11-01,0.200171
2012-11-04,0.196866
2012-11-05,0.20723
2012-11-06,0.218904
2012-11-07,0.175133
2012-11-09,0.20486
2012-11-10,0.18462
2012-11-12,0.225628
2012-11-13,0.22832
2012-11-14,0.180911
2012-11-15,0.168936
2012-11-16,0.192233
2012-11-19,0.211651
2012-11-20,0.190705
2012-11-21,0.181879
2012-11-23,0.186608
2012-11-26,0.182905
2012-11-27,0.196298
2012-11-28,0.188882
2012-11-29,0.193868
2012-12-01,0.19371
2012-12-03,0.178755
2012-12-04,0.216008
2012-12-06,0.159146
2012-12-07,0.178413
2012-12-09,0.258354
2012-12-10,0.272174
2012-12-11,0.27663
2012-12-12,0.264594
2012-12-13,0.185249
2012-12-14,0.181471
2012-12-17,0.178458
2012-12-18,0.192557
2012-12-19,0.186777
2012-12-20,0.194125
2012-12-21,0.198746
2012-12-27,0.1914
2012-12-28,0.177678
2013-01-02,0.201386
2013-01-03,0.185583
2013-01-07,0.182449
2013-01-08,0.219295
2013-01-10,0.189639
2013-01-14,0.186624
2013-01-15,0.187098
2013-01-16,0.175192
2013-01-17,0.183271
2013-01-18,0.181478
2013-01-22,0.182769
2013-01-23,0.181794
2013-01-24,0.188879
2013-01-25,0.199468
2013-01-28,0.194524
2013-01-29,0.216778
2013-01-30,0.213152
2013-01-31,0.186076
2013-02-04,0.192047
2013-02-05,0.210803
2013-02-07,0.191292
2013-02-08,0.201467
2013-02-10,0.194976
2013-02-12,0.216178
2013-02-13,0.177915
2013-02-14,0.178121
2013-02-15,0.174763
2013-02-19,0.175634
2013-02-20,0.195176
2013-02-21,0.19644
2013-02-22,0.205742
2013-02-25,0.197509
2013-02-26,0.22845
2013-02-27,0.179396
2013-02-28,0.184487
2013-03-01,0.190518
2013-03-04,0.192141
2013-03-06,0.18357
2013-03-07,0.186288
2013-03-09,0.197488
2013-03-10,0.185741
2013-03-12,0.177738
2013-03-13,0.265422
2013-03-14,0.185314
2013-03-15,0.185717
2013-03-19,0.172574
2013-03-20,0.176151
2013-03-21,0.176885
2013-03-22,0.18612
2013-03-26,0.176943
2013-03-27,0.180222
2013-03-28,0.170587
2013-04-01,0.172408
2013-04-02,0.175502
2013-04-03,0.175214
2013-04-04,0.169103
2013-04-06,0.171861
2013-04-09,0.17308
2013-04-10,0.172392
2013-04-11,0.174092
2013-04-12,0.17911
2013-04-15,0.182517
2013-04-17,0.172693
2013-04-18,0.166405
2013-04-19,0.160065
2013-04-22,0.164238
2013-04-23,0.169117
2013-04-24,0.185997
2013-04-25,0.187186
2013-04-26,0.17304
2013-05-02,0.189033
2013-05-03,0.185351
2013-05-04,0.180467
2013-05-06,0.162428
2013-05-07,0.171424
2013-05-08,0.175036
2013-05-09,0.169373
2013-05-11,0.165702
2013-05-12,0.179572
2013-05-13,0.179699
2013-05-14,0.17229
2013-05-15,0.173577
2013-05-16,0.178451
2013-05-17,0.181151
2013-05-21,0.202902
2013-05-22,0.187495
2013-05-23,0.162671
2013-05-24,0.220477
2013-05-28,0.230266
2013-05-29,0.416284
2013-05-31,0.375208
2013-06-02,0.45652
2013-06-03,0.428341
2013-06-06,0.16552
2013-06-08,0.189017
2013-06-09,0.176622
2013-06-11,0.194866
2013-06-12,0.178232
2013-06-13,0.170053
2013-06-14,0.223708
2013-06-17,0.190279
2013-06-18,0.164466
2013-06-19,0.162263
2013-06-20,0.16649
2013-06-21,0.222395
2013-06-25,0.186051
2013-06-26,0.18927
2013-06-27,0.193502
2013-06-28,0.192565
2013-07-01,0.186485
2013-07-02,0.191318
2013-07-03,0.184812
2013-07-06,0.187267
2013-07-08,0.180758
2013-07-10,0.184061
2013-07-11,0.17197
2013-07-15,0.179815
2013-07-16,0.165657
2013-07-17,0.157637
2013-07-18,0.169216
2013-07-19,0.173503
2013-07-22,0.157469
2013-07-24,0.150174
2013-07-25,0.164812
2013-07-26,0.163116
2013-07-29,0.163614
2013-07-30,0.169986
2013-07-31,0.15769
2013-08-01,0.156339
2013-08-02,0.154293
2013-08-03,0.157474
2013-08-04,0.161721
2013-08-05,0.165094
2013-08-07,0.15989
2013-08-08,0.169704
2013-08-10,0.189168
2013-08-11,0.176162
2013-08-13,0.19952
2013-08-14,0.193376
2013-08-16,0.199137
2013-08-19,0.175405
2013-08-20,0.15626
2013-08-21,0.158381
2013-08-22,0.181285
2013-08-23,0.175953
2013-08-26,0.174665
2013-08-27,0.160175
2013-08-28,0.165498
2013-08-29,0.172281
2013-08-30,0.177291
2013-09-01,0.170398
2013-09-04,0.16039
2013-09-07,0.15896
2013-09-08,0.164337
2013-09-09,0.160592
2013-09-10,0.157935
2013-09-12,0.164819
2013-09-13,0.155761
2013-09-16,0.151522
2013-09-17,0.154748
2013-09-18,0.152741
2013-09-19,0.147727
2013-09-20,0.147547
2013-09-23,0.172789
2013-09-24,0.162704
2013-09-25,0.167441
2013-09-26,0.150687
2013-09-27,0.1494
2013-09-30,0.148872
2013-10-01,0.150717
2013-10-04,0.1779
2013-10-05,0.175872
2013-10-06,0.160827
2013-10-07,0.161268
2013-10-09,0.15854
2013-10-10,0.174072
2013-10-12,0.162756
2013-10-14,0.154092
2013-10-15,0.156088
2013-10-16,0.168795
2013-10-17,0.168332
2013-10-18,0.166362
2013-10-21,0.163964
2013-10-22,0.164229
2013-10-23,0.159657
2013-10-24,0.175541
2013-10-25,0.168027
2013-10-29,0.185854
2013-10-30,0.172506
2013-10-31,0.166176
2013-11-01,0.190522
2013-11-02,0.164784
2013-11-03,0.162922
2013-11-04,0.187369
2013-11-06,0.151751
2013-11-07,0.152651
2013-11-09,0.156121
2013-11-10,0.157533
2013-11-12,0.152814
2013-11-13,0.150062
2013-11-14,0.155846
2013-11-15,0.152369
2013-11-18,0.157954
2013-11-19,0.180848
2013-11-20,0.154763
2013-11-21,0.154359
2013-11-22,0.157192
2013-11-25,0.156811
2013-11-26,0.236311
2013-11-27,0.165599
2013-11-29,0.165156
2013-12-02,0.164409
2013-12-03,0.166983
2013-12-04,0.162275
2013-12-06,0.165487
2013-12-07,0.172953
2013-12-08,0.163612
2013-12-09,0.160392
2013-12-11,0.158944
2013-12-12,0.157278
2013-12-13,0.166442
2013-12-16,0.16716
2013-12-17,0.167543
2013-12-18,0.166776
2013-12-19,0.172439
2013-12-20,0.169968
2013-12-23,0.171637
2013-12-27,0.171348
2013-12-30,0.173681
2014-01-04,0.177018
2014-01-07,0.167745
2014-01-08,0.170272
2014-01-10,0.158376
2014-01-13,0.159606
2014-01-14,0.174255
2014-01-15,0.159831
2014-01-16,0.162534
2014-01-17,0.170062
2014-01-21,0.158549
2014-01-22,0.159555
2014-01-23,0.161258
2014-01-24,0.167228
2014-01-27,0.162958
2014-01-28,0.170894
2014-01-29,0.201938
2014-01-30,0.195452
2014-01-31,0.174146
2014-02-04,0.215034
2014-02-05,0.16032
2014-02-06,0.16295
2014-02-07,0.165029
2014-02-09,0.168033
2014-02-10,0.169572
2014-02-12,0.16058
2014-02-13,0.170625
2014-02-14,0.17065
2014-02-18,0.168866
2014-02-19,0.167625
2014-02-20,0.167146
2014-02-21,0.168367
2014-02-24,0.171229
2014-02-25,0.195218
2014-02-26,0.171823
2014-02-27,0.156857
2014-02-28,0.160745
2014-03-01,0.1554
2014-03-02,0.156573
2014-03-04,0.150591
2014-03-06,0.159594
2014-03-07,0.155627
2014-03-09,0.16443
2014-03-10,0.155668
2014-03-11,0.16714
2014-03-12,0.159783
2014-03-13,0.155237
2014-03-14,0.153598
2014-03-17,0.155357
2014-03-18,0.158378
2014-03-19,0.158522
2014-03-20,0.192001
2014-03-21,0.178492
2014-03-24,0.153315
2014-03-26,0.157931
2014-03-27,0.150847
2014-03-28,0.695413
2014-03-31,0.151249
2014-04-02,0.156108
2014-04-03,0.149271
2014-04-04,0.14801
2014-04-06,0.148827
2014-04-08,0.170989
2014-04-09,0.166597
2014-04-11,0.179136
2014-04-12,0.157999
2014-04-14,0.156754
2014-04-15,0.162221
2014-04-16,0.158756
2014-04-17,0.157506
2014-04-22,0.158579
2014-04-23,0.162759
2014-04-24,0.162012
2014-04-25,0.152522
2014-04-28,0.150241
2014-04-30,0.1475
2014-05-02,0.156583
2014-05-03,0.150336
2014-05-05,0.184834
2014-05-06,0.201036
2014-05-08,0.19776
2014-05-09,0.188198
2014-05-11,0.197598
2014-05-12,0.201547
2014-05-13,0.162487
2014-05-14,0.160509
2014-05-15,0.17474
2014-05-16,0.185371
2014-05-19,0.176773
2014-05-20,0.177637
2014-05-21,0.196828
2014-05-22,0.205958
2014-05-23,0.176673
2014-05-27,0.186032
2014-05-28,0.184143
2014-05-30,0.179521
2014-06-02,0.179244
2014-06-03,0.177685
2014-06-05,0.17198
2014-06-06,0.193344
2014-06-08,0.169601
2014-06-10,0.176579
2014-06-11,0.169446
2014-06-13,0.188032
2014-06-16,0.185044
2014-06-17,0.188679
2014-06-18,0.172366
2014-06-20,0.172857
2014-06-23,0.168708
2014-06-24,0.186768
2014-06-25,0.182192
2014-06-26,0.170096
2014-06-27,0.180195
2014-06-30,0.165353
2014-07-01,0.16535
2014-07-02,0.159391
2014-07-03,0.181885
2014-07-04,0.168757
2014-07-05,0.164275
2014-07-07,0.166868
2014-07-08,0.169413
2014-07-10,0.174905
2014-07-11,0.167049
2014-07-14,0.162632
2014-07-15,0.17366
2014-07-16,0.168509
2014-07-17,0.1691
2014-07-18,0.174493
2014-07-21,0.169503
2014-07-22,0.16815
2014-07-23,0.168713
2014-07-24,0.173016
2014-07-25,0.172862
2014-07-28,0.172003
2014-07-29,0.180173
2014-07-30,0.172317
2014-07-31,0.172837
2014-08-01,0.194725
2014-08-04,0.206725
2014-08-05,0.18936
2014-08-07,0.199253
2014-08-08,0.185675
2014-08-09,0.193037
2014-08-10,0.18015
2014-08-13,0.177922
2014-08-14,0.559373
2014-08-18,0.221683
2014-08-19,0.229207
2014-08-20,0.187451
2014-08-21,0.182432
2014-08-22,0.217368
2014-08-25,0.219389
2014-08-26,0.233576
2014-08-27,0.233141
2014-08-28,0.219886
2014-08-29,0.176314
2014-09-01,0.191481
2014-09-04,0.190967
2014-09-05,0.185155
2014-09-07,0.193364
2014-09-09,0.198921
2014-09-10,0.220261
2014-09-12,0.194636
2014-09-15,0.176452
2014-09-16,0.177775
2014-09-17,0.185937
2014-09-18,0.186651
2014-09-19,0.196724
2014-09-22,0.180165
2014-09-23,0.175165
2014-09-24,0.217615
2014-09-25,0.198393
2014-09-26,0.198051
2014-09-29,0.191361
2014-09-30,0.193156
2014-10-01,0.208398
2014-10-02,0.184564
2014-10-03,0.182883
2014-10-04,0.186944
2014-10-06,0.1889
2014-10-07,0.196673
2014-10-09,0.176884
2014-10-10,0.172684
2014-10-11,0.193826
2014-10-12,0.188493
2014-10-13,0.184779
2014-10-14,0.195957
2014-10-15,0.192825
2014-10-16,0.193951
2014-10-17,0.165014
2014-10-20,0.166094
2014-10-21,0.166602
2014-10-22,0.186854
2014-10-23,0.193061
2014-10-24,0.186857
2014-10-27,0.187863
2014-10-29,0.175328
2014-10-30,0.187421
2014-10-31,0.200238
2014-11-02,0.201066
2014-11-03,0.185331
2014-11-04,0.160009
2014-11-06,0.160953
2014-11-07,0.157832
2014-11-08,0.162943
2014-11-09,0.16164
2014-11-12,0.168642
2014-11-13,0.162699
2014-11-14,0.159137
2014-11-17,0.161315
2014-11-18,0.155237
2014-11-19,0.155593
2014-11-20,0.149673
2014-11-21,0.151412
2014-11-24,0.147589
2014-11-25,0.155294
2014-11-26,0.148629
2014-11-28,0.160674
2014-12-02,0.156169
2014-12-03,0.157968
2014-12-05,0.166428
2014-12-06,0.160382
2014-12-08,0.162508
2014-12-09,0.163127
2014-12-11,0.174248
2014-12-12,0.17318
2014-12-15,0.170592
2014-12-16,0.172779
2014-12-17,0.148058
2014-12-18,0.157795
2014-12-19,0.158071
2014-12-22,0.154475
2014-12-23,0.160647
2014-12-29,0.152401
2014-12-30,0.151177
2015-01-04,0.160629
2015-01-09,0.16036
2015-01-10,0.164927
2015-01-13,0.161516
2015-01-14,0.150958
2015-01-15,0.156389
2015-01-16,0.162952
2015-01-20,0.161597
2015-01-21,0.156765
2015-01-22,0.161586
2015-01-23,0.154079
2015-01-26,0.153275
2015-01-27,0.162591
2015-01-28,0.171244
2015-01-29,0.190199
2015-01-30,0.184561
2015-02-02,0.179578
2015-02-03,0.194174
2015-02-04,0.18189
2015-02-06,0.188348
2015-02-09,0.176782
2015-02-10,0.178833
2015-02-11,0.181655
2015-02-13,0.184153
2015-02-17,0.208495
2015-02-18,0.177513
2015-02-19,0.173015
2015-02-20,0.192944
2015-02-24,0.181085
2015-02-25,0.172659
2015-02-26,0.168059
2015-02-27,0.170043
2015-03-02,0.16832
2015-03-03,0.172343
2015-03-06,0.188257
2015-03-08,0.199557
2015-03-09,0.191628
2015-03-11,0.208495
2015-03-12,0.200239
2015-03-13,0.186972
2015-03-16,0.193698
2015-03-17,0.225965
2015-03-18,0.203653
2015-03-19,0.21491
2015-03-20,0.219773
2015-03-23,0.231439
2015-03-24,0.217054
2015-03-26,0.189316
2015-03-27,0.183381
2015-03-30,0.186663
2015-03-31,0.196794
2015-04-02,0.19512
2015-04-03,0.191952
2015-04-05,0.194046
2015-04-08,0.199804
2015-04-09,0.23409
2015-04-11,0.239891
2015-04-12,0.24086
2015-04-14,0.244547
2015-04-15,0.24033
2015-04-16,0.244808
2015-04-17,0.262225
2015-04-20,0.218553
2015-04-21,0.223245
2015-04-22,0.222417
2015-04-23,0.213264
2015-04-24,0.208393
2015-04-27,0.218995
2015-04-28,0.273734
2015-04-29,0.272453
2015-04-30,0.288377
2015-05-01,0.274336
2015-05-02,0.248857
2015-05-03,0.270151
2015-05-05,0.266361
2015-05-06,0.28056
2015-05-08,0.289128
2015-05-10,0.272713
2015-05-11,0.267404
2015-05-13,0.306062
2015-05-15,0.312548
2015-05-18,0.32645
2015-05-19,0.292643
2015-05-20,0.264586
2015-05-21,0.300325
2015-05-22,0.316864
2015-05-26,0.335935
2015-05-27,0.317014
2015-05-28,0.344314
2015-05-29,0.314434
2015-06-02,0.268296
2015-06-03,0.277757
2015-06-05,0.254988
2015-06-08,0.264615
2015-06-10,0.27502
2015-06-11,0.254454
2015-06-15,0.231076
2015-06-16,0.255638
2015-06-17,0.259746
2015-06-18,0.275332
2015-06-19,0.265174
2015-06-22,0.277291
2015-06-23,0.272876
2015-06-24,0.247797
2015-06-25,0.259738
2015-06-26,0.250426
2015-07-01,0.244999
2015-07-04,0.250315
2015-07-05,0.23739
2015-07-08,0.234582
2015-07-10,0.225682
2015-07-12,0.273515
2015-08-01,0.289014
2015-08-04,0.376941
2015-08-05,0.278772
2015-08-06,0.249424
2015-08-09,0.229683
2015-08-10,0.219283
2015-08-13,0.268908
2015-08-14,0.296606
2015-08-17,0.274251
2015-08-18,0.254457
2015-08-19,0.265552
2015-08-20,0.305034
2015-08-21,0.25221
2015-08-24,0.251622
2015-08-25,0.232719
2015-08-26,0.242019
2015-08-27,0.198633
2015-08-28,0.212581
2015-08-31,0.232169
2015-09-01,0.234198
2015-09-02,0.227775
2015-09-03,0.211507
2015-09-04,0.232792
2015-09-06,0.252371
2015-09-09,0.236891
2015-09-10,0.224598
2015-09-11,0.267257
2015-09-12,0.222222
2015-09-14,0.220518
2015-09-15,0.211934
2015-09-16,0.207442
2015-09-17,0.208749
2015-09-18,0.193543
2015-09-21,0.204023
2015-09-22,0.218222
2015-09-23,0.235892
2015-09-24,0.212729
2015-09-25,0.214728
2015-09-28,0.199304
2015-09-29,0.193873
2015-09-30,0.196531
2015-10-02,0.196213
2015-10-03,0.197898
2015-10-06,0.194539
2015-10-08,0.192165
2015-10-09,0.189845
2015-10-11,0.188623
2015-10-12,0.217781
2015-10-13,0.208744
2015-10-14,0.186466
2015-10-15,0.206006
2015-10-16,0.193074
2015-10-19,0.206511
2015-10-20,0.193754
2015-10-21,0.216263
2015-10-22,0.196901
2015-10-23,0.198544
2015-10-27,0.200295
2015-10-29,0.197306
2015-10-30,0.20594
2015-11-02,0.190119
2015-11-03,0.187217
2015-11-05,0.189998
2015-11-06,0.183622
2015-11-08,0.178534
2015-11-09,0.184592
2015-11-12,0.184615
2015-11-13,0.188546
2015-11-16,0.184998
2015-11-17,0.171208
2015-11-18,0.172373
2015-11-19,0.167224
2015-11-20,0.171643
2015-11-23,0.173603
2015-11-24,0.19344
2015-11-25,0.173495
2015-12-01,0.216872
2015-12-02,0.20559
2015-12-03,0.181718
2015-12-05,0.176018
2015-12-06,0.188228
2015-12-08,0.191952
2015-12-10,0.190612
2015-12-11,0.182503
2015-12-14,0.182528
2015-12-15,0.189339
2015-12-16,0.182648
2015-12-17,0.165169
2015-12-18,0.171262
2015-12-21,0.172857
2015-12-22,0.173461
2015-12-23,0.185603
2015-12-28,0.213663
2015-12-29,0.198455
2015-12-30,0.189828
2016-01-02,0.208027
2016-01-03,0.200544
2016-01-04,0.207156
2016-01-06,0.205394
2016-01-07,0.211696
2016-01-08,0.199313
2016-01-09,0.201323
2016-01-13,0.192558
2016-01-14,0.205556
2016-01-15,0.187867
2016-01-19,0.199601
2016-01-20,0.186198
2016-01-21,0.205324
2016-01-22,0.194687
2016-01-25,0.189755
2016-01-26,0.186608
2016-01-27,0.181719
2016-01-28,0.198783
2016-01-29,0.202484
2016-02-02,0.196344
2016-02-03,0.213663
2016-02-06,0.209907
2016-02-08,0.231431
2016-02-09,0.21623
2016-02-11,0.208948
2016-02-12,0.243357
2016-02-16,0.207852
2016-02-17,0.185553
2016-02-18,0.196703
2016-02-19,0.193739
2016-02-22,0.160332
2016-02-23,0.187731
2016-02-24,0.206609
2016-02-25,0.235203
2016-02-26,0.188413
2016-02-29,0.208872
2016-03-02,0.215781
2016-03-03,0.218308
2016-03-06,0.194979
2016-03-08,0.169364
2016-03-10,0.174054
2016-03-11,0.176953
2016-03-15,0.164411
2016-03-16,0.171114
2016-03-17,0.168982
2016-03-18,0.1763
2016-03-21,0.171143
2016-03-22,0.168473
2016-03-23,0.164588
2016-03-24,0.161814
2016-03-29,0.168872
2016-03-30,0.173067
2016-03-31,0.164487
2016-04-01,0.180987
2016-04-02,0.173225
2016-04-03,0.161686
2016-04-04,0.176813
2016-04-05,0.163463
2016-04-08,0.163795
2016-04-10,0.163231
2016-04-11,0.167617
2016-04-13,0.187945
2016-04-14,0.168942
2016-04-15,0.176299
2016-04-18,0.198015
2016-04-19,0.196533
2016-04-20,0.213435
2016-04-21,0.181818
2016-04-22,0.176435
2016-04-25,0.173566
2016-04-26,0.197585
2016-04-27,0.171362
2016-04-28,0.158849
2016-05-01,0.17018
2016-05-02,0.17088
2016-05-04,0.160796
2016-05-07,0.158121
2016-05-08,0.15909
2016-05-10,0.161309
2016-05-12,0.162019
2016-05-13,0.162122
2016-05-17,0.162241
2016-05-18,0.156209
2016-05-19,0.157971
2016-05-20,0.163032
2016-05-23,0.158165
2016-05-24,0.170939
2016-05-25,0.166528
2016-05-27,0.162044
2016-05-31,0.174274
2016-06-04,0.167054
2016-06-05,0.168017
2016-06-06,0.168449
2016-06-07,0.159241
2016-06-09,0.153412
2016-06-10,0.176843
2016-06-12,0.158511
2016-06-13,0.157832
2016-06-14,0.167564
2016-06-15,0.17607
2016-06-16,0.170343
2016-06-17,0.167641
2016-06-21,0.162007
2016-06-22,0.155411
2016-06-23,0.167535
2016-06-24,0.164627
2016-06-27,0.168088
2016-06-28,0.162287
2016-06-29,0.155373
2016-06-30,0.172726
2016-07-01,0.18053
2016-07-03,0.172963
2016-07-04,0.168004
2016-07-06,0.172216
2016-07-07,0.17922
2016-07-09,0.182037
2016-07-10,0.186378
2016-07-11,0.190024
2016-07-12,0.176221
2016-07-13,0.192524
2016-07-14,0.175004
2016-07-15,0.168184
2016-07-18,0.171045
2016-07-19,0.173383
2016-07-20,0.17268
2016-07-21,0.172652
2016-07-22,0.166654
2016-07-25,0.161168
2016-07-26,0.169828
2016-07-27,0.160678
2016-07-28,0.161923
2016-07-29,0.163646
2016-08-01,0.156972
2016-08-02,0.154347
2016-08-03,0.153169
2016-08-04,0.154037
2016-08-06,0.153541
2016-08-07,0.151443
2016-08-08,0.152795
2016-08-09,0.157657
2016-08-11,0.161314
2016-08-16,0.158854
2016-08-17,0.172499
2016-08-18,0.159831
2016-08-19,0.159276
2016-08-22,0.150329
2016-08-23,0.154853
2016-08-24,0.148519
2016-08-25,0.147575
2016-08-26,0.150838
2016-08-29,0.148875
2016-08-30,0.155957
2016-08-31,0.158696
2016-09-02,0.158665
2016-09-03,0.164685
2016-09-05,0.16655
2016-09-06,0.164559
2016-09-08,0.170514
2016-09-09,0.162555
2016-09-11,0.162861
2016-09-12,0.15891
2016-09-13,0.163697
2016-09-14,0.174719
2016-09-15,0.197512
2016-09-16,0.204943
2016-09-19,0.210431
2016-09-20,0.2
2016-09-21,0.184924
2016-09-22,0.18695
2016-09-23,0.205273
2016-09-26,0.213311
2016-09-27,0.214792
2016-09-28,0.219071
2016-09-29,0.190945
2016-09-30,0.188287
2016-10-02,0.174414
2016-10-03,0.162025
2016-10-05,0.161335
2016-10-06,0.16532
2016-10-08,0.16401
2016-10-10,0.157196
2016-10-11,0.158427
2016-10-13,0.163848
2016-10-14,0.161037
2016-10-17,0.210528
2016-10-18,0.217668
2016-10-19,0.220908
2016-10-20,0.218755
2016-10-21,0.183955
2016-10-24,0.172242
2016-10-25,0.178576
2016-10-27,0.178734
2016-10-31,0.188474
2016-11-01,0.177356
2016-11-02,0.177306
2016-11-03,0.178066
2016-11-04,0.174708
2016-11-05,0.162261
2016-11-07,0.183274
2016-11-08,0.181645
2016-11-10,0.197002
2016-11-14,0.198449
2016-11-15,0.202667
2016-11-16,0.193752
2016-11-17,0.195453
2016-11-18,0.195993
2016-11-21,0.198726
2016-11-22,0.277844
2016-11-23,0.201321
2016-11-25,0.201562
2016-11-28,0.187395
2016-11-29,0.178331
2016-12-01,0.175142
2016-12-02,0.186016
2016-12-04,0.172715
2016-12-05,0.185627
2016-12-07,0.174971
2016-12-08,0.200101
2016-12-09,0.196295
2016-12-10,0.193911
2016-12-12,0.191849
2016-12-13,0.194595
2016-12-14,0.211198
2016-12-15,0.200148
2016-12-16,0.184841
2016-12-19,0.180333
2016-12-20,0.183662
2016-12-21,0.177404
2016-12-22,0.192264
2016-12-23,0.195563
2016-12-27,0.204718
2016-12-28,0.18569
2016-12-29,0.174466
2016-12-30,0.185946
2017-01-02,0.170587
2017-01-03,0.186735
2017-01-08,0.164366
2017-01-09,0.175118
2017-01-13,0.184791
2017-01-17,0.181885
2017-01-18,0.201729
2017-01-19,0.185853
2017-01-20,0.171538
2017-01-23,0.164593
2017-01-25,0.184444
2017-01-26,0.19107
2017-01-27,0.194026
2017-01-30,0.159049
2017-01-31,0.16211
2017-02-02,0.16103
2017-02-03,0.165566
2017-02-05,0.199569
2017-02-08,0.176188
2017-02-10,0.198531
2017-02-11,0.208032
2017-02-13,0.215647
2017-02-14,0.175579
2017-02-15,0.175108
2017-02-16,0.202236
2017-02-17,0.17452
2017-02-21,0.175219
2017-02-22,0.177653
2017-02-23,0.179051
2017-02-24,0.183241
2017-02-28,0.185639
2017-03-01,0.178396
2017-03-02,0.193481
2017-03-03,0.191317
2017-03-04,0.209043
2017-03-07,0.161621
2017-03-08,0.168741
2017-03-10,0.156283
2017-03-11,0.164319
2017-03-13,0.173565
2017-03-14,0.198554
2017-03-15,0.205713
2017-03-16,0.201182
2017-03-17,0.162498
2017-03-20,0.171065
2017-03-21,0.171867
2017-03-22,0.165609
2017-03-23,0.166073
2017-03-24,0.170369
2017-03-27,0.167313
2017-03-28,0.178307
2017-03-29,0.166001
2017-03-30,0.165905
2017-03-31,0.16235
2017-04-01,0.172138
2017-04-04,0.17018
2017-04-05,0.169742
2017-04-08,0.173148
2017-04-10,0.172891
2017-04-12,0.167904
2017-04-13,0.16295
2017-04-18,0.16544
2017-04-19,0.163571
2017-04-20,0.164423
2017-04-21,0.182772
2017-04-24,0.168825
2017-04-25,0.188884
2017-04-26,0.178276
2017-04-27,0.170055
2017-04-28,0.16489
2017-05-01,0.187815
2017-05-04,0.224413
2017-05-05,0.225022
2017-05-07,0.183857
2017-05-09,0.210227
2017-05-10,0.217028
2017-05-12,0.20708
2017-05-15,0.213029
2017-05-16,0.177815
2017-05-17,0.166921
2017-05-18,0.162609
2017-05-19,0.161495
2017-05-22,0.176874
2017-05-23,0.172325
2017-05-24,0.169803
2017-05-26,0.157595
2017-05-30,0.154204
2017-05-31,0.1788
2017-06-02,0.168823
2017-06-03,0.174224
2017-06-04,0.173955
2017-06-06,0.164873
2017-06-07,0.165772
2017-06-09,0.160757
2017-06-10,0.171411
2017-06-11,0.159494
2017-06-12,0.163355
2017-06-13,0.169809
2017-06-14,0.165836
2017-06-16,0.176989
2017-06-19,0.170157
2017-06-20,0.166057
2017-06-21,0.171058
2017-06-22,0.174612
2017-06-23,0.183923
2017-06-26,0.181537
2017-06-27,0.177174
2017-06-28,0.166143
2017-06-29,0.166522
2017-06-30,0.156216
2017-07-02,0.155966
2017-07-03,0.14663
2017-07-04,0.147098
2017-07-06,0.244948
2017-07-07,0.14918
2017-07-08,0.149239
2017-07-09,0.16314
2017-07-11,0.162359
2017-07-12,0.167752
2017-07-13,0.164455
2017-07-14,0.164721
2017-07-17,0.169989
2017-07-18,0.168289
2017-07-19,0.16967
2017-07-20,0.165589
2017-07-21,0.172447
2017-07-24,0.16934
2017-07-25,0.184802
2017-07-26,0.16734
2017-07-27,0.190615
2017-07-28,0.179622
2017-07-31,0.211296
2017-08-02,0.189686
2017-08-03,0.176492
2017-08-05,0.173048
2017-08-06,0.172165
2017-08-08,0.167817
2017-08-09,0.162992
2017-08-11,0.165196
2017-08-14,0.168933
2017-08-16,0.15865
2017-08-17,0.161734
2017-08-18,0.159813
2017-08-21,0.16148
2017-08-22,0.157368
2017-08-23,0.152697
2017-08-24,0.154497
2017-08-25,0.153269
2017-08-28,0.153408
2017-08-29,0.15002
2017-08-30,0.151808
2017-08-31,0.150214
2017-09-01,0.15054
2017-09-02,0.150402
2017-09-03,0.150588
2017-09-05,0.159542
2017-09-06,0.180824
2017-09-08,0.159527
2017-09-10,0.162132
2017-09-11,0.169438
2017-09-13,0.162606
2017-09-14,0.163178
2017-09-15,0.160126
2017-09-18,0.161322
2017-09-19,0.161165
2017-09-20,0.158712
2017-09-21,0.164882
2017-09-22,0.175679
2017-09-25,0.159418
2017-09-26,0.162629
2017-09-27,0.166113
2017-09-28,0.170279
2017-09-29,0.158814
2017-10-01,0.16497
2017-10-02,0.167919
2017-10-03,0.15673
2017-10-04,0.168421
2017-10-05,0.185859
2017-10-07,0.188539
2017-10-08,0.211139
2017-10-10,0.191704
2017-10-11,0.172553
2017-10-13,0.295756
2017-10-16,0.295516
2017-10-17,0.200478
2017-10-18,0.300213
2017-10-19,0.179229
2017-10-20,0.272252
2017-10-23,0.205813
2017-10-24,0.199709
2017-10-25,0.157171
2017-10-27,0.177797
2017-10-30,0.153636
2017-10-31,0.163748
2017-11-01,0.159566
2017-11-04,0.159704
2017-11-05,0.166103
2017-11-07,0.160047
2017-11-08,0.165845
2017-11-09,0.168091
2017-11-10,0.164569
2017-11-12,0.162185
2017-11-13,0.155484
2017-11-14,0.15782
2017-11-15,0.256827
2017-11-16,0.157995
2017-11-17,0.167869
2017-11-20,0.16098
2017-11-21,0.30343
2017-11-22,0.313205
2017-11-24,0.253572
2017-11-27,0.287496
2017-11-28,0.163272
2017-11-29,0.170304
2017-12-01,0.167137
2017-12-04,0.165339
2017-12-05,0.157638
2017-12-06,0.163964
2017-12-07,0.163594
2017-12-09,0.172565
2017-12-10,0.165866
2017-12-12,0.167762
2017-12-13,0.159706
2017-12-14,0.261521
2017-12-15,0.155043
2017-12-18,0.163158
2017-12-19,0.270929
2017-12-20,0.162748
2017-12-21,0.317162
2017-12-22,0.166839
2017-12-27,0.338812
2017-12-28,0.157603
2017-12-29,0.151797
2018-01-02,0.165667
2018-01-03,0.175186
2018-01-08,0.15865
2018-01-10,0.162275
2018-01-16,0.167519
2018-01-17,0.173834
2018-01-18,0.293826
2018-01-19,0.173046
2018-01-22,0.165242
2018-01-23,0.171867
2018-01-25,0.161723
2018-01-26,0.164411
2018-01-29,0.160359
2018-01-30,0.165224
2018-01-31,0.172614
2018-02-02,0.178351
2018-02-03,0.180862
2018-02-05,0.176788
2018-02-07,0.192239
2018-02-08,0.189623
2018-02-10,0.195587
2018-02-11,0.181504
2018-02-13,0.177834
2018-02-14,0.201644
2018-02-15,0.19209
2018-02-16,0.197992
2018-02-20,0.199707
2018-02-21,0.150858
2018-02-22,0.156109
2018-02-23,0.154674
2018-02-26,0.157754
2018-02-27,0.156161
2018-02-28,0.152556
2018-03-01,0.157811
2018-03-04,0.164534
2018-03-07,0.168208
2018-03-08,0.167036
2018-03-10,0.162776
2018-03-12,0.185262
2018-03-13,0.193089
2018-03-14,0.196222
2018-03-15,0.194195
2018-03-16,0.156854
2018-03-19,0.164387
2018-03-20,0.162387
2018-03-21,0.1657
2018-03-22,0.161076
2018-03-23,0.163788
2018-03-26,0.16065
2018-03-27,0.162006
2018-03-28,0.15583
2018-03-29,0.182818
2018-04-01,0.189832
2018-04-04,0.167006
2018-04-05,0.165119
2018-04-06,0.148481
2018-04-09,0.158338
2018-04-10,0.156504
2018-04-12,0.152097
2018-04-13,0.177171
2018-04-16,0.172023
2018-04-17,0.154215
2018-04-18,0.154714
2018-04-19,0.16024
2018-04-20,0.155399
2018-04-23,0.15937
2018-04-24,0.156753
2018-04-25,0.162265
2018-04-26,0.157831
2018-04-27,0.153542
2018-04-30,0.156296
2018-05-01,0.149213
2018-05-02,0.15312
2018-05-03,0.164432
2018-05-04,0.149053
2018-05-06,0.154737
2018-05-07,0.147099
2018-05-09,0.16979
2018-05-10,0.165839
2018-05-11,0.173926
2018-05-14,0.180094
2018-05-15,0.150999
2018-05-16,0.152433
2018-05-17,0.147602
2018-05-18,0.148209
2018-05-22,0.150052
2018-05-23,0.151874
2018-05-24,0.14775
2018-05-25,0.153016
2018-05-29,0.154803
2018-05-30,0.169572
2018-06-02,0.151695
2018-06-03,0.151662
2018-06-06,0.15279
2018-06-07,0.152734
2018-06-08,0.154228
2018-06-09,0.155956
2018-06-11,0.155849
2018-06-12,0.152775
2018-06-13,0.16352
2018-06-14,0.162311
2018-06-15,0.161963
2018-06-18,0.175222
2018-06-19,0.181092
2018-06-20,0.173901
2018-06-21,0.171398
2018-06-22,0.181427
2018-06-25,0.174296
2018-06-26,0.188885
2018-06-27,0.184761
2018-06-28,0.151303
2018-06-29,0.158775
2018-07-02,0.154271
2018-07-03,0.152317
2018-07-05,0.161306
2018-07-06,0.15412
2018-07-08,0.182767
2018-07-09,0.182522
2018-07-11,0.179387
2018-07-12,0.173313
2018-07-13,0.166893
2018-07-16,0.187583
2018-07-17,0.17884
2018-07-18,0.171364
2018-07-19,0.18996
2018-07-20,0.154368
2018-07-23,0.166516
2018-07-24,0.173012
2018-07-25,0.168
2018-07-26,0.151116
2018-07-27,0.151784
2018-07-30,0.146635
2018-07-31,0.155857
2018-08-01,0.177146
2018-08-02,0.165002
2018-08-03,0.195688
2018-08-05,0.164464
2018-08-06,0.14686
2018-08-08,0.172108
2018-08-10,0.174127
2018-08-11,0.179325
2018-08-13,0.16183
2018-08-14,0.151189
2018-08-16,0.168318
2018-08-17,0.174777
2018-08-20,0.161219
2018-08-21,0.157417
2018-08-22,0.163093
2018-08-23,0.190745
2018-08-24,0.198266
2018-08-27,0.178581
2018-08-28,0.169554
2018-08-29,0.192522
2018-08-30,0.155709
2018-08-31,0.161391
2018-09-01,0.160949
2018-09-02,0.160637
2018-09-03,0.157473
2018-09-05,0.15038
2018-09-07,0.162565
2018-09-08,0.167499
2018-09-10,0.162282
2018-09-11,0.162322
2018-09-13,0.569829
2018-09-14,0.469201
2018-09-17,0.472219
2018-09-18,0.18113
2018-09-19,0.171434
2018-09-20,0.193546
2018-09-21,0.170048
2018-09-24,0.157352
2018-09-25,0.151334
2018-09-26,0.174905
2018-09-27,0.16373
2018-09-28,0.203927
2018-10-01,0.197606
2018-10-04,0.16648
2018-10-07,0.170031
2018-10-08,0.165906
2018-10-09,0.190235
2018-10-10,0.174475
2018-10-12,0.181635
2018-10-15,0.160048
2018-10-16,0.160517
2018-10-17,0.187456
2018-10-18,0.182373
2018-10-19,0.201153
2018-10-22,0.325665
2018-10-23,0.17924
2018-10-24,0.653319
2018-10-25,0.153248
2018-10-29,0.159081
2018-10-30,0.166248
2018-10-31,0.166328
2018-11-01,0.164314
2018-11-04,0.171531
2018-11-05,0.201145
2018-11-06,0.210691
2018-11-07,0.184064
2018-11-09,0.214633
2018-11-10,0.172063
2018-11-12,0.197387
2018-11-13,0.20232
2018-11-14,0.201838
2018-11-15,0.190876
2018-11-16,0.177159
2018-11-19,0.160228
2018-11-20,0.154609
2018-11-21,0.17685
2018-11-23,0.177179
2018-11-26,0.173494
2018-11-27,0.187481
2018-11-28,0.17766
2018-11-29,0.171455
2018-12-01,0.170434
2018-12-02,0.213702
2018-12-03,0.212521
2018-12-04,0.176441
2018-12-06,0.177882
2018-12-07,0.190152
2018-12-09,0.177358
2018-12-10,0.184011
2018-12-12,0.184547
2018-12-13,0.187613
2018-12-14,0.179416
2018-12-17,0.166413
2018-12-18,0.167014
2018-12-19,0.162747
2018-12-20,0.150056
2018-12-21,0.154007
2018-12-27,0.177067
2018-12-28,0.172971
2019-01-02,0.160961
2019-01-03,0.155026
2019-01-04,0.156009
2019-01-07,0.160947
2019-01-08,0.151713
2019-01-10,0.151745
2019-01-14,0.159679
2019-01-15,0.162652
2019-01-16,0.166051
2019-01-17,0.166941
2019-01-18,0.166538
2019-01-22,0.169445
2019-01-23,0.152643
2019-01-25,0.166349
2019-01-28,0.162242
2019-01-29,0.159736
2019-01-30,0.161383
2019-01-31,0.172808
2019-02-04,0.158354
2019-02-05,0.155057
2019-02-07,0.182088
2019-02-08,0.173497
2019-02-10,0.182415
2019-02-12,0.16659
2019-02-13,0.162584
2019-02-14,0.171805
2019-02-15,0.170438
2019-02-19,0.175996
2019-02-20,0.176714
2019-02-21,0.158987
2019-02-22,0.161996
2019-02-25,0.162154
2019-02-26,0.155533
2019-02-27,0.164832
2019-02-28,0.154398
2019-03-01,0.207496
2019-03-04,0.203658
2019-03-06,0.150618
2019-03-07,0.15772
2019-03-09,0.154574
2019-03-10,0.152355
2019-03-12,0.154474
2019-03-13,0.154946
2019-03-14,0.154698
2019-03-15,0.157312
2019-03-18,0.15822
2019-03-19,0.154929
2019-03-20,0.153365
2019-03-21,0.159479
2019-03-22,0.178068
2019-03-26,0.182153
2019-03-27,0.173781
2019-03-28,0.162416
2019-03-29,0.165745
2019-04-01,0.170608
2019-04-02,0.172885
2019-04-03,0.217346
2019-04-04,0.224128
2019-04-06,0.237815
2019-04-09,0.199691
2019-04-10,0.1819
2019-04-11,0.186942
2019-04-12,0.1847
2019-04-15,0.195785
2019-04-16,0.198459
2019-04-17,0.183811
2019-04-18,0.198862
2019-04-23,0.205515
2019-04-24,0.196645
2019-04-25,0.196292
2019-04-30,0.20326
2019-05-02,0.197667
2019-05-03,0.201836
2019-05-04,0.240591
2019-05-06,0.221989
2019-05-07,0.192816
2019-05-08,0.24971
2019-05-09,0.194885
2019-05-11,0.227237
2019-05-12,0.231564
2019-05-13,0.234089
2019-05-14,0.233312
2019-05-15,0.245937
2019-05-16,0.232916
2019-05-17,0.219268
2019-05-20,0.252779
2019-05-21,0.229805
2019-05-22,0.159018
2019-05-23,0.170239
2019-05-24,0.171137
2019-05-28,0.170397
2019-05-29,0.173747
2019-05-30,0.174945
2019-05-31,0.190379
2019-06-02,0.174649
2019-06-03,0.170855
2019-06-05,0.172645
2019-06-06,0.170837
2019-06-08,0.162402
2019-06-09,0.166451
2019-06-11,0.191519
2019-06-12,0.187437
2019-06-13,0.188273
2019-06-14,0.174712
2019-06-18,0.168981
2019-06-19,0.173816
2019-06-21,0.18027
2019-06-24,0.170292
2019-06-25,0.194967
2019-06-26,0.192901
2019-06-27,0.183397
2019-06-28,0.185558
2019-07-01,0.193759
2019-07-02,0.183092
2019-07-03,0.172387
2019-07-05,0.175731
2019-07-06,0.169212
2019-07-08,0.17578
2019-07-10,0.166333
2019-07-11,0.167445
2019-07-15,0.164838
2019-07-16,0.166407
2019-07-17,0.165756
2019-07-18,0.157426
2019-07-19,0.158937
2019-07-22,0.16032
2019-07-23,0.167851
2019-07-24,0.170728
2019-07-25,0.186159
2019-07-26,0.182916
2019-07-29,0.183554
2019-07-30,0.182159
2019-07-31,0.180221
2019-08-01,0.194397
2019-08-02,0.170979
2019-08-03,0.166887
2019-08-04,0.165937
2019-08-05,0.163494
2019-08-07,0.155711
2019-08-08,0.171683
2019-08-10,0.165956
2019-08-11,0.163944
2019-08-13,0.167808
2019-08-14,0.16218
2019-08-16,0.167393
2019-08-19,0.163308
2019-08-20,0.167136
2019-08-21,0.163505
2019-08-22,0.156805
2019-08-23,0.153869
2019-08-26,0.157106
2019-08-27,0.154041
2019-08-28,0.155536
2019-08-29,0.155832
2019-08-30,0.155128
2019-09-01,0.159305
2019-09-04,0.15485
2019-09-05,0.170582
2019-09-07,0.646685
2019-09-08,0.659888
2019-09-09,0.160283
2019-09-10,0.163823
2019-09-12,0.166572
2019-09-13,0.163216
2019-09-16,0.165351
2019-09-17,0.169721
2019-09-18,0.162665
2019-09-19,0.161373
2019-09-20,0.161476
2019-09-23,0.170194
2019-09-24,0.163276
2019-09-25,0.175373
2019-09-26,0.165213
2019-09-27,0.167458
2019-09-30,0.165438
2019-10-01,0.170084
2019-10-04,0.16007
2019-10-05,0.154672
2019-10-07,0.15257
2019-10-09,0.160882
2019-10-10,0.160127
2019-10-12,0.160893
2019-10-14,0.175035
2019-10-15,0.170471
2019-10-16,0.167922
2019-10-17,0.170933
2019-10-18,0.168441
2019-10-21,0.18227
2019-10-22,0.157842
2019-10-23,0.165655
2019-10-24,0.16283
2019-10-25,0.165779
2019-10-29,0.167884
2019-10-30,0.165263
2019-10-31,0.170893
2019-11-01,0.203459
2019-11-02,0.158322
2019-11-04,0.175989
2019-11-06,0.194551
2019-11-07,0.187505
2019-11-09,0.193091
2019-11-10,0.185789
2019-11-12,0.529647
2019-11-13,0.189515
2019-11-14,0.196832
2019-11-15,0.188449
2019-11-18,0.206027
2019-11-19,0.180463
2019-11-20,0.181983
2019-11-21,0.171843
2019-11-22,0.171181
2019-11-25,0.169206
2019-11-26,0.169052
2019-11-27,0.173088
2019-11-29,0.172347
2019-12-02,0.168057
2019-12-03,0.165019
2019-12-04,0.176876
2019-12-06,0.223259
2019-12-07,0.173244
2019-12-08,0.234211
2019-12-09,0.190944
2019-12-11,0.191594
2019-12-12,0.190896
2019-12-13,0.162903
2019-12-16,0.152944
2019-12-17,0.157355
2019-12-18,0.158213
2019-12-19,0.157197
2019-12-20,0.197477
2019-12-23,0.155243
2019-12-27,0.157779
2019-12-30,0.159049
2020-01-04,0.161862
2020-01-07,0.210618
2020-01-09,0.187014
2020-01-10,0.177045
2020-01-13,0.162071
2020-01-14,0.165826
2020-01-15,0.166
2020-01-16,0.171377
2020-01-17,0.162473
2020-01-21,0.165348
2020-01-22,0.169174
2020-01-23,0.164379
2020-01-27,0.169347
2020-01-28,0.16201
2020-01-29,0.170196
2020-01-30,0.151449
2020-01-31,0.159036
2020-02-04,0.169341
2020-02-06,0.147552
2020-02-07,0.150323
2020-02-09,0.15957
2020-02-10,0.148885
2020-02-11,0.153329
2020-02-12,0.17253
2020-02-13,0.225242
2020-02-14,0.226856
2020-02-18,0.207897
2020-02-19,0.193623
2020-02-20,0.210822
2020-02-21,0.191624
2020-02-24,0.194844
2020-02-25,0.16086
2020-02-26,0.159185
2020-02-27,0.251857
2020-02-28,0.223848
2020-03-01,0.207753
2020-03-02,0.202612
2020-03-03,0.209079
2020-03-04,0.169101
2020-03-06,0.154961
2020-03-08,0.155488
2020-03-09,0.152553
2020-03-11,0.195639
2020-03-12,0.213674
2020-03-13,0.231939
2020-03-16,0.164418
2020-03-17,0.218617
2020-03-18,0.172873
2020-03-19,0.173194
2020-03-20,0.157493
2020-03-23,0.159394
2020-03-24,0.197535
2020-03-26,0.160764
2020-03-27,0.241405
2020-03-30,0.197227
2020-03-31,0.183788
2020-04-02,0.208846
2020-04-03,0.221063
2020-04-05,0.222526
2020-04-06,0.219587
2020-04-08,0.203901
2020-04-09,0.204244
2020-04-11,0.21391
2020-04-12,0.197929
2020-04-14,0.19798
2020-04-15,0.197478
2020-04-16,0.183731
2020-04-21,0.19463
2020-04-22,0.244058
2020-04-23,0.174752
2020-04-24,0.177066
2020-04-27,0.163515
2020-04-28,0.191278
2020-04-29,0.175922
2020-04-30,0.173171
2020-05-02,0.182152
2020-05-03,0.213399
2020-05-05,0.175096
2020-05-06,0.184022
2020-05-08,0.261329
2020-05-10,0.32854
2020-05-11,0.317678
2020-05-13,0.330651
2020-05-14,0.181478
2020-05-15,0.206895
2020-05-18,0.194843
2020-05-19,0.280207
2020-05-20,0.268571
2020-05-21,0.198849
2020-05-22,0.194806
2020-05-26,0.211284
2020-05-27,0.182047
2020-05-28,0.197098
2020-05-29,0.189748
2020-06-02,0.174055
2020-06-03,0.170668
2020-06-04,0.187234
2020-06-05,0.162943
2020-06-07,0.173547
2020-06-08,0.161944
2020-06-10,0.154681
2020-06-11,0.156105
2020-06-15,0.162847
2020-06-16,0.14513
2020-06-17,0.156293
2020-06-18,0.171086
2020-06-19,0.187921
2020-06-22,0.228764
2020-06-23,0.222708
2020-06-24,0.244102
2020-06-25,0.155998
2020-06-26,0.154407
2020-06-29,0.160762
2020-06-30,0.1603
2020-07-01,0.167229
2020-07-02,0.169969
2020-07-04,0.165989
2020-07-05,0.170136
2020-07-07,0.186153
2020-07-08,0.185771
2020-07-10,0.179513
2020-07-12,0.177521
2020-07-13,0.165127
2020-07-14,0.180624
2020-07-15,0.170824
2020-07-16,0.178485
2020-07-17,0.218609
2020-07-20,0.214608
2020-07-21,0.233328
2020-07-22,0.214023
2020-07-23,0.203223
2020-07-24,0.207721
2020-07-27,0.208094
2020-07-28,0.199441
2020-07-29,0.201217
2020-07-30,0.199638
2020-07-31,0.233747
2020-08-01,0.229696
2020-08-04,0.234796
2020-08-05,0.192539
2020-08-07,0.194909
2020-08-09,0.196261
2020-08-10,0.167221
2020-08-12,0.163292
2020-08-13,0.175457
2020-08-14,0.178795
2020-08-17,0.221729
2020-08-18,0.194946
2020-08-19,0.194728
2020-08-20,0.202874
2020-08-21,0.222805
2020-08-24,0.214984
2020-08-25,0.197199
2020-08-26,0.165394
2020-08-27,0.163889
2020-08-28,0.168685
2020-08-31,0.170169
2020-09-01,0.175045
2020-09-03,0.182303
2020-09-04,0.224569
2020-09-06,0.227577
2020-09-07,0.25768
2020-09-09,0.295039
2020-09-10,0.276107
2020-09-11,0.25195
2020-09-12,0.325305
2020-09-14,0.280784
2020-09-15,0.273599
2020-09-16,0.328789
2020-09-17,0.333859
2020-09-18,0.346852
2020-09-21,0.327745
2020-09-22,0.296915
2020-09-23,0.299038
2020-09-24,0.304547
2020-09-25,0.288685
2020-09-28,0.190623
2020-09-29,0.186534
2020-09-30,0.184653
2020-10-01,0.15799
2020-10-02,0.178889
2020-10-03,0.185853
2020-10-06,0.20754
2020-10-07,0.214696
2020-10-08,0.210914
2020-10-09,0.216081
2020-10-11,0.178605
2020-10-12,0.164055
2020-10-13,0.184553
2020-10-14,0.198738
2020-10-15,0.182247
2020-10-16,0.18332
2020-10-19,0.180388
2020-10-20,0.204245
2020-10-21,0.210709
2020-10-22,0.198253
2020-10-23,0.213098
2020-10-27,0.188742
2020-10-29,0.192486
2020-10-30,0.203727
2020-11-02,0.1699
2020-11-03,0.167963
2020-11-05,0.164986
2020-11-08,0.176705
2020-11-09,0.167361
2020-11-12,0.165715
2020-11-13,0.18559
2020-11-16,0.1795
2020-11-17,0.185336
2020-11-18,0.195402
2020-11-19,0.164485
2020-11-20,0.17355
2020-11-23,0.190881
2020-11-24,0.152536
2020-11-25,0.237601
2020-11-27,0.154377
2020-12-02,0.159754
2020-12-03,0.165415
2020-12-05,0.203521
2020-12-06,0.185477
2020-12-08,0.187332
2020-12-10,0.200621
2020-12-11,0.181185
2020-12-14,0.178546
2020-12-15,0.188185
2020-12-16,0.183306
2020-12-17,0.189264
2020-12-18,0.187312
2020-12-21,0.178552
2020-12-22,0.156509
2020-12-23,0.16136
2020-12-28,0.164223
2020-12-29,0.153516
2020-12-30,0.156438
2021-01-02,0.166779
2021-01-03,0.206762
2021-01-04,0.162549
2021-01-07,0.165669
2021-01-09,0.179742
2021-01-10,0.169646
2021-01-13,0.182105
2021-01-14,0.180675
2021-01-15,0.188946
2021-01-19,0.189462
2021-01-20,0.185775
2021-01-21,0.181168
2021-01-22,0.257183
2021-01-25,0.199128
2021-01-26,0.158531
2021-01-27,0.163106
2021-01-28,0.218188
2021-01-29,0.221088
2021-02-02,0.20094
2021-02-03,0.188181
2021-02-06,0.223515
2021-02-07,0.176689
2021-02-08,0.158477
2021-02-09,0.162808
2021-02-11,0.207332
2021-02-12,0.168062
2021-02-16,0.168834
2021-02-17,0.191127
2021-02-18,0.155256
2021-02-19,0.159344
2021-02-22,0.161257
2021-02-23,0.15748
2021-02-24,0.156607
2021-02-25,0.159321
2021-02-26,0.168369
2021-03-02,0.161989
2021-03-03,0.157189
2021-03-08,0.16138
2021-03-09,0.173814
2021-03-11,0.153468
2021-03-12,0.23217
2021-03-16,0.171193
2021-03-17,0.164604
2021-03-18,0.166107
2021-03-19,0.162875
2021-03-22,0.160967
2021-03-23,0.162687
2021-03-24,0.158628
2021-03-26,0.16195
2021-03-29,0.159906
2021-03-30,0.164722
2021-03-31,0.163713
2021-04-01,0.149835
2021-04-02,0.155561
2021-04-03,0.151108
2021-04-06,0.157294
2021-04-08,0.154535
2021-04-10,0.236206
2021-04-11,0.216561
2021-04-13,0.216387
2021-04-14,0.214334
2021-04-15,0.203243
2021-04-16,0.216554
2021-04-19,0.211451
2021-04-20,0.20359
2021-04-21,0.159603
2021-04-22,0.17332
2021-04-23,0.20353
2021-04-26,0.202336
2021-04-27,0.228199
2021-04-28,0.223551
2021-04-29,0.186983
2021-05-01,0.183538
2021-05-02,0.152012
2021-05-03,0.177206
2021-05-05,0.183805
2021-05-08,0.172102
2021-05-10,0.185856
2021-05-11,0.186564
2021-05-13,0.181893
2021-05-14,0.174246
2021-05-17,0.187642
2021-05-18,0.193717
2021-05-19,0.210875
2021-05-20,0.185657
2021-05-21,0.155494
2021-05-25,0.210484
2021-05-26,0.237538
2021-05-27,0.229179
2021-05-28,0.22134
2021-06-04,0.216484
2021-06-05,0.221335
2021-06-07,0.211165
2021-06-08,0.200513
2021-06-10,0.217054
2021-06-12,0.216602
2021-06-14,0.21821
2021-06-15,0.207964
2021-06-16,0.21857
2021-06-17,0.21221
2021-06-18,0.207418
2021-06-22,0.202196
2021-06-23,0.196341
2021-06-24,0.200917
2021-06-25,0.19701
2021-06-28,0.201896
2021-06-29,0.185458
2021-06-30,0.209397
2021-07-01,0.199278
2021-07-04,0.204243
2021-07-05,0.19088
2021-07-06,0.199403
2021-07-07,0.203599
2021-07-09,0.196529
2021-07-10,0.197094
2021-07-12,0.204142
2021-07-13,0.210535
2021-07-14,0.218273
2021-07-15,0.208729
2021-07-16,0.196559
2021-07-19,0.194055
2021-07-20,0.192218
2021-07-21,0.200645
2021-07-22,0.193612
2021-07-23,0.196688
2021-07-26,0.191742
2021-07-27,0.18818
2021-07-28,0.187695
2021-07-29,0.187956
2021-07-30,0.183381
2021-08-01,0.1888
2021-08-02,0.198098
2021-08-03,0.205548
2021-08-04,0.199101
2021-08-06,0.26578
2021-08-07,0.206151
2021-08-09,0.200157
2021-08-10,0.221462
2021-08-11,0.190098
2021-08-12,0.18732
2021-08-13,0.201549
2021-08-16,0.181749
2021-08-17,0.183307
2021-08-18,0.184443
2021-08-19,0.191695
2021-08-20,0.188295
2021-08-23,0.18742
2021-08-24,0.187102
2021-08-25,0.192307
2021-08-26,0.202052
2021-08-27,0.20179
2021-08-30,0.208893
2021-08-31,0.20464
2021-09-02,0.199808
2021-09-03,0.197753
2021-09-04,0.190362
2021-09-06,0.186981
2021-09-07,0.192227
2021-09-08,0.19637
2021-09-09,0.191086
2021-09-11,0.188069
2021-09-12,0.181786
2021-09-13,0.174619
2021-09-14,0.171628
2021-09-15,0.174912
2021-09-16,0.181644
2021-09-17,0.175288
2021-09-20,0.174098
2021-09-21,0.173144
2021-09-22,0.181746
2021-09-23,0.185196
2021-09-24,0.189969
2021-09-27,0.185872
2021-09-28,0.191129
2021-09-29,0.191902
2021-09-30,0.188945
2021-10-02,0.189729
2021-10-03,0.183799
2021-10-05,0.18688
2021-10-06,0.216615
2021-10-08,0.19288
2021-10-09,0.190216
2021-10-11,0.207184
2021-10-12,0.208573
2021-10-13,0.184333
2021-10-14,0.211292
2021-10-15,0.17499
2021-10-18,0.180182
2021-10-19,0.194977
2021-10-20,0.186643
2021-10-21,0.201862
2021-10-22,0.173036
2021-10-25,0.184719
2021-10-27,0.177994
2021-10-29,0.181115
2021-11-01,0.170688
2021-11-02,0.183278
2021-11-03,0.154561
2021-11-05,0.151997
2021-11-06,0.154324
2021-11-08,0.174875
2021-11-10,0.175023
2021-11-15,0.154663
2021-11-16,0.152679
2021-11-17,0.197977
2021-11-18,0.152521
2021-11-19,0.153683
2021-11-22,0.157589
2021-11-23,0.173647
2021-11-24,0.17765
2021-11-26,0.174258
2021-11-29,0.195573
2021-12-01,0.178081
2021-12-02,0.173375
2021-12-03,0.179287
2021-12-04,0.179111
2021-12-05,0.230196
2021-12-07,0.179548
2021-12-08,0.19567
2021-12-10,0.186424
2021-12-11,0.226102
2021-12-13,0.170265
2021-12-14,0.168842
2021-12-15,0.188269
2021-12-16,0.181305
2021-12-17,0.174899
2021-12-20,0.191124
2021-12-21,0.170989
2021-12-22,0.180839
2021-12-23,0.162701
2021-12-27,0.205497
2021-12-28,0.209099
2021-12-29,0.197399
2021-12-30,0.202156
2022-01-02,0.21761
2022-01-03,0.193522
2022-01-04,0.217795
2022-01-07,0.171014
2022-01-08,0.183574
2022-01-09,0.180523
2022-01-13,0.200332
2022-01-14,0.213197
2022-01-18,0.2108
2022-01-19,0.216405
2022-01-20,0.204978
2022-01-21,0.177609
2022-01-25,0.181077
2022-01-26,0.192271
2022-01-27,0.199896
2022-01-28,0.17246
2022-01-31,0.204663
2022-02-02,0.205671
2022-02-03,0.189633
2022-02-06,0.19592
2022-02-08,0.183215
2022-02-09,0.160421
2022-02-11,0.198881
2022-02-12,0.165546
2022-02-14,0.173582
2022-02-15,0.170589
2022-02-16,0.162691
2022-02-17,0.161234
2022-02-18,0.169056
2022-02-22,0.159014
2022-02-23,0.155975
2022-02-24,0.167565
2022-02-25,0.252676
2022-02-28,0.21942
2022-03-01,0.163757
2022-03-02,0.16933
2022-03-03,0.210886
2022-03-06,0.183218
2022-03-08,0.147086
2022-03-10,0.161162
2022-03-11,0.152185
2022-03-14,0.151173
2022-03-15,0.147591
2022-03-16,0.153931
2022-03-17,0.16301
2022-03-18,0.187022
2022-03-21,0.161823
2022-03-22,0.160556
2022-03-23,0.15503
2022-03-24,0.157564
2022-03-28,0.16965
2022-03-29,0.162377
2022-03-30,0.168766
2022-03-31,0.17042
2022-04-01,0.208748
2022-04-02,0.210997
2022-04-03,0.222208
2022-04-04,0.148351
2022-04-05,0.150954
2022-04-08,0.152416
2022-04-10,0.14845
2022-04-11,0.155536
2022-04-13,0.161772
2022-04-14,0.165916
2022-04-19,0.185736
2022-04-20,0.181263
2022-04-21,0.177911
2022-04-26,0.152762
2022-04-27,0.165822
2022-04-28,0.165173
2022-04-29,0.166932
2022-05-01,0.161191
2022-05-04,0.159365
2022-05-05,0.175838
2022-05-07,0.157812
2022-05-08,0.158689
2022-05-10,0.179859
2022-05-12,0.162685
2022-05-13,0.165345
2022-05-16,0.181082
2022-05-17,0.151559
2022-05-18,0.24414
2022-05-19,0.226961
2022-05-20,0.212907
2022-05-23,0.211317
2022-05-24,0.183043
2022-05-25,0.217058
2022-05-26,0.214055
2022-05-27,0.19697
2022-05-31,0.182238
2022-06-04,0.182679
2022-06-05,0.18088
2022-06-07,0.255403
2022-06-09,0.259338
2022-06-10,0.255822
2022-06-12,0.218198
2022-06-14,0.230075
2022-06-15,0.234473
2022-06-17,0.214606
2022-06-21,0.233019
2022-06-22,0.23112
2022-06-23,0.220299
2022-06-24,0.226558
2022-06-27,0.233259
2022-06-28,0.193598
2022-06-29,0.192867
2022-06-30,0.186913
2022-07-01,0.170501
2022-07-02,0.181844
2022-07-04,0.174609
2022-07-06,0.180152
2022-07-07,0.211299
2022-07-09,0.215566
2022-07-10,0.216877
2022-07-11,0.247077
2022-07-12,0.17984
2022-07-13,0.166492
2022-07-14,0.171015
2022-07-15,0.191922
2022-07-18,0.205711
2022-07-19,0.192115
2022-07-20,0.190364
2022-07-21,0.22232
2022-07-22,0.227094
2022-07-25,0.201007
2022-07-26,0.232036
2022-07-27,0.22972
2022-07-28,0.234294
2022-07-29,0.212769
2022-08-02,0.196837
2022-08-03,0.193247
2022-08-04,0.185548
2022-08-06,0.187176
2022-08-07,0.204043
2022-08-08,0.190545
2022-08-09,0.200464
2022-08-11,0.211498
2022-08-12,0.217075
2022-08-19,0.195956
2022-08-22,0.193864
2022-08-23,0.161062
2022-08-24,0.165033
2022-08-25,0.161453
2022-08-26,0.165179
2022-08-29,0.154676
2022-08-30,0.164668
2022-08-31,0.176823
2022-09-02,0.203124
2022-09-03,0.207879
2022-09-05,0.20884
2022-09-06,0.199636
2022-09-08,0.211091
2022-09-09,0.195469
2022-09-11,0.214138
2022-09-12,0.187245
2022-09-13,0.190368
2022-09-14,0.176297
2022-09-15,0.180524
2022-09-16,0.167026
2022-09-19,0.173784
2022-09-20,0.182349
2022-09-21,0.186166
2022-09-22,0.179238
2022-09-23,0.215609
2022-09-26,0.154011
2022-09-27,0.182043
2022-09-28,0.176246
2022-09-29,0.191015
2022-09-30,0.193093
2022-10-01,0.169169
2022-10-02,0.168695
2022-10-03,0.152254
2022-10-05,0.197181
2022-10-06,0.182981
2022-10-08,0.188019
2022-10-10,0.186847
2022-10-11,0.179793
2022-10-13,0.172785
2022-10-14,0.176696
2022-10-17,0.176041
2022-10-18,0.172154
2022-10-19,0.163528
2022-10-20,0.16216
2022-10-21,0.156359
2022-10-24,0.155925
2022-10-25,0.152059
2022-10-27,0.152639
2022-10-31,0.154741
2022-11-01,0.152701
2022-11-02,0.163602
2022-11-03,0.163693
2022-11-04,0.161502
2022-11-05,0.184179
2022-11-07,0.190495
2022-11-08,0.21487
2022-11-10,0.191762
2022-11-14,0.222236
2022-11-15,0.216802
2022-11-16,0.2251
2022-11-17,0.246722
2022-11-18,0.22937
2022-11-21,0.217801
2022-11-22,0.244083
2022-11-23,0.221186
2022-11-25,0.210684
2022-11-28,0.221857
2022-11-29,0.21142
2022-12-01,0.207976
2022-12-04,0.215425
2022-12-05,0.207353
2022-12-07,0.177629
2022-12-08,0.171224
2022-12-09,0.198859
2022-12-10,0.205034
2022-12-12,0.220923
2022-12-13,0.183177
2022-12-14,0.215744
2022-12-15,0.182694
2022-12-16,0.189088
2022-12-19,0.197733
2022-12-20,0.198913
2022-12-21,0.177129
2022-12-22,0.15836
2022-12-23,0.160134
2022-12-27,0.16698
2022-12-28,0.166039
2022-12-29,0.168615
2022-12-30,0.166892
2023-01-02,0.169663
2023-01-03,0.164773
2023-01-08,0.166305
2023-01-09,0.17441
2023-01-13,0.184747
2023-01-17,0.174392
2023-01-18,0.169016
2023-01-19,0.179543
2023-01-20,0.191075
2023-01-23,0.196157
2023-01-25,0.180298
2023-01-26,0.180375
2023-01-27,0.181383
2023-01-30,0.172067
2023-01-31,0.170778
2023-02-02,0.183377
2023-02-03,0.195266
2023-02-05,0.16205
2023-02-06,0.182387
2023-02-08,0.175717
2023-02-10,0.168778
2023-02-11,0.179493
2023-02-13,0.178223
2023-02-14,0.176511
2023-02-15,0.174378
2023-02-16,0.174636
2023-02-17,0.183239
2023-02-21,0.160026
2023-02-22,0.282731
2023-02-23,0.235127
2023-02-24,0.287008
2023-02-28,0.271598
2023-03-01,0.236073
2023-03-02,0.241675
2023-03-03,0.158067
2023-03-04,0.213998
2023-03-07,0.159566
2023-03-08,0.167757
2023-03-10,0.161046
2023-03-11,0.150034
2023-03-13,0.148274
2023-03-14,0.196504
2023-03-15,0.187281
2023-03-16,0.22647
2023-03-17,0.192275
2023-03-20,0.207717
2023-03-21,0.219469
2023-03-22,0.193513
2023-03-23,0.193532
2023-03-24,0.191364
2023-03-27,0.222929
2023-03-28,0.240914
2023-03-29,0.315656
2023-03-30,0.291445
2023-03-31,0.197328
2023-04-01,0.14888
2023-04-04,0.150705
2023-04-05,0.159375
2023-04-08,0.151163
2023-04-10,0.152976
2023-04-12,0.178974
2023-04-13,0.174288
2023-04-18,0.168564
2023-04-19,0.169849
2023-04-20,0.175121
2023-04-21,0.185531
2023-04-24,0.176834
2023-04-25,0.210228
2023-04-26,0.155048
2023-04-27,0.159001
2023-04-28,0.163263
2023-05-01,0.16234
2023-05-04,0.162365
2023-05-05,0.16463
2023-05-07,0.16144
2023-05-09,0.166252
2023-05-10,0.160739
2023-05-12,0.243198
2023-05-15,0.167397
2023-05-16,0.161461
2023-05-17,0.153338
2023-05-18,0.163547
2023-05-19,0.162398
2023-05-22,0.160517
2023-05-23,0.163732
2023-05-24,0.150709
2023-05-25,0.159382
2023-05-26,0.156451
2023-05-30,0.17014
2023-05-31,0.1616
2023-06-02,0.160632
2023-06-03,0.177998
2023-06-04,0.183521
2023-06-06,0.17499
2023-06-07,0.157759
2023-06-09,0.152084
2023-06-10,0.155555
2023-06-11,0.162284
2023-06-12,0.154411
2023-06-13,0.160678
2023-06-14,0.15495
2023-06-15,0.196136
2023-06-16,0.197947
2023-06-20,0.163924
2023-06-21,0.158281
2023-06-22,0.166289
2023-06-23,0.160819
2023-06-26,0.165562
2023-06-27,0.152591
2023-06-28,0.157957
2023-06-29,0.153587
2023-06-30,0.149444
2023-07-02,0.149269
2023-07-03,0.189505
2023-07-06,0.196741
2023-07-07,0.157256
2023-07-08,0.168971
2023-07-09,0.167469
2023-07-11,0.149595
2023-07-12,0.158804
2023-07-13,0.156648
2023-07-14,0.16711
2023-07-17,0.155138
2023-07-18,0.146558
2023-07-19,0.147969
2023-07-20,0.150598
2023-07-21,0.154599
2023-07-24,0.147534
2023-07-25,0.156341
2023-07-26,0.160287
2023-07-27,0.171543
2023-07-28,0.1633
2023-07-31,0.157635
2023-08-02,0.159875
2023-08-03,0.153471
2023-08-05,0.159445
2023-08-08,0.160408
2023-08-09,0.153871
2023-08-11,0.161237
2023-08-12,0.163598
2023-08-14,0.159417
2023-08-16,0.16216
2023-08-17,0.160465
2023-08-18,0.157451
2023-08-21,0.146689
2023-08-22,0.14725
2023-08-23,0.148459
2023-08-24,0.156588
2023-08-25,0.163421
2023-08-28,0.158555
2023-08-29,0.155799
2023-08-30,0.16997
2023-08-31,0.158507
2023-09-01,0.15238
2023-09-02,0.15676
2023-09-03,0.149519
2023-09-05,0.149685
2023-09-06,0.162448
2023-09-08,0.150069
2023-09-10,0.1448
2023-09-11,0.145735
2023-09-13,0.146936
2023-09-14,0.154394
2023-09-15,0.156865
2023-09-18,0.15395
2023-09-19,0.169813
2023-09-20,0.170652
2023-09-21,0.164889
2023-09-22,0.193241
2023-09-25,0.166489
2023-09-26,0.163454
2023-09-27,0.179401
2023-09-28,0.170981
2023-09-29,0.165694
2023-10-01,0.16908
2023-10-02,0.16675
2023-10-03,0.153229
2023-10-05,0.170992
2023-10-07,0.24979
2023-10-08,0.162516
2023-10-10,0.161999
2023-10-11,0.166973
2023-10-13,0.170388
2023-10-16,0.171589
2023-10-17,0.170976
2023-10-18,0.151217
2023-10-19,0.358011
2023-10-20,0.317904
2023-10-25,0.149485
2023-10-27,0.158188
2023-10-30,0.16342
2023-10-31,0.185697
2023-11-01,0.172853
2023-11-04,0.162846
2023-11-05,0.163528
2023-11-07,0.166646
2023-11-08,0.168083
2023-11-09,0.175454
2023-11-10,0.177581
2023-11-12,0.170879
2023-11-13,0.171963
2023-11-14,0.17587
2023-11-15,0.158392
2023-11-16,0.175007
2023-11-17,0.20183
2023-11-20,0.179838
2023-11-21,0.183412
2023-11-22,0.187775
2023-11-24,0.181896
2023-11-27,0.175202
2023-11-28,0.249625
2023-11-29,0.212504
2023-12-01,0.204012
2023-12-04,0.203897
2023-12-05,0.164851
2023-12-06,0.167516
2023-12-07,0.171277
2023-12-09,0.161785
2023-12-10,0.163278
2023-12-12,0.156451
2023-12-13,0.155954
2023-12-14,0.186473
2023-12-15,0.152767
2023-12-18,0.147485
2023-12-19,0.155429
2023-12-20,0.153649
2023-12-21,0.161377
2023-12-22,0.154395
2023-12-27,0.15463
2023-12-28,0.155735
2023-12-29,0.155962
2024-01-02,0.149849
2024-01-03,0.14747
2024-01-07,0.146284
2024-01-08,0.154966
2024-01-10,0.167368
2024-01-16,0.165826
2024-01-17,0.161598
2024-01-18,0.159462
2024-01-19,0.162906
2024-01-22,0.149589
2024-01-23,0.16418
2024-01-25,0.159501
2024-01-26,0.157282
2024-01-29,0.152735
2024-01-30,0.154948
2024-01-31,0.159247
2024-02-02,0.146361
2024-02-04,0.159939
2024-02-05,0.153249
2024-02-07,0.156487
2024-02-08,0.158656
2024-02-10,0.181874
2024-02-12,0.152217
2024-02-13,0.159953
2024-02-14,0.161053
2024-02-15,0.162144
2024-02-16,0.155285
2024-02-20,0.154433
2024-02-21,0.155383
2024-02-22,0.156617
2024-02-23,0.152407
2024-02-26,0.148501
2024-02-27,0.150973
2024-02-28,0.154225
2024-02-29,0.155411
2024-03-01,0.152836
2024-03-04,0.171754
2024-03-06,0.170868
2024-03-07,0.166508
2024-03-09,0.156741
2024-03-10,0.156759
2024-03-12,0.215936
2024-03-13,0.164714
2024-03-14,0.149385
2024-03-15,0.14736
2024-03-19,0.16611
2024-03-20,0.148776
2024-03-21,0.168014
2024-03-22,0.153822
2024-03-26,0.183439
2024-03-27,0.155806
2024-03-28,0.214555
2024-04-01,0.163552
2024-04-03,0.165733
2024-04-04,0.152637
2024-04-06,0.163971
2024-04-09,0.164425
2024-04-10,0.160618
2024-04-11,0.162919
2024-04-12,0.163615
2024-04-15,0.177703
2024-04-16,0.196853
2024-04-17,0.170504
2024-04-18,0.163587
2024-04-19,0.161893
2024-04-22,0.159704
2024-04-23,0.161745
2024-04-24,0.159308
2024-04-25,0.160706
2024-04-26,0.161095
2024-04-29,0.159795
2024-04-30,0.16152
2024-05-01,0.160619
2024-05-02,0.16501
2024-05-03,0.17556
2024-05-04,0.178884
2024-05-06,0.17693
2024-05-07,0.163039
2024-05-08,0.159732
2024-05-09,0.175487
2024-05-11,0.175413
2024-05-12,0.170839
2024-05-13,0.17865
2024-05-14,0.166764
2024-05-15,0.16775
2024-05-16,0.164592
2024-05-17,0.628282
2024-05-20,0.159721
2024-05-21,0.165408
2024-05-22,0.166584
2024-05-23,0.16119
2024-05-24,0.165871
2024-05-28,0.162676
2024-05-29,0.158058
2024-05-31,0.154902
2024-06-02,0.151562
2024-06-03,0.15299
2024-06-06,0.156417
2024-06-08,0.153232
2024-06-09,0.15327
2024-06-11,0.157221
2024-06-12,0.152518
2024-06-13,0.155026
2024-06-14,0.153843
2024-06-17,0.152743
2024-06-18,0.157282
2024-06-20,0.15656
2024-06-21,0.1539
2024-06-25,0.157524
2024-06-26,0.156208
2024-06-27,0.156405
2024-06-28,0.165801
2024-07-02,0.161643
2024-07-03,0.15789
2024-07-06,0.158156
2024-07-08,0.156413
2024-07-10,0.155597
2024-07-11,0.158043
2024-07-15,0.151448
2024-07-16,0.15115
2024-07-17,0.151409
2024-07-18,0.152148
2024-07-19,0.15144
2024-07-22,0.151049
2024-07-23,0.152312
2024-07-24,0.151059
2024-07-25,0.151283
2024-07-26,0.152445
2024-07-29,0.151066
2024-07-30,0.155283
2024-07-31,0.15764
2024-08-01,0.155021
2024-08-02,0.160087
2024-08-03,0.159023
2024-08-04,0.154627
2024-08-05,0.154164
2024-08-07,0.155129
2024-08-08,0.159733
2024-08-10,0.155134
2024-08-11,0.16938
2024-08-13,0.162715
2024-08-14,0.228876
2024-08-16,0.183238
2024-08-19,0.154028
2024-08-20,0.159977
2024-08-21,0.160355
2024-08-22,0.151255
2024-08-23,0.152162
2024-08-26,0.150817
2024-08-27,0.151312
2024-08-28,0.178712
2024-08-29,0.152444
2024-08-30,0.156917
2024-09-01,0.161255
2024-09-02,0.155137
2024-09-04,0.154597
2024-09-05,0.148653
2024-09-07,0.150723
2024-09-08,0.151974
2024-09-09,0.22355
2024-09-10,0.153069
2024-09-12,0.151805
2024-09-13,0.155747
2024-09-16,0.147437
2024-09-17,0.148049
2024-09-18,0.148139
2024-09-19,0.145398
2024-09-20,0.14459
2024-09-23,0.145814
2024-09-24,0.145952
2024-09-25,0.154226
2024-09-26,0.160338
2024-09-27,0.154437
2024-09-30,0.149841
2024-10-01,0.14943
2024-10-04,0.146065
2024-10-05,0.145399
2024-10-06,0.144792
2024-10-07,0.145201
2024-10-09,0.145394
2024-10-10,0.152735
2024-10-12,0.160689
2024-10-14,0.160026
2024-10-15,0.165735
2024-10-16,0.176708
2024-10-17,0.170777
2024-10-18,0.155285
2024-10-21,0.152621
2024-10-22,0.153114
2024-10-23,0.151536
2024-10-24,0.161019
2024-10-25,0.171577
2024-10-29,0.148791
2024-10-30,0.146473
2024-10-31,0.153128
2024-11-01,0.148285
2024-11-03,0.14644
2024-11-04,0.147765
2024-11-06,0.147555
2024-11-07,0.145728
2024-11-09,0.153464
2024-11-10,0.151747
2024-11-12,0.151762
2024-11-13,0.151649
2024-11-14,0.150406
2024-11-15,0.154437
2024-11-18,0.155022
2024-11-19,0.157323
2024-11-20,0.153468
2024-11-21,0.153977
2024-11-22,0.151936
2024-11-25,0.162689
2024-11-26,0.153823
2024-11-27,0.151283
2024-11-29,0.150946
2024-12-01,0.149411
2024-12-02,0.150108
2024-12-03,0.157862
2024-12-04,0.1565
2024-12-06,0.147457
2024-12-07,0.148883
2024-12-08,0.149169
2024-12-09,0.146969
2024-12-11,0.149707
2024-12-12,0.152486
2024-12-13,0.147897
2024-12-16,0.146023
2024-12-17,0.149213
2024-12-18,0.152966
2024-12-19,0.14904
2024-12-20,0.148614
2024-12-23,0.149875
2024-12-27,0.151618
2024-12-30,0.151061
2025-01-04,0.15238
2025-01-07,0.152521
2025-01-08,0.167473
2025-01-10,0.160495
2025-01-13,0.15381
2025-01-14,0.159229
2025-01-15,0.162276
2025-01-16,0.158653
2025-01-17,0.165463
2025-01-21,0.156385
2025-01-22,0.160063
2025-01-23,0.152844
2025-01-27,0.155453
2025-01-28,0.157312
2025-01-29,0.151958
2025-01-30,0.155485
2025-01-31,0.161365
2025-02-04,0.158649
2025-02-05,0.166932
2025-02-06,0.201392
2025-02-07,0.190364
2025-02-09,0.189524
2025-02-10,0.191468
2025-02-12,0.154673
2025-02-13,0.154379
2025-02-14,0.152102
2025-02-18,0.150559
2025-02-19,0.153342
2025-02-20,0.166054
2025-02-21,0.165066
2025-02-24,0.169414
2025-02-25,0.161968
2025-02-26,0.16205
2025-02-27,0.161114
2025-02-28,0.16204
2025-03-01,0.159332
2025-03-02,0.185813
2025-03-04,0.182868
2025-03-06,0.177847
2025-03-07,0.169319
2025-03-09,0.189714
2025-03-10,0.181375
2025-03-11,0.172092
2025-03-12,0.159797
2025-03-13,0.195346
2025-03-14,0.22614
2025-03-17,0.216904
2025-03-18,0.189463
2025-03-19,0.176018
2025-03-20,0.189152
2025-03-21,0.190841
2025-03-24,0.174994
2025-03-26,0.15898
2025-03-27,0.165165
2025-03-28,0.171525
2025-03-31,0.154392
2025-04-02,0.160213
2025-04-03,0.161085
2025-04-04,0.171026
2025-04-06,0.178899
2025-04-08,0.230742
2025-04-09,0.218932
2025-04-11,0.170309
2025-04-12,0.202674
2025-04-14,0.187668
2025-04-15,0.216482
2025-04-16,0.178574
2025-04-17,0.154409
2025-04-22,0.156619
2025-04-23,0.15301
2025-04-24,0.157533
2025-04-25,0.156127
2025-04-28,0.158621
2025-04-29,0.179728
2025-04-30,0.179306
2025-05-02,0.164869
2025-05-03,0.159146
2025-05-05,0.153269
2025-05-06,0.147833
2025-05-08,0.148687
2025-05-09,0.1467
2025-05-11,0.150168
2025-05-12,0.159954
2025-05-13,0.162813
2025-05-14,0.174846
2025-05-15,0.164864
2025-05-16,0.288168
2025-05-19,0.152245
2025-05-20,0.157009
2025-05-21,0.1802
2025-05-22,0.178754
2025-05-23,0.161205
2025-05-27,0.165021
2025-05-28,0.202235
2025-05-29,0.209895
2025-05-30,0.216186
2025-06-02,0.183402
2025-06-03,0.161483
2025-06-05,0.1841
2025-06-06,0.178789
2025-06-08,0.239413
2025-06-10,0.195411
2025-06-11,0.157862
2025-06-13,0.150543
2025-06-16,0.154723
2025-06-17,0.154712
2025-06-18,0.16007
2025-06-20,0.158366
2025-06-23,0.162987
2025-06-24,0.153599
2025-06-30,0.154046
2025-07-02,0.157663
2025-07-03,0.157593
2025-07-04,0.163713
2025-07-05,0.157737
2025-07-07,0.179166
2025-07-08,0.161464
2025-07-10,0.160966
2025-07-11,0.161429
2025-07-14,0.159562
2025-07-15,0.166896
2025-07-16,0.16702
2025-07-17,0.163029
2025-07-18,0.18138
2025-07-21,0.163155
2025-07-22,0.158139
2025-07-23,0.18399
2025-07-24,0.230291
2025-07-25,0.179362
2025-07-28,0.183449
2025-07-29,0.179421
2025-07-30,0.292647
2025-07-31,0.282449
2025-08-01,0.296886
2025-08-04,0.16627
2025-08-05,0.179293
2025-08-07,0.179227
2025-08-08,0.154085
2025-08-09,0.184219
2025-08-10,0.178426
2025-08-12,0.165014
2025-08-13,0.15725
2025-08-14,0.159566
2025-08-18,0.159235
2025-08-19,0.166228
2025-08-20,0.167709
2025-08-21,0.170416
2025-08-22,0.167781
2025-08-25,0.183266
2025-08-26,0.169005
2025-08-27,0.162801
2025-08-28,0.162553
2025-08-29,0.157323
2025-09-04,0.15547
2025-09-05,0.156766
2025-09-07,0.151409
2025-09-09,0.151341
2025-09-10,0.188325
2025-09-12,0.185923
2025-09-15,0.155664
2025-09-16,0.156477
2025-09-17,0.160208
2025-09-18,0.166328
2025-09-19,0.153425
2025-09-22,0.147304
2025-09-23,0.147539
2025-09-24,0.151451
2025-09-25,0.148444
2025-09-26,0.150899
2025-09-29,0.148512
2025-09-30,0.148895
2025-10-01,0.149148
2025-10-02,0.150347
2025-10-03,0.146603
2025-10-04,0.181949
2025-10-06,0.179558
2025-10-07,0.186094
2025-10-09,0.163371
2025-10-10,0.173708
2025-10-11,0.144406
2025-10-12,0.15928
2025-10-13,0.157938
2025-10-14,0.15431
2025-10-15,0.166863
2025-10-16,0.149679
2025-10-17,0.155188
2025-10-20,0.155405
2025-10-21,0.148877
2025-10-22,0.154298
2025-10-23,0.159962
2025-10-24,0.162613
2025-10-27,0.16881
2025-10-29,0.154562
2025-10-30,0.170353
2025-10-31,0.167174
2025-11-02,0.168421
2025-11-03,0.155961
2025-11-04,0.151995
2025-11-06,0.357103
2025-11-07,0.15428
2025-11-08,0.301888
2025-11-09,0.277464
2025-11-12,0.180924
2025-11-13,0.193511
2025-11-14,0.155695
2025-11-17,0.156486
2025-11-18,0.157151
2025-11-19,0.15709
2025-11-20,0.156719
2025-11-21,0.153514
2025-11-24,0.153883
2025-11-25,0.154366
2025-11-26,0.154683
2025-11-28,0.154945
2025-12-02,0.155714
2025-12-03,0.170421
2025-12-05,0.204013
2025-12-06,0.384051
2025-12-08,0.294307
2025-12-09,0.28691
2025-12-11,0.294057
2025-12-12,0.197589
2025-12-15,0.160402
2025-12-16,0.156226
2025-12-17,0.167369
2025-12-18,0.158258
2025-12-19,0.157655
2025-12-22,0.15753
2025-12-23,0.157513
2025-12-29,0.158542
2025-12-30,0.148883
