"date","frm","hhi_daily"
2001-06-28,0.0110699144045775,0.178571
2001-06-29,0.0087678375611856,0.178571
2001-07-03,0.0111373808086992,0.178571
2001-07-05,0.0102789889775442,0.178571
2001-07-08,0.00728312973845618,0.178571
2001-07-12,0.00704193027554542,0.178571
2001-07-13,0.00760727892394566,0.178571
2001-07-16,0.0112729851766657,0.178571
2001-07-17,0.00892220170318798,0.178571
2001-07-18,0.00879033880911294,0.178571
2001-07-19,0.0073848093294231,0.178571
2001-07-20,0.0102181887925169,0.178571
2001-07-23,0.0113563206783157,0.178571
2001-07-24,0.0142094080491986,0.178571
2001-07-25,0.0129174307168876,0.178571
2001-07-26,0.0134876485371384,0.178571
2001-07-27,0.0151961327605112,0.178571
2001-07-30,0.0128104016185555,0.178571
2001-07-31,0.0166987338919704,0.178571
2001-08-02,0.0157840150678486,0.178571
2001-08-03,0.0141211092291297,0.178571
2001-08-05,0.0146218684852475,0.178571
2001-08-08,0.0145283168491497,0.178571
2001-08-10,0.0114983914109888,0.178571
2001-08-11,0.0141093752295262,0.178571
2001-08-13,0.0145266249420325,0.178571
2001-08-14,0.0154719387591337,0.178571
2001-08-16,0.0128940545450553,0.178571
2001-08-17,0.0122503525997131,0.178571
2001-08-20,0.0116080166531771,0.178571
2001-08-21,0.013946989896667,0.178571
2001-08-22,0.013515037550367,0.178571
2001-08-23,0.0135852392672809,0.178571
2001-08-24,0.0126045171054264,0.178571
2001-08-27,0.00825437338796321,0.178571
2001-08-28,0.0108714596026952,0.178571
2001-08-29,0.0127444269766734,0.178571
2001-08-30,0.00936840922972895,0.178571
2001-08-31,0.0125396978632848,0.178571
2001-09-02,0.0113135847934389,0.178571
2001-09-03,0.0104887151918508,0.178571
2001-09-05,0.0108218423192544,0.178571
2001-09-07,0.0121105475687612,0.178571
2001-09-08,0.00970919789191864,0.178571
2001-09-10,0.0120030136982238,0.178571
2001-09-11,0.00998404700262106,0.178571
2001-09-17,0.010345302316817,0.178571
2001-09-18,0.0105091788982172,0.178571
2001-09-19,0.00954376681635538,0.178571
2001-09-20,0.0106050696544535,0.178571
2001-09-21,0.0119088745752019,0.178571
2001-09-24,0.0121777109194166,0.178571
2001-09-25,0.0125886861162463,0.178571
2001-09-26,0.0136814533983244,0.178571
2001-09-27,0.0157312757397038,0.178571
2001-09-28,0.0103964060790264,0.178571
2001-10-05,0.013608387252702,0.178571
2001-10-07,0.0136155565543109,0.178571
2001-10-08,0.0122548364360866,0.178571
2001-10-09,0.0132692719231488,0.178571
2001-10-10,0.0126848755758263,0.178571
2001-10-12,0.0130557909201525,0.178571
2001-10-15,0.0115897660225883,0.178571
2001-10-16,0.00841482536626219,0.178571
2001-10-17,0.0110367697762473,0.178571
2001-10-18,0.0136046406837861,0.178571
2001-10-19,0.0128916258492712,0.178571
2001-10-22,0.0153469331292133,0.178571
2001-10-23,0.0113038411050226,0.178571
2001-10-24,0.0104300981739333,0.178571
2001-10-25,0.018476863198661,0.178571
2001-10-29,0.015680746508396,0.178571
2001-10-30,0.0123562885427671,0.178571
2001-10-31,0.0127183170591356,0.178571
2001-11-04,0.0135917685328776,0.178571
2001-11-05,0.0111434240115252,0.178571
2001-11-06,0.0125421988915593,0.178571
2001-11-07,0.0129693816539546,0.178571
2001-11-10,0.00999763718633399,0.178571
2001-11-12,0.0125833234050227,0.178571
2001-11-13,0.0106869966071295,0.178571
2001-11-14,0.0120726074092379,0.178571
2001-11-15,0.0135450777822096,0.178571
2001-11-16,0.0105623915191328,0.178571
2001-11-19,0.0129237740194709,0.178571
2001-11-20,0.0127048420967418,0.178571
2001-11-21,0.0120942095379281,0.178571
2001-11-23,0.0133561860345781,0.178571
2001-11-26,0.0125358711313507,0.178571
2001-11-27,0.0139409256979984,0.178571
2001-11-28,0.0139697832253241,0.178571
2001-11-29,0.0128660198554857,0.178571
2001-11-30,0.0115165145828781,0.178571
2001-12-02,0.0112451074448954,0.178571
2001-12-03,0.00972074017138177,0.178571
2001-12-04,0.00791668889926186,0.178571
2001-12-06,0.00849236754303629,0.178571
2001-12-07,0.00719927589160975,0.178571
2001-12-10,0.0126931680409549,0.178571
2001-12-11,0.0141918451907155,0.178571
2001-12-12,0.0114651295147221,0.178571
2001-12-13,0.00916148026853012,0.178571
2001-12-14,0.00837275997078638,0.178571
2001-12-17,0.00907623822286998,0.178571
2001-12-18,0.00854767154348716,0.178571
2002-01-02,0.0101106234087083,0.178571
2002-01-03,0.0087613625238395,0.178571
2002-01-07,0.0079480982384172,0.178571
2002-01-10,0.0100457021793441,0.178571
2002-01-14,0.00961453424125417,0.178571
2002-01-15,0.00884516055574518,0.178571
2002-01-16,0.008123241087934,0.178571
2002-01-17,0.00814760011630718,0.178571
2002-01-18,0.00982256087933032,0.178571
2002-01-22,0.0083606454990191,0.178571
2002-01-23,0.00877760141328972,0.178571
2002-01-24,0.00708843949173371,0.178571
2002-01-25,0.00823272171352044,0.178571
2002-01-28,0.00869941266636244,0.178571
2002-01-29,0.00841415864186087,0.178571
2002-01-30,0.00857953010336014,0.178571
2002-01-31,0.00886912361021809,0.178571
2002-02-04,0.00813746144784733,0.178571
2002-02-07,0.00724938169197437,0.178571
2002-02-08,0.0121776778761559,0.178571
2002-02-10,0.0115730219802861,0.178571
2002-02-12,0.0135631783319413,0.178571
2002-02-13,0.0111513720771163,0.178571
2002-02-14,0.0105169412433752,0.178571
2002-02-15,0.010368028798401,0.178571
2002-02-19,0.0081825037490523,0.178571
2002-02-20,0.0110624175448083,0.178571
2002-02-21,0.0126813133414058,0.178571
2002-02-22,0.0117679423145286,0.178571
2002-02-25,0.0130138158662762,0.178571
2002-02-26,0.0129140122517385,0.178571
2002-02-27,0.0140791248450004,0.178571
2002-02-28,0.0140911933296313,0.178571
2002-03-01,0.0132875930761385,0.178571
2002-03-04,0.0156976063116558,0.178571
2002-03-06,0.0120423722717025,0.178571
2002-03-07,0.0127397729624118,0.178571
2002-03-10,0.0125602605985497,0.178571
2002-03-12,0.0139500283013173,0.178571
2002-03-13,0.0124249922269615,0.178571
2002-03-14,0.0111379730541716,0.178571
2002-03-15,0.0144535873684229,0.178571
2002-03-20,0.0139091770269076,0.178571
2002-03-21,0.0157325806942719,0.178571
2002-03-22,0.0184808387712998,0.178571
2002-03-28,0.0162638970124059,0.178571
2002-04-01,0.0167597100341621,0.178571
2002-04-02,0.0146146383347577,0.178571
2002-04-03,0.0137538580129757,0.178571
2002-04-06,0.015039924873584,0.178571
2002-04-10,0.0180319043212083,0.178571
2002-04-11,0.0180518288280932,0.178571
2002-04-12,0.0211568583066054,0.178571
2002-04-15,0.0195272079857748,0.178571
2002-04-17,0.0195471978784307,0.178571
2002-04-18,0.0217721176383195,0.178571
2002-04-19,0.0225749517524604,0.178571
2002-04-22,0.0213599179082805,0.178571
2002-04-23,0.0204944430861804,0.178571
2002-04-24,0.0200413642177325,0.178571
2002-04-25,0.0214509333193861,0.178571
2002-04-26,0.0219498007468926,0.178571
2002-04-29,0.019894977632228,0.178571
2002-04-30,0.0227704628336008,0.178571
2002-05-02,0.02186673595176,0.178571
2002-05-03,0.0250743984210511,0.178571
2002-05-06,0.0218725460802213,0.178571
2002-05-07,0.0201828184917925,0.178571
2002-05-08,0.0186976389151324,0.178571
2002-05-11,0.0188636297078257,0.178571
2002-05-12,0.019620919712993,0.178571
2002-05-13,0.0205929738780581,0.178571
2002-05-14,0.0228020042522104,0.178571
2002-05-15,0.0203145045021273,0.178571
2002-05-16,0.0220103068899151,0.178571
2002-05-17,0.0208309362444564,0.178571
2002-05-21,0.0248498030000461,0.178571
2002-05-22,0.0204336093468981,0.178571
2002-05-23,0.0236039341844326,0.178571
2002-05-24,0.0201857902355889,0.178571
2002-05-28,0.0601982165951729,0.178571
2002-05-29,0.018853151979627,0.178571
2002-05-31,0.0173736236147479,0.178571
2002-06-02,0.0160525018334312,0.178571
2002-06-03,0.0142686480209355,0.178571
2002-06-06,0.015821390391351,0.178571
2002-06-08,0.0151788560566172,0.178571
2002-06-11,0.0141570328194169,0.178571
2002-06-12,0.0158682148019981,0.178571
2002-06-13,0.0162648038439224,0.178571
2002-06-14,0.0176574980579679,0.178571
2002-06-28,0.0180637438171278,0.178571
2002-07-01,0.0188664821786962,0.178571
2002-07-02,0.018128733248625,0.178571
2002-07-06,0.0170796618107142,0.178571
2002-07-08,0.0177644205537618,0.178571
2002-07-10,0.0239784869661336,0.178571
2002-07-11,0.0245345957170249,0.178571
2002-07-15,0.0194365348316998,0.178571
2002-07-16,0.019497265598237,0.178571
2002-07-17,0.0201275572259096,0.178571
2002-07-18,0.0185543726700726,0.178571
2002-07-19,0.0187629448880813,0.178571
2002-07-22,0.018510321857804,0.178571
2002-07-23,0.0190406193219212,0.178571
2002-07-24,0.0181479625877367,0.178571
2002-07-25,0.0214742741308775,0.178571
2002-07-26,0.0212460372375233,0.178571
2002-07-29,0.020623896540203,0.178571
2002-08-01,0.0248014637792175,0.178571
2002-08-02,0.0255585085325677,0.178571
2002-08-03,0.0242602655241543,0.178571
2002-08-05,0.0186742263338573,0.178571
2002-08-07,0.01904984550503,0.178571
2002-08-08,0.0178995769882686,0.178571
2002-08-10,0.019152813491994,0.178571
2002-08-11,0.0257058326858358,0.178571
2002-08-13,0.0166838561043535,0.178571
2002-08-14,0.0178694805619804,0.178571
2002-08-16,0.0196243029241199,0.178571
2002-08-19,0.0238573340095499,0.178571
2002-08-20,0.0224935303470036,0.178571
2002-08-21,0.0165457021997052,0.178571
2002-08-22,0.0196022247708078,0.178571
2002-08-23,0.016758732173079,0.178571
2002-08-26,0.0205838683384446,0.178571
2002-08-27,0.0207063396231583,0.178571
2002-08-28,0.0213985386489489,0.178571
2002-08-29,0.0202482899031282,0.178571
2002-08-30,0.0194906317760593,0.178571
2002-09-01,0.0185681526189349,0.178571
2002-09-07,0.0158770012887879,0.178571
2002-09-08,0.0162083471746902,0.178571
2002-09-09,0.0172834893217368,0.178571
2002-09-10,0.012164807016482,0.178571
2002-09-12,0.0108521564981431,0.178571
2002-09-13,0.0104873617845345,0.178571
2002-09-16,0.0172773481503682,0.178571
2002-09-17,0.014229729937726,0.178571
2002-09-18,0.0106637902016558,0.178571
2002-09-19,0.0115048591457162,0.178571
2002-09-20,0.0102582287765095,0.178571
2002-09-23,0.00987487844231938,0.178571
2002-09-24,0.0100776396821222,0.178571
2002-09-25,0.00919557866738493,0.178571
2002-09-26,0.00764700474451182,0.178571
2002-09-27,0.00789709594128679,0.178571
2002-09-30,0.00782664841205277,0.178571
2002-10-01,0.011107333898522,0.178571
2002-10-05,0.00974663935134177,0.178571
2002-10-06,0.0115189696980773,0.178571
2002-10-07,0.0128152219916467,0.178571
2002-10-09,0.0101946042651243,0.178571
2002-10-10,0.0107550412578673,0.178571
2002-10-12,0.0111646234815637,0.178571
2002-10-14,0.0107713429397116,0.178571
2002-10-15,0.0355673500337016,0.178571
2002-10-16,0.009644408400885,0.178571
2002-10-17,0.00927315345674717,0.178571
2002-10-18,0.0106111716669738,0.178571
2002-10-21,0.0471578909977975,0.178571
2002-10-22,0.00838123164489592,0.178571
2002-10-23,0.0124763577622345,0.178571
2002-10-24,0.0139014396576565,0.178571
2002-10-25,0.0157940496419906,0.178571
2002-10-29,0.0161333971765222,0.178571
2002-10-30,0.0180659356027397,0.178571
2002-11-01,0.0167321461408921,0.178571
2002-11-02,0.0166390132658962,0.178571
2002-11-03,0.0158112030472853,0.178571
2002-11-04,0.0155875361354792,0.178571
2002-11-06,0.0167108158384566,0.178571
2002-11-07,0.016723535836479,0.178571
2002-11-09,0.0193719445725905,0.178571
2002-11-10,0.0133876050809171,0.178571
2002-11-12,0.014983505742795,0.178571
2002-11-13,0.0148963575445791,0.178571
2002-11-18,0.0160142924511974,0.178571
2002-11-29,0.013113879363404,0.178571
2002-12-02,0.0156695977136421,0.178571
2002-12-03,0.0221777301436313,0.178571
2002-12-04,0.0169943481212817,0.178571
2002-12-06,0.0170290012535091,0.178571
2002-12-07,0.0174831634176246,0.178571
2002-12-09,0.0173383674164221,0.178571
2002-12-11,0.0170618435911679,0.178571
2002-12-12,0.0187427769650133,0.178571
2002-12-13,0.0126376381037763,0.178571
2002-12-16,0.0165962338961864,0.178571
2002-12-19,0.0179984632651785,0.178571
2003-01-04,0.0214136282705346,0.178571
2003-01-08,0.0194021235074246,0.178571
2003-01-10,0.0138833970512299,0.178571
2003-01-13,0.015677587537891,0.178571
2003-01-14,0.0148085115960823,0.178571
2003-01-15,0.0162391525569762,0.178571
2003-01-16,0.0117051970580157,0.178571
2003-01-17,0.0179443161790923,0.178571
2003-01-21,0.0124259449987391,0.178571
2003-01-22,0.0116679373063333,0.178571
2003-01-23,0.0140662219308505,0.178571
2003-01-24,0.0141564630159766,0.178571
2003-01-27,0.0117415581481631,0.178571
2003-02-04,0.0131103613016066,0.178571
2003-02-06,0.00970883536374408,0.178571
2003-02-07,0.0114390458960844,0.178571
2003-02-09,0.0125248883253155,0.178571
2003-02-10,0.00614884990696896,0.178571
2003-02-12,0.00633863891561939,0.178571
2003-02-20,0.0112843618657949,0.178571
2003-02-21,0.00897959140643639,0.178571
2003-02-24,0.0125156922874138,0.178571
2003-02-25,0.0145550387002798,0.178571
2003-02-26,0.0173447337535288,0.178571
2003-02-27,0.0122034208572321,0.178571
2003-02-28,0.0120756954828608,0.178571
2003-03-03,0.0127646316694964,0.178571
2003-03-04,0.0150129601536254,0.178571
2003-03-06,0.0121209287348685,0.178571
2003-03-07,0.0122976766749872,0.178571
2003-03-09,0.0115955843535062,0.178571
2003-03-10,0.0125684311823987,0.178571
2003-03-11,0.0128508455276431,0.178571
2003-03-12,0.0111453491788911,0.178571
2003-03-13,0.0123587004944483,0.178571
2003-03-14,0.0132214005363027,0.178571
2003-03-18,0.0128537019252932,0.178571
2003-03-19,0.0113936321504668,0.178571
2003-03-20,0.0122485463283489,0.178571
2003-03-21,0.0134259684991126,0.178571
2003-03-24,0.0121353401716311,0.178571
2003-03-26,0.0146971244823301,0.178571
2003-03-27,0.0129429539388839,0.178571
2003-03-28,0.0134758569827882,0.178571
2003-03-31,0.0141964824392679,0.178571
2003-04-03,0.0107136450693738,0.178571
2003-04-04,0.00901901871665997,0.178571
2003-04-06,0.00882032697571444,0.178571
2003-04-08,0.0109713839678521,0.178571
2003-04-09,0.0116927995162194,0.178571
2003-04-11,0.0130323452577798,0.178571
2003-04-12,0.0109426083150657,0.178571
2003-04-14,0.011016907069203,0.178571
2003-04-15,0.0105423896685954,0.178571
2003-04-16,0.00876768078177393,0.178571
2003-04-17,0.0104077726613197,0.178571
2003-04-22,0.0106086926739996,0.178571
2003-05-03,0.0123444369901136,0.178571
2003-05-06,0.0104531751192422,0.178571
2003-05-08,0.0110393894305002,0.178571
2003-05-09,0.0108885301751549,0.178571
2003-05-11,0.0103473154601053,0.178571
2003-05-12,0.0129926028820566,0.178571
2003-05-13,0.0114153724950694,0.178571
2003-05-14,0.0126664840299182,0.178571
2003-05-15,0.011992340571751,0.178571
2003-05-16,0.0116663371787824,0.178571
2003-05-19,0.011779716761939,0.178571
2003-05-20,0.0122962210542918,0.178571
2003-05-21,0.0141722152547329,0.178571
2003-05-22,0.015082099768972,0.178571
2003-05-23,0.0119560040024728,0.178571
2003-05-27,0.0108529536450143,0.178571
2003-05-28,0.0137896735268921,0.178571
2003-05-30,0.0146406378824742,0.178571
2003-06-03,0.0129147642159627,0.178571
2003-06-06,0.0127846838861487,0.178571
2003-06-08,0.0153136793970636,0.178571
2003-06-10,0.0148223080662093,0.178571
2003-06-11,0.017718629897355,0.178571
2003-06-13,0.0135008048626856,0.178571
2003-06-17,0.0200985622051215,0.178571
2003-06-18,0.00948749625204449,0.178571
2003-06-20,0.011316483497507,0.178571
2003-06-23,0.0118611067001059,0.178571
2003-06-24,0.0143817266335625,0.178571
2003-06-25,0.0142540816574182,0.178571
2003-06-26,0.0124047836200241,0.178571
2003-06-27,0.0138561172123259,0.178571
2003-07-01,0.0119168111997889,0.178571
2003-07-03,0.0110534473854255,0.178571
2003-07-04,0.0124179158295624,0.178571
2003-07-07,0.0126335265506834,0.178571
2003-07-08,0.0220978839209895,0.178571
2003-07-10,0.0122076817853157,0.178571
2003-07-11,0.0119915354155676,0.178571
2003-07-14,0.0125967952936912,0.178571
2003-07-15,0.0141340952401469,0.178571
2003-07-16,0.0136919915129742,0.178571
2003-07-17,0.01416557890662,0.178571
2003-07-18,0.0138571301369867,0.178571
2003-07-21,0.0142122193516585,0.178571
2003-07-22,0.0152553954154115,0.178571
2003-07-23,0.0144562353388053,0.178571
2003-07-24,0.0145474369499925,0.178571
2003-07-25,0.0149961771698479,0.178571
2003-07-28,0.0157330575636808,0.178571
2003-07-29,0.0144118235029336,0.178571
2003-07-30,0.0288227516443271,0.178571
2003-07-31,0.014601740461638,0.178571
2003-08-01,0.0144575840213567,0.178571
2003-08-05,0.0140243527520965,0.178571
2003-08-07,0.0141357120358238,0.178571
2003-08-08,0.0138688054487404,0.178571
2003-08-09,0.0125840782378944,0.178571
2003-08-10,0.0120339009575949,0.178571
2003-08-13,0.0135763524729952,0.178571
2003-08-14,0.00948477165417192,0.178571
2003-08-18,0.00857927764085699,0.178571
2003-08-19,0.00978997993796989,0.178571
2003-08-20,0.00952520111091858,0.178571
2003-08-21,0.0091778601997932,0.178571
2003-08-22,0.00856143260477661,0.178571
2003-08-25,0.0108283816845558,0.178571
2003-08-26,0.0101239349355035,0.178571
2003-08-27,0.00799009072710565,0.178571
2003-08-28,0.00842229882705483,0.178571
2003-08-29,0.0103295345971964,0.178571
2003-09-01,0.0104357971829984,0.178571
2003-09-05,0.0106108868189196,0.178571
2003-09-07,0.00962230201711897,0.178571
2003-09-09,0.0108173985608733,0.178571
2003-09-10,0.011844866911544,0.178571
2003-09-12,0.0119274436976112,0.178571
2003-09-15,0.0104830987174929,0.178571
2003-09-16,0.0106865055788092,0.178571
2003-09-17,0.0101361343160462,0.178571
2003-09-18,0.0141573914308035,0.178571
2003-09-19,0.0154744985854646,0.178571
2003-09-22,0.012305489895337,0.178571
2003-09-23,0.0109960700717308,0.178571
2003-09-24,0.01598020694108,0.178571
2003-09-25,0.0153698068536037,0.178571
2003-09-26,0.014617165247122,0.178571
2003-09-29,0.0215702835269731,0.178571
2003-09-30,0.0215033011507519,0.178571
2003-10-01,0.0149995536826979,0.178571
2003-10-06,0.0148806320087654,0.178571
2003-10-07,0.0134387491130951,0.178571
2003-10-09,0.0137016674816307,0.178571
2003-10-10,0.00943514779875701,0.178571
2003-10-11,0.0111216093743572,0.178571
2003-10-12,0.0107422504145747,0.178571
2003-10-13,0.0100579069095853,0.178571
2003-10-14,0.0106127131272285,0.178571
2003-10-15,0.0132937893687405,0.178571
2003-10-16,0.0141052246968154,0.178571
2003-10-17,0.0133866549692028,0.178571
2003-10-20,0.0101641632210128,0.178571
2003-10-21,0.010992972883353,0.178571
2003-10-22,0.00973253276519669,0.178571
2003-10-23,0.00924024430082836,0.178571
2003-10-24,0.00950315101783347,0.178571
2003-10-27,0.00970469626589126,0.178571
2003-10-29,0.0082807984864922,0.178571
2003-10-30,0.00992194487469119,0.178571
2003-10-31,0.00913269767765331,0.178571
2003-11-03,0.00838734972663285,0.178571
2003-11-06,0.00829767774085236,0.178571
2003-11-07,0.00978411326260766,0.178571
2003-11-08,0.00951928970777959,0.178571
2003-11-09,0.00940681647061688,0.178571
2003-11-12,0.00868714629891951,0.178571
2003-11-14,0.010791384224388,0.178571
2003-11-17,0.0101223329719689,0.178571
2003-11-18,0.00944092302707774,0.178571
2003-11-19,0.0091565363960614,0.178571
2003-11-20,0.00884247023220447,0.178571
2003-11-21,0.00920591612705542,0.178571
2003-11-24,0.0106850760132395,0.178571
2003-11-25,0.0109040255642107,0.178571
2003-11-26,0.008468596679544,0.178571
2003-11-28,0.00761776634107899,0.178571
2003-12-03,0.00909086318508998,0.178571
2003-12-05,0.00950329499451571,0.178571
2003-12-06,0.00897036860105577,0.178571
2003-12-08,0.00701194899692192,0.178571
2003-12-09,0.00738022504630013,0.178571
2003-12-11,0.00823467850731813,0.178571
2003-12-12,0.00845511383949725,0.178571
2003-12-15,0.00850550479811936,0.178571
2003-12-16,0.00850215993381707,0.178571
2003-12-17,0.00873029213059238,0.178571
2003-12-18,0.0087312649158829,0.178571
2003-12-19,0.00888353566135422,0.178571
2004-01-03,0.00734402365414202,0.178571
2004-01-04,0.00830235000100457,0.178571
2004-01-06,0.00859688161492144,0.178571
2004-01-07,0.00981610658578182,0.178571
2004-01-09,0.0092104250260695,0.178571
2004-01-10,0.00887164973622026,0.178571
2004-01-13,0.00862245829640317,0.178571
2004-01-14,0.0231253962452681,0.178571
2004-01-15,0.0160842885022883,0.178571
2004-01-16,0.00993230162752171,0.178571
2004-01-20,0.00982080841473308,0.178571
2004-01-21,0.0102557106107324,0.178571
2004-01-22,0.00985188854780051,0.178571
2004-01-26,0.00972848451873714,0.178571
2004-01-27,0.00828164372967409,0.178571
2004-01-28,0.00877187003394583,0.178571
2004-01-29,0.00783444792529831,0.178571
2004-01-30,0.0081334671227223,0.178571
2004-02-02,0.00807312369947375,0.178571
2004-02-03,0.011699274883129,0.178571
2004-02-04,0.0129715502032392,0.178571
2004-02-06,0.0109655190582119,0.178571
2004-02-07,0.0092888061177994,0.178571
2004-02-08,0.00886139028865112,0.178571
2004-02-09,0.00854313374739278,0.178571
2004-02-11,0.00886368251544346,0.178571
2004-02-12,0.00772255499193052,0.178571
2004-02-13,0.00934518960647963,0.178571
2004-02-17,0.0102138689360489,0.178571
2004-02-18,0.0103043740870694,0.178571
2004-02-19,0.00949026644462286,0.178571
2004-02-20,0.00873669760401079,0.178571
2004-02-24,0.00978883993946829,0.178571
2004-02-25,0.00948339744297463,0.178571
2004-02-26,0.0076152251496593,0.178571
2004-02-27,0.00849425120612105,0.178571
2004-03-02,0.00685766738426031,0.178571
2004-03-03,0.00625469350661806,0.178571
2004-03-06,0.00637585094734601,0.178571
2004-03-08,0.00740924244691611,0.178571
2004-03-09,0.0083869428393125,0.178571
2004-03-11,0.00880012845200993,0.178571
2004-03-12,0.00995943287842223,0.178571
2004-03-15,0.0103271052629488,0.178571
2004-03-16,0.0100823252387976,0.178571
2004-03-17,0.0121152376913121,0.178571
2004-03-19,0.0116246494447423,0.178571
2004-03-22,0.0108833652019877,0.178571
2004-03-23,0.0107489789131972,0.178571
2004-03-24,0.0107446448585083,0.178571
2004-03-26,0.00959401278844932,0.178571
2004-03-29,0.0103976135299493,0.178571
2004-03-30,0.00852168892016388,0.178571
2004-03-31,0.00818420170816956,0.178571
2004-04-02,0.00881243848689492,0.178571
2004-04-03,0.0109912145232516,0.178571
2004-04-05,0.010762282825888,0.178571
2004-04-06,0.0128841771991665,0.178571
2004-04-08,0.0099661425574737,0.178571
2004-04-10,0.00950746199203359,0.178571
2004-04-11,0.00957662631889838,0.178571
2004-04-13,0.00966078356166085,0.178571
2004-04-14,0.00694061122385159,0.178571
2004-04-15,0.00789584256303984,0.178571
2004-04-16,0.0103494586551016,0.178571
2004-04-19,0.00827641504315215,0.178571
2004-04-20,0.0078781793838649,0.178571
2004-04-21,0.00730085951783141,0.178571
2004-04-22,0.00802668655609983,0.178571
2004-04-23,0.00850954490470883,0.178571
2004-04-30,0.0070800069073031,0.178571
2004-05-02,0.00790818791261558,0.178571
2004-05-03,0.00698479908536289,0.178571
2004-05-05,0.00717266575882003,0.178571
2004-05-08,0.00727184235611111,0.178571
2004-05-10,0.00743700658291299,0.178571
2004-05-11,0.00730330984563046,0.178571
2004-05-13,0.00841389723204213,0.178571
2004-05-14,0.0086548922295512,0.178571
2004-05-17,0.00787400716942786,0.178571
2004-05-18,0.00810509535165934,0.178571
2004-05-19,0.0076053448251874,0.178571
2004-05-21,0.00655715845401433,0.178571
2004-05-24,0.008929394589491,0.178571
2004-05-25,0.00889537433379617,0.178571
2004-05-26,0.00916604404914626,0.178571
2004-05-27,0.00758804831157363,0.178571
2004-05-28,0.00774073598069989,0.178571
2004-06-02,0.00767857955338487,0.178571
2004-06-05,0.0079782137576135,0.178571
2004-06-07,0.00920940756749204,0.178571
2004-06-08,0.00967278153178044,0.178571
2004-06-10,0.00759366487733013,0.178571
2004-06-12,0.00851179088073073,0.178571
2004-06-14,0.00992377301352393,0.178571
2004-06-15,0.00834264562440346,0.178571
2004-06-16,0.0104309068125549,0.178571
2004-06-17,0.00930941543846319,0.178571
2004-06-18,0.0102577375077818,0.178571
2004-06-21,0.0066972199697274,0.178571
2004-06-22,0.00682720709352629,0.178571
2004-06-23,0.00621076430137676,0.178571
2004-06-24,0.00675863181712662,0.178571
2004-06-25,0.00832399307875535,0.178571
2004-06-28,0.010644490385147,0.178571
2004-06-29,0.0111754919327838,0.178571
2004-06-30,0.00924180669414376,0.178571
2004-07-01,0.00983338751551474,0.178571
2004-07-05,0.0111179233302819,0.178571
2004-07-06,0.00932032164976337,0.178571
2004-07-07,0.0109714585842429,0.178571
2004-07-09,0.0114032945074202,0.178571
2004-07-10,0.0122025826100949,0.178571
2004-07-12,0.0105334704384609,0.178571
2004-07-13,0.0112345498366124,0.178571
2004-07-14,0.00959124047702086,0.178571
2004-07-15,0.0104486135156686,0.178571
2004-07-16,0.00879413711379786,0.178571
2004-07-19,0.00877753737264751,0.178571
2004-07-20,0.0120293819185398,0.178571
2004-07-21,0.00998751270284754,0.178571
2004-07-22,0.0122608469552542,0.178571
2004-07-23,0.0146615671460124,0.178571
2004-07-26,0.0140334603001994,0.178571
2004-07-27,0.0144304578384236,0.178571
2004-07-28,0.0147175701289686,0.178571
2004-07-29,0.0140626016193695,0.178571
2004-07-30,0.014254725564911,0.178571
2004-08-03,0.0143071246199112,0.178571
2004-08-06,0.0144675784788761,0.178571
2004-08-07,0.0128933299553975,0.178571
2004-08-09,0.0118882507008714,0.178571
2004-08-10,0.0142565617483189,0.178571
2004-08-11,0.0137197005857212,0.178571
2004-08-16,0.0114611472587161,0.178571
2004-08-17,0.011443215260406,0.178571
2004-08-18,0.0101614352874049,0.178571
2004-08-19,0.0103404262248909,0.178571
2004-08-20,0.0108729948217218,0.178571
2004-08-23,0.0114522277086316,0.178571
2004-08-24,0.0176337661244953,0.178571
2004-08-25,0.00882182750928956,0.178571
2004-08-26,0.0105378880960773,0.178571
2004-08-27,0.00910005230936715,0.178571
2004-08-30,0.00979151915335655,0.178571
2004-08-31,0.00818979199246783,0.178571
2004-09-02,0.0086434802641127,0.178571
2004-09-03,0.00787417897129507,0.178571
2004-09-06,0.0109766691748102,0.178571
2004-09-07,0.00784997743044791,0.178571
2004-09-08,0.0142294533280576,0.178571
2004-09-09,0.00807230937225483,0.178571
2004-09-11,0.00866602580681262,0.178571
2004-09-12,0.00789920951215436,0.178571
2004-09-13,0.00585027846695054,0.178571
2004-09-14,0.00597918979111527,0.178571
2004-09-15,0.00755400626164087,0.178571
2004-09-16,0.00846098503423615,0.178571
2004-09-17,0.0069126437064415,0.178571
2004-09-23,0.00860244535198443,0.178571
2004-09-24,0.00592685662345906,0.178571
2004-09-27,0.00688439339215264,0.178571
2004-09-28,0.00636017258059471,0.178571
2004-09-29,0.00643204549474391,0.178571
2004-09-30,0.00725327546688043,0.178571
2004-10-02,0.00686543378119617,0.178571
2004-10-03,0.00593783237370085,0.178571
2004-10-05,0.00754153431977554,0.178571
2004-10-08,0.00731969655895501,0.178571
2004-10-09,0.00917048048211539,0.178571
2004-10-11,0.00694230018095427,0.178571
2004-10-12,0.00900918397526212,0.178571
2004-10-13,0.0100894853699048,0.178571
2004-10-14,0.00936290516228778,0.178571
2004-10-15,0.00681272111485328,0.178571
2004-10-18,0.00770904843485431,0.178571
2004-10-19,0.00595990195950767,0.178571
2004-10-20,0.00757158025935751,0.178571
2004-10-21,0.0110238343275365,0.178571
2004-10-22,0.00960808549536417,0.178571
2004-10-25,0.00845978065944442,0.178571
2004-10-27,0.00704069302669971,0.178571
2004-10-29,0.00925784856728462,0.178571
2004-11-02,0.0084029680951718,0.178571
2004-11-03,0.00736231371676162,0.178571
2004-11-05,0.0073475855403344,0.178571
2004-11-08,0.00661148012528183,0.178571
2004-11-10,0.00667047937460668,0.178571
2004-11-15,0.00635650862056221,0.178571
2004-11-16,0.00821158852065107,0.178571
2004-11-17,0.0079897325351487,0.178571
2004-11-18,0.00795699863802425,0.178571
2004-11-19,0.00634806814978415,0.178571
2004-11-22,0.0103315156970493,0.178571
2004-11-23,0.00857938524985425,0.178571
2004-11-24,0.00762884684863996,0.178571
2004-11-26,0.00774451081112845,0.178571
2004-11-29,0.00874280583369149,0.178571
2004-11-30,0.00809255424989959,0.178571
2004-12-01,0.00644739032021193,0.178571
2004-12-02,0.00866692455333631,0.178571
2004-12-03,0.0085687985884729,0.178571
2004-12-05,0.00905983975125836,0.178571
2004-12-07,0.00847904699541927,0.178571
2004-12-08,0.00556846267433873,0.178571
2004-12-10,0.00634213400149454,0.178571
2004-12-11,0.00561256045658565,0.178571
2004-12-13,0.00715429048769499,0.178571
2004-12-14,0.00881916219975622,0.178571
2004-12-15,0.00889764725589339,0.178571
2004-12-16,0.0101571210438066,0.178571
2004-12-17,0.00849210519490834,0.178571
2004-12-20,0.00746911415432882,0.178571
2004-12-21,0.00784575728987045,0.178571
2004-12-22,0.00811259268195596,0.178571
2004-12-23,0.00814305943647448,0.178571
2005-01-02,0.00825879032369033,0.178571
2005-01-03,0.00806216484190474,0.178571
2005-01-04,0.0084199916244159,0.178571
2005-01-09,0.00907784853293442,0.178571
2005-01-13,0.00867880473906917,0.178571
2005-01-14,0.00875662439165118,0.178571
2005-01-18,0.00804140417122801,0.178571
2005-01-19,0.00840794526739658,0.178571
2005-01-20,0.00795655701268473,0.178571
2005-01-21,0.00785997974757442,0.178571
2005-01-24,0.00913085209648944,0.178571
2005-01-25,0.00790191908205746,0.178571
2005-01-26,0.00741031078506132,0.178571
2005-01-27,0.00626952601918667,0.178571
2005-01-28,0.00618226098881894,0.178571
2005-01-31,0.00623522409560434,0.178571
2005-02-02,0.00607991737227039,0.178571
2005-02-08,0.00727229517564099,0.178571
2005-02-11,0.00852744195795082,0.178571
2005-02-14,0.00807325018328386,0.178571
2005-02-15,0.00692298871089787,0.178571
2005-02-16,0.00996329958530338,0.178571
2005-02-17,0.00784479366295589,0.178571
2005-02-18,0.0118371761526016,0.178571
2005-02-22,0.0101493584011606,0.178571
2005-02-23,0.0113477093615625,0.178571
2005-02-24,0.0103862006862675,0.178571
2005-02-25,0.0118776120949576,0.178571
2005-02-28,0.010548710325057,0.178571
2005-03-01,0.0106223861499096,0.178571
2005-03-02,0.0111937005144142,0.178571
2005-03-08,0.00856797726333793,0.178571
2005-03-10,0.00792065776408531,0.178571
2005-03-11,0.00803526524343302,0.178571
2005-03-15,0.00787216990751468,0.178571
2005-03-16,0.00645937469833659,0.178571
2005-03-17,0.0125814046275038,0.178571
2005-03-18,0.0133491662552852,0.178571
2005-03-21,0.016045942619168,0.178571
2005-03-22,0.0154381773170464,0.178571
2005-03-23,0.014994107573118,0.178571
2005-03-24,0.0162751787348516,0.178571
2005-03-29,0.00972253101570785,0.178571
2005-03-30,0.0109707635242687,0.178571
2005-03-31,0.00872441946819643,0.178571
2005-04-01,0.0132636077022581,0.178571
2005-04-02,0.0124234152833595,0.178571
2005-04-04,0.0112724122097185,0.178571
2005-04-08,0.0117203944827954,0.178571
2005-04-10,0.0114087133339071,0.178571
2005-04-11,0.00901051323616497,0.178571
2005-04-18,0.0143473271413129,0.178571
2005-04-19,0.0131160504503866,0.178571
2005-04-20,0.0127170361203565,0.178571
2005-04-21,0.0130259017566137,0.178571
2005-04-22,0.0133436441745744,0.178571
2005-04-25,0.0149382403446424,0.178571
2005-04-26,0.0179441464994602,0.178571
2005-04-27,0.0136330164643655,0.178571
2005-04-28,0.0110940669213729,0.178571
2005-05-01,0.0115104899672683,0.178571
2005-05-04,0.0116885589120207,0.178571
2005-05-08,0.00879487764709747,0.178571
2005-05-10,0.0122097450293802,0.178571
2005-05-13,0.0113890146916317,0.178571
2005-05-17,0.0128000552606861,0.178571
2005-05-18,0.0117313698233964,0.178571
2005-05-19,0.0121728374466889,0.178571
2005-05-20,0.0113975208927197,0.178571
2005-05-23,0.0121932969085485,0.178571
2005-05-24,0.00941443392806146,0.178571
2005-05-25,0.010464595357477,0.178571
2005-05-27,0.0112480639215429,0.178571
2005-06-04,0.009741481903901,0.178571
2005-06-05,0.01121379401632,0.178571
2005-06-10,0.0112654118224476,0.178571
2005-06-12,0.0109924676186678,0.178571
2005-07-01,0.0130154689326831,0.178571
2005-07-02,0.0129159386342042,0.178571
2005-07-03,0.0103478327758484,0.178571
2005-07-04,0.0102223687437271,0.178571
2005-07-10,0.00712414292950778,0.178571
2005-07-11,0.0093844351460578,0.178571
2005-07-12,0.0111726355675554,0.178571
2005-08-02,0.0130424414992509,0.178571
2005-08-03,0.0110560380710131,0.178571
2005-08-08,0.0133703377740783,0.178571
2005-08-09,0.0101153181428425,0.178571
2005-08-11,0.0114854966549642,0.178571
2005-08-16,0.0118744503045352,0.178571
2005-08-17,0.0150340206529889,0.178571
2005-08-18,0.0195952596644574,0.178571
2005-08-19,0.0139955761945787,0.178571
2005-08-22,0.0144850795159907,0.178571
2005-08-23,0.0145088531152993,0.178571
2005-08-24,0.0137464429578428,0.178571
2005-08-29,0.0151396119241693,0.178571
2005-08-30,0.0140560700814456,0.178571
2005-08-31,0.0136874200760931,0.178571
2005-09-02,0.0149382599033927,0.178571
2005-09-03,0.0137522701199075,0.178571
2005-09-05,0.0151197850059463,0.178571
2005-09-08,0.0142518863343695,0.178571
2005-09-09,0.0156678105112914,0.178571
2005-09-11,0.0131880243110319,0.178571
2005-09-12,0.0589655488041734,0.178571
2005-09-13,0.0156848324702604,0.178571
2005-09-14,0.0127294560518134,0.178571
2005-09-15,0.0126365278641281,0.178571
2005-09-16,0.0120709590228127,0.178571
2005-09-19,0.0126677697998595,0.178571
2005-09-20,0.0128759917692502,0.178571
2005-09-21,0.014579817227589,0.178571
2005-09-22,0.0118942125333363,0.178571
2005-09-23,0.0129227814099095,0.178571
2005-09-26,0.015625622106935,0.178571
2005-09-27,0.0154713112368104,0.178571
2005-09-28,0.0126592059120484,0.178571
2005-09-29,0.0139086445648506,0.178571
2005-09-30,0.0133896060138336,0.178571
2005-10-01,0.0104879884462573,0.178571
2005-10-02,0.0117925781426286,0.178571
2005-10-03,0.00900429681801421,0.178571
2005-10-05,0.0110170683010817,0.178571
2005-10-08,0.00942196598216173,0.178571
2005-10-10,0.012600247010025,0.178571
2005-10-11,0.0127558753365046,0.178571
2005-10-13,0.0140478347756476,0.178571
2005-10-14,0.0137023813163119,0.178571
2005-10-17,0.0106299475754576,0.178571
2005-10-18,0.0130995611597671,0.178571
2005-10-19,0.0130307007832028,0.178571
2005-10-20,0.0117768472912863,0.178571
2005-10-21,0.0102935715654857,0.178571
2005-10-24,0.011529924579871,0.178571
2005-10-25,0.0127855839724627,0.178571
2005-10-27,0.0109616279415942,0.178571
2005-10-31,0.0119398721145446,0.178571
2005-11-01,0.0120380172806483,0.178571
2005-11-02,0.0106941440284625,0.178571
2005-11-03,0.0608388373113479,0.178571
2005-11-05,0.00975253762869056,0.178571
2005-11-08,0.0125841887752,0.178571
2005-11-10,0.0116766659748478,0.178571
2005-11-14,0.0105124111242079,0.178571
2005-11-15,0.0108098595019901,0.178571
2005-11-16,0.010321068803115,0.178571
2005-11-17,0.00990915626479204,0.178571
2005-11-18,0.04382821756505,0.178571
2005-11-21,0.0439962805628354,0.178571
2005-11-22,0.011949638760484,0.178571
2005-11-23,0.0125280858531075,0.178571
2005-11-25,0.0122415162621114,0.178571
2005-11-28,0.0445195858921303,0.178571
2005-11-29,0.0120371792174896,0.178571
2005-11-30,0.0452161120037263,0.178571
2005-12-01,0.0117093322071141,0.178571
2005-12-05,0.0442287403665685,0.178571
2005-12-08,0.0162181360150197,0.178571
2005-12-09,0.0123136087467095,0.178571
2005-12-10,0.0120221890323315,0.178571
2005-12-12,0.0125240474734175,0.178571
2005-12-13,0.0134794479547128,0.178571
2005-12-14,0.0140265665872519,0.178571
2005-12-15,0.0136581553271272,0.178571
2005-12-16,0.0131385466086697,0.178571
2005-12-19,0.0434334415841639,0.178571
2005-12-20,0.0443028948407788,0.178571
2005-12-21,0.0113178438984367,0.178571
2005-12-22,0.0118357197720022,0.178571
2005-12-23,0.0121761375444418,0.178571
2006-01-02,0.0422173499084591,0.178571
2006-01-03,0.00999134862060597,0.178571
2006-01-06,0.00862379733518353,0.178571
2006-01-08,0.0122917304638919,0.178571
2006-01-09,0.00884546628575393,0.178571
2006-01-13,0.00948246310166845,0.178571
2006-01-17,0.00890458444546261,0.178571
2006-01-18,0.00864209303728654,0.178571
2006-01-19,0.0105131567568792,0.178571
2006-01-20,0.010527285277893,0.178571
2006-01-23,0.0110884458174502,0.178571
2006-01-24,0.0100915222561975,0.178571
2006-01-25,0.0103289048009691,0.178571
2006-01-26,0.0111137395831726,0.178571
2006-01-27,0.0117357494037819,0.178571
2006-01-30,0.0122044504813789,0.178571
2006-01-31,0.0125481935744924,0.178571
2006-02-02,0.0133879564110651,0.178571
2006-02-03,0.0116079088042154,0.178571
2006-02-06,0.00980137108367326,0.178571
2006-02-08,0.00992192098430078,0.178571
2006-02-10,0.00999428054459579,0.178571
2006-02-11,0.0102386421184836,0.178571
2006-02-13,0.0116535120145055,0.178571
2006-02-14,0.0119020228019495,0.178571
2006-02-15,0.0109019932243125,0.178571
2006-02-16,0.0165715776162984,0.178571
2006-02-17,0.0165337791708383,0.178571
2006-02-21,0.0119979367335316,0.178571
2006-02-22,0.0123987401481877,0.178571
2006-02-23,0.0132726537885997,0.178571
2006-02-24,0.0112376096289664,0.178571
2006-02-27,0.0111459155245836,0.178571
2006-02-28,0.00976729384858619,0.178571
2006-03-01,0.00883522924230887,0.178571
2006-03-02,0.0107649223062504,0.178571
2006-03-03,0.0103665018293287,0.178571
2006-03-04,0.0103194919828985,0.178571
2006-03-07,0.0111061542009514,0.178571
2006-03-08,0.0102917989215579,0.178571
2006-03-10,0.00983099544134473,0.178571
2006-03-11,0.0101061335184369,0.178571
2006-03-13,0.00944707926928421,0.178571
2006-03-14,0.0108216859682666,0.178571
2006-03-15,0.00832524976049476,0.178571
2006-03-16,0.00836400940781313,0.178571
2006-03-17,0.0101175369850361,0.178571
2006-03-20,0.00834679448626502,0.178571
2006-03-21,0.00957703460396335,0.178571
2006-03-22,0.00943327733237555,0.178571
2006-03-27,0.00951559510037273,0.178571
2006-03-28,0.0109683405815486,0.178571
2006-03-31,0.0096540939182497,0.178571
2006-04-01,0.0102246374810986,0.178571
2006-04-04,0.0104640099889353,0.178571
2006-04-05,0.00907363680229981,0.178571
2006-04-08,0.0105358902929742,0.178571
2006-04-10,0.0113835490254061,0.178571
2006-04-12,0.00911118079019413,0.178571
2006-04-13,0.00943378416249613,0.178571
2006-04-18,0.00808371265541773,0.178571
2006-04-19,0.00937459323111606,0.178571
2006-05-01,0.00921086696966124,0.178571
2006-05-04,0.00981566686992347,0.178571
2006-05-05,0.00940435807690856,0.178571
2006-05-07,0.00909915431642444,0.178571
2006-05-09,0.00973652319672558,0.178571
2006-05-10,0.0105067272025302,0.178571
2006-05-12,0.010231142388575,0.178571
2006-05-15,0.00999152677136441,0.178571
2006-05-16,0.00942253840857136,0.178571
2006-05-17,0.00986341402438751,0.178571
2006-05-18,0.00914328687795665,0.178571
2006-05-19,0.0099240049548547,0.178571
2006-05-22,0.0119669498568308,0.178571
2006-05-23,0.0138855806025601,0.178571
2006-05-24,0.0156227205686352,0.178571
2006-05-26,0.0166171451488188,0.178571
2006-05-30,0.0166923638481945,0.178571
2006-05-31,0.0146252891213221,0.178571
2006-06-02,0.014264891968144,0.178571
2006-06-04,0.0146351591157944,0.178571
2006-06-06,0.0145253259311883,0.178571
2006-06-07,0.0144692924365069,0.178571
2006-06-10,0.0123888404559451,0.178571
2006-06-11,0.0153918187078461,0.178571
2006-06-12,0.015493138038234,0.178571
2006-06-13,0.0144233494947328,0.178571
2006-06-14,0.0145234721396345,0.178571
2006-06-16,0.0134039668231104,0.178571
2006-06-19,0.0153732676623473,0.178571
2006-06-20,0.0136118579972365,0.178571
2006-06-21,0.013213421929987,0.178571
2006-06-22,0.0142281439512779,0.178571
2006-06-23,0.0149320127366217,0.178571
2006-06-26,0.0145043954001682,0.178571
2006-06-27,0.0140529219756222,0.178571
2006-06-28,0.0156776572777744,0.178571
2006-06-29,0.0160651707177757,0.178571
2006-06-30,0.0163051117465528,0.178571
2006-07-02,0.0182641968829749,0.178571
2006-07-03,0.0132685805805076,0.178571
2006-07-04,0.0106874405337257,0.178571
2006-07-06,0.0127691389390182,0.178571
2006-07-07,0.0133304096823833,0.178571
2006-07-08,0.0132168061385371,0.178571
2006-07-11,0.0109117569641101,0.178571
2006-07-12,0.0116896383499302,0.178571
2006-07-13,0.00849387087134427,0.178571
2006-07-14,0.0107171238748368,0.178571
2006-07-17,0.0138877942887198,0.178571
2006-07-18,0.00977954302783922,0.178571
2006-07-19,0.0111839219033349,0.178571
2006-07-20,0.00935973634194157,0.178571
2006-07-21,0.0106784022331763,0.178571
2006-07-24,0.0120570024134869,0.178571
2006-07-25,0.0109326082671782,0.178571
2006-07-26,0.0132674763469595,0.178571
2006-07-27,0.0125773806198756,0.178571
2006-07-28,0.0667977600483255,0.178571
2006-07-31,0.0101938107605972,0.178571
2006-08-02,0.0121748854003571,0.178571
2006-08-03,0.0116766072387407,0.178571
2006-08-05,0.0127858078576592,0.178571
2006-08-06,0.0103049460112892,0.178571
2006-08-08,0.0120285890056471,0.178571
2006-08-11,0.0140800877486156,0.178571
2006-08-14,0.0154962865564913,0.178571
2006-08-16,0.0163614066959242,0.178571
2006-08-17,0.0154238428508709,0.178571
2006-08-18,0.0149186834666935,0.178571
2006-08-21,0.0167035653381924,0.178571
2006-08-22,0.0162144649259744,0.178571
2006-08-23,0.0147444765406381,0.178571
2006-08-24,0.0127264027797638,0.178571
2006-08-25,0.0131249091744817,0.178571
2006-08-28,0.0115641474527404,0.178571
2006-08-29,0.0116512750729924,0.178571
2006-08-30,0.0119569803565567,0.178571
2006-08-31,0.012101657903142,0.178571
2006-09-01,0.0128950758328266,0.178571
2006-09-02,0.0136341514861966,0.178571
2006-09-03,0.0149044660843967,0.178571
2006-09-05,0.0143731109895065,0.178571
2006-09-06,0.0133863198091907,0.178571
2006-09-08,0.013769819646442,0.178571
2006-09-10,0.0157866441069487,0.178571
2006-09-11,0.0159277211566369,0.178571
2006-09-13,0.0164655416447545,0.178571
2006-09-14,0.0156236233916044,0.178571
2006-09-15,0.0140465821497976,0.178571
2006-09-29,0.0405454726789122,0.178571
2006-10-01,0.014788003806324,0.178571
2006-10-02,0.0166498835138419,0.178571
2006-10-03,0.0129999336488403,0.178571
2006-10-04,0.0130658140621648,0.178571
2006-10-05,0.0124809921364606,0.178571
2006-10-07,0.0148497737923613,0.178571
2006-10-08,0.0148569645427487,0.178571
2006-10-10,0.0159401672096158,0.178571
2006-10-11,0.015530127436653,0.178571
2006-10-13,0.0162969917973644,0.178571
2006-10-16,0.0154464403017966,0.178571
2006-10-17,0.0157096983221387,0.178571
2006-10-18,0.018463794876671,0.178571
2006-10-19,0.0111626459618725,0.178571
2006-10-20,0.0102013935383054,0.178571
2006-10-23,0.0114319112094567,0.178571
2006-10-24,0.0108847519726927,0.178571
2006-10-25,0.0112918090741093,0.178571
2006-10-27,0.0113844601346094,0.178571
2006-10-30,0.0149641030883422,0.178571
2006-10-31,0.0224176579180549,0.178571
2006-11-01,0.0106204267653379,0.178571
2006-11-04,0.00956548244746938,0.178571
2006-11-05,0.0111486580384571,0.178571
2006-11-07,0.0122570073900822,0.178571
2006-11-08,0.0100868846517196,0.178571
2006-11-09,0.0110877599322013,0.178571
2006-11-10,0.0109896112124011,0.178571
2006-11-12,0.0102512413935541,0.178571
2006-11-13,0.00986249085937138,0.178571
2006-11-14,0.0118372800395243,0.178571
2006-11-15,0.00984925839094057,0.178571
2006-11-16,0.00996670491467217,0.178571
2006-11-17,0.0118395870485605,0.178571
2006-11-20,0.0115797007422041,0.178571
2006-11-21,0.0108924282127265,0.178571
2006-11-22,0.00819098435169165,0.178571
2006-11-24,0.0100053623890398,0.178571
2006-11-27,0.00981680255041607,0.178571
2006-11-28,0.0104234634526764,0.178571
2006-11-29,0.010554749764658,0.178571
2006-11-30,0.00988968511777633,0.178571
2006-12-01,0.0100567937043391,0.178571
2006-12-04,0.00943040173737299,0.178571
2006-12-05,0.010297579768397,0.178571
2006-12-07,0.010406342289624,0.178571
2006-12-09,0.0114877324650555,0.178571
2006-12-10,0.00970470815249034,0.178571
2006-12-12,0.00887353743780238,0.178571
2006-12-13,0.0104219643671618,0.178571
2006-12-14,0.00993825020934391,0.178571
2006-12-15,0.00852168124514177,0.178571
2006-12-18,0.00886567244319873,0.178571
2006-12-19,0.00884024585066863,0.178571
2007-01-02,0.00710799843710565,0.178571
2007-01-03,0.00727404680828763,0.178571
2007-01-06,0.00864378172431365,0.178571
2007-01-08,0.00812837299144811,0.178571
2007-01-10,0.00882690133634585,0.178571
2007-01-16,0.00805573442940928,0.178571
2007-01-17,0.00830071928527931,0.178571
2007-01-18,0.00828361681899251,0.178571
2007-01-19,0.00837194792659183,0.178571
2007-01-22,0.0076560665325218,0.178571
2007-01-25,0.00948377662512742,0.178571
2007-01-26,0.00952419886881776,0.178571
2007-01-29,0.00852570471676339,0.178571
2007-01-30,0.00795300661982276,0.178571
2007-01-31,0.00874254227182142,0.178571
2007-02-02,0.00844894356734346,0.178571
2007-02-03,0.00755236213117085,0.178571
2007-02-04,0.00870449010294747,0.178571
2007-02-07,0.00865870576711843,0.178571
2007-02-08,0.0109650702306373,0.178571
2007-02-10,0.0121620002834114,0.178571
2007-02-11,0.0122023059517975,0.178571
2007-02-13,0.00851696835410204,0.178571
2007-02-14,0.00940178677148401,0.178571
2007-02-15,0.00870910664548606,0.178571
2007-02-16,0.00901115918999757,0.178571
2007-02-20,0.00929952792141373,0.178571
2007-02-21,0.00864231338112756,0.178571
2007-02-28,0.0089962810499447,0.178571
2007-03-01,0.00941735342034329,0.178571
2007-03-04,0.01124925555174,0.178571
2007-03-07,0.0110133544317398,0.178571
2007-03-08,0.01053790066562,0.178571
2007-03-10,0.0101043920960019,0.178571
2007-03-12,0.00961743353901647,0.178571
2007-03-13,0.00952364574037394,0.178571
2007-03-14,0.00881338096639467,0.178571
2007-03-15,0.0111730286177248,0.178571
2007-03-16,0.0123542560903746,0.178571
2007-03-19,0.0122266868371993,0.178571
2007-03-20,0.0120677585443118,0.178571
2007-03-21,0.012135372524273,0.178571
2007-03-22,0.0117644542631727,0.178571
2007-03-23,0.0111748424650893,0.178571
2007-03-26,0.0109583264827477,0.178571
2007-03-27,0.0114060826272994,0.178571
2007-03-28,0.0123720738344527,0.178571
2007-03-29,0.0125741055294058,0.178571
2007-03-30,0.0116011659518202,0.178571
2007-04-01,0.0120927535374011,0.178571
2007-04-04,0.0119976820628445,0.178571
2007-04-05,0.0118917346032015,0.178571
2007-04-06,0.011695991203078,0.178571
2007-04-09,0.011421377577867,0.178571
2007-04-10,0.01282373543171,0.178571
2007-04-12,0.0114984354167676,0.178571
2007-04-13,0.0122319919506321,0.178571
2007-04-16,0.0109466540767276,0.178571
2007-04-17,0.01233200282508,0.178571
2007-04-24,0.0101317303467074,0.178571
2007-05-01,0.0112529376493347,0.178571
2007-05-02,0.00834011288362304,0.178571
2007-05-03,0.0153843943657176,0.178571
2007-05-04,0.00951365993815869,0.178571
2007-05-06,0.0141493582107957,0.178571
2007-05-07,0.013662399398808,0.178571
2007-05-09,0.0106291775080596,0.178571
2007-05-10,0.00965590767486699,0.178571
2007-05-11,0.00933262408157553,0.178571
2007-05-12,0.00879967440993185,0.178571
2007-05-14,0.00927496070774142,0.178571
2007-05-15,0.00883141775681254,0.178571
2007-05-16,0.00947701389885495,0.178571
2007-05-18,0.0106013410592496,0.178571
2007-05-21,0.0109697392780233,0.178571
2007-05-22,0.0105147648074865,0.178571
2007-05-23,0.0109114577501201,0.178571
2007-05-24,0.010729415142012,0.178571
2007-05-25,0.0116197611222761,0.178571
2007-05-29,0.013532350375434,0.178571
2007-05-30,0.0129607393686149,0.178571
2007-05-31,0.0141531136121024,0.178571
2007-06-02,0.0144496983845176,0.178571
2007-06-03,0.0127369245183166,0.178571
2007-06-06,0.0220995956631079,0.178571
2007-06-07,0.0202681640026126,0.178571
2007-06-08,0.0117470070864192,0.178571
2007-06-09,0.0122948032959841,0.178571
2007-06-11,0.0129266900513415,0.178571
2007-06-12,0.0128474832555917,0.178571
2007-06-13,0.0121307710940464,0.178571
2007-06-14,0.011709422435416,0.178571
2007-06-15,0.0129846345116648,0.178571
2007-06-18,0.0130288682871297,0.178571
2007-06-19,0.0136940860198597,0.178571
2007-06-20,0.0136274600320928,0.178571
2007-06-21,0.0131989463121302,0.178571
2007-06-22,0.0136992668067564,0.178571
2007-06-25,0.013646030520195,0.178571
2007-06-26,0.0135437223509165,0.178571
2007-06-27,0.0130754868595359,0.178571
2007-06-28,0.0136757471911869,0.178571
2007-06-29,0.0148551830535257,0.178571
2007-07-02,0.0146425952421857,0.178571
2007-07-03,0.0149673672204327,0.178571
2007-07-05,0.0152683580128897,0.178571
2007-07-08,0.0275644915752361,0.178571
2007-07-09,0.0152681412316305,0.178571
2007-07-11,0.0126033158400637,0.178571
2007-07-12,0.0131203298253173,0.178571
2007-07-13,0.0117070098171184,0.178571
2007-07-16,0.0113698797066026,0.178571
2007-07-17,0.0136034005590709,0.178571
2007-07-18,0.0129562883755429,0.178571
2007-07-19,0.0117601106771873,0.178571
2007-07-20,0.0127943453573512,0.178571
2007-07-23,0.0126509312269206,0.178571
2007-07-24,0.0107752957308401,0.178571
2007-07-25,0.013808941086513,0.178571
2007-07-26,0.0131194847322035,0.178571
2007-07-27,0.0126855235267267,0.178571
2007-07-30,0.0148228934406717,0.178571
2007-07-31,0.0129313081275721,0.178571
2007-08-01,0.0123817779158283,0.178571
2007-08-02,0.0114460432147832,0.178571
2007-08-03,0.0119223646637769,0.178571
2007-08-05,0.0117899228926434,0.178571
2007-08-06,0.0129286216772359,0.178571
2007-08-08,0.0136397535722333,0.178571
2007-08-10,0.0134973684359188,0.178571
2007-08-13,0.011954474477026,0.178571
2007-08-14,0.00973213872161656,0.178571
2007-08-16,0.0100612347706448,0.178571
2007-08-17,0.0142499571588756,0.178571
2007-08-20,0.0147546427270007,0.178571
2007-08-21,0.0113270935079556,0.178571
2007-08-22,0.0116216527801666,0.178571
2007-08-23,0.0104586696054065,0.178571
2007-08-24,0.0111889853328414,0.178571
2007-08-27,0.0109276939494059,0.178571
2007-08-28,0.00894219575061298,0.178571
2007-08-29,0.0112591614543212,0.178571
2007-08-30,0.0100369146654547,0.178571
2007-08-31,0.010068219807948,0.178571
2007-09-01,0.0116749800260852,0.178571
2007-09-02,0.0116629574302146,0.178571
2007-09-03,0.0119581479440345,0.178571
2007-09-05,0.011376852570807,0.178571
2007-09-07,0.0109827774963428,0.178571
2007-09-08,0.0105605566652902,0.178571
2007-09-10,0.011464469966291,0.178571
2007-09-13,0.0121225309091756,0.178571
2007-09-14,0.0106637825609901,0.178571
2007-09-17,0.013995029472837,0.178571
2007-09-18,0.0118911482835378,0.178571
2007-09-19,0.0133026084666647,0.178571
2007-09-20,0.0206336985367252,0.178571
2007-09-21,0.0149601093136942,0.178571
2007-09-24,0.0154251299043,0.178571
2007-09-25,0.0139263955161479,0.178571
2007-09-26,0.0126537284573981,0.178571
2007-09-27,0.0131953703078891,0.178571
2007-09-28,0.0140500214502547,0.178571
2007-10-01,0.013026980233939,0.178571
2007-10-04,0.0133179860511471,0.178571
2007-10-05,0.0127320311891381,0.178571
2007-10-07,0.0185079425147068,0.178571
2007-10-08,0.0180389588335443,0.178571
2007-10-09,0.0206544596789936,0.178571
2007-10-10,0.020533411466641,0.178571
2007-10-12,0.0205093378904083,0.178571
2007-10-18,0.0176548948036046,0.178571
2007-10-19,0.0182820596721141,0.178571
2007-10-22,0.0179420408115289,0.178571
2007-10-23,0.022239480631279,0.178571
2007-10-24,0.0191102522178886,0.178571
2007-10-25,0.0215005779249187,0.178571
2007-10-29,0.0250007797467928,0.178571
2007-10-30,0.0245225374134403,0.178571
2007-10-31,0.0247239184574293,0.178571
2007-11-01,0.0244718798940055,0.178571
2007-11-04,0.0264618760503747,0.178571
2007-11-05,0.0238490383956266,0.178571
2007-11-06,0.0206750814924771,0.178571
2007-11-07,0.0216816771450911,0.178571
2007-11-09,0.0232953146947182,0.178571
2007-11-10,0.0275280005749333,0.178571
2007-11-12,0.0291009547592481,0.178571
2007-11-13,0.0254381526920513,0.178571
2007-11-14,0.0218871994098077,0.178571
2007-11-15,0.0228863751358242,0.178571
2007-11-16,0.0213054407940002,0.178571
2007-11-19,0.0199365328765164,0.178571
2007-11-20,0.023038999074028,0.178571
2007-11-21,0.0214391422809085,0.178571
2007-11-23,0.020462226670311,0.178571
2007-11-26,0.0225080108371484,0.178571
2007-11-27,0.0225570162151126,0.178571
2007-11-28,0.0214670235882847,0.178571
2007-11-29,0.0200667747322022,0.178571
2007-11-30,0.0195728173970361,0.178571
2007-12-01,0.0194300565583976,0.178571
2007-12-02,0.0203463338273793,0.178571
2007-12-03,0.0215071357884554,0.178571
2007-12-04,0.0183382931474708,0.178571
2007-12-06,0.0173060172373184,0.178571
2007-12-07,0.0190447437328243,0.178571
2007-12-09,0.019865600395273,0.178571
2007-12-10,0.0204354689424643,0.178571
2007-12-11,0.0214583148017036,0.178571
2007-12-12,0.0178412283505452,0.178571
2007-12-13,0.0168712597689153,0.178571
2007-12-14,0.018249608145203,0.178571
2007-12-17,0.0169777789367453,0.178571
2007-12-18,0.0195175878388366,0.178571
2007-12-19,0.0191377882212344,0.178571
2007-12-20,0.0180018376788225,0.178571
2007-12-21,0.0175563663027336,0.178571
2008-01-02,0.0174625329820637,0.178571
2008-01-04,0.015811585150536,0.178571
2008-01-07,0.0193733737211175,0.178571
2008-01-08,0.016827983317501,0.178571
2008-01-14,0.0176079964663639,0.178571
2008-01-15,0.0172981233255822,0.178571
2008-01-16,0.0214515567394408,0.178571
2008-01-17,0.0177805905625607,0.178571
2008-01-18,0.0198109461924463,0.178571
2008-01-22,0.0201225895857505,0.178571
2008-01-23,0.0225216545330208,0.178571
2008-01-24,0.0197860144229834,0.178571
2008-01-25,0.020417112404031,0.178571
2008-01-28,0.016291477386414,0.178571
2008-01-29,0.0184752177434467,0.178571
2008-01-30,0.0247133007896305,0.178571
2008-01-31,0.0161368343983274,0.178571
2008-02-04,0.0189498589767077,0.178571
2008-02-06,0.0167788245099264,0.178571
2008-02-07,0.0220266809452249,0.178571
2008-02-13,0.0185459204725868,0.178571
2008-02-14,0.0168822332910843,0.178571
2008-02-15,0.0155438661669971,0.178571
2008-02-19,0.0232506189547641,0.178571
2008-02-20,0.0217956310075781,0.178571
2008-02-21,0.0165219143427754,0.178571
2008-02-22,0.0203570648387071,0.178571
2008-02-25,0.0169780898090631,0.178571
2008-02-26,0.0166668472823416,0.178571
2008-02-27,0.0200231710973521,0.178571
2008-02-28,0.0153854278537937,0.178571
2008-02-29,0.015899240149767,0.178571
2008-03-01,0.0189260756527774,0.178571
2008-03-03,0.0170430309560246,0.178571
2008-03-04,0.0159848284584011,0.178571
2008-03-06,0.016152014235057,0.178571
2008-03-07,0.0148031757825468,0.178571
2008-03-09,0.0157006632923604,0.178571
2008-03-17,0.0134219561268763,0.178571
2008-03-18,0.0158876422442467,0.178571
2008-03-19,0.0159757030879564,0.178571
2008-03-20,0.0145559042877873,0.178571
2008-03-26,0.0148908464218396,0.178571
2008-03-27,0.0141117766983737,0.178571
2008-03-28,0.0151775494721596,0.178571
2008-03-31,0.0252316282678182,0.178571
2008-04-01,0.0251369143058312,0.178571
2008-04-02,0.0219794117509626,0.178571
2008-04-04,0.0334856583863754,0.178571
2008-04-06,0.0451283408153962,0.178571
2008-04-08,0.031123583683676,0.178571
2008-04-09,0.0678132236162023,0.178571
2008-04-14,0.0146475427565051,0.178571
2008-04-15,0.0163685315787473,0.178571
2008-04-16,0.015249021890466,0.178571
2008-04-17,0.016941607840147,0.178571
2008-04-18,0.0149667332118811,0.178571
2008-04-21,0.0149252025956244,0.178571
2008-04-29,0.0160886562969649,0.178571
2008-04-30,0.0157591441581071,0.178571
2008-05-02,0.0208816441157032,0.178571
2008-05-05,0.0171550585091481,0.178571
2008-05-06,0.0175094508733299,0.178571
2008-05-08,0.0161430420874046,0.178571
2008-05-09,0.0181040266212009,0.178571
2008-05-13,0.0227064047989961,0.178571
2008-05-14,0.0214329697842366,0.178571
2008-05-15,0.0213860257614949,0.178571
2008-05-16,0.0209933646145999,0.178571
2008-05-19,0.0227472471039637,0.178571
2008-05-20,0.0190806538811104,0.178571
2008-05-21,0.0211596773768469,0.178571
2008-05-23,0.0190292058767185,0.178571
2008-05-27,0.0213544520226513,0.178571
2008-05-28,0.0235015688893699,0.178571
2008-05-29,0.0220604164765471,0.178571
2008-05-30,0.0205991542368066,0.178571
2008-06-02,0.0228144484313769,0.178571
2008-06-03,0.0240228040014489,0.178571
2008-06-05,0.0211642705877274,0.178571
2008-06-06,0.0212671453221339,0.178571
2008-06-08,0.0223019067772717,0.178571
2008-06-13,0.0272067268985615,0.178571
2008-06-17,0.026466503322524,0.178571
2008-06-18,0.0246987515578802,0.178571
2008-06-19,0.0241680277567112,0.178571
2008-06-20,0.0247222021450911,0.178571
2008-06-23,0.0250411966268556,0.178571
2008-06-24,0.0264789485016698,0.178571
2008-06-25,0.0241374885174247,0.178571
2008-06-26,0.023650478382185,0.178571
2008-06-27,0.0246779838641823,0.178571
2008-06-30,0.026826979151725,0.178571
2008-07-01,0.0263929584519855,0.178571
2008-07-02,0.026679319457237,0.178571
2008-07-03,0.0238753786246567,0.178571
2008-07-04,0.0228087442932505,0.178571
2008-07-05,0.0255252489904551,0.178571
2008-07-07,0.0249108894908232,0.178571
2008-07-08,0.0236174228572374,0.178571
2008-07-14,0.0253782644646467,0.178571
2008-07-15,0.0206357711105785,0.178571
2008-07-16,0.0203052755670448,0.178571
2008-07-21,0.028119816393154,0.178571
2008-07-22,0.0240713794240271,0.178571
2008-07-23,0.0243057281348722,0.178571
2008-07-24,0.0248482317675869,0.178571
2008-07-25,0.025293842019817,0.178571
2008-07-28,0.0205960149157881,0.178571
2008-07-29,0.0201798146607784,0.178571
2008-07-30,0.0200390830613673,0.178571
2008-07-31,0.0242000004008889,0.178571
2008-08-01,0.0262829989102705,0.178571
2008-08-02,0.0217842535537943,0.178571
2008-08-04,0.0214815482273568,0.178571
2008-08-05,0.0344617311076277,0.178571
2008-08-07,0.026530553803392,0.178571
2008-08-08,0.0272235704555499,0.178571
2008-08-09,0.023622484213059,0.178571
2008-08-13,0.0280192761585634,0.178571
2008-08-14,0.0261557908912105,0.178571
2008-08-18,0.0336488489066362,0.178571
2008-08-19,0.034382875990645,0.178571
2008-08-20,0.0215789421608239,0.178571
2008-08-21,0.018702434630267,0.178571
2008-08-22,0.018279095768011,0.178571
2008-08-25,0.0200977468087452,0.178571
2008-08-26,0.0174188297954409,0.178571
2008-08-27,0.0157687141342213,0.178571
2008-08-28,0.0247590108695444,0.178571
2008-08-29,0.0216611979627775,0.178571
2008-09-01,0.0160980759418062,0.178571
2008-09-04,0.0225526100438219,0.178571
2008-09-05,0.0240413342530085,0.178571
2008-09-06,0.0226483109488002,0.178571
2008-09-07,0.0207202644351094,0.178571
2008-09-09,0.0197428344547265,0.178571
2008-10-01,0.0139989828285047,0.178571
2008-10-04,0.0173098298048374,0.178571
2008-10-06,0.0135291904595748,0.178571
2008-10-07,0.0521227905023054,0.178571
2008-10-09,0.0203261450452066,0.178571
2008-11-01,0.0234764717361774,0.178571
2008-11-02,0.0200640506736602,0.178571
2008-11-03,0.0193506417335318,0.178571
2008-11-04,0.017362521165293,0.178571
2008-11-06,0.0174747102518321,0.178571
2008-11-07,0.019601967714894,0.178571
2008-11-08,0.0189436636447487,0.178571
2008-11-09,0.0197122095202225,0.178571
2008-12-02,0.0176396735401408,0.178571
2008-12-03,0.0244567086790687,0.178571
2008-12-06,0.0238998246682934,0.178571
2008-12-08,0.0247041720368573,0.178571
2008-12-09,0.0175220102231711,0.178571
2009-01-04,0.0169979789196874,0.178571
2009-01-07,0.0182741544539549,0.178571
2009-01-09,0.0187614892341247,0.178571
2009-01-10,0.0167105059909764,0.178571
2009-01-13,0.0144554572350352,0.178571
2009-01-14,0.0152844738237584,0.178571
2009-01-15,0.0198830877856313,0.178571
2009-01-16,0.0239110376033578,0.178571
2009-01-20,0.0253563499394475,0.178571
2009-01-21,0.0411337195971163,0.178571
2009-01-22,0.0415088756830747,0.178571
2009-01-23,0.0385320470926176,0.178571
2009-01-26,0.0374700843889395,0.178571
2009-01-27,0.0355979953550711,0.178571
2009-01-28,0.0385885242453306,0.178571
2009-01-29,0.0319054063491665,0.178571
2009-01-30,0.0344177157644317,0.178571
2009-02-02,0.0316263466555633,0.178571
2009-02-04,0.0219422139193969,0.178571
2009-02-06,0.0240328365568111,0.178571
2009-02-07,0.0277459617168827,0.178571
2009-02-09,0.0277658605423911,0.178571
2009-02-10,0.0236998456768148,0.178571
2009-02-11,0.0423466535736898,0.178571
2009-02-12,0.0308407549159492,0.178571
2009-02-13,0.0321411641728178,0.178571
2009-02-17,0.0270247392225953,0.178571
2009-02-18,0.0266871020206137,0.178571
2009-02-19,0.0316650568433554,0.178571
2009-02-20,0.031237880779302,0.178571
2009-02-23,0.0332516331370364,0.178571
2009-02-24,0.0341489038470474,0.178571
2009-02-25,0.0369522273280891,0.178571
2009-02-26,0.0353115515046186,0.178571
2009-02-27,0.0333834434630825,0.178571
2009-03-02,0.0278509558791766,0.178571
2009-03-03,0.0281076311270158,0.178571
2009-03-04,0.0264965676624774,0.178571
2009-03-06,0.027032156994161,0.178571
2009-03-08,0.0264228981977541,0.178571
2009-03-09,0.0259743332327195,0.178571
2009-03-11,0.0258803114592715,0.178571
2009-03-12,0.0286800477185395,0.178571
2009-03-13,0.0270557116968691,0.178571
2009-03-16,0.0252857969154401,0.178571
2009-03-17,0.0256941372452932,0.178571
2009-03-18,0.0263092580791364,0.178571
2009-03-19,0.0246211896310888,0.178571
2009-03-20,0.023510131127636,0.178571
2009-03-23,0.0260565220395954,0.178571
2009-03-24,0.0247443004542265,0.178571
2009-03-26,0.0298010328330708,0.178571
2009-03-27,0.0237007377511474,0.178571
2009-03-30,0.0236915637798061,0.178571
2009-03-31,0.0310514088424313,0.178571
2009-04-02,0.030898128406942,0.178571
2009-04-03,0.0323621174425355,0.178571
2009-04-05,0.0315159753611102,0.178571
2009-04-06,0.0321261012780783,0.178571
2009-04-08,0.0313825262896772,0.178571
2009-04-09,0.0321775727835893,0.178571
2009-04-11,0.0314554830299145,0.178571
2009-04-12,0.0285177941937611,0.178571
2009-04-14,0.0288798304803207,0.178571
2009-04-15,0.031638311776587,0.178571
2009-04-16,0.0347106334460648,0.178571
2009-04-21,0.0332890959331423,0.178571
2009-04-22,0.0378912990566878,0.178571
2009-04-23,0.0331160078661826,0.178571
2009-04-24,0.035675216096859,0.178571
2009-04-27,0.0338261229083323,0.178571
2009-04-28,0.0344359010266921,0.178571
2009-05-02,0.0358594265894466,0.178571
2009-05-03,0.0335082411736135,0.178571
2009-05-05,0.0305518452563464,0.178571
2009-05-06,0.036022255111406,0.178571
2009-05-08,0.0377027197450157,0.178571
2009-05-10,0.0374890473039366,0.178571
2009-05-11,0.0430950461917662,0.178571
2009-05-13,0.0424130934377404,0.178571
2009-05-14,0.0294644326379136,0.178571
2009-05-15,0.0278850134215727,0.178571
2009-05-18,0.028125866817657,0.178571
2009-05-19,0.0353234327457752,0.178571
2009-05-20,0.0353822706421587,0.178571
2009-05-22,0.0295375465876578,0.178571
2009-05-26,0.0285349852412266,0.178571
2009-05-27,0.0291771823760253,0.178571
2009-05-28,0.0294560948198712,0.178571
2009-05-29,0.028647499691041,0.178571
2009-06-02,0.0235162175634809,0.178571
2009-06-03,0.0266802206365559,0.178571
2009-06-04,0.0260013905180109,0.178571
2009-06-05,0.028799801888563,0.178571
2009-06-07,0.0316845214418375,0.178571
2009-06-08,0.0270106366194491,0.178571
2009-06-10,0.0286824859334976,0.178571
2009-06-11,0.0281609151797304,0.178571
2009-06-15,0.0270531164576876,0.178571
2009-06-16,0.029869227714185,0.178571
2009-06-17,0.0262302993747982,0.178571
2009-06-18,0.0274196802975202,0.178571
2009-06-19,0.030321785884077,0.178571
2009-06-22,0.0366151982287133,0.178571
2009-06-23,0.0305483442674742,0.178571
2009-06-24,0.0292508915550363,0.178571
2009-06-25,0.0363047938574676,0.178571
2009-06-26,0.0298245428534505,0.178571
2009-06-29,0.0293508901253156,0.178571
2009-06-30,0.0293477885006539,0.178571
2009-07-01,0.0295121237462436,0.178571
2009-07-04,0.0373526600663542,0.178571
2009-07-05,0.038688995671415,0.178571
2009-07-07,0.0419276989556814,0.178571
2009-07-08,0.0277037878617685,0.178571
2009-07-10,0.0313983953616367,0.178571
2009-07-12,0.0311818294103836,0.178571
2009-07-13,0.0274149212578692,0.178571
2009-07-14,0.0426896432589482,0.178571
2009-07-15,0.0400862361615642,0.178571
2009-07-16,0.0295745583799072,0.178571
2009-07-17,0.0346585254037908,0.178571
2009-07-20,0.0268790445206346,0.178571
2009-07-21,0.029468331023635,0.178571
2009-07-22,0.0278200709259773,0.178571
2009-07-23,0.0308382651753697,0.178571
2009-07-24,0.0366545777906845,0.178571
2009-07-27,0.0373712092147714,0.178571
2009-07-28,0.0292620487779185,0.178571
2009-07-29,0.0253414982940164,0.178571
2009-07-30,0.0281682158250736,0.178571
2009-07-31,0.0268043243281565,0.178571
2009-08-01,0.0269816824786867,0.178571
2009-08-04,0.0295538915770672,0.178571
2009-08-05,0.028736747098847,0.178571
2009-08-07,0.0271729541514991,0.178571
2009-08-09,0.0280578554507425,0.178571
2009-08-10,0.0308357679609477,0.178571
2009-08-13,0.0251132354671804,0.178571
2009-08-14,0.0265128044718326,0.178571
2009-08-17,0.0400101092446831,0.178571
2009-08-18,0.0463278795842822,0.178571
2009-08-19,0.0495816491989801,0.178571
2009-08-20,0.0435491785725408,0.178571
2009-08-21,0.0409814171997746,0.178571
2009-08-24,0.038524928184909,0.178571
2009-08-25,0.0307957100387661,0.178571
2009-08-26,0.0306118701954205,0.178571
2009-08-27,0.0271401044755722,0.178571
2009-08-28,0.0303680156799672,0.178571
2009-08-31,0.0366424267782458,0.178571
2009-09-01,0.0403248489671004,0.178571
2009-09-02,0.0392672730324372,0.178571
2009-09-03,0.0506548845655619,0.178571
2009-09-04,0.0328400450487788,0.178571
2009-09-06,0.0265636123419364,0.178571
2009-09-07,0.0382026722992106,0.178571
2009-09-09,0.0428351717924094,0.178571
2009-09-10,0.0420870482840251,0.178571
2009-09-11,0.0430200506067758,0.178571
2009-09-12,0.0375439654420891,0.178571
2009-09-14,0.0384376894293677,0.178571
2009-09-15,0.038156412397128,0.178571
2009-09-16,0.0280135867195077,0.178571
2009-09-17,0.0338561758002971,0.178571
2009-09-18,0.0345870085574188,0.178571
2009-09-21,0.0464895564252348,0.178571
2009-09-22,0.0397907782578203,0.178571
2009-09-23,0.0400022693892277,0.178571
2009-09-24,0.0335577947804776,0.178571
2009-09-25,0.0222972972287304,0.178571
2009-09-28,0.0318779269944052,0.178571
2009-09-29,0.0322093695570554,0.178571
2009-09-30,0.0324355484886922,0.178571
2009-10-02,0.0332703918557083,0.178571
2009-10-03,0.0409729648071681,0.178571
2009-10-06,0.0371899377197993,0.178571
2009-10-07,0.0401819760914628,0.178571
2009-10-08,0.0277597717607864,0.178571
2009-10-09,0.0413998993994852,0.178571
2009-10-11,0.0363920323873499,0.178571
2009-10-12,0.0361163162676902,0.178571
2009-10-13,0.0414458828552071,0.178571
2009-10-14,0.054192411748799,0.178571
2009-10-15,0.0529707952532747,0.178571
2009-10-16,0.0579090806987239,0.178571
2009-10-19,0.0574784562874331,0.178571
2009-10-20,0.054651636045719,0.178571
2009-10-21,0.0571097150820278,0.178571
2009-10-22,0.0408410095025318,0.178571
2009-10-23,0.0408765898267983,0.178571
2009-10-27,0.0414676724867519,0.178571
2009-10-29,0.0366591645780826,0.178571
2009-10-30,0.03655501371131,0.178571
2009-11-02,0.0311995626883985,0.178571
2009-11-03,0.0248090890913684,0.178571
2009-11-05,0.0211401833994178,0.178571
2009-11-08,0.0214275583549576,0.178571
2009-11-09,0.0229533577179307,0.178571
2009-11-12,0.0236024384346859,0.178571
2009-11-13,0.0243055904660297,0.178571
2009-11-16,0.019202438605989,0.178571
2009-11-17,0.0181555342495298,0.178571
2009-11-18,0.0232113276038014,0.178571
2009-11-19,0.0187789915161294,0.178571
2009-11-20,0.0191561353436606,0.178571
2009-11-23,0.0178345340875788,0.178571
2009-11-24,0.0203161736274408,0.178571
2009-11-25,0.0181135353249946,0.178571
2009-11-27,0.0192350736727947,0.178571
2009-11-30,0.0193441366538936,0.178571
2009-12-01,0.0204522987760769,0.178571
2009-12-02,0.0195124739787346,0.178571
2009-12-03,0.0620374673039612,0.178571
2009-12-05,0.018513874146213,0.178571
2009-12-06,0.016849568621975,0.178571
2009-12-08,0.0161616394023375,0.178571
2009-12-10,0.0186503776333611,0.178571
2009-12-11,0.017841668275598,0.178571
2009-12-15,0.0172744839151267,0.178571
2009-12-16,0.017832720799214,0.178571
2009-12-17,0.0167993948331215,0.178571
2009-12-18,0.0192955216701952,0.178571
2009-12-21,0.0197180762630981,0.178571
2009-12-22,0.0173874782822783,0.178571
2009-12-23,0.0158171749926332,0.178571
2010-01-02,0.0136170726539054,0.178571
2010-01-03,0.0154615691230661,0.178571
2010-01-04,0.0200879179699396,0.178571
2010-01-06,0.0196579861260438,0.178571
2010-01-07,0.0192320480294578,0.178571
2010-01-09,0.0158673656482558,0.178571
2010-01-10,0.0219422320445728,0.178571
2010-01-13,0.0187273121398806,0.178571
2010-01-14,0.0166687697561,0.178571
2010-01-15,0.0190259812404297,0.178571
2010-01-19,0.0204834865183946,0.178571
2010-01-20,0.0186659841115818,0.178571
2010-01-21,0.0193424044726311,0.178571
2010-01-22,0.0164485688810455,0.178571
2010-01-25,0.0208758890221946,0.178571
2010-01-26,0.0209709705161773,0.178571
2010-01-27,0.0189782487653226,0.178571
2010-01-28,0.0206108662899328,0.178571
2010-01-29,0.01621677049805,0.178571
2010-02-02,0.0168104435233919,0.178571
2010-02-03,0.0189329739482837,0.178571
2010-02-06,0.0229400258376245,0.178571
2010-02-07,0.0166873577666746,0.178571
2010-02-08,0.0159651668869499,0.178571
2010-02-09,0.0174503771148455,0.178571
2010-02-11,0.0164809861277377,0.178571
2010-02-12,0.0167424666200876,0.178571
2010-02-16,0.0174859383088956,0.178571
2010-02-17,0.0173567468545065,0.178571
2010-02-18,0.0167876327142056,0.178571
2010-02-19,0.0171000705285874,0.178571
2010-02-22,0.0157928655719069,0.178571
2010-02-23,0.0170370357996994,0.178571
2010-02-24,0.0173114615560446,0.178571
2010-02-25,0.0237787774275069,0.178571
2010-02-26,0.0167595704788976,0.178571
2010-03-02,0.0183960582661885,0.178571
2010-03-03,0.018613469598712,0.178571
2010-03-08,0.0166271304898595,0.178571
2010-03-09,0.0150587602596251,0.178571
2010-03-11,0.0155032442066743,0.178571
2010-03-12,0.0139198738573571,0.178571
2010-03-15,0.0134420207937182,0.178571
2010-03-16,0.0147015326219923,0.178571
2010-03-17,0.0141383375915894,0.178571
2010-03-18,0.0130617082529552,0.178571
2010-03-19,0.0132533151796781,0.178571
2010-03-22,0.0135272281418155,0.178571
2010-03-23,0.0140024669095606,0.178571
2010-03-24,0.0138278226275893,0.178571
2010-03-26,0.012986336178037,0.178571
2010-03-29,0.0139735220603737,0.178571
2010-03-30,0.0133494348836781,0.178571
2010-03-31,0.0134496703471794,0.178571
2010-04-01,0.0134822109950361,0.178571
2010-04-02,0.016192391796389,0.178571
2010-04-03,0.0147343722790082,0.178571
2010-04-05,0.0149172225001371,0.178571
2010-04-06,0.0175744381330127,0.178571
2010-04-08,0.0233892205001788,0.178571
2010-04-10,0.027820055767497,0.178571
2010-04-11,0.0268582910538699,0.178571
2010-04-13,0.0261539485726278,0.178571
2010-04-14,0.0259619119797577,0.178571
2010-04-15,0.0263114020369864,0.178571
2010-04-16,0.025665945213437,0.178571
2010-04-19,0.0313992487363826,0.178571
2010-04-20,0.0240346233010175,0.178571
2010-04-21,0.0313501759807796,0.178571
2010-04-22,0.0221761175175496,0.178571
2010-04-23,0.0226806527362915,0.178571
2010-04-26,0.0205736119751526,0.178571
2010-05-01,0.0207312184727214,0.178571
2010-05-02,0.0207195918764479,0.178571
2010-05-03,0.0234471359539933,0.178571
2010-05-05,0.0328549785913899,0.178571
2010-05-08,0.0226991979629194,0.178571
2010-05-10,0.023984583464765,0.178571
2010-05-11,0.0255510843176419,0.178571
2010-05-14,0.0240044045139957,0.178571
2010-05-17,0.0212973427437,0.178571
2010-05-18,0.0192925997924346,0.178571
2010-05-19,0.020477606135307,0.178571
2010-05-20,0.0293310979565219,0.178571
2010-05-21,0.0224144517006908,0.178571
2010-05-25,0.0273728646194422,0.178571
2010-05-26,0.0296584414544543,0.178571
2010-05-27,0.0226292946791852,0.178571
2010-05-28,0.0241141849514124,0.178571
2010-06-04,0.02933298614916,0.178571
2010-06-05,0.0317089473666705,0.178571
2010-06-07,0.0300542860633118,0.178571
2010-06-08,0.0257009859479141,0.178571
2010-06-10,0.0256233732642347,0.178571
2010-06-12,0.0306840300271538,0.178571
2010-06-14,0.0269575287770314,0.178571
2010-06-15,0.0223323882761659,0.178571
2010-06-16,0.0231892632167922,0.178571
2010-06-17,0.0272939155152444,0.178571
2010-06-18,0.0336546247921649,0.178571
2010-06-21,0.0302729265837642,0.178571
2010-06-22,0.0310397470553268,0.178571
2010-06-23,0.0299426559797051,0.178571
2010-06-24,0.026364444006341,0.178571
2010-06-25,0.0238959423091851,0.178571
2010-06-28,0.02218495697495,0.178571
2010-06-29,0.0221234778549506,0.178571
2010-06-30,0.0217053646788585,0.178571
2010-07-01,0.0289830053309608,0.178571
2010-07-04,0.0203276286443458,0.178571
2010-07-05,0.0225802573287301,0.178571
2010-07-06,0.0218715938641954,0.178571
2010-07-07,0.0185549925338305,0.178571
2010-07-09,0.0180919411886745,0.178571
2010-07-10,0.0175035487208408,0.178571
2010-07-12,0.017472900916044,0.178571
2010-07-13,0.0212082951851598,0.178571
2010-07-14,0.0207465678038195,0.178571
2010-07-15,0.0204250246161169,0.178571
2010-07-16,0.0200859080869251,0.178571
2010-07-19,0.0170418269644652,0.178571
2010-07-20,0.0179014083716888,0.178571
2010-07-21,0.0198674282769665,0.178571
2010-07-22,0.0218704182065323,0.178571
2010-07-23,0.0219440426800588,0.178571
2010-07-26,0.0220937987872475,0.178571
2010-07-27,0.0212055332054015,0.178571
2010-07-28,0.0185012526670023,0.178571
2010-07-29,0.0192113461162191,0.178571
2010-07-30,0.0194297792682638,0.178571
2010-08-01,0.021691135726105,0.178571
2010-08-02,0.0263034855187062,0.178571
2010-08-03,0.0266794219717143,0.178571
2010-08-04,0.0269058826083295,0.178571
2010-08-06,0.0267415269166811,0.178571
2010-08-07,0.0281476791804056,0.178571
2010-08-09,0.0277115213663193,0.178571
2010-08-10,0.0293649116983557,0.178571
2010-08-11,0.030395764348637,0.178571
2010-08-13,0.0294492482693842,0.178571
2010-08-16,0.032308638274525,0.178571
2010-08-17,0.0292459963062857,0.178571
2010-08-18,0.0336314788042681,0.178571
2010-08-19,0.0225794339464598,0.178571
2010-08-20,0.0254717781112503,0.178571
2010-08-23,0.0273017094546673,0.178571
2010-08-24,0.0281496338529286,0.178571
2010-08-25,0.0260977322538544,0.178571
2010-08-26,0.0177046358666441,0.178571
2010-08-27,0.0185189063192493,0.178571
2010-08-30,0.0180587077068234,0.178571
2010-08-31,0.0179252098635819,0.178571
2010-09-02,0.0188398155268747,0.178571
2010-09-03,0.0200970457759902,0.178571
2010-09-04,0.0201040735602696,0.178571
2010-09-06,0.0209565279804668,0.178571
2010-09-07,0.0221373862518258,0.178571
2010-09-08,0.0247987125817256,0.178571
2010-09-09,0.0215007159216402,0.178571
2010-09-11,0.0182137354535849,0.178571
2010-09-12,0.0287579070719787,0.178571
2010-09-13,0.0196285831848624,0.178571
2010-09-14,0.017364577830919,0.178571
2010-09-15,0.0283161902660257,0.178571
2010-09-16,0.0295478032919033,0.178571
2010-09-17,0.0293406936603439,0.178571
2010-09-20,0.019015272108167,0.178571
2010-09-21,0.0203493717103434,0.178571
2010-09-22,0.0157487333495948,0.178571
2010-09-23,0.0261272362625886,0.178571
2010-09-24,0.0226065186237856,0.178571
2010-09-27,0.0240350788736095,0.178571
2010-09-28,0.0244760915737316,0.178571
2010-09-29,0.0171923964403912,0.178571
2010-09-30,0.0158564018112945,0.178571
2010-10-02,0.0146183327753051,0.178571
2010-10-03,0.0145531055920201,0.178571
2010-10-05,0.0142826381435716,0.178571
2010-10-06,0.0158826440530346,0.178571
2010-10-08,0.0158537275489483,0.178571
2010-10-09,0.0160263402436439,0.178571
2010-10-12,0.0139294821340068,0.178571
2010-10-13,0.0144849823233529,0.178571
2010-10-14,0.0122134411163976,0.178571
2010-10-15,0.0128907267245297,0.178571
2010-10-18,0.0139665993914711,0.178571
2010-10-19,0.0145381781878472,0.178571
2010-10-20,0.0154376354080481,0.178571
2010-10-21,0.0172042292477898,0.178571
2010-10-22,0.0193882567751751,0.178571
2010-10-25,0.0154682595776062,0.178571
2010-10-27,0.0133152321032901,0.178571
2010-10-29,0.0125724291129708,0.178571
2010-11-01,0.0152379935719149,0.178571
2010-11-02,0.0149352242298829,0.178571
2010-11-03,0.0105687620287108,0.178571
2010-11-05,0.010209934350323,0.178571
2010-11-06,0.0115088460316671,0.178571
2010-11-08,0.011950839918704,0.178571
2010-11-10,0.0110634549088107,0.178571
2010-11-15,0.0128733865304646,0.178571
2010-11-16,0.0148490462385714,0.178571
2010-11-17,0.0165274008414254,0.178571
2010-11-18,0.0150309872655134,0.178571
2010-11-19,0.0157790188559297,0.178571
2010-11-22,0.0143369309760757,0.178571
2010-11-23,0.0146113205875454,0.178571
2010-11-24,0.0135027871615797,0.178571
2010-11-26,0.0137167174685824,0.178571
2010-11-29,0.016640407726861,0.178571
2010-11-30,0.0203794756157059,0.178571
2010-12-01,0.0173401444396007,0.178571
2010-12-02,0.0182693226330578,0.178571
2010-12-03,0.0182049360188005,0.178571
2010-12-04,0.0168433536864768,0.178571
2010-12-05,0.0186850389435761,0.178571
2010-12-07,0.0202694546864504,0.178571
2010-12-08,0.0186932795607543,0.178571
2010-12-10,0.0189614244622857,0.178571
2010-12-11,0.0191839534539967,0.178571
2010-12-13,0.0203794612984272,0.178571
2010-12-14,0.0200382672774062,0.178571
2010-12-15,0.0171046882576143,0.178571
2010-12-16,0.0158910703368579,0.178571
2010-12-17,0.0173210856807862,0.178571
2010-12-20,0.0152956409479927,0.178571
2010-12-21,0.016404844596213,0.178571
2010-12-22,0.0167358133348637,0.178571
2010-12-23,0.0161527123358094,0.178571
2010-12-27,0.0167123606076183,0.178571
2010-12-28,0.0183498145240826,0.178571
2010-12-29,0.0192533736322381,0.178571
2010-12-30,0.0199160703240786,0.178571
2011-01-02,0.0165186240808161,0.178571
2011-01-03,0.0167632054843655,0.178571
2011-01-04,0.0220767501780637,0.178571
2011-01-06,0.0192118914856359,0.178571
2011-01-07,0.0179515703053727,0.178571
2011-01-09,0.0159754737306136,0.178571
2011-01-13,0.0158080388883449,0.178571
2011-01-14,0.0169023636306151,0.178571
2011-01-18,0.0167891396216259,0.178571
2011-01-19,0.0137297277860619,0.178571
2011-01-20,0.0119302820348064,0.178571
2011-01-21,0.0115342722433738,0.178571
2011-01-24,0.0126420819345986,0.178571
2011-01-25,0.0124343337832302,0.178571
2011-01-26,0.0169615347303453,0.178571
2011-01-27,0.0160759971978246,0.178571
2011-01-28,0.0151888695924489,0.178571
2011-01-31,0.0156952102904539,0.178571
2011-02-02,0.0157052029091159,0.178571
2011-02-03,0.0173519087932888,0.178571
2011-02-05,0.0154722862987995,0.178571
2011-02-08,0.0151043772097958,0.178571
2011-02-09,0.0143077780611801,0.178571
2011-02-11,0.0190299419115143,0.178571
2011-02-12,0.0164023605811316,0.178571
2011-02-14,0.0170271685796962,0.178571
2011-02-15,0.0192349941965995,0.178571
2011-02-16,0.0187021417495239,0.178571
2011-02-17,0.0175192612762031,0.178571
2011-02-18,0.0182839998308969,0.178571
2011-02-22,0.0174754316576265,0.178571
2011-02-23,0.0186282960440481,0.178571
2011-02-24,0.0193877001987433,0.178571
2011-02-25,0.0178832727022626,0.178571
2011-02-28,0.0170336704578117,0.178571
2011-03-01,0.0143700605661054,0.178571
2011-03-02,0.0158553769293743,0.178571
2011-03-03,0.0155480374902286,0.178571
2011-03-06,0.0155180740983446,0.178571
2011-03-08,0.0159275298656506,0.178571
2011-03-10,0.0161172370922774,0.178571
2011-03-11,0.0161543752233253,0.178571
2011-03-14,0.0157068382128779,0.178571
2011-03-15,0.0185860714347916,0.178571
2011-03-16,0.0186968130765726,0.178571
2011-03-17,0.0200085607049425,0.178571
2011-03-18,0.0183856543757219,0.178571
2011-03-21,0.0166470133939951,0.178571
2011-03-24,0.0179824652363838,0.178571
2011-03-28,0.0182231878824017,0.178571
2011-03-29,0.0187742642172772,0.178571
2011-03-30,0.0180667101105578,0.178571
2011-03-31,0.0179276317377552,0.178571
2011-04-01,0.0162672336079417,0.178571
2011-04-02,0.0171000164290655,0.178571
2011-04-03,0.0181685633785545,0.178571
2011-04-04,0.0162203683562918,0.178571
2011-04-05,0.015072515318942,0.178571
2011-04-08,0.0181134232188127,0.178571
2011-04-10,0.0265291038301353,0.178571
2011-04-11,0.0212272517943303,0.178571
2011-04-13,0.0201954836857085,0.178571
2011-04-15,0.020080681843905,0.178571
2011-04-18,0.0227441601607276,0.178571
2011-04-19,0.0248170241541389,0.178571
2011-04-20,0.0215445241103831,0.178571
2011-04-21,0.0243925600436439,0.178571
2011-04-26,0.0252302928176581,0.178571
2011-04-27,0.0187057838200111,0.178571
2011-05-01,0.0167954161256147,0.178571
2011-05-04,0.0155814084074196,0.178571
2011-05-05,0.0189868970549265,0.178571
2011-05-07,0.0223836423947418,0.178571
2011-05-08,0.0270225225749386,0.178571
2011-05-10,0.0264573002087958,0.178571
2011-05-12,0.0252529622026786,0.178571
2011-05-13,0.0268026455005038,0.178571
2011-05-16,0.0288069578750611,0.178571
2011-05-17,0.0279644721207807,0.178571
2011-05-18,0.0276792150485603,0.178571
2011-05-19,0.0234383095436725,0.178571
2011-05-20,0.0217745594738769,0.178571
2011-05-23,0.0175484503900532,0.178571
2011-05-24,0.0176065037180405,0.178571
2011-05-25,0.015442578245113,0.178571
2011-05-26,0.0173242061910742,0.178571
2011-05-27,0.0191932983602408,0.178571
2011-05-31,0.0204715481098708,0.178571
2011-06-04,0.0192246253527152,0.178571
2011-06-05,0.0190206370508629,0.178571
2011-06-06,0.0204280284500305,0.178571
2011-06-07,0.0188129935648429,0.178571
2011-06-09,0.020934645748027,0.178571
2011-06-10,0.0175586684132759,0.178571
2011-06-12,0.0164435612789467,0.178571
2011-06-14,0.0167803917819448,0.178571
2011-06-15,0.0187376817977544,0.178571
2011-06-16,0.0171728225249348,0.178571
2011-06-17,0.0146313800889612,0.178571
2011-06-20,0.0151997858334724,0.178571
2011-06-21,0.0155325333989541,0.178571
2011-06-22,0.0148670533213403,0.178571
2011-06-24,0.0146353832518431,0.178571
2011-06-27,0.0171538347514395,0.178571
2011-06-28,0.014804689183661,0.178571
2011-06-29,0.0153796199409261,0.178571
2011-06-30,0.0150870743324467,0.178571
2011-07-01,0.0158320907345876,0.178571
2011-07-02,0.0150824683647979,0.178571
2011-07-04,0.0153755034348786,0.178571
2011-07-06,0.0164626531068258,0.178571
2011-07-07,0.0168130668315091,0.178571
2011-07-09,0.0161502555731625,0.178571
2011-07-10,0.0152089208961166,0.178571
2011-07-11,0.0183800914478412,0.178571
2011-07-12,0.0146046696766314,0.178571
2011-07-13,0.0130524389921951,0.178571
2011-07-14,0.0137234640397379,0.178571
2011-07-15,0.0134744035956229,0.178571
2011-07-18,0.0125024158318917,0.178571
2011-07-19,0.0120751804581864,0.178571
2011-07-20,0.014320144495604,0.178571
2011-07-21,0.0135738516926836,0.178571
2011-07-22,0.0155609405771886,0.178571
2011-07-25,0.0186504624806442,0.178571
2011-07-26,0.0155985559199433,0.178571
2011-07-27,0.0162469325136514,0.178571
2011-07-28,0.0156560750281669,0.178571
2011-08-02,0.0193397786744758,0.178571
2011-08-03,0.0191036985511844,0.178571
2011-08-04,0.0160018683468016,0.178571
2011-08-06,0.0151379055981341,0.178571
2011-08-07,0.0154461455923457,0.178571
2011-08-08,0.0159642724830366,0.178571
2011-08-09,0.0191752159181997,0.178571
2011-08-11,0.0174022986063165,0.178571
2011-08-16,0.0171076367463286,0.178571
2011-08-17,0.0154702988983129,0.178571
2011-08-18,0.0170147180452919,0.178571
2011-08-19,0.0181089700275659,0.178571
2011-08-22,0.0193466263938322,0.178571
2011-08-23,0.0195887037579595,0.178571
2011-08-24,0.0211994965110892,0.178571
2011-08-25,0.0199994444462159,0.178571
2011-08-26,0.0220139676294734,0.178571
2011-08-29,0.0212309032000108,0.178571
2011-08-30,0.0235021832510411,0.178571
2011-08-31,0.0230852399474439,0.178571
2011-09-02,0.0262662491169749,0.178571
2011-09-03,0.0206369646490418,0.178571
2011-09-05,0.0182567432112226,0.178571
2011-09-06,0.0190730377383489,0.178571
2011-09-08,0.0179148847207228,0.178571
2011-09-09,0.0226846302305636,0.178571
2011-09-11,0.0288770643974796,0.178571
2011-09-12,0.0252875615438277,0.178571
2011-09-13,0.0230727647232966,0.178571
2011-09-14,0.0253640968265353,0.178571
2011-09-15,0.0227635558689235,0.178571
2011-09-16,0.0224491986137037,0.178571
2011-09-19,0.0211703741870504,0.178571
2011-09-20,0.0279975596369118,0.178571
2011-09-21,0.0217484718367681,0.178571
2011-09-22,0.0234722089683786,0.178571
2011-09-23,0.0239884328188516,0.178571
2011-09-26,0.0224145403246784,0.178571
2011-09-27,0.0216052599661205,0.178571
2011-09-28,0.0210242489985877,0.178571
2011-09-29,0.0209874744329363,0.178571
2011-09-30,0.029483084631347,0.178571
2011-10-01,0.0264241132869317,0.178571
2011-10-02,0.0293341092287214,0.178571
2011-10-03,0.0269330978376993,0.178571
2011-10-05,0.0227792176962473,0.178571
2011-10-06,0.0222352245835293,0.178571
2011-10-08,0.0228263045422647,0.178571
2011-10-10,0.0231885594228726,0.178571
2011-10-11,0.0304085438772075,0.178571
2011-10-13,0.0289377911219051,0.178571
2011-10-14,0.0244499002506834,0.178571
2011-10-17,0.0272083607355148,0.178571
2011-10-18,0.0250618134423322,0.178571
2011-10-19,0.0247130611041464,0.178571
2011-10-20,0.0287683483681886,0.178571
2011-10-21,0.0270314187888222,0.178571
2011-10-24,0.0265162538925008,0.178571
2011-10-25,0.0267591215953193,0.178571
2011-10-27,0.0269193668212407,0.178571
2011-10-31,0.0231232530185979,0.178571
2011-11-01,0.024875451594799,0.178571
2011-11-02,0.0260405470395119,0.178571
2011-11-03,0.0240494308104299,0.178571
2011-11-04,0.0280602177626887,0.178571
2011-11-05,0.0313966869829973,0.178571
2011-11-07,0.0249812309895767,0.178571
2011-11-08,0.0251329186982299,0.178571
2011-11-10,0.02747381985246,0.178571
2011-11-14,0.0327731635442772,0.178571
2011-11-15,0.0324085288305452,0.178571
2011-11-16,0.0336708362763131,0.178571
2011-11-17,0.0329904237531304,0.178571
2011-11-18,0.0335118838677034,0.178571
2011-11-21,0.0351985071244837,0.178571
2011-11-22,0.025788858389104,0.178571
2011-11-23,0.0261662740810719,0.178571
2011-11-25,0.0241914447828886,0.178571
2011-11-28,0.0245159855718826,0.178571
2011-11-29,0.0249713845039356,0.178571
2011-11-30,0.0260988854922675,0.178571
2011-12-01,0.0263204337442506,0.178571
2011-12-04,0.0248146135844558,0.178571
2011-12-05,0.0253514226471228,0.178571
2011-12-07,0.024840757235686,0.178571
2011-12-08,0.0253335737010756,0.178571
2011-12-09,0.0253111590756888,0.178571
2011-12-10,0.0314652403912838,0.178571
2011-12-12,0.0266558344988494,0.178571
2011-12-13,0.0232267627827676,0.178571
2011-12-14,0.0282668258600578,0.178571
2011-12-15,0.0250955182843456,0.178571
2011-12-16,0.0258904418053344,0.178571
2011-12-19,0.0230868808423337,0.178571
2011-12-20,0.0273843183409105,0.178571
2011-12-21,0.0273587546322885,0.178571
2011-12-22,0.0245617640888815,0.178571
2011-12-23,0.0270834097908805,0.178571
2011-12-27,0.0261640473665625,0.178571
2011-12-28,0.0331613818373599,0.178571
2011-12-29,0.0263732999825525,0.178571
2012-01-02,0.0279084388666258,0.178571
2012-01-03,0.0279946496320133,0.178571
2012-01-06,0.0286049841366807,0.178571
2012-01-08,0.0292760176415862,0.178571
2012-01-10,0.0246337613374147,0.178571
2012-01-13,0.0267173807584694,0.178571
2012-01-17,0.0237729263711908,0.178571
2012-01-18,0.0234745157040445,0.178571
2012-01-19,0.023169940009009,0.178571
2012-01-20,0.0221309517044963,0.178571
2012-01-23,0.022588195669738,0.178571
2012-01-24,0.0227288983558741,0.178571
2012-01-25,0.0258127788462943,0.178571
2012-01-26,0.0259590547385357,0.178571
2012-01-27,0.0270631736390899,0.178571
2012-01-30,0.0231299515922762,0.178571
2012-01-31,0.0246088553799224,0.178571
2012-02-02,0.0255885249581449,0.178571
2012-02-03,0.0252146506897716,0.178571
2012-02-04,0.0233166014251724,0.178571
2012-02-05,0.0249517569989918,0.178571
2012-02-07,0.0248098601380571,0.178571
2012-02-08,0.0232830472666437,0.178571
2012-02-10,0.0271418366009242,0.178571
2012-02-11,0.0278654986030757,0.178571
2012-02-13,0.0281697060748093,0.178571
2012-02-14,0.0283519991606904,0.178571
2012-02-15,0.027300633245106,0.178571
2012-02-16,0.0242668067989781,0.178571
2012-02-17,0.0292464765719211,0.178571
2012-02-21,0.0305178946185984,0.178571
2012-02-22,0.0273662995958796,0.178571
2012-02-23,0.0294440357370936,0.178571
2012-02-24,0.0342297085196143,0.178571
2012-02-28,0.0346363714365282,0.178571
2012-02-29,0.038569255731665,0.178571
2012-03-02,0.0382075535505919,0.178571
2012-03-04,0.0228154576374027,0.178571
2012-03-07,0.0299998500720702,0.178571
2012-03-08,0.0306948929721474,0.178571
2012-03-10,0.0245721746179095,0.178571
2012-03-12,0.0231463343028113,0.178571
2012-03-13,0.022395123279399,0.178571
2012-03-14,0.0236872648016283,0.178571
2012-03-15,0.0279761736293487,0.178571
2012-03-16,0.0262863206354672,0.178571
2012-03-19,0.0243990579231461,0.178571
2012-03-20,0.0280743136655899,0.178571
2012-03-21,0.0311523197298771,0.178571
2012-03-22,0.0269955161437505,0.178571
2012-03-23,0.027950291011421,0.178571
2012-03-26,0.027205922951037,0.178571
2012-03-27,0.0269112853389835,0.178571
2012-03-28,0.0229626210755917,0.178571
2012-03-29,0.0237910695382901,0.178571
2012-03-30,0.0241108248441019,0.178571
2012-04-01,0.0290582888690238,0.178571
2012-04-04,0.0301277399965163,0.178571
2012-04-05,0.0233024328642893,0.178571
2012-04-09,0.0223888285180423,0.178571
2012-04-10,0.0243989878618609,0.178571
2012-04-12,0.0230844629874034,0.178571
2012-04-17,0.0225715698838074,0.178571
2012-04-18,0.0232414907842421,0.178571
2012-04-19,0.0195750661074951,0.178571
2012-04-20,0.0188461649150002,0.178571
2012-04-23,0.0221544326936134,0.178571
2012-04-24,0.0185614690290005,0.178571
2012-04-25,0.0219429157579466,0.178571
2012-05-01,0.0193493131370036,0.178571
2012-05-03,0.0253707097363758,0.178571
2012-05-04,0.0231675350959692,0.178571
2012-05-06,0.0225909043990074,0.178571
2012-05-07,0.021404837148303,0.178571
2012-05-09,0.023398254818912,0.178571
2012-05-10,0.0210049086306466,0.178571
2012-05-11,0.0217406449812621,0.178571
2012-05-12,0.0216670962727498,0.178571
2012-05-14,0.0209304742003074,0.178571
2012-05-15,0.021714713176794,0.178571
2012-05-16,0.0248883881365011,0.178571
2012-05-18,0.0219165031502677,0.178571
2012-05-21,0.0239643613474342,0.178571
2012-05-22,0.0217427868154585,0.178571
2012-05-23,0.0215323710336756,0.178571
2012-05-24,0.0211709682788282,0.178571
2012-05-25,0.0197688339143652,0.178571
2012-05-29,0.0262306404125479,0.178571
2012-05-30,0.0279965621223295,0.178571
2012-05-31,0.0211179326153939,0.178571
2012-06-02,0.021972677964534,0.178571
2012-06-03,0.0242433988462104,0.178571
2012-06-06,0.0262948376812812,0.178571
2012-06-07,0.0214594368115293,0.178571
2012-06-08,0.0264511601826236,0.178571
2012-06-09,0.0234289567507492,0.178571
2012-06-11,0.0234977300599871,0.178571
2012-06-12,0.0248735953896348,0.178571
2012-06-13,0.022714790942322,0.178571
2012-06-14,0.0225036404010673,0.178571
2012-06-15,0.024641455523251,0.178571
2012-06-18,0.0271099099685991,0.178571
2012-06-19,0.0296805646439641,0.178571
2012-06-20,0.0205312556831602,0.178571
2012-06-21,0.0199175696230504,0.178571
2012-06-22,0.0193949839636451,0.178571
2012-06-25,0.016496599555801,0.178571
2012-06-26,0.0188811340533751,0.178571
2012-06-27,0.019774366949895,0.178571
2012-06-28,0.017714880724293,0.178571
2012-06-29,0.0172074094407901,0.178571
2012-07-02,0.0186882107568108,0.178571
2012-07-03,0.0201388136245748,0.178571
2012-07-05,0.0193996249852016,0.178571
2012-07-08,0.0175101639738671,0.178571
2012-07-09,0.0181304042761165,0.178571
2012-07-11,0.0173363306183108,0.178571
2012-07-12,0.0173101961596798,0.178571
2012-07-16,0.0188824357182509,0.178571
2012-07-17,0.0186468365059718,0.178571
2012-07-18,0.0181643707837453,0.178571
2012-07-19,0.0192882473838275,0.178571
2012-07-20,0.0196667068461542,0.178571
2012-07-23,0.0221986754805735,0.178571
2012-07-24,0.0229355739213391,0.178571
2012-07-25,0.0255264670953034,0.178571
2012-07-26,0.0217621620794585,0.178571
2012-07-27,0.0212486940060731,0.178571
2012-07-30,0.0224397890404014,0.178571
2012-07-31,0.0209647625666335,0.178571
2012-08-02,0.0220094493107616,0.178571
2012-08-03,0.0253802904226232,0.178571
2012-08-05,0.0278061848698761,0.178571
2012-08-06,0.025722724097834,0.178571
2012-08-08,0.0278496306851415,0.178571
2012-08-10,0.0266630212568608,0.178571
2012-08-11,0.0197332157027155,0.178571
2012-08-13,0.0195770272343432,0.178571
2012-08-14,0.0197973709124239,0.178571
2012-08-16,0.0214370916172933,0.178571
2012-08-17,0.0195308219620426,0.178571
2012-08-20,0.0185152183756238,0.178571
2012-08-21,0.0241631750099829,0.178571
2012-08-22,0.0249448872280507,0.178571
2012-08-23,0.0234451405485677,0.178571
2012-08-24,0.0232903191581505,0.178571
2012-08-27,0.0237477966435564,0.178571
2012-08-28,0.0314342215722023,0.178571
2012-08-29,0.0225792004906503,0.178571
2012-08-30,0.0219754222153325,0.178571
2012-08-31,0.021693668888011,0.178571
2012-09-01,0.02094437619861,0.178571
2012-09-02,0.0245222710660807,0.178571
2012-09-03,0.0225085520207094,0.178571
2012-09-05,0.0216795088731967,0.178571
2012-09-07,0.0240350114878825,0.178571
2012-09-08,0.0248226880837234,0.178571
2012-09-10,0.0305983115334481,0.178571
2012-09-11,0.0249518796016331,0.178571
2012-09-13,0.022335924195844,0.178571
2012-09-14,0.0230907926317187,0.178571
2012-09-17,0.0241936582607377,0.178571
2012-09-18,0.0259500562312036,0.178571
2012-09-19,0.0260425175540322,0.178571
2012-09-20,0.0250014822878968,0.178571
2012-09-21,0.0256529161756604,0.178571
2012-09-24,0.0237833745077724,0.178571
2012-09-25,0.0217901072504447,0.178571
2012-09-26,0.0283759970244451,0.178571
2012-09-27,0.0242039023276989,0.178571
2012-09-28,0.0350152041370729,0.178571
2012-10-01,0.0248427901295037,0.178571
2012-10-02,0.0312804250348062,0.178571
2012-10-04,0.0254985076387253,0.178571
2012-10-05,0.0302215807217976,0.178571
2012-10-07,0.0307219371401323,0.178571
2012-10-08,0.0308326353908582,0.178571
2012-10-09,0.0294981779749609,0.178571
2012-10-10,0.0341005475507063,0.178571
2012-10-12,0.0286525742131729,0.178571
2012-10-15,0.0290073192110765,0.178571
2012-10-16,0.0285209170020097,0.178571
2012-10-17,0.0258817376363003,0.178571
2012-10-18,0.029221185379358,0.178571
2012-10-19,0.0276604273725836,0.178571
2012-10-22,0.0258795792151802,0.178571
2012-10-23,0.0265397865990728,0.178571
2012-10-24,0.0251306830682857,0.178571
2012-10-25,0.0268732513688016,0.178571
2012-10-31,0.0245278686962758,0.178571
2012-11-01,0.0261606719053948,0.178571
2012-11-04,0.0263112952255508,0.178571
2012-11-05,0.0243046378177383,0.178571
2012-11-06,0.0233655722794275,0.178571
2012-11-07,0.020039244743362,0.178571
2012-11-09,0.0234669132933796,0.178571
2012-11-10,0.0235637286295657,0.178571
2012-11-12,0.02650996122073,0.178571
2012-11-13,0.0251521495616344,0.178571
2012-11-14,0.0193895367332568,0.178571
2012-11-15,0.0213625888642658,0.178571
2012-11-16,0.0205702179973134,0.178571
2012-11-19,0.0249003923568123,0.178571
2012-11-20,0.027917976607988,0.178571
2012-11-21,0.0247410887298599,0.178571
2012-11-23,0.0237618742541423,0.178571
2012-11-26,0.0214636643656197,0.178571
2012-11-27,0.022372953634771,0.178571
2012-11-28,0.0238770749820311,0.178571
2012-11-29,0.0230034342152947,0.178571
2012-12-01,0.0232260784867813,0.178571
2012-12-03,0.0271697499346643,0.178571
2012-12-04,0.0321234476619672,0.178571
2012-12-06,0.0212638774282346,0.178571
2012-12-07,0.0192280105462108,0.178571
2012-12-09,0.0281948818845482,0.178571
2012-12-10,0.0268753526881414,0.178571
2012-12-11,0.0268136047520276,0.178571
2012-12-12,0.0261324046320611,0.178571
2012-12-13,0.0196904183803221,0.178571
2012-12-14,0.016739068796535,0.178571
2012-12-17,0.0169786295817765,0.178571
2012-12-18,0.0183484472403443,0.178571
2012-12-19,0.0168290068083232,0.178571
2012-12-20,0.0193800862729356,0.178571
2012-12-21,0.0178489331040054,0.178571
2012-12-27,0.0191015260209641,0.178571
2012-12-28,0.0185799650931088,0.178571
2013-01-02,0.0194764190306385,0.178571
2013-01-03,0.0189702937587905,0.178571
2013-01-07,0.0188023883818575,0.178571
2013-01-08,0.0179240088587205,0.178571
2013-01-10,0.0169309880637804,0.178571
2013-01-14,0.0165236857841515,0.178571
2013-01-15,0.017700813352332,0.178571
2013-01-16,0.0156520927474008,0.178571
2013-01-17,0.0162294991356273,0.178571
2013-01-18,0.0153996983947183,0.178571
2013-01-22,0.0152630799792512,0.178571
2013-01-23,0.0162871826823552,0.178571
2013-01-24,0.0146227032100375,0.178571
2013-01-25,0.0138679428995886,0.178571
2013-01-28,0.0146506698519905,0.178571
2013-01-29,0.0145715693145281,0.178571
2013-01-30,0.0146077095740319,0.178571
2013-01-31,0.0142485471629483,0.178571
2013-02-04,0.0149787266361621,0.178571
2013-02-05,0.0149914969151126,0.178571
2013-02-07,0.0164834880762346,0.178571
2013-02-08,0.0158883304371058,0.178571
2013-02-10,0.0142607678809948,0.178571
2013-02-12,0.0162871835017089,0.178571
2013-02-13,0.0152593424609826,0.178571
2013-02-14,0.0157011107254126,0.178571
2013-02-15,0.0167868513777547,0.178571
2013-02-19,0.0162529097712482,0.178571
2013-02-20,0.0151319835960636,0.178571
2013-02-21,0.0142102126356073,0.178571
2013-02-22,0.0139528002461045,0.178571
2013-02-25,0.0150822433900963,0.178571
2013-02-26,0.0193617069306899,0.178571
2013-02-27,0.014165658760983,0.178571
2013-02-28,0.0152477853370797,0.178571
2013-03-01,0.0149859168652054,0.178571
2013-03-04,0.014716011439041,0.178571
2013-03-06,0.0136769501664913,0.178571
2013-03-07,0.0138573972848245,0.178571
2013-03-09,0.0137817524136364,0.178571
2013-03-10,0.0152298705275002,0.178571
2013-03-12,0.0172682791339635,0.178571
2013-03-13,0.0241266185674054,0.178571
2013-03-14,0.01292351828086,0.178571
2013-03-15,0.0135674286713547,0.178571
2013-03-19,0.0143188298237417,0.178571
2013-03-20,0.0158319325346951,0.178571
2013-03-21,0.0169853992051234,0.178571
2013-03-22,0.0174126009455751,0.178571
2013-03-26,0.017326219389521,0.178571
2013-03-27,0.0165883921904091,0.178571
2013-03-28,0.0163606679191659,0.178571
2013-04-01,0.0168798639060044,0.178571
2013-04-02,0.015967807947909,0.178571
2013-04-03,0.0151466681619939,0.178571
2013-04-04,0.0158687068827657,0.178571
2013-04-06,0.0148305998528011,0.178571
2013-04-09,0.0146570396126931,0.178571
2013-04-10,0.0153136974018165,0.178571
2013-04-11,0.0146995536450991,0.178571
2013-04-12,0.0147433909367109,0.178571
2013-04-15,0.0147974228095457,0.178571
2013-04-17,0.0156234420928533,0.178571
2013-04-18,0.017970002140492,0.178571
2013-04-19,0.0175874876052962,0.178571
2013-04-22,0.0171688981758288,0.178571
2013-04-23,0.0193783005149386,0.178571
2013-04-24,0.0217666415994532,0.178571
2013-04-25,0.021515093010124,0.178571
2013-04-26,0.0185678450253855,0.178571
2013-05-02,0.0203245352810236,0.178571
2013-05-03,0.0209994934726285,0.178571
2013-05-04,0.0215353150689456,0.178571
2013-05-06,0.0180913942250025,0.178571
2013-05-07,0.0164202484635104,0.178571
2013-05-08,0.0179636526385121,0.178571
2013-05-09,0.0170765030943631,0.178571
2013-05-11,0.0157259257827823,0.178571
2013-05-12,0.0173517561433441,0.178571
2013-05-13,0.0175552833347513,0.178571
2013-05-14,0.0202897976212532,0.178571
2013-05-15,0.0169181828987101,0.178571
2013-05-16,0.0171146036128805,0.178571
2013-05-17,0.0181138595778684,0.178571
2013-05-21,0.020137246849147,0.178571
2013-05-22,0.0214014961675995,0.178571
2013-05-23,0.0167600478113283,0.178571
2013-05-24,0.0212560114415811,0.178571
2013-05-28,0.0223873288053884,0.178571
2013-05-29,0.0348530532693672,0.178571
2013-05-31,0.0431012787615336,0.178571
2013-06-02,0.0371006486833534,0.178571
2013-06-03,0.0357582611368411,0.178571
2013-06-06,0.0149289417758379,0.178571
2013-06-08,0.0185469833575264,0.178571
2013-06-09,0.0165556592721623,0.178571
2013-06-11,0.0192950269985322,0.178571
2013-06-12,0.0172914609779671,0.178571
2013-06-13,0.0144626505270712,0.178571
2013-06-14,0.0199863033790328,0.178571
2013-06-17,0.0181803067263745,0.178571
2013-06-18,0.0153214561637095,0.178571
2013-06-19,0.0165989883740206,0.178571
2013-06-20,0.0162500081798512,0.178571
2013-06-21,0.0235874833673013,0.178571
2013-06-25,0.0197105210535331,0.178571
2013-06-26,0.0229700265736537,0.178571
2013-06-27,0.0236815216146168,0.178571
2013-06-28,0.0246645446744462,0.178571
2013-07-01,0.021763710960589,0.178571
2013-07-02,0.022992987551178,0.178571
2013-07-03,0.0248376997394558,0.178571
2013-07-06,0.0219261676519697,0.178571
2013-07-08,0.0226401549552266,0.178571
2013-07-10,0.0205377048405082,0.178571
2013-07-11,0.0249007511580074,0.178571
2013-07-15,0.0251492165749965,0.178571
2013-07-16,0.0220321530080747,0.178571
2013-07-17,0.0196266261837915,0.178571
2013-07-18,0.0202565910217485,0.178571
2013-07-19,0.0206830666398672,0.178571
2013-07-22,0.0190011193984224,0.178571
2013-07-24,0.0193997416256887,0.178571
2013-07-25,0.0212387329825135,0.178571
2013-07-26,0.0190998212284037,0.178571
2013-07-29,0.0182584632443285,0.178571
2013-07-30,0.0213527710582365,0.178571
2013-07-31,0.0190013688465263,0.178571
2013-08-01,0.0199133554057165,0.178571
2013-08-02,0.0196120995264322,0.178571
2013-08-03,0.0181706408328646,0.178571
2013-08-04,0.0173868145608004,0.178571
2013-08-05,0.0173268355672566,0.178571
2013-08-07,0.0187796895249357,0.178571
2013-08-08,0.0204422361557123,0.178571
2013-08-10,0.024619211024704,0.178571
2013-08-11,0.015387486687008,0.178571
2013-08-13,0.0188907884717834,0.178571
2013-08-14,0.0184413792563016,0.178571
2013-08-16,0.0190108706020563,0.178571
2013-08-19,0.0170485368587948,0.178571
2013-08-20,0.0176178820131489,0.178571
2013-08-21,0.0163033633870566,0.178571
2013-08-22,0.0183865343876987,0.178571
2013-08-23,0.0157769328831809,0.178571
2013-08-26,0.0145088352041065,0.178571
2013-08-27,0.0145601859597753,0.178571
2013-08-28,0.0151206727132306,0.178571
2013-08-29,0.0157662407520183,0.178571
2013-08-30,0.0171899592815824,0.178571
2013-09-01,0.0162167256328594,0.178571
2013-09-04,0.0140257127611292,0.178571
2013-09-07,0.0136290362269395,0.178571
2013-09-08,0.0160038499449697,0.178571
2013-09-09,0.0167867694995217,0.178571
2013-09-10,0.0171412855135277,0.178571
2013-09-12,0.017327026573271,0.178571
2013-09-13,0.0172796351414042,0.178571
2013-09-16,0.0170262438117282,0.178571
2013-09-17,0.0166280777159407,0.178571
2013-09-18,0.0157370970883176,0.178571
2013-09-19,0.0151456560418472,0.178571
2013-09-20,0.0149365638348081,0.178571
2013-09-23,0.0174603879969371,0.178571
2013-09-24,0.0181773464213307,0.178571
2013-09-25,0.0182235899334304,0.178571
2013-09-26,0.0156564612684531,0.178571
2013-09-27,0.0136174095253813,0.178571
2013-09-30,0.0146377089505904,0.178571
2013-10-01,0.0145389186358328,0.178571
2013-10-04,0.0185076587921723,0.178571
2013-10-05,0.0196223174950621,0.178571
2013-10-06,0.0178698800879995,0.178571
2013-10-07,0.0163905986900102,0.178571
2013-10-09,0.0179463816011654,0.178571
2013-10-10,0.0168226217871879,0.178571
2013-10-12,0.0167329912220698,0.178571
2013-10-14,0.0147650444693314,0.178571
2013-10-15,0.0142086001925821,0.178571
2013-10-16,0.0163632298474468,0.178571
2013-10-17,0.017549057546048,0.178571
2013-10-18,0.017327513303647,0.178571
2013-10-21,0.0168135768148782,0.178571
2013-10-22,0.0170994206806221,0.178571
2013-10-23,0.018312609162715,0.178571
2013-10-24,0.0250560035990721,0.178571
2013-10-25,0.0214208190480241,0.178571
2013-10-29,0.0247541890054061,0.178571
2013-10-30,0.019492558468098,0.178571
2013-10-31,0.0157088932474036,0.178571
2013-11-01,0.0186378968889185,0.178571
2013-11-02,0.0165750184869111,0.178571
2013-11-03,0.0186983269136602,0.178571
2013-11-04,0.0225145558028395,0.178571
2013-11-06,0.0167198222888375,0.178571
2013-11-07,0.01576589784248,0.178571
2013-11-09,0.016008136479857,0.178571
2013-11-10,0.0156657973982996,0.178571
2013-11-12,0.0159012136053525,0.178571
2013-11-13,0.0172139989835446,0.178571
2013-11-14,0.0173862223322173,0.178571
2013-11-15,0.0188626128120377,0.178571
2013-11-18,0.0169201427278833,0.178571
2013-11-19,0.0212689102805836,0.178571
2013-11-20,0.0181267034565804,0.178571
2013-11-21,0.0160885369991191,0.178571
2013-11-22,0.0186376764139488,0.178571
2013-11-25,0.0188864331851142,0.178571
2013-11-26,0.0300489581126704,0.178571
2013-11-27,0.0178296277737149,0.178571
2013-11-29,0.0181361104113404,0.178571
2013-12-02,0.0194539798435327,0.178571
2013-12-03,0.0211035289265619,0.178571
2013-12-04,0.0212277073215736,0.178571
2013-12-06,0.0193355183116183,0.178571
2013-12-07,0.0201498124378813,0.178571
2013-12-08,0.0175340013231769,0.178571
2013-12-09,0.0164016308110728,0.178571
2013-12-11,0.0155008314572601,0.178571
2013-12-12,0.015422224976753,0.178571
2013-12-13,0.0166640734521165,0.178571
2013-12-16,0.0162068540111665,0.178571
2013-12-17,0.0162993423092582,0.178571
2013-12-18,0.0161210671932789,0.178571
2013-12-19,0.0181252946988144,0.178571
2013-12-20,0.0170721210549459,0.178571
2013-12-23,0.0182360971145016,0.178571
2013-12-27,0.014675950025582,0.178571
2013-12-30,0.0144815116448685,0.178571
2014-01-04,0.0165541877995536,0.178571
2014-01-07,0.0152797642238507,0.178571
2014-01-08,0.0145217423081104,0.178571
2014-01-10,0.0149785402807056,0.178571
2014-01-13,0.0147119096906549,0.178571
2014-01-14,0.0154392325508561,0.178571
2014-01-15,0.0159661302841245,0.178571
2014-01-16,0.0182220695961029,0.178571
2014-01-17,0.0150966343213698,0.178571
2014-01-21,0.0151811488127414,0.178571
2014-01-22,0.0143909178216689,0.178571
2014-01-23,0.0168067065228026,0.178571
2014-01-24,0.0180814247214803,0.178571
2014-01-27,0.0148155854140513,0.178571
2014-01-28,0.0134644544181315,0.178571
2014-01-29,0.0162471756155585,0.178571
2014-01-30,0.0171968076495349,0.178571
2014-01-31,0.0147519546374046,0.178571
2014-02-04,0.0196008873177989,0.178571
2014-02-05,0.0177640122467599,0.178571
2014-02-06,0.0163169163630341,0.178571
2014-02-07,0.0156286011760085,0.178571
2014-02-09,0.0162283321262381,0.178571
2014-02-10,0.0166565861705947,0.178571
2014-02-12,0.0142052097270994,0.178571
2014-02-13,0.0145059810546342,0.178571
2014-02-14,0.0139722196140578,0.178571
2014-02-18,0.0142858643048486,0.178571
2014-02-19,0.0126234090756265,0.178571
2014-02-20,0.0124473719538336,0.178571
2014-02-21,0.0130054968123093,0.178571
2014-02-24,0.0125250616869442,0.178571
2014-02-25,0.0143161331650825,0.178571
2014-02-26,0.0121886465744266,0.178571
2014-02-27,0.0109799526995241,0.178571
2014-02-28,0.0105678468813047,0.178571
2014-03-01,0.0102904733275716,0.178571
2014-03-02,0.0113654311650646,0.178571
2014-03-04,0.0122447874064357,0.178571
2014-03-06,0.011614814144875,0.178571
2014-03-07,0.011222370894378,0.178571
2014-03-09,0.0119388492438511,0.178571
2014-03-10,0.0120569096604941,0.178571
2014-03-11,0.0115318583234462,0.178571
2014-03-12,0.0121702094251535,0.178571
2014-03-13,0.011811259212114,0.178571
2014-03-14,0.0142691944649371,0.178571
2014-03-17,0.0116957236083388,0.178571
2014-03-18,0.011643756956952,0.178571
2014-03-19,0.0122312070125762,0.178571
2014-03-20,0.0142734903184784,0.178571
2014-03-21,0.0132334904662691,0.178571
2014-03-24,0.0123362263174147,0.178571
2014-03-26,0.0136796341567995,0.178571
2014-03-27,0.0117781581663684,0.178571
2014-03-28,0.0605927105177172,0.178571
2014-03-31,0.010739480326597,0.178571
2014-04-02,0.0109429019311888,0.178571
2014-04-03,0.00987473554039967,0.178571
2014-04-04,0.0117021727007817,0.178571
2014-04-06,0.0118867429549995,0.178571
2014-04-08,0.0143846673212887,0.178571
2014-04-09,0.0139774052596202,0.178571
2014-04-11,0.0139976204143483,0.178571
2014-04-12,0.0110742836928143,0.178571
2014-04-14,0.011035269274814,0.178571
2014-04-15,0.0102780541492317,0.178571
2014-04-16,0.0104560569591363,0.178571
2014-04-17,0.0108888036197038,0.178571
2014-04-22,0.0119011180255703,0.178571
2014-04-23,0.0120310199999237,0.178571
2014-04-24,0.0123349851231826,0.178571
2014-04-25,0.0115192748494053,0.178571
2014-04-28,0.0112247672556925,0.178571
2014-04-30,0.0117030963911248,0.178571
2014-05-02,0.010958305949543,0.178571
2014-05-03,0.0105854098110348,0.178571
2014-05-05,0.0149101299159539,0.178571
2014-05-06,0.0140593658990658,0.178571
2014-05-08,0.0143955861227535,0.178571
2014-05-09,0.0151973162007564,0.178571
2014-05-11,0.0137020488203883,0.178571
2014-05-12,0.0143378928777049,0.178571
2014-05-13,0.0113897229753214,0.178571
2014-05-14,0.0115060452893147,0.178571
2014-05-15,0.0128731771251765,0.178571
2014-05-16,0.0146937551503714,0.178571
2014-05-19,0.0158482698858315,0.178571
2014-05-20,0.0154584245848954,0.178571
2014-05-21,0.0156326527954652,0.178571
2014-05-22,0.0164823710251205,0.178571
2014-05-23,0.0149861643866149,0.178571
2014-05-27,0.0146213578235021,0.178571
2014-05-28,0.014715673796741,0.178571
2014-05-30,0.0136392514844788,0.178571
2014-06-02,0.0145217285169843,0.178571
2014-06-03,0.0145678045535856,0.178571
2014-06-05,0.0136716922884565,0.178571
2014-06-06,0.0140011294503212,0.178571
2014-06-08,0.0122731324545203,0.178571
2014-06-10,0.0129708065632039,0.178571
2014-06-11,0.0124676666556764,0.178571
2014-06-13,0.0127548457113069,0.178571
2014-06-16,0.0145931323124071,0.178571
2014-06-17,0.0157834417158876,0.178571
2014-06-18,0.0168603870451156,0.178571
2014-06-20,0.0166836990918949,0.178571
2014-06-23,0.015918697175296,0.178571
2014-06-24,0.0139446404682395,0.178571
2014-06-25,0.0154935722763265,0.178571
2014-06-26,0.0138194402738769,0.178571
2014-06-27,0.012713117165779,0.178571
2014-06-30,0.0114193390465377,0.178571
2014-07-01,0.0117675013840999,0.178571
2014-07-02,0.00961070854568131,0.178571
2014-07-03,0.0140134672090939,0.178571
2014-07-04,0.0119120655329743,0.178571
2014-07-05,0.0103392230970079,0.178571
2014-07-07,0.0117030163336171,0.178571
2014-07-08,0.0118536217227251,0.178571
2014-07-10,0.0109093830984632,0.178571
2014-07-11,0.0114659514234224,0.178571
2014-07-14,0.0112118795878379,0.178571
2014-07-15,0.0116771172364003,0.178571
2014-07-16,0.0123316868309195,0.178571
2014-07-17,0.0122944299590091,0.178571
2014-07-18,0.0126114630115773,0.178571
2014-07-21,0.0139496105068451,0.178571
2014-07-22,0.0127251832284211,0.178571
2014-07-23,0.0131098217617822,0.178571
2014-07-24,0.0131389630236153,0.178571
2014-07-25,0.0136211870138069,0.178571
2014-07-28,0.0137618156067602,0.178571
2014-07-29,0.0134010201243778,0.178571
2014-07-30,0.0133182238755493,0.178571
2014-07-31,0.0125183675762112,0.178571
2014-08-01,0.0127040009725038,0.178571
2014-08-04,0.0141106408985222,0.178571
2014-08-05,0.0135154310646184,0.178571
2014-08-07,0.0150461119299921,0.178571
2014-08-08,0.0161680910027854,0.178571
2014-08-09,0.0150046860236023,0.178571
2014-08-10,0.0154474797509658,0.178571
2014-08-13,0.0176807198878974,0.178571
2014-08-14,0.0692770979366016,0.178571
2014-08-18,0.0194904196755169,0.178571
2014-08-19,0.0176906733308005,0.178571
2014-08-20,0.0146250572647283,0.178571
2014-08-21,0.0154135225917978,0.178571
2014-08-22,0.0153890198806234,0.178571
2014-08-25,0.0148423041381477,0.178571
2014-08-26,0.0148589390746461,0.178571
2014-08-27,0.016105301007301,0.178571
2014-08-28,0.0161228409186768,0.178571
2014-08-29,0.0137400144223995,0.178571
2014-09-01,0.0139523900719927,0.178571
2014-09-04,0.016976401759557,0.178571
2014-09-05,0.0150080067649673,0.178571
2014-09-07,0.0132186601492769,0.178571
2014-09-09,0.0144708214015531,0.178571
2014-09-10,0.0132259477401858,0.178571
2014-09-12,0.0122753016706794,0.178571
2014-09-15,0.0147614038782185,0.178571
2014-09-16,0.015976812320981,0.178571
2014-09-17,0.0146382267930023,0.178571
2014-09-18,0.0145894039085569,0.178571
2014-09-19,0.0154618166372862,0.178571
2014-09-22,0.0164277523044142,0.178571
2014-09-23,0.0139500226302678,0.178571
2014-09-24,0.0140030785978433,0.178571
2014-09-25,0.0157702608162345,0.178571
2014-09-26,0.0160786871339488,0.178571
2014-09-29,0.0188950992391935,0.178571
2014-09-30,0.0187188410553957,0.178571
2014-10-01,0.0182459964067646,0.178571
2014-10-02,0.0178150949455938,0.178571
2014-10-03,0.0127664726376819,0.178571
2014-10-04,0.0130011682748316,0.178571
2014-10-06,0.0159439630298851,0.178571
2014-10-07,0.0145995968224707,0.178571
2014-10-09,0.0145191239815676,0.178571
2014-10-10,0.0155480308093972,0.178571
2014-10-11,0.0159243112549424,0.178571
2014-10-12,0.0133729624047577,0.178571
2014-10-13,0.0124532060279342,0.178571
2014-10-14,0.0178515441498864,0.178571
2014-10-15,0.0184940625307858,0.178571
2014-10-16,0.0169575321069335,0.178571
2014-10-17,0.0150073412078852,0.178571
2014-10-20,0.0148080732241451,0.178571
2014-10-21,0.0154327241981114,0.178571
2014-10-22,0.0175743057198232,0.178571
2014-10-23,0.0202023673173176,0.178571
2014-10-24,0.0187923301737043,0.178571
2014-10-27,0.0202664683509251,0.178571
2014-10-29,0.0180515670188615,0.178571
2014-10-30,0.0177447201349395,0.178571
2014-10-31,0.020842103654509,0.178571
2014-11-02,0.0209922288604346,0.178571
2014-11-03,0.0198425190540937,0.178571
2014-11-04,0.0144678406289389,0.178571
2014-11-06,0.0150680694724915,0.178571
2014-11-07,0.0135868157703177,0.178571
2014-11-08,0.0140706291104472,0.178571
2014-11-09,0.0145938651737827,0.178571
2014-11-12,0.0141580025149831,0.178571
2014-11-13,0.0142214915799019,0.178571
2014-11-14,0.0133836900950118,0.178571
2014-11-17,0.0151470444631408,0.178571
2014-11-18,0.0142895675131004,0.178571
2014-11-19,0.0130937254825196,0.178571
2014-11-20,0.0152091841441243,0.178571
2014-11-21,0.0150559319554908,0.178571
2014-11-24,0.0142796139804063,0.178571
2014-11-25,0.0161322726501837,0.178571
2014-11-26,0.0145852294895709,0.178571
2014-11-28,0.0156737999756814,0.178571
2014-12-02,0.0138992035111654,0.178571
2014-12-03,0.0140384228543981,0.178571
2014-12-05,0.0139576153302431,0.178571
2014-12-06,0.012797596800016,0.178571
2014-12-08,0.0128025489516187,0.178571
2014-12-09,0.0124363910786683,0.178571
2014-12-11,0.0138435346067615,0.178571
2014-12-12,0.0138224000656619,0.178571
2014-12-15,0.0146989394119696,0.178571
2014-12-16,0.0116460907523974,0.178571
2014-12-17,0.0164435668337398,0.178571
2014-12-18,0.0157822243893984,0.178571
2014-12-19,0.0147850473988957,0.178571
2014-12-22,0.0139062745862107,0.178571
2014-12-23,0.0139368824185827,0.178571
2014-12-29,0.0134972466759493,0.178571
2014-12-30,0.0129244863015646,0.178571
2015-01-04,0.013243901458379,0.178571
2015-01-09,0.0133726491613758,0.178571
2015-01-10,0.0140659609510757,0.178571
2015-01-13,0.014180035589613,0.178571
2015-01-14,0.0144868500331864,0.178571
2015-01-15,0.0139454107090768,0.178571
2015-01-16,0.0141054240730201,0.178571
2015-01-20,0.0153980197398512,0.178571
2015-01-21,0.014007645852193,0.178571
2015-01-22,0.0142892084258657,0.178571
2015-01-23,0.0129937901104885,0.178571
2015-01-26,0.0125925857405083,0.178571
2015-01-27,0.0158252021753226,0.178571
2015-01-28,0.0135868408034656,0.178571
2015-01-29,0.0141921180716703,0.178571
2015-01-30,0.0155343632666748,0.178571
2015-02-02,0.0154962525841128,0.178571
2015-02-03,0.0143115124874395,0.178571
2015-02-04,0.0131587080990686,0.178571
2015-02-06,0.0130456995389041,0.178571
2015-02-09,0.0147095390223938,0.178571
2015-02-10,0.0138751695022442,0.178571
2015-02-11,0.0157231876626239,0.178571
2015-02-13,0.0179452230876713,0.178571
2015-02-17,0.016527138376348,0.178571
2015-02-18,0.0155295380026781,0.178571
2015-02-19,0.0165312559617936,0.178571
2015-02-20,0.0198139546719543,0.178571
2015-02-24,0.014589602259029,0.178571
2015-02-25,0.0149928984005399,0.178571
2015-02-26,0.0169425456293823,0.178571
2015-02-27,0.0163365902923221,0.178571
2015-03-02,0.0169082765379668,0.178571
2015-03-03,0.0168283156137408,0.178571
2015-03-06,0.0171038857641703,0.178571
2015-03-08,0.0184621507584668,0.178571
2015-03-09,0.0184976230742993,0.178571
2015-03-11,0.018629573315819,0.178571
2015-03-12,0.017228843436985,0.178571
2015-03-13,0.0165396154270016,0.178571
2015-03-16,0.0163374669364226,0.178571
2015-03-17,0.0156185407787722,0.178571
2015-03-18,0.0147402370881712,0.178571
2015-03-19,0.0149293551690616,0.178571
2015-03-20,0.0137015050912729,0.178571
2015-03-23,0.014807587633226,0.178571
2015-03-24,0.0155681398870171,0.178571
2015-03-26,0.0173791168948257,0.178571
2015-03-27,0.0191449716551959,0.178571
2015-03-30,0.0193082624082704,0.178571
2015-03-31,0.0181138277971808,0.178571
2015-04-02,0.0189496084677739,0.178571
2015-04-03,0.0200583350420363,0.178571
2015-04-05,0.0179202755334195,0.178571
2015-04-08,0.017543368123908,0.178571
2015-04-09,0.0177689603531681,0.178571
2015-04-11,0.0185415635865087,0.178571
2015-04-12,0.0192720108222509,0.178571
2015-04-14,0.0197754683102336,0.178571
2015-04-15,0.0193124159994079,0.178571
2015-04-16,0.0188584956425476,0.178571
2015-04-17,0.0182886715962698,0.178571
2015-04-20,0.0225226986697394,0.178571
2015-04-21,0.0219764193215969,0.178571
2015-04-22,0.0215606714798551,0.178571
2015-04-23,0.0196620488065514,0.178571
2015-04-24,0.019814348731555,0.178571
2015-04-27,0.0185333833177726,0.178571
2015-04-28,0.0189166091096684,0.178571
2015-04-29,0.0192114648136306,0.178571
2015-04-30,0.0199289059212879,0.178571
2015-05-01,0.0216019810461995,0.178571
2015-05-02,0.0212432633779092,0.178571
2015-05-03,0.0211084532059517,0.178571
2015-05-05,0.0198553714473979,0.178571
2015-05-06,0.0196722683238356,0.178571
2015-05-08,0.0185416052594169,0.178571
2015-05-10,0.0171990967525766,0.178571
2015-05-11,0.0176579533272383,0.178571
2015-05-13,0.0225735578649186,0.178571
2015-05-15,0.0217705331433684,0.178571
2015-05-18,0.0209441087511043,0.178571
2015-05-19,0.0164260839789249,0.178571
2015-05-20,0.0149565989579755,0.178571
2015-05-21,0.0165235862591941,0.178571
2015-05-22,0.016118860537894,0.178571
2015-05-26,0.0146491991021139,0.178571
2015-05-27,0.0154079661408215,0.178571
2015-05-28,0.0147348529286767,0.178571
2015-05-29,0.0164734290226131,0.178571
2015-06-02,0.0160969932333112,0.178571
2015-06-03,0.0158582934180443,0.178571
2015-06-05,0.0161463794072075,0.178571
2015-06-08,0.0159324856271224,0.178571
2015-06-10,0.0156140551520052,0.178571
2015-06-11,0.0238971623143316,0.178571
2015-06-15,0.0180935239810123,0.178571
2015-06-16,0.0149426953180726,0.178571
2015-06-17,0.0145723702756677,0.178571
2015-06-18,0.014920882560956,0.178571
2015-06-19,0.0157101629418398,0.178571
2015-06-22,0.0149091076588491,0.178571
2015-06-23,0.01522541188141,0.178571
2015-06-24,0.0170336883094912,0.178571
2015-06-25,0.0161758976282477,0.178571
2015-06-26,0.016206835338204,0.178571
2015-07-01,0.016325486824905,0.178571
2015-07-04,0.0165555746131261,0.178571
2015-07-05,0.0156765239137003,0.178571
2015-07-08,0.0155517530193678,0.178571
2015-07-10,0.0156441058342518,0.178571
2015-07-12,0.0189900038967652,0.178571
2015-08-01,0.0130772444971207,0.178571
2015-08-04,0.0233351941964662,0.178571
2015-08-05,0.0132369692025849,0.178571
2015-08-06,0.0144282156015891,0.178571
2015-08-09,0.0144971513199767,0.178571
2015-08-10,0.0150815008260845,0.178571
2015-08-13,0.0137862351786332,0.178571
2015-08-14,0.0143288368076416,0.178571
2015-08-17,0.0145565791766872,0.178571
2015-08-18,0.0152945389156558,0.178571
2015-08-19,0.0151450714198408,0.178571
2015-08-20,0.0139254005176611,0.178571
2015-08-21,0.016858042507528,0.178571
2015-08-24,0.0161711580490606,0.178571
2015-08-25,0.0321801927423221,0.178571
2015-08-26,0.0308617553194486,0.178571
2015-08-27,0.0288578756433794,0.178571
2015-08-28,0.0264868748106325,0.178571
2015-08-31,0.0223982618494724,0.178571
2015-09-01,0.0231001784481641,0.178571
2015-09-02,0.0206224465027042,0.178571
2015-09-03,0.0210903549337561,0.178571
2015-09-04,0.020708579013538,0.178571
2015-09-06,0.0190129313933036,0.178571
2015-09-09,0.0212047583154689,0.178571
2015-09-10,0.0206264481203194,0.178571
2015-09-11,0.0173220151571556,0.178571
2015-09-12,0.0260978846074374,0.178571
2015-09-14,0.022052914484568,0.178571
2015-09-15,0.0232687411933288,0.178571
2015-09-16,0.0208813981191461,0.178571
2015-09-17,0.0207715738880641,0.178571
2015-09-18,0.0203177578379577,0.178571
2015-09-21,0.0181752759991622,0.178571
2015-09-22,0.0187854034725544,0.178571
2015-09-23,0.0166234106516268,0.178571
2015-09-24,0.0170360002129058,0.178571
2015-09-25,0.0190306930641615,0.178571
2015-09-28,0.0212982327343742,0.178571
2015-09-29,0.022867103953707,0.178571
2015-09-30,0.0208004168407468,0.178571
2015-10-02,0.0213299819444773,0.178571
2015-10-03,0.020542982620739,0.178571
2015-10-06,0.021508304997822,0.178571
2015-10-08,0.0203502428181032,0.178571
2015-10-09,0.0201765529329101,0.178571
2015-10-11,0.0200977306708572,0.178571
2015-10-12,0.0257852295377162,0.178571
2015-10-13,0.0198663593104749,0.178571
2015-10-14,0.0225550962893749,0.178571
2015-10-15,0.0207704758190545,0.178571
2015-10-16,0.0217832595240859,0.178571
2015-10-19,0.0202860355289879,0.178571
2015-10-20,0.0200045170392304,0.178571
2015-10-21,0.0191768986360316,0.178571
2015-10-22,0.0167430891742969,0.178571
2015-10-23,0.0158515472757466,0.178571
2015-10-27,0.0173567196130297,0.178571
2015-10-29,0.0169243333876435,0.178571
2015-10-30,0.0152776582497762,0.178571
2015-11-02,0.0164764359926368,0.178571
2015-11-03,0.0168097937084048,0.178571
2015-11-05,0.0165824141792395,0.178571
2015-11-06,0.0157173652597229,0.178571
2015-11-08,0.017945566327914,0.178571
2015-11-09,0.0157467315574038,0.178571
2015-11-12,0.0185228241400964,0.178571
2015-11-13,0.0159000961417534,0.178571
2015-11-16,0.0178773455261777,0.178571
2015-11-17,0.0166790041950634,0.178571
2015-11-18,0.0172053006432348,0.178571
2015-11-19,0.0174413487760689,0.178571
2015-11-20,0.015833401142527,0.178571
2015-11-23,0.0156464346314458,0.178571
2015-11-24,0.0158665580204791,0.178571
2015-11-25,0.0162563670748339,0.178571
2015-12-01,0.0143939905164566,0.178571
2015-12-02,0.0142518971158276,0.178571
2015-12-03,0.0159622861418448,0.178571
2015-12-05,0.0167686577022623,0.178571
2015-12-06,0.01637110709298,0.178571
2015-12-08,0.0152715905391662,0.178571
2015-12-10,0.0160096898731579,0.178571
2015-12-11,0.0165150280706642,0.178571
2015-12-14,0.0160900671159606,0.178571
2015-12-15,0.0169243888765254,0.178571
2015-12-16,0.0164133555783257,0.178571
2015-12-17,0.0204221126510334,0.178571
2015-12-18,0.0208026030581417,0.178571
2015-12-21,0.0189334693875032,0.178571
2015-12-22,0.0267106700852907,0.178571
2015-12-23,0.022902963771771,0.178571
2015-12-28,0.0240807154380617,0.178571
2015-12-29,0.0212097521371355,0.178571
2015-12-30,0.0180585651849428,0.178571
2016-01-02,0.0155127248702417,0.178571
2016-01-03,0.016040066047801,0.178571
2016-01-04,0.0155338451138632,0.178571
2016-01-06,0.0155704200030134,0.178571
2016-01-07,0.0151169242475799,0.178571
2016-01-08,0.0189795844456691,0.178571
2016-01-09,0.018934768449571,0.178571
2016-01-13,0.017817640810865,0.178571
2016-01-14,0.0163674603764639,0.178571
2016-01-15,0.0174022171274971,0.178571
2016-01-19,0.0171471991611511,0.178571
2016-01-20,0.0185063181544455,0.178571
2016-01-21,0.0170699050572933,0.178571
2016-01-22,0.0195475560541853,0.178571
2016-01-25,0.015914244938861,0.178571
2016-01-26,0.0187419356562436,0.178571
2016-01-27,0.0170034382404387,0.178571
2016-01-28,0.0150670847920315,0.178571
2016-01-29,0.0151744739418472,0.178571
2016-02-02,0.0157561837971621,0.178571
2016-02-03,0.0218268857004228,0.178571
2016-02-06,0.0212631848088602,0.178571
2016-02-08,0.0221832505977248,0.178571
2016-02-09,0.023483310470129,0.178571
2016-02-11,0.0252873497493721,0.178571
2016-02-12,0.0226895355385753,0.178571
2016-02-16,0.0217405378295445,0.178571
2016-02-17,0.0181572188672514,0.178571
2016-02-18,0.0154947440380958,0.178571
2016-02-19,0.0157534889526805,0.178571
2016-02-22,0.0174701343816688,0.178571
2016-02-23,0.0182773991606824,0.178571
2016-02-24,0.0209484696190074,0.178571
2016-02-25,0.018668362360902,0.178571
2016-02-26,0.0164106876937742,0.178571
2016-02-29,0.0205019154263926,0.178571
2016-03-02,0.0189054386278415,0.178571
2016-03-03,0.0187898135656888,0.178571
2016-03-06,0.0202493619576005,0.178571
2016-03-08,0.026205824378425,0.178571
2016-03-10,0.0235698482465995,0.178571
2016-03-11,0.0172382924382092,0.178571
2016-03-15,0.0170828880596454,0.178571
2016-03-16,0.0172000343274644,0.178571
2016-03-17,0.0166513483478202,0.178571
2016-03-18,0.0171482439361438,0.178571
2016-03-21,0.0153686320270465,0.178571
2016-03-22,0.0155149320511586,0.178571
2016-03-23,0.016187812450557,0.178571
2016-03-24,0.0147191291870663,0.178571
2016-03-29,0.0141055682857656,0.178571
2016-03-30,0.0149130821464712,0.178571
2016-03-31,0.015985127174623,0.178571
2016-04-01,0.0190784698838326,0.178571
2016-04-02,0.0165759281724463,0.178571
2016-04-03,0.014505901133289,0.178571
2016-04-04,0.015357963448974,0.178571
2016-04-05,0.0149243133333425,0.178571
2016-04-08,0.0147013676730339,0.178571
2016-04-10,0.0175371418179267,0.178571
2016-04-11,0.0178807350622429,0.178571
2016-04-13,0.0208114572560503,0.178571
2016-04-14,0.0163052317496189,0.178571
2016-04-15,0.0178972426368143,0.178571
2016-04-18,0.0177616866867924,0.178571
2016-04-19,0.0189329787739096,0.178571
2016-04-20,0.0181264018752547,0.178571
2016-04-21,0.0137641996344043,0.178571
2016-04-22,0.014853319210005,0.178571
2016-04-25,0.0139039594186945,0.178571
2016-04-26,0.0185096305403609,0.178571
2016-04-27,0.0149827786329716,0.178571
2016-04-28,0.013667316466063,0.178571
2016-05-01,0.0158143647184551,0.178571
2016-05-02,0.017070147283493,0.178571
2016-05-04,0.0168940167614132,0.178571
2016-05-07,0.0164675525205573,0.178571
2016-05-08,0.0136753480010821,0.178571
2016-05-10,0.0136858543499826,0.178571
2016-05-12,0.0157430530631023,0.178571
2016-05-13,0.0139710965755041,0.178571
2016-05-17,0.0149706871467067,0.178571
2016-05-18,0.0162424615815033,0.178571
2016-05-19,0.0160563715900804,0.178571
2016-05-20,0.0151747374328508,0.178571
2016-05-23,0.0166444493557644,0.178571
2016-05-24,0.0153519233443338,0.178571
2016-05-25,0.0131472663064097,0.178571
2016-05-27,0.0137529996589137,0.178571
2016-05-31,0.0136893524340458,0.178571
2016-06-04,0.0146672553156581,0.178571
2016-06-05,0.014153387292469,0.178571
2016-06-06,0.0139209221824529,0.178571
2016-06-07,0.0128039185879778,0.178571
2016-06-09,0.0144983096919054,0.178571
2016-06-10,0.0146213938317587,0.178571
2016-06-12,0.0143678350279275,0.178571
2016-06-13,0.0151763388349183,0.178571
2016-06-14,0.0180380906508862,0.178571
2016-06-15,0.015159953595997,0.178571
2016-06-16,0.0178978470875042,0.178571
2016-06-17,0.01738938100654,0.178571
2016-06-21,0.0165468076375888,0.178571
2016-06-22,0.0140850510735187,0.178571
2016-06-23,0.0168052336290748,0.178571
2016-06-24,0.0136673054541951,0.178571
2016-06-27,0.016736236255554,0.178571
2016-06-28,0.0173439658235244,0.178571
2016-06-29,0.0156364879512423,0.178571
2016-06-30,0.0149184262443875,0.178571
2016-07-01,0.0140023914150536,0.178571
2016-07-03,0.0164084216968491,0.178571
2016-07-04,0.0150973729893709,0.178571
2016-07-06,0.0149713593305753,0.178571
2016-07-07,0.0155083334773241,0.178571
2016-07-09,0.0171352261443273,0.178571
2016-07-10,0.0182752556502303,0.178571
2016-07-11,0.0203827761949291,0.178571
2016-07-12,0.0211840433906784,0.178571
2016-07-13,0.0213960902189277,0.178571
2016-07-14,0.0193236046236426,0.178571
2016-07-15,0.0173692277812181,0.178571
2016-07-18,0.0177402715457559,0.178571
2016-07-19,0.0180058557236836,0.178571
2016-07-20,0.0179428586691411,0.178571
2016-07-21,0.0184296381085437,0.178571
2016-07-22,0.0186241671316776,0.178571
2016-07-25,0.0191922040803924,0.178571
2016-07-26,0.0200853005686712,0.178571
2016-07-27,0.0221317986499456,0.178571
2016-07-28,0.0233587990904298,0.178571
2016-07-29,0.0232138416137333,0.178571
2016-08-01,0.0215137650680778,0.178571
2016-08-02,0.0188192672665351,0.178571
2016-08-03,0.0234432616202016,0.178571
2016-08-04,0.0229059329971239,0.178571
2016-08-06,0.0187598601922913,0.178571
2016-08-07,0.0167300042470978,0.178571
2016-08-08,0.0186658377665254,0.178571
2016-08-09,0.019060679724732,0.178571
2016-08-11,0.0196222422320479,0.178571
2016-08-16,0.0205290947646627,0.178571
2016-08-17,0.0243569574890319,0.178571
2016-08-18,0.0219234400274538,0.178571
2016-08-19,0.0209684322848062,0.178571
2016-08-22,0.0196409223731561,0.178571
2016-08-23,0.0204171437988395,0.178571
2016-08-24,0.0203440714523091,0.178571
2016-08-25,0.0208097812136171,0.178571
2016-08-26,0.0200093213849827,0.178571
2016-08-29,0.0204160298695246,0.178571
2016-08-30,0.0199710626944376,0.178571
2016-08-31,0.0188087672040691,0.178571
2016-09-02,0.0199955768561201,0.178571
2016-09-03,0.0196776835201242,0.178571
2016-09-05,0.0194957584948458,0.178571
2016-09-06,0.0195668141821848,0.178571
2016-09-08,0.0224254108610961,0.178571
2016-09-09,0.0198790875605226,0.178571
2016-09-11,0.0204987052411799,0.178571
2016-09-12,0.0206835199810123,0.178571
2016-09-13,0.0216403257935778,0.178571
2016-09-14,0.0229408159464318,0.178571
2016-09-15,0.0238551914558943,0.178571
2016-09-16,0.0207562785243396,0.178571
2016-09-19,0.0238251373120335,0.178571
2016-09-20,0.0221592906848636,0.178571
2016-09-21,0.0263731790571731,0.178571
2016-09-22,0.0271458957585793,0.178571
2016-09-23,0.0242221607992617,0.178571
2016-09-26,0.023272626423448,0.178571
2016-09-27,0.0228313582470928,0.178571
2016-09-28,0.0242978263572138,0.178571
2016-09-29,0.023472366810201,0.178571
2016-09-30,0.0240031049606386,0.178571
2016-10-02,0.0205065367236846,0.178571
2016-10-03,0.0213171639263293,0.178571
2016-10-05,0.0186978709124118,0.178571
2016-10-06,0.0181934040309975,0.178571
2016-10-08,0.0185008039907692,0.178571
2016-10-10,0.0188434154087717,0.178571
2016-10-11,0.0163340387962252,0.178571
2016-10-13,0.0186691338594472,0.178571
2016-10-14,0.0138879847870345,0.178571
2016-10-17,0.0203351681705167,0.178571
2016-10-18,0.020510131053158,0.178571
2016-10-19,0.0199604543315115,0.178571
2016-10-20,0.0195664410608754,0.178571
2016-10-21,0.0170853876999639,0.178571
2016-10-24,0.0161613295156594,0.178571
2016-10-25,0.0167919830559439,0.178571
2016-10-27,0.0169280784191235,0.178571
2016-10-31,0.0162780231252978,0.178571
2016-11-01,0.0135947090352742,0.178571
2016-11-02,0.0143571813400167,0.178571
2016-11-03,0.0145005482870528,0.178571
2016-11-04,0.0133640439328569,0.178571
2016-11-05,0.0124294139458164,0.178571
2016-11-07,0.0156233125199682,0.178571
2016-11-08,0.0145238866393084,0.178571
2016-11-10,0.0156285773089854,0.178571
2016-11-14,0.0161259407802139,0.178571
2016-11-15,0.0159782349364734,0.178571
2016-11-16,0.0157888042386574,0.178571
2016-11-17,0.0161502162631518,0.178571
2016-11-18,0.0162983954673029,0.178571
2016-11-21,0.0160426491347626,0.178571
2016-11-22,0.020960804853701,0.178571
2016-11-23,0.015952644697824,0.178571
2016-11-25,0.0161603535814904,0.178571
2016-11-28,0.0134702492810816,0.178571
2016-11-29,0.0126315119275221,0.178571
2016-12-01,0.013633556459849,0.178571
2016-12-02,0.015305056046507,0.178571
2016-12-04,0.0131287696186307,0.178571
2016-12-05,0.0151328596392081,0.178571
2016-12-07,0.0136977955752691,0.178571
2016-12-08,0.0171441323744869,0.178571
2016-12-09,0.0153543388999864,0.178571
2016-12-10,0.014542731290756,0.178571
2016-12-12,0.0136995968682947,0.178571
2016-12-13,0.0150381682143888,0.178571
2016-12-14,0.0156303500233334,0.178571
2016-12-15,0.0150288805804521,0.178571
2016-12-16,0.0115191782455216,0.178571
2016-12-19,0.0115297582488711,0.178571
2016-12-20,0.0114483938380224,0.178571
2016-12-21,0.0120465411499608,0.178571
2016-12-22,0.0110271197066524,0.178571
2016-12-23,0.0113333754158336,0.178571
2016-12-27,0.0111872250445737,0.178571
2016-12-28,0.0119364314183645,0.178571
2016-12-29,0.0115056493065123,0.178571
2016-12-30,0.0118403403862313,0.178571
2017-01-02,0.011510205293778,0.178571
2017-01-03,0.0124552565491985,0.178571
2017-01-08,0.0104617008637441,0.178571
2017-01-09,0.0117234312963269,0.178571
2017-01-13,0.0122606171860111,0.178571
2017-01-17,0.0123563086787007,0.178571
2017-01-18,0.0115381828328127,0.178571
2017-01-19,0.012137774769018,0.178571
2017-01-20,0.0123926366875648,0.178571
2017-01-23,0.0105920771651308,0.178571
2017-01-25,0.0099458378824736,0.178571
2017-01-26,0.00948740110747491,0.178571
2017-01-27,0.00924740567518262,0.178571
2017-01-30,0.0102090163914077,0.178571
2017-01-31,0.010733082703133,0.178571
2017-02-02,0.0106797012767308,0.178571
2017-02-03,0.00984210192226273,0.178571
2017-02-05,0.00837058518999567,0.178571
2017-02-08,0.0104046419322556,0.178571
2017-02-10,0.00844195005217823,0.178571
2017-02-11,0.00943340368958099,0.178571
2017-02-13,0.0115335418235423,0.178571
2017-02-14,0.0134716510340409,0.178571
2017-02-15,0.0133814378194193,0.178571
2017-02-16,0.0125903277303659,0.178571
2017-02-17,0.0137209893712425,0.178571
2017-02-21,0.0137255241397372,0.178571
2017-02-22,0.013091676404157,0.178571
2017-02-23,0.0127449561203775,0.178571
2017-02-24,0.0126427312294383,0.178571
2017-02-28,0.0124225604614545,0.178571
2017-03-01,0.0114364015577456,0.178571
2017-03-02,0.0115706960927375,0.178571
2017-03-03,0.0115009457989682,0.178571
2017-03-04,0.011307080605556,0.178571
2017-03-07,0.011557545067388,0.178571
2017-03-08,0.0127863096753676,0.178571
2017-03-10,0.0121857617259503,0.178571
2017-03-11,0.0112420959797976,0.178571
2017-03-13,0.0136280837198125,0.178571
2017-03-14,0.0119462550901936,0.178571
2017-03-15,0.0111095524699148,0.178571
2017-03-16,0.0105760079441048,0.178571
2017-03-17,0.0110197980828241,0.178571
2017-03-20,0.01152228418241,0.178571
2017-03-21,0.0128816302374761,0.178571
2017-03-22,0.0120063024536273,0.178571
2017-03-23,0.0117341563169482,0.178571
2017-03-24,0.0114468249067918,0.178571
2017-03-27,0.0136050522158132,0.178571
2017-03-28,0.0129287976509294,0.178571
2017-03-29,0.0121575957769177,0.178571
2017-03-30,0.0115800241960561,0.178571
2017-03-31,0.0125914155897808,0.178571
2017-04-01,0.0117001823769611,0.178571
2017-04-04,0.0122046673186418,0.178571
2017-04-05,0.0115107296065785,0.178571
2017-04-08,0.0118648703441546,0.178571
2017-04-10,0.0121977616053592,0.178571
2017-04-12,0.010336423534009,0.178571
2017-04-13,0.0109132198647958,0.178571
2017-04-18,0.00982152878970614,0.178571
2017-04-19,0.0110896230570378,0.178571
2017-04-20,0.0104484060993726,0.178571
2017-04-21,0.00925940841580184,0.178571
2017-04-24,0.0106787102697501,0.178571
2017-04-25,0.0102391111412816,0.178571
2017-04-26,0.0105957960710016,0.178571
2017-04-27,0.0113706883604926,0.178571
2017-04-28,0.0103839906451631,0.178571
2017-05-01,0.0116528729879355,0.178571
2017-05-04,0.0123669884046774,0.178571
2017-05-05,0.0123390129391457,0.178571
2017-05-07,0.0142875427405703,0.178571
2017-05-09,0.00972039946219059,0.178571
2017-05-10,0.00925524898732259,0.178571
2017-05-12,0.00940379025368182,0.178571
2017-05-15,0.0105031870684668,0.178571
2017-05-16,0.0104593825575564,0.178571
2017-05-17,0.00940393328301574,0.178571
2017-05-18,0.00891124787766479,0.178571
2017-05-19,0.00898740496960783,0.178571
2017-05-22,0.00999413442701421,0.178571
2017-05-23,0.0101546472428643,0.178571
2017-05-24,0.010089554891371,0.178571
2017-05-26,0.00909391011015055,0.178571
2017-05-30,0.00939586031977894,0.178571
2017-05-31,0.0133525842918562,0.178571
2017-06-02,0.0126891225297901,0.178571
2017-06-03,0.0158694275986614,0.178571
2017-06-04,0.0146870868535843,0.178571
2017-06-06,0.0133554253704684,0.178571
2017-06-07,0.0137582299656246,0.178571
2017-06-09,0.0135492951550182,0.178571
2017-06-10,0.014238975982352,0.178571
2017-06-11,0.0123237995267349,0.178571
2017-06-12,0.0111701329740901,0.178571
2017-06-13,0.0125291471297814,0.178571
2017-06-14,0.0134343645964751,0.178571
2017-06-16,0.0141860478722987,0.178571
2017-06-19,0.0138851615107896,0.178571
2017-06-20,0.0123561123554128,0.178571
2017-06-21,0.012959372219311,0.178571
2017-06-22,0.0131615513778841,0.178571
2017-06-23,0.0126516029402171,0.178571
2017-06-26,0.0120519326932777,0.178571
2017-06-27,0.0129453698885415,0.178571
2017-06-28,0.0133279677299629,0.178571
2017-06-29,0.0103660716776911,0.178571
2017-06-30,0.0107989850077206,0.178571
2017-07-02,0.0108559781824301,0.178571
2017-07-03,0.0100817262036256,0.178571
2017-07-04,0.00996566458846317,0.178571
2017-07-06,0.0139095507717369,0.178571
2017-07-07,0.010076512672357,0.178571
2017-07-08,0.00997070785771353,0.178571
2017-07-09,0.0107818886711349,0.178571
2017-07-11,0.010893815089852,0.178571
2017-07-12,0.0102584543955337,0.178571
2017-07-13,0.0104779674744245,0.178571
2017-07-14,0.0107576766927749,0.178571
2017-07-17,0.00986328298988856,0.178571
2017-07-18,0.00986024632425191,0.178571
2017-07-19,0.00956626714170865,0.178571
2017-07-20,0.00971707691162174,0.178571
2017-07-21,0.0100797120790345,0.178571
2017-07-24,0.0106977636406974,0.178571
2017-07-25,0.0109763962144322,0.178571
2017-07-26,0.0102918426410337,0.178571
2017-07-27,0.00928050247024337,0.178571
2017-07-28,0.0109315158976479,0.178571
2017-07-31,0.0108551486728009,0.178571
2017-08-02,0.0117478565540646,0.178571
2017-08-03,0.0104088054710863,0.178571
2017-08-05,0.0104324184850957,0.178571
2017-08-06,0.0105478244990564,0.178571
2017-08-08,0.0118054871152452,0.178571
2017-08-09,0.0108609255376688,0.178571
2017-08-11,0.0106198738561996,0.178571
2017-08-14,0.010738823759563,0.178571
2017-08-16,0.0107127917152158,0.178571
2017-08-17,0.0111968140165285,0.178571
2017-08-18,0.0103737677878852,0.178571
2017-08-21,0.0111833844324621,0.178571
2017-08-22,0.0093497068598096,0.178571
2017-08-23,0.0102385354187057,0.178571
2017-08-24,0.00936417163635296,0.178571
2017-08-25,0.00939542881121276,0.178571
2017-08-28,0.0092854855100609,0.178571
2017-08-29,0.00999144327072813,0.178571
2017-08-30,0.00972984105597004,0.178571
2017-08-31,0.0106662069461707,0.178571
2017-09-01,0.0113161126587357,0.178571
2017-09-02,0.0103359815091787,0.178571
2017-09-03,0.0102259551374158,0.178571
2017-09-05,0.0109184334519744,0.178571
2017-09-06,0.00887085175778265,0.178571
2017-09-08,0.010079145677706,0.178571
2017-09-10,0.00993751533011027,0.178571
2017-09-11,0.0108254744067788,0.178571
2017-09-13,0.010838086634294,0.178571
2017-09-14,0.00999170078382002,0.178571
2017-09-15,0.00897982568472449,0.178571
2017-09-18,0.0100186160507649,0.178571
2017-09-19,0.00946340953481351,0.178571
2017-09-20,0.0097304813326535,0.178571
2017-09-21,0.00954823688413942,0.178571
2017-09-22,0.00984065903870508,0.178571
2017-09-25,0.0090167742367962,0.178571
2017-09-26,0.00884430087391247,0.178571
2017-09-27,0.00868329366296808,0.178571
2017-09-28,0.00929955442321373,0.178571
2017-09-29,0.00934583848966906,0.178571
2017-10-01,0.00888098257379876,0.178571
2017-10-02,0.00867794980010863,0.178571
2017-10-03,0.00824431833130925,0.178571
2017-10-04,0.0089846059043348,0.178571
2017-10-05,0.0098550215375002,0.178571
2017-10-07,0.0100785714938196,0.178571
2017-10-08,0.0097283052648933,0.178571
2017-10-10,0.0104061670428935,0.178571
2017-10-11,0.00921130594963683,0.178571
2017-10-13,0.0183532751667868,0.178571
2017-10-16,0.018089584193702,0.178571
2017-10-17,0.0111853505051746,0.178571
2017-10-18,0.0178110019664447,0.178571
2017-10-19,0.00958501615003336,0.178571
2017-10-20,0.0193359625621966,0.178571
2017-10-23,0.0115675305433392,0.178571
2017-10-24,0.0104152359118874,0.178571
2017-10-25,0.0102259746006816,0.178571
2017-10-27,0.010132574593106,0.178571
2017-10-30,0.0115002566617416,0.178571
2017-10-31,0.0107417065688391,0.178571
2017-11-01,0.0106367002369557,0.178571
2017-11-04,0.0100966531705103,0.178571
2017-11-05,0.0117554621337465,0.178571
2017-11-07,0.0105673003840493,0.178571
2017-11-08,0.0108462107721585,0.178571
2017-11-09,0.00944248956315491,0.178571
2017-11-10,0.0107506753347686,0.178571
2017-11-12,0.0117403218731834,0.178571
2017-11-13,0.0111429640110524,0.178571
2017-11-14,0.011141161678337,0.178571
2017-11-15,0.0200637540805553,0.178571
2017-11-16,0.0108125036884779,0.178571
2017-11-17,0.0104389803127519,0.178571
2017-11-20,0.0106766875579758,0.178571
2017-11-21,0.0176019281993696,0.178571
2017-11-22,0.0172544818295586,0.178571
2017-11-24,0.0215221194020077,0.178571
2017-11-27,0.0184228754829254,0.178571
2017-11-28,0.0105350501957999,0.178571
2017-11-29,0.0103967277550392,0.178571
2017-12-01,0.0113077600822075,0.178571
2017-12-04,0.010091389992292,0.178571
2017-12-05,0.0107724924915253,0.178571
2017-12-06,0.0093637382077514,0.178571
2017-12-07,0.0100437345860372,0.178571
2017-12-09,0.0115132847776159,0.178571
2017-12-10,0.0114375343244671,0.178571
2017-12-12,0.0112514930370881,0.178571
2017-12-13,0.0117015027101953,0.178571
2017-12-14,0.0196358399562775,0.178571
2017-12-15,0.0128965672039559,0.178571
2017-12-18,0.0112956660514085,0.178571
2017-12-19,0.019119328745155,0.178571
2017-12-20,0.0116273656191291,0.178571
2017-12-21,0.0170807953510859,0.178571
2017-12-22,0.010595332934714,0.178571
2017-12-27,0.0163395623812979,0.178571
2017-12-28,0.0103951653767792,0.178571
2017-12-29,0.0111005070078574,0.178571
2018-01-02,0.0112591779166569,0.178571
2018-01-03,0.00993185703159153,0.178571
2018-01-08,0.0104386835383827,0.178571
2018-01-10,0.0110255719383206,0.178571
2018-01-16,0.0107873880469997,0.178571
2018-01-17,0.0118973272459402,0.178571
2018-01-18,0.0181907441510642,0.178571
2018-01-19,0.0106854463422952,0.178571
2018-01-22,0.0104372949590131,0.178571
2018-01-23,0.0105535600386299,0.178571
2018-01-25,0.011348115254554,0.178571
2018-01-26,0.0104440054280584,0.178571
2018-01-29,0.0118490603917006,0.178571
2018-01-30,0.0117060928400444,0.178571
2018-01-31,0.00965893568320321,0.178571
2018-02-02,0.00936652017240952,0.178571
2018-02-03,0.00945682615521407,0.178571
2018-02-05,0.0105522770939181,0.178571
2018-02-07,0.0131367024037677,0.178571
2018-02-08,0.0125753420571341,0.178571
2018-02-10,0.012641617633312,0.178571
2018-02-11,0.0116576065166615,0.178571
2018-02-13,0.0107174914474252,0.178571
2018-02-14,0.0117559713420523,0.178571
2018-02-15,0.0123220855035759,0.178571
2018-02-16,0.0119738424991528,0.178571
2018-02-20,0.0123734006507997,0.178571
2018-02-21,0.0110633466045151,0.178571
2018-02-22,0.0101721295117108,0.178571
2018-02-23,0.0102283028009599,0.178571
2018-02-26,0.010339421104731,0.178571
2018-02-27,0.0106195846841447,0.178571
2018-02-28,0.0102059197967454,0.178571
2018-03-01,0.00939338547648596,0.178571
2018-03-04,0.0102109925133405,0.178571
2018-03-07,0.0108204656079245,0.178571
2018-03-08,0.00903372870451162,0.178571
2018-03-10,0.00975346476110734,0.178571
2018-03-12,0.0106514528478577,0.178571
2018-03-13,0.0107714229078824,0.178571
2018-03-14,0.0104132412165489,0.178571
2018-03-15,0.0107145187367621,0.178571
2018-03-16,0.0101830815986135,0.178571
2018-03-19,0.00975721375651499,0.178571
2018-03-20,0.00980888852360005,0.178571
2018-03-21,0.0094226013357488,0.178571
2018-03-22,0.00890802414585317,0.178571
2018-03-23,0.011234194606108,0.178571
2018-03-26,0.0113427603021734,0.178571
2018-03-27,0.0106554099726718,0.178571
2018-03-28,0.0099290448426091,0.178571
2018-03-29,0.0120677067117168,0.178571
2018-04-01,0.0130600751821484,0.178571
2018-04-04,0.0120809398437417,0.178571
2018-04-05,0.0128559585653813,0.178571
2018-04-06,0.0129618447129384,0.178571
2018-04-09,0.0119797447668986,0.178571
2018-04-10,0.011246844158832,0.178571
2018-04-12,0.00992063346819817,0.178571
2018-04-13,0.012647050390984,0.178571
2018-04-16,0.012215242448335,0.178571
2018-04-17,0.0122097661816856,0.178571
2018-04-18,0.0111078532040178,0.178571
2018-04-19,0.0102600953008187,0.178571
2018-04-20,0.011569256198953,0.178571
2018-04-23,0.0111588450502035,0.178571
2018-04-24,0.0110357925360845,0.178571
2018-04-25,0.0113159680158323,0.178571
2018-04-26,0.0110320644736008,0.178571
2018-04-27,0.0105673318850977,0.178571
2018-04-30,0.0116391070289765,0.178571
2018-05-01,0.011394302766178,0.178571
2018-05-02,0.00937430160976472,0.178571
2018-05-03,0.010958859492343,0.178571
2018-05-04,0.00874582144989349,0.178571
2018-05-06,0.0117115836453745,0.178571
2018-05-07,0.0102756696144863,0.178571
2018-05-09,0.0120659892001983,0.178571
2018-05-10,0.0129350563198886,0.178571
2018-05-11,0.0123578771118475,0.178571
2018-05-14,0.0119430310597312,0.178571
2018-05-15,0.0102834318505123,0.178571
2018-05-16,0.0112428753852043,0.178571
2018-05-17,0.010258721732821,0.178571
2018-05-18,0.00961338458771354,0.178571
2018-05-22,0.0102093979414502,0.178571
2018-05-23,0.00980108557436078,0.178571
2018-05-24,0.010496429197669,0.178571
2018-05-25,0.010049651264432,0.178571
2018-05-29,0.0100945841135456,0.178571
2018-05-30,0.0128941977904452,0.178571
2018-06-02,0.011200059899224,0.178571
2018-06-03,0.0102241065368601,0.178571
2018-06-06,0.0121451910607233,0.178571
2018-06-07,0.0120846674019282,0.178571
2018-06-08,0.011351539031097,0.178571
2018-06-09,0.0098121184286244,0.178571
2018-06-11,0.00985599330507391,0.178571
2018-06-12,0.010345253695521,0.178571
2018-06-13,0.0105694754838455,0.178571
2018-06-14,0.0100074417155357,0.178571
2018-06-15,0.0113805798788019,0.178571
2018-06-18,0.0123322906768703,0.178571
2018-06-19,0.0122951336631871,0.178571
2018-06-20,0.0150209907305326,0.178571
2018-06-21,0.0150038687042011,0.178571
2018-06-22,0.0158850321209269,0.178571
2018-06-25,0.0150321712299375,0.178571
2018-06-26,0.0170280436510074,0.178571
2018-06-27,0.0174072793858093,0.178571
2018-06-28,0.013313294606039,0.178571
2018-06-29,0.013645560122376,0.178571
2018-07-02,0.0135608261492008,0.178571
2018-07-03,0.0117373861394636,0.178571
2018-07-05,0.0118671455534978,0.178571
2018-07-06,0.0119843712668012,0.178571
2018-07-08,0.0151064589722979,0.178571
2018-07-09,0.0141117912902575,0.178571
2018-07-11,0.0142683484502877,0.178571
2018-07-12,0.0145001193856293,0.178571
2018-07-13,0.0141167151199952,0.178571
2018-07-16,0.0136524891960954,0.178571
2018-07-17,0.0130119647427543,0.178571
2018-07-18,0.0145165029652024,0.178571
2018-07-19,0.0138602223830806,0.178571
2018-07-20,0.0120618914081147,0.178571
2018-07-23,0.0134474124335596,0.178571
2018-07-24,0.0131025705148664,0.178571
2018-07-25,0.0139444954101821,0.178571
2018-07-26,0.0125956887599825,0.178571
2018-07-27,0.0110549123860148,0.178571
2018-07-30,0.0125171873653587,0.178571
2018-07-31,0.012336830483419,0.178571
2018-08-01,0.0134770712085194,0.178571
2018-08-02,0.0121755605372945,0.178571
2018-08-03,0.0139140160747562,0.178571
2018-08-05,0.0124012444622263,0.178571
2018-08-06,0.0143216502205843,0.178571
2018-08-08,0.0178170851143406,0.178571
2018-08-10,0.0149593496279811,0.178571
2018-08-11,0.0157511742446833,0.178571
2018-08-13,0.0174630459977979,0.178571
2018-08-14,0.0164155520835119,0.178571
2018-08-16,0.0170674866663038,0.178571
2018-08-17,0.0132557513108878,0.178571
2018-08-20,0.0130649793483159,0.178571
2018-08-21,0.0135632856133966,0.178571
2018-08-22,0.015375013295565,0.178571
2018-08-23,0.0163419709282231,0.178571
2018-08-24,0.0153913389439436,0.178571
2018-08-27,0.0132761340783063,0.178571
2018-08-28,0.012999635807502,0.178571
2018-08-29,0.0163666473427287,0.178571
2018-08-30,0.0138560906420022,0.178571
2018-08-31,0.0158414794277056,0.178571
2018-09-01,0.014987241055309,0.178571
2018-09-02,0.0149898331733781,0.178571
2018-09-03,0.0142452492270324,0.178571
2018-09-05,0.0131114281471162,0.178571
2018-09-07,0.0117842374887589,0.178571
2018-09-08,0.0134618112101435,0.178571
2018-09-10,0.0135496166696233,0.178571
2018-09-11,0.0145725598578973,0.178571
2018-09-13,0.0426549314228456,0.178571
2018-09-14,0.035860963762399,0.178571
2018-09-17,0.0332181090266872,0.178571
2018-09-18,0.0144627605854324,0.178571
2018-09-19,0.0133467243687472,0.178571
2018-09-20,0.0153072064130765,0.178571
2018-09-21,0.0147028713169988,0.178571
2018-09-24,0.0129574547934635,0.178571
2018-09-25,0.0138465025611604,0.178571
2018-09-26,0.0127556111565639,0.178571
2018-09-27,0.0164218951647278,0.178571
2018-09-28,0.0184453410335168,0.178571
2018-10-01,0.0183667371844509,0.178571
2018-10-04,0.0138722050001795,0.178571
2018-10-07,0.0131491393227582,0.178571
2018-10-08,0.0151333804236989,0.178571
2018-10-09,0.0199033614248549,0.178571
2018-10-10,0.0155527537823173,0.178571
2018-10-12,0.0132187264119577,0.178571
2018-10-15,0.0156882227115804,0.178571
2018-10-16,0.0154085998641682,0.178571
2018-10-17,0.018795014996805,0.178571
2018-10-18,0.0196944567389095,0.178571
2018-10-19,0.0178686259888104,0.178571
2018-10-22,0.0251389203051136,0.178571
2018-10-23,0.0124397011351187,0.178571
2018-10-24,0.0491872422977711,0.178571
2018-10-25,0.0121164595606217,0.178571
2018-10-29,0.01219259583516,0.178571
2018-10-30,0.011804953336067,0.178571
2018-10-31,0.0106127914328414,0.178571
2018-11-01,0.0108636747723026,0.178571
2018-11-04,0.0108059813408101,0.178571
2018-11-05,0.0120532193572823,0.178571
2018-11-06,0.0125655162631823,0.178571
2018-11-07,0.0118673736131094,0.178571
2018-11-09,0.012220862325968,0.178571
2018-11-10,0.0116096159910786,0.178571
2018-11-12,0.0129933405663543,0.178571
2018-11-13,0.012785704450739,0.178571
2018-11-14,0.0124989693485151,0.178571
2018-11-15,0.0120855836864083,0.178571
2018-11-16,0.0106859173847307,0.178571
2018-11-19,0.00973404765028913,0.178571
2018-11-20,0.00954482362854757,0.178571
2018-11-21,0.00982858105522362,0.178571
2018-11-23,0.00958010755159401,0.178571
2018-11-26,0.00937621918142151,0.178571
2018-11-27,0.0100442761275556,0.178571
2018-11-28,0.00947066239139112,0.178571
2018-11-29,0.00922372608215304,0.178571
2018-12-01,0.00967398731519485,0.178571
2018-12-02,0.0124575188202,0.178571
2018-12-03,0.0117317663084251,0.178571
2018-12-04,0.0113315804688346,0.178571
2018-12-06,0.0114277447922732,0.178571
2018-12-07,0.0123676302735426,0.178571
2018-12-09,0.0114136832323228,0.178571
2018-12-10,0.0115014989733297,0.178571
2018-12-12,0.011437331795793,0.178571
2018-12-13,0.0117256643180786,0.178571
2018-12-14,0.0119012995065907,0.178571
2018-12-17,0.011682831053578,0.178571
2018-12-18,0.0124281995240153,0.178571
2018-12-19,0.00877094138209464,0.178571
2018-12-20,0.0102422855310122,0.178571
2018-12-21,0.0108998215321339,0.178571
2018-12-27,0.0118783064211228,0.178571
2018-12-28,0.0126877439816141,0.178571
2019-01-02,0.0122135772286368,0.178571
2019-01-03,0.011571769218141,0.178571
2019-01-04,0.011385349780103,0.178571
2019-01-07,0.0116020478369007,0.178571
2019-01-08,0.0111150526584686,0.178571
2019-01-10,0.0115169403888005,0.178571
2019-01-14,0.0126589462755747,0.178571
2019-01-15,0.015343220292864,0.178571
2019-01-16,0.0154247272797606,0.178571
2019-01-17,0.0146241601583662,0.178571
2019-01-18,0.0135616030084057,0.178571
2019-01-22,0.0131389818412886,0.178571
2019-01-23,0.0117649062368557,0.178571
2019-01-25,0.0140325386689846,0.178571
2019-01-28,0.0179733839755521,0.178571
2019-01-29,0.0148314153100977,0.178571
2019-01-30,0.0146139401602275,0.178571
2019-01-31,0.0157488194510552,0.178571
2019-02-04,0.0150162984900468,0.178571
2019-02-05,0.0143749416798616,0.178571
2019-02-07,0.0145694726791436,0.178571
2019-02-08,0.0159928478038316,0.178571
2019-02-10,0.0141482873780214,0.178571
2019-02-12,0.0152143181430686,0.178571
2019-02-13,0.015592186314695,0.178571
2019-02-14,0.017367579776747,0.178571
2019-02-15,0.0157075815208556,0.178571
2019-02-19,0.0144609177227951,0.178571
2019-02-20,0.0143643615093864,0.178571
2019-02-21,0.0126909968091511,0.178571
2019-02-22,0.0131554748969762,0.178571
2019-02-25,0.0131531805539118,0.178571
2019-02-26,0.0142690383247487,0.178571
2019-02-27,0.0141990828648174,0.178571
2019-02-28,0.0128378410922982,0.178571
2019-03-01,0.0169896395754496,0.178571
2019-03-04,0.0178572578582736,0.178571
2019-03-06,0.0135123425127085,0.178571
2019-03-07,0.0128771491027747,0.178571
2019-03-09,0.0139479328443122,0.178571
2019-03-10,0.0128351517851673,0.178571
2019-03-12,0.0121978530778014,0.178571
2019-03-13,0.0121024602654164,0.178571
2019-03-14,0.0117660076859293,0.178571
2019-03-15,0.0114208709268912,0.178571
2019-03-18,0.0111522048970888,0.178571
2019-03-19,0.0113417882977648,0.178571
2019-03-20,0.0114965987516366,0.178571
2019-03-21,0.0128607770885345,0.178571
2019-03-22,0.0143704520281315,0.178571
2019-03-26,0.0139660947580003,0.178571
2019-03-27,0.0144686464238675,0.178571
2019-03-28,0.011558563120667,0.178571
2019-03-29,0.0148627109512736,0.178571
2019-04-01,0.0147470393525071,0.178571
2019-04-02,0.0161976841566213,0.178571
2019-04-03,0.0191009186233531,0.178571
2019-04-04,0.0183402220775706,0.178571
2019-04-06,0.0170690558644262,0.178571
2019-04-09,0.0153332277083687,0.178571
2019-04-10,0.0165115830523398,0.178571
2019-04-11,0.0166406632749182,0.178571
2019-04-12,0.0169837476985551,0.178571
2019-04-15,0.0167512604333065,0.178571
2019-04-16,0.0160018481037869,0.178571
2019-04-17,0.0170814366092147,0.178571
2019-04-18,0.0161185208530787,0.178571
2019-04-23,0.0167100874565862,0.178571
2019-04-24,0.0174594922709979,0.178571
2019-04-25,0.018967711868408,0.178571
2019-04-30,0.0173435128452687,0.178571
2019-05-02,0.0181205531418778,0.178571
2019-05-03,0.0187055624304995,0.178571
2019-05-04,0.0181513204222289,0.178571
2019-05-06,0.0217301033605031,0.178571
2019-05-07,0.0200080695511074,0.178571
2019-05-08,0.0246065485619997,0.178571
2019-05-09,0.0215894220522931,0.178571
2019-05-11,0.0264852343842542,0.178571
2019-05-12,0.0265463005033891,0.178571
2019-05-13,0.0268899612630071,0.178571
2019-05-14,0.0264544067235848,0.178571
2019-05-15,0.0308128192617567,0.178571
2019-05-16,0.026803309412852,0.178571
2019-05-17,0.0211525950046279,0.178571
2019-05-20,0.0216806249444169,0.178571
2019-05-21,0.024655480854687,0.178571
2019-05-22,0.0168489633059399,0.178571
2019-05-23,0.0180144184300562,0.178571
2019-05-24,0.0180612937054128,0.178571
2019-05-28,0.0173101883680907,0.178571
2019-05-29,0.0167746471115852,0.178571
2019-05-30,0.0159424657770595,0.178571
2019-05-31,0.0143502724152349,0.178571
2019-06-02,0.0160050711465368,0.178571
2019-06-03,0.0161071130513521,0.178571
2019-06-05,0.0173919389947942,0.178571
2019-06-06,0.0168228949810895,0.178571
2019-06-08,0.0108022291467371,0.178571
2019-06-09,0.0144895525478004,0.178571
2019-06-11,0.0130563424546353,0.178571
2019-06-12,0.0137352133898322,0.178571
2019-06-13,0.0140885646609508,0.178571
2019-06-14,0.0161592737508653,0.178571
2019-06-18,0.0173521755443784,0.178571
2019-06-19,0.0139215089878533,0.178571
2019-06-21,0.0131483875994359,0.178571
2019-06-24,0.0147605057506612,0.178571
2019-06-25,0.0127271037333888,0.178571
2019-06-26,0.013773154157289,0.178571
2019-06-27,0.0139694521114672,0.178571
2019-06-28,0.0123956609546209,0.178571
2019-07-01,0.0143398627043246,0.178571
2019-07-02,0.0130588058860882,0.178571
2019-07-03,0.0142293595273618,0.178571
2019-07-05,0.0120134155926021,0.178571
2019-07-06,0.0128987936377161,0.178571
2019-07-08,0.0110911068797076,0.178571
2019-07-10,0.0113404637032909,0.178571
2019-07-11,0.0117452214878157,0.178571
2019-07-15,0.0112301743971703,0.178571
2019-07-16,0.0107642314672125,0.178571
2019-07-17,0.0109398633710512,0.178571
2019-07-18,0.0111862134776765,0.178571
2019-07-19,0.0135488099168049,0.178571
2019-07-22,0.0110305924613826,0.178571
2019-07-23,0.0127687424204326,0.178571
2019-07-24,0.0122520266681444,0.178571
2019-07-25,0.0117442001441912,0.178571
2019-07-26,0.0116005375397717,0.178571
2019-07-29,0.0122129560929803,0.178571
2019-07-30,0.0119394722785533,0.178571
2019-07-31,0.0122320839530107,0.178571
2019-08-01,0.0115945705478391,0.178571
2019-08-02,0.0130130936924941,0.178571
2019-08-03,0.0111680253929502,0.178571
2019-08-04,0.0130999598924643,0.178571
2019-08-05,0.0104571309297879,0.178571
2019-08-07,0.011087403754805,0.178571
2019-08-08,0.0127197064757414,0.178571
2019-08-10,0.0119118946131485,0.178571
2019-08-11,0.0112849223702394,0.178571
2019-08-13,0.0133787103827419,0.178571
2019-08-14,0.0137644454097058,0.178571
2019-08-16,0.0131687107636242,0.178571
2019-08-19,0.0124188636543599,0.178571
2019-08-20,0.0139366447720578,0.178571
2019-08-21,0.0142455374464551,0.178571
2019-08-22,0.0128778831737935,0.178571
2019-08-23,0.0107019014020639,0.178571
2019-08-26,0.0106055599600939,0.178571
2019-08-27,0.0108060287852666,0.178571
2019-08-28,0.0109379311654109,0.178571
2019-08-29,0.0104751403452518,0.178571
2019-08-30,0.0102708237161076,0.178571
2019-09-01,0.0108237451560468,0.178571
2019-09-04,0.0103683775967686,0.178571
2019-09-05,0.0124363124472627,0.178571
2019-09-07,0.0464367543647398,0.178571
2019-09-08,0.045503339473338,0.178571
2019-09-09,0.0117190351007122,0.178571
2019-09-10,0.0106894709725159,0.178571
2019-09-12,0.010877834794141,0.178571
2019-09-13,0.0102340051132232,0.178571
2019-09-16,0.0104337540367171,0.178571
2019-09-17,0.010982979480093,0.178571
2019-09-18,0.00939040699500304,0.178571
2019-09-19,0.00984230068380397,0.178571
2019-09-20,0.0098786176216297,0.178571
2019-09-23,0.00968789283668469,0.178571
2019-09-24,0.00935444422164451,0.178571
2019-09-25,0.0117547803258461,0.178571
2019-09-26,0.0108629092066489,0.178571
2019-09-27,0.0114699371957173,0.178571
2019-09-30,0.0112596696223121,0.178571
2019-10-01,0.0114633988859291,0.178571
2019-10-04,0.0138766363364806,0.178571
2019-10-05,0.0124357567112816,0.178571
2019-10-07,0.0119880921960959,0.178571
2019-10-09,0.0109102155012384,0.178571
2019-10-10,0.011248734030274,0.178571
2019-10-12,0.0105857361516244,0.178571
2019-10-14,0.010019996473592,0.178571
2019-10-15,0.0106169362538998,0.178571
2019-10-16,0.0108939994880374,0.178571
2019-10-17,0.0108773363237833,0.178571
2019-10-18,0.0110051429335797,0.178571
2019-10-21,0.01174657191072,0.178571
2019-10-22,0.0109018045732164,0.178571
2019-10-23,0.0105725574583767,0.178571
2019-10-24,0.0110067541273987,0.178571
2019-10-25,0.0108306375032468,0.178571
2019-10-29,0.0103310932179581,0.178571
2019-10-30,0.0107674458112601,0.178571
2019-10-31,0.0119226467289142,0.178571
2019-11-01,0.0146505921068758,0.178571
2019-11-02,0.0121125171195297,0.178571
2019-11-04,0.016940136416108,0.178571
2019-11-06,0.0157954945370078,0.178571
2019-11-07,0.0162633611189262,0.178571
2019-11-09,0.0154872947576162,0.178571
2019-11-10,0.0167976224499978,0.178571
2019-11-12,0.0471075575487631,0.178571
2019-11-13,0.0160365013032893,0.178571
2019-11-14,0.0167341308861937,0.178571
2019-11-15,0.0139266635008802,0.178571
2019-11-18,0.0147561188803301,0.178571
2019-11-19,0.0120108818314982,0.178571
2019-11-20,0.0130218947450915,0.178571
2019-11-21,0.0130725160644186,0.178571
2019-11-22,0.0126696109467204,0.178571
2019-11-25,0.012596361981359,0.178571
2019-11-26,0.0116252040905199,0.178571
2019-11-27,0.0115391527870271,0.178571
2019-11-29,0.011941017106663,0.178571
2019-12-02,0.011724709345199,0.178571
2019-12-03,0.0119598682020388,0.178571
2019-12-04,0.0117047805247545,0.178571
2019-12-06,0.0146759827905508,0.178571
2019-12-07,0.0119743889470013,0.178571
2019-12-08,0.0147911600868975,0.178571
2019-12-09,0.015408511710471,0.178571
2019-12-11,0.01650681927676,0.178571
2019-12-12,0.017100093738233,0.178571
2019-12-13,0.0127594952512712,0.178571
2019-12-16,0.0114073875677224,0.178571
2019-12-17,0.0132442726827829,0.178571
2019-12-18,0.0139127685597825,0.178571
2019-12-19,0.0134675306963832,0.178571
2019-12-20,0.0172724508444359,0.178571
2019-12-23,0.0143786395605824,0.178571
2019-12-27,0.0135755602852057,0.178571
2019-12-30,0.0133176858376656,0.178571
2020-01-04,0.0148152383208159,0.178571
2020-01-07,0.0227084950684756,0.178571
2020-01-09,0.0186818394579939,0.178571
2020-01-10,0.0176710353815354,0.178571
2020-01-13,0.0161430317098311,0.178571
2020-01-14,0.0148385170974678,0.178571
2020-01-15,0.015093520407841,0.178571
2020-01-16,0.0140567326170943,0.178571
2020-01-17,0.0157181931251172,0.178571
2020-01-21,0.0154762132563359,0.178571
2020-01-22,0.014863840846763,0.178571
2020-01-23,0.0139186181989109,0.178571
2020-01-27,0.0147762434303156,0.178571
2020-01-28,0.0119533074055003,0.178571
2020-01-29,0.0119675270805659,0.178571
2020-01-30,0.0119260138920553,0.178571
2020-01-31,0.0134356078048256,0.178571
2020-02-04,0.0127556174683,0.178571
2020-02-06,0.0116634270614003,0.178571
2020-02-07,0.0119254342244765,0.178571
2020-02-09,0.0146810842942813,0.178571
2020-02-10,0.0134473167465406,0.178571
2020-02-11,0.0141936155695875,0.178571
2020-02-12,0.0186594060129436,0.178571
2020-02-13,0.0175941284815866,0.178571
2020-02-14,0.0186847437770908,0.178571
2020-02-18,0.0199634043907663,0.178571
2020-02-19,0.0180438378289484,0.178571
2020-02-20,0.0181375856328486,0.178571
2020-02-21,0.0181958426423255,0.178571
2020-02-24,0.0177214600556648,0.178571
2020-02-25,0.0175616811143085,0.178571
2020-02-26,0.016172454494803,0.178571
2020-02-27,0.0201521632572271,0.178571
2020-02-28,0.0204414824277052,0.178571
2020-03-01,0.0224914313697886,0.178571
2020-03-02,0.0197129353806658,0.178571
2020-03-03,0.0213774876519064,0.178571
2020-03-04,0.0144665633877898,0.178571
2020-03-06,0.0183807704889221,0.178571
2020-03-08,0.0184057592229535,0.178571
2020-03-09,0.0163704638629034,0.178571
2020-03-11,0.0181377211780831,0.178571
2020-03-12,0.0203632721873972,0.178571
2020-03-13,0.0211528165064996,0.178571
2020-03-16,0.016522857570074,0.178571
2020-03-17,0.0279892280407699,0.178571
2020-03-18,0.0208512555880622,0.178571
2020-03-19,0.0260153269957359,0.178571
2020-03-20,0.0235453352529877,0.178571
2020-03-23,0.0205064532573228,0.178571
2020-03-24,0.0297632636194716,0.178571
2020-03-26,0.0217434919795529,0.178571
2020-03-27,0.045550732862124,0.178571
2020-03-30,0.0342202109269272,0.178571
2020-03-31,0.0377714356522,0.178571
2020-04-02,0.0324555090158208,0.178571
2020-04-03,0.0345658970878623,0.178571
2020-04-05,0.0345482251172014,0.178571
2020-04-06,0.0337284760915041,0.178571
2020-04-08,0.0442950021841689,0.178571
2020-04-09,0.0451941306843933,0.178571
2020-04-11,0.0446569001714237,0.178571
2020-04-12,0.0437429185025557,0.178571
2020-04-14,0.0398718628432849,0.178571
2020-04-15,0.0466886095196069,0.178571
2020-04-16,0.0337618699014002,0.178571
2020-04-21,0.0355088994183197,0.178571
2020-04-22,0.0372284779378967,0.178571
2020-04-23,0.0293734001315119,0.178571
2020-04-24,0.0288384598278249,0.178571
2020-04-27,0.0300802732944514,0.178571
2020-04-28,0.0296307370518086,0.178571
2020-04-29,0.0278954113745376,0.178571
2020-04-30,0.0278127357607446,0.178571
2020-05-02,0.0258512788993733,0.178571
2020-05-03,0.0300459999019588,0.178571
2020-05-05,0.0292964524890231,0.178571
2020-05-06,0.0265316131090307,0.178571
2020-05-08,0.0283518779856453,0.178571
2020-05-10,0.03184590515489,0.178571
2020-05-11,0.0331388389500859,0.178571
2020-05-13,0.0341412597650162,0.178571
2020-05-14,0.0240037335437073,0.178571
2020-05-15,0.0264041813230534,0.178571
2020-05-18,0.0262859074738979,0.178571
2020-05-19,0.0328983999651672,0.178571
2020-05-20,0.0331236623962729,0.178571
2020-05-21,0.0271612325781221,0.178571
2020-05-22,0.0290016052116047,0.178571
2020-05-26,0.0344044539524452,0.178571
2020-05-27,0.0301485362764452,0.178571
2020-05-28,0.0330965290599778,0.178571
2020-05-29,0.0340382735307443,0.178571
2020-06-02,0.0330852588970019,0.178571
2020-06-03,0.032627863709553,0.178571
2020-06-04,0.0360524879643318,0.178571
2020-06-05,0.0282635512064234,0.178571
2020-06-07,0.0360173390059934,0.178571
2020-06-08,0.0273582709072166,0.178571
2020-06-10,0.0295682321120626,0.178571
2020-06-11,0.0346373913811825,0.178571
2020-06-15,0.0337724043597271,0.178571
2020-06-16,0.0302484540014107,0.178571
2020-06-17,0.0297113557884516,0.178571
2020-06-18,0.0328666899767943,0.178571
2020-06-19,0.0373975387670032,0.178571
2020-06-22,0.0369498840575292,0.178571
2020-06-23,0.0374544221519411,0.178571
2020-06-24,0.0380753190145721,0.178571
2020-06-25,0.0315857559058846,0.178571
2020-06-26,0.0317957459219761,0.178571
2020-06-29,0.0357069089573652,0.178571
2020-06-30,0.0358457259217784,0.178571
2020-07-01,0.0350693958116464,0.178571
2020-07-02,0.0362977135719201,0.178571
2020-07-04,0.0351898467766792,0.178571
2020-07-05,0.0357799666866742,0.178571
2020-07-07,0.0372359441771795,0.178571
2020-07-08,0.0378823050081548,0.178571
2020-07-10,0.044850930389001,0.178571
2020-07-12,0.0457318694682526,0.178571
2020-07-13,0.0475591797535416,0.178571
2020-07-14,0.0391038346163825,0.178571
2020-07-15,0.0414376332074332,0.178571
2020-07-16,0.0387592136708759,0.178571
2020-07-17,0.0512022742358983,0.178571
2020-07-20,0.044952361347215,0.178571
2020-07-21,0.0472606547238461,0.178571
2020-07-22,0.0453208982080607,0.178571
2020-07-23,0.0419582186529825,0.178571
2020-07-24,0.0416850862516928,0.178571
2020-07-27,0.0451766194946206,0.178571
2020-07-28,0.0470784024126142,0.178571
2020-07-29,0.0463397109180389,0.178571
2020-07-30,0.050351264881823,0.178571
2020-07-31,0.0346131647762155,0.178571
2020-08-01,0.0362841147582835,0.178571
2020-08-04,0.0338315872213222,0.178571
2020-08-05,0.0354149731094077,0.178571
2020-08-07,0.0323867594240667,0.178571
2020-08-09,0.0365203087445879,0.178571
2020-08-10,0.0288780628931386,0.178571
2020-08-12,0.0301583304384844,0.178571
2020-08-13,0.0294159545714721,0.178571
2020-08-14,0.0277003390856688,0.178571
2020-08-17,0.0352675014920457,0.178571
2020-08-18,0.0290645259485445,0.178571
2020-08-19,0.0313069414036417,0.178571
2020-08-20,0.0316457647347631,0.178571
2020-08-21,0.0328277160943387,0.178571
2020-08-24,0.0322941030662022,0.178571
2020-08-25,0.0296034998992259,0.178571
2020-08-26,0.0266867694463641,0.178571
2020-08-27,0.0265805866955512,0.178571
2020-08-28,0.0308663005837392,0.178571
2020-08-31,0.0251125929982331,0.178571
2020-09-01,0.0267624299174943,0.178571
2020-09-03,0.0262808805589937,0.178571
2020-09-04,0.0458267846004982,0.178571
2020-09-06,0.0440413381311631,0.178571
2020-09-07,0.0366665847246569,0.178571
2020-09-09,0.0333973093426488,0.178571
2020-09-10,0.0356415664360447,0.178571
2020-09-11,0.0359456593796876,0.178571
2020-09-12,0.0353435361865716,0.178571
2020-09-14,0.0407144530849937,0.178571
2020-09-15,0.0347019760341325,0.178571
2020-09-16,0.0342635532743056,0.178571
2020-09-17,0.0337556799069007,0.178571
2020-09-18,0.0323336478677675,0.178571
2020-09-21,0.0329151523505806,0.178571
2020-09-22,0.0310161828608773,0.178571
2020-09-23,0.0303702731244981,0.178571
2020-09-24,0.0314727872126472,0.178571
2020-09-25,0.0295538448499531,0.178571
2020-09-28,0.0237930245674442,0.178571
2020-09-29,0.0215060115419299,0.178571
2020-09-30,0.021348289004115,0.178571
2020-10-01,0.020249436865608,0.178571
2020-10-02,0.026086055261689,0.178571
2020-10-03,0.0303488611633954,0.178571
2020-10-06,0.0366270616995584,0.178571
2020-10-07,0.0369090657593647,0.178571
2020-10-08,0.0280882538122694,0.178571
2020-10-09,0.0231812059050852,0.178571
2020-10-11,0.0200208562174025,0.178571
2020-10-12,0.0224943388052869,0.178571
2020-10-13,0.0262076188266671,0.178571
2020-10-14,0.0263167403844465,0.178571
2020-10-15,0.0221203525562138,0.178571
2020-10-16,0.0195458960028516,0.178571
2020-10-19,0.0211660304141718,0.178571
2020-10-20,0.0275557019611126,0.178571
2020-10-21,0.0263064397130972,0.178571
2020-10-22,0.0237195651658016,0.178571
2020-10-23,0.0280739949415835,0.178571
2020-10-27,0.0264553039965846,0.178571
2020-10-29,0.0268028579259704,0.178571
2020-10-30,0.0295295510939783,0.178571
2020-11-02,0.021154397509536,0.178571
2020-11-03,0.0262774871266111,0.178571
2020-11-05,0.0259042810724359,0.178571
2020-11-08,0.0273391535563264,0.178571
2020-11-09,0.0237995498487161,0.178571
2020-11-12,0.0258193159479233,0.178571
2020-11-13,0.0250340949854026,0.178571
2020-11-16,0.0223666893940059,0.178571
2020-11-17,0.0296997383965361,0.178571
2020-11-18,0.0273758778180803,0.178571
2020-11-19,0.0273261789029547,0.178571
2020-11-20,0.0257929633815746,0.178571
2020-11-23,0.0275239875495898,0.178571
2020-11-24,0.0223650895333074,0.178571
2020-11-25,0.028501151179872,0.178571
2020-11-27,0.0200576948348573,0.178571
2020-12-02,0.0244488816460488,0.178571
2020-12-03,0.024013792263583,0.178571
2020-12-05,0.03040187050532,0.178571
2020-12-06,0.03461932094739,0.178571
2020-12-08,0.0286580911869734,0.178571
2020-12-10,0.0289463147654575,0.178571
2020-12-11,0.0287815947108707,0.178571
2020-12-14,0.031672934703932,0.178571
2020-12-15,0.0298923102714105,0.178571
2020-12-16,0.0324873823420438,0.178571
2020-12-17,0.0315685001745543,0.178571
2020-12-18,0.034136370757791,0.178571
2020-12-21,0.0294247714536151,0.178571
2020-12-22,0.0273433782030485,0.178571
2020-12-23,0.0289998559757022,0.178571
2020-12-28,0.0281408213436756,0.178571
2020-12-29,0.0292340264207454,0.178571
2020-12-30,0.0282414643433577,0.178571
2021-01-02,0.0274918694049264,0.178571
2021-01-03,0.0327707349108317,0.178571
2021-01-04,0.0330623829414467,0.178571
2021-01-07,0.0361309234468658,0.178571
2021-01-09,0.0389271519897182,0.178571
2021-01-10,0.0361942217539439,0.178571
2021-01-13,0.0383290029324502,0.178571
2021-01-14,0.0388124599773266,0.178571
2021-01-15,0.0421470070241066,0.178571
2021-01-19,0.0384099896257214,0.178571
2021-01-20,0.0384062841971884,0.178571
2021-01-21,0.0375424684697286,0.178571
2021-01-22,0.0466637849504054,0.178571
2021-01-25,0.0423809131870979,0.178571
2021-01-26,0.0262956471900636,0.178571
2021-01-27,0.0243860974006649,0.178571
2021-01-28,0.0252225611081997,0.178571
2021-01-29,0.0240194611966278,0.178571
2021-02-02,0.0271603690787493,0.178571
2021-02-03,0.0221131220453728,0.178571
2021-02-06,0.0256381057680753,0.178571
2021-02-07,0.0228730517978153,0.178571
2021-02-08,0.0205496749636966,0.178571
2021-02-09,0.0190504522154785,0.178571
2021-02-11,0.0248203194281851,0.178571
2021-02-12,0.0212954282660085,0.178571
2021-02-16,0.0221683364002442,0.178571
2021-02-17,0.0286892268060809,0.178571
2021-02-18,0.0212310949285431,0.178571
2021-02-19,0.0216442946127899,0.178571
2021-02-22,0.0192076847023044,0.178571
2021-02-23,0.0246449154187477,0.178571
2021-02-24,0.0249733615149696,0.178571
2021-02-25,0.0206238084589578,0.178571
2021-02-26,0.0216841095453009,0.178571
2021-03-02,0.0184903233846009,0.178571
2021-03-03,0.0182058844434718,0.178571
2021-03-08,0.0177906233859827,0.178571
2021-03-09,0.0203290354259859,0.178571
2021-03-11,0.022217617956061,0.178571
2021-03-12,0.0268830192723577,0.178571
2021-03-16,0.0215479901665289,0.178571
2021-03-17,0.0206478135276765,0.178571
2021-03-18,0.0214516084918082,0.178571
2021-03-19,0.0186346296216746,0.178571
2021-03-22,0.0183940117274724,0.178571
2021-03-23,0.0174778536235181,0.178571
2021-03-24,0.0210821436158973,0.178571
2021-03-26,0.0210637352953917,0.178571
2021-03-29,0.0202465807733614,0.178571
2021-03-30,0.0181935038018631,0.178571
2021-03-31,0.0174955705465128,0.178571
2021-04-01,0.0167115984539871,0.178571
2021-04-02,0.0209126255539113,0.178571
2021-04-03,0.0179803662051127,0.178571
2021-04-06,0.0191860398226271,0.178571
2021-04-08,0.0203379755994203,0.178571
2021-04-10,0.0309395030758618,0.178571
2021-04-11,0.0236327212453307,0.178571
2021-04-13,0.0242976489157602,0.178571
2021-04-14,0.0281382059183841,0.178571
2021-04-15,0.0279788355032054,0.178571
2021-04-16,0.0271721223301654,0.178571
2021-04-19,0.027115311277887,0.178571
2021-04-20,0.0238452134691476,0.178571
2021-04-21,0.0182662118991886,0.178571
2021-04-22,0.0218893619275448,0.178571
2021-04-23,0.0258164940781189,0.178571
2021-04-26,0.0236631960401839,0.178571
2021-04-27,0.0217818671870301,0.178571
2021-04-28,0.0215493428760304,0.178571
2021-04-29,0.018770116800708,0.178571
2021-05-01,0.0176288844656542,0.178571
2021-05-02,0.013785031220667,0.178571
2021-05-03,0.0112272304613747,0.178571
2021-05-05,0.0113418173286595,0.178571
2021-05-08,0.0116639662438602,0.178571
2021-05-10,0.0122538728531155,0.178571
2021-05-11,0.0119497690583169,0.178571
2021-05-13,0.0135146691973934,0.178571
2021-05-14,0.012074097474577,0.178571
2021-05-17,0.0123877130321987,0.178571
2021-05-18,0.0116450945261194,0.178571
2021-05-19,0.0108119949233414,0.178571
2021-05-20,0.0111002657634362,0.178571
2021-05-21,0.0103732286268833,0.178571
2021-05-25,0.0119524060209321,0.178571
2021-05-26,0.0118931435493627,0.178571
2021-05-27,0.0123005082213581,0.178571
2021-05-28,0.0122699132045668,0.178571
2021-06-04,0.0126884519353748,0.178571
2021-06-05,0.0125138011307909,0.178571
2021-06-07,0.0131490805322493,0.178571
2021-06-08,0.0134536793706405,0.178571
2021-06-10,0.0130571239803006,0.178571
2021-06-12,0.0141810363758105,0.178571
2021-06-14,0.0140116301028179,0.178571
2021-06-15,0.0147202333322261,0.178571
2021-06-16,0.0141904250679925,0.178571
2021-06-17,0.0145416902252603,0.178571
2021-06-18,0.0141325820483437,0.178571
2021-06-22,0.0150560803416445,0.178571
2021-06-23,0.0149460382666962,0.178571
2021-06-24,0.0146058483961415,0.178571
2021-06-25,0.0155409936537337,0.178571
2021-06-28,0.0132264284942188,0.178571
2021-06-29,0.0135987880707294,0.178571
2021-06-30,0.013447340161384,0.178571
2021-07-01,0.013409716606671,0.178571
2021-07-04,0.0126475585034288,0.178571
2021-07-05,0.0140632381524715,0.178571
2021-07-06,0.0132886731167798,0.178571
2021-07-07,0.0130472626942279,0.178571
2021-07-09,0.0135485020271042,0.178571
2021-07-10,0.0135248843288902,0.178571
2021-07-12,0.0135287465263287,0.178571
2021-07-13,0.0132184786766217,0.178571
2021-07-14,0.0121628661377378,0.178571
2021-07-15,0.0122286255536546,0.178571
2021-07-16,0.0133121673864259,0.178571
2021-07-19,0.0135581609358382,0.178571
2021-07-20,0.0140377261039629,0.178571
2021-07-21,0.0134749424781547,0.178571
2021-07-22,0.0153828500911626,0.178571
2021-07-23,0.0140009837035058,0.178571
2021-07-26,0.013470448863968,0.178571
2021-07-27,0.0140752337408756,0.178571
2021-07-28,0.0140774107642599,0.178571
2021-07-29,0.0137242397978867,0.178571
2021-07-30,0.0146768143473616,0.178571
2021-08-01,0.0138366827130542,0.178571
2021-08-02,0.0128492303689758,0.178571
2021-08-03,0.0130682057591372,0.178571
2021-08-04,0.0133416346132056,0.178571
2021-08-06,0.0144935447450977,0.178571
2021-08-07,0.0124823372944259,0.178571
2021-08-09,0.0123518036443145,0.178571
2021-08-10,0.0121316062817605,0.178571
2021-08-11,0.0159917722990988,0.178571
2021-08-12,0.0140626896434461,0.178571
2021-08-13,0.0132024013079534,0.178571
2021-08-16,0.0152948792781935,0.178571
2021-08-17,0.0154912387194565,0.178571
2021-08-18,0.0152982428959843,0.178571
2021-08-19,0.0135703118672666,0.178571
2021-08-20,0.0154575929230642,0.178571
2021-08-23,0.0152493891271859,0.178571
2021-08-24,0.0151527030788195,0.178571
2021-08-25,0.0133694038364603,0.178571
2021-08-26,0.0143942934087374,0.178571
2021-08-27,0.0125954718766753,0.178571
2021-08-30,0.014689695975459,0.178571
2021-08-31,0.012492063348602,0.178571
2021-09-02,0.0127908337228885,0.178571
2021-09-03,0.013750983102446,0.178571
2021-09-04,0.0130532897435274,0.178571
2021-09-06,0.013460322426247,0.178571
2021-09-07,0.0124285855494801,0.178571
2021-09-08,0.0125938049311484,0.178571
2021-09-09,0.0127242223147163,0.178571
2021-09-11,0.013018823065412,0.178571
2021-09-12,0.0144991980545135,0.178571
2021-09-13,0.0166051729279493,0.178571
2021-09-14,0.0170466334774821,0.178571
2021-09-15,0.016895818399287,0.178571
2021-09-16,0.0148055822147398,0.178571
2021-09-17,0.0168335491836273,0.178571
2021-09-20,0.0161146740830645,0.178571
2021-09-21,0.016776804952465,0.178571
2021-09-22,0.01425951795594,0.178571
2021-09-23,0.0165962845866845,0.178571
2021-09-24,0.016573534649363,0.178571
2021-09-27,0.0175766516276484,0.178571
2021-09-28,0.0176618959681588,0.178571
2021-09-29,0.0171121932999179,0.178571
2021-09-30,0.0172335649403337,0.178571
2021-10-02,0.0141428941943858,0.178571
2021-10-03,0.0148403828589791,0.178571
2021-10-05,0.0148431541261952,0.178571
2021-10-06,0.0195075365952667,0.178571
2021-10-08,0.0166419868893802,0.178571
2021-10-09,0.0165176694593757,0.178571
2021-10-11,0.0141647710170728,0.178571
2021-10-12,0.0145210658712101,0.178571
2021-10-13,0.013081844635292,0.178571
2021-10-14,0.0154361309718642,0.178571
2021-10-15,0.0127709194007868,0.178571
2021-10-18,0.0145500535232528,0.178571
2021-10-19,0.0182169644672219,0.178571
2021-10-20,0.016168816832446,0.178571
2021-10-21,0.0187352403509879,0.178571
2021-10-22,0.0129570800548905,0.178571
2021-10-25,0.0134831984467528,0.178571
2021-10-27,0.0147611034728504,0.178571
2021-10-29,0.0136751639932859,0.178571
2021-11-01,0.0131662687408376,0.178571
2021-11-02,0.0137257812909488,0.178571
2021-11-03,0.0134170159852018,0.178571
2021-11-05,0.0111083172084043,0.178571
2021-11-06,0.0114590662886236,0.178571
2021-11-08,0.0124860085503104,0.178571
2021-11-10,0.0120260015411613,0.178571
2021-11-15,0.0124818916351784,0.178571
2021-11-16,0.00971073567618458,0.178571
2021-11-17,0.0126814794915905,0.178571
2021-11-18,0.00960543258927892,0.178571
2021-11-19,0.0112911080873451,0.178571
2021-11-22,0.0122150579743413,0.178571
2021-11-23,0.0104894181304211,0.178571
2021-11-24,0.00901501393552211,0.178571
2021-11-26,0.0108312301257709,0.178571
2021-11-29,0.0169461751636412,0.178571
2021-12-01,0.0143524891573572,0.178571
2021-12-02,0.0140378381337172,0.178571
2021-12-03,0.013847652811643,0.178571
2021-12-04,0.0134390681327268,0.178571
2021-12-05,0.0192043936602535,0.178571
2021-12-07,0.0139365447054272,0.178571
2021-12-08,0.0154829737412342,0.178571
2021-12-10,0.0144608858895585,0.178571
2021-12-11,0.0195398310691945,0.178571
2021-12-13,0.0154179260661172,0.178571
2021-12-14,0.0132753952646189,0.178571
2021-12-15,0.0170743220958522,0.178571
2021-12-16,0.0164855451913528,0.178571
2021-12-17,0.0127438080119189,0.178571
2021-12-20,0.0152719540905873,0.178571
2021-12-21,0.0158868439936116,0.178571
2021-12-22,0.0191944442295906,0.178571
2021-12-23,0.0174737195945179,0.178571
2021-12-27,0.0193236981678567,0.178571
2021-12-28,0.0196466861493118,0.178571
2021-12-29,0.0200721899112133,0.178571
2021-12-30,0.0196484116802728,0.178571
2022-01-02,0.0156329295202452,0.178571
2022-01-03,0.0162547346321661,0.178571
2022-01-04,0.0172543712661384,0.178571
2022-01-07,0.0192368596204899,0.178571
2022-01-08,0.0223163501800721,0.178571
2022-01-09,0.0184099115484723,0.178571
2022-01-13,0.0208159906633962,0.178571
2022-01-14,0.0235760186956499,0.178571
2022-01-18,0.0214581812147793,0.178571
2022-01-19,0.0209289531801464,0.178571
2022-01-20,0.0214401748884221,0.178571
2022-01-21,0.0194333679434209,0.178571
2022-01-25,0.021088550569885,0.178571
2022-01-26,0.0222066252711652,0.178571
2022-01-27,0.0209263407401659,0.178571
2022-01-28,0.0163281956168715,0.178571
2022-01-31,0.0191918888196302,0.178571
2022-02-02,0.0199574831726286,0.178571
2022-02-03,0.0162284098583095,0.178571
2022-02-06,0.0171374039376348,0.178571
2022-02-08,0.0213813698672723,0.178571
2022-02-09,0.0170465242625652,0.178571
2022-02-11,0.0198111463774697,0.178571
2022-02-12,0.0150438745867074,0.178571
2022-02-14,0.0162042293662407,0.178571
2022-02-15,0.0192731714170655,0.178571
2022-02-16,0.0197048164112604,0.178571
2022-02-17,0.0181631086735711,0.178571
2022-02-18,0.019647196820126,0.178571
2022-02-22,0.0167045772678784,0.178571
2022-02-23,0.0185873714956034,0.178571
2022-02-24,0.0187123448967012,0.178571
2022-02-25,0.0323582898434872,0.178571
2022-02-28,0.0329842707570042,0.178571
2022-03-01,0.0304210960838008,0.178571
2022-03-02,0.0268157428239558,0.178571
2022-03-03,0.0350993335215609,0.178571
2022-03-06,0.0292790262217445,0.178571
2022-03-08,0.0169087298590229,0.178571
2022-03-10,0.018514716798976,0.178571
2022-03-11,0.0174218691205914,0.178571
2022-03-14,0.0147852885682227,0.178571
2022-03-15,0.0132589142282604,0.178571
2022-03-16,0.0151143885988002,0.178571
2022-03-17,0.0150155651097408,0.178571
2022-03-18,0.0215631868656557,0.178571
2022-03-21,0.0202181819873173,0.178571
2022-03-22,0.0182345100465587,0.178571
2022-03-23,0.0162445756503706,0.178571
2022-03-24,0.0158799273108067,0.178571
2022-03-28,0.0166622973384197,0.178571
2022-03-29,0.0165160995602106,0.178571
2022-03-30,0.0186392649255274,0.178571
2022-03-31,0.0182077459291552,0.178571
2022-04-01,0.0242243635163198,0.178571
2022-04-02,0.024358069526798,0.178571
2022-04-03,0.0239532191902608,0.178571
2022-04-04,0.0170426700345708,0.178571
2022-04-05,0.0187257798039179,0.178571
2022-04-08,0.0195728311658067,0.178571
2022-04-10,0.0174211888094743,0.178571
2022-04-11,0.0181406718513055,0.178571
2022-04-13,0.022065360506475,0.178571
2022-04-14,0.02170397646543,0.178571
2022-04-19,0.0241138620432837,0.178571
2022-04-20,0.0236008715773823,0.178571
2022-04-21,0.024666721778475,0.178571
2022-04-26,0.0198950478372916,0.178571
2022-04-27,0.0253637008233195,0.178571
2022-04-28,0.0223612652235551,0.178571
2022-04-29,0.0220327227325344,0.178571
2022-05-01,0.0227112234943732,0.178571
2022-05-04,0.023205670941671,0.178571
2022-05-05,0.0207967056299872,0.178571
2022-05-07,0.0180044370091201,0.178571
2022-05-08,0.0215629612096113,0.178571
2022-05-10,0.0264182647991329,0.178571
2022-05-12,0.0218762780762586,0.178571
2022-05-13,0.0245037810405811,0.178571
2022-05-16,0.0265361588415361,0.178571
2022-05-17,0.0205266128420879,0.178571
2022-05-18,0.0283950431307906,0.178571
2022-05-19,0.0294564933010804,0.178571
2022-05-20,0.0329645112238443,0.178571
2022-05-23,0.0333446727972499,0.178571
2022-05-24,0.0297074720304168,0.178571
2022-05-25,0.0328786752142859,0.178571
2022-05-26,0.0321824079702217,0.178571
2022-05-27,0.0256297722528087,0.178571
2022-05-31,0.0328103260301984,0.178571
2022-06-04,0.0314378989911375,0.178571
2022-06-05,0.0303643225374602,0.178571
2022-06-07,0.0292831949594381,0.178571
2022-06-09,0.0302761854359393,0.178571
2022-06-10,0.0317596738151091,0.178571
2022-06-12,0.0242815252484876,0.178571
2022-06-14,0.0336569418927928,0.178571
2022-06-15,0.037835557831207,0.178571
2022-06-17,0.0319988226241606,0.178571
2022-06-21,0.0417192353883056,0.178571
2022-06-22,0.0519937383612679,0.178571
2022-06-23,0.0506824419375853,0.178571
2022-06-24,0.0328329019223378,0.178571
2022-06-27,0.0299163424879159,0.178571
2022-06-28,0.0253383873857383,0.178571
2022-06-29,0.0249170977273119,0.178571
2022-06-30,0.0328282150700076,0.178571
2022-07-01,0.0316079758222323,0.178571
2022-07-02,0.0298089089971724,0.178571
2022-07-04,0.0222470567335823,0.178571
2022-07-06,0.0276126557278127,0.178571
2022-07-07,0.0241356109009982,0.178571
2022-07-09,0.0279495325487057,0.178571
2022-07-10,0.0268627346465792,0.178571
2022-07-11,0.0350699473854317,0.178571
2022-07-12,0.0246211112583573,0.178571
2022-07-13,0.0289846692738498,0.178571
2022-07-14,0.0297896253405223,0.178571
2022-07-15,0.0317614767274484,0.178571
2022-07-18,0.0300394282399018,0.178571
2022-07-19,0.0343835479775075,0.178571
2022-07-20,0.0302522636198004,0.178571
2022-07-21,0.0306497156253388,0.178571
2022-07-22,0.0342257882231646,0.178571
2022-07-25,0.0246637547736365,0.178571
2022-07-26,0.0266399915461969,0.178571
2022-07-27,0.0254564587386544,0.178571
2022-07-28,0.0263232109994499,0.178571
2022-07-29,0.0300048916234886,0.178571
2022-08-02,0.0333172360034702,0.178571
2022-08-03,0.0317904339114157,0.178571
2022-08-04,0.0351749255854404,0.178571
2022-08-06,0.0302718379506303,0.178571
2022-08-07,0.035147826669224,0.178571
2022-08-08,0.0366014603700504,0.178571
2022-08-09,0.0349760330619581,0.178571
2022-08-11,0.0301197660405835,0.178571
2022-08-12,0.026758185092077,0.178571
2022-08-19,0.0271875903944495,0.178571
2022-08-22,0.0242465897330425,0.178571
2022-08-23,0.0203083513631482,0.178571
2022-08-24,0.0219952312051857,0.178571
2022-08-25,0.018441421596984,0.178571
2022-08-26,0.0201042734480959,0.178571
2022-08-29,0.0217969020701927,0.178571
2022-08-30,0.0234963152029413,0.178571
2022-08-31,0.028677496038921,0.178571
2022-09-02,0.0200318276688452,0.178571
2022-09-03,0.0194451928168195,0.178571
2022-09-05,0.0198835643716043,0.178571
2022-09-06,0.0266309905516476,0.178571
2022-09-08,0.0188818203756659,0.178571
2022-09-09,0.0200241961077392,0.178571
2022-09-11,0.018504350224064,0.178571
2022-09-12,0.0188511706877422,0.178571
2022-09-13,0.0185144861405494,0.178571
2022-09-14,0.0206573535847269,0.178571
2022-09-15,0.0201810111233467,0.178571
2022-09-16,0.0191240040643283,0.178571
2022-09-19,0.020947959320629,0.178571
2022-09-20,0.0218385557817489,0.178571
2022-09-21,0.0242886684583238,0.178571
2022-09-22,0.0215593366316651,0.178571
2022-09-23,0.0277520211819137,0.178571
2022-09-26,0.0207993285455329,0.178571
2022-09-27,0.0220359213820382,0.178571
2022-09-28,0.0234309949293209,0.178571
2022-09-29,0.0238383111485292,0.178571
2022-09-30,0.0232079258028587,0.178571
2022-10-01,0.0203179873559991,0.178571
2022-10-02,0.0216507941311232,0.178571
2022-10-03,0.0182780812011448,0.178571
2022-10-05,0.0304369125622629,0.178571
2022-10-06,0.0275833747565373,0.178571
2022-10-08,0.0311117437214964,0.178571
2022-10-10,0.0286288892133846,0.178571
2022-10-11,0.0302663262329801,0.178571
2022-10-13,0.0300023582170715,0.178571
2022-10-14,0.0234044459767396,0.178571
2022-10-17,0.0234682655442408,0.178571
2022-10-18,0.0239089972413637,0.178571
2022-10-19,0.0232324776001876,0.178571
2022-10-20,0.0238050938082568,0.178571
2022-10-21,0.0215168162725402,0.178571
2022-10-24,0.0223349562904644,0.178571
2022-10-25,0.0239846740715404,0.178571
2022-10-27,0.0201191047081704,0.178571
2022-10-31,0.0224993253854628,0.178571
2022-11-01,0.0232940367258742,0.178571
2022-11-02,0.0251448263876031,0.178571
2022-11-03,0.0283895717718438,0.178571
2022-11-04,0.0254436762015672,0.178571
2022-11-05,0.0294595122629694,0.178571
2022-11-07,0.031786998363069,0.178571
2022-11-08,0.0282397096055434,0.178571
2022-11-10,0.0259536065624665,0.178571
2022-11-14,0.0253397702251861,0.178571
2022-11-15,0.0281879342421832,0.178571
2022-11-16,0.0253040376721815,0.178571
2022-11-17,0.0283416743202015,0.178571
2022-11-18,0.0245013842642092,0.178571
2022-11-21,0.0270901329015724,0.178571
2022-11-22,0.0248164054336528,0.178571
2022-11-23,0.0271339400466219,0.178571
2022-11-25,0.0362315247903628,0.178571
2022-11-28,0.0270492431694586,0.178571
2022-11-29,0.0282034384907674,0.178571
2022-12-01,0.0286985493737953,0.178571
2022-12-04,0.0294523608768117,0.178571
2022-12-05,0.0303457575695563,0.178571
2022-12-07,0.0261150663202903,0.178571
2022-12-08,0.0240387219617535,0.178571
2022-12-09,0.0232233704390913,0.178571
2022-12-10,0.0226409075762247,0.178571
2022-12-12,0.0250023532570589,0.178571
2022-12-13,0.0263763662163094,0.178571
2022-12-14,0.0226519851551062,0.178571
2022-12-15,0.0244207195220346,0.178571
2022-12-16,0.0264614010716997,0.178571
2022-12-19,0.0246815434456711,0.178571
2022-12-20,0.0268473568028403,0.178571
2022-12-21,0.0233975421182886,0.178571
2022-12-22,0.0224213149548556,0.178571
2022-12-23,0.020797047059594,0.178571
2022-12-27,0.0214478596600373,0.178571
2022-12-28,0.0225522978152422,0.178571
2022-12-29,0.0245336183155425,0.178571
2022-12-30,0.020488912417486,0.178571
2023-01-02,0.0210455785611351,0.178571
2023-01-03,0.0228680978803068,0.178571
2023-01-08,0.0238307579417848,0.178571
2023-01-09,0.0242359117401447,0.178571
2023-01-13,0.0305262011346505,0.178571
2023-01-17,0.0254682072904379,0.178571
2023-01-18,0.0293066502877111,0.178571
2023-01-19,0.0268499247773258,0.178571
2023-01-20,0.0262611434499654,0.178571
2023-01-23,0.0268764657656009,0.178571
2023-01-25,0.029295287604807,0.178571
2023-01-26,0.0260792478396237,0.178571
2023-01-27,0.0249077660429178,0.178571
2023-01-30,0.0259590139858883,0.178571
2023-01-31,0.0241921136998638,0.178571
2023-02-02,0.0220608459670984,0.178571
2023-02-03,0.0196947641678168,0.178571
2023-02-05,0.0165877229956878,0.178571
2023-02-06,0.0225120562150989,0.178571
2023-02-08,0.0245094722415022,0.178571
2023-02-10,0.0185534475501911,0.178571
2023-02-11,0.021063138797592,0.178571
2023-02-13,0.0202674090920141,0.178571
2023-02-14,0.0201730116572238,0.178571
2023-02-15,0.0199594551724301,0.178571
2023-02-16,0.0212006668388689,0.178571
2023-02-17,0.0214836005914146,0.178571
2023-02-21,0.0180583843851289,0.178571
2023-02-22,0.0243928436510398,0.178571
2023-02-23,0.0201768785113288,0.178571
2023-02-24,0.022128128591126,0.178571
2023-02-28,0.0220326394254356,0.178571
2023-03-01,0.0208290543104829,0.178571
2023-03-02,0.0199604209593895,0.178571
2023-03-03,0.0157502245764379,0.178571
2023-03-04,0.0187742182627356,0.178571
2023-03-07,0.0127228085328641,0.178571
2023-03-08,0.013682989910808,0.178571
2023-03-10,0.0160471479698299,0.178571
2023-03-11,0.0144683368306014,0.178571
2023-03-13,0.0140455316399646,0.178571
2023-03-14,0.0210982617708973,0.178571
2023-03-15,0.0190147716911932,0.178571
2023-03-16,0.0227635883446598,0.178571
2023-03-17,0.0216237565176074,0.178571
2023-03-20,0.0247031841053106,0.178571
2023-03-21,0.0240100219082318,0.178571
2023-03-22,0.01946724387334,0.178571
2023-03-23,0.0193601824445284,0.178571
2023-03-24,0.0206643789670932,0.178571
2023-03-27,0.0236732095033746,0.178571
2023-03-28,0.0243246893660318,0.178571
2023-03-29,0.0266081120504857,0.178571
2023-03-30,0.0262529303806551,0.178571
2023-03-31,0.0166262399783285,0.178571
2023-04-01,0.0152918495663258,0.178571
2023-04-04,0.016450363649754,0.178571
2023-04-05,0.0160706261423114,0.178571
2023-04-08,0.0150777582749191,0.178571
2023-04-10,0.0147284712137539,0.178571
2023-04-12,0.0162702385878078,0.178571
2023-04-13,0.0184898793462271,0.178571
2023-04-18,0.017803358449143,0.178571
2023-04-19,0.0173782484385442,0.178571
2023-04-20,0.0173682731645702,0.178571
2023-04-21,0.0169317346970477,0.178571
2023-04-24,0.0141070934674128,0.178571
2023-04-25,0.0180193429249524,0.178571
2023-04-26,0.0126240184453967,0.178571
2023-04-27,0.0134406217508955,0.178571
2023-04-28,0.0134114287946354,0.178571
2023-05-01,0.0161067256338911,0.178571
2023-05-04,0.0157370354462941,0.178571
2023-05-05,0.0143048064221192,0.178571
2023-05-07,0.0142134744165746,0.178571
2023-05-09,0.0144419396828836,0.178571
2023-05-10,0.0146115353687963,0.178571
2023-05-12,0.0198071038395426,0.178571
2023-05-15,0.0150598775701477,0.178571
2023-05-16,0.0159941765020563,0.178571
2023-05-17,0.0128298395209582,0.178571
2023-05-18,0.0124719509680306,0.178571
2023-05-19,0.0127119984990934,0.178571
2023-05-22,0.0130429189856233,0.178571
2023-05-23,0.0133201725160524,0.178571
2023-05-24,0.0135745221847936,0.178571
2023-05-25,0.0140398839245716,0.178571
2023-05-26,0.0122753424356325,0.178571
2023-05-30,0.0128834907558724,0.178571
2023-05-31,0.0153386313153809,0.178571
2023-06-02,0.0161202462666689,0.178571
2023-06-03,0.0170980199309482,0.178571
2023-06-04,0.0194190657665025,0.178571
2023-06-06,0.0166824363835829,0.178571
2023-06-07,0.0133637846858255,0.178571
2023-06-09,0.0141073811373853,0.178571
2023-06-10,0.0146665624759884,0.178571
2023-06-11,0.0124630638577871,0.178571
2023-06-12,0.0118802261095343,0.178571
2023-06-13,0.0134741373253425,0.178571
2023-06-14,0.0138430852724554,0.178571
2023-06-15,0.0166400058553327,0.178571
2023-06-16,0.0213875225198871,0.178571
2023-06-20,0.0157350911037134,0.178571
2023-06-21,0.013068585564169,0.178571
2023-06-22,0.0149561960055117,0.178571
2023-06-23,0.0168876568976427,0.178571
2023-06-26,0.0159560964530623,0.178571
2023-06-27,0.0144730175424716,0.178571
2023-06-28,0.014106457429687,0.178571
2023-06-29,0.0163128690006405,0.178571
2023-06-30,0.0148251012439121,0.178571
2023-07-02,0.0141221379647789,0.178571
2023-07-03,0.0199336488228861,0.178571
2023-07-06,0.0187231586867351,0.178571
2023-07-07,0.0144339807010081,0.178571
2023-07-08,0.021204148828477,0.178571
2023-07-09,0.0239457155873675,0.178571
2023-07-11,0.0181890770604841,0.178571
2023-07-12,0.0188975531543259,0.178571
2023-07-13,0.0193634396942311,0.178571
2023-07-14,0.0217851936328271,0.178571
2023-07-17,0.0162843235985621,0.178571
2023-07-18,0.0132438647587516,0.178571
2023-07-19,0.0128612241187276,0.178571
2023-07-20,0.0122364872055046,0.178571
2023-07-21,0.0121308215069531,0.178571
2023-07-24,0.0125594338304313,0.178571
2023-07-25,0.0111034238747752,0.178571
2023-07-26,0.0112640424172166,0.178571
2023-07-27,0.0126065662743531,0.178571
2023-07-28,0.0115586388400372,0.178571
2023-07-31,0.0120199238999792,0.178571
2023-08-02,0.0117093860910688,0.178571
2023-08-03,0.0114668930510828,0.178571
2023-08-05,0.0113140280540255,0.178571
2023-08-08,0.0111721037622245,0.178571
2023-08-09,0.0117368649889102,0.178571
2023-08-11,0.0128270517492182,0.178571
2023-08-12,0.0118914527731461,0.178571
2023-08-14,0.0102173902899013,0.178571
2023-08-16,0.0102094800550416,0.178571
2023-08-17,0.0103608132730553,0.178571
2023-08-18,0.0104398659037016,0.178571
2023-08-21,0.0109121378768418,0.178571
2023-08-22,0.0101303639230672,0.178571
2023-08-23,0.0107902211590661,0.178571
2023-08-24,0.0115767445663048,0.178571
2023-08-25,0.0115215380082364,0.178571
2023-08-28,0.012683657873496,0.178571
2023-08-29,0.0112873084839715,0.178571
2023-08-30,0.012083852386966,0.178571
2023-08-31,0.011290245490066,0.178571
2023-09-01,0.0106360540829743,0.178571
2023-09-02,0.0123546950040676,0.178571
2023-09-03,0.0109479090986058,0.178571
2023-09-05,0.0122319942920246,0.178571
2023-09-06,0.00974538853765232,0.178571
2023-09-08,0.0091670612194496,0.178571
2023-09-10,0.0104435295535085,0.178571
2023-09-11,0.0105647881851361,0.178571
2023-09-13,0.01092343880452,0.178571
2023-09-14,0.0133200755710796,0.178571
2023-09-15,0.0135244240751379,0.178571
2023-09-18,0.0105861711640956,0.178571
2023-09-19,0.0116421189641616,0.178571
2023-09-20,0.01101572556673,0.178571
2023-09-21,0.0116995616424922,0.178571
2023-09-22,0.0133180028286945,0.178571
2023-09-25,0.0116954607782117,0.178571
2023-09-26,0.012395421698225,0.178571
2023-09-27,0.0142571345510207,0.178571
2023-09-28,0.010532635516807,0.178571
2023-09-29,0.0127719499864779,0.178571
2023-10-01,0.0113169801318762,0.178571
2023-10-02,0.0105020095633658,0.178571
2023-10-03,0.00915580294396094,0.178571
2023-10-05,0.0109533719080031,0.178571
2023-10-07,0.0147928736649682,0.178571
2023-10-08,0.0105914090094393,0.178571
2023-10-10,0.0114288713142693,0.178571
2023-10-11,0.0126867943807873,0.178571
2023-10-13,0.0119132051358456,0.178571
2023-10-16,0.0119879587236771,0.178571
2023-10-17,0.0115571329500577,0.178571
2023-10-18,0.0100265309869365,0.178571
2023-10-19,0.0206958658534639,0.178571
2023-10-20,0.0176207280438206,0.178571
2023-10-25,0.00922495591363148,0.178571
2023-10-27,0.0114584483266249,0.178571
2023-10-30,0.0108772548114152,0.178571
2023-10-31,0.0106821498165181,0.178571
2023-11-01,0.0102388908285461,0.178571
2023-11-04,0.0104115782673929,0.178571
2023-11-05,0.0104135126216061,0.178571
2023-11-07,0.0102348454187906,0.178571
2023-11-08,0.0114977684526156,0.178571
2023-11-09,0.0114349154712362,0.178571
2023-11-10,0.0114790497557749,0.178571
2023-11-12,0.011889774995371,0.178571
2023-11-13,0.0116123656505735,0.178571
2023-11-14,0.0111937601452664,0.178571
2023-11-15,0.00954700949567289,0.178571
2023-11-16,0.0104504253064165,0.178571
2023-11-17,0.0115743903691163,0.178571
2023-11-20,0.0108853427870408,0.178571
2023-11-21,0.0106048365749105,0.178571
2023-11-22,0.0102197704216312,0.178571
2023-11-24,0.0110288482238557,0.178571
2023-11-27,0.0108045897000748,0.178571
2023-11-28,0.0132379767005537,0.178571
2023-11-29,0.0116572284761363,0.178571
2023-12-01,0.0119458370828448,0.178571
2023-12-04,0.0138651448279074,0.178571
2023-12-05,0.0109529723674409,0.178571
2023-12-06,0.0118476514799596,0.178571
2023-12-07,0.0123740702633641,0.178571
2023-12-09,0.0117192737669329,0.178571
2023-12-10,0.0130285837309706,0.178571
2023-12-12,0.0127739084984872,0.178571
2023-12-13,0.0125452581278254,0.178571
2023-12-14,0.0134744284731074,0.178571
2023-12-15,0.011309198095537,0.178571
2023-12-18,0.0105403616828268,0.178571
2023-12-19,0.00910218701619693,0.178571
2023-12-20,0.00966234798619445,0.178571
2023-12-21,0.0103924234293255,0.178571
2023-12-22,0.00918964071903895,0.178571
2023-12-27,0.0102904771027883,0.178571
2023-12-28,0.00880223379959006,0.178571
2023-12-29,0.0088101370181621,0.178571
2024-01-02,0.0093809184415761,0.178571
2024-01-03,0.0111037748340336,0.178571
2024-01-07,0.0111046182478519,0.178571
2024-01-08,0.00996517233915447,0.178571
2024-01-10,0.0104811770376622,0.178571
2024-01-16,0.0111589778821778,0.178571
2024-01-17,0.0120801404105572,0.178571
2024-01-18,0.0112482598492746,0.178571
2024-01-19,0.0101034424186538,0.178571
2024-01-22,0.0103143668265632,0.178571
2024-01-23,0.0111755864521015,0.178571
2024-01-25,0.0111771372025626,0.178571
2024-01-26,0.0119962343929698,0.178571
2024-01-29,0.0111259110749647,0.178571
2024-01-30,0.0115023414208466,0.178571
2024-01-31,0.0102411404300238,0.178571
2024-02-02,0.0117589992398918,0.178571
2024-02-04,0.0110288319433699,0.178571
2024-02-05,0.0109783249734557,0.178571
2024-02-07,0.00930265872490248,0.178571
2024-02-08,0.0101232919690897,0.178571
2024-02-10,0.0123761916490504,0.178571
2024-02-12,0.0108238358133067,0.178571
2024-02-13,0.00975973483412163,0.178571
2024-02-14,0.00910746622329214,0.178571
2024-02-15,0.00901484143858581,0.178571
2024-02-16,0.00884280327886577,0.178571
2024-02-20,0.00942031098522727,0.178571
2024-02-21,0.00949500096656892,0.178571
2024-02-22,0.00860358877430103,0.178571
2024-02-23,0.00985961694274836,0.178571
2024-02-26,0.00907765728128916,0.178571
2024-02-27,0.00972428755266689,0.178571
2024-02-28,0.00887452911708439,0.178571
2024-02-29,0.00951874785714723,0.178571
2024-03-01,0.0100776738722039,0.178571
2024-03-04,0.012129638402723,0.178571
2024-03-06,0.0124152690516342,0.178571
2024-03-07,0.0122458991302791,0.178571
2024-03-09,0.0104167798408322,0.178571
2024-03-10,0.0125732143538287,0.178571
2024-03-12,0.0150479301179423,0.178571
2024-03-13,0.0105553730988722,0.178571
2024-03-14,0.0114213297888629,0.178571
2024-03-15,0.0115416600490101,0.178571
2024-03-19,0.0130813814669266,0.178571
2024-03-20,0.0114793016393149,0.178571
2024-03-21,0.0129881187414012,0.178571
2024-03-22,0.0101116527306136,0.178571
2024-03-26,0.0121100282192308,0.178571
2024-03-27,0.0111373635334405,0.178571
2024-03-28,0.0130379651633478,0.178571
2024-04-01,0.011661861521255,0.178571
2024-04-03,0.0106656270315188,0.178571
2024-04-04,0.00999857735215147,0.178571
2024-04-06,0.0102974949592537,0.178571
2024-04-09,0.0114324462625245,0.178571
2024-04-10,0.0117721148945004,0.178571
2024-04-11,0.0108985214065507,0.178571
2024-04-12,0.0111430791317592,0.178571
2024-04-15,0.0110839861402685,0.178571
2024-04-16,0.011780306333383,0.178571
2024-04-17,0.0113943632669086,0.178571
2024-04-18,0.0111635994021932,0.178571
2024-04-19,0.0108994887077196,0.178571
2024-04-22,0.0106311671161051,0.178571
2024-04-23,0.0102705997548937,0.178571
2024-04-24,0.0101921487738241,0.178571
2024-04-25,0.0103334508736721,0.178571
2024-04-26,0.0105346369420518,0.178571
2024-04-29,0.0105748146370283,0.178571
2024-04-30,0.0107697208033088,0.178571
2024-05-01,0.0110557095600378,0.178571
2024-05-02,0.010543944292151,0.178571
2024-05-03,0.0115577517546102,0.178571
2024-05-04,0.0105881463773602,0.178571
2024-05-06,0.0104436977895229,0.178571
2024-05-07,0.0102050664157159,0.178571
2024-05-08,0.0099411149800261,0.178571
2024-05-09,0.0108346278719776,0.178571
2024-05-11,0.0106636189924633,0.178571
2024-05-12,0.012905993960301,0.178571
2024-05-13,0.0140911565832058,0.178571
2024-05-14,0.0132851325078655,0.178571
2024-05-15,0.0131794470086443,0.178571
2024-05-16,0.014272167784874,0.178571
2024-05-17,0.0623632586375559,0.178571
2024-05-20,0.0124578664374896,0.178571
2024-05-21,0.0119112290994463,0.178571
2024-05-22,0.0116010342404128,0.178571
2024-05-23,0.0122646550021092,0.178571
2024-05-24,0.0121243400375527,0.178571
2024-05-28,0.0125495498486596,0.178571
2024-05-29,0.0119282322000313,0.178571
2024-05-31,0.00985199422731392,0.178571
2024-06-02,0.0104260057691591,0.178571
2024-06-03,0.0105512842925305,0.178571
2024-06-06,0.0102708801370986,0.178571
2024-06-08,0.0107087035363339,0.178571
2024-06-09,0.0102750102313042,0.178571
2024-06-11,0.00966569470380694,0.178571
2024-06-12,0.0116387963392596,0.178571
2024-06-13,0.0115412412175142,0.178571
2024-06-14,0.0104775809574002,0.178571
2024-06-17,0.0120290417328258,0.178571
2024-06-18,0.0113548448595342,0.178571
2024-06-20,0.0119636842934465,0.178571
2024-06-21,0.0121014116225481,0.178571
2024-06-25,0.0105709653940402,0.178571
2024-06-26,0.0109047602122738,0.178571
2024-06-27,0.0109647535920321,0.178571
2024-06-28,0.0093428336823629,0.178571
2024-07-02,0.00957362084020413,0.178571
2024-07-03,0.00986997362661341,0.178571
2024-07-06,0.0100318101134856,0.178571
2024-07-08,0.010057145436051,0.178571
2024-07-10,0.0105450426592581,0.178571
2024-07-11,0.0104679466091282,0.178571
2024-07-15,0.010898818026633,0.178571
2024-07-16,0.0104775552920399,0.178571
2024-07-17,0.0104551881895387,0.178571
2024-07-18,0.0108237329600345,0.178571
2024-07-19,0.0110319639043438,0.178571
2024-07-22,0.0113515138537766,0.178571
2024-07-23,0.0114612601502469,0.178571
2024-07-24,0.0108542939615785,0.178571
2024-07-25,0.0100715057614852,0.178571
2024-07-26,0.00985086547091449,0.178571
2024-07-29,0.0108206185963556,0.178571
2024-07-30,0.0111581804798096,0.178571
2024-07-31,0.0110105172359301,0.178571
2024-08-01,0.0107372703982693,0.178571
2024-08-02,0.00957297080305727,0.178571
2024-08-03,0.00962843411554159,0.178571
2024-08-04,0.0103716597732783,0.178571
2024-08-05,0.0103119115387863,0.178571
2024-08-07,0.0101641768836683,0.178571
2024-08-08,0.0101532862339933,0.178571
2024-08-10,0.0111678625684245,0.178571
2024-08-11,0.0132326326502401,0.178571
2024-08-13,0.0123301663788216,0.178571
2024-08-14,0.0181778475508285,0.178571
2024-08-16,0.0127353833631818,0.178571
2024-08-19,0.0108757570242532,0.178571
2024-08-20,0.0125013280827984,0.178571
2024-08-21,0.0122448331184039,0.178571
2024-08-22,0.0110341195471976,0.178571
2024-08-23,0.0111069315563455,0.178571
2024-08-26,0.011117280878044,0.178571
2024-08-27,0.0110645738858224,0.178571
2024-08-28,0.0129718469412173,0.178571
2024-08-29,0.0115558503827436,0.178571
2024-08-30,0.0106811976207819,0.178571
2024-09-01,0.0110987638853111,0.178571
2024-09-02,0.0111053195675356,0.178571
2024-09-04,0.0123631602424432,0.178571
2024-09-05,0.0124517888431926,0.178571
2024-09-07,0.0127244093946214,0.178571
2024-09-08,0.0122387072360649,0.178571
2024-09-09,0.0175369583283925,0.178571
2024-09-10,0.0127595164187501,0.178571
2024-09-12,0.0117792866635799,0.178571
2024-09-13,0.0110087579495364,0.178571
2024-09-16,0.0101542385549257,0.178571
2024-09-17,0.0102555963400598,0.178571
2024-09-18,0.0105358156345306,0.178571
2024-09-19,0.0116474864301429,0.178571
2024-09-20,0.0111445965015191,0.178571
2024-09-23,0.0109192598345139,0.178571
2024-09-24,0.0126224784276982,0.178571
2024-09-25,0.0116277843923749,0.178571
2024-09-26,0.0126380376549516,0.178571
2024-09-27,0.013402610384542,0.178571
2024-09-30,0.0130690962944116,0.178571
2024-10-01,0.0125469083258713,0.178571
2024-10-04,0.0108082163435076,0.178571
2024-10-05,0.010874965180161,0.178571
2024-10-06,0.0111123129069224,0.178571
2024-10-07,0.0106627940785128,0.178571
2024-10-09,0.00938280701884001,0.178571
2024-10-10,0.0109863705886594,0.178571
2024-10-12,0.0106664770990817,0.178571
2024-10-14,0.010714285087002,0.178571
2024-10-15,0.0102840981909771,0.178571
2024-10-16,0.00967993420534984,0.178571
2024-10-17,0.00978492753894625,0.178571
2024-10-18,0.0117388615307163,0.178571
2024-10-21,0.010355593530621,0.178571
2024-10-22,0.00971087540291585,0.178571
2024-10-23,0.00961700169710814,0.178571
2024-10-24,0.00833385713091608,0.178571
2024-10-25,0.00860311466656339,0.178571
2024-10-29,0.00802392844625522,0.178571
2024-10-30,0.00826397707496655,0.178571
2024-10-31,0.00776782922061446,0.178571
2024-11-01,0.0073791298391361,0.178571
2024-11-03,0.00744088787461863,0.178571
2024-11-04,0.00726952147664567,0.178571
2024-11-06,0.00796212806426722,0.178571
2024-11-07,0.00831374745754807,0.178571
2024-11-09,0.00898660010067154,0.178571
2024-11-10,0.00801860525932659,0.178571
2024-11-12,0.00828896427060728,0.178571
2024-11-13,0.00803915686805549,0.178571
2024-11-14,0.00868222663743501,0.178571
2024-11-15,0.00932707334567968,0.178571
2024-11-18,0.00835916336870682,0.178571
2024-11-19,0.00857701935813428,0.178571
2024-11-20,0.00849132854233683,0.178571
2024-11-21,0.00907210663021817,0.178571
2024-11-22,0.00860048837444833,0.178571
2024-11-25,0.0100671621517831,0.178571
2024-11-26,0.00902198994219814,0.178571
2024-11-27,0.00919376297313572,0.178571
2024-11-29,0.00909521426307939,0.178571
2024-12-01,0.00795635634200399,0.178571
2024-12-02,0.00918741623627547,0.178571
2024-12-03,0.00878136396921057,0.178571
2024-12-04,0.00867351836668088,0.178571
2024-12-06,0.00862671788400081,0.178571
2024-12-07,0.00841368136298475,0.178571
2024-12-08,0.00859868518928827,0.178571
2024-12-09,0.00842728417574166,0.178571
2024-12-11,0.00897202430541741,0.178571
2024-12-12,0.00726155352752808,0.178571
2024-12-13,0.00824423000053216,0.178571
2024-12-16,0.00832760419206922,0.178571
2024-12-17,0.00801114484953398,0.178571
2024-12-18,0.00787893177220401,0.178571
2024-12-19,0.00766688739728694,0.178571
2024-12-20,0.00758159894279271,0.178571
2024-12-23,0.00749104694015585,0.178571
2024-12-27,0.00802889451844858,0.178571
2024-12-30,0.00832231612484052,0.178571
2025-01-04,0.00791071752791661,0.178571
2025-01-07,0.00856980910489255,0.178571
2025-01-08,0.00892260961403528,0.178571
2025-01-10,0.00784667944858807,0.178571
2025-01-13,0.00768216363969327,0.178571
2025-01-14,0.0087420685437261,0.178571
2025-01-15,0.00866840283249886,0.178571
2025-01-16,0.00681635995056822,0.178571
2025-01-17,0.0068597663048012,0.178571
2025-01-21,0.00841146428202667,0.178571
2025-01-22,0.00876602961326575,0.178571
2025-01-23,0.00827513204279671,0.178571
2025-01-27,0.00895390104154963,0.178571
2025-01-28,0.00867570174247964,0.178571
2025-01-29,0.00847639194793668,0.178571
2025-01-30,0.00940599355273569,0.178571
2025-01-31,0.009818637288639,0.178571
2025-02-04,0.0107842542531171,0.178571
2025-02-05,0.0110896156708695,0.178571
2025-02-06,0.0121609001265098,0.178571
2025-02-07,0.0122640597966348,0.178571
2025-02-09,0.0129723596190946,0.178571
2025-02-10,0.0121883221881403,0.178571
2025-02-12,0.0091881278408775,0.178571
2025-02-13,0.00921552306001693,0.178571
2025-02-14,0.00814154098914297,0.178571
2025-02-18,0.00844554564088367,0.178571
2025-02-19,0.00811039906306737,0.178571
2025-02-20,0.00898382298148067,0.178571
2025-02-21,0.00901843951826103,0.178571
2025-02-24,0.00859961844883456,0.178571
2025-02-25,0.00931912958222539,0.178571
2025-02-26,0.00936931526744809,0.178571
2025-02-27,0.00915674641554586,0.178571
2025-02-28,0.00929550577576468,0.178571
2025-03-01,0.0102452360993177,0.178571
2025-03-02,0.0114957626144011,0.178571
2025-03-04,0.0110261464890644,0.178571
2025-03-06,0.0123914477659673,0.178571
2025-03-07,0.0122149379179164,0.178571
2025-03-09,0.0150691684372692,0.178571
2025-03-10,0.0143481412836612,0.178571
2025-03-11,0.0134824175521242,0.178571
2025-03-12,0.011724220091501,0.178571
2025-03-13,0.0115935124362428,0.178571
2025-03-14,0.0126866060859232,0.178571
2025-03-17,0.0140401325615478,0.178571
2025-03-18,0.0133666484426441,0.178571
2025-03-19,0.0144158935682002,0.178571
2025-03-20,0.0125920220219052,0.178571
2025-03-21,0.0120022747347253,0.178571
2025-03-24,0.0129744799717168,0.178571
2025-03-26,0.0110643563585578,0.178571
2025-03-27,0.0117416849827958,0.178571
2025-03-28,0.0109539190303062,0.178571
2025-03-31,0.0108945911697807,0.178571
2025-04-02,0.0115148974681942,0.178571
2025-04-03,0.0122817531647575,0.178571
2025-04-04,0.0122507061596694,0.178571
2025-04-06,0.0186949049185651,0.178571
2025-04-08,0.0183412665256949,0.178571
2025-04-09,0.0194194016023254,0.178571
2025-04-11,0.0172536473018498,0.178571
2025-04-12,0.0214106610528763,0.178571
2025-04-14,0.0183731422640837,0.178571
2025-04-15,0.0199172711200864,0.178571
2025-04-16,0.0155205163951271,0.178571
2025-04-17,0.0128957816691638,0.178571
2025-04-22,0.0132659596057242,0.178571
2025-04-23,0.0130934617699817,0.178571
2025-04-24,0.0154971192140389,0.178571
2025-04-25,0.0143150471638975,0.178571
2025-04-28,0.014035258837033,0.178571
2025-04-29,0.0160100775787301,0.178571
2025-04-30,0.016725952082083,0.178571
2025-05-02,0.0167089771784757,0.178571
2025-05-03,0.0170864864917478,0.178571
2025-05-05,0.016112170871405,0.178571
2025-05-06,0.0169197841704518,0.178571
2025-05-08,0.0178407399686027,0.178571
2025-05-09,0.0149779333639028,0.178571
2025-05-11,0.0180049818249071,0.178571
2025-05-12,0.0194587967544361,0.178571
2025-05-13,0.0199907708730786,0.178571
2025-05-14,0.0191880440377256,0.178571
2025-05-15,0.0171672001605838,0.178571
2025-05-16,0.0261135427867909,0.178571
2025-05-19,0.0111085263776826,0.178571
2025-05-20,0.014283090200945,0.178571
2025-05-21,0.0170616596025032,0.178571
2025-05-22,0.0141349880684045,0.178571
2025-05-23,0.0152173401155074,0.178571
2025-05-27,0.0137054511802066,0.178571
2025-05-28,0.0217841609528117,0.178571
2025-05-29,0.0191093665263273,0.178571
2025-05-30,0.0218973950908858,0.178571
2025-06-02,0.0179850594124322,0.178571
2025-06-03,0.0158181755097694,0.178571
2025-06-05,0.0185076449165339,0.178571
2025-06-06,0.0139533590020626,0.178571
2025-06-08,0.01683880638316,0.178571
2025-06-10,0.0180304277927525,0.178571
2025-06-11,0.0132309275995033,0.178571
2025-06-13,0.0126947523309624,0.178571
2025-06-16,0.0140230052523085,0.178571
2025-06-17,0.0153118284824783,0.178571
2025-06-18,0.0148327684755174,0.178571
2025-06-20,0.0151459154972849,0.178571
2025-06-23,0.0164090922781094,0.178571
2025-06-24,0.0137390832935746,0.178571
2025-06-30,0.0152594972739313,0.178571
2025-07-02,0.0154095999341127,0.178571
2025-07-03,0.0158871143069628,0.178571
2025-07-04,0.016137336098016,0.178571
2025-07-05,0.0166558546815597,0.178571
2025-07-07,0.0158349855597067,0.178571
2025-07-08,0.0128896116258707,0.178571
2025-07-10,0.0141197717506235,0.178571
2025-07-11,0.0138246754488041,0.178571
2025-07-14,0.013782236454674,0.178571
2025-07-15,0.0153239223305397,0.178571
2025-07-16,0.0146643164837351,0.178571
2025-07-17,0.0137157715298992,0.178571
2025-07-18,0.0132119502366875,0.178571
2025-07-21,0.0127469096334193,0.178571
2025-07-22,0.0154436691714774,0.178571
2025-07-23,0.0169449221828759,0.178571
2025-07-24,0.0246082984790778,0.178571
2025-07-25,0.0145350075181333,0.178571
2025-07-28,0.0138780216908404,0.178571
2025-07-29,0.0138810328884808,0.178571
2025-07-30,0.0198703040967008,0.178571
2025-07-31,0.0203690663810499,0.178571
2025-08-01,0.0193118475393472,0.178571
2025-08-04,0.0126956039491388,0.178571
2025-08-05,0.0162189835545554,0.178571
2025-08-07,0.0172859172661656,0.178571
2025-08-08,0.0152669418632142,0.178571
2025-08-09,0.0170193628317474,0.178571
2025-08-10,0.0173243805901396,0.178571
2025-08-12,0.0172100032252457,0.178571
2025-08-13,0.0152286963566176,0.178571
2025-08-14,0.015370958671805,0.178571
2025-08-18,0.0154947671876059,0.178571
2025-08-19,0.0157658729072907,0.178571
2025-08-20,0.0167126134505289,0.178571
2025-08-21,0.0171239843553525,0.178571
2025-08-22,0.0180753088996919,0.178571
2025-08-25,0.0220994274979975,0.178571
2025-08-26,0.0132712108465745,0.178571
2025-08-27,0.0115211569633429,0.178571
2025-08-28,0.0113913387577061,0.178571
2025-08-29,0.0102845129674056,0.178571
2025-09-04,0.0104536975799865,0.178571
2025-09-05,0.0130890611769319,0.178571
2025-09-07,0.0122581647432812,0.178571
2025-09-09,0.0116249943214401,0.178571
2025-09-10,0.014592697848123,0.178571
2025-09-12,0.014174474454773,0.178571
2025-09-15,0.0133596718004791,0.178571
2025-09-16,0.0132617742222601,0.178571
2025-09-17,0.0118726471537846,0.178571
2025-09-18,0.0129551560527887,0.178571
2025-09-19,0.011904882814406,0.178571
2025-09-22,0.0110136273162656,0.178571
2025-09-23,0.0124438392092343,0.178571
2025-09-24,0.0114513942294372,0.178571
2025-09-25,0.0121343927478565,0.178571
2025-09-26,0.012197906589126,0.178571
2025-09-29,0.0124407601288173,0.178571
2025-09-30,0.0125596626267402,0.178571
2025-10-01,0.0120000642147948,0.178571
2025-10-02,0.0122438502666704,0.178571
2025-10-03,0.0131969471746848,0.178571
2025-10-04,0.0106688569433701,0.178571
2025-10-06,0.0117220707584596,0.178571
2025-10-07,0.0156722630211223,0.178571
2025-10-09,0.0145350404046288,0.178571
2025-10-10,0.0114204008057427,0.178571
2025-10-11,0.0139314904304855,0.178571
2025-10-12,0.015357262041547,0.178571
2025-10-13,0.0132759419551355,0.178571
2025-10-14,0.0138297158590117,0.178571
2025-10-15,0.0152369562422756,0.178571
2025-10-16,0.0131694968966729,0.178571
2025-10-17,0.0134714438697305,0.178571
2025-10-20,0.0114259868807285,0.178571
2025-10-21,0.0120927093044732,0.178571
2025-10-22,0.0130799126748827,0.178571
2025-10-23,0.0130205172989968,0.178571
2025-10-24,0.0133833243261926,0.178571
2025-10-27,0.0140626334127941,0.178571
2025-10-29,0.0127037532775573,0.178571
2025-10-30,0.0147383067462207,0.178571
2025-10-31,0.011712584303834,0.178571
2025-11-02,0.0115413117880379,0.178571
2025-11-03,0.010753220535367,0.178571
2025-11-04,0.0107545519621651,0.178571
2025-11-06,0.0220697722345745,0.178571
2025-11-07,0.0110668448794545,0.178571
2025-11-08,0.0191080838561415,0.178571
2025-11-09,0.0174983257434527,0.178571
2025-11-12,0.0136414746533779,0.178571
2025-11-13,0.014041943163752,0.178571
2025-11-14,0.0112464661410922,0.178571
2025-11-17,0.0115564594453401,0.178571
2025-11-18,0.0112845880158249,0.178571
2025-11-19,0.011270507264277,0.178571
2025-11-20,0.0122174631226045,0.178571
2025-11-21,0.0102324460255663,0.178571
2025-11-24,0.0104241203892763,0.178571
2025-11-25,0.00963486624688726,0.178571
2025-11-26,0.00957807775682801,0.178571
2025-11-28,0.00954679688333015,0.178571
2025-12-02,0.0105762213258694,0.178571
2025-12-03,0.0115756798289717,0.178571
2025-12-05,0.0136034702820027,0.178571
2025-12-06,0.022181232205226,0.178571
2025-12-08,0.0174090031551733,0.178571
2025-12-09,0.0221935776313902,0.178571
2025-12-11,0.0219360242479965,0.178571
2025-12-12,0.0144244670311538,0.178571
2025-12-15,0.010900966357972,0.178571
2025-12-16,0.0103729316308311,0.178571
2025-12-17,0.0113960139391591,0.178571
2025-12-18,0.0107217904524376,0.178571
2025-12-19,0.0100225572151795,0.178571
2025-12-22,0.0107181485562374,0.178571
2025-12-23,0.0101359746859768,0.178571
2025-12-29,0.0103163603081384,0.178571
2025-12-30,0.0100208473756217,0.178571
2001-01-03,NA,0.178571
2001-01-06,NA,0.178571
2001-01-08,NA,0.178571
2001-01-10,NA,0.178571
2001-01-16,NA,0.178571
2001-01-19,NA,0.178571
2001-01-22,NA,0.178571
2001-01-23,NA,0.178571
2001-01-24,NA,0.178571
2001-01-25,NA,0.178571
2001-01-26,NA,0.178571
2001-01-29,NA,0.178571
2001-01-30,NA,0.178571
2001-01-31,NA,0.178571
2001-02-03,NA,0.178571
2001-02-07,NA,0.178571
2001-02-08,NA,0.178571
2001-02-10,NA,0.178571
2001-02-11,NA,0.178571
2001-02-13,NA,0.178571
2001-02-14,NA,0.178571
2001-02-20,NA,0.178571
2001-02-21,NA,0.178571
2001-02-22,NA,0.178571
2001-02-23,NA,0.178571
2001-02-27,NA,0.178571
2001-02-28,NA,0.178571
2001-03-07,NA,0.178571
2001-03-08,NA,0.178571
2001-03-10,NA,0.178571
2001-03-12,NA,0.178571
2001-03-13,NA,0.178571
2001-03-14,NA,0.178571
2001-03-15,NA,0.178571
2001-03-16,NA,0.178571
2001-03-19,NA,0.178571
2001-03-20,NA,0.178571
2001-03-21,NA,0.178571
2001-03-22,NA,0.178571
2001-03-23,NA,0.178571
2001-03-26,NA,0.178571
2001-03-27,NA,0.178571
2001-03-28,NA,0.178571
2001-03-29,NA,0.178571
2001-04-05,NA,0.178571
2001-04-09,NA,0.178571
2001-04-10,NA,0.178571
2001-04-12,NA,0.178571
2001-04-17,NA,0.178571
2001-04-18,NA,0.178571
2001-04-19,NA,0.178571
2001-04-20,NA,0.178571
2001-04-23,NA,0.178571
2001-04-24,NA,0.178571
2001-04-25,NA,0.178571
2001-04-26,NA,0.178571
2001-04-27,NA,0.178571
2001-05-03,NA,0.178571
2001-05-06,NA,0.178571
2001-05-07,NA,0.178571
2001-05-09,NA,0.178571
2001-05-10,NA,0.178571
2001-05-12,NA,0.178571
2001-05-14,NA,0.178571
2001-05-15,NA,0.178571
2001-05-16,NA,0.178571
2001-05-17,NA,0.178571
2001-05-18,NA,0.178571
2001-05-21,NA,0.178571
2001-05-22,NA,0.178571
2001-05-23,NA,0.178571
2001-05-25,NA,0.178571
2001-05-29,NA,0.178571
2001-05-30,NA,0.178571
2001-05-31,NA,0.178571
2001-06-03,NA,0.178571
2001-06-07,NA,0.178571
2001-06-08,NA,0.178571
2001-06-09,NA,0.178571
2001-06-12,NA,0.178571
2001-06-13,NA,0.178571
2001-06-15,NA,0.178571
2001-06-18,NA,0.178571
2001-06-19,NA,0.178571
2001-06-20,NA,0.178571
2001-06-21,NA,0.178571
2001-06-22,NA,0.178571
2001-06-25,NA,0.178571
2001-06-26,NA,0.178571
2001-06-27,NA,0.178571
