"date","AlphaBank","BNPPariBas","BRD","BT","Erste","ING","Unicredit"
"2001-06-28","0.0112764916644564","0.00920036519690622","0.0260219477553939","0","0.00668265424578452","0.0133225182875168","0.0109854236819843"
"2001-06-29","0.0111532635486624","0.00825813816740329","0.0251812358885039","0","0.00666758086787112","0","0.0101146444558584"
"2001-07-03","0.0109897148768434","0.00814337452067546","0.0253941366998158","0.0137395153715627","0.00668829222938229","0","0.0130066319626145"
"2001-07-05","0.00915350722966415","0.00888615740815998","0.0233519406196328","0.0137153537189148","0.00660796496933612","0","0.0102379988971018"
"2001-07-08","0.00917948051418708","0","0.0214936412706699","0.0137840641759424","0.00652472220839388","0","0"
"2001-07-12","0.00929281467200206","0","0.0230809054150618","0","0.00708103360049289","0","0.00983875824126117"
"2001-07-13","0","0.00981019956476629","0.0257739876372499","0","0.00657602131295164","0","0.0110907439526518"
"2001-07-16","0.0101605987561318","0.00805630415227983","0.0268632503035753","0.016265240592441","0.00680087069944677","0","0.0107646317327849"
"2001-07-17","0.00958136668271103","0.00809625612295431","0.0263880919171732","0","0.00669703418251696","0","0.0116926630169604"
"2001-07-18","0.00928308668885675","0.00801989917684227","0.0260083110853213","0","0.00711072505871849","0","0.0111103496540518"
"2001-07-19","0.00918734821613304","0","0.0243709039702924","0","0.00805474260435078","0","0.0100806705151854"
"2001-07-20","0.00894372362703019","0.0115539718010175","0.0191338426206571","0","0.00682268139859629","0.0150417822892156","0.0100313198111013"
"2001-07-23","0.00857132817307933","0.0116188787524563","0.0239212983682444","0","0.00841799643162591","0.0166822487451031","0.0102824942777008"
"2001-07-24","0.00887492025752994","0.0101465643834011","0.0235136621564896","0.0137388257738531","0.00930855349266657","0.0238806084611738","0.0100027218192763"
"2001-07-25","0.00916454001806036","0.00989807781672421","0.0213484872119274","0.0137529431895774","0.0100914853707386","0.0161298169468981","0.0100366644642873"
"2001-07-26","0.00935130401843977","0.0184321499526868","0.0217843568900224","0.013825644509701","0.00919539067018899","0.0124429699927335","0.0093817237261963"
"2001-07-27","0.0104564515361201","0.0186051613150583","0.0197454911641389","0.0276359007456974","0.00805760486954357","0.0124598670380758","0.00941245265494446"
"2001-07-30","0.0105206604747535","0.00963643477453384","0.0250189363225225","0.0163958511218827","0.00943078816578466","0.0093126836743381","0.00935745679607279"
"2001-07-31","0.01036602276603","0.0189903223071895","0.0270519793541166","0.0248003298421392","0.00954675875661768","0.0165913057847918","0.00954441843290777"
"2001-08-02","0.0104017546060479","0.022463990270197","0.0271139881354773","0.0134892329312745","0.0079233752101798","0.0195360625834597","0.00955970173830384"
"2001-08-03","0.0104895758150722","0.0182305553516632","0.0272955521798573","0.0135300356356541","0.00762275856348895","0.0119590015748582","0.009720285483314"
"2001-08-05","0.0103146051206948","0.0223750969074213","0.0270181807264693","0.0138055505625792","0.00707001861153165","0.0121854878177357","0.0095841396503003"
"2001-08-08","0.010180261744755","0.0151145693799133","0.0268048151440566","0.0174286361044413","0.0079970285220232","0.0142258550290394","0.0099470520198194"
"2001-08-10","0.0109179434342161","0.00987908752167209","0.0261288277885242","0.0130081540351433","0.009709394149967","0.0108453329473987","0"
"2001-08-11","0.0106092599857192","0.0162469839298906","0.0259084987688218","0.0142618951813975","0.00804899828739607","0.0137637515572825","0.00992623889617601"
"2001-08-13","0.010809698361483","0.0172361440271568","0.0278345530206227","0.0139894385970405","0.00789265517361283","0.0138619568340362","0.0100619285802756"
"2001-08-14","0.00963670048505532","0.0164715827993232","0.0295304534257118","0.0141684433472608","0.00695405452961978","0.0212489462367699","0.010293390490195"
"2001-08-16","0.00894165981841992","0.0141833600438575","0.0332683744767779","0","0.00747783227113261","0.0158717944268899","0.0105153607783093"
"2001-08-17","0.00889383262265558","0.0160057274464461","0.024557180588752","0","0.0073011572759575","0.0187231236658908","0.0102714465982896"
"2001-08-20","0.00883874788346678","0.0146479495585248","0.0247747304469994","0","0.00714382058718415","0.0155007689613173","0.0103500991347475"
"2001-08-21","0.0103198585943994","0.0172741393845081","0.0250356084212138","0.0156444425961159","0.00687771372786316","0.0120540000427299","0.0104231665098389"
"2001-08-22","0.00860614108664897","0.0162044387775905","0.0252736293114693","0.0135173360728884","0.00684418196157111","0.0137306998655955","0.010428835776805"
"2001-08-23","0.00910957780478103","0.020997035641636","0.0249832337135018","0.0135525535267106","0","0.0130280709648092","0.0134262032195277"
"2001-08-24","0.0097074943944406","0.0170141375295411","0.0244062853570395","0.0135794517149067","0","0.0129038567629663","0.0106203939790905"
"2001-08-27","0.00881356347902893","0.0146278449893927","0.0240796126637444","0","0","0","0.0102595925835765"
"2001-08-28","0.00967606435130228","0.019586273211935","0.0237909658101016","0","0","0.012641409364048","0.0104055044814798"
"2001-08-29","0.00876990041946231","0.0172546703562609","0.0315332914761872","0","0.00677508325577688","0.013530006935322","0.0113480363937048"
"2001-08-30","0.00858738388889642","0.00676058083139796","0.0199560943162041","0","0.00696195807903864","0.0132440613089422","0.0100687861836232"
"2001-08-31","0.0116912477420357","0.00621802590142418","0.0199038238498594","0.0137600664475219","0.012959843358158","0.0131184275891252","0.0101264501548696"
"2001-09-02","0.0109074488430592","0.00582842500276388","0.019302756048961","0.0137351566070177","0.00662491890876361","0.0129916710240871","0.00980471711941993"
"2001-09-03","0.0108036326194172","0","0.0191172759427179","0.0138629251712693","0.00678290950912157","0.0129640539595031","0.00989020914092659"
"2001-09-05","0","0.0119979212583381","0.0177473313372589","0.0141910833028528","0.00813221949779328","0.0135895199668309","0.010094820871707"
"2001-09-07","0.00901198346238017","0.0135722876153233","0.0170290692959517","0.0142520978130709","0.00803214753963497","0.0129948658719566","0.00988138138301091"
"2001-09-08","0","0.00921650229159628","0.0143031020963507","0.0136132038003919","0.00764994659967332","0.0130553075492691","0.0101263229061492"
"2001-09-10","0.0109433992587089","0.0105750427414339","0.0122351016462162","0.0143261655397739","0.0113851070413183","0.0144262496573802","0.0101300300027351"
"2001-09-11","0.00947902462674123","0.0068401639936505","0.0122365892403102","0.0151722863269053","0","0.0162049729624351","0.00995529186830509"
"2001-09-17","0.00974211600332615","0.0133156314531803","0.0121278216682728","0.0126432441911401","0","0.0139606723204339","0.0106276305813658"
"2001-09-18","0.00872526919251282","0.0132535829177009","0.0146630107637515","0.0131012904531907","0.00901282822699222","0.0148082707333723","0"
"2001-09-19","0.00896392147925671","0.00894215525443801","0.0122719251847385","0.0129094678068741","0.00847374333264457","0.0152451546565358","0"
"2001-09-20","0.00992634250081784","0.0255498202396934","0","0.012949604477783","0.0104938555356811","0.0153158648271993","0"
"2001-09-21","0.00976535596485899","0.0154254830372412","0.0120038812157591","0.0131671291619069","0.00632999268248175","0.0158462410022392","0.0108240389619258"
"2001-09-24","0.0113411482286585","0.0245412108604796","0.0123637734007042","0.0142724630700338","0","0.0096712164975153","0.013054164378525"
"2001-09-25","0.00846324645461376","0.0154452418297907","0.0138735059097645","0.0172206955991053","0.0103004010768093","0.009609163823009","0.0132085481206315"
"2001-09-26","0.0118826424334094","0.0280763287841041","0.0122478443382146","0.0152545310905783","0.00866013291079158","0.0196486942311732","0"
"2001-09-27","0.0107907518731836","0.0196957117977487","0.0123425215117638","0.0167134593050546","0.0166490120267964","0.0199494821752651","0.0139779914881143"
"2001-09-28","0.010676751932317","0.0172719977588341","0","0.016052823060396","0.0182390010422293","0.0105342687594081","0"
"2001-10-05","0.00961032128001321","0.00712988871686061","0.0147541974945424","0.0157230565002852","0.0170172489817267","0.0192630088028094","0.0117609889926766"
"2001-10-07","0.0106995258710554","0.0172759243205704","0.0155703259413765","0.0160316173640416","0.0162315574520377","0.0194999449310951","0"
"2001-10-08","0.0113485165449684","0.0167084996046351","0.0158493438597123","0.014954094609077","0.0172686972000233","0.00965470323419048","0"
"2001-10-09","0.0118861637005021","0.0185947878262475","0.0144859176421292","0.0173565328596569","0.0175999258585082","0.0129615755749979","0"
"2001-10-10","0.0117605231808088","0.0186379793430869","0.015567478143354","0.0163286050636931","0.0166606390314917","0.00983890426834963","0"
"2001-10-12","0.0125355210208906","0.020186709217629","0.0140405098520206","0","0.0182102596249978","0.0131062265298252","0.0133113101957043"
"2001-10-15","0.0125170819487604","0.0183663572479878","0.0138163138011221","0","0.00893020489067014","0.0132489269968529","0.0142494772727249"
"2001-10-16","0.0133897751800608","0.0198918345879591","0.0142976554068683","0","0","0.0113245123889472","0"
"2001-10-17","0.0146854525448638","0.00939919231025446","0.0125394708738665","0.0131530261323808","0.0123389988785021","0.0151412476938634","0"
"2001-10-18","0.0126876046320398","0.0120140722308199","0.0137838439427073","0.0141203526725684","0.0142799278079469","0.0150498257259055","0.0132968577745149"
"2001-10-19","0.0119808730093403","0.0122290232712189","0.0121799126930231","0.0133399300391855","0.0120899595327981","0.0153026013643861","0.0131190810349467"
"2001-10-22","0.0121533981438131","0.0150367772124585","0.0124824757158841","0.0147321124069657","0.0250060529090816","0.0151599161596398","0.0128577993566506"
"2001-10-23","0.0118821124692423","0.0132720818925121","0.0139745068265884","0.013472372182291","0","0.0174342754385326","0.00909153892599151"
"2001-10-24","0.0117352246041038","0.00846164455772952","0.0144610620446748","0.0136216287074626","0","0.0137969128732027","0.0109342144303596"
"2001-10-25","0.0119670608748474","0.0433896764471028","0.0143315398056708","0.0170937965139165","0.0156933810145442","0.0143043619532322","0.012558225781313"
"2001-10-29","0.0120554690334297","0.0431306378576831","0.0144668024796669","0.0139845888870072","0","0.0141234886985792","0.012004238602406"
"2001-10-30","0.0118111820630128","0.0143899657998914","0.0144042976384172","0.0141425251088339","0.00878393689056736","0.0104921615620789","0.012469950736568"
"2001-10-31","0.0125153345579127","0.0141441223673373","0.0144763947566573","0.0139844813801208","0.0110451781100692","0.0108544023000819","0.0120083059417704"
"2001-11-04","0.0136643989687875","0.0155878350696674","0.0143988173455924","0.0186173498773223","0.00903002597801222","0.0116147537828739","0.0122291987078876"
"2001-11-05","0.0129922550749441","0.013587727440159","0.0145322021970014","0.0135969753173838","0","0.0111682913288048","0.0121265167223831"
"2001-11-06","0.0129248207024276","0.014193090407505","0.0145563115592894","0.0137787992128766","0.00914313651991982","0.0108879914781999","0.0123112423606971"
"2001-11-07","0.0128491980936578","0.0167020583697282","0.0146139461166836","0.0139363640356631","0.00913321699163968","0.0112405464674241","0.0123103415028859"
"2001-11-10","0.0127565590797927","0.0157797911389729","0.0149248869830309","0.0141118165036849","0","0","0.0124104065988565"
"2001-11-12","0.0131445021626288","0.0158581660854757","0.0147563357458471","0.0135560464339469","0.010232788327326","0.0106866809270953","0.0098487441528393"
"2001-11-13","0.0130515799086493","0.0134292615542077","0.0148426462354116","0.0140188049728466","0.00875459264013207","0.0107120909386588","0"
"2001-11-14","0.0140338061735686","0.0237857542521146","0.0148337103459786","0.0117305645864294","0.0088657799039464","0.0112586366026275","0"
"2001-11-15","0.0151326109891513","0.0221219349578677","0.0148273318603341","0.0113970221595773","0.00891950477393088","0.0113634657195995","0.0110536740150065"
"2001-11-16","0.0146252695296918","0.0118705152789962","0.0146585437195093","0.0120080386166622","0.00965461187398858","0","0.0111197616150817"
"2001-11-19","0.0149740643754882","0.0163427911096361","0.0146463356981987","0.0121628936689952","0.00955788037081143","0.0117114111784515","0.011071041734715"
"2001-11-20","0.0151728294868051","0.0147884978891553","0.0150204553017276","0.0138864114450109","0.00897857396388264","0.0122303061325916","0.00885682045801929"
"2001-11-21","0.0153923345220109","0.0174045396160404","0.0160204668555899","0.0143204374190087","0.00930893950475967","0.0122127488480873","0"
"2001-11-23","0.0262364524332505","0.0159424552132312","0.0149902243040338","0.0144612605073134","0.00959373081971128","0.0122691789645065","0"
"2001-11-26","0.0274679844871344","0.010004291121683","0.0147663427802816","0.01454148729695","0.00871627270761173","0.0122547195257942","0"
"2001-11-27","0.0260498135991886","0.0105058455982842","0.013470694681132","0.0165508615813485","0.00938338005485083","0.0124552636981652","0.00917062067301944"
"2001-11-28","0.0268174337775871","0.0110517935639576","0.0137324671188613","0.0160295586737597","0.00932365192597823","0.0121554753257254","0.00867810219139922"
"2001-11-29","0.0253113543901534","0.00721760818000323","0.0141128745455516","0.0149788609767091","0.00650876726206186","0.0121304469546766","0.00980222667924421"
"2001-11-30","0.0140997744200051","0.00725807995712273","0.01504228170995","0.0148065521154603","0.00864060154620613","0.0121663142543397","0.00860199807706288"
"2001-12-02","0.0142235027790502","0.00695846506990788","0.013642632768827","0.0143855580851451","0.00791989518649426","0.0116908320271293","0.00989486619771395"
"2001-12-03","0.014310474452365","0.006994322485194","0.0146669644195081","0.0144976866621615","0.00892261441509786","0","0.008653118765346"
"2001-12-04","0.0126917724163488","0.0069394177970936","0.0137172349514044","0.0144827395186201","0.00758565761136617","0","0"
"2001-12-06","0.0128412059147055","0.00983667072958827","0.0144747482213138","0.0141610574924003","0.0081328904432462","0","0"
"2001-12-07","0.0124578895733776","0.0096564249395866","0.0142065273951896","0.0140740893331144","0","0","0"
"2001-12-10","0.0133405675061208","0.0231715955258027","0.0138937641053064","0.0145310933451671","0","0.0130332973756909","0.0108818584285965"
"2001-12-11","0.0115496020716598","0.031125786679622","0.0139538687622164","0.0158594277120532","0","0.0116953799077109","0.0151588512017461"
"2001-12-12","0.011783061500894","0.00611467672309475","0.0131580393926688","0.0157171997588892","0.00778595181639972","0.0135836577069038","0.0121133197042044"
"2001-12-13","0.0123249251697707","0.0104839138741003","0.0136898657911835","0.0154212605227889","0","0","0.0122103965218676"
"2001-12-14","0.0117340023684257","0.00975026053470698","0.0129428168475326","0.0116312736798726","0","0","0.0125509663649668"
"2001-12-17","0.0118128855852032","0.0117929236176289","0.0134915873495813","0.0136489865705759","0","0","0.0127872844371006"
"2001-12-18","0.00962410212754251","0.00999167958707675","0.0127905854869589","0.0142579054226267","0","0","0.0131694281802052"
"2002-01-02","0.0111995150314945","0.00975314816272282","0.0130370293560538","0.0138738599457083","0","0.00988057157484667","0.0130302397901321"
"2002-01-03","0.0115719012046374","0.0109807410422855","0.0147553523308121","0.0114461309833144","0","0","0.0125754121058271"
"2002-01-07","0.0113604148117017","0.00860585878335507","0.0139060814882109","0.00993442367492405","0","0","0.0118299089107287"
"2002-01-10","0.0107566226624031","0.00713794648963316","0.0151077281938543","0.0149771276905951","0","0.0103460953672901","0.0119943948516331"
"2002-01-14","0.00989356720019186","0.00719960238094215","0.0150404578708947","0.0121499965180455","0","0.0105558496845271","0.0124622660341778"
"2002-01-15","0.0112040221248604","0.00546478493579568","0.0139908130828011","0.0113603597089205","0.00840257880957479","0","0.0114935652282638"
"2002-01-16","0.0120678211998185","0.00670415567854571","0.014000634258541","0.0112592640026095","0","0","0.0128308124760232"
"2002-01-17","0.0123700327845019","0.00697784642307231","0.0139809649781527","0.0107907961181586","0","0","0.0129135605102647"
"2002-01-18","0.0145070802502143","0.00698184717641284","0.0140291500803157","0.0103989993051234","0.0101743757805867","0","0.0126664735626594"
"2002-01-22","0.0144587521168941","0.00696165455376914","0.0143385792045389","0.0102590201887086","0","0","0.0125065124292229"
"2002-01-23","0.0175096894377247","0.00671175251994107","0.0144692418285856","0.0102962503065827","0","0","0.0124562758001939"
"2002-01-24","0.012360489340135","0","0.014735288465353","0.0102443619957157","0","0","0.0122789366409323"
"2002-01-25","0.0114535552581477","0","0.0145640743073618","0.0194984218614557","0","0","0.0121130005676778"
"2002-01-28","0.0113336553295865","0","0.0152680688322746","0.0213080272882902","0","0","0.0129861372143858"
"2002-01-29","0.0112229274355038","0","0.0152716462410314","0.019762781757589","0","0","0.0126417550589019"
"2002-01-30","0.0127895058400168","0","0.0149942803044276","0.0168881109661276","0","0","0.015384813612949"
"2002-01-31","0.0112537754085875","0.00693136947424029","0.0150213611777074","0.0166871157571742","0","0","0.0121902434538173"
"2002-02-04","0.0111668218936332","0.00708157012519405","0.014969576940478","0.0122013274197834","0","0","0.0115429337558427"
"2002-02-07","0.0120147227646603","0","0.0149344759627115","0.0120759683155443","0","0","0.0117205048009045"
"2002-02-08","0.0177366537727581","0.028213900220845","0.0152538702771232","0.0120511632174084","0","0","0.0119881576449569"
"2002-02-10","0.0127712323311628","0.0217951046777646","0.0153280452286553","0.0113992113598548","0.00964588699563616","0","0.010071673268929"
"2002-02-12","0.020318431449756","0.0266303424905191","0.0155313601115177","0.00973272693414545","0.0127275321800693","0","0.0100018551575815"
"2002-02-13","0.010835989760703","0.0308174544984694","0.0156279497864298","0.0107316101399023","0","0","0.0100466003543095"
"2002-02-14","0.011020000097033","0.014717599543502","0.0153382163023905","0.0106149403988499","0.0118627240748157","0","0.0100651082870356"
"2002-02-15","0.010804333363501","0.0142321488774544","0.0156704381489906","0.0106072703765293","0.0107766382707158","0","0.010485372551616"
"2002-02-19","0","0.0144648971780506","0.0159963878678686","0.0105020746217818","0","0","0.0163141665756652"
"2002-02-20","0.0108723544830526","0.0252846953680138","0.0157829745840457","0.0103805217054288","0","0","0.0151163766731172"
"2002-02-21","0.0118843519977891","0.0249698119853629","0.0148673653199421","0.0102447036620957","0","0.00915641044042215","0.0176465499842285"
"2002-02-22","0.0177297706105876","0.0252630697082396","0","0.0103331943706848","0","0.0126848729297377","0.0163646885824503"
"2002-02-25","0.0175613410571136","0.0222969897640927","0","0.0103087602884863","0.0111541760844517","0.0133629688261188","0.0164124750436702"
"2002-02-26","0.0172470590592473","0.0218722219474309","0","0.0101676872277834","0.0117596927012301","0.0136101741419777","0.0157412506845002"
"2002-02-27","0.0178318860664282","0.029379341431194","0","0.00925542486038589","0.0120631950039582","0.0137995804325775","0.0162244461204592"
"2002-02-28","0.0186014745022197","0.0241690472968907","0.0141587915956701","0.00920598224001245","0","0.017252675023854","0.0152503826487719"
"2002-03-01","0.0167479354618835","0.0282389839426438","0.012335224076478","0.00894277704323043","0","0.0106996748166469","0.0160485561920865"
"2002-03-04","0.021892863010018","0.0264894585141864","0.011740110495292","0.0120446308836944","0.0121465616855893","0.0106543791410605","0.01491524045175"
"2002-03-06","0","0.0207622324943463","0.0121583849007375","0.0117309808778778","0.0124591318051609","0.0106243371752227","0.0165615386485725"
"2002-03-07","0.0139620770206145","0.0186873768639777","0.0139291237967864","0.0090472400769211","0.0087977386075383","0.0108290154678277","0.0139258389032166"
"2002-03-10","0.0146585175543762","0.0156446681091673","0.0104002775790211","0.0110232364352476","0.00924993114407652","0.0123684374924581","0.0145767558755008"
"2002-03-12","0.0193666130190641","0.0195044054610578","0.0118385008863506","0.0109503445548946","0","0.0152994888159636","0.0206908453718901"
"2002-03-13","0","0.0175401087716538","0.0109787126135992","0","0.00729501778845407","0.0204569192994654","0.0307041871155581"
"2002-03-14","0.0113168761217128","0.0144593792684789","0.0127412057352425","0.0125912220229774","0","0.0110208378807736","0.0158362903500162"
"2002-03-15","0.0111541704602292","0.0169598255824094","0.0125254752047448","0.0186542293176947","0.0119915546173111","0.0150491622335898","0.0148406941629813"
"2002-03-20","0.0142139854913205","0.0150655075142613","0.0180581171890149","0.0223662953872013","0","0.0187655471070403","0.00889478649951499"
"2002-03-21","0.0115119851253635","0.0150165261092967","0.0198469187313714","0.024720504767876","0.0103020417040015","0.0130619689037989","0.0156681195181951"
"2002-03-22","0.0118349476065128","0.014396913948918","0.0366706869301195","0.0273878182184144","0.010864508024613","0.0137938627301578","0.014417133940363"
"2002-03-28","0","0.0171205028334891","0.0325967885825835","0.0269234156433657","0.0122144857614046","0.0138304009301089","0.0111616853358895"
"2002-04-01","0","0.0132392480814529","0.0359673977236403","0.0272713440453947","0.012765019251253","0.0134981598459663","0.0145768012914277"
"2002-04-02","0","0.0153602368851834","0.0360931644915446","0.0272204267994496","0.0120050935437104","0","0.0116235466234159"
"2002-04-03","0","0.0145389632281073","0.0325460530435079","0.0226264924174144","0.0129482937682282","0.0136172036335721","0"
"2002-04-06","0","0.0129832157980465","0.0388354093029271","0.0271371451665257","0.0126545461302377","0.0136691577173512","0"
"2002-04-10","0","0.0267875502180122","0.0360469531506073","0.0272091027757762","0.0123509193423272","0.014548647348008","0.00928015741372762"
"2002-04-11","0.0104725700892961","0.0174736748862047","0.0384215611215492","0.0271647305279523","0.0126320243482178","0","0.020198240823432"
"2002-04-12","0.0147523601917745","0.0214500811795019","0.0369832705374803","0.0271840742750407","0.0115307862566361","0.0112890702543198","0.0249083654514845"
"2002-04-15","0.0140500262978196","0.0210459516814054","0.0374493991282203","0.0266400054229657","0.0119353789897681","0","0.0255696943802446"
"2002-04-17","0.0151930031137908","0.0212948929179761","0.0377105280163965","0.0267124168160516","0.0119916334016764","0","0.0239279108831233"
"2002-04-18","0.0145573950367927","0.020245834793777","0.0440428153475956","0.0274884214390863","0.0112977099362898","0.00958465084102967","0.0251879960736654"
"2002-04-19","0.0227738803388524","0.0201442202163049","0.0415633420543368","0.0269032562092017","0.0121121439103652","0.00958332726717842","0.0249444922709831"
"2002-04-22","0.0175089937668657","0.0205078194716213","0.0411325897976613","0.0280220257950156","0.0113504312428348","0","0.0309975652839648"
"2002-04-23","0.0134164119172117","0.0210432498278313","0.0418862277245166","0.029866720380197","0.0114160105434776","0","0.0258324812100285"
"2002-04-24","0.0157452334566977","0.016937729509455","0.0411042372263759","0.0299906855692753","0.0113943094443262","0","0.0251173543179977"
"2002-04-25","0.010656068832512","0.0225094553343136","0.0423349409086159","0.0272983938305025","0.0178340637272608","0","0.0295236106024979"
"2002-04-26","0.0106446916889547","0.0167875264174881","0.0427682990002864","0.0270804841321663","0.0264331551538452","0","0.0299344488355075"
"2002-04-29","0.0106865036509196","0.0227163724748476","0.0392034954184898","0.020757100688769","0.0185003113270617","0","0.0274010598655085"
"2002-04-30","0.0113326728990253","0.0235106704894479","0.0413356737211268","0.0260951753493307","0.0201835209379062","0.00803553079803884","0.0288999956403302"
"2002-05-02","0.0107986985138509","0.023153538747988","0.0403728685614203","0.0211286052843382","0.0210101639416772","0.00716683863913767","0.0294364379739077"
"2002-05-03","0.0112121438238556","0.0315894565232577","0.0415236705632162","0.0260143764591116","0.0216020271221266","0.00890988331197244","0.0346692311438173"
"2002-05-06","0.0112061164015769","0.023094588148369","0.0384452211070178","0.0209973688050482","0.0196155811867873","0.00695537895002475","0.0327935679627249"
"2002-05-07","0.0112818241597288","0.022160876371792","0.0357997515937725","0.0216229293326273","0.0179727948273708","0","0.0324415531572563"
"2002-05-08","0","0.0218778878036967","0.0375829174858131","0.0260015711916963","0.0174891318816075","0","0.0279319640431133"
"2002-05-11","0","0.0217973431246307","0.0380473342405285","0.026075565157203","0.0180333692344858","0","0.0280917961979322"
"2002-05-12","0","0.0219396322660294","0.0385027411817529","0.0260704138529246","0.0173055692028412","0.0054202214521143","0.0281078600352889"
"2002-05-13","0.0105791488089393","0.0219237910868586","0.0384277639542199","0.0260751311096154","0.0179880780681729","0.00652705797509466","0.0226298461435061"
"2002-05-14","0.0103539689388571","0.0220571541615314","0.0385500213012399","0.0268738400832216","0.0182973748976183","0.00566063260228047","0.0378210377807238"
"2002-05-15","0","0.0223364674228692","0.0394829985238223","0.0274363439858768","0.0190210483965147","0.00564347379343413","0.0282811993923736"
"2002-05-16","0","0.0217461326943358","0.0425370300150535","0.0279881410233766","0.0187748659666995","0.00657822146306759","0.0364477570668727"
"2002-05-17","0","0.0213996841883077","0.0425049111922323","0.029030832782902","0.0175136101169875","0.00657681765474174","0.0287906977760234"
"2002-05-21","0","0.0218380565290633","0.064671008743852","0.0275513443381258","0.0183792072524613","0.00652062276233793","0.0349883813744824"
"2002-05-22","0","0.0204528730291724","0.0422328125291329","0.0275093306360177","0.0126271660236523","0.00649964325443368","0.0337134399558775"
"2002-05-23","0","0.020332142058708","0.0625753460339702","0.0293236572389326","0.0118495678795368","0.00655740098459823","0.0345894250952824"
"2002-05-24","0","0.0216331691384829","0.040984529929484","0.0275658173964092","0.0128496375821138","0.00655505139479823","0.031712326207834"
"2002-05-28","0.0101596356674314","0.0187883824248569","0.0386343321245144","0.0275425774884976","0.0124528330880386","0.00664150472379425","0.307168250649077"
"2002-05-29","0.00998943355170762","0.0219070879539838","0.0368224547537351","0.0274092734254819","0.0105962446068983","0","0.0252475695655827"
"2002-05-31","0.0143252781158966","0.0169728512618521","0.0341096353433891","0.0273824206619786","0","0","0.0288251799201189"
"2002-06-02","0.00985170351462611","0.0167535294974406","0.0325149473273549","0.0273340491652582","0","0","0.0259132833293389"
"2002-06-03","0.0100273191209988","0.0165336526805018","0.020721205356769","0.0277295907868037","0.0107419154002541","0","0.0141268528012211"
"2002-06-06","0.0101379483827104","0.0208527236447205","0.0353398593728097","0.0277066420632712","0","0","0.0167125592759455"
"2002-06-08","0","0.0167491649131637","0.0350210431432084","0.034912642127215","0","0","0.0195691422127331"
"2002-06-11","0","0.0203667826329475","0.020196592279583","0.0277761165791813","0.0105472486559695","0","0.0202124895882373"
"2002-06-12","0","0.0230849291928028","0.0362506561216946","0.0313932645310804","0","0","0.0203486537684088"
"2002-06-13","0","0.0223814686159005","0.0350347087167188","0.0276106759389388","0.0110803094057887","0","0.0177464642301101"
"2002-06-14","0","0.0227374407659064","0.0378158008453526","0.0276034247245282","0.0110576351041983","0","0.02438818496579"
"2002-06-28","0","0.022808840392145","0.0405969451422849","0.0271982774551443","0.0112289213334707","0","0.02461322239685"
"2002-07-01","0","0.0161540864866775","0.0408049270352486","0.0283847964271675","0.0110906112168413","0.00872221198855825","0.02690874209638"
"2002-07-02","0","0.0156822614297417","0.0347096969039279","0.0278666757367995","0.0110005335029604","0.0085555787138875","0.0290863864530579"
"2002-07-06","0","0.0128571051406057","0.0368389253951638","0.0275248366237032","0.0108773791939972","0.0081257283866814","0.0233336579348478"
"2002-07-08","0","0.0149935984988921","0.0360553992612107","0.0278474735290663","0.00972561977076518","0.008490004085039","0.0272388487313596"
"2002-07-10","0","0.0174153714906539","0.033571725393263","0.0280186845191925","0.0108162106120452","0.00850118282938453","0.0695262339183964"
"2002-07-11","0.00774532149068823","0.0153998781467535","0.0335872285658201","0.0285652112971071","0.0210731624036085","0.00850877711639452","0.0568625909988024"
"2002-07-15","0","0.01695124913467","0.0380395518447155","0.0276679516570485","0.0187838269111311","0.00744355706202944","0.027169607212304"
"2002-07-16","0.00796589145499458","0.0167097810008618","0.0390237948765312","0.0271798842558376","0.0192951247864834","0.0076040429910847","0.0187023398218656"
"2002-07-17","0.00884333392125525","0.020711277409561","0.0387529668250652","0.0271219442677699","0.0194486003910055","0.00763372261788323","0.0183810551488272"
"2002-07-18","0.00851014202839282","0.0173838152908127","0.0333161183638047","0.0270928124465581","0.0192941313852649","0.00756261653258932","0.0167209726430861"
"2002-07-19","0","0.0219002697232899","0.0376873527103116","0.0271607827796461","0.0215616533614402","0.00764327885584703","0.015387276786034"
"2002-07-22","0.006467345405095","0.0170683638643001","0.0425642378956086","0.0273420255205318","0.0209345180478602","0","0.0151957622712323"
"2002-07-23","0.00912678863913916","0.0172176606755524","0.0432805522161216","0.0278458659462453","0.0210186660717536","0","0.0147948017046363"
"2002-07-24","0.00829904182225697","0.0173112872902018","0.0425789113394588","0.028217407331902","0.0145221847206769","0","0.0161069056096607"
"2002-07-25","0.00904229558398338","0.0279389627416589","0.0421854105054303","0.0290354685029015","0.0167296354168589","0.00831509903567952","0.0170730471296303"
"2002-07-26","0.00963525882524708","0.0303109889605236","0.0425652806537031","0.0289220623501884","0.0164945305531726","0.00851645716464407","0.0122776821551846"
"2002-07-29","0.00896310341499513","0.0252993892669011","0.0350132981473058","0.0280226535765325","0.0180610356341288","0.00915952033128764","0.0198482754102703"
"2002-08-01","0.0109640802108003","0.0564726315835225","0.0342334633146126","0.029022070998908","0.0186957797141277","0.0108245263603966","0.0133976942721551"
"2002-08-02","0.00934445257025988","0.0582121220079768","0.0347190366473016","0.0293474828387069","0.0157528840558956","0.0106558629074645","0.0208777187003682"
"2002-08-03","0.00943168475546472","0.0696717971159053","0.0329109466195043","0.0281343752117753","0.0165364400117155","0","0.0131366149547147"
"2002-08-05","0.0134418234333712","0.0209019162501781","0.0311183169065507","0.0281060284816845","0.0150123317919053","0.00842454393241918","0.0137146235408918"
"2002-08-07","0.01329254919856","0.017751764818113","0.0337751382618823","0.0280946959249679","0.0147143118244612","0.00838270502196767","0.0173377534852578"
"2002-08-08","0.00950212248004964","0.0204944475476194","0.0333900540329588","0.0280273346391793","0.0148827000883723","0.00834856356951595","0.010651816560185"
"2002-08-10","0.0100556889230019","0.0237527000076263","0.0435643709805521","0.0276795701415585","0.0183114253814444","0","0.0107059390097747"
"2002-08-11","0.0158590439461953","0.062822716207078","0.0438347530773162","0.0281044081529298","0.0171484508390907","0","0.0121714565782404"
"2002-08-13","0.00961592736170291","0.0252875612945833","0.0429749236719387","0.028069515158247","0","0","0.0108390652440022"
"2002-08-14","0","0.0189401597763618","0.043793546220251","0.0280421549890482","0.0187236051248039","0","0.0155868978233979"
"2002-08-16","0","0.0278244302211297","0.043892314158807","0.0281239850206514","0.0178818196380453","0","0.0196475714302059"
"2002-08-19","0.0114097552786373","0.0377348107531542","0.0439196919966056","0.0281188580660215","0.016815584983156","0.00881620917529354","0.0201864278139811"
"2002-08-20","0.0104836484649876","0.0295329092363008","0.0437065549098238","0.0284015096773435","0.0160909149269353","0.0120452098342647","0.0171939653793691"
"2002-08-21","0.0107053667964296","0.014871141450525","0.0436470716570822","0.0280530190060626","0","0","0.0185433164878372"
"2002-08-22","0.0099925417944989","0.015006236357744","0.0433691068339833","0.0284446168327993","0","0.0105669127263375","0.0298361588502919"
"2002-08-23","0","0.0159025010365689","0.0433810216671403","0.0299819066902252","0","0.00940544976964627","0.0186402460479724"
"2002-08-26","0.00967912808162155","0.0156681184856808","0.0430199027488814","0.0296116425172032","0.0159245394447885","0.00872245324736168","0.0214612938435748"
"2002-08-27","0.0100640381330631","0.0139207415852273","0.0427746658198476","0.0284257719191368","0.0183084301666657","0.0121674890030201","0.0192832407351474"
"2002-08-28","0.00995744096368938","0.015200765749689","0.0425058386190722","0.0291982044971557","0.0190076508500429","0.0152430745784306","0.0186767952845629"
"2002-08-29","0.0105501221180664","0.0139112680407134","0.0436678174153774","0.0292211794711947","0.0203144802604089","0.0118744637410854","0.0121986982750511"
"2002-08-30","0.00859858818651725","0.0142759219054644","0.0437141973949088","0.0296947826392395","0.0185196092001574","0.0091467973167659","0.0124845257893617"
"2002-09-01","0.00824954271919915","0.0146233624366678","0.0413258021911156","0.0276314931079624","0.0163772943222009","0.00859591724989636","0.013173656305502"
"2002-09-07","0.00800015566327687","0","0.0409805358388638","0.0185235636806894","0.0165304633015951","0.00868145848422656","0.0184228320528632"
"2002-09-08","0.00865340915596989","0","0.0400784563626848","0.0175212288568411","0.0189173078564912","0.00812999876183149","0.0201580292290128"
"2002-09-09","0.00881161016801732","0.0143608141316217","0.0370297674388594","0.016148196237202","0.0165878633245637","0.00888322529197189","0.0191629486599214"
"2002-09-10","0.00830708230991951","0.0193117767253595","0","0.0113105115976923","0.0172608684576224","0","0.0289634100247803"
"2002-09-12","0.00829724595486065","0.0150079136761052","0","0.0101125326244972","0.0163627312258166","0","0.0261846720057219"
"2002-09-13","0.0119737822186742","0.0161733833309054","0.0166485249598425","0.0100863158776656","0","0","0.0185295261046541"
"2002-09-16","0.00830482893010249","0.0144760894430764","0.017089412909442","0.0183623134269994","0.0193198118394726","0","0.0433889805034844"
"2002-09-17","0.00854345033751794","0.0166262432895134","0.0149279843149764","0.0216748073067923","0.0169192814940974","0","0.0209163428211848"
"2002-09-18","0.00838152724549357","0.0169867771663428","0","0.0180744912561284","0.016977158693247","0","0.0142265770503786"
"2002-09-19","0.00837535487001818","0.0224479906830919","0","0.0180190045286967","0.0191595858830388","0","0.0125320780551678"
"2002-09-20","0.00885791435447767","0.0155933114769724","0.0159620824481642","0.0189020799737447","0","0","0.0124922131822073"
"2002-09-23","0.0080874304215397","0.0153254826995791","0.0164241845684287","0.0188916191947889","0","0","0.0103954322118991"
"2002-09-24","0.00795725890094219","0.0150868468946604","0.0172904313656554","0.0185413865900441","0","0","0.0116675540235534"
"2002-09-25","0","0.0149821550636528","0","0.01886794330398","0.0161925060929892","0","0.0143264462110725"
"2002-09-26","0","0.0150843201398861","0.0163696339651069","0.0109344937996199","0","0","0.0111405853069698"
"2002-09-27","0","0.0151544386424697","0","0.0110074681825827","0.0172233936231932","0","0.011894371140762"
"2002-09-30","0","0.0151760561600099","0","0.0108972459345","0.0173591321357098","0","0.0113541046541496"
"2002-10-01","0.012946886785101","0.0233301760747207","0.0137778248303052","0","0.0174457772459486","0","0.0102506723535785"
"2002-10-05","0.0126718282590113","0.0242715831408572","0","0","0.0173116060968142","0","0.0139714579627097"
"2002-10-06","0.0125938467812898","0.0219633623106555","0.015643522068344","0","0.0164656092479617","0","0.0139664474782897"
"2002-10-07","0.0126977839484605","0.0220870152887912","0.0140119592212977","0.010359627947786","0.0198870643795526","0","0.0106631031556387"
"2002-10-09","0.0120333529083773","0.0239390331945127","0","0.0100545992325686","0.016821977432358","0","0.00851326708805318"
"2002-10-10","0.0118176519240991","0.0255532688083175","0","0.0099824367117946","0.0188828796585115","0","0.0090490517023481"
"2002-10-12","0.0139133090160616","0.0250298253420085","0","0.0127180632984505","0.0184673883700827","0","0.0080237783443427"
"2002-10-14","0.0143248747018039","0.0250914281441838","0","0.0107463433658626","0.016770130818764","0","0.00846662354736723"
"2002-10-15","0.0143993825060498","0.0206224572683831","0","0.0116221413800026","0.0164944735902797","0","0.185832995491196"
"2002-10-16","0.00969385525857477","0.0170831132376349","0","0.0105482123966903","0.0180212432760656","0","0.0121644346372294"
"2002-10-17","0.00916485318822162","0.0197130435377834","0","0.0101296258034067","0.0172980544433965","0","0.0086064972244219"
"2002-10-18","0.00816312721431305","0.0171842103781866","0","0.0102374052537794","0.01764736675985","0.0109621909750644","0.0100839010876234"
"2002-10-21","0.00822263793258275","0.0171194056887767","0.0136401883094582","0.0104975351658689","0.0183311023775038","0.0108013202049948","0.251493047305398"
"2002-10-22","0.0101335738657001","0.0182819156723209","0","0","0.0172004533841786","0","0.0130526785920719"
"2002-10-23","0.00825930965343684","0.0207710437203922","0.0161265188265823","0","0.0170360974399647","0.010419644884474","0.0147218898107916"
"2002-10-24","0.0107903176965471","0.026348048368003","0.0202990880972196","0","0.0173555394280746","0.00742386476102456","0.0150932192527268"
"2002-10-25","0.0144380425089825","0.0282603394358062","0.0164842255239465","0.00998019097911659","0.0173503623935459","0.00922153667206836","0.0148236499804685"
"2002-10-29","0.014607341401859","0.028019542653224","0.0167395934691465","0.010051832746433","0.01757380616897","0.00917832143825793","0.0167633423577654"
"2002-10-30","0.0141092842953503","0.0445648147894951","0.0171733366319947","0.0105948712866285","0.0137723704454139","0.00912253265920306","0.0171243391110922"
"2002-11-01","0.0124475743467401","0.0336931263341099","0.0189200545812581","0.0123362820004043","0.013591439302746","0.00925591152511674","0.0168806348958694"
"2002-11-02","0.00879410726724387","0.0335865455916207","0.0199645920993955","0.011225146084616","0.0166040066278909","0.00976280934808835","0.0165358858424183"
"2002-11-03","0.00872500759941668","0.0286386123634993","0.0197789172411571","0.0123770310588053","0.014899206277574","0.00983195316573479","0.0164276936248101"
"2002-11-04","0.00900315158531032","0.0291611096597254","0.0182504941147859","0.0119070708588093","0.0094782908137952","0.0141787433128499","0.0171338926030781"
"2002-11-06","0.0083957437508106","0.0311941135247499","0.0157478467620587","0.0119848181872198","0.0154623652605712","0.0171054850853747","0.0170853382984115"
"2002-11-07","0.00839054341973066","0.0296362064919878","0.0181767617254544","0.0126378564708492","0.0163205733103766","0.0101919924149021","0.0217108170220523"
"2002-11-09","0.00825256792102494","0.0295193102286577","0.0177698212207122","0.0135353145047064","0.0160920557445587","0.00923326016336708","0.0412012822251066"
"2002-11-10","0.0086491844683396","0.0321902931131328","0.020254426826788","0.0135925002165459","0","0","0.0190268309416131"
"2002-11-12","0.00932907496465785","0.0324152796082749","0.0120304913442623","0.0112029800467073","0.0155319592389323","0.00835722068669605","0.0160175343100342"
"2002-11-13","0.00930736795843804","0.0346005911192728","0.0120162151498013","0.0117600892002984","0.0112819924406545","0.00864501667148842","0.0166632302721004"
"2002-11-18","0.00915523995715364","0.033089000194941","0.0131401835125694","0.0116852617497484","0.0174262913665134","0.00896923649039211","0.0186348338870637"
"2002-11-29","0.00925025389351116","0.0336747809270634","0","0.0115186718854539","0.0117794092001664","0.00882006139788088","0.0167539782397525"
"2002-12-02","0.00879954816138762","0.0377160778738686","0.0152159706490918","0.0134410146873617","0.0112638571042393","0.0096132087137451","0.0136375068058001"
"2002-12-03","0.00933701823579815","0.0360090563287014","0.0141521362573207","0.0131241182765088","0.0160250223161715","0.00951106106724444","0.0570856985236742"
"2002-12-04","0","0.0259466286071761","0.0141178881861512","0.0139820490279294","0.0156237737328046","0.0110857508031863","0.0382043464917245"
"2002-12-06","0.00906186233152911","0.0284368615012634","0.0146237145842852","0.0137156601433023","0.0142854175451126","0.00565357614791931","0.0334259165211517"
"2002-12-07","0.00920394370816264","0.0239519240218792","0.0210548957392245","0.0122702185603222","0.0172830825367919","0.00711670660635089","0.0315013727506405"
"2002-12-09","0.00866590015360143","0.0238465923325665","0.00974069302702859","0.0150116755837353","0.0170597153039881","0.00968114046859296","0.0373628550454419"
"2002-12-11","0.00846335009669795","0.0199659816419463","0.009679128864148","0.0163619443342723","0.0179966820452068","0.00845271334455962","0.0385131048113447"
"2002-12-12","0.00837088721360575","0.0251488249056762","0.0154334556607819","0.0124798184923678","0.0172593718869953","0.0086984584959175","0.0438086220997487"
"2002-12-13","0","0.0246712789807452","0.0104856055479174","0.0106367263873122","0","0.00742382313396494","0.0352460326764942"
"2002-12-16","0","0.0240683966590045","0.015035152078105","0.0110989717610857","0.0150237086343755","0.0103472760712342","0.0406001320694998"
"2002-12-19","0.0077946635314995","0.0359627427689458","0.0117848982194055","0.0113754398113106","0.0161025470551894","0.0101037900432424","0.0328651614266563"
"2003-01-04","0.0074766929507478","0.035646621443516","0.0128219814003286","0.0114674506804079","0.0163766036057084","0.00831563831293707","0.0577904095000964"
"2003-01-08","0.00970658493356312","0.0354217994224141","0.0101284003018124","0.0113331297652541","0.017036076598079","0.00536724581788878","0.0468216277129607"
"2003-01-10","0","0.0299884995168594","0.00971767501222464","0.0114042632642226","0.0168757773865485","0.00734891144465144","0.0218486527341031"
"2003-01-13","0.00725341565935559","0.0289801261248691","0.00991032092437624","0.011460703986552","0.0168630273475693","0.0118152903545482","0.0234602283679664"
"2003-01-14","0.00732728423501154","0.0295608904033886","0.0107148016072671","0.0125685131731595","0.0164765065300287","0.00719801619114574","0.019813569032575"
"2003-01-15","0.0104081241212811","0.029405498400833","0.012530898208733","0.0114155492446956","0.014866858578939","0.00692912192005974","0.0281180174242919"
"2003-01-16","0","0.0254665705143162","0.0121869144400489","0.011139747031664","0.0113395608561015","0","0.0218035865639794"
"2003-01-17","0.0169704732436298","0.028595562171012","0.0131676006336134","0.0122966664483574","0.0121213180094444","0.00732145847780255","0.0351371342697865"
"2003-01-21","0.00738787740882399","0.0276371610401787","0.0137035113125587","0.0125758915964312","0","0.00709675207225152","0.0185804215609297"
"2003-01-22","0.0114779425442625","0.0238771532703324","0.0145142689055358","0.011041412273436","0","0.00968398506963999","0.0110807990811261"
"2003-01-23","0.0115080085168835","0.0242022665112634","0.0130771134202959","0.0137804001660163","0.012225930626243","0.00876857547377274","0.0149012588014784"
"2003-01-24","0.0162642227960658","0.025","0.0097654455996007","0.0154690098995859","0.0121969685795508","0.00880113596109923","0.0115984582759336"
"2003-01-27","0","0.0387723614973095","0.00980006868514689","0.0106885862101775","0","0.0113800017601782","0.0115498888843295"
"2003-02-04","0.00997708183863562","0.0373656844333139","0.00997785878633612","0.0108320999199193","0","0.0111913707387653","0.0124284333942756"
"2003-02-06","0.0106077459751025","0.0214627390898784","0.00997284581066326","0","0","0.0121194388644459","0.0137990778061185"
"2003-02-07","0.00849203241022638","0.0208823361110636","0","0","0","0.0375","0.0131989527513007"
"2003-02-09","0.0115508989296331","0.0272077334441516","0","0","0","0.0375","0.0114155859034238"
"2003-02-10","0","0.0210458860952608","0","0","0","0.0112652475662059","0.0107308156873161"
"2003-02-12","0","0.0215017561141424","0","0","0","0.0115979069592159","0.0112708093359774"
"2003-02-20","0","0.0400758162435257","0.00881959394654329","0.0100989487079166","0","0.0108884940188939","0.00910768014368477"
"2003-02-21","0","0.0341894791615265","0.00896355457486112","0","0","0.0109093990042432","0.00879470710442395"
"2003-02-24","0","0.0328391885210887","0.00921633932854586","0.00949209034270164","0.0153946755762307","0.0115200221803102","0.0091475300630194"
"2003-02-25","0","0.0338692126264315","0.00928450548985361","0","0.0124547274075197","0.0375","0.00877682537815391"
"2003-02-26","0.0186438525352667","0.0320384313191546","0.00953477639288671","0","0.0131085449536466","0.0375","0.0105875310737468"
"2003-02-27","0.0119734464974855","0.0314822107340238","0.00946438024310161","0","0.0126172820531607","0.00915757506074569","0.0107290514121071"
"2003-02-28","0.0144446829575235","0.0263201605431934","0.00952882683430083","0","0.0122388503309612","0.00916215980796243","0.0128351879060843"
"2003-03-03","0.0145573887810692","0.0220275152318759","0.00938873365533742","0.00969602379648016","0.0103245446959974","0.0107892029914672","0.0125690125342477"
"2003-03-04","0.0170080170132026","0.0189504957762816","0.0209715251355855","0.00959207837478803","0.0113239931928025","0.0117739259118535","0.0154706856708641"
"2003-03-06","0.0168962595497607","0.0217211416736629","0.00924849773594938","0.00939406748868025","0","0.0115226335053852","0.0160639011906408"
"2003-03-07","0.00897462952175867","0.0148442237701934","0.00929834398445182","0.00980264070338505","0.0111210153804548","0.011806616287914","0.0202362670767528"
"2003-03-09","0","0.018387369804074","0.00945068142158745","0.00965918408189487","0.0116129994550066","0.0100014393948401","0.0220574163171401"
"2003-03-10","0.00874691883034626","0.0174184457560651","0.00976476273549285","0.00951303406415859","0.0114553755138315","0.010019007372508","0.0210614740043889"
"2003-03-11","0.0085065138415966","0.0195411349724018","0.00979816191008776","0.00943748386949957","0.0118154647775934","0.010376452808343","0.0204807065139794"
"2003-03-12","0","0.0174898605962598","0.00901771544609016","0.0094453464824287","0.011942285489536","0.00988905784614968","0.020233178391773"
"2003-03-13","0.00898633411435997","0.0181171698878775","0.00963135662128111","0.00927116969654521","0.0121614877065382","0.0108014153788838","0.0175419700556525"
"2003-03-14","0.00906067806395215","0.0222377265239096","0.010761870631512","0.00897990511552653","0.0138026835209268","0.00956587327147412","0.018141066626818"
"2003-03-18","0.00891197699735365","0.0214729116439084","0.0122052695481235","0","0.0151110253163815","0.0123470571468258","0.0199276728244595"
"2003-03-19","0","0.0117296869528038","0.0119539499536845","0.00940726256838061","0.0145693733985672","0.0125670402296942","0.0195281119501376"
"2003-03-20","0.00877540718496421","0.0117713354219865","0.0110145522880069","0.0110713767009181","0.0120359407241965","0.0103788444093653","0.020692367569005"
"2003-03-21","0.00910376834735735","0.0151602989235901","0.0119928190657668","0.00943252898129753","0.0117380410755081","0.0105082385918831","0.0260460845083854"
"2003-03-24","0","0.0141548652241639","0.0111323189834182","0.0110395657404702","0.0145094335126922","0.00966356139436368","0.0244476363463094"
"2003-03-26","0.00930963716989794","0.0195647427970948","0.0119767646831922","0.00962968542345013","0.011528147131357","0.0219592081565782","0.0189116860147403"
"2003-03-27","0.00942392279891575","0.0197647242782218","0.0121383391903391","0.0101475340207313","0.0103841295362269","0.0103309940706419","0.0184110336771103"
"2003-03-28","0.00958444391067292","0.0244227533144415","0.0120748394500942","0.00965314609134026","0.00949035362367329","0.010027018492629","0.0190784439966663"
"2003-03-31","0.00957164042345355","0.0263176942869296","0.0120351043671969","0.0134475606375168","0.00976213549866165","0.0099450850723718","0.018296156788745"
"2003-04-03","0.00958021976699064","0.020465137182151","0.0119898657288405","0.0100870046206288","0","0.011221831108996","0.0116514570780095"
"2003-04-04","0.00951503547430565","0.0203403525871054","0.0123454310722922","0","0","0.00955404776042828","0.0113782641224883"
"2003-04-06","0.00961473168773414","0.0191709790898008","0.0121838374292916","0","0","0.00947888619313941","0.0112938544300351"
"2003-04-08","0.00962980498239848","0.0197797020866249","0.0119496141862727","0.00948692139169531","0","0.0096197497784627","0.0163338953495108"
"2003-04-09","0.00961949640743776","0.0237114447804295","0.0116870357418456","0.00944433064579379","0","0.0127342335095257","0.014653055528503"
"2003-04-11","0.00954557797177158","0.0222996542014925","0.015026971139153","0.00924706146304563","0.0095954348087601","0.0113594426251078","0.014152274595128"
"2003-04-12","0.00707446544121986","0.0189268372733614","0.012948707095237","0","0.00956938647363829","0.0141133309194643","0.0139655310025389"
"2003-04-14","0","0.0179390045349183","0.012360242527605","0.00921763053945345","0.00955799043646206","0.0138640968577204","0.0141793845882619"
"2003-04-15","0.00856978309973953","0.0162829106351248","0.0112793376876033","0","0.00952017060098509","0.0134445288179683","0.0146999968387464"
"2003-04-16","0","0.0156308376147336","0.0106479079440947","0","0.0114179477923154","0.00969406308595236","0.0139830090353215"
"2003-04-17","0","0.0158272073721894","0.0177370093332613","0","0.0142176060209243","0.0116866859293927","0.0133858999734703"
"2003-04-22","0","0.0175092654511018","0.018230312799905","0","0.0136681950944758","0.0106960138115044","0.0141570615610105"
"2003-05-03","0.0080863400732167","0.0191033792889479","0.0130779477617678","0.00969461151945378","0.0115884581364826","0.0099652056282298","0.0148951165226967"
"2003-05-06","0","0.0132557624452386","0.0139598527951338","0.00962980827286169","0.0129337237443871","0.00997120625550146","0.0134218723215726"
"2003-05-08","0.00801861110142653","0.013692760311276","0.0131441215804906","0.00961091257126498","0.00966388086787588","0.0103508731716583","0.012794566409509"
"2003-05-09","0","0.0219188511550698","0.0140860812914293","0.00928994989586516","0.010840198110742","0.00995351147045797","0.0101311193025202"
"2003-05-11","0","0.014056620922379","0.0156249399186603","0.00942661922565256","0.0100776337231582","0.00995269055304856","0.0132927038778385"
"2003-05-12","0.00808756361610775","0.0259647831138677","0.0127573520145701","0.00949794238186818","0.00957931697134332","0.0120735655074662","0.0129876965691729"
"2003-05-13","0","0.0202256976631757","0.0129415953898475","0.00944064607865227","0.0117982809478266","0.0131565234437304","0.0123448639422533"
"2003-05-14","0","0.0233628303628709","0.013023345694614","0.00940723785223428","0.0129586968215311","0.0199198860995793","0.00999339137859758"
"2003-05-15","0","0.0229069194631988","0.0133435369851013","0.00934732131529151","0.0108724450967441","0.0171176359090251","0.0103585252328964"
"2003-05-16","0.00872746172823184","0.0159046026004431","0.0124628908714692","0.00969787771014253","0.0138063673814125","0.0109044659338888","0.0101606940258884"
"2003-05-19","0.00889147295849632","0.0192903873478776","0.0108852881362532","0.00972272253739298","0.0136883688446932","0.0101258126328354","0.00985396487602436"
"2003-05-20","0.0090239805265396","0.0169452286717021","0.0131938999742817","0.00967834932362263","0.011808550776923","0.0100165394665175","0.0154069986404562"
"2003-05-21","0","0.0232021210606424","0.0137822692313668","0.0119026304596489","0.0114801528210184","0.00947142620936746","0.0293669070010866"
"2003-05-22","0.00888373017709893","0.0220217208322232","0.0106220396331986","0.00887381871257109","0.0124725367517873","0.0105183862415268","0.0321824660343979"
"2003-05-23","0","0.0233781013624688","0.0105861427052239","0.0097800672782904","0.0127237644936952","0.010196718795822","0.0170272333818092"
"2003-05-27","0","0.0237815517609419","0.0106571384325099","0","0.0133614542001578","0.0101365772190917","0.0180339539023991"
"2003-05-28","0","0.0304653890410879","0.0120308775332487","0","0.012661875431924","0.0101016277944134","0.0312679448875709"
"2003-05-30","0.0102489407161442","0.0269433296121933","0.0129640382301377","0.00861653406606172","0.0129795451945895","0.0100781568376022","0.0206539205205905"
"2003-06-03","0.0114672901042274","0.0233559481489435","0.0108820287524549","0.00985078296108133","0.0145178292434793","0.0102776850921732","0.0100517852093792"
"2003-06-06","0.0117618336540602","0.0190112908977715","0.0107059237792384","0.0108545270220056","0.0108266406496037","0.0102768507004851","0.0160557204998766"
"2003-06-08","0.0120465030745023","0.0206533242182857","0.0118494203708761","0.00976801219770741","0.015537037820413","0.0103298327539892","0.0270116253436713"
"2003-06-10","0.0108445698808341","0.0165980850619378","0.0184480353347983","0.00983569082525641","0.0107290496940772","0.0103027922132229","0.0269979334533384"
"2003-06-11","0.0107934215768971","0.0208181480542681","0.0202126841863335","0.00989541907380928","0.0110879194578782","0.0103970019951867","0.0408258149371122"
"2003-06-13","0.0121151226172226","0.0210537161392952","0.0157392613834256","0.0100530652396511","0.0104267699945502","0.0103619465061741","0.0147557521584803"
"2003-06-17","0.0104175119691097","0.0166034796345512","0.0100546763281995","0.00859039120565022","0.075","0.0104082182972727","0.00961565800106734"
"2003-06-18","0","0.014161587845427","0.00933299741220043","0.0120177277754708","0.0107055619723997","0.010266031741822","0.0099285670169916"
"2003-06-20","0.0121883146736356","0.0127095053978938","0.0104589262404717","0.0170244659907296","0.0077008385544614","0.0104477201498475","0.00868561347550972"
"2003-06-23","0.00933264798072877","0.0137693696453676","0.0117872078812969","0.0186124880327344","0.00834822193592562","0.0103022867203378","0.01087552470435"
"2003-06-24","0.0111826078487858","0.0212063719377478","0.0135562455880762","0.0116902103260975","0.0122036294097352","0.0118120602596431","0.019020961064852"
"2003-06-25","0.0152015326650082","0.0213232808660997","0.0134866597820125","0.00911348441672448","0.00937864877945348","0.0123909616587125","0.0188840034339169"
"2003-06-26","0.0124666199816668","0.0148520707295003","0.00972306628922921","0.007716379361756","0.0115898470290045","0.0115758786624974","0.0189096232865147"
"2003-06-27","0.0176606738370479","0.0201228541597368","0.00963131093901618","0.0163663208136656","0.0072790961262519","0.0113402337680932","0.0145923308424701"
"2003-07-01","0.0130284145287344","0.0191297415723244","0.00894225175538869","0.00763250811811063","0.00733363616083617","0.0124939627782391","0.0148571634848892"
"2003-07-03","0.0104695213799012","0.010343182534526","0.00968397755569208","0.00761173423798895","0.00856739449180905","0.0139268026415706","0.0167715188564904"
"2003-07-04","0.0122309605915082","0.0097137313758034","0.00990931145667453","0.00848333095510582","0.00892870597328298","0.0125263721369973","0.0251329983175646"
"2003-07-07","0.0112515648538258","0.0116770680947745","0.00973417163068447","0.00914100326603746","0.00743743907028657","0.013349599110036","0.0258438398291393"
"2003-07-08","0.0125578429630376","0.0114819235886912","0.00885434079785927","0.00884698626423232","0.075","0.0124164235522411","0.0255276702808654"
"2003-07-10","0.0103296513716796","0.0106226107208365","0.00861421187179986","0.00813589745671985","0.00878275785204973","0.0117462512500416","0.0272223919740831"
"2003-07-11","0.0099678806123426","0.00995563447838685","0.00926904474290353","0.00786560609792714","0.00877759607487429","0.0102379825495196","0.0278670033530195"
"2003-07-14","0.0107481246459068","0.0102077376855871","0.00947613586530751","0.00778889955225421","0.00887621455892527","0.0119647155853237","0.0291157391625338"
"2003-07-15","0.00995590863558109","0.0120577770565563","0.0199001965253524","0.00760369676532224","0.00896418148822292","0.0121156428840519","0.0283412633259411"
"2003-07-16","0.011010548960876","0.0158936686596242","0.0133189081316223","0.00774089339067346","0.00686214854255037","0.0122305017065658","0.0287872711989075"
"2003-07-17","0.0114914175260679","0.0111897575586209","0.0129448095177419","0.00767044395979018","0.00644694470182999","0.0135374278631008","0.0358782512191887"
"2003-07-18","0.0110282693060731","0.00903084516759094","0.0128101466631955","0.00774558972628539","0.00844807798663513","0.0100675809035798","0.0378694012055471"
"2003-07-21","0.0129572857204841","0.00879397267487064","0.00914636814861578","0.00795510597223293","0.00698994254070107","0.0121998293506565","0.0414430310540489"
"2003-07-22","0.0132505654066671","0.0126396304156908","0.0105614066135676","0.00800820931223932","0.00725709469883201","0.0135527705480812","0.0415180909128026"
"2003-07-23","0.0127658105528291","0.0113734052369257","0.0117677363514776","0.00790059717727366","0.00744653952086052","0.0102121142494078","0.0397274442828627"
"2003-07-24","0.0124480884990932","0.0118863280500943","0.0119849394075463","0.00787259164752423","0.00740567570621893","0.0111719396937729","0.0390624956456976"
"2003-07-25","0.0127601055014051","0.0119483522239929","0.0119992325894885","0.00795598364619142","0.00745389693965589","0.0153556692882016","0.0375"
"2003-07-28","0.0183871336948193","0.0133732246279837","0.0114754305050938","0.00791439612931744","0.00703627180388818","0.0144449461846632","0.0375"
"2003-07-29","0.0149780514649611","0.0131914827678135","0.0118449784049936","0","0.00705235513038843","0.0156489315854781","0.0381669651669006"
"2003-07-30","0.115891569835238","0.0132455839265444","0.00962303648843995","0.00789910178377681","0.00707937115040046","0.00972179502626273","0.0382988032996276"
"2003-07-31","0.0143469270634812","0.014235097911087","0.0101180484315458","0.00782378713582102","0.00674013639622612","0.0149056894322338","0.0340424968610713"
"2003-08-01","0.0140984042519515","0.0146788036056776","0.0104345268984702","0.00770881430371933","0.0072398007732017","0.0143997695517552","0.0326429687647214"
"2003-08-05","0.00895860490217563","0.0171584194802677","0.00841775245074673","0.00734245500692363","0.00719116546538838","0.0131859162873385","0.0359161556718352"
"2003-08-07","0.00964113315108456","0.0192254869705616","0.0088958450468877","0.00749156078583328","0.00718129382962414","0.0126786265579825","0.0338360379087925"
"2003-08-08","0.00841317208062889","0.0180193536658121","0.00797643943902134","0.0073924405030012","0.00729921376367832","0.0115747179362013","0.0364063007528398"
"2003-08-09","0.0089852452720463","0.0143981830719373","0.00773311139679667","0.00761669867459462","0.0074580800094544","0.00910804594335044","0.0327891832970811"
"2003-08-10","0.0105832311149908","0.0147242141955986","0.00715490760508252","0.00769014464877879","0.00747717875424094","0.00922707429842134","0.0273805560860516"
"2003-08-13","0.0109526040828714","0.0167264046399387","0.0071689226207909","0.00735095019970186","0.00739358572721949","0.00821610575542434","0.0372258942850198"
"2003-08-14","0.0100777238314345","0.0146915310490364","0.00797715245008798","0.00777006670173878","0.00739732654780833","0.00967150472495336","0.00880809627414412"
"2003-08-18","0.0166907463501777","0.0147391820030533","0.00768582295422208","0","0.00674965981895003","0.0072541640018506","0.00693536835774518"
"2003-08-19","0.0217886973314439","0.0125","0.00762668766235441","0","0.00754219540765196","0.00710972265174407","0.0119625565125949"
"2003-08-20","0.0209810227076926","0.0125","0.00808505635397218","0","0.00757055723325394","0.00701801961259367","0.0105217518689176"
"2003-08-21","0.016425108464351","0.0137269970534239","0.00751230412415513","0","0.00755594166019213","0.00708698283461049","0.0119376872618198"
"2003-08-22","0.0221079201812042","0.00894856705414621","0.00725785523173714","0","0.00662996605501289","0.00741453967947373","0.00757118003186209"
"2003-08-25","0.0182332149583302","0.0125","0.00727217322852197","0.00762102786746708","0.00517225573757113","0.0125","0.0125"
"2003-08-26","0.0112463843733726","0.0125","0.00719746346569852","0.00765021052712865","0.00727348618232501","0.0125","0.0125"
"2003-08-27","0.0160033219092989","0.0125","0.00760233925358635","0","0","0.00732497392685427","0.0125"
"2003-08-28","0.014294005996893","0.0125","0.0070923178526464","0.00772284350051669","0","0.00818422931127501","0.00916269512805269"
"2003-08-29","0.0262073468229192","0.013189919610359","0.0087104324229645","0.00762629649425534","0","0.00747491865857543","0.00909782817130127"
"2003-09-01","0.0239525342967219","0.01275438922807","0.00704283277509366","0.00785483200420691","0","0.0130952005134076","0.00835079146348847"
"2003-09-05","0.0231989952040414","0.0127828733974111","0.00888728414755437","0.00787472962005663","0","0.0126652024711727","0.00886712289220093"
"2003-09-07","0.0114043649878961","0.0125","0.00696542675254819","0.00795918534946854","0.00610974373714208","0.0126005144043294","0.00981687888844851"
"2003-09-09","0.0123298876380655","0.0249550299669213","0.00865980647476424","0.00748635369433105","0.00523295687560406","0.00793238872173961","0.00912536655468731"
"2003-09-10","0.0150737121664968","0.0263724250627246","0.00863470596195623","0.00802674628116436","0.00679732885458463","0.00787632763773196","0.0101328224161494"
"2003-09-12","0.014663065817269","0.0182154647319921","0.00799381833979281","0.00791765088273721","0.0163447502148104","0.00864252856832643","0.00971482732835039"
"2003-09-15","0.0112754041125687","0.0185920696190968","0.00836171482193471","0.00971539843547231","0.00667073005330404","0.00881173383887024","0.0099546401412036"
"2003-09-16","0.0114178231382399","0.0195964775482898","0.00801976443334198","0.0107415352917213","0.00648330473931467","0.00710673764830498","0.011439896252452"
"2003-09-17","0.0137550696046765","0.0123605381373081","0.00826830865751988","0.00968879171497477","0.00677405532473092","0.00713224184374353","0.0129739349293696"
"2003-09-18","0.0144685941146594","0.0157637240077371","0.00801750144189975","0.00969407648101841","0.00704073788401871","0.0105563800746074","0.033560726011684"
"2003-09-19","0.0176542857950253","0.0181301114119299","0.00826330503444189","0.00956688621188927","0.00698186656452687","0.0102250350804388","0.0375"
"2003-09-22","0.0175678354698989","0.0148357397462028","0.00922381841540773","0.0116768914672408","0.00696685914564463","0.0099367809272275","0.0159305040957366"
"2003-09-23","0.0112214259939763","0.0173453457049276","0.00968316054116648","0.00961688411246531","0.00720803568555045","0.00721266150036421","0.014684976963665"
"2003-09-24","0.0177979556789944","0.0177695699098873","0.00946435342036777","0.00993328868648566","0.00721565240617709","0.00729095441774036","0.0423896740679076"
"2003-09-25","0.0141641611000295","0.0136072189457924","0.00971787292192529","0.0106549125940698","0.00714443882145022","0.00833063207055078","0.0439694115214082"
"2003-09-26","0.0126232872413729","0.0115987305301788","0.00953193716062103","0.00975005484553186","0.0068239872342894","0.0072054293774873","0.0447867303403728"
"2003-09-29","0.0113898916607451","0.0113366643675267","0.0681183767443887","0.00833743173665034","0.00715093125951728","0.00715868891998381","0.0375"
"2003-09-30","0.0733987056342933","0.0203359464922479","0","0.0104639737514291","0","0.0088244821772927","0.0375"
"2003-10-01","0.0152377127538141","0.0202647469705381","0","0.0103871502884888","0.00570933290412449","0.012054069270405","0.0413438635915144"
"2003-10-06","0.0143728074160906","0.0191991624484815","0.00609995996868851","0.0112266540772853","0.00596720087204215","0.00570250581226877","0.0415961334665007"
"2003-10-07","0.0131193875770032","0.0192555835009544","0.0059366703771934","0.0116477326628149","0","0.00484807404933441","0.0392637956243652"
"2003-10-09","0.0131527310191689","0.0194838093664734","0.00603512271108996","0.0117066128068974","0","0.00488000294213863","0.0406533935256469"
"2003-10-10","0.0111623964648752","0.019151514108162","0.00617703242799465","0.00807463026055997","0","0.0069637360924216","0.0145167252372857"
"2003-10-11","0.0111187558895898","0.0186780770279031","0.00827321734083799","0.00800591340347974","0","0.00709555570854665","0.0246797462501433"
"2003-10-12","0.0111882632958723","0.0177008286702779","0.00658981868846213","0.00759009148495486","0","0.00733264210769032","0.0247941086547653"
"2003-10-13","0.0113861911612941","0.0191393110804964","0.00667230763702706","0.0102984405412346","0","0.00766981077909561","0.0152392871679495"
"2003-10-14","0.0110372131122605","0.0196124644135563","0.0060713735283","0.0104154265281858","0","0.00773573207344627","0.0194167822348505"
"2003-10-15","0.0114327606098075","0.0351916305915826","0.00818872150939378","0.0105338544337503","0","0.00743450845833791","0.0202750499783116"
"2003-10-16","0.0207926176168023","0.0362593006826545","0.00656618334564227","0.00971158889728644","0","0.00660804739624709","0.0187988349390755"
"2003-10-17","0.020334502327873","0.0369337098264674","0.00579986355011397","0.0107890267573192","0","0.00729036538736265","0.0125591169352834"
"2003-10-20","0.0227763978276336","0.0132856213325969","0.00584414547294234","0.012697447649369","0","0.00481874210259247","0.0117267881619551"
"2003-10-21","0.0231638834308566","0.0125217475448983","0.00553944878873142","0.012124351566549","0","0.00508712258889145","0.0185142562635445"
"2003-10-22","0.020429480988753","0.0118098932181359","0.00585562090529852","0.0115557092956542","0","0.00544652530074502","0.0130304996477902"
"2003-10-23","0.0181170540268048","0.0132995524295394","0.00594119111210879","0.00875920060024106","0","0.00655258759076907","0.0120121243463353"
"2003-10-24","0.0220286013484532","0.012607829073567","0.00596556794740881","0.00929443439873302","0","0.00650195912401441","0.0101236652326578"
"2003-10-27","0.0198433257317414","0.0120186205989078","0.00597363296087247","0.00907030422552953","0.0072637398258199","0.00634271697874152","0.00742053353962616"
"2003-10-29","0.0134501373583533","0.0131782345728974","0.00659545626784548","0.00985355837803641","0","0.00607962056978829","0.00880858225852452"
"2003-10-30","0.0121890873037778","0.0125057529446521","0.00620692218743085","0.00711484637856009","0.00494525878703045","0.00611852224290379","0.0203732242784833"
"2003-10-31","0.018598252005292","0.0137324062974009","0.00579505639049399","0.00705312540525612","0.00714932989054558","0.00556865187080508","0.00603206188377955"
"2003-11-03","0.0119424486207411","0.0138249903156066","0.00604859978267225","0.00856294925667607","0.0071104041337646","0.00599044374862327","0.00523161222834611"
"2003-11-06","0.0117685367881596","0.0116781877806809","0.00641978160150404","0.00716074585888893","0.00795655788976","0.0055222884421034","0.00757764582486959"
"2003-11-07","0.0177902478683349","0.0118219958884756","0.00664563895166311","0.00709773205802727","0.00786099378397419","0.00580524134673412","0.0114669429410445"
"2003-11-08","0.0170892812852063","0.0124485736219128","0.00639787106990031","0.00707712953982957","0.00799558898235772","0.00636320826003656","0.00926337519521387"
"2003-11-09","0.0175057742744477","0.0125953231617457","0.00653492107009144","0.00671707176513006","0.00703825495679677","0.00540877367752641","0.0100475963885801"
"2003-11-12","0.0129536473117847","0.0121235702729611","0.00580060924982057","0.00694908879720765","0.00768534974028227","0.00529583182926695","0.0100019268911134"
"2003-11-14","0.0151941677382234","0.0117950353723444","0.0060728707941711","0.00842355385242184","0.013094406532423","0.00551396676993818","0.0154456885111941"
"2003-11-17","0.0136434330006033","0.0124558059112297","0.00620915927432435","0.00693819828213816","0.0110939863188076","0.00519832423964781","0.0153174237770312"
"2003-11-18","0.0142961778288536","0.0128265302978914","0.00642320219512035","0.00662709568907871","0.0103230045210049","0.00644401279771446","0.00914643785988077"
"2003-11-19","0.0145653954915856","0.00946822009599375","0.00647793509048065","0.00678047668958941","0.0108077335159714","0.00654605643123591","0.00944993745757304"
"2003-11-20","0.0141179789839071","0.00889012163719035","0.00668276841722656","0.00686829748429075","0.00914584124580856","0.0054772531119323","0.0107150307450756"
"2003-11-21","0.0142451319255642","0.00953988861956527","0.00604759860416891","0.00666085422688692","0.0106186772643437","0.00645344259343482","0.0108758196554241"
"2003-11-24","0.0172346567762063","0.0120714712731906","0.00627283040364474","0.0145962726518539","0.00987873242996971","0.00637964271420249","0.0083619258436086"
"2003-11-25","0.0126327313118484","0.0189365216376385","0.00574292542866404","0.00744190701776124","0.0106750576222384","0.00650953139892866","0.0143895045323959"
"2003-11-26","0.0122692321055311","0.0118518777975267","0.00568436339138691","0.00926942866842922","0.00714774710409923","0","0.0130575276898348"
"2003-11-28","0.0172509667219113","0.0114399314804364","0","0.0090319848867059","0.0110366006501366","0.00456488064836268","0"
"2003-12-03","0.0151643025874324","0.0130332328331502","0","0.00898401389859554","0.00898531530645226","0.00449413062291334","0.0129750470470861"
"2003-12-05","0.0150072458404884","0.0110847079423018","0","0.00742043845817682","0.00891038724453961","0.00457740101038254","0.0195228844657208"
"2003-12-06","0.0148519954354944","0.011671237242555","0.00584712818756948","0.00692968382351506","0.00915599444593669","0.00455939807674045","0.00977714299557937"
"2003-12-08","0.0137069666217247","0.0109754415232619","0","0.00708606553425671","0.00872096221099963","0","0.00859420708821052"
"2003-12-09","0.0105795458578163","0.0108601430870344","0.00730104617247227","0.00827151920709094","0.00877713285905028","0","0.00587218814063675"
"2003-12-11","0.0128462501241208","0.00952412004774269","0.00565294556700735","0.00914748700687076","0.00921860037698637","0.00519404015741367","0.00605930627108529"
"2003-12-12","0.0125105068931167","0.0142689172951712","0","0.0112214645882775","0.00944528942351205","0.0051624496887711","0.00657716898763229"
"2003-12-15","0.0126185585484921","0.0119730875869862","0","0.00734936740133049","0.010021622789205","0.00630751519672621","0.0112683820640955"
"2003-12-16","0.0113574549020338","0.0082259033160176","0.00600939043546009","0.00678026057458341","0.00946967714793783","0.0063302494390131","0.0113421837216737"
"2003-12-17","0.0106931291647468","0.0133144648902106","0.00763648227189502","0.00675792480907416","0.00985631214942334","0.00648839175629903","0.0063653398724977"
"2003-12-18","0.0106191493057527","0.0146605274743822","0.0063112855017343","0.00678463654527826","0.0102395703861787","0.00645855617106924","0.00604512902678492"
"2003-12-19","0.010020311584591","0.013463254098126","0.00950408047650989","0.00706897318456675","0.0100372309716361","0.00629724193397139","0.0057936573800784"
"2004-01-03","0.00981765552944418","0.0118816710947442","0.00743561594832938","0.00656143460967513","0.0102846193744539","0","0.00542716902234731"
"2004-01-04","0.00978156287721551","0.0131633092123258","0.0081070314723164","0.00652804444823896","0.00948482022915963","0.00542075494324479","0.00563092682453092"
"2004-01-06","0.010972891050186","0.0131824243137092","0.00766865247889678","0.00688400842059305","0.0101229584021634","0.00631822466933403","0.00502901196956755"
"2004-01-07","0.0203649591143794","0.0107227510917237","0.00601314795642372","0.0073811093342938","0.00959266800036111","0.0100795704827645","0.00455854012052653"
"2004-01-09","0.0164832050301264","0.0121343442494001","0.00638639216929013","0.00845440424646376","0.00980934853230156","0.00662209388156325","0.00458318707334129"
"2004-01-10","0.0167886461431034","0.0104679525703306","0.00627466300550306","0.00748806173176199","0.0100439596965466","0.00647312858904069","0.00456513641725547"
"2004-01-13","0.0190159058460608","0.0120282048409628","0","0.00715840718259347","0.00990171139563442","0.00649381132401667","0.00575916748555395"
"2004-01-14","0.0184260970115425","0.0135457781060719","0.00699207567668612","0.00749235491974455","0.010848450933363","0.1","0.00457301706946868"
"2004-01-15","0.0159314207543992","0.0149812466276179","0.0072108095361986","0.00894829732380862","0.00970908227840689","0.05","0.00580916299558656"
"2004-01-16","0.0205831309301457","0.0155690752479799","0.00733914092718564","0.00423508618641657","0.0097806655057041","0.00669422435643336","0.00532478823878668"
"2004-01-20","0.020360762412845","0.0128590046538924","0.00987667510215538","0.00407021321101168","0.00938931207915971","0.00673323689228684","0.00545645455178057"
"2004-01-21","0.0226961946002956","0.012903100194204","0.0111284890608291","0.00398566112748751","0.00970987802780589","0.00673540496825109","0.00463124629625352"
"2004-01-22","0.0182325766591229","0.0137182836076892","0.00863545375881181","0.00820560585097702","0.00969879059255138","0.0067417337970137","0.00373077556843747"
"2004-01-26","0.0171905615129937","0.0133096021912816","0.00988860669378638","0.00697243150464008","0.0100353203825322","0.00651700593885406","0.00418586340707204"
"2004-01-27","0.0120301669188202","0.0130708035489072","0.0098760770163161","0.00671796961685108","0.0096851721277686","0.00659131687905549","0"
"2004-01-28","0.0118711645893454","0.0117322827662849","0.0106055008579884","0.00641309960441523","0.00856377782254473","0.00756024261855882","0.00465702197848336"
"2004-01-29","0.011581321780156","0.00858160274538562","0.00946551525623037","0.00683007272572669","0.0071090250933147","0.00748635418233767","0.00378724369393714"
"2004-01-30","0.0121026973200158","0.00783933236758959","0.012601390213685","0.00692037996616061","0.00566028821727711","0.00820492918058409","0.00360525259374397"
"2004-02-02","0.012271816597223","0.0157672519463139","0","0.00618179481676966","0.0085177151105248","0.00755136254486397","0.00622192488062089"
"2004-02-03","0.0121999208257655","0.0153273209841963","0.0261764396400977","0.0060529558368733","0.00974718818926777","0.00673197000140952","0.00565912870429302"
"2004-02-04","0.0130893470694761","0.0205862486051505","0.0268403773047536","0.00629728455740814","0.0107248534665687","0.00717195253319622","0.00609078788612148"
"2004-02-06","0.0110808873255464","0.0161014640771444","0.0137401730744582","0.00744850824025929","0.0140033111416481","0.00868099060324348","0.0057032989451832"
"2004-02-07","0.0107186788523186","0.0164521970327607","0.00546479525215236","0.00781012477369576","0.0107217414058907","0.00733388911534421","0.00652021639243352"
"2004-02-08","0.0105726831302525","0.0162464715630124","0.00591285428183993","0.00797433743214101","0.0139501413311943","0.00737324428211779","0"
"2004-02-09","0.0107230864003426","0.0159773360250759","0.00623846094082341","0.00767717292558203","0.0117399561567555","0.00744592378316994","0"
"2004-02-11","0.00821336488575446","0.0225388068029551","0.00644944656262039","0.00753948948509757","0.00915465395263225","0.00815001591904447","0"
"2004-02-12","0.00899719451235387","0.0108158151726684","0.00603292071797709","0.00772508052984664","0.012381600028788","0.00810527398187964","0"
"2004-02-13","0.009770128723585","0.0115882738356562","0.00648978073320776","0.0128408447481832","0.0114572123594354","0.00749593373390929","0.00577415311138056"
"2004-02-17","0.00956985896179354","0.0165822262748086","0.00671467546299322","0.0130076203361782","0.0105024274034585","0.0075299679134391","0.00759030619967102"
"2004-02-18","0.00964768270692704","0.0233509594268222","0.00855934587806009","0.012364081726619","0.0108364408842992","0.00737210798675806","0"
"2004-02-19","0.0101727081672833","0.0171832889836253","0.0117621819643158","0.0128835538865269","0.00697143461483954","0.00745869749576919","0"
"2004-02-20","0.0106448117220344","0.0166366957841138","0.00840719971150169","0.01003179063896","0.0076602571762014","0.0077761281952643","0"
"2004-02-24","0.0106275544442308","0.0126274200395101","0.00457411436584979","0.0140211554229727","0.00748241144229171","0.00860434917323418","0.0105848746881886"
"2004-02-25","0.0104565412507902","0.0166325114369204","0.00603221316335904","0.00809489903111417","0.00755823915841257","0.00770993520562947","0.00989944285459659"
"2004-02-26","0.010197652817999","0.0090820002398158","0","0.00941530852514531","0.00657697723144832","0.00851233238163551","0.00952230485157117"
"2004-02-27","0.0104791864156929","0.00803449360555176","0.00590576086896159","0.00800332370132871","0.0110351669503684","0.00749492039566763","0.00850690650527641"
"2004-03-02","0.0103463425489908","0.00802075551036796","0.00592493762777034","0.00775785129198281","0.00856244556291295","0.00739133914779734","0"
"2004-03-03","0.00982457602714809","0.0085620432748144","0.00602204679144575","0","0.0098495365209593","0.00952465193195888","0"
"2004-03-06","0.0112261703428021","0.00856923356272119","0.00617539351559953","0","0.0110707965553403","0.00758936265495897","0"
"2004-03-08","0.0112361101027918","0.0123430745249618","0.00630773705286372","0","0.011468002975641","0.00734454693049037","0.00316522554166409"
"2004-03-09","0.0104503331985222","0.00646920920092607","0.0110575663965878","0.0079584707553891","0.0132513412923143","0.00734454866142056","0.00217713037002745"
"2004-03-11","0.0100187853177851","0.00679398794547554","0.00988958939867664","0.00967428811879424","0.0136725990108999","0.00753021456893426","0.00402143480350386"
"2004-03-12","0.0102216307691028","0.0063864110628962","0.0111257221796917","0.0115920714191888","0.0104184795329134","0.00982329203213348","0.0101484231530293"
"2004-03-15","0.0157525256944569","0.00663463493463868","0.0124766088329733","0.0106823402198808","0.0125416103494867","0.00807231076001619","0.00612970604918934"
"2004-03-16","0.0158486122254792","0.00701900351304612","0.00764249223209748","0.0105197679266034","0.0129023568988086","0.00769989302002586","0.00894415085552225"
"2004-03-17","0.0178004172497652","0.00712093776749107","0.00986285444734649","0.00959065800198916","0.012771993856045","0.00853880532045254","0.0191209971960954"
"2004-03-19","0.0208861959771653","0.00706249937892385","0.0095601543937001","0.0100195724428011","0.0136471692910799","0.0110189137607805","0.0091780408687449"
"2004-03-22","0.0189685691069892","0.00629224821131381","0.009374698710244","0.00962750764445953","0.013862934768764","0.00952130246926143","0.00853629550288208"
"2004-03-23","0.0133835848476417","0.00690705007163896","0.00999033032043794","0.0100449416750544","0.0123196039976669","0.0104976224379288","0.0120997190420114"
"2004-03-24","0.0127769480612031","0.00654749045031127","0.00982427684884757","0.00893053362758084","0.0139294127982131","0.00912915212429233","0.01407470009911"
"2004-03-26","0.0120367012533908","0.00662392605224165","0.00659549740940554","0.00801772158652814","0.0120955587192168","0.00955414128503573","0.0122345432133266"
"2004-03-29","0.0121460811471048","0.00752627140337803","0.00548411105651627","0.00999965500339457","0.0120076089163577","0.0110168558093013","0.0146027113735927"
"2004-03-30","0.0124320164846088","0.00646490550443083","0.00573289730333661","0.00921760491290091","0.00874565216077217","0.0067094809563842","0.0103492651187136"
"2004-03-31","0.0106833095855666","0.00626205918461911","0.00464502660750197","0.00965183588484847","0.0104244699807222","0.00668189043065203","0.00894082028327662"
"2004-04-02","0.0201274669966997","0.00633541304864751","0.00463207862330345","0.0094764034937684","0.011469645738469","0","0.00964606150737643"
"2004-04-03","0.0177768285034787","0.00868840311539668","0.00479926843205696","0.0102143751537918","0.0118438088362817","0.007711539262631","0.0159042783591246"
"2004-04-05","0.0173254743249774","0.00836262222099498","0.00658171635446556","0.00888427833640301","0.0117457963206072","0.00756038672394039","0.0148757054998275"
"2004-04-06","0.0289422785233944","0.0114191037734834","0.00683398564544973","0.00932217623660631","0.0119919653482535","0.00762153410431759","0.0140581967626606"
"2004-04-08","0.0168383104006492","0.0113272497920325","0.00666506020624989","0.00911411865578788","0.0121034162936943","0","0.0137148425539021"
"2004-04-10","0.0170100417983345","0.0085644664346453","0.00701777097647441","0.00880731709037087","0.0119008825455225","0","0.0132517550988875"
"2004-04-11","0.016322803309753","0.0113601934862666","0.00662554811354802","0.00489986869754727","0.0120397425978705","0","0.0157882280273033"
"2004-04-13","0.01623532191888","0.00713300772896778","0.00726323156793075","0.00601869468679157","0.0118880356270726","0","0.0190871934019832"
"2004-04-14","0.00984108639727983","0.00713294594181702","0.00724784911393434","0.00459928084882968","0.00869571905470208","0","0.0110673972103982"
"2004-04-15","0.0133740993969428","0.0104136033471866","0.00713755451036468","0.00574000894144131","0.011298873134603","0","0.00730675861074055"
"2004-04-16","0.0129778889593805","0.0101274929856975","0.00937985027040034","0.0075890218166212","0.0125626890638363","0","0.0198092674897752"
"2004-04-19","0.0112601299295356","0.00809690378250391","0.00999841327991346","0.00806743178096212","0.0130819248912148","0","0.00743010163793505"
"2004-04-20","0.0144388627920301","0.010158688122802","0.00792928420353643","0.00786534376637387","0.00906123785620778","0","0.00569383894610413"
"2004-04-21","0.0127888505678826","0.00892163859451406","0.00869444179628578","0.00448390636051989","0.0105367296927098","0","0.00568044961290773"
"2004-04-22","0.014065051013703","0.00873704233602375","0.00877383177005147","0.00760591630384777","0.0115122230870768","0","0.00549274138199597"
"2004-04-23","0.0144775780081962","0.00885558068296145","0.00896981493949173","0.00534508670711563","0.00925154656971726","0.00728849512015264","0.00537871230532686"
"2004-04-30","0.0097018772321305","0.00610112672324029","0.00901167530440401","0.00758049792727959","0.0116039563293614","0","0.00556091483470588"
"2004-05-02","0.00960002923824456","0.00605151153831163","0.00889443253513538","0.00756825785784718","0.0100597566935037","0.00778958872300657","0.00539373880225997"
"2004-05-03","0.00976007282867448","0.00607935091491693","0.00858319162833508","0.00764705949254323","0.0105087050901371","0","0.00631521364293341"
"2004-05-05","0.0107908341186836","0.00613541321424244","0.00804061853660428","0.00749976128064251","0.0116616352825477","0","0.00608039787901962"
"2004-05-08","0.0107760113458174","0.00593539185139695","0.00875622712434736","0.0073128314812349","0.0117078474720199","0","0.0064145872179613"
"2004-05-10","0.0109501503828604","0.00580416156622668","0.00929125274101815","0.00862794948629463","0.0119894696696507","0","0.00539606223434036"
"2004-05-11","0.0109219911862886","0.00551489098216632","0.00829102479630647","0.00916580064817211","0.0116826461912635","0","0.00554681511521615"
"2004-05-13","0.011313021117291","0.00584916211228534","0.007379707268054","0.0167545757332552","0.011720471089863","0","0.00588034330354639"
"2004-05-14","0.0143478380714677","0.00594989947012825","0.00559064089926862","0.016907194939446","0.0119437856006564","0","0.00584488662589143"
"2004-05-17","0.00849704747976696","0.0165898888337185","0","0.0149606172292641","0.00950873458705031","0","0.00556176205619519"
"2004-05-18","0.00940977746473229","0.0138235000132182","0.00806719489097115","0.0126704454311171","0.00770056616439953","0","0.00506418349717718"
"2004-05-19","0.00974095443025821","0.00805016755594544","0.0081321461881294","0.0134721286116345","0.00876838525859422","0","0.00507363173175007"
"2004-05-21","0.0101193998893372","0.00831684789671677","0","0.0130514986785937","0.00890467943884528","0","0.00550768327460727"
"2004-05-24","0.0107349777873009","0.00800911377471672","0.00815885155360722","0.0133170434236096","0.00906795967810949","0.0079453735727107","0.0052724423363823"
"2004-05-25","0.0105467191074087","0.0077410728696644","0.00939218433501921","0.0129913004571023","0.00824419742183884","0.00791604235764478","0.00543610378789491"
"2004-05-26","0.0105907979272623","0.00823041918164951","0.0101589087025351","0.0127127352663561","0.00917069751688211","0.00788627333470962","0.00541247641462907"
"2004-05-27","0.0105157818154069","0.00685143352672355","0.0084586001524751","0.0130545656018423","0.0091431746959951","0","0.00509278238857247"
"2004-05-28","0.0101609451437504","0.00791423219471048","0.0062044630948069","0.0135508590790962","0.010859556227681","0","0.00549509612485426"
"2004-06-02","0.0103382136244187","0.00712556410763443","0.00623372828903225","0.0134986135121676","0.0108646294316685","0","0.00568930790877265"
"2004-06-05","0.00886397262681319","0.00919905437203331","0.00871779874283836","0.0125578540055737","0.0108880884197382","0","0.00562072813629769"
"2004-06-07","0.00842827516522425","0.01665277936041","0.0084590485246867","0.0147595819492668","0.0107992234466528","0","0.00536694452620377"
"2004-06-08","0.0103978107288469","0.0165274878057719","0.00748181870145326","0.0141164408274045","0.0136846961278553","0","0.00550121653113124"
"2004-06-10","0.0102187062755384","0.00492880827781568","0.0067453841101295","0.0127445695722682","0.013759656200721","0","0.00475852970483801"
"2004-06-12","0.0109019216545565","0.00992515275533302","0.00692613868252689","0.0135040735519379","0.010595889416945","0","0.00772936010381575"
"2004-06-14","0.0109487936494052","0.00712517346556369","0.0134149653243074","0.0130934455513419","0.0115746508196607","0.00702883284921343","0.00628054943517522"
"2004-06-15","0.0108860761852714","0.00821152368524938","0","0.0135709585561021","0.0109726855516915","0.0069831721763639","0.00777410321614587"
"2004-06-16","0.0103177211234205","0.00928766215269432","0","0.013755756241505","0.025","0.00690870155181269","0.00774650661845162"
"2004-06-17","0.0100263350771192","0.00841424746331734","0","0.0138158490246813","0.025","0","0.00790947650412451"
"2004-06-18","0.0102482313303205","0.0141455249743383","0","0.0137638004805915","0.025","0","0.00864660576922235"
"2004-06-21","0","0.0101376815670108","0","0.0184512911593027","0.0096230189946623","0","0.00866854806711608"
"2004-06-22","0","0.0102893201392761","0","0.0200621978923024","0.00887868495901963","0","0.00856024666408597"
"2004-06-23","0","0.0100952329404387","0","0.0174832507126564","0.00770829856119539","0","0.00818856789534676"
"2004-06-24","0","0.00796645265933454","0","0.022453100830872","0.00831182926266695","0","0.0085790399670128"
"2004-06-25","0","0.011813069287605","0.0143940404787718","0.0143499751484994","0.00985220847746099","0","0.00785865815895024"
"2004-06-28","0.0103604729737381","0.0170173279641107","0.0128787735498852","0.0162849051606436","0.0105059894821759","0","0.00746396356547553"
"2004-06-29","0.0109052902562752","0.0189979998102264","0.0131348711066618","0.0170198212320789","0.0107832135403867","0","0.00738724758385796"
"2004-06-30","0.0109565943099994","0.011054936416363","0.0152444678554789","0.00957774231287101","0.0105790017317131","0","0.00727990423258083"
"2004-07-01","0.0110163371734725","0.0108688308949745","0.0140078377443652","0.012012261469659","0.00846832716502352","0","0.0124601181611085"
"2004-07-05","0.010770587072627","0.0153690842568181","0.015423546370759","0.0132720234713492","0.00851749192482666","0","0.0144727302155936"
"2004-07-06","0","0.0149305656454601","0.0162488503869084","0.0120384940857008","0.00859041801186737","0","0.0134339234184069"
"2004-07-07","0.0119492541380069","0.0141358391874273","0.0156372798044903","0.0110758556715893","0.0103433126541134","0","0.0136586686340734"
"2004-07-09","0.0115551374923373","0.0133655219212859","0.0155043676765912","0.017629883931004","0.00870775341173454","0","0.0130603971189881"
"2004-07-10","0.011888754122589","0.00890297304901563","0.0159034437016575","0.0151590657247172","0.00856384167268493","0","0.025"
"2004-07-12","0.0127178992606435","0.0137632871535765","0.014041188711391","0.0135953041883153","0.0103737473306628","0","0.00924286642463736"
"2004-07-13","0.0127641808747214","0.00971159152713021","0.0157350909176551","0.017312776015962","0.00962979188477876","0","0.013488417636039"
"2004-07-14","0","0.0134512595843769","0.0164768205855815","0.0133563175380594","0.00941181428967628","0","0.014442471341452"
"2004-07-15","0","0.0133137724690282","0.0146371685746433","0.0166965170851148","0.00915186580781535","0.00623446195199024","0.0131065087210882"
"2004-07-16","0","0.0111816911057609","0.0155335339839485","0.0163153419273659","0.00903034924620928","0","0.00949804353330053"
"2004-07-19","0","0.0130419343236328","0.0147864250622663","0.013284664146128","0.00913919688532117","0","0.0111905411911843"
"2004-07-20","0.0108248110363846","0.0130778799555573","0.0148100072935007","0.0209054576101069","0.00914636029852593","0.00586762265766526","0.00957353457803785"
"2004-07-21","0","0.0133740488399985","0.0147875619703934","0.0156977949509569","0.00914642949250423","0.00623871182283846","0.0106680418432413"
"2004-07-22","0.0103210603147797","0.0136951538948672","0.0141659268262295","0.0207653607940532","0.00894786547776918","0.00720333452841128","0.0107272268506694"
"2004-07-23","0.0130231516729115","0.0258694632103815","0.0146294498914393","0.019026519680867","0.00899765725005152","0.00961613209800249","0.0114685962184336"
"2004-07-26","0.0123895683487825","0.0231464139755907","0.0153308373931509","0.0201915966686877","0.00883897695235738","0.00700666492765357","0.0113301638351731"
"2004-07-27","0.0135489702378261","0.02445230393164","0.012752201046183","0.0223949591500443","0.00910438860663688","0.006657087195995","0.0121032947006401"
"2004-07-28","0.0104859441026334","0.0244848151870211","0.014256810441572","0.0225999897148765","0.00883740701478623","0.00625204029467196","0.0161059841472188"
"2004-07-29","0.0105919596501887","0.0228632879173855","0.0142298638047215","0.0177394492448677","0.00880158038185141","0.00768237746130247","0.0165296928752696"
"2004-07-30","0.0117021454965186","0.0229224957772567","0.0116174228672382","0.0175234482260963","0.011486995442257","0.00724577084023489","0.0172848003047757"
"2004-08-03","0.00968851041784283","0.0232276057484717","0.0113163918515963","0.0178745600890054","0.0114727795231356","0.00936409651556867","0.0172059281937583"
"2004-08-06","0.00975483671156884","0.0237472119936969","0.0109236861832629","0.0183778737874251","0.0112259470805984","0.00966651829649492","0.0175769752990856"
"2004-08-07","0.00988479395739434","0.0239881455742887","0.00878153898638091","0.0159258090602476","0.0101631370003578","0.00711902981046523","0.0143908552986478"
"2004-08-09","0.0100129282823737","0.0240114995469313","0.00863630990231751","0.0101588372872187","0.00946749598059482","0.00663247112774498","0.0142982127789189"
"2004-08-10","0.00947009789479062","0.0239492912620041","0","0.0161609785391793","0.0128902219551623","0.00784697986184021","0.0294783627252555"
"2004-08-11","0.009387263191192","0.0251284991276185","0.013092568556479","0.0161972639556864","0.00962280002015766","0.00846682045500151","0.0141426887939132"
"2004-08-16","0.00939381600925553","0.0155760725038871","0.0134184644301705","0.015694332938987","0.0115260611090581","0.00814663685648763","0.00647264696316666"
"2004-08-17","0.00945474333396285","0.0157759918309113","0.0141343818927753","0.0133148111656217","0.0140989789212517","0.00751326379709912","0.00581033588122013"
"2004-08-18","0.00937452911471605","0.0140734251926562","0.0132007074892055","0.0110249354351867","0.0101475441624156","0.00719870861620619","0.00611019700144845"
"2004-08-19","0.00954960965378829","0.0182638638723972","0.0153243456246448","0.0105557016946032","0.0108161819978233","0","0.0078732807309792"
"2004-08-20","0.00870808433824342","0.0126791710745044","0.0157329390077013","0.00859245030706122","0.0120891951831117","0.0085958378701994","0.00971328597123136"
"2004-08-23","0.00877388576277009","0.0149703662309502","0.0146842362286578","0.0115393914016732","0.0123024806294787","0.00879114673631954","0.00910408697057159"
"2004-08-24","0.0091107120226929","0.0162092320424808","0.0150224519715273","0.0115546791438498","0.0625","0","0.0090392876909166"
"2004-08-25","0.00933953013189845","0.0150240103360128","0","0.0119063701608971","0.0114842292355267","0.00644091721188176","0.0075577354888101"
"2004-08-26","0.0130284384630016","0.0201752440825863","0.00869015462840271","0.0112068312755152","0.011348690610448","0","0.00931585761258711"
"2004-08-27","0.0113343361332835","0.0196882699528515","0","0.00822226894879145","0.0117550386604777","0","0.0127004524701659"
"2004-08-30","0.00915488586809623","0.01726472431221","0.0101777674079986","0.00922194743102653","0.0107599218591829","0","0.0119613871949816"
"2004-08-31","0.00898116704931418","0.0105661199627788","0.0101396601269699","0.00883051695906143","0.0106996513389333","0","0.00811142851021726"
"2004-09-02","0.00909424728987661","0.00623400994970731","0.00985812091922471","0.00863130403005154","0.0119016057933624","0.00670533374147414","0.00807974012509216"
"2004-09-03","0.00926389354219465","0.00676352112802115","0.0110591435394081","0","0.0130587851752394","0.00674946391555384","0.00822444549864833"
"2004-09-06","0.00878434445342248","0.00765175849198816","0.010380990303802","0.0080326456171259","0.0276823900447452","0.006343299385864","0.00796125592672339"
"2004-09-07","0","0.00759653305509277","0.0102275880559399","0.008121750536719","0.0151787736918925","0.00644060202354539","0.00738459464994578"
"2004-09-08","0.0089137320916474","0.0405182836398704","0.0141712469797183","0.008127944910714","0.0133924168021908","0.00720104769895413","0.00728150117330796"
"2004-09-09","0","0.0117761161246652","0.0110604388093286","0.00841059523562631","0.0101259998701904","0.00651098858166796","0.00862202698430532"
"2004-09-11","0","0.011551971350983","0.0133986048966117","0.0151399893413035","0.0125025709321755","0","0.00806904412661454"
"2004-09-12","0","0.00599564763499475","0.0131969632348065","0.00800880745978859","0.0141499048559843","0.00599937367180103","0.00794376972770531"
"2004-09-13","0","0.00534624945277241","0.0105425615514859","0","0.0125363784454995","0.0063657050694774","0.00616105474941858"
"2004-09-14","0","0.00544182080625313","0.00981110190971225","0","0.0146775897078294","0.00601497998706297","0.0059088361269491"
"2004-09-15","0","0.00607333008465538","0.0146420988452088","0","0.0192865999582604","0.00635414695568654","0.006521867987675"
"2004-09-16","0","0.00594092674424141","0.0150940247306065","0.00716822685523817","0.0181144154787595","0.00643052954965505","0.00647877188115232"
"2004-09-17","0","0.00606286381602433","0.0170555109553393","0","0.0120629467379386","0.00594368373726034","0.00726350069852792"
"2004-09-23","0","0.00588340584998157","0.0154993765064837","0.00754983675216146","0.0225338108267094","0","0.00875068752855487"
"2004-09-24","0","0.00618836556253838","0.0150036754004197","0","0.0139233346156776","0","0.00637262078557772"
"2004-09-27","0","0.00576051319028908","0.0144190673160745","0.00753625045048342","0.0132525525761038","0","0.00722237021211762"
"2004-09-28","0","0.00594349482813684","0.0111099925082711","0.00660770930450594","0.0136527337937892","0","0.0072072776294599"
"2004-09-29","0","0.00615823846394778","0.0110324648526182","0.00753110727697286","0.0127469016243814","0","0.00755560624528712"
"2004-09-30","0","0.00592876669534292","0.0111583556462108","0.00677666400378392","0.0132939568635366","0.00567238462451364","0.00794280043477509"
"2004-10-02","0","0.0110650658885335","0.0107536142304669","0.00601346347298068","0.0101291201381765","0","0.0100967727382157"
"2004-10-03","0","0.0060238299011879","0.0120183591053755","0.00621095897979401","0.00974771356587099","0","0.0075639650636775"
"2004-10-05","0.00827781539693196","0.0064861438441926","0.0121279601099892","0.00596246116196758","0.00948049259749035","0","0.0104558671278572"
"2004-10-08","0.0100116402074285","0.00754561052880869","0.0109285797128425","0","0.00965367418930842","0.00566330893889228","0.00743506233540464"
"2004-10-09","0.0110779164460926","0.0080171764124396","0.0121567987476165","0.00627384837259834","0.0115301112080245","0.00505936633911495","0.0100781458489213"
"2004-10-11","0.01019837570541","0","0.011437898207024","0.00638120604009483","0.0107281660216583","0","0.00985045529249271"
"2004-10-12","0.0120970896200815","0.00741858021826596","0.0114391065228452","0.00723783187667797","0.011552735840282","0","0.0133189437486822"
"2004-10-13","0.010137766677145","0.0117937176997621","0.0137344828017968","0.00679292493471392","0.0122121129825911","0.00521492121637783","0.010740471276947"
"2004-10-14","0.00800959778034722","0.0113669827248183","0.0111990287669609","0.00649331534499605","0.0125196918329429","0.00512455586137852","0.0108271638245706"
"2004-10-15","0.00956392554724345","0.00742554403090197","0","0.00867891526307146","0.0111026967840647","0.00559402840701845","0.00532393777167292"
"2004-10-18","0.007982242334215","0.00759422201029317","0.00639435346853291","0.00745323263471441","0.013587097388685","0.00571552920823202","0.00523666199930768"
"2004-10-19","0","0.0074992965141463","0.00690042588449052","0.00580152506195836","0.010452490000318","0.00561445649836404","0.00545111975727649"
"2004-10-20","0.00995591917646572","0.00648897534284771","0.0109278217450568","0.00619324599059246","0.014272945610626","0","0.00516215394991381"
"2004-10-21","0.0124492935046246","0.0249232144658283","0.0111768395784569","0.00742673943979875","0.00970932964465431","0.00686406566797063","0.00461735799142194"
"2004-10-22","0.00975465505726108","0.0150273213625957","0.010108433435172","0.00849388109245072","0.013764235059132","0.00498443692553162","0.00512363553540609"
"2004-10-25","0.00734496122357012","0.00741570911066477","0.0102592479819382","0.00920874724314055","0.0131475680044984","0.00482379522607624","0.00701843582622274"
"2004-10-27","0.0120152192661918","0.015209545699825","0","0.0067905204473395","0.009872963297889","0","0.00539660247565267"
"2004-10-29","0.0120561591972506","0.00575509333188128","0.0106465113210931","0.010513464275899","0.0136346844815564","0.00800394578981918","0.00419508157349285"
"2004-11-02","0.0150795490250975","0.00526460444441762","0.0110819377353941","0.00968074887892388","0.0134055587970195","0","0.00430837778535002"
"2004-11-03","0.012375299671414","0.00657194757324309","0.00781575309549636","0","0.0132150256502501","0.00734083904577246","0.00421733098115535"
"2004-11-05","0.0151768126459135","0.0056901727034936","0.00990343823666679","0","0.00940970717393439","0.00716404578129155","0.004088922241041"
"2004-11-08","0.0144640989090424","0.00415382535561838","0.00732743130547592","0","0.0109617937725462","0.00535525406976846","0.00401795746452152"
"2004-11-10","0.0141893906888565","0.00544508872022811","0.00832916106367447","0","0.00918307357248177","0.00540261549069818","0.00414402608630774"
"2004-11-15","0.0128854669608278","0.00551544028919295","0.00775279019898074","0","0.013198333981392","0.00514352891354191","0"
"2004-11-16","0.012887412536931","0.00555816270451483","0.00717224598922234","0.00707584792519444","0.0145740745739646","0.0042513185518871","0.00596205736284317"
"2004-11-17","0.0125317713799488","0.00707307196442949","0.00741514672149954","0.00689812754186345","0.0120311437591861","0.00462044668392324","0.00535841969519021"
"2004-11-18","0.0141074337894481","0.00930776164959441","0","0.00894127320884291","0.0127146946853495","0.00527744176351085","0.005350385369424"
"2004-11-19","0.0119313676769608","0.00714362005666138","0","0.0090291961543126","0.0110630589048139","0.00526923425574035","0"
"2004-11-22","0.0103228955756104","0.0353234134292479","0.00691578159592511","0.00566230139341872","0.00922250896762598","0.00487370891751732","0"
"2004-11-23","0.0193205676804138","0.00706950986055147","0.00724739687777884","0.00575324564219196","0.01545758684156","0.00520738984648365","0"
"2004-11-24","0.0209970066379228","0.00737179305613208","0.00729299925627969","0","0.0120413740423185","0","0.00569875494782661"
"2004-11-26","0.0215666680253638","0.00974251748784008","0.00854853931770391","0","0.0143538508469914","0","0"
"2004-11-29","0.0162901245138809","0.0164265698232083","0.00738941098873487","0","0.01518154890138","0","0.00591198660863638"
"2004-11-30","0.013746515393956","0.00972324810205647","0.0111167314979394","0","0.0147324866199116","0","0.00732889813543371"
"2004-12-01","0.0135010742622706","0.0126574964573993","0","0","0.0128326703315442","0","0.00614049119026944"
"2004-12-02","0.0140512560871657","0.014002577543456","0.00714481562519777","0.00591550820084167","0.0134913302786077","0","0.00606298413808533"
"2004-12-03","0.0142453469753707","0.00898660320527399","0.00600308583434444","0","0.0150408346290655","0.00661489094819171","0.00909082852706391"
"2004-12-05","0.0128539184776743","0.0194094184730148","0.00499638842902544","0.0056743819961422","0.0148127894339872","0","0.00567198144896455"
"2004-12-07","0.0193890562565837","0.0089654343261452","0.00509715168499293","0","0.0143218349726698","0.00585203852267921","0.00572781320486401"
"2004-12-08","0.0152729163585889","0.00206301897614626","0.00495024015020121","0","0.0112760063722985","0","0.00541705686313623"
"2004-12-10","0.0192274666828627","0.00490049264938901","0","0.00629552140052912","0.00927280198350552","0","0.00469865529417549"
"2004-12-11","0.0184131869126436","0.00574881285317784","0","0","0.01018512324475","0","0.00494080018552815"
"2004-12-13","0.0132695033623284","0.0106925771143894","0","0.0063305034876474","0.0100018339103374","0.00452702515084666","0.00525859038831569"
"2004-12-14","0.0135652799603415","0.010297809883315","0.00693591009090866","0.00692820138521621","0.00979992690355164","0.00729232785629868","0.00691467931866183"
"2004-12-15","0.0123104634153775","0.0116252338748199","0.0071345428147344","0.00639871173684282","0.00972429174664796","0.00727500192365053","0.0078152852791806"
"2004-12-16","0.0121896256650524","0.0215982601010644","0.00755791757553334","0.00673626938126645","0.0109969146739855","0.00495736403201833","0.00706349587772566"
"2004-12-17","0.0129251706953082","0.012930871835635","0.0073101629327896","0.00562197638080767","0.00942524340903187","0","0.011231311110786"
"2004-12-20","0.0124234725881826","0.00806811842283891","0.00740257815075488","0.00568719263476214","0.00910257639944557","0","0.00959986088431767"
"2004-12-21","0.0126300081710306","0.00652430631375263","0.00749560777644921","0.00633694877760843","0.00909900118915004","0","0.0128344288011022"
"2004-12-22","0.0148965736024581","0.00694075159141608","0.00706079976992596","0.0061593920808244","0.00887434531735062","0","0.0128562864117166"
"2004-12-23","0.0149344957906433","0.00695829488533739","0.00762228881712212","0.00596719776110022","0.00850577844754641","0","0.0130133603535719"
"2005-01-02","0.0147881607754523","0.00696537258122117","0.00743519165780678","0.00615843630436173","0.00879817720998483","0","0.0136661937370055"
"2005-01-03","0.0143401413808663","0.00619625591770034","0.00790366886234357","0.00611113824451667","0.0084822572194094","0","0.0134016922684969"
"2005-01-04","0.0139619707495672","0.00601273584489156","0.00764623500760451","0.00676401824676626","0.00873013528747477","0.00431728146596116","0.0115075647686459"
"2005-01-09","0.0140790721850693","0.00591786286681875","0.0095774526635986","0.00677543697962151","0.00926559962812823","0.0060023925853424","0.0119271228219622"
"2005-01-13","0.0161824337184419","0.0078186809838288","0.00990749931897958","0","0.00961235838238497","0.00510906939354034","0.0121215913763085"
"2005-01-14","0.0175942241678637","0.00680918009772501","0.00992199302750523","0","0.00988577396493486","0.00511339373544302","0.0119718057480865"
"2005-01-18","0.0175065758134487","0.00599726642027145","0.00958831543778518","0","0.0104436495338633","0.00516362910270873","0.00759039289051869"
"2005-01-19","0.0173506651921857","0.0056363577428418","0.00934329447040048","0","0.00972165691466875","0.00515019670579844","0.0116534458458809"
"2005-01-20","0.0204308814014891","0.0064661547977562","0.0100895122131435","0.00594219953877895","0","0.00518257433314127","0.00758457680448417"
"2005-01-21","0.0161559158811182","0.00608488297474878","0.00969814803981374","0.0111910618251658","0","0.00506016826552049","0.00682968124665385"
"2005-01-24","0.0171010140037105","0.00568936671202362","0.00984941308703888","0.00965909157634531","0.00811590125414507","0.00487825777546763","0.00862292026669503"
"2005-01-25","0.0168331163525912","0.00585099905216163","0.0100687963113519","0.0113649366306789","0","0.00494366107697453","0.00625192415064411"
"2005-01-26","0.016991906271205","0.00594192643102708","0.0103730925691515","0.00867542607329839","0","0.00492719828945909","0.00496262586128817"
"2005-01-27","0.0116521100571176","0","0.0119013960488456","0.00827144663655916","0","0.0052283690916286","0.00683336030015573"
"2005-01-28","0.0121748602201051","0.00777291046027582","0.0105554748679943","0.00785494837791791","0","0.00491763299543952","0"
"2005-01-31","0.0124147485664897","0.00761753707150521","0.0102775749889593","0.00780427938569874","0","0.00553242865657747","0"
"2005-02-02","0.0128680298498816","0.0064733812801329","0.00962993849442612","0.00758424753806236","0","0.00600382444338969","0"
"2005-02-08","0.013090773148181","0","0.0108147696403541","0.00746223558192408","0.00733861675324764","0.00501731852628661","0.00718235257949349"
"2005-02-11","0.0110016662406218","0.00696018674890699","0.0126468972616228","0.00736793236163571","0.00984514641548343","0.00477176607616292","0.00709849860122209"
"2005-02-14","0.00974833152630449","0.00720100880772755","0.0116784956270143","0.00714373385860757","0.00770301989660873","0.00487398601316647","0.00816417555355787"
"2005-02-15","0.0128840796473917","0.00810851800852997","0.0110607310848638","0","0","0.00507360404615933","0.0113339881893403"
"2005-02-16","0.00944322192017496","0.00885300416970327","0.0106472743310148","0.012399723053095","0.0104218272153302","0.00496428965496237","0.013013756752843"
"2005-02-17","0.00930135895059356","0.00875821787259731","0","0.0188044731235251","0.00782638489072473","0.00487415946187355","0.005348961341377"
"2005-02-18","0.00887487166665174","0.00927689700040861","0","0.0422145816195146","0.00768856703252676","0.00539423267538417","0.00941108307372529"
"2005-02-22","0.00925759773953985","0.0107906063852491","0.017166469764026","0.0100463288059815","0.0099339387080272","0.00514651120773191","0.00870405619756885"
"2005-02-23","0.00808914157058427","0.0140569015647761","0.0157740856880108","0.0178548017765972","0.0105044720825344","0.00701055676449649","0.00614400608393823"
"2005-02-24","0.00841760751440961","0.0121291065055319","0.0152390048218184","0.0121141742127047","0.00999607825216779","0.00583973552909653","0.00896769796814334"
"2005-02-25","0.00969849756261584","0.0118700753174305","0.0257442710514369","0.0123859883509691","0.00791349193750477","0.00625187320492031","0.00927908723982548"
"2005-02-28","0.0101507068320473","0.0114874928283559","0.0182942300154956","0.0128763119877654","0.00777722810989651","0.00628182198800333","0.00697318051383515"
"2005-03-01","0.00836134364915017","0.0116508784353666","0.0178280314620215","0.0122672448509528","0.0077573198269633","0.0064255893363323","0.0100662954885804"
"2005-03-02","0.0127735536596606","0.0118631922194561","0.0164004345749173","0.0126260766292755","0.00978547089541722","0.00754688792553742","0.0073602876966352"
"2005-03-08","0.00861291465561414","0.00708681221307647","0.00793981381341339","0.0128212099070319","0.00905904198078014","0.0067978245837482","0.00765822368970131"
"2005-03-10","0.0085090435841763","0","0.00843814242188282","0.0155871094544778","0.00788595056102947","0.00568162057269702","0.00934273775433373"
"2005-03-11","0.00904568594186446","0","0.0120630739050651","0.0181096564768924","0.00771495355139778","0","0.00931348682881135"
"2005-03-15","0.00898573788240528","0","0.0119887192641422","0.0208341586468099","0.0076818119847633","0.0056147615744821","0"
"2005-03-16","0.012007447175391","0","0.0121622929291621","0.0132897086976285","0.00775617408617449","0","0"
"2005-03-17","0.0124518858499548","0.0121146797050033","0.0123456638285437","0.0144535141151357","0.0169726358406941","0.0081042528705184","0.0116272001826764"
"2005-03-18","0.0160806032877674","0.0116741469485668","0.0127799683757184","0.0187752367711508","0.0140172027548759","0.00828356885972552","0.0118334367891916"
"2005-03-21","0.0155939883553179","0.00666851715096713","0.0126277595181024","0.042329053900337","0.0137284852274548","0.00956304132161144","0.0118107528603852"
"2005-03-22","0.0153411459243507","0.00648310148117844","0.016690276598419","0.0428000943894468","0.00804879478450126","0.00894035610944639","0.00976347193198253"
"2005-03-23","0.0148587467456794","0.00631509820438549","0.0126948875424287","0.0449618697511762","0.00805810171418878","0.00976961749224614","0.00830043156172145"
"2005-03-24","0.0142614349981528","0.00478523170722997","0.0125676845563657","0.0498740579350335","0.00735677787945683","0.010954000280587","0.0141270637871351"
"2005-03-29","0.00942822337800078","0","0.0136345197739284","0.0257637183698649","0.0079482300131762","0.0112830255749847","0"
"2005-03-30","0.0100983571656235","0","0.0153083869019746","0.0258119945108174","0.00947456952905364","0.0110631714401053","0.00503886512230678"
"2005-03-31","0.0129671204630616","0","0","0.0224397970094203","0.00801297192627685","0.0111898786138399","0.0064611682647763"
"2005-04-01","0.0316612573272719","0.00687096364986433","0","0.0238104360603488","0.0132672597282588","0.0104008612411268","0.00683447590893645"
"2005-04-02","0.0313423569953126","0.00715638349443791","0","0.0178242863110058","0.0123867347573627","0.0115360704321046","0.00671807499329272"
"2005-04-04","0.0297617697909806","0.00601569413152794","0","0.0221410085267924","0.0100699977455429","0.0109184152731858","0"
"2005-04-08","0.0178518925500435","0.00531105923818208","0","0.0296116335259759","0.00781860216936144","0.0214495738960051","0"
"2005-04-10","0.0172754838769326","0.00571862065059516","0","0.0258723447763347","0.00893326129877678","0.0145551027727773","0.00750617996193328"
"2005-04-11","0.015793621259426","0.00642445311423071","0","0.0184514717868688","0.00928840295282864","0.0131156435398006","0"
"2005-04-18","0.0156705380588245","0.00572993520386696","0.0209251171943844","0.0284763223555936","0.0158319056069664","0.013797471569554","0"
"2005-04-19","0.0156572215058881","0.00718091427615905","0.0205912309779175","0.0228858009728941","0.00973418380517934","0.015763001614668","0"
"2005-04-20","0.0153137427127801","0.0107953572938901","0.0183058775339975","0.0212393138343229","0.00962581180007093","0.0137391496674336","0"
"2005-04-21","0.0156272687132762","0.00625197092272432","0.0189160639991965","0.0231324087411716","0.0167514949654049","0.0105021049545223","0"
"2005-04-22","0.0150907990566292","0.00548310841682134","0.0196165826424072","0.0227588628724253","0.0161238759659379","0.0143322802678002","0"
"2005-04-25","0.0200881088579458","0.00583238949838296","0.0270692872267373","0.0224687376375806","0.0146773458713297","0.0144318133205206","0"
"2005-04-26","0.0197878603412415","0.00612658911739864","0.0201201746276394","0.0498818133695955","0.0137654660492404","0.0159271219911059","0"
"2005-04-27","0.0206780388044601","0.00847871821447984","0.0171874744478231","0.0210847195429665","0.0139011726860016","0.014100991554827","0"
"2005-04-28","0.0144340292840707","0","0.0175788961449646","0.0183742619629816","0.00994177292042962","0.0173295081371642","0"
"2005-05-01","0.0152982366637672","0","0.0173514498005879","0.023815245491905","0.00923020447217109","0.014878293342447","0"
"2005-05-04","0.0150369946059143","0","0.0175066796230436","0.0233988984830914","0.009768600978915","0.0161087386931804","0"
"2005-05-08","0.0143641746493935","0","0","0.0203704125696872","0.00978919632398182","0.0170403599866198","0"
"2005-05-10","0.0158463877997355","0","0.019085591990446","0.0211921657782965","0.00818952107343521","0.0211545485637482","0"
"2005-05-13","0.015850410506811","0","0.0203831387392558","0.0196801930515668","0.00899148278261367","0.0148178777611742","0"
"2005-05-17","0.0154269244448204","0","0.0225104763039599","0.0181973152203181","0.0146259580648778","0.0148306035220386","0.00400910926878822"
"2005-05-18","0.0135052285394879","0","0.0219439701644746","0.0128491565312395","0.0107327193261166","0.0152085021312475","0.00788001207120851"
"2005-05-19","0.0151219005059278","0","0.0226652439121877","0.0130540498893686","0.0117024309442042","0.0146903988057572","0.00797583806937667"
"2005-05-20","0.0138545519479249","0","0.022610405804572","0.0137811227859781","0.00965287633858755","0.0140711437601205","0.0058125456118546"
"2005-05-23","0.0118059077344054","0","0.0242820262217035","0.0130779414882933","0.0097616785553073","0.0171165661822112","0.00930895817791876"
"2005-05-24","0.0118324512967784","0","0.0218585034008709","0.0131717731709013","0.00944906390389057","0","0.00958924572398896"
"2005-05-25","0.0117402792475329","0","0.0153505509290455","0.0130856803294325","0.00980151591232581","0.0179243389919111","0.00534980209209163"
"2005-05-27","0.0148164858367263","0","0.0151676537320729","0.0119882891311429","0.00966963499380161","0.0179340815421587","0.00916030221489786"
"2005-06-04","0.0157647015318393","0","0.0209146887503406","0.011792585262431","0.0101246911123407","0","0.00959370667035537"
"2005-06-05","0.0163481796585337","0","0.0158550897700898","0.0123278129296013","0.010254625934581","0.0133280251752358","0.010382824646198"
"2005-06-10","0.0160013264389201","0","0.0160362465206745","0.0123219227041284","0.0102348681604204","0.0141162559441484","0.0101472629888416"
"2005-06-12","0.0163295650887522","0","0.0158880637038246","0.0123994958801002","0.0113962804490438","0.0129276395428311","0.00800622866612284"
"2005-07-01","0.0165121264964716","0.00680485590316209","0.0278522977718653","0","0.0113090881629546","0.0141692503778173","0.0144606638165109"
"2005-07-02","0.0159219767893809","0.00622880436911624","0.016036509593451","0.0126876506812009","0.0105100856094272","0.014122900224699","0.0149036431721544"
"2005-07-03","0.0166076702858684","0.00684707769524539","0","0.014182972832818","0.0100627583654631","0.0130166994122138","0.0117176508393303"
"2005-07-04","0.00896376819956259","0.00632845868653135","0.014323527140157","0.011937466557063","0.00904717705891823","0.0124648365211011","0.00849134704275622"
"2005-07-10","0.00853920353494229","0","0","0.0120266282049002","0.0101668345970727","0.0116505941358315","0.00748574003380777"
"2005-07-11","0.00851253819163368","0","0.0096978285046174","0.0132452930282191","0.0113488461292744","0.0164050000996321","0.00648154006902787"
"2005-07-12","0.0121529466280663","0","0.017714765907422","0.0128572037659346","0.0118118897462738","0.016096999684731","0.00757464324046039"
"2005-08-02","0.00763887669371916","0","0.0279325013544789","0.0161995559900296","0.0153710571355828","0.0152010844277923","0.00895401489315355"
"2005-08-03","0.00771716833363381","0","0.017279212819765","0.0148757637521897","0.0133714834948279","0.0151295214501005","0.00901911664657516"
"2005-08-08","0.00764714844736453","0.00691043633458593","0.0209105007486692","0.0186754743058165","0.0130886963993539","0.0176022341163574","0.00875787406640032"
"2005-08-09","0.00773635335648654","0.00687038550611547","0.0234785056247836","0","0.0107068227932004","0.0146562100021325","0.00735894971717887"
"2005-08-11","0.00857322752106859","0","0.0234037503961626","0.0188388287585017","0.0100075138758212","0.0136897392743631","0.00588541675883218"
"2005-08-16","0.00882032344199818","0","0.0287409134430673","0.0139975690607105","0.00991067893586434","0.0153986523196724","0.00625301493043343"
"2005-08-17","0.0100130857943929","0","0.0305196057870275","0.0139299939224791","0.0132389166529138","0.0150264256974407","0.0225101167166685"
"2005-08-18","0.00848229562075418","0.00593038949452389","0.0680329778508687","0.014029343647955","0.0133050915489134","0.0206689037572143","0.00671781573097223"
"2005-08-19","0.00804387224120305","0.00745025973605426","0.0255874489037877","0.0199909021922315","0.0132167514656442","0.0177988356572168","0.00588096316591324"
"2005-08-22","0.00812947257139358","0.00774060131353158","0.0257097236772087","0.0204593256273601","0.0136464311823651","0.0197339129287781","0.00597608931129799"
"2005-08-23","0.00807496569460564","0.0108945586119376","0.0256187150576711","0.0203825489960688","0.013710092591154","0.0168162270147217","0.00606486384093632"
"2005-08-24","0.00790302209683439","0.012896030614448","0.026006158038012","0.0142742568470376","0.0134425063939096","0.0158202501154905","0.00588287659916746"
"2005-08-29","0.00781231396751461","0.00483887998445542","0.0348669334806375","0.0235604603605383","0.0135975481869422","0.0156128210130278","0.00568832647606939"
"2005-08-30","0.0116881672704504","0.00565709112681422","0.0302281215017263","0.0150861195376108","0.0134680274126445","0.016103653048729","0.00616131067214364"
"2005-08-31","0.00944134699905674","0.00528495558332305","0.02577278253695","0.0137666956455693","0.0129630473098869","0.0225529855271264","0.00603012693073931"
"2005-09-02","0.00828217535358056","0.00739757206698129","0.025107984632651","0.0214168530150722","0.0187311442883091","0.017708852900228","0.00592323706692676"
"2005-09-03","0.00787808979731247","0.00773299724122772","0.0245581982169623","0.0154687257910492","0.012038079922722","0.0226077376344339","0.00598206223564512"
"2005-09-05","0.00823148811635068","0.00696409910409684","0.0319828816049736","0.0151082879886736","0.0141501761716086","0.0233826256019669","0.00601893645395391"
"2005-09-08","0.00840754678935193","0","0.0361236159429751","0.0146878214420657","0.0149341870542986","0.0196577486512527","0.00595228446064275"
"2005-09-09","0.00840944933973959","0","0.0356558618829668","0.0169134374001166","0.0267506640596573","0.0148319621406328","0.00711329875592643"
"2005-09-11","0.00918144821346603","0.00707280530761641","0.0193754412872056","0.0166899852372435","0.0151547591505515","0.0158875755473815","0.00895415543375876"
"2005-09-12","0.0118806511728102","0.00676372668510578","0.3375","0.0182187617164925","0.0158433749865464","0.0141119566155773","0.00844037045268183"
"2005-09-13","0.00887287109461566","0.00666309323214557","0.0267821416722877","0.0271564270198391","0.0164720860995104","0.0140145107258941","0.00983269744753041"
"2005-09-14","0.00863303230626467","0.00564845090367016","0.0258575408882285","0.0182594289447904","0.0174030341219195","0.0133047051978207","0"
"2005-09-15","0.00984312586074966","0.00581646457749223","0.0268063718746843","0.0144805000702968","0.0178382642147613","0.0136709684509123","0"
"2005-09-16","0.011375572571987","0.00584469199695396","0.0271691595752705","0.0142748893210527","0.0119437409978554","0.0138886586965691","0"
"2005-09-19","0.0191418703582435","0.00557552929138288","0.0202776276963214","0.0144464748363108","0.0100232244915144","0.0192096619252436","0"
"2005-09-20","0.0106645900176246","0.00558961163563591","0.0252158952167416","0.016089369736468","0.00985143010439165","0.0227210456738894","0"
"2005-09-21","0.0138306343682971","0.00663178135215397","0.0240339888952626","0.020130996428422","0.0112280220391185","0.0185872031453411","0.0076160943645279"
"2005-09-22","0.0125819833371581","0.00546769665481622","0.0190519965991411","0.016793336347717","0.0113211578211687","0.0180433169733532","0"
"2005-09-23","0.013042784511816","0.00601676656519562","0.0198231845985208","0.0169679866168128","0.0104632001298835","0.0162828225219661","0.00786272492517195"
"2005-09-26","0.0178103360856614","0.0233770306073528","0.0190558525583978","0.0214564157526249","0.0101983599534566","0.0174813597910513","0"
"2005-09-27","0.0193915655643777","0.010176584317458","0.0190265428801239","0.0206874421163374","0.00827568265938644","0.0231479070074188","0.00759345411257048"
"2005-09-28","0.0122070941414928","0.0065911567081747","0.0183109255768422","0.0161529617938527","0.00819764991397785","0.0188415064791852","0.00831314677081367"
"2005-09-29","0.0156461176053078","0.009069968223358","0.0144889917158698","0.0162034422187547","0.00978411124560187","0.0233359509196338","0.00883193002542845"
"2005-09-30","0.0172695367424934","0.00884359958003723","0.014514168202944","0.0162967308255144","0.00863588260257128","0.0187711649945818","0.00939615914869324"
"2005-10-01","0.0212078357023961","0.00590727624241536","0","0.0155890737863972","0.00750781668719094","0.0158780538642243","0.00732586284117743"
"2005-10-02","0.0203372810695272","0.00545355127629264","0.0146470778109524","0.0136959114265661","0.00743902919274722","0.0138983658646697","0.00707683035764535"
"2005-10-03","0.0183346308912037","0.0069916877758209","0","0.0153977237143063","0","0.0154698823261867","0.00683615301858181"
"2005-10-05","0.0306765945224964","0.00675665677326047","0","0.0162037080601583","0","0.01557577031609","0.00790674843556691"
"2005-10-08","0.0170550827159253","0.00852876853070593","0","0.0161411603285304","0","0.0154512893675173","0.00877746093245313"
"2005-10-10","0.0155958753245417","0.0113988005227623","0.0152282809047102","0.016946597661338","0","0.0165290809222137","0.0125030937346092"
"2005-10-11","0.0160769673836409","0.00877732105542701","0.0153303858881786","0.0174459515542836","0.00652312962297234","0.0157442734852968","0.00939309836573265"
"2005-10-13","0.00969132338484029","0.0177082452074997","0.0135786213949698","0.0169021021147521","0.0119382178143234","0.0154102402855508","0.0131060932275973"
"2005-10-14","0.00962470933393092","0.0174747819956198","0.0137542589251917","0.0164359144127025","0.00941583591096016","0.0157395659690933","0.0134716026666851"
"2005-10-17","0.00785524251209686","0.00907099987393209","0","0.0163250037765156","0.0119482828252309","0.015578530018901","0.0136315740215266"
"2005-10-18","0.0083731806777026","0.00852145119098044","0.0138098371096514","0.0159286523057337","0.015414558164346","0.0155861939428063","0.0140630547271491"
"2005-10-19","0.00725301659655076","0.0220434809509282","0.0164054818155365","0.0159320048275762","0.0121130780227618","0.00755152957898833","0.00991631369007819"
"2005-10-20","0.00783131442680929","0.00634097241710595","0.0172643191491752","0.0160881542539737","0.0124949135532871","0.00771399035294893","0.0147042668857041"
"2005-10-21","0.00753920236215177","0.0065613826053174","0.018512487092135","0.0156298988066548","0.00951768102863104","0.00780302009284184","0.00649132897066819"
"2005-10-24","0.0161038384223866","0.00681039446639083","0.0191839059090012","0.0159875766855178","0.00707890069555776","0.00705651127520759","0.00848834460503538"
"2005-10-25","0.0201881907290293","0.00721535940844999","0.0220948514243861","0.0157736038495916","0.00884858696203777","0.00707036740352673","0.00830812803021729"
"2005-10-27","0","0.00775802855075841","0.0208827300963809","0.0237550800227636","0.00828520744048553","0.00791102911324428","0.00813932036752643"
"2005-10-31","0.00862195293533919","0.0101992735573051","0.0220173602165099","0.0206417171963451","0.00715520788530972","0.00844103518515576","0.00650255782584733"
"2005-11-01","0.0093286038927996","0.0111027540470081","0.0224716307135435","0.016628123742063","0.0110508506405601","0.00688308786642704","0.00680107006213705"
"2005-11-02","0","0.0107576378053233","0.0227530542058069","0.0159376973976394","0.0112992518170259","0.00660002367302613","0.00751134330041553"
"2005-11-03","0","0.0103653596197373","0.0286218584436932","0.0174073472884297","0.0105611959108198","0.35","0.00891609991675547"
"2005-11-05","0","0.00942708851011467","0.0185776883827321","0.0190881610493761","0.00693877678464304","0.00624084090874663","0.00799520776522145"
"2005-11-08","0.00890601532450631","0.0139482678129051","0.023691454644294","0.0199906054840243","0.00682943206579184","0.00656566484398326","0.00815788125089507"
"2005-11-10","0.0094670925340759","0.010171852603234","0.0231982331385341","0.0184866963029593","0.00667509102308902","0.00580226810439228","0.00793542811764993"
"2005-11-14","0","0.00499793883026531","0.0211078812515815","0.0223303801346231","0.00802038507182653","0.00604031767597991","0.0110899749051787"
"2005-11-15","0","0.00571328257547918","0.0225378208244693","0.0224257800371513","0.0101907156570602","0.00611313432763563","0.00868828309213476"
"2005-11-16","0","0.00459619154957984","0.0217268855203925","0.0231133347720145","0.00959830794719186","0.00618027741577656","0.00703248441684954"
"2005-11-17","0","0.00455346339710266","0.0216768194244014","0.022745238592115","0.00796079422203903","0.00604583036716272","0.00638194785072349"
"2005-11-18","0.00834313350026027","0.00684547810082985","0.0203585621546588","0.25","0.00862128061212342","0.00584385015819625","0.00678521842928146"
"2005-11-21","0.00822507021393248","0.00748581278115647","0.0220488748313713","0.25","0.00786173123723193","0.00586361159270274","0.00648886328345315"
"2005-11-22","0.00789819659996544","0.00790124431217818","0.0219578080303749","0.024239406385116","0.00833600339523139","0.0062220093199596","0.0070928032805627"
"2005-11-23","0.0091052471016162","0.00883272635456047","0.0225258571618352","0.0248676072899259","0.00740460869252123","0.0062120042061057","0.00874855016518797"
"2005-11-25","0.0088701066452741","0.00922777219262914","0.0204257249595416","0.0223783210236889","0.0077031802337863","0.00587758450551882","0.0112079242743411"
"2005-11-28","0.00819249594326382","0.0094280881498716","0.0213303389438666","0.25","0.00710079060558068","0.00578768085496738","0.00979770674736238"
"2005-11-29","0.0108624120479689","0.00835325223376895","0.0218179216636546","0.0223836096028365","0.00723501274460865","0.00582416369995962","0.00778388252963004"
"2005-11-30","0.0108494245341724","0.0117329793157618","0.0211881619082505","0.25","0.00679299709035263","0.00587496281009597","0.0100742583674506"
"2005-12-01","0.0124541282150208","0.0139205104196474","0.0168552030101301","0.0192856505584221","0.00723363099797604","0.00593920822202914","0.00627699402657304"
"2005-12-05","0.0103195991721196","0.0144986270046572","0.015207123805541","0.25","0.00733351538680262","0.00595618917434415","0.00628612802251532"
"2005-12-08","0.012556383519634","0.034538993489688","0.0213020971146758","0.0248300356949346","0.00706714711200252","0.0058233249674988","0.00740897020670414"
"2005-12-09","0.0116649644280854","0.0088214285994139","0.0207619184997667","0.0241401578805061","0.00693463138571331","0.00583379735342492","0.00803836308005633"
"2005-12-10","0.0116927034932061","0.0126309858284513","0.0166841425515081","0.0243132655026745","0.00693719517474429","0.0063001510275573","0.00559687964817878"
"2005-12-12","0.0108230747102981","0.0155968455357925","0.0165970698413238","0.0240976685136536","0.00873259371799986","0.00650149466570903","0.00531958532914579"
"2005-12-13","0.0122766186643298","0.0160391143510919","0.0167081061379172","0.0251687162154507","0.00885505656868686","0.0112309973478708","0.00407752639764235"
"2005-12-14","0.0106472230236659","0.0166651198422997","0.0194401616238022","0.0252320907589538","0.00975951422759101","0.0124119075902934","0.00402994904415717"
"2005-12-15","0.0124687033168975","0.0158205267586964","0.0187143662178295","0.0252091915669285","0.00848653797072574","0.0110166425384574","0.00389111892035516"
"2005-12-16","0.0122985912774937","0.0159381464192345","0.0189211516056176","0.0253638750573236","0.00858443804985726","0.00675229537214079","0.00411132847902011"
"2005-12-19","0.0110753496408276","0.0101376702198366","0.0180396620313275","0.25","0.00733468084301966","0.00343674753068392","0.0040099808234524"
"2005-12-20","0.0132129609388141","0.0113659645086228","0.0185416284405328","0.25","0.00724428830047265","0.00358412043960056","0.00617130125740886"
"2005-12-21","0.0102452740222548","0.00781001592848373","0.0189383438435245","0.0248806134464156","0.00712963974494296","0.00406398869166789","0.00615703161176729"
"2005-12-22","0.0105026390128018","0.00761013575878494","0.0193178899192452","0.0271064377416396","0.00778648423224321","0.00462385416607214","0.00590259757322854"
"2005-12-23","0.00717498239914295","0.00768030795532028","0.0109824503234703","0.0417264948460613","0.00671761229192389","0.00445873658971614","0.00649237840545783"
"2006-01-02","0.00752865842226354","0.00783396897183542","0.00907205904262687","0.25","0.0100793725264527","0.00560254281299722","0.00540484758303789"
"2006-01-03","0","0.00768336117718176","0.0128532727435019","0.0285808276390362","0.0104884805443392","0.00473532232977634","0.00559817591040637"
"2006-01-06","0.00608708409487519","0.00808128645352442","0.0138385180591456","0.0134379736794042","0.00762811579956609","0.00463603762016439","0.00665756563960485"
"2006-01-08","0.00734496231728281","0.0097870700383664","0.0187727189505487","0.0300031074742935","0.0057215641878538","0.00630507123263676","0.00810761904626092"
"2006-01-09","0.00873416817500072","0.00794549715980823","0.014064887456297","0.0110224206052538","0.00787825927164357","0.00564676437724199","0.00662626695503222"
"2006-01-13","0.00832533195235143","0.0079363568770101","0.016854490186983","0.011580454979709","0.00949291878388228","0.00432495269040985","0.0078627362413335"
"2006-01-17","0.00801895306309675","0.00602877263021891","0.0153732303030827","0.0116135976217978","0.00881058325914339","0.00454169921213655","0.00794525502876218"
"2006-01-18","0.00800396456263887","0.00593997601677015","0.0122588635269368","0.0124599291773568","0.00778966201603616","0.00580809546975486","0.00823416049151208"
"2006-01-19","0.00659925012351558","0.00667388340332103","0.0116062129930323","0.0272979648634635","0.00790075757137885","0.00551583114836422","0.00799819719507906"
"2006-01-20","0.00654025168019739","0.00673333629053821","0.0111973404123446","0.0277099285049728","0.00835723912696299","0.00557911107456966","0.00757378985566535"
"2006-01-23","0.00660515526441391","0.00719771662651454","0.0116171511790186","0.0281130038297979","0.00868831730816766","0.00615186666874164","0.00924590984549726"
"2006-01-24","0.00653755858679315","0.00705217087881261","0.0161292948738527","0.0161397333081806","0.0087804216788583","0.00620051163570829","0.00980096483117708"
"2006-01-25","0.00653502861565543","0.00666552106315765","0.014711090568581","0.0287728255673587","0.00931759809648365","0","0.00630026969554754"
"2006-01-26","0.00660689611908318","0.00649012640204923","0.0145161972812353","0.0299490512588347","0.00768047410617968","0.0061737593275782","0.00637967258724797"
"2006-01-27","0.00663782562852842","0.00845612491626472","0.0140633564418328","0.0298239411215695","0.0086372830319294","0.00604334926991069","0.00848836541643749"
"2006-01-30","0.00851531967078398","0.00813293368676564","0.0143992864604918","0.0300783485831422","0.00780666500884421","0.00839857790517388","0.00810002205445072"
"2006-01-31","0.00854186522353462","0.00858263342014812","0.0149360010634979","0.0295106955212169","0.0112898624558086","0.00620186034641149","0.00877443699082935"
"2006-02-02","0.0084454024275821","0.00844731873759473","0.0210888600286087","0.0301703811441392","0.0104889969367028","0.00610737153717892","0.00896736406564896"
"2006-02-03","0.00953721146172448","0.0117567303235371","0.0139736950613644","0.0285148769197957","0.0104198265067073","0","0.00705302135637853"
"2006-02-06","0.00719914699901216","0.0117666905956573","0.0137693312926797","0.0151090044626941","0.00792976062234138","0.00673756675669362","0.00609809685663446"
"2006-02-08","0.00682820920206697","0.0109783723928065","0.016722974070645","0.014807068124374","0.00748159390823841","0.00659770105165534","0.00603752814031926"
"2006-02-10","0.0075564617692033","0.0119977356830308","0.0138300336933892","0.014313911539789","0.00738200137475202","0.0085890613678752","0.00629075838413107"
"2006-02-11","0.00724666643475126","0.0123055758494119","0.0168747831857636","0.0128973437789633","0.00743610673624859","0.00865224863112255","0.0062577702131242"
"2006-02-13","0.00710532061788312","0.0167935792035894","0.0174802948482791","0.0177041699781732","0.00725231471010621","0.00889784585069569","0.00634105889281155"
"2006-02-14","0.0087225460671416","0.0165335423220905","0.0157891120622232","0.0196580131847739","0.00738428915964163","0.00906914605750442","0.0061575107602714"
"2006-02-15","0.00830932628354403","0.0195646026662176","0.0138408046533532","0.0122429617763656","0.00666678737905259","0.00949117965746711","0.00619829015418715"
"2006-02-16","0.00888623464683143","0.0198802524101832","0.0147571992951579","0.05","0.00670712459211018","0.00937156291464736","0.00639866945515894"
"2006-02-17","0.00933465900096426","0.0156929366019451","0.0147460455845226","0.05","0.00811639625981363","0.011052196849891","0.00679421989873157"
"2006-02-21","0.00895311792526323","0.0199078640119698","0.0145473246679469","0.0160537038936664","0.00843903382080139","0.0096538030243116","0.00643070979076203"
"2006-02-22","0.008829316454425","0.0222333331730802","0.0177767421851456","0.0134849885123831","0.00848056191695254","0.00981793596651341","0.00616830282881427"
"2006-02-23","0.0094730669826152","0.0200179582185632","0.0174633305082829","0.0154545163297643","0.0144508830179676","0.0101374554647547","0.00591136599824968"
"2006-02-24","0","0.0189196468708655","0.0172525162405892","0.0153390807917953","0.0136129591338899","0.0079131593477362","0.00562590501788891"
"2006-02-27","0","0.019923863511771","0.0205940604237013","0.0166453721896197","0.00682753453184894","0.00813431613364681","0.00589626188149717"
"2006-02-28","0","0.0161241862780221","0.0185027465057028","0.0148926415700116","0.00621887068766358","0.00637856100752984","0.00625405089117333"
"2006-03-01","0","0.015268454078022","0.01337018809632","0.0149637644953846","0.0056918097849537","0.00682005047868944","0.00573233776279239"
"2006-03-02","0.00855656952966983","0.0176999411035154","0.0107286428050562","0.0145414731238387","0.00641554844527655","0.0101070876035949","0.00730519353280109"
"2006-03-03","0.00850238621543916","0.0155793857631791","0.0108019710951528","0.0147057778026222","0.00573859539989772","0.00990996859913929","0.00732742792987059"
"2006-03-04","0.0125273563068719","0.00903118477348265","0.0151469807652511","0.0151643580568725","0.00558488741142822","0.00619313836395516","0.00858853820242774"
"2006-03-07","0.0112719417428348","0.0194253792556269","0.0147985367649753","0.0134265962479773","0.00563043126618567","0.00630888421013839","0.00688130991892136"
"2006-03-08","0.0108343984913895","0.0202402715014832","0.0113167752192623","0.0106652641763296","0.00574322373359688","0.00616949544369432","0.00707316388514969"
"2006-03-10","0","0.0190668842177079","0.0147535226666249","0.0108043281255346","0.00978705216281572","0.00723578895785721","0.00716939195887273"
"2006-03-11","0.00940997155773486","0.0092589479816441","0.0160446518083656","0.0133458522400735","0.0104068702464666","0.00631134832215374","0.00596529247262005"
"2006-03-13","0","0.0143206126763197","0.0146739986858312","0.0131036013798434","0.010571600043194","0.00697186635825949","0.00648787574154167"
"2006-03-14","0.0105489726983163","0.0195662293460385","0.0115127734334426","0.0114242083966559","0.0106935230666825","0.00671875952904093","0.00528733530768953"
"2006-03-15","0","0.0142163236526089","0.0146855871785","0.013644726379008","0.0100816492755994","0","0.00564846183774697"
"2006-03-16","0","0.0055227901549485","0.01450900901801","0.0136919140297957","0.00973760491315149","0.0104214305089978","0.00466531722978843"
"2006-03-17","0.00702093096284394","0.0143318424624262","0.0169073148973752","0.0106972880951327","0.00737849503885901","0.00947096096147187","0.00501592647714353"
"2006-03-20","0.00748593864543665","0.00643366362304715","0.0160141229171992","0.00670201078479477","0.00777600123167163","0.00929066417799467","0.00472516002371106"
"2006-03-21","0.00842527566922065","0.00877540161027605","0.0163525875844207","0.00668343109051628","0.0134173698520908","0.00879910339468523","0.00458607302653367"
"2006-03-22","0.00874658196670934","0.00779315653373097","0.0171988604933448","0.00662894796231771","0.0118289269431089","0.00698703499068337","0.00684943243673376"
"2006-03-27","0.00803706423431573","0.00906223202273796","0.016792592336153","0.00668536746712423","0.0130474665796359","0.00641631829902846","0.00656812476361379"
"2006-03-28","0.0122883975304383","0.0157129594803283","0.0175171974110778","0.00686268819483141","0.0114489062132966","0.00643399263012699","0.00651424261074097"
"2006-03-31","0.00814621872453754","0.0106751155944278","0.0157844667061997","0.00668613905584451","0.0116755806179875","0.00787454529462564","0.00673659143412525"
"2006-04-01","0.0100508403491258","0.0101091071442792","0.0191546846062735","0.00652880568536631","0.0113810559785478","0.00799323792551236","0.00635473067858501"
"2006-04-04","0.0160178055568623","0.0104154828574545","0.0160522364527206","0.00822356139252909","0.0073432330068985","0.00810500459396469","0.00709074606211748"
"2006-04-05","0.0153556061859477","0.00590056387506729","0.0132459117492055","0.006475448276189","0.00734792228604212","0.00814511716783885","0.00704488807580824"
"2006-04-08","0.0154360919794872","0.00536278372412234","0.0192061689803153","0.00964515538938718","0.00725786798983489","0.00687902763290172","0.0099641363547707"
"2006-04-10","0.0159744959509056","0.00674596164440483","0.0170992020106837","0.00910307613101086","0.00747748614292549","0.00697334324465764","0.0163112780532544"
"2006-04-12","0.0109335587428316","0.00671256402726642","0.0153835549046732","0.00903201287437579","0.00693494640088336","0.00758951919629568","0.00719210938503289"
"2006-04-13","0.00840732592039799","0.00767108403861648","0.014227829205991","0.0105288531283916","0.0069713279192922","0.00888570473851418","0.00934436418626948"
"2006-04-18","0.00879999452876421","0.00986974754726726","0.0139236127143788","0.00994190412857714","0.00616901427517038","0","0.00788171539376633"
"2006-04-19","0.00761056750425692","0.0115624009770395","0.0152994182320841","0.0110601388564661","0.00684757715705465","0.00690389866801571","0.00633815122289551"
"2006-05-01","0.00768128107807748","0.0105409712998634","0.0149546708077061","0.0109615580933126","0.00678357555719586","0.00727465330974495","0.00627935864172822"
"2006-05-04","0.00798891030870388","0.00928879640234028","0.0174145555960968","0.00984100320499674","0.00853351902550166","0.00944726474285325","0.00619561880897166"
"2006-05-05","0.00821883894257979","0.011870433760235","0.0163443734242608","0.0092297769624679","0.00553254077384548","0.0094457679628706","0.00518877471210028"
"2006-05-07","0.00823250125495119","0.0119734002854328","0.0153411333414619","0.00995138960240324","0.00584263023113068","0.00705313260476168","0.00529989289482966"
"2006-05-09","0.00800600114420207","0.011781548038695","0.0150792062039886","0.0107180967873981","0.00601082563420255","0.00718167875901436","0.00937830580957847"
"2006-05-10","0.0136112729191456","0.00719281695476769","0.0150337245313642","0.0133733824640391","0.00658193612366503","0.00655094382229664","0.0112030136024331"
"2006-05-12","0.0125001041545864","0.00876255665426508","0.0152274958912516","0.0104188646973222","0.00665644976538622","0.00682719109223725","0.0112253344649764"
"2006-05-15","0.0108950337303742","0.0092228069613753","0.0148756379316408","0.00970644752261344","0.00674703518804655","0.00691439068244112","0.0115793353830594"
"2006-05-16","0.0104010362288644","0.0128822331363106","0.0147832188899238","0.00637543184061227","0","0.00905459042355902","0.0124612583407294"
"2006-05-17","0.0104668728725708","0.0125366089882115","0.0150198844818271","0.00869416391220889","0","0.00968546054689048","0.0126409073690039"
"2006-05-18","0.0106984384438095","0.00884543797413846","0.0148162935383982","0.00979184099288532","0","0","0.019850997196465"
"2006-05-19","0.00912555330921543","0.00857620104196825","0.0126521203835281","0.00981794990369406","0","0.00929463893730886","0.0200015711082682"
"2006-05-22","0.00952456612405462","0.00899231580176109","0.0152046208742621","0.0125082260335055","0","0","0.0375389201642324"
"2006-05-23","0.00937026456176035","0.00998141933948695","0.0160979698649446","0.0139269041270577","0.0136708525467339","0","0.0341516537779372"
"2006-05-24","0.0108329571571492","0.0113935481161787","0.0109273526341613","0.00796587030263989","0.00988157132321961","0","0.058357744447098"
"2006-05-26","0.00827407121704962","0.00954094920797732","0.00931917626674503","0.00928987098215486","0.0129380570259418","0.0104037033531743","0.0565541879886888"
"2006-05-30","0.00873990391594888","0.00916759074747946","0.0132074980037856","0.00837906849657567","0.0122613162054964","0.0133118648833794","0.0517793046846963"
"2006-05-31","0.00978207245410948","0.0101575335344847","0.0142457620587214","0.0172711933423808","0.00830689249120246","0.011510498334946","0.0311030716334097"
"2006-06-02","0.00820000046031392","0.0150063387711711","0.0134519665253829","0.0090649534209677","0.00877567538410464","0.00930578272171969","0.0360495264933477"
"2006-06-04","0.00823144273307958","0.0133336014203591","0.0126216461534013","0.00965261043537221","0.0121569142258117","0.0103425285565198","0.036107370286017"
"2006-06-06","0.00838696654391902","0.0233303752500023","0.0107406772910978","0.00860427468710299","0.0122061985144506","0.0101581221424936","0.0282506670892516"
"2006-06-07","0.0112114629117451","0.012822609801772","0.0136067653574857","0.00707899601326366","0.0104267994569877","0.00937784638604685","0.0367605671282469"
"2006-06-10","0.013525840577233","0.0128131178806549","0.0134563748571812","0.00845377160493555","0.0114077969335096","0","0.0270649813381016"
"2006-06-11","0.0136343612941781","0.0101502697374411","0.00983413791058917","0.00991406798204737","0.0126742327980185","0.00938680861684758","0.0421488526158006"
"2006-06-12","0.0140121465790285","0.0124332363549741","0.0191581278407609","0.00909872063945596","0.00916721394426705","0","0.0445825209091512"
"2006-06-13","0.0127752270739144","0.00396640362090986","0.0184274661495378","0.00936134895133656","0.0155170747663901","0","0.040915925901041"
"2006-06-14","0.0128837319864709","0.00922124187643557","0.0186326184972234","0.00741291018620343","0.0120653001776892","0","0.041448502253419"
"2006-06-16","0.00986858067014734","0.00946412343811968","0.0161790053669017","0.00982969525540626","0.0147644424897233","0.0152260663335284","0.0184958542079462"
"2006-06-19","0.00993165935448059","0.0108675195415301","0.0170131539550415","0.00772878013606906","0.012832882532375","0.017187734563191","0.0320511435537436"
"2006-06-20","0.00978198379814924","0.0219982207797525","0.00890669384669442","0.0105190768312611","0.0127236234027851","0.0122376517845738","0.019115755537439"
"2006-06-21","0.00898051705566013","0.012221608902689","0.0125800297177387","0.0105101832220216","0.0164881497982211","0.0124726014100791","0.0192408634034994"
"2006-06-22","0.0084233929879503","0.0214983019162469","0.0108138102024899","0.0103437469677843","0.0165359115819039","0.0126674043266586","0.0193144396759113"
"2006-06-23","0.0101533957734646","0.00805608169964086","0.0103824872890302","0.0103561661712009","0.0170848225435094","0.0122679435597315","0.0362231921197745"
"2006-06-26","0.00889760333960228","0.00878418723699122","0.0103713730320362","0.00975379861783562","0.0171146858553354","0.0107947862019718","0.0358143335174051"
"2006-06-27","0.00917812660244244","0.0200681763772304","0.0131967139208484","0.0107732285847743","0.0173112300284783","0.0121638587448489","0.0156791195707326"
"2006-06-28","0.00921108873529237","0.0218913826524452","0.0117568172484873","0.00591006806481041","0.0225786399332114","0.012606243641679","0.0257893606684953"
"2006-06-29","0.00869105150815179","0.015403721745014","0.0114400163467912","0.00595590539528502","0.0159201428070016","0.0127597960077849","0.0422855612144013"
"2006-06-30","0.00860877721912346","0.0223831631450352","0.0153296965514125","0.00589045270291835","0.0160698896436364","0.0123247766648739","0.0335290262988696"
"2006-07-02","0.0102641906920903","0.0221306188110004","0.0152701566731295","0.00598058559922882","0.0156974100314438","0.0126901963644552","0.0458162200094764"
"2006-07-03","0","0.0207844036487488","0.0153663877194401","0.00596275426017015","0.0182750614398734","0.0110572066120353","0.0214342503832851"
"2006-07-04","0","0.0190195738605653","0.0148889640534346","0.0059465878211411","0.0152109767546944","0","0.0197459812462448"
"2006-07-06","0","0.0222800698240107","0.0150960613816142","0.00542404286788697","0.0148213153478003","0.0102382947799784","0.021524188371837"
"2006-07-07","0","0.0226466921291634","0.0164745079988345","0.00545568802034335","0.0138202379548636","0.0110170557417631","0.0238986859317151"
"2006-07-08","0","0.0208417393955741","0.0156462906414005","0.00598332770160629","0.0221196555871998","0.0107860126971955","0.0171406169467834"
"2006-07-11","0","0.0188953804574828","0.0149297463331537","0.00597096017261085","0.0091323359711594","0.0103633299694909","0.0170905458448729"
"2006-07-12","0","0.0179140718832197","0.0193982712043082","0.00587289554716486","0.00984585465176146","0.010186332643229","0.0186100425198281"
"2006-07-13","0","0.00915541912982026","0.0162844856380849","0.00600073227696234","0.0143500533812752","0","0.0136664056732672"
"2006-07-14","0.0154812911866882","0.00941653846448084","0.0144782976732231","0.0059539344165244","0.0128639749683122","0","0.0168258304146286"
"2006-07-17","0.0119162939270172","0.0256446860135187","0.0190380923674608","0.00593353664356752","0.0130288313851898","0","0.021653119684285"
"2006-07-18","0","0.0222496284144821","0.0158116597495581","0.00610609130570274","0.00940791970159744","0","0.0148815020235342"
"2006-07-19","0.0122933392961841","0.0219293089055171","0.0148006370922662","0.00597173439681194","0.00984913540705526","0","0.0134432982255095"
"2006-07-20","0","0.0145618984994278","0.0152638656275715","0.00712288471064094","0.0131409588905332","0","0.0154285466654175"
"2006-07-21","0","0.0145383562894709","0.0293546374437138","0.00724822665971551","0.00990423585710009","0","0.0137033593822336"
"2006-07-24","0.0121479507133503","0.0159796047807919","0.0191190861863378","0.011269920529671","0.00989992289453285","0","0.0159825317897243"
"2006-07-25","0.0124476396142939","0.00890097316636466","0.01534314359548","0.011284457445439","0.0117131734464526","0","0.0168388706022169"
"2006-07-26","0","0.0155386675766499","0.0301158888663703","0.0117416191811716","0.00886440232104786","0.00940015376315658","0.01721160272032"
"2006-07-27","0.0128842399501089","0.00750917855759876","0.0186782368497903","0.0113312662359492","0.0103303254087702","0.00938601003273685","0.0179224073041753"
"2006-07-28","0.0132234940468689","0.00757453669454725","0.0171118445793145","0.00871356694431535","0.390812993942089","0.010418075155487","0.0197298089756566"
"2006-07-31","0","0.0073696222491903","0.016550100447056","0.00833920941723843","0.0173965917710415","0","0.0217011514396545"
"2006-08-02","0.0128097821217705","0.00752443748005082","0.0186008739527714","0.00661295987512287","0.0175276891531685","0","0.0221484552196154"
"2006-08-03","0.0116242276356527","0.00754612833163418","0.0163236501747059","0.00720623016010992","0.0108601741313844","0.0102702670158995","0.0179055732217984"
"2006-08-05","0.0130556203267266","0.0114801172730659","0.022519437896146","0.0105900309953794","0.0124104761403418","0","0.0194449723719551"
"2006-08-06","0.0115532951458621","0.00827441838267301","0.0101964013926755","0.00861605635939891","0.0126294567538838","0","0.020864994044531"
"2006-08-08","0.013455135943721","0.00819013979557245","0.0123678393771296","0.0064736996068638","0.0219800316579742","0","0.0217332766582686"
"2006-08-11","0.013775783092067","0.0103867614354743","0.0151507553682533","0.00657565980069109","0.0230540717076082","0.0100059930237285","0.0196115898124869"
"2006-08-14","0.0233683414320873","0.00768219399417868","0.0131266352613863","0.0126234450668993","0.0233162202343469","0.0101337560620027","0.018223413844538"
"2006-08-16","0.023828805401857","0.00765661828484268","0.0139283813129843","0.0124996108410721","0.0279965784568082","0.0100548785634841","0.018564974010421"
"2006-08-17","0.0237674206774","0.0079905356226526","0.0143586072489991","0.0125565432761885","0.0217490477930625","0.00990730589233604","0.0176374394454577"
"2006-08-18","0.0240134650962901","0.00955691158021194","0.0144364677157419","0.0111268920739628","0.0174649241598542","0.00989730438866329","0.0179348192521301"
"2006-08-21","0.0246192065792371","0.0166575174094436","0.0152011644856703","0.0114153371815859","0.0197771295288946","0.00986097884553753","0.0193936233369779"
"2006-08-22","0.0248087643488625","0.0166141917396617","0.0134140718397634","0.00951100910560133","0.0199139473710212","0.00982367070301513","0.0194155993738956"
"2006-08-23","0.0139394265199271","0.0168482916369178","0.0131730319943664","0.00751627245247307","0.0220408656216719","0.00987925186927988","0.0198141956898307"
"2006-08-24","0","0.0160025039329383","0.0144761864536542","0.00751890091277421","0.0217324709451277","0.00981680806404669","0.0195379491498057"
"2006-08-25","0","0.0158468505892793","0.0144339714870685","0.0075909210785747","0.0244713800923367","0.00936964250293759","0.0201615984711749"
"2006-08-28","0","0.0140749826163462","0.0132329138202148","0.00747268551681736","0.0207771549708462","0.00903371020792414","0.0163575850370343"
"2006-08-29","0","0.0115257376099788","0.015238307053254","0.00776009447970019","0.0219932693104844","0.00917505562263541","0.015866461434894"
"2006-08-30","0","0.0122297676785493","0.0144399321801316","0.00724971935146193","0.024749969624006","0.00923014532287097","0.0157993283388773"
"2006-08-31","0","0.0126064528420764","0.0137786489490912","0.00721534570857352","0.025315592403236","0.00933350140715226","0.0164620640118648"
"2006-09-01","0.0122649156040605","0.0132238612567558","0.0138260971787225","0.00709952632754889","0.0276507350266793","0","0.0162003954360197"
"2006-09-02","0.0114729192476381","0.0147761845621382","0.0148485632264337","0.00717042728950583","0.0216957970026761","0.0091744587201757","0.0163007103548088"
"2006-09-03","0.011730405137575","0.0167347184568621","0.0161003288854618","0.00741541610517654","0.0271511074184718","0.00944860860392561","0.0157506779833038"
"2006-09-05","0.0116951058906303","0.0176263184323146","0.0158616234569726","0.00719766870554243","0.0226774504972395","0.00916307236013512","0.0163905375837108"
"2006-09-06","0.0114961160629448","0.0176007568500912","0.016310250596176","0.00692836934047232","0.0236078174992952","0","0.0177609283153557"
"2006-09-08","0.0115788219044534","0.0180128088760791","0.0183990384748383","0.00679218149734553","0.0241688233203047","0","0.0174370634520734"
"2006-09-10","0.0116057687121873","0.0138331299729202","0.0179417326844709","0.00669388634324018","0.0234670208416153","0.00958981485806633","0.0273751553361407"
"2006-09-11","0.0133557191624735","0.0135528046881664","0.0171770823515392","0.00650914429085572","0.0233773006934429","0.00950064632539348","0.0280213505845871"
"2006-09-13","0.0120989605976589","0.0176047409552541","0.0171013098633403","0.00638791163199551","0.0227945756951832","0.00990798657419131","0.0293633061956579"
"2006-09-14","0.0131570944201977","0.0172030038612084","0.0168496502890481","0.00878861417140968","0.0261603201188753","0.0100790876607877","0.0171275932197035"
"2006-09-15","0.0133766467195706","0.017837253139915","0.0173089577802829","0.0095296195979419","0.0246584510524824","0","0.0156151467583905"
"2006-09-29","0","0.0159963252395514","0.0253338933318985","0.00705415287072904","0.207267132942454","0.0111123774633594","0.0170544269043923"
"2006-10-01","0.0111296233602058","0.0156328552812041","0.0235136596649243","0.0072534002356769","0.0188925004726881","0.0100381685824467","0.0170558190471225"
"2006-10-02","0.013558757693009","0.0162846468870176","0.0224253193048552","0.00727849416004916","0.0274729442238496","0.0119845221100096","0.0175445002181032"
"2006-10-03","0.0136525339890523","0.0148475053821371","0.0187939634818628","0.00722675827011151","0.00970632424707525","0.00985569941074642","0.0169167507608969"
"2006-10-04","0","0.0153447439371264","0.0183204720715213","0.00731136578539163","0.0238290334753627","0.00989502663729668","0.0167600565284549"
"2006-10-05","0","0.0112933820813992","0.0180972572605613","0.00738817617392714","0.0214148574892658","0.0124480854299342","0.0167251865201368"
"2006-10-07","0.0118088922899833","0.0152669866949372","0.0191543280515231","0.00770809924661759","0.0218626482714951","0.0133468282862538","0.0148006337057189"
"2006-10-08","0.0113254448768093","0.0150672798989714","0.0201600664060044","0.00771759652202092","0.0212734089864378","0.013188062354393","0.0152668927546042"
"2006-10-10","0.0136387316042436","0.0143692966137338","0.0196324642978613","0.00758755092974699","0.0201975902520551","0.0123348552154339","0.0238206815542359"
"2006-10-11","0.0152468716978972","0.0158671326353672","0.0192597293970027","0.0074791127291817","0.00772474536673121","0","0.0431333002303908"
"2006-10-13","0.010237806188331","0.0151919710420238","0.0202767967432054","0.00730854523403825","0.0207967117676731","0.00897135662556471","0.0312957549807147"
"2006-10-16","0.0137863024938574","0.011496219310436","0.0210137900458878","0.00731326223585515","0.0207510236036252","0.0104689708458631","0.0232955135770519"
"2006-10-17","0.0131721541708755","0.0111101527159294","0.0222252264189321","0.00770560353870018","0.0197517370554073","0.0103093259732495","0.0256936883818769"
"2006-10-18","0.0179401503885169","0.0129175307839188","0.0207723913093773","0.00712489059063669","0.0257744888918411","0.0104707870712462","0.0342463251011597"
"2006-10-19","0.0122961945392118","0.013866673280159","0.0178245814206138","0.0085441219292934","0.0080520336241762","0.00656180916295322","0.0109931077766998"
"2006-10-20","0.0106045314791193","0.0136875727508264","0.0114878086503618","0.00889521384447616","0.00766617124340957","0.00749915063586876","0.0115693061640757"
"2006-10-23","0.0100871175071851","0.0136933204668163","0.0121213497838406","0.00883205516172503","0.0148033194913642","0.00738899960057721","0.0130972164546883"
"2006-10-24","0.00898782401819203","0.0137275362444583","0.00980126047499693","0.00862466391637948","0.0142673690476902","0.00731768638183599","0.0134669237252961"
"2006-10-25","0.0113108353391636","0.0140077294700165","0.0102328078966321","0.0111036835887732","0.0139625867565377","0.00781214912122526","0.0106128713464167"
"2006-10-27","0.0119662461057516","0.0110539176504162","0.0118249090540543","0.00853801480815501","0.0162153846089938","0.00733033228536998","0.0127624164295247"
"2006-10-30","0.0113257379880657","0.015495380867259","0.0118334341789078","0.00731693265247383","0.0350139923073847","0.00751675615536648","0.0162464874689381"
"2006-10-31","0.0843501762956174","0.0142118022934397","0.0126038326659968","0.00701867628781475","0.0196852819148698","0.00789284133284947","0.0111609946357965"
"2006-11-01","0.0113649311983944","0.0154736025398891","0.0124921224795318","0.00579751755173609","0.010645157189221","0.00800817172991424","0.0105614846686785"
"2006-11-04","0.00947870941359319","0.0106339466788942","0.013574936245879","0.00652416382168962","0.00854525289832785","0.00687691883948803","0.0113244492344138"
"2006-11-05","0.0134624985483341","0.0137371970503476","0.0139341312930719","0.00652335906435431","0.00715384020026984","0.00787055110443491","0.0153590290083869"
"2006-11-07","0.0124816775250387","0.020749162623348","0.0141619357111561","0.00801102773095974","0.00701227975895618","0.00792159900310401","0.0154613693780129"
"2006-11-08","0.0112806255340777","0.0127048276343223","0.0134275722882086","0.0069415481758946","0.00842588266015134","0.00734090765889501","0.0104868286104875"
"2006-11-09","0.0114056108549076","0.0186628465800395","0.0135582555773101","0.00688075378484643","0.00875028098453709","0.00677442616582007","0.0115821455779483"
"2006-11-10","0.0088071479378068","0.0195477348738644","0.0135551257248449","0.00690951064369319","0.0086742933057093","0.00884641466781758","0.0105870513330715"
"2006-11-12","0.00931889459539879","0.012612309805054","0.0147783467633655","0.00672827773505723","0.00839408882173167","0.00830622761434268","0.0116205444199289"
"2006-11-13","0.0142460574678427","0.00730753596127558","0.0147689349331596","0.00665091789118366","0.00726846619271986","0.00808910351082962","0.0107064200585886"
"2006-11-14","0.0151807404271653","0.0140827693860251","0.0149963236560379","0.00686227364123408","0.0065133201235291","0.00966707960773433","0.0155584534349439"
"2006-11-15","0.0105857035387282","0.0142866595401463","0.0130689259891675","0.00701513178895186","0.00667964190926019","0.00779787971514055","0.0095108662551893"
"2006-11-16","0.0103068169638691","0.0157395495694692","0.012961673142384","0.00729546078418594","0.00713489394517369","0.00668787566509681","0.00964066433252642"
"2006-11-17","0.0110455105380526","0.0246310838253071","0.0129060994091869","0.00713353446302105","0.0106382654584149","0.00648656037528124","0.0100360552706595"
"2006-11-20","0.00981186469247937","0.0247242437443615","0.0139821872314875","0.00751853454495598","0.00744314162890119","0.00654466870347948","0.011033264649764"
"2006-11-21","0.00865107882667091","0.0251924475258938","0.00995055382601179","0.0085423299093713","0.00815176022186648","0.00680996418415136","0.00894886299511971"
"2006-11-22","0","0.0162296085645361","0.00979189941731439","0.00842997029743386","0.00690597064014899","0.00680398961852345","0.00917545192388479"
"2006-11-24","0","0.0292014761873729","0.00965485411600046","0.00828560419993811","0.00668644938931413","0.00665107479210305","0.00955807803855026"
"2006-11-27","0.00745763067909066","0.028501570779416","0.0105403733041767","0.00747889830382214","0.00830400750434032","0.00643513728206664","0"
"2006-11-28","0.00934846848192249","0.0223829263910094","0.00969316414687528","0.00749772112989211","0.00854875179715199","0.0062978242401816","0.00919538798170201"
"2006-11-29","0.00692611842133443","0.0183281653441258","0.00959987335226416","0.00835781741762407","0.00652011793694537","0.00835956721011437","0.0157915886701976"
"2006-11-30","0.00747833323501598","0.0149534316312718","0.00937072645354134","0.00830949716185222","0.00662108227835771","0.00843283710754269","0.0140618879568525"
"2006-12-01","0.00772302300907065","0.0165835670049694","0.011344554814501","0.00844266456783184","0.0074760384400308","0.00825738878584091","0.0105703193081291"
"2006-12-04","0.00728272706695523","0.0143121650390199","0.0104454367547358","0.0103079223097577","0.00415116035439333","0.00636234288750085","0.013151057749248"
"2006-12-05","0.00768177010267105","0.0174088360763301","0.0113117524336755","0.0104847110175471","0.00414571851368987","0.00715571016121271","0.0138945600736529"
"2006-12-07","0.00906240365382595","0.0174060375075552","0.0115481595317757","0.0104676888369849","0.0073607276953842","0.00703317446594729","0.009966204335895"
"2006-12-09","0.00841642275068253","0.0184450717925288","0.0121113366191429","0.012808818192852","0.00712859434447034","0.0082569288453445","0.0132469547103672"
"2006-12-10","0.00926488077144856","0.0166708631175858","0.00768686002468864","0.0115735612498301","0.00627901412282117","0.00600509827624681","0.0104526795048113"
"2006-12-12","0.00925964076142526","0.0134584463686183","0.00788046558345569","0.00873154791046086","0.00620255875243063","0.00607812250156096","0.0105039801866649"
"2006-12-13","0.00865333963303098","0.0184591043704686","0.00868697571439608","0.00854485269611137","0.00495582662560885","0.00709033333588736","0.0165633181946293"
"2006-12-14","0.00866575277793644","0.0112989316216141","0.0080696670669043","0.00849719658007762","0.00608960995936252","0.00716996572576626","0.0197766277337461"
"2006-12-15","0.00975223320702098","0.00867172626148017","0.00796834029213136","0.0106977944276776","0.00603538420953436","0.0061864337972127","0.0103398565209352"
"2006-12-18","0.00956487959746324","0.00763290222957549","0.0121995576612326","0.00933478722530471","0.00629692739520459","0.00659750916166205","0.0104331438319484"
"2006-12-19","0.00920453654752816","0.0129565473354645","0.0125074428679429","0.00796731384149593","0.0053470817226763","0.00595979783316752","0.00793900080640499"
"2007-01-02","0","0.00680387528744901","0.0125359817339266","0.00771452153555359","0.00533506785128223","0.00679257055983288","0.0105739720916953"
"2007-01-03","0","0.00723629530280511","0.0129574745257067","0.00778688691370028","0.00545437467776383","0.00678609670794955","0.010697199530088"
"2007-01-06","0.00862832531149495","0.00771764307155214","0.00939302072898738","0.00957107116954906","0.00946133619261812","0.00703298494639026","0.00870209064960365"
"2007-01-08","0.00875093897321674","0.00694026915115804","0.00895007564035386","0.00744681301155603","0.00941562262408547","0.00736789893476845","0.00802699260499816"
"2007-01-10","0.00883242866098917","0.0125890722901367","0.00959870786561636","0.00785335748089308","0.00878064571126812","0.00730853760465343","0.00682555974086405"
"2007-01-16","0.00892548895436128","0.00796177340515222","0.00887067820110642","0.00771426843896937","0.00889395999691825","0.00606425471301543","0.007959717296342"
"2007-01-17","0.00883981432261944","0.00898332366917495","0.00914494727976062","0.00767664122399817","0.00879627790578684","0.00715804255730534","0.00750598803830984"
"2007-01-18","0.00907221637679516","0.00894819780065891","0.00920689410036444","0.00760831184362542","0.00984149334413672","0.0059643884597575","0.00734381580760941"
"2007-01-19","0.00913429486785604","0.00788210126660743","0.00909272831524593","0.00865503270955051","0.00918085169776641","0.00785389685441904","0.00680472977469748"
"2007-01-22","0.00971199659531818","0.00791486731913055","0.00908532713320968","0.0076529585869275","0.00534445983747807","0.00834958675402111","0.00553326950156754"
"2007-01-25","0.00991891166256883","0.0185123489237092","0.00928113347596716","0.00768522581542042","0.00682369780522688","0.00785395980852544","0.00631115888447407"
"2007-01-26","0.0121545414322309","0.0184628537660192","0.00930910582729321","0.00794827120909707","0.00532592035781824","0.00770563105011325","0.0057630684391525"
"2007-01-29","0.0121550346609738","0.011344999028018","0.00941845896927347","0.00725950545547239","0.00589376975902221","0.00823719298783178","0.0053709721567521"
"2007-01-30","0.00883498094570837","0.0107477700225327","0.00928011694052234","0.00797578400669688","0.00556441207381706","0.00817194859608929","0.00509603375339267"
"2007-01-31","0.00940109728794282","0.0130869412913616","0.00924001081211","0.0107056481602327","0.00573267818026388","0.00799329180419428","0.00503812836664471"
"2007-02-02","0.00930784226192689","0.0130255749690125","0.00930297568675425","0.00713793358944771","0.00706994472811367","0.00836404836086939","0.00493428537527979"
"2007-02-03","0.00922144721459329","0.00586067673113672","0.00919952504017134","0.00722945726690632","0.00714418822006907","0.00910085800354787","0.00511038244177137"
"2007-02-04","0.00936997220347391","0.00843196946936392","0.0107478277803872","0.0109267851662878","0.0078246316478904","0.00897208181308687","0.00465816264014223"
"2007-02-07","0.00953668240535133","0.00814384585602269","0.0114039892965447","0.0109508289962785","0.00724502478081503","0.00813289170691982","0.00519767732789684"
"2007-02-08","0.00936844791059155","0.0237226848881971","0.0111726347567709","0.0108974453292292","0.00729367766876342","0.00929777108391045","0.00500282997699858"
"2007-02-10","0.00969042360691449","0.0203935613383456","0.0105630613369322","0.0140109774959872","0.00760169530002233","0.00953616772501142","0.0133381151806663"
"2007-02-11","0.01183787408676","0.0239141549644972","0.0104350815072925","0.0111426162185861","0.00724745818043468","0.00767835481839964","0.0131606018866122"
"2007-02-13","0.0116996562153986","0.00590137579231887","0.010455805621101","0.00840045716777242","0.00756485543765602","0.00672054420247563","0.00887608404199171"
"2007-02-14","0.015516821185186","0.00526528230087475","0.0107640346337041","0.00754708770168","0.0108750172071593","0.00675824615787371","0.0090860182139102"
"2007-02-15","0.0126186362517008","0.00535935420042949","0.0105526427512148","0.00738502554486874","0.0109390107592595","0.00747547421871573","0.0066336027922133"
"2007-02-16","0.0128713261547596","0.0106727425097778","0.0104004705065678","0.00745100454341991","0.00400747561483314","0.0111446209192407","0.00653047408138399"
"2007-02-20","0.0131439280379922","0.00965253597509114","0.00911018531054019","0.00898009236200301","0.00683404289868716","0.00988546622014257","0.00749044464543982"
"2007-02-21","0.0112200711066981","0.00908517189518944","0.0104740123508958","0.00808111195142615","0.00585641738533737","0.00905604849142278","0.00672336048692321"
"2007-02-28","0.0104801028791068","0.0108089729899224","0.00986805459897681","0.0103127750551432","0.00584991646996159","0.00909120731874337","0.0065629380377587"
"2007-03-01","0.0110903940744877","0.0167279377694766","0.0110209441940664","0.00836199676674204","0.00588854338195477","0.00915531931086992","0.00367633844480567"
"2007-03-04","0.0108375166722218","0.0168445290783198","0.0113113210734616","0.0147121193664264","0.00931351194801144","0.0107188462299358","0.00500694449380302"
"2007-03-07","0.0127187213334381","0.0117330047629494","0.011299223731384","0.0148071272044352","0.00985457621861436","0.01161880071854","0.00506202705281729"
"2007-03-08","0.0122497183726217","0.0129692640465925","0.011183820437345","0.0113131639458516","0.00796617277209134","0.0114277987577601","0.00665536632707786"
"2007-03-10","0.0130351124004961","0.00875296126403224","0.0112890597181746","0.0131722864343558","0.00802513837347423","0.0112932971996211","0.00516288928185954"
"2007-03-12","0.0093561144421451","0.00786909048393977","0.0108468407407323","0.0135910858370006","0.00794850068327113","0.0112968907545609","0.0064135118314656"
"2007-03-13","0.00981325169572042","0.0100840462587153","0.0109220206192011","0.0139405183903339","0.00792812801963581","0.013977555199011","0"
"2007-03-14","0.00971255357675585","0.00772111591195381","0.0115005379500706","0.0140689132803991","0.0069288802951831","0.0117616657504002","0"
"2007-03-15","0.010692234411921","0.0150511011096651","0.0145736310377926","0.00971403062307698","0.012543193867373","0.00880869804490923","0.00682831122933602"
"2007-03-16","0.0115623773830397","0.0151568558953879","0.0151661323978441","0.013301170170734","0.0128137396655381","0.0133073985933278","0.0051721185267508"
"2007-03-19","0.0115608513068945","0.0149384890754724","0.0163045690987451","0.0147833489701246","0.0145842011612824","0.0134153482478764","0"
"2007-03-20","0.0103572505316584","0.0150445222689266","0.0147792434925368","0.0139201828513145","0.0128183366447498","0.0123269149268917","0.00522785909410466"
"2007-03-21","0.0104279845589348","0.0142424609668777","0.0188584595726449","0.0148337823456962","0.00839826971121045","0.013022708329993","0.00516394218455399"
"2007-03-22","0.0114619519020129","0.0153339978168251","0.0185384108473646","0.014812420671543","0.00935796622506588","0.0128464323793974","0"
"2007-03-23","0.0113676365902256","0.0129051395734965","0.0179054218643981","0.00772242705944291","0.0137610811223274","0.0145621910457345","0"
"2007-03-26","0.0111528549904952","0.0128455145893641","0.0175660073958036","0.00795867273086532","0.0135862433786401","0.0135989922940653","0"
"2007-03-27","0.0115736632896707","0.0116950023652076","0.0155409812141774","0.00757749207020409","0.01439897099157","0.012832680700713","0.00622378775955298"
"2007-03-28","0.0113746335770986","0.011371120222461","0.0180372474714797","0.00758790723167904","0.0175421389975837","0.0125497837073762","0.00814168563349075"
"2007-03-29","0.0112830434800283","0.0125903420342284","0.016439254616457","0.00742077546723464","0.0186432269728678","0.0132905860165898","0.00835151011843444"
"2007-03-30","0.0124215397940154","0.0101889347424812","0.0136065071602248","0.00771024344144873","0.0151587573752671","0.0129079281079074","0.0092142510413966"
"2007-04-01","0.0126870287968696","0.010463304684372","0.0147216627707372","0.00692621069577866","0.0154438865144541","0.015107439604588","0.00929974169500846"
"2007-04-04","0.0115768384058891","0.010988554092","0.015019798030536","0.00920421986717077","0.0155671729083286","0.0122891280594761","0.00933806307651095"
"2007-04-05","0.0103165184844519","0.00958646922030762","0.016340634797665","0.0105511298735752","0.016493158403021","0.0105448195408264","0.00940941190256372"
"2007-04-06","0.0106677232533122","0.0103010608960986","0.0162651674161635","0.00872823776978356","0.0161277939116608","0.0105350924632972","0.0092468627112302"
"2007-04-09","0.00950301723169977","0.0113052515516771","0.0157954671778447","0.00895473225650478","0.0147133666773466","0.0101819122127154","0.00949589593728095"
"2007-04-10","0.0138070479919356","0.0122469723496212","0.0166890708694327","0.0085490026630281","0.0146254753239985","0.00989887975975685","0.0139496990641972"
"2007-04-12","0.00914253477402938","0.0111514198097704","0.0178983283337718","0.00787772535304347","0.0111161960360565","0.00997353930523135","0.0133293043054704"
"2007-04-13","0.00947974500387346","0.0113347921674615","0.0179693036249448","0.00772225010061272","0.013950315884799","0.0124380257573257","0.0127295111154076"
"2007-04-16","0.00973575662875775","0.0109324664533161","0.0152983391452808","0.00740306889805861","0.0140228047796224","0.00999472337809861","0.00923941925395872"
"2007-04-17","0.00902529503852497","0.0101791735875769","0.0151210080119198","0.00773930513459313","0.00981168845553372","0.0111218633857939","0.0233256861616178"
"2007-04-24","0.00962316610140825","0.0152029454749318","0.0120925770810914","0.0082269962329672","0.0123824752046799","0.00735839666367429","0.00603555566819882"
"2007-05-01","0.0114258242457715","0.0144287870947178","0.0130510376306129","0.0093200587473347","0.0147302406281591","0.00974923063070885","0.00606538456803782"
"2007-05-02","0.010778163793839","0.0103412059022762","0.0125121911627642","0","0.00847767456048117","0.0115915218116794","0.00468003295432125"
"2007-05-03","0.00891537504918934","0.0110357328127905","0.0481737105346649","0.00736258548365725","0.0144462028965616","0.0116971028904106","0.00606005089274869"
"2007-05-04","0.00920986296853608","0.0123935313180485","0.0153662780319543","0","0.00987256165231196","0.0109862200827796","0.00876716551348041"
"2007-05-06","0.0206455132668074","0.0120890911600723","0.0336827758156776","0","0.0114355004332673","0.0131556008124489","0.00803702598729602"
"2007-05-07","0.0127900755000361","0.0112460632151551","0.0257488845429696","0.0117515964713588","0.011327768638475","0.0168541676731969","0.0059182397504648"
"2007-05-09","0.0117165083286684","0.0110221634822601","0.0126121023613289","0.0112387700302049","0.0108189198546457","0.011743466345706","0.00525231215360288"
"2007-05-10","0.00970732756627633","0.0130340933471683","0.0132830185042442","0","0","0.0113726231101746","0.0201942911962055"
"2007-05-11","0.00978885715139675","0.010650138581849","0.0148002715325155","0","0","0.00912422121794604","0.0209648800873214"
"2007-05-12","0.010162677619784","0.00775530084500027","0.0144521150805365","0","0","0.00905991422853","0.0201677130956722"
"2007-05-14","0.00926781814982349","0.00829580392472629","0.0130344108966628","0.0129108978748764","0","0.00937965263540034","0.0120361414727007"
"2007-05-15","0.00944145920123739","0.00757670233303937","0.0119451766079324","0.012917706043028","0","0.0093940417979733","0.0105448383144773"
"2007-05-16","0.00942861636406298","0.00759181136485462","0.0129054582798476","0.0144749094451494","0","0.0093631648742521","0.012575136963818"
"2007-05-18","0.00970035948725198","0.00765545636735347","0.0128566233607281","0.0163329080097818","0","0.00955280003420473","0.0181112401554274"
"2007-05-21","0.00980937424665114","0.00776431210776547","0.0119652616341502","0.0194513723377595","0","0.00930623159049904","0.0184916230293378"
"2007-05-22","0.00951389113329328","0.00900425417775345","0.0121211999286671","0.0190189691856785","0","0.00954520798127663","0.0143998312457364"
"2007-05-23","0.0116280287590998","0.00883173183439301","0.015059688650201","0.0180290681005208","0","0.00899626573765122","0.0138354211689746"
"2007-05-24","0.0115217369776368","0.0081477674119078","0.0152522173957878","0.0176558164749223","0","0.00884947737818889","0.0136788903556402"
"2007-05-25","0.0115066852679034","0.0109682641666905","0.0136780694874511","0.0186085887968322","0.00591547248233856","0.00932249303368449","0.0113387546210324"
"2007-05-29","0.0118113303121123","0.0109799527190419","0.0172905895825796","0.0196611235358581","0.0131414629509024","0.00862675009866174","0.0132152434288822"
"2007-05-30","0.0113359722483128","0.010693696970912","0.0148306523837339","0.018414017078458","0.0145017451643989","0.00862019033748486","0.0123289013970039"
"2007-05-31","0.0123890075125079","0.010321234048451","0.017861862953995","0.0175263187192408","0.0116407802504406","0.00992623376028546","0.0194063580397961"
"2007-06-02","0.015390747697395","0.00880708120907666","0.0143224037391185","0.0156503189435636","0.0112924222927383","0.0103341839901006","0.0253507308196304"
"2007-06-03","0.0138076763038876","0.00878606254020292","0.0137227142297703","0.0149380038016692","0.00894386633239225","0.00954979037648172","0.0194103580438121"
"2007-06-06","0.075","0.0101595458487219","0.0136536656888347","0.0148594289476996","0.00891673983871751","0.00891269683895467","0.0231950924788269"
"2007-06-07","0.075","0.0113687580869394","0.0136878524689285","0.0126263575382279","0","0.00918516632421671","0.0200090135999758"
"2007-06-08","0.0155078681117167","0.0138902405905541","0.014552149923727","0.0106702877076683","0","0.0098842138139937","0.0177242894572745"
"2007-06-09","0.0134381837879207","0.0098022497321219","0.0133180203569217","0.013227489470912","0.0101262935121069","0.0101360501498247","0.0160153360620807"
"2007-06-11","0.0146896041089671","0.00984139549024304","0.0113195710790477","0.0147469669516449","0.0148045918344096","0.0107367567847485","0.0143479441103299"
"2007-06-12","0.0182291605832626","0.0100385476481556","0.0117268911709695","0.0120547271365998","0.0107723205987838","0.0102517475753911","0.0168589880759796"
"2007-06-13","0.0126869647746423","0.00927430981973276","0.0122566225568931","0.0108689103613277","0.00990789359744477","0.0121676368431114","0.0177530597051725"
"2007-06-14","0.0126979646486322","0.00981019650193168","0.0126044420965273","0.0110714020318564","0.00888097059787247","0.0120454046785081","0.0148555764925839"
"2007-06-15","0.0136936699511391","0.00862750091761764","0.0119901532769149","0.011529525827808","0.0109689027497006","0.0145963532997202","0.019486335558753"
"2007-06-18","0.0136334352655368","0.00945344074509631","0.0122500311075041","0.0108761045580195","0.0132599167365144","0.0123060666234216","0.0194230829738154"
"2007-06-19","0.0160892880151197","0.0094567340058732","0.0123453013295535","0.0102108658087265","0.0112979586415383","0.0154191099762018","0.021039344362005"
"2007-06-20","0.0127023542972897","0.00950551244981601","0.0113817885595009","0.0104094238585464","0.0153053442468855","0.0155088821286673","0.0205789146839436"
"2007-06-21","0.0128181288825146","0.0102878469289785","0.0121221135863499","0.0108251874459381","0.0123985597773727","0.0140143323646016","0.0199264551991561"
"2007-06-22","0.012414306071017","0.00920434578889616","0.0118613546914393","0.0105108110871487","0.0132152456485579","0.0154208825891375","0.023267921771098"
"2007-06-25","0.0125525579230925","0.00943228466200817","0.0113728356486185","0.0111266180902407","0.0132591189285834","0.0153442381124819","0.0224345602763397"
"2007-06-26","0.0122286606819016","0.00992233881815938","0.0107159196693893","0.0110728440329157","0.0101228865650713","0.015673092183216","0.025070314505762"
"2007-06-27","0.0120180494124192","0.00984470827758336","0.0117357617766421","0.0114184766427848","0.0100324142752205","0.0127829922335452","0.0236960053985563"
"2007-06-28","0.0125925953886807","0.0110497244963435","0.0118690484289538","0.0115417087982246","0.00970120455676406","0.0142972063761769","0.0246787422931649"
"2007-06-29","0.0131123743537466","0.0174361929606144","0.0118215825323604","0.0115809487863638","0.00986064320700585","0.014919909241599","0.0252546302929897"
"2007-07-02","0.0174661876042852","0.0136833513503066","0.0119757981034199","0.0127557680584444","0.00907828035545745","0.0117278434577159","0.0258109377656703"
"2007-07-03","0.0200924967469843","0.0138898316814086","0.0118784082900382","0.0122226753554497","0.00918228023275187","0.0116859786389868","0.0258198995974093"
"2007-07-05","0.0153858908147256","0.0176344137240908","0.0136292053747132","0.0124074950196258","0.00977535996684085","0.0153295632173278","0.0227165779729042"
"2007-07-08","0.0208360041554698","0.101971526910351","0.0122445996835587","0.0116895038721327","0.00953271704905117","0.0141255526918986","0.0225515366641909"
"2007-07-09","0.0235040068125347","0.0137869757660402","0.014728767899509","0.00893381279730088","0.00931360921420893","0.0132570093556138","0.0233528067762058"
"2007-07-11","0.0235878982785025","0.0125152940813245","0.0147867504157384","0.00894525739616917","0.00905355277578915","0.0107222461927305","0.00861221174019127"
"2007-07-12","0.0199392221189262","0.0112835357640766","0.0154929121102248","0.00898857880488772","0.00872079503016524","0.012126244516554","0.0152910204323865"
"2007-07-13","0.0125965389664154","0.0104922136148963","0.0183985064319426","0.00890551435464027","0.00878912395228054","0.0106964431351802","0.0120707282644734"
"2007-07-16","0.0156131206239108","0.00914289578419254","0.013420920201125","0.00900692070831348","0.00880772683582031","0.0106126788039433","0.0129848949889127"
"2007-07-17","0.0195402213981397","0.0113428272644089","0.0130680876373583","0.00887128507049258","0.0121277300615887","0.0115904388285801","0.0186832136529282"
"2007-07-18","0.021063038449871","0.0101543513958827","0.0157009193720359","0.00889026105187195","0.0121663230163873","0.0125216948608277","0.0101974304819236"
"2007-07-19","0.0192884022667278","0.00899003369495859","0.0127732722703438","0.00947400169843268","0.0119494398341363","0.00942263652644059","0.0104229884492713"
"2007-07-20","0.0192322153817382","0.0146450735647487","0.0129638976894476","0.00977911932986718","0.0113292284917557","0.0116453923805602","0.0099654906633405"
"2007-07-23","0.0158420721744512","0.00890404471873672","0.0134811210640939","0.00957176111761384","0.0102146074776129","0.0205703420930942","0.00997256994284122"
"2007-07-24","0.0178588606664268","0.00901811899856457","0.0109953923282905","0.00980258060479961","0","0.0177762081008923","0.00997590941690665"
"2007-07-25","0.0191346181693991","0.0091017824081034","0.0108009450858583","0.0108517655485467","0.0190214236782098","0.017769456373928","0.00998259634154585"
"2007-07-26","0.023097106209311","0.00718454156010636","0.0107647496352066","0.00959780670193842","0.0179103332880309","0.0133869796268958","0.00989487610393536"
"2007-07-27","0.020478657340684","0.0102407474613266","0.00993804734646675","0","0.0262336795344826","0.0124366945701868","0.00947083843393999"
"2007-07-30","0.0176465187859799","0.0107628272814905","0.0112419896113754","0.0162098139280352","0.0291042028782994","0.0112143318444101","0.00758056975511177"
"2007-07-31","0.0218262337721166","0.010722436547198","0.0101041826766199","0.0104226304895767","0.0157467239848484","0.0108844890123697","0.0108124604102755"
"2007-08-01","0.0107595344740859","0.0107515116365113","0.00950531061896656","0.0164028860402364","0.0151448660852955","0.0124279648208324","0.0116803717348698"
"2007-08-02","0.00866022371234985","0.00962808361929617","0.00949552549426201","0.0166433997374275","0.0158643633648406","0.0119443387047454","0.00788636787056099"
"2007-08-03","0.00833157075120501","0.00947611117805649","0.00974898778810933","0.0166358181545507","0.0153619107117469","0.0120183886587615","0.0118837654040082"
"2007-08-05","0.0113908384908016","0.00984660145532215","0.0111568303389528","0.0102892350390223","0.0149089024887664","0.0146600715284006","0.0102769809072381"
"2007-08-06","0.0103323886718232","0.0119532055779429","0.00884147902854075","0.010488396646321","0.014470053793052","0.0108770423541912","0.0235377856687803"
"2007-08-08","0.0108644869688091","0.0116076513965332","0.00862283066348081","0.0153660777511067","0.01319181265493","0.0135778589624577","0.0222475566083153"
"2007-08-10","0.0093618587303449","0.0124217039385295","0.00859085295839113","0.0151880410316112","0.012842357427077","0.0126682024415055","0.0234085625239727"
"2007-08-13","0.00923127126531009","0.0122995597757266","0.00871300986699872","0.0150227514021547","0.0118702730925744","0.0127320151554322","0.0138124407809852"
"2007-08-14","0.00951709387519325","0.0123260557151632","0","0.0103351761593117","0.0127401520656701","0.0116436403963662","0.0115628528396116"
"2007-08-16","0.00790119616063198","0.00812303492915387","0.00928853426402078","0.0113601441024233","0.00996690160126193","0.0118080175197202","0.0119808148173017"
"2007-08-17","0.010810905389709","0.0108415591383647","0.0117245389725009","0.0145798532042616","0.0289284247508582","0.0110536058408498","0.0118108128155847"
"2007-08-20","0.0296907472350109","0.0111753730629007","0","0.0173519279548928","0.0244863446750637","0.0104569428692317","0.0101211632919052"
"2007-08-21","0.00967212257114783","0.00821410504391456","0","0.0181645129097198","0.0195776749553138","0.0107512593233647","0.0129099797522287"
"2007-08-22","0.00886415209003962","0.0102967841087393","0.00806540810286552","0.0150183385030812","0.0151017648356161","0.0110640883027939","0.0129410335180308"
"2007-08-23","0.00888175188499643","0.0107121016311759","0","0.0180046288956068","0.0151789081362303","0.00771020961453811","0.0127230870752979"
"2007-08-24","0.00877457841555492","0.00946396643459315","0.0102710468060757","0.014300042823045","0.0150519591974996","0.00790351032472418","0.0125577933283971"
"2007-08-27","0.00946226490952074","0.00942236161665091","0.0102655610314811","0.0149475687169377","0.0131054162291383","0.0103103710890072","0.00898031405310549"
"2007-08-28","0.00880753311320621","0.0121963719683079","0","0.0106774214389942","0.0100025964506632","0.0109267412562106","0.00998470602690871"
"2007-08-29","0.00870284426490984","0.011917144092309","0.00847175170416406","0.010931784165702","0.0102215795605018","0.0109847968556226","0.017584229537039"
"2007-08-30","0.00852355399902445","0.0120243650771467","0","0.0105013322425261","0.00852300482478244","0.0107154172307167","0.0199707292839868"
"2007-08-31","0.00852347459666552","0.0133606587152442","0","0.0103383626105257","0.0087252429846642","0.0106763532553061","0.0188534464932305"
"2007-09-01","0.0093684362143806","0.0176093986959005","0","0.0103222288788543","0.00874216389674254","0.0111342006017155","0.0245484318950026"
"2007-09-02","0.00881610551219246","0.0132739455434899","0.0082781971375079","0.0101738191202166","0.0114295520981574","0.0111459717451018","0.0185231108548358"
"2007-09-03","0.0084223643088006","0.0169079973751419","0.00829812623641587","0.0103132968283617","0.0114708654160862","0.0109694852534337","0.0173249001900013"
"2007-09-05","0.00852289409771671","0.0125975562708306","0.00850230392980338","0.0104442606025647","0.0114740371650176","0.0109736774569643","0.0171232384727513"
"2007-09-07","0.0106593282414299","0.0101542840794435","0.0087310981446556","0.0114370401262658","0.00798785195350272","0.0113783006462501","0.016531539282852"
"2007-09-08","0.0108572576230857","0.00901209299564648","0.00728757358709716","0.0117069735210538","0.00825320750941455","0.011235441748573","0.0155713496721609"
"2007-09-10","0.0121587665031678","0.0105630382265032","0.0113276011560124","0.0121889851983498","0.008320767654772","0.0110350233847388","0.014657107640493"
"2007-09-13","0.0179963131119649","0.00918257286932072","0.0118896736342292","0.0116719835610667","0.00747031911001501","0.0110833993455043","0.0155634547321287"
"2007-09-14","0.00878276574258684","0.00978954444755322","0.0104885813930191","0.0118589891524639","0.00753280197304981","0.0110619215209997","0.0151318736972586"
"2007-09-17","0.0218381195166777","0.00986481660264867","0.0110404658291441","0.0125","0.0108719692784405","0.0112393260644303","0.0206105090185178"
"2007-09-18","0.0125","0.0103945347240416","0.0107984166610334","0.012714945698151","0.00491530329054477","0.0111721546754111","0.0207426829355825"
"2007-09-19","0.00524133574676988","0.0299117582195165","0.0100759740885373","0.0121818338796671","0.00566035936764435","0.0113528601102161","0.0186941378543015"
"2007-09-20","0.0125","0.0317654480579264","0.00976165636240854","0.0124691882753195","0.0062290349586181","0.0100173433079628","0.0616932187948412"
"2007-09-21","0.0125","0.0316298503508814","0.00962921479473012","0.0130806522527459","0.0114934251204462","0.0111247331504254","0.0152628895266303"
"2007-09-24","0.0125","0.0301453697698528","0.0107498654325026","0.0130146549518346","0.017060793672757","0.011079231223964","0.0134259942791887"
"2007-09-25","0.0125","0.0230869318563841","0.0109428169987851","0.0125","0.0125562019332861","0.0113727824855536","0.0145260353390265"
"2007-09-26","0.0124669952620606","0.0272799613838443","0.0121697577154921","0.0128494035214174","0.00239258651045423","0.00970283214154126","0.0117145626669765"
"2007-09-27","0.0125","0.0243120131421967","0.0111479004181481","0.0129024428363952","0.0124553649884372","0.00954887734349268","0.00950099342655372"
"2007-09-28","0.0125","0.0274872804365184","0.0125","0.0129144063996193","0.0138998211485353","0.0100413477502531","0.00900729441685658"
"2007-10-01","0.0125","0.0273712971845098","0.0109488844273632","0.00812109965562917","0.0125","0.010526466218694","0.00922111415137695"
"2007-10-04","0.0125","0.026950239129759","0.0123631666883059","0.00812273055933622","0.0125","0.0101250150129798","0.0106647509676489"
"2007-10-05","0.0129584816637167","0.0255766080588455","0.0118907574386949","0.0079576688407847","0.00814201819707477","0.0102901197941064","0.0123085643307434"
"2007-10-07","0.0125","0.028840390355385","0.0174736199426722","0.0228549144210027","0.0125","0.00772343690213365","0.0276632359817542"
"2007-10-08","0.0125","0.0287019015041929","0.0123702689473796","0.0240781304053324","0.0125","0.00927535406355793","0.0268470569143469"
"2007-10-09","0.0216911596188442","0.0336068841447853","0.0125","0.0247092388383687","0.014841270105286","0.00868195970715425","0.0285507053385167"
"2007-10-10","0.0214171841274627","0.0329303862701863","0.0125","0.0246333607770392","0.014820012184855","0.0102158277091871","0.0272171091977569"
"2007-10-12","0.0213308080003541","0.0326381737195141","0.0127249123778784","0.0245451763318902","0.0153691156239537","0.0101401686396244","0.0268170105396431"
"2007-10-18","0.0219347225717234","0.0127433091985556","0.0125","0.025004652277931","0.0153191953696419","0.0098952513436948","0.0261871328636853"
"2007-10-19","0.0275535262700582","0.0126156906886321","0.010878173523384","0.0246705780520257","0.0149143816462092","0.00981676087702125","0.0275253066474682"
"2007-10-22","0.0239277782569088","0.0127449895222164","0.0116410662244797","0.024436663093169","0.0144485939874422","0.00991518365850093","0.0284800109379856"
"2007-10-23","0.0233995630113884","0.0347443032608837","0.0113804168664324","0.0243601011702139","0.0139360687074015","0.0097620107185351","0.038093900684098"
"2007-10-24","0.018641922431106","0.0264229302463895","0.0143719276518779","0.0245796937450707","0.0135793232910495","0.00979574620297838","0.026380221956748"
"2007-10-25","0.0192101668378672","0.0503068837719929","0.0121760459175093","0.0247696509375961","0.00875008572990048","0.00984505888305499","0.0254461533965102"
"2007-10-29","0.0176972927094351","0.0522886962931972","0.0125","0.0247858410340522","0.0138615891259703","0.0125","0.0413720390648947"
"2007-10-30","0.0219350369313612","0.0447689032584224","0.012394518129813","0.0248420588908134","0.0125","0.0141125208325326","0.0411047238511394"
"2007-10-31","0.0148263596109145","0.050293349525072","0.0105785197289122","0.0249199108518408","0.014566087523785","0.0125","0.0453832019614809"
"2007-11-01","0.0168165309551022","0.0413029760018478","0.0105199733085977","0.0247696117166963","0.0184346180374296","0.0123982934992469","0.0470611557391179"
"2007-11-04","0.0163289935632419","0.0451575047150107","0.010555965442614","0.0248761915506472","0.0140780591145501","0.0256353617415292","0.0486010562250297"
"2007-11-05","0.0165457184435652","0.0432203523915649","0.0105448233898881","0.0250334742824184","0.0144264405932592","0.010292658610348","0.0468798010583424"
"2007-11-06","0.0121156158444028","0.0478929431631063","0.0100744556103893","0.0239718374135201","0.0125","0.00982122508788324","0.0283494933280379"
"2007-11-07","0.0195138862671806","0.0432734175720716","0.0100273869010422","0.0238646318837562","0.0157145798597775","0.0100496923511557","0.029328145180654"
"2007-11-09","0.00887965195254686","0.050555436238769","0.0100318820906206","0.0235410693771748","0.0125","0.00959630748138159","0.0479628557225345"
"2007-11-10","0.00864354715830225","0.039033452296968","0.00997059499613428","0.0237898678724256","0.0125","0.0412391931078348","0.0575193485928681"
"2007-11-12","0.0110095487919742","0.0424730016086489","0.00979568740652989","0.0236316698687269","0.0146104848171171","0.0511495090061312","0.0510367818156084"
"2007-11-13","0.0111970052635892","0.0455857645695516","0.00986706236210352","0.0238054549376308","0.0172078714500084","0.0205697521014759","0.04983415816"
"2007-11-14","0.0111996423848554","0.0455215949862069","0.0103542392151816","0.0293421098982832","0.0159359412689952","0.0125","0.0283568681151318"
"2007-11-15","0.0114263922385644","0.0452789226093078","0.0100498379465129","0.0266412077935472","0.0220729224289706","0.0171087719959059","0.0276265709379604"
"2007-11-16","0.0110875160894952","0.0509581278290948","0.0100299442983953","0.025","0.01150382263525","0.0131171462558035","0.0274415284499625"
"2007-11-19","0.00916580873975725","0.0169701856671562","0.00999641603435882","0.0285950515421568","0.0109591493931236","0.0127875051504242","0.0510816136086377"
"2007-11-20","0.0109070577768412","0.0437784660149396","0.0101584075329728","0.0291439103003963","0.0113021516867378","0.0134258409936287","0.0425571592126797"
"2007-11-21","0.00874640718614166","0.0357130523152943","0.0101168869692855","0.0272391747994821","0.016195970905912","0.00961603983739205","0.0424464639528521"
"2007-11-23","0.00853394682448146","0.0308656583465696","0.0126827630271823","0.0287499802482775","0.0113352184985062","0.0106855385530328","0.0403824811941274"
"2007-11-26","0.00843865930732493","0.0390366522888318","0.0131566908843099","0.0288365359867476","0.0128521669415154","0.0107697444364707","0.0444656260148386"
"2007-11-27","0.00929974349760188","0.0644460222615837","0.010643444626295","0.0275752130906356","0.0129013238720496","0.0108148528724388","0.0222185132851838"
"2007-11-28","0.011972794253733","0.0417861696649716","0.0175711654312764","0.0312081852456792","0.00845113639473339","0.0108368061105543","0.0284429080170453"
"2007-11-29","0.0162070335456011","0.0451232771180314","0.0136328708175614","0.0306599487600189","0.00827011546393339","0.0117591290438098","0.0148150483764594"
"2007-11-30","0.0136072580553178","0.0437739954438486","0.0130492202521493","0.0294370313724321","0.00733899895252957","0.0116705175733145","0.0181327001296611"
"2007-12-01","0.0151579526606876","0.0445999395985352","0.0130311833284544","0.0290246151269124","0.00874226787703451","0.0111331357057521","0.014321301611407"
"2007-12-02","0.0159058281329845","0.0455241814319962","0.0123759283593558","0.0305485489558823","0.00845739069797238","0.0122113135453911","0.0174011456680725"
"2007-12-03","0.0190063950764637","0.0458977820176766","0.0127533846605652","0.0293278497350664","0.00453883417339555","0.0112790664068956","0.027746638449125"
"2007-12-04","0.0189409672101576","0.025","0.0115622395844493","0.0297911176621091","0.00484552010893321","0.011315406820892","0.0269128006457546"
"2007-12-06","0.0144198741796432","0.025","0.0111474733481732","0.0291745277262442","0.00458917179326212","0.0111759684136189","0.0256351052002874"
"2007-12-07","0.0186408448671038","0.025","0.0111036144849357","0.0296893002424058","0.011142637150602","0.011309875288651","0.0264269340960722"
"2007-12-09","0.0227365768855232","0.025","0.0111503748448511","0.0314714654097208","0.0110254170885386","0.0113384318408258","0.0263369366974514"
"2007-12-10","0.0236838923504132","0.025","0.0116552550385383","0.0316852746985797","0.0127979914526017","0.0111669504051208","0.0270589186519961"
"2007-12-11","0.0214180793095108","0.0394327132249428","0.0110332809779549","0.029226160822349","0.0109674296354729","0.0109296443085157","0.0272008953331788"
"2007-12-12","0.0197936275982959","0.0189367351395465","0.0100779215952847","0.025","0.00884965220879953","0.0130741071201762","0.0291565547917132"
"2007-12-13","0.0139626604506553","0.019633173353182","0.0111184315650585","0.0276991025983442","0.00819809450840739","0.01079691020171","0.0266904457050499"
"2007-12-14","0.014245447706258","0.0177222294083218","0.0138439962508257","0.0291725663125983","0.0109103135256941","0.010843157081118","0.0310095467316054"
"2007-12-17","0.0122928718375418","0.0178305540269524","0.0112256925501248","0.028900560105246","0.0137393665756","0.0126494524980556","0.0222059549636965"
"2007-12-18","0.0256541133665281","0.0175194511846851","0.0112963640428327","0.0288661965287285","0.0159530566157144","0.0123339331333675","0.025"
"2007-12-19","0.0236336006458799","0.0192803120581803","0.0113153817893752","0.028997472476447","0.0121976115217353","0.0135401390570233","0.025"
"2007-12-20","0.0225048097768445","0.0186852376696272","0.0113905485177635","0.0305309263901165","0.0068968716972917","0.0110044697001137","0.025"
"2007-12-21","0.0179677717111368","0.0186128187246584","0.0113735706106505","0.0308375002663937","0.00709069274726809","0.0120122100590274","0.025"
"2008-01-02","0.0114891348405314","0.018262524698048","0.0132468545110401","0.0276279321315325","0.0170343640415881","0.0119948234388348","0.0225820972128709"
"2008-01-04","0.0106494783444519","0.0145278682764017","0.013922388505398","0.030596985830954","0.0130931588116711","0.0113862299879818","0.0165049862968932"
"2008-01-07","0.0130873840704175","0.025","0.0124576960528187","0.025","0.0113076514024774","0.0113523127525785","0.0374085717695306"
"2008-01-08","0.019813243951783","0.0252735423279861","0.0112585914810633","0.0297305234846537","0.0111959427199481","0.0124861997805675","0.00803783947650526"
"2008-01-14","0.0172456871344936","0.0196507398653202","0.0110729276162376","0.0299714839235082","0.0258054049961306","0.011442827056806","0.00806690467205138"
"2008-01-15","0.0103378459708253","0.0295594598026198","0.0111842186704121","0.0245231891303916","0.0195513851685317","0.0114148231625712","0.0145159413737233"
"2008-01-16","0.019927012828863","0.0158871470023105","0.011377646677536","0.0256757239896879","0.0126550645933753","0.0146383020843132","0.05"
"2008-01-17","0.0115745886409636","0.014066226434042","0.0113451938234118","0.0267657156447486","0.0356950506759559","0.0155302007388465","0.00948715797995656"
"2008-01-18","0.0117108875364186","0.0161187021596781","0.0146299173925027","0.0263849843198078","0.0497011665497111","0.011438232035803","0.00869273335320278"
"2008-01-22","0.0182565020369653","0.0125148013087823","0.0194414213366891","0.0252952234729959","0.0445102859335195","0.0112358751992451","0.00960401781205655"
"2008-01-23","0.0208650161799469","0.0152114447269044","0.0134604747541886","0.0459776657021034","0.0448497449272482","0.0112854324045788","0.00600180303617571"
"2008-01-24","0.0125223122363527","0.0117884380328792","0.0121225396919906","0.0434476998506089","0.038798233997109","0.0114558773562339","0.00836699979570956"
"2008-01-25","0.0132737571503945","0.0123275156826829","0.0123552726457949","0.0442998808591088","0.0374290262272256","0.0114882843829162","0.0117460498800942"
"2008-01-28","0.0134290010881318","0.0114943672068117","0","0.0493215678905837","0.0196706835036314","0.0114177550763923","0.00870696693934702"
"2008-01-29","0.013520137385905","0.011907999673385","0.0144895637751305","0.0290678791698105","0.0395599787234723","0.012752326099661","0.00802863937676262"
"2008-01-30","0.0144430293826518","0.0127149354787346","0.0162548870956057","0.0331255896114248","0.0396497935180713","0.0128227425360378","0.0439821279048871"
"2008-01-31","0.0131537104259917","0.0103109123600614","0.0139885751030049","0.0317169304463102","0.0183004470682976","0.0114343692014674","0.0140528961831585"
"2008-02-04","0.0162934626309965","0.0104124385075908","0.0138281964325745","0.0317021792812735","0.0348224286073262","0.0116880446585917","0.0139022627186006"
"2008-02-06","0.0177725340337778","0.00975100628925051","0.0138075894492713","0.0290197130161567","0.0259183065884279","0.011555345106963","0.00962727708563762"
"2008-02-07","0.0192308974107018","0.011830998542854","0.0207394209553528","0.0330123008977552","0.0246008026996538","0.0115288555135945","0.0332434905966622"
"2008-02-13","0.0174339674229721","0.0106430631217241","0.0111391992439822","0.024191532356091","0.0182646270164642","0.0118095412629179","0.0363395128839562"
"2008-02-14","0.0187764872605337","0.0111673380526018","0.0146802024890528","0.0243956425088822","0.0265295212193183","0.0116491184817733","0.0109773230254279"
"2008-02-15","0.0145516449941954","0.0102795263891057","0.0158684334991626","0.0246101166312443","0.020590428370952","0.0115041712416446","0.0114027420426751"
"2008-02-19","0.0197249800472781","0.00979343035790603","0.0182387838594824","0.0251273396739136","0.0292763940403103","0.0114223072219076","0.0491710974825509"
"2008-02-20","0.0136942967457285","0.0115925855107018","0.0162925400140543","0.0242759146406875","0.0238989363666742","0.0118130734709422","0.0510020703042579"
"2008-02-21","0.0126081778191927","0.0110686455116965","0.013048914474159","0.0295428313997727","0.0228563037973283","0.0132937612608993","0.0132347661363796"
"2008-02-22","0.0125661248562533","0.0112443558786224","0.0148033967325245","0.0294409723144396","0.0469098452696708","0.0157919049843831","0.0117428538350557"
"2008-02-25","0.0135545050076536","0.0100216415718661","0.0154710372338197","0.0269322744008809","0.0250534481110972","0.0151692966509758","0.0126444256871482"
"2008-02-26","0.0139530834942803","0.0129137206798218","0.0153645004517596","0.0246509387289997","0.0244135231295193","0.0128464406541456","0.0125257238378644"
"2008-02-27","0.0139053751425179","0.0183857816840136","0.0182476610389087","0.0240730610772259","0.0245088536827902","0.0125403687256601","0.0285010963303484"
"2008-02-28","0.0144382952170934","0.00945341409984355","0.0172571750932368","0.0238279911250705","0.0175999338328785","0.0126278928929911","0.0124932927154418"
"2008-02-29","0.0130187929213897","0.00997795289114786","0.0190359850722805","0.023679509055445","0.019581408816221","0.0129151871785289","0.0130858451133559"
"2008-03-01","0.013218005217822","0.00668296933821108","0.036593423688149","0.0238379456469034","0.025932180561809","0.0127599152636131","0.0134580898529345"
"2008-03-03","0.0158025453906383","0.00666584205945058","0.0235152483368884","0.023870358718876","0.0208739408893516","0.0127653926510556","0.0158078886459118"
"2008-03-04","0.0161871336248284","0.00640387244956878","0.0241640170464992","0.0240363154297632","0.0150620172432608","0.012962371575232","0.0130780718396554"
"2008-03-06","0.0163246816850846","0.00665658250025917","0.0199151133876192","0.0236464646792749","0.0140095203795451","0.0158432079427756","0.0166685290708407"
"2008-03-07","0.0129377013899494","0.00675928890840183","0.0213271748685834","0.0239109091499599","0.0128206078744101","0.0130828428926806","0.0127837053938423"
"2008-03-09","0.0125956311461045","0.00766538406437371","0.023615872685366","0.0250340119035233","0.0122129448427301","0.0129855985897317","0.0157951998146935"
"2008-03-17","0.0133906231813667","0.00915052927144097","0.0205363690044524","0.00885618651600827","0.013557260421869","0.0152995222799097","0.0131632022130869"
"2008-03-18","0.0131371796071804","0.00687676606487085","0.0213832168220615","0.00830423736824574","0.0134474328799299","0.0197141967523943","0.0283504662150439"
"2008-03-19","0.01624402790055","0.0139704601746098","0.0215006435451044","0.00879911067103923","0.0167903859166794","0.015776847441844","0.0187484459658684"
"2008-03-20","0.0157169629885892","0.0120387300296966","0.0209534949641635","0.00808518318110517","0.0172226987715639","0.0173485231604771","0.0105257369189157"
"2008-03-26","0.0153502630386747","0.012490046855684","0.0113772956323533","0.0108228726475684","0.0165047617562563","0.0222381964465999","0.0154524885757406"
"2008-03-27","0.0126944508481627","0.0127131092718766","0.0164853288517586","0","0.0194728588065135","0.020202602310071","0.0172140868002333"
"2008-03-28","0.0125219632408907","0.011627469843056","0.0157499900157358","0.00880934121055858","0.0202840942843621","0.0180202933260995","0.0192296943844144"
"2008-03-31","0.0128876744496445","0.0138461587636887","0.0160195355199074","0.0136810966849027","0.100211100797016","0","0.0199758316595684"
"2008-04-01","0.0123700046190594","0.0497427606511015","0.0165660597055944","0.0142369115930833","0.0489187411034915","0.0141960881050671","0.0199278343634212"
"2008-04-02","0.0126464243614844","0.0460178078587095","0.016407524043405","0.019365772818376","0.0231175596900674","0.0149280779978961","0.0213727154867999"
"2008-04-04","0.0126095297806598","0.0463154457711905","0.0163901953250492","0.0179257596096078","0.107266552180839","0.0134487767959754","0.0204433492413059"
"2008-04-06","0.0122284710110103","0.0194052643321069","0.015677337455686","0.0190261379946534","0.186617505936053","0.0130909222334324","0.0498527467448308"
"2008-04-08","0.0105672124419311","0.0432074143775241","0.0163602155204476","0.0467936426468843","0.0250202152991263","0.0175903595875275","0.0583260259122912"
"2008-04-09","0.012226895063838","0.0191951660380214","0.0171306851275173","0.0209118289782044","0.357734727919948","0.0179976879520507","0.0294955742338363"
"2008-04-14","0.0124493969613651","0.00814309990745044","0.0149446767915035","0.0116679470178975","0.0214849814577111","0.0153945210927215","0.0184481760668867"
"2008-04-15","0.0162269999382454","0.00904392911281181","0.015442495158914","0.0126616046468932","0.0200209003349512","0.0184003179426853","0.02278347391673"
"2008-04-16","0.0125551637520045","0.011746503160874","0.012558888159863","0.0119197542466361","0.0204223810571406","0.0178445581790012","0.0196959046777429"
"2008-04-17","0.0162856650732529","0.0127784305658984","0.011958074184979","0.0213435303005951","0.0230060379399667","0.0136157920813342","0.0196037247350026"
"2008-04-18","0.016814070959743","0.011473232891682","0.0118336855576067","0.00983403049425486","0.0232405638852145","0.0132808569070557","0.0182906917876105"
"2008-04-21","0.0128859297885565","0.0122886205458275","0.0119519771528864","0.00990119482492157","0.0256460130231671","0.014360908041719","0.0174417747922926"
"2008-04-29","0.017224348066123","0.0153039997890233","0.0130702210054329","0.0106153435460525","0.0251664497775139","0.0131303457117187","0.0181098861828901"
"2008-04-30","0.0175211294294832","0.0123176123236869","0.013407353612281","0.010392094061503","0.0267414085325206","0.0132312963349898","0.0167031148122855"
"2008-05-02","0.0181090928130411","0.0116590583652283","0.0134072876957278","0.0104756264209807","0.060338135259203","0.0140580549867536","0.0181242532689876"
"2008-05-05","0.0187611799549488","0.0152449115970217","0.0150149559779314","0.008102829881408","0.0306904664576821","0.0161070777881557","0.0161639879068893"
"2008-05-06","0.0225318543342321","0.0148987752902175","0.0127316737649283","0.00808121437888443","0.0271939656674348","0.0162755447797337","0.0208531278978786"
"2008-05-08","0.0205667907882018","0.0103407384657584","0.0142659962271832","0.00818942204990301","0.0275580952837871","0.0172614309044076","0.014818820892591"
"2008-05-09","0.0271482046422227","0.012084722242026","0.0123746198483709","0.0115391548838563","0.0317270014606818","0.0162675057242027","0.0155869775470461"
"2008-05-13","0.0152374042515302","0.0158818580088939","0.0132659051534235","0.0106708287142027","0.0772656518332526","0.0131797982739782","0.0134433873576915"
"2008-05-14","0.0134074494990773","0.0159711230237891","0.0161808608176827","0.010644416329943","0.0673985596376353","0.0139054368720233","0.0125229423095053"
"2008-05-15","0.0152469215708965","0.0166247639191003","0.0128384603516636","0.0385726199582106","0.032254315978448","0.0195111924538522","0.0146539060982933"
"2008-05-16","0.0157350954475282","0.0181863492615342","0.0188595692982972","0.0380401401902429","0.0311502636722704","0.0129678373056593","0.0120142971266668"
"2008-05-19","0.0308775175289815","0.0186144466878372","0.0188175044710378","0.034613348277213","0.0305849529817195","0.0167972708558379","0.00892568892511875"
"2008-05-20","0.0220224135938231","0.0148181247041663","0.0159745117375687","0.0168013795210468","0.0393828505158399","0.0127757751839564","0.0117895219113718"
"2008-05-21","0.0155572006819158","0.0376007830297256","0.0168809358060569","0.0177488145374852","0.0356022163283583","0.0127222005069609","0.0120055907474256"
"2008-05-23","0.013774629479614","0.0176927263117789","0.0166290441227152","0.0193959528986816","0.0377284113809375","0.0167825926642741","0.0112010842790284"
"2008-05-27","0.0180913969094462","0.0179343231434996","0.0162860140416369","0.0187881723250131","0.0614748688348463","0.0169063889041172","0"
"2008-05-28","0.0179976991880607","0.0205535212776768","0.0225288938568642","0.0310815926083521","0.0448832139245417","0.0161664838194929","0.0112995775506012"
"2008-05-29","0.0188093377285751","0.0238006873748434","0.0164859649996743","0.0179005838576712","0.0464968273798233","0.0187776451162815","0.0121518688789607"
"2008-05-30","0.0190283906410102","0.0135606507924817","0.0139907165962357","0.0171708396270946","0.0488290193238495","0.0204909174282583","0.0111235452487162"
"2008-06-02","0.0177121561268238","0.0133300002841947","0.0182506228702439","0.0271464104053645","0.0501674761472765","0.0200635250780554","0.0130309481076796"
"2008-06-03","0.0216673244847755","0.0211535942386395","0.0163009587476763","0.0259887510545004","0.0506335499976516","0.0191011734418025","0.0133142760450963"
"2008-06-05","0.0221996458235559","0.013253280134855","0.0182754349884391","0.00833102260044128","0.0394768319256883","0.0199781037084248","0.0266355749326873"
"2008-06-06","0.0204764296936015","0.0130725424077083","0.0164697128788921","0.0144039213320685","0.0337101407577716","0.0294813438131998","0.0212559263716953"
"2008-06-08","0.0155908895413255","0.0306149849313043","0.0174064531211321","0.0157925819273328","0.0274146883914444","0.029603864500064","0.0196898850282989"
"2008-06-13","0.0183314307458143","0.0400127499454498","0.0208209792739641","0.0293271118919562","0.0317744572171817","0.0309660697477384","0.019214289467826"
"2008-06-17","0.019154299847793","0.038031529501415","0.0188680523269714","0.0280297376748219","0.0314384611675257","0.0306300440405487","0.0191133986985919"
"2008-06-18","0.0162352074253381","0.0352793458692567","0.0162985225440444","0.0277871461872621","0.0314294640327097","0.0317915606051873","0.0140700142413629"
"2008-06-19","0.01760513809054","0.0378348909502544","0.0158826082686456","0.0265591336002121","0.0312187490363024","0.0263554845187281","0.0137201898322955"
"2008-06-20","0.0149807172924136","0.037424145861586","0.013434213072682","0.0242243620167039","0.0409508946802525","0.0294944521857156","0.0125466299062842"
"2008-06-23","0.0161353894641454","0.0505010198278244","0.0155591690917699","0.0242777355985957","0.0312428095132453","0.0199571769839336","0.0176150759084748"
"2008-06-24","0.0152102119364599","0.0428702171342728","0.0195856728144594","0.0157638532010629","0.0416245533789431","0.0206655669845575","0.0296325640619328"
"2008-06-25","0.0142450111738978","0.0545276145222517","0.0126278036407598","0.0153225911402271","0.030378254019658","0.0124299251561191","0.029431219969059"
"2008-06-26","0.0144747053671073","0.0586707942180856","0.011932499718688","0.0115039155686333","0.0431454178183298","0.0131921137823402","0.0126339022021107"
"2008-06-27","0.0158147692725979","0.0676891135013734","0.012007485576122","0.00962294821867839","0.0353990236241791","0.0135694855228641","0.018643061333461"
"2008-06-30","0.0116217734201576","0.0644320536185126","0.0121777594658412","0.014302901576562","0.0532748542197051","0.0132209602658692","0.0187585514954275"
"2008-07-01","0.0155631695605461","0.0604482739469608","0.0118611959572804","0.0117798830802226","0.0531483883897654","0.0126233061281177","0.0193264921010053"
"2008-07-02","0.0243254238382622","0.0580572364663569","0.0118713394626347","0.0133309843498711","0.0399199322318379","0.0128213845729467","0.0264289352787493"
"2008-07-03","0.0189461008186413","0.0528824419314616","0.0118567813191519","0.0121403829719306","0.0232706035150541","0.0129243937309149","0.0351069460854429"
"2008-07-04","0.0100300134813536","0.0560006535455882","0.0151078533635279","0.0110832031051517","0.024476688741638","0.0127514247730813","0.0302113730424127"
"2008-07-05","0.0199086352981017","0.0744409685734655","0.0121980448353971","0.0112544209499987","0.0256861219354297","0.0155676016969046","0.0196209496438883"
"2008-07-07","0.0197436566302083","0.075055667531761","0.0120913166036016","0.0104931359888415","0.0246413515278689","0.0161852459762717","0.0161658521772094"
"2008-07-08","0.0154757170373691","0.0769059781902483","0.011301960119758","0.00964690176878397","0.0236005041807601","0.0155945073639962","0.0127963913397463"
"2008-07-14","0.0151665324563418","0.0796735420589578","0.0179871095139885","0.0166255645940655","0.0214768611152108","0.0141402356906742","0.0125780058232884"
"2008-07-15","0.0117260840956426","0.0512060908179944","0.0180333767018578","0.0149660417062108","0.0235884163561597","0.0123268116303465","0.0126035764658375"
"2008-07-16","0.0116475094790745","0.0361126192466706","0.0160700999728094","0.0149501824988209","0.0156005072946868","0.011610999013857","0.0361450114633941"
"2008-07-21","0.011493304190935","0.0264348843272985","0.0156094968635548","0.0116558847988591","0.0197843556982336","0.011860788873197","0.1"
"2008-07-22","0.0118944155334873","0.0282309363680625","0.0149802022405216","0.0216259360336496","0.0584193150688656","0.0112499628650683","0.0220988878585348"
"2008-07-23","0.0113689550233822","0.0339131214264173","0.0188115540038456","0.025459047256287","0.0380768770743321","0.0115113799563263","0.0309991622035153"
"2008-07-24","0.0117449919160698","0.024416250423883","0.0165004940391698","0.0249155793087363","0.0472163156053009","0.0123422932249303","0.0368016978550185"
"2008-07-25","0.011787199070928","0.0439393558031143","0.0147837041054845","0.0160085477910315","0.0470797692522812","0.0117814154219442","0.0316769026939355"
"2008-07-28","0.0121066674504533","0.0303247898493995","0.0113520230495559","0.0114589388515566","0.05","0.0117378164695738","0.0171918687399773"
"2008-07-29","0.0121899946254494","0.0387292237787225","0.0149908786312133","0.0158802362448016","0.033539492053246","0.0114989976006088","0.0144298796914069"
"2008-07-30","0.0121794935156662","0.0384382990456894","0.015089390862437","0.014623406837257","0.0335102595170534","0.0120937242918764","0.0143390073595918"
"2008-07-31","0.013633025027487","0.0383334436214703","0.0150299079630234","0.0117620142507098","0.0644848550840059","0.0115067048198928","0.0146500520396332"
"2008-08-01","0.0125510199077894","0.046237487116029","0.0139992790274224","0.0201361024400023","0.0646222058291413","0.0118683429369515","0.0145665551145575"
"2008-08-02","0.0122628391485167","0.0455175547533171","0.0128560479135067","0.0150242100935822","0.0396688393474694","0.0127633658566311","0.0143969177635369"
"2008-08-04","0.0122493411662251","0.0395405168475414","0.0142022557849891","0.0191896666656477","0.0394916144801629","0.012065138480849","0.0136323041660823"
"2008-08-05","0.0145779407639767","0.0415595971517186","0.0141412341193717","0.0167177398482236","0.0408145502427607","0.098755825978476","0.0146652296488669"
"2008-08-07","0.0122301788185649","0.0434944688254316","0.0135413507355318","0.0205020811039236","0.0635214103851317","0.0128650601539609","0.0195593266011993"
"2008-08-08","0.0128959152498572","0.049744284396723","0.0134677797781407","0.0211659688193488","0.0642609021486998","0.0160295547717448","0.0130005880243348"
"2008-08-09","0.0123730678186923","0.0443017908495684","0.0158565070191527","0.0163613446872153","0.0508451205362702","0.0127324534407261","0.0128871051397882"
"2008-08-13","0.0117036519081703","0.0496876308403147","0.0220497286885782","0.0156895241629909","0.058389692783681","0.0133683915680683","0.0252463131581404"
"2008-08-14","0.0124109128542582","0.0536489208827872","0.022414601663452","0.0158109439978052","0.0493705287205318","0.0109605489930552","0.0184740791265839"
"2008-08-18","0.012560841093046","0.0888021925310772","0.017860872547406","0.0164165706399625","0.057026526828285","0.0127949849528581","0.0300799537538189"
"2008-08-19","0.0128197863570593","0.0899558816136426","0.0135890774523434","0.0171064405168669","0.0546070977609583","0.0124054474503899","0.0401964007832544"
"2008-08-20","0.0147032256412038","0.0307654233928909","0.0149958439880241","0.0224186264959184","0.0411318715252454","0.00898538322822061","0.0180522208542644"
"2008-08-21","0.0152451893231555","0.0287955229652405","0.0145691045564436","0.0218185880830372","0.022770236511594","0.00959721129827862","0.0181211896741193"
"2008-08-22","0.0152404655095274","0.0256421387850974","0.0137176907970164","0.0241729215417415","0.0222656541838583","0.00913773616973414","0.0177770633891022"
"2008-08-25","0.0142133532384254","0.0370507012268726","0.0134951200844945","0.0217613493453275","0.0208629733955496","0.0145348414933528","0.0187658888771942"
"2008-08-26","0.0166746574630547","0.0291487557626607","0.0130772923053223","0.0155401086665488","0.0204956981566409","0.00934983001148385","0.0176454662023753"
"2008-08-27","0.0162121225175262","0.0188580618781468","0.0130716682177023","0.0143088243535609","0.0200018186656238","0.00933515179863828","0.0185933515083508"
"2008-08-28","0.01302621219681","0.0625","0.0148549156508061","0.0189436150696325","0.0355743694517102","0.0156961956101575","0.0127177681076947"
"2008-08-29","0.0130927124596598","0.0657266459322357","0.0138230979950229","0.0198012835841541","0.0186687171120058","0.00916896983830285","0.0113469588180612"
"2008-09-01","0.0129540372991888","0.0302918144328355","0.0145176243561388","0.0120445061220717","0.0195335351328603","0.00948236911420652","0.0138626451353415"
"2008-09-04","0.0126105219290473","0.0767055371925706","0.0120069353751257","0.0102181984948085","0.0232061559585152","0.0101931741104301","0.012927747246256"
"2008-09-05","0.0130180252178181","0.0811460317930253","0.0119054227519124","0.0132067739432323","0.0280376922875459","0.00929639680159414","0.0116789969759315"
"2008-09-06","0.0126785132755457","0.0695312115384159","0.0118141745431405","0.0155993777733237","0.0278727965950667","0.0094744368859462","0.0115676660301627"
"2008-09-07","0.0128909446981363","0.0461652417687259","0.0127574328538131","0.0140838640987465","0.0384917489968556","0.00968766244884974","0.0109649561806387"
"2008-09-09","0.0128213349882772","0.058152560333925","0.0115822617653967","0.015294363230158","0.0182570912279096","0.0110167571454984","0.0110754724919204"
"2008-10-01","0.0123313004423446","0.012809029781274","0.0126022132222433","0.0146203633338185","0.0180223675677584","0.0139328242100143","0.0136747812420795"
"2008-10-04","0.0111376901930815","0.0396806921481048","0.0122691563698381","0.0174940947131891","0.0173576624077937","0.0123056468212644","0.0109238659805898"
"2008-10-06","0.0107987887090413","0.0157494828937732","0.0118855432076861","0.0143430274702216","0.0190779088432975","0.0118839696189651","0.0109656124740389"
"2008-10-07","0.0114813030028829","0.279605406094897","0.0129928119086121","0.0153143593304591","0.0192887282860165","0.0118973713612511","0.0142795535320194"
"2008-10-09","0.0128181950374269","0.0390995913115972","0.0330135906172374","0.0137913459192508","0.0204098525767979","0.0115819159649229","0.0115685238892132"
"2008-11-01","0.0123310072091514","0.0635436293412826","0.0347390696471135","0.0137168992577213","0.0133155388698624","0.0116416868488954","0.015047470979215"
"2008-11-02","0.011779720773218","0.0590373913195218","0.0122984845493308","0.0142634215335433","0.0193733243769388","0.0125191032990109","0.0111769088640575"
"2008-11-03","0.021212900756253","0.0423596037259562","0.0115762991940685","0.0155413294549285","0.0200948989646638","0.0123901779518465","0.0122792820870063"
"2008-11-04","0.0126717642817401","0.0439517450065936","0.0112173364771476","0.0155545879907585","0.01421868377492","0.0123731104931071","0.0115504201327843"
"2008-11-06","0.0138319765968077","0.0429137723719315","0.0110850296130241","0.0172413085280496","0.0139030401448069","0.0120666295487666","0.0112812149594381"
"2008-11-07","0.0119708576405869","0.0472240361310132","0.0120546745182495","0.0156506971777355","0.0202427482322089","0.0131634754935508","0.016907284810913"
"2008-11-08","0.0117137096966953","0.0449869744226947","0.0123880097326996","0.0173720380587181","0.0213567626768998","0.0114122891101976","0.0133758618153359"
"2008-11-09","0.012334229677005","0.0471346319472445","0.015186037112349","0.0157933880265642","0.0211071746536836","0.0131045279586657","0.0133254772660452"
"2008-12-02","0.0119690185748847","0.0389496313016592","0.01533842717739","0.0142501400206213","0.0203530854023904","0.0114344948764959","0.011182917427544"
"2008-12-03","0.0126160821271052","0.0767291029265704","0.0149927496478537","0.0148596931428449","0.026491900837022","0.0117396089219246","0.0137678231501602"
"2008-12-06","0.0123258140835442","0.0738527657628387","0.0150967258222344","0.0139373276882111","0.0270098269352247","0.0113627347498637","0.0137135776361368"
"2008-12-08","0.0112447399388705","0.0785178844640469","0.0164554100431089","0.0139502658915978","0.0268574519897042","0.0121570993295294","0.0137463526011434"
"2008-12-09","0.0126705547443006","0.0470877311058537","0","0.013927356354154","0.0261147897062981","0.0116673568162353","0.0111862828353564"
"2009-01-04","0.0141130662066392","0.0243247385328776","0.0181147495158168","0.0140151526656015","0.0240451131278427","0.0123135284607632","0.0120595039282704"
"2009-01-07","0.0125817325919356","0.044170704501002","0.0173161105027073","0.0137024982821982","0.0164222053014863","0.0135255239623875","0.0102003060359671"
"2009-01-09","0.0127704333487136","0.0470018150478371","0.0169738148179284","0.0134345661195185","0.0187027283869386","0.012219924822402","0.010227142095535"
"2009-01-10","0.0127497748992293","0.00949852508292907","0.0297824920763247","0.012966788277606","0.0234319527386208","0.0169893479609581","0.0115546609011667"
"2009-01-13","0.0141701118412469","0.00845185251713276","0.0195458271622346","0.0129671880373282","0.016894911230504","0.0175093402251654","0.0116489696316349"
"2009-01-14","0.0136598954571478","0.0112194169612571","0.0291640919670669","0.0128063336951201","0.018480581483525","0.0127315230602287","0.00892947414196291"
"2009-01-15","0.0152779550708081","0.0185382755845801","0.0318557293572021","0.0130301260106534","0.017634288784479","0.0143884215173109","0.0284568181743857"
"2009-01-16","0.0138327480910988","0.0545397170943564","0.0213878060484877","0.0139303684661502","0.0174550699593206","0.0139362857053474","0.0322952678587434"
"2009-01-20","0.0122208067104596","0.0580181628084297","0.0251878833040079","0.0136694520741184","0.0173197803250049","0.0176258123303274","0.0334525520237845"
"2009-01-21","0.0116225890479625","0.0966415994742109","0.0177710693590959","0.0141123430569015","0.0249885739592791","0.0135133917682941","0.10928647051407"
"2009-01-22","0.0126835349606177","0.095091255655177","0.0162345893109985","0.0189622000299801","0.0240440225781736","0.0137520865097238","0.109794440736852"
"2009-01-23","0.0118650757170957","0.088914089476065","0.0164776880914132","0.0176334672305842","0.0155614791301822","0.0139587199343663","0.105313810068616"
"2009-01-26","0.0134143449090249","0.0808048515140912","0.0214938319468977","0.0175248715225255","0.0133447529708161","0.0140538493362851","0.101654088522936"
"2009-01-27","0.0127396106774552","0.085260695856412","0.0188949112071583","0.0121877903511805","0.0221770481565362","0.0148939971835579","0.0830319140531976"
"2009-01-28","0.0154491125470262","0.0993979544569028","0.0221323488453695","0.0143364207193255","0.0142934124752662","0.0152384956245796","0.0892719250488441"
"2009-01-29","0.0175973602216553","0.0825969070797286","0.0268290634903124","0.0219354641853938","0.0218509559316169","0.0150280935354587","0.0375"
"2009-01-30","0.0260652021000088","0.103382041947573","0.0204362061791","0.025903709175122","0.0141987764964203","0.013438074452797","0.0375"
"2009-02-02","0.0159930906429149","0.0852751661883135","0.0179735950171444","0.0226974276997679","0.0217125438935029","0.0159115261989255","0.0418210769483742"
"2009-02-04","0.0215200666198805","0.0187938441146807","0.0172858779623546","0.0243551781439154","0.0135581935413958","0.0152709939231231","0.0428113431304286"
"2009-02-06","0.0210973605857443","0.0143258500982883","0.0194796374664293","0.0254321480587183","0.0249651860351216","0.0153436799044947","0.0475859937488815"
"2009-02-07","0.0213465497907898","0.0473892776617221","0.0173903293328907","0.0250171005374324","0.0213805226576536","0.0159374654826527","0.0457604865550374"
"2009-02-09","0.0208650917160577","0.0483072260735616","0.0172667081258123","0.0237632380089756","0.0210654960099804","0.0159374221002422","0.047155841762108"
"2009-02-10","0.0215401518455217","0.0385254065825271","0.0171060169635887","0.0181814502082533","0.0174123069322896","0.015633587205523","0.0375"
"2009-02-11","0.0991418796885068","0.0752226984883944","0.0234180963273412","0.0201602768171995","0.0171750189886659","0.015608955267086","0.0456996494386344"
"2009-02-12","0.0150308149144669","0.0775199705732366","0.0336894263992693","0.0189670034230319","0.0175928929715776","0.0155851761300624","0.0375"
"2009-02-13","0.0150608308877436","0.0375","0.0802409369180305","0.0212697628252255","0.0179584652649032","0.0154581533138218","0.0375"
"2009-02-17","0.0160431864319484","0.0610066262439531","0.031801801504889","0.0177884546747576","0.0158912991297392","0.0154059507379719","0.0312358558349079"
"2009-02-18","0.0137426966129402","0.0317234905032081","0.0176229706663022","0.0152882766414297","0.0639034543295471","0.0301078060538089","0.0144210193370593"
"2009-02-19","0.0137489795278471","0.0293502169637275","0.0216781429627411","0.0170749664549472","0.037126263763268","0.0389083682827366","0.0637684599482202"
"2009-02-20","0.0168918806148164","0.0286382878096688","0.0213712460486874","0.0167847864602467","0.0358822904332125","0.037499580172089","0.0615970939163929"
"2009-02-23","0.0184032129045991","0.0239584577264846","0.0155712607597497","0.0173048038057084","0.0380759724622639","0.0360496683278651","0.0833980559725843"
"2009-02-24","0.0201486609097333","0.0188237899638588","0.0223023718316578","0.0168921966512726","0.0387676157913743","0.0361786738174152","0.0859290179640198"
"2009-02-25","0.0168374424289548","0.0289925351492199","0.0203060113361893","0.0203487544935784","0.0553777083352564","0.036814245219508","0.0799888943339167"
"2009-02-26","0.0168443382732047","0.027650772928205","0.0185994980297898","0.0191323477646838","0.0463766317889287","0.0369814840435005","0.0815957877040179"
"2009-02-27","0.0232973744515792","0.0286523042063829","0.0185281173035544","0.0182537161058475","0.0348861389000312","0.0270253017213553","0.0830411515528268"
"2009-03-02","0.016045249000634","0.0214992892345455","0.013766218484329","0.0182250651173985","0.0241312031407971","0.0263285105173084","0.0749611556592239"
"2009-03-03","0.0159890079509077","0.0299251613644158","0.0125","0.0185562859804106","0.0219379600181151","0.0261050990298263","0.0717399035454352"
"2009-03-04","0.0187981525842674","0.0299731001383726","0.0131927376748421","0.0225450808703752","0.0224220863588719","0.0258768791879093","0.0526679368227033"
"2009-03-06","0.0228687016489411","0.0192046393962487","0.0184104997755014","0.0177862546475608","0.0213761180075591","0.0353731051304801","0.0542057803528356"
"2009-03-08","0.0221473353813223","0.0245948646860921","0.018593683734619","0.0206299945415787","0.0201711706269948","0.030098313447845","0.0487249249658268"
"2009-03-09","0.0195527496745151","0.0231947647318609","0.0166150119149974","0.0241105880855458","0.0168615998885211","0.0317410007056569","0.0497446176279395"
"2009-03-11","0.0187889244777157","0.022010755971901","0.0142196225925162","0.0186181797553159","0.0303463792730662","0.0290836067313295","0.0480947114130558"
"2009-03-12","0.0226274004474212","0.0297249326061687","0.022143835744009","0.0186071818728492","0.0261491211252181","0.0323238764831617","0.0491839857509489"
"2009-03-13","0.0219679298923043","0.0333683907004896","0.0143843594994145","0.013262082319466","0.0245197258832914","0.0320402403782154","0.0498472532049028"
"2009-03-16","0.0224430459668287","0.0311152979600472","0.0171988172135167","0.0149471352707307","0.0235952365543586","0.0275518566936123","0.0401491887489868"
"2009-03-17","0.0206101247157857","0.0244203287896712","0.0140704908109885","0.0151371587855249","0.0228771577260332","0.0374045759530788","0.0453391239359703"
"2009-03-18","0.0209982264446721","0.0242621267184699","0.0165267178242999","0.0190625766427505","0.0300982674431122","0.028499354574581","0.0447175369060695"
"2009-03-19","0.0181067650934578","0.0298221913184067","0.0147023737333783","0.0125","0.0303544988983728","0.0336930480099932","0.0331694503640128"
"2009-03-20","0.020785528294259","0.0236339775566462","0.0146068377127266","0.0128851499817909","0.0188057066960411","0.026600065717214","0.0472536519347743"
"2009-03-23","0.0264441216075113","0.0242306592390914","0.0147371061147266","0.013564298756659","0.0385127473797602","0.0284483153432334","0.0364584058361857"
"2009-03-24","0.0271303012524527","0.0222461009094321","0.0136302894599882","0.0138490280748219","0.0386574963564069","0.026317824157397","0.0313790629690867"
"2009-03-26","0.033987107359361","0.0219120919063774","0.0128705985356149","0.0141890877111627","0.04725167512237","0.0257586530925532","0.0526380161040562"
"2009-03-27","0.02430886471221","0.0213894743891858","0.0126590748541296","0.0141804467076396","0.0282022141069674","0.0246713917118816","0.040493697776018"
"2009-03-30","0.0267190450421872","0.0296058357582434","0.0132074683298985","0.0136897879815987","0.0183615103850561","0.0275260471693845","0.0367312517922746"
"2009-03-31","0.0239647908250624","0.0464346150563339","0.0138119534286007","0.0181838853787623","0.0243953848386317","0.02749367612776","0.063075556241868"
"2009-04-02","0.023139313114758","0.0360319370905072","0.013204238243035","0.0226755523025469","0.0301514211296272","0.0275995596595902","0.0634848773085297"
"2009-04-03","0.0236573736353437","0.0418769462254549","0.0375591123170159","0.0134477408559632","0.0251883651054279","0.0203477902712684","0.0644574936872746"
"2009-04-05","0.0264176527526568","0.040968378895171","0.0209201603994642","0.0232779645140184","0.0192959482478403","0.0244441166411209","0.0652876060774995"
"2009-04-06","0.0265747470074462","0.0340799928345255","0.0284651320074022","0.0184281687230986","0.0311288103977341","0.0193072591498962","0.0668985988264452"
"2009-04-08","0.0233494613528044","0.0336975475272028","0.0324957309769895","0.0220473792143533","0.0226610930659826","0.0193253879742504","0.0661010839161573"
"2009-04-09","0.0252152729105424","0.031782476332427","0.0199995308057379","0.0259607352107239","0.0311510670904015","0.0246712358907382","0.066462691244554"
"2009-04-11","0.0243163707957348","0.029568130651064","0.0310453787207825","0.0249323765869289","0.0304872226590397","0.0268812925497281","0.0529576092461234"
"2009-04-12","0.0223881001297995","0.0296318934697553","0.0197911226862462","0.0251280294495633","0.0227388342766821","0.0267629935726649","0.0531835857716166"
"2009-04-14","0.0237513285340275","0.0318297389887594","0.0197001929404032","0.0250540526135819","0.0225700343004181","0.0268264672898186","0.0524269986952365"
"2009-04-15","0.0253489542600373","0.030498462077376","0.0329287058061545","0.0286423689417219","0.0257633572364959","0.0247658330345101","0.0535205010798136"
"2009-04-16","0.0252065924864928","0.0412081354700142","0.0325702397917028","0.0269729326215278","0.0341897539566378","0.0274771751606802","0.0553496046353982"
"2009-04-21","0.0230925155550977","0.0365187929052015","0.0284991222331748","0.0220540002875525","0.0432641561716194","0.0247485003437809","0.0548465840355691"
"2009-04-22","0.0316162094763311","0.0400384873930584","0.0340819869131083","0.0433832184974009","0.0377123713143376","0.0195189155562674","0.0588879042463109"
"2009-04-23","0.0303125159289572","0.0405360964348165","0.0200899278332337","0.0291902152779828","0.036615407921522","0.0195944188146566","0.0554734728521094"
"2009-04-24","0.0297707037004554","0.0403216847304853","0.0233476477592967","0.0299469034396904","0.0368210519941643","0.0194286811862288","0.0700898398676922"
"2009-04-27","0.0262138792253434","0.0400484111782694","0.021808985143291","0.0275970352567462","0.0449893077853165","0.0194771116915145","0.0566481300778454"
"2009-04-28","0.0283408886965743","0.0415244691330865","0.0240971891839922","0.0305895125949934","0.0370488438086791","0.0186125570659261","0.0608378467035933"
"2009-05-02","0.0436621229991112","0.0399703340311966","0.0244135098429104","0.0172780529207192","0.0447672886486588","0.0228363257141717","0.0580883519693584"
"2009-05-03","0.0208953389853864","0.0418438491090751","0.0266082832288555","0.0216528473097944","0.0307441296998482","0.0201390195832872","0.0726742202990473"
"2009-05-05","0.0240353585654881","0.0413717561942388","0.0277089112976843","0.0248026935190396","0.0311906014735137","0.0184366083115815","0.0463169874328787"
"2009-05-06","0.0248153071160962","0.0392782423687172","0.0263053915739106","0.0247467280138175","0.0360687763156319","0.0238689124021637","0.0770724279895049"
"2009-05-08","0.0253785532758821","0.040382785396831","0.0265488883457355","0.027761227456824","0.0361409876245876","0.0291576834388219","0.0785489126764275"
"2009-05-10","0.0190179555106547","0.0357779000575479","0.0279397000835949","0.0297085009191776","0.0332632273707369","0.032292146635787","0.0844239005500575"
"2009-05-11","0.0186524136417389","0.0339673633948884","0.0306951155609592","0.0696086657356997","0.0355057327637078","0.0287314220143365","0.0845046102310326"
"2009-05-13","0.0175417534724842","0.0339364103321876","0.0267321423021534","0.0659031971712475","0.036492064440315","0.0337559409544982","0.082530145391297"
"2009-05-14","0.023032004752277","0.0326555108497509","0.0203657190243759","0.0245054458079345","0.0275737079243962","0.0309793428337129","0.0471392972729478"
"2009-05-15","0.0174628394161079","0.0334260576651741","0.0190173729981375","0.0249172023669641","0.0237953897977431","0.0303238533661069","0.0462523783407756"
"2009-05-18","0.0236689204465322","0.0337735621347211","0.020957898869118","0.0261058158951939","0.0244693202283084","0.0310146636840463","0.0368908864656789"
"2009-05-19","0.019764335746946","0.0331649866248919","0.0187198581110511","0.0315548852812027","0.0315670884384591","0.0314490189328917","0.0810438560849841"
"2009-05-20","0.0173707851268912","0.0326594800349801","0.0197174802291103","0.0328372431732964","0.031396825793344","0.0316424370493173","0.0820516430881719"
"2009-05-22","0.0189361325283823","0.0356952364753682","0.0195584875452169","0.0214127867311491","0.0314510877985282","0.0310442826953375","0.0486648123396225"
"2009-05-26","0.0164922345604904","0.0332859489250955","0.0185857068468145","0.0321009353635292","0.0224760503572806","0.0293218879242669","0.0474821327111089"
"2009-05-27","0.0186404523865241","0.0373183634717621","0.0197090230548771","0.0269687512705605","0.0224723816273001","0.0326637065327988","0.0464675982883546"
"2009-05-28","0.0184796729742696","0.0322916583686905","0.0180590550760025","0.0218134581800934","0.034167870302532","0.0346083893347985","0.0467725595027118"
"2009-05-29","0.0198814071566559","0.0325823939883062","0.0208326552027069","0.0197787838866779","0.0355573016519251","0.0345067777112047","0.0373931782398105"
"2009-06-02","0.0168740610285692","0.0332889671438866","0.0126984024855041","0.019658268015727","0.0234470991950043","0.0215729026478434","0.0370738224278319"
"2009-06-03","0.0188703009029933","0.032341773084637","0.0210573114691052","0.0223243240708181","0.0333259206823155","0.0212837654396821","0.03755814880634"
"2009-06-04","0.022039588656227","0.0356853488472528","0.0206625864529002","0.0298309652482288","0.0216329503735087","0.0215378105759922","0.0306204834719668"
"2009-06-05","0.0210476342858076","0.0385353099279912","0.0274928532321531","0.0226163490803363","0.0213518742253583","0.0274311154551832","0.0431234770131116"
"2009-06-07","0.0218383374501602","0.032534208039689","0.0499500721276742","0.0287836551021111","0.0294172973271649","0.0277059361326303","0.0315621439134328"
"2009-06-08","0.0223251024449865","0.033236649962336","0.0313560635778578","0.029998751588056","0.026065020383555","0.0277805137868655","0.0183123545924868"
"2009-06-10","0.0280257480396586","0.0337219807831649","0.0281787080493675","0.0322885464364377","0.0278990636840775","0.0270898288832754","0.0235735256585016"
"2009-06-11","0.0306738198969633","0.0263924622501661","0.0405611391404328","0.0233147481810602","0.0304597989819269","0.0261591328542224","0.0195653049533412"
"2009-06-15","0.0222907731794193","0.0319205295341149","0.0320456134367783","0.0328297351891617","0.0270431430897934","0.025475717360185","0.0177663034143603"
"2009-06-16","0.0306699305447592","0.0174534009708465","0.0331208698431133","0.0379210968819482","0.0326134128827814","0.0214874438169945","0.0358184390588522"
"2009-06-17","0.0224965319999428","0.0171668688344372","0.0331151564744075","0.0217382779756106","0.0348982339993397","0.0215423627897441","0.0326546635501055"
"2009-06-18","0.0262578197985094","0.0221204999946296","0.0273227710815265","0.0254306831671005","0.03201242565501","0.0211730435997382","0.0376205187861273"
"2009-06-19","0.0272774805826546","0.0438303385301119","0.0271473198555261","0.0238521334081043","0.0253174180370166","0.0304353145328238","0.0343924962423013"
"2009-06-22","0.0783222898003973","0.0417344972248136","0.026892960890974","0.0153223866212736","0.0319258153382004","0.024652361550611","0.0374560761747231"
"2009-06-23","0.0279904305130061","0.0405070325716689","0.026711701758368","0.0299662399934315","0.0256697409468573","0.0216285625635946","0.0413647015253933"
"2009-06-24","0.0279790084690842","0.0384218642084662","0.0198413833501582","0.0317793740694349","0.0341912822797158","0.02105123947488","0.031492089033515"
"2009-06-25","0.0491595788313902","0.0437477972123997","0.0261330193909903","0.0327983630835662","0.0343307045727608","0.0211110689523133","0.0468530249588528"
"2009-06-26","0.0278382591966632","0.0422198396682773","0.0192158909497264","0.0269380222017427","0.027716673535352","0.0186610453451217","0.0461820690772704"
"2009-06-29","0.0438759290904188","0.0236403860818298","0.0148112611750493","0.0265884566626092","0.0360217499268949","0.0190945623872795","0.0414238855531276"
"2009-06-30","0.0426506036206648","0.0258469138372995","0.0185855411845012","0.0254418043656332","0.0282697885115948","0.0190908402022002","0.0455490277826839"
"2009-07-01","0.0406026810679765","0.0279007284517774","0.0186268436499734","0.0259111112501508","0.0278705481988348","0.0204141460147395","0.0452588075902524"
"2009-07-04","0.0822337545334156","0.0257344497019817","0.0273976038029745","0.0276471295918512","0.0313304208757947","0.0266198226703691","0.0405054392880925"
"2009-07-05","0.0811409291849516","0.0262470774736094","0.0262623264602352","0.027792491044223","0.0437915333874749","0.0284958288317152","0.0370927833176957"
"2009-07-07","0.0821443179471096","0.0272130234128953","0.0310543325826436","0.029851422989037","0.0608951907783992","0.0177121631716488","0.0446234418080363"
"2009-07-08","0.0197892207561137","0.0255032810450381","0.0308688944049427","0.0291527237264279","0.0289777803451221","0.0214630479710447","0.0381715667836906"
"2009-07-10","0.0203804403978758","0.0261301135561243","0.0286300483210812","0.0293091732218001","0.0554249648295441","0.0188749490119053","0.041039078193126"
"2009-07-12","0.0199553449588834","0.0302754476245307","0.0276102680753312","0.0287095352128241","0.0509903778133179","0.0176843083199666","0.0430475238678312"
"2009-07-13","0.0266282198913733","0.0299116018777125","0.0146737088413212","0.0265397427007774","0.0238280735726878","0.0170296078255331","0.0532934940956791"
"2009-07-14","0.0462733138953718","0.0389499515624919","0.0226895800195797","0.0265985522161924","0.0296358691122231","0.0190226007508259","0.115657635255952"
"2009-07-15","0.0259211254257309","0.0318025149519423","0.0308469905175382","0.0266424605389013","0.0296682205896811","0.0178610741560679","0.117861266951088"
"2009-07-16","0.0321420124438928","0.0480518106984674","0.030175696380501","0.0265811223307758","0.0306308649295426","0.0127778274741417","0.0266625744020293"
"2009-07-17","0.0311248913611475","0.0459313113087984","0.0294257262981241","0.0265938898560636","0.0310884771571678","0.0159453818452345","0.0625"
"2009-07-20","0.032205189442806","0.0414419342712225","0.0250317024549058","0.020253509467382","0.0256646093427408","0.02235234846867","0.021204018196715"
"2009-07-21","0.0305363691816556","0.0401168398960072","0.0400329987193442","0.02045594400799","0.027425846546894","0.0222394416057072","0.0254708772078468"
"2009-07-22","0.0295052817991631","0.0305773256299129","0.0381284623625166","0.022316188509194","0.0332542107811863","0.021117339988606","0.0198416874112619"
"2009-07-23","0.0372849797112572","0.028815787527869","0.0308404874665034","0.0210339642833439","0.0509327953586881","0.0207944493021541","0.0261653925777721"
"2009-07-24","0.0319533539588418","0.0304470994754123","0.0430616841230832","0.0258130056093516","0.0776649447527281","0.0206544289022036","0.0269875277131709"
"2009-07-27","0.0506409264241718","0.0326480064363242","0.0280787882930617","0.0305950563940769","0.0774917106982373","0.0241162368991749","0.0180277393583534"
"2009-07-28","0.0319419726417299","0.0335487469538645","0.0287426431536204","0.0231070221204691","0.0453889926136193","0.0199015401863123","0.022203423775814"
"2009-07-29","0.0332635314440239","0.031929501772552","0.027035437618116","0.0225076894461224","0.0215453642524842","0.0197237648967918","0.0213851986280249"
"2009-07-30","0.0500961440560819","0.031818865385045","0.0289999115605804","0.0237172142729949","0.0217574887940574","0.0195895840765279","0.0211983026302276"
"2009-07-31","0.0341747074785322","0.0296751479781483","0.0258635580187846","0.0332319793073864","0.0235577415806379","0.019177351196483","0.0219497847371233"
"2009-08-01","0.0344888369715369","0.024225055820757","0.0252633954867627","0.0339937156462148","0.0300356015581618","0.0178316301649492","0.0230335417024247"
"2009-08-04","0.0375396516596439","0.0426890624849249","0.0207353059006284","0.0342261545790795","0.0300287158812845","0.0191048432441552","0.0225535072897537"
"2009-08-05","0.0361311529241076","0.042924067643514","0.0191225830559052","0.0360666651843016","0.0280956704141012","0.0189953880695512","0.019821702400448"
"2009-08-07","0.0364946487403833","0.0229973649110597","0.030001234412769","0.0398892308897434","0.0205683023075855","0.0205250065378845","0.0197348912610682"
"2009-08-09","0.0339553474239225","0.0250050738562041","0.0190032466366442","0.0400435438626569","0.0286644587402786","0.0211303658437678","0.0286029517917235"
"2009-08-10","0.0255339372555483","0.0385149050147445","0.0279810649084273","0.0459801689217073","0.0301123620772701","0.0180501275377812","0.0296778100111556"
"2009-08-13","0.0205286798633994","0.0194381020202718","0.0284002814939522","0.0237916471284499","0.0400276711186771","0.0164235509130853","0.0271827157324268"
"2009-08-14","0.0217692535596148","0.023185378159457","0.0274871987099378","0.0224946626053821","0.0430456868525436","0.016028805730431","0.0315786456854618"
"2009-08-17","0.0263056545562404","0.0291023044257271","0.0356756725625018","0.0229930194248256","0.106595389974035","0.0167975712229047","0.042601152546547"
"2009-08-18","0.0423485259534541","0.0256161965989177","0.0249379279821815","0.0280794459225352","0.0992587228286762","0.0165543378042106","0.0875"
"2009-08-19","0.0452800823715803","0.024259224267599","0.0425350058842408","0.0285076224659931","0.0905225554997964","0.0163074721838763","0.0996595817197747"
"2009-08-20","0.020267149337211","0.0247601465159574","0.0471566937419687","0.0296710306111527","0.0789840700901514","0.0165051597113445","0.0875"
"2009-08-21","0.023944023332337","0.0180842496960256","0.0433389898456214","0.0214468717295654","0.0736872737050915","0.0132861997122457","0.0930823123775357"
"2009-08-24","0.0189008181615571","0.0154819232329557","0.0421908834470583","0.0214077705246508","0.0672395428375456","0.0169535590905952","0.0875"
"2009-08-25","0.0214751377237669","0.0179067841060693","0.0121218880799481","0.042727220736764","0.0521825558598579","0.0169941308425482","0.052162252922408"
"2009-08-26","0.0320875091079948","0.0167253065207902","0.0159730040495698","0.038814067332978","0.0545182397749939","0.0190285555511356","0.0371364090304809"
"2009-08-27","0.0267895146038779","0.0145364250675341","0.01582014781463","0.033901130394587","0.0489221790441447","0.0267584507330218","0.0232528836712098"
"2009-08-28","0.0210264224862426","0.0142472752084882","0.0132968157381121","0.0389988961766775","0.0705936165438626","0.0316811800407146","0.022731903565673"
"2009-08-31","0.0245423163738391","0.0141326149011467","0.0126661601224235","0.104626855526981","0.049524890408468","0.028332377008217","0.0226717731066453"
"2009-09-01","0.034917614051561","0.0138062629358239","0.0124982065373131","0.104753428845711","0.0702714312481583","0.024720557720341","0.0213064414307938"
"2009-09-02","0.0551580682417995","0.012994103035799","0.0134199436500444","0.107248177095986","0.0465373419020218","0.0166630275992965","0.0228502497021135"
"2009-09-03","0.0580222627538927","0.012996044097822","0.0138108160708988","0.110022821226518","0.0840320055378293","0.0157937918391023","0.0599064504328698"
"2009-09-04","0.0567019856779893","0.0128368394612541","0.0122463749763569","0.0337463448607545","0.0746745855093409","0.0160729177670158","0.0236012670887404"
"2009-09-06","0.0347363971092366","0.0128206313508645","0.0160476958002495","0.0352207144873412","0.0465683792785207","0.0168421519562478","0.0237093164110943"
"2009-09-07","0.0586887808388669","0.0127852614956749","0.01375214220374","0.107611220760857","0.0275754515569347","0.0173292766348493","0.0296765726035522"
"2009-09-09","0.0536744324775919","0.015406199597503","0.0696145899153582","0.0336504027430037","0.0568862187784466","0.0193572371467228","0.0512571218882393"
"2009-09-10","0.0516719734229224","0.0136076641273791","0.0219416959105604","0.110066863551377","0.0514429311810971","0.0240674395834468","0.0218107702113935"
"2009-09-11","0.0511336349918765","0.01866893384653","0.0214544349178302","0.108483578154611","0.0573482612109454","0.0237640160112744","0.020287495114363"
"2009-09-12","0.0241326753704659","0.0188313013291142","0.0218653402725621","0.100346949163876","0.0539483653827062","0.0214207107245267","0.0222624158513725"
"2009-09-14","0.0178663110969039","0.0213326424546023","0.0270581568165711","0.0936148939905304","0.0645828285082998","0.0242318387360845","0.0203771544025817"
"2009-09-15","0.0177903872323328","0.0255591868377524","0.0714402148988951","0.0341429572982954","0.0717868474382858","0.0235200603272041","0.0228552327471303"
"2009-09-16","0.0183344609030866","0.0255990414266115","0.0255038330383155","0.0336369553457168","0.0301859708340871","0.0208660839893561","0.0419687614993801"
"2009-09-17","0.0244504969362927","0.0186653160568019","0.0790314081271086","0.0370599679327367","0.0255320285526371","0.0223239097377976","0.0299301032587047"
"2009-09-18","0.0207290569575024","0.0253977129175996","0.0300739591784824","0.0704060217778152","0.0327144153823183","0.0205286103200926","0.0422592833681213"
"2009-09-21","0.0194101403305404","0.0241666713946139","0.0714612169938574","0.0733591579589079","0.0290663358138199","0.0205964033854845","0.0873669690994196"
"2009-09-22","0.0189503893549741","0.0156861896261398","0.0706688735174547","0.0735978732025555","0.0385776626279511","0.0215656800244968","0.0394887794511697"
"2009-09-23","0.0237259352003026","0.0154137835746655","0.0711528378204142","0.0777801900287319","0.037702538974444","0.0219740305069438","0.0322665696190916"
"2009-09-24","0.0193478941847682","0.0183017302132434","0.0703203582526051","0.0383082250141604","0.0378349600404916","0.0197798166426246","0.0310115791154499"
"2009-09-25","0.0250739474770417","0.0140531695127263","0.018652084427534","0.0376112557792862","0.022483945581464","0.0200859099999757","0.0181207678230848"
"2009-09-28","0.0279545308487086","0.0128330437833274","0.00934562376172512","0.0962773737081944","0.0245359349519482","0.0231409395089361","0.0290580423979964"
"2009-09-29","0.0234081358686696","0.0136177379315868","0.00938998544615388","0.101699025481349","0.0252248440827208","0.0222374650260668","0.0298883930628414"
"2009-09-30","0.0239462888659092","0.0148507008132497","0.010687941692528","0.0988332694472729","0.028769444300663","0.0200198329096103","0.0299413613916127"
"2009-10-02","0.0246947399200182","0.0134299230982975","0.0107895460727885","0.0974524607497571","0.0342065833376601","0.0207065881896612","0.0316129016217756"
"2009-10-03","0.0248222443669061","0.0682550089160394","0.0152646431765061","0.0959189146860576","0.0341802782870356","0.0206032474494088","0.0277664167682233"
"2009-10-06","0.018022703282443","0.0769061198481224","0.01689786532572","0.0850782113694575","0.0192993462572254","0.0149437551033286","0.029181562852298"
"2009-10-07","0.0184768059354214","0.0766601965308528","0.0233660201201055","0.10061338218343","0.0188429014247596","0.0144653890391177","0.0288491374065529"
"2009-10-08","0.0246485972906331","0.0195264189163482","0.0182233974125404","0.0701306254267361","0.0186385486057253","0.0144399215308246","0.028710893142697"
"2009-10-09","0.0244002352982821","0.074801843083818","0.0593304848263659","0.0670247409092666","0.0189217412785741","0.0146657563637829","0.0306544940363066"
"2009-10-11","0.0243333608093657","0.0735071597203919","0.0260180511684699","0.0630169027507961","0.0184510274607983","0.018453724282266","0.0309640005193617"
"2009-10-12","0.0225406374006974","0.0686770299852652","0.0204629626462111","0.0762197741547794","0.0185163065405539","0.0152940099881227","0.031103493158202"
"2009-10-13","0.0225943734852689","0.0327289332029405","0.0239031726456996","0.123405360686943","0.0159333071506191","0.0143954250632602","0.0571606077517186"
"2009-10-14","0.0225443501558066","0.0199729034684662","0.0221141132088656","0.208839977540901","0.0179753841676575","0.0169278261144141","0.0709723275854819"
"2009-10-15","0.0221437507747815","0.0198520367466363","0.0201795480465902","0.209475700100921","0.0328226251279004","0.0166702918290972","0.0496516141469962"
"2009-10-16","0.0202338875873175","0.0200208261848047","0.020871273340786","0.212890807877914","0.0343157581633608","0.0145914994932009","0.0824395122436832"
"2009-10-19","0.0201207960262321","0.025231567125002","0.0223820878661537","0.212784926807414","0.0331622784864334","0.0175841294276606","0.071083408273136"
"2009-10-20","0.0212707027831025","0.0270105928048921","0.0249174485132091","0.209993549912944","0.0237284626583511","0.0151378970264816","0.0605027986210527"
"2009-10-21","0.0214514882855403","0.0219507530917417","0.0233603887859724","0.209651623568921","0.0240252445790506","0.0148206155979419","0.084507891665027"
"2009-10-22","0.0196158581510325","0.0256319178378993","0.0253034878552483","0.142029399956503","0.0225098026871301","0.0143253223561551","0.0364712776737545"
"2009-10-23","0.0194998502411386","0.0252795319498471","0.0280129242042273","0.122385138665305","0.0235170852954603","0.0142355697489165","0.0532060286826938"
"2009-10-27","0.0176514299076377","0.0475300620058427","0.0198133492353719","0.144900795720776","0.0233415226283736","0.0206773516759311","0.0163591962333304"
"2009-10-29","0.0212420861507516","0.020182434424506","0.0133977986580482","0.141926352392416","0.0261757793364975","0.0170874218347225","0.0166022792496362"
"2009-10-30","0.0167819488431322","0.0201733488640245","0.018845229255984","0.143164942747893","0.0262116111732199","0.0146339246149303","0.0160740904799859"
"2009-11-02","0.0282362774769519","0.0287434688127883","0.0174474221871753","0.0726727243834225","0.0223602149388977","0.0202337514030755","0.0287030796164779"
"2009-11-03","0.0284361715674614","0.0246423609618931","0.0173394476237857","0.0445569625513492","0.0222720305001096","0.019120741375106","0.0172959090598736"
"2009-11-05","0.0299767425143926","0.0196016289248422","0.018320758605017","0.0203717726264665","0.0223682028752107","0.0198573532324394","0.0174848250175558"
"2009-11-08","0.0250655007652964","0.0234264217502419","0.0193636420442138","0.0250707315746253","0.0218034325049625","0.0200015265136976","0.0152616533316655"
"2009-11-09","0.0292763611752315","0.0231557855228341","0.0191479600582755","0.0250016687995687","0.0273647598541908","0.019295058779905","0.0174319098355091"
"2009-11-12","0.0284939473919575","0.0228606910714","0.0189523651249063","0.0324911266037477","0.0250579703046766","0.0196099321211554","0.0177510364249575"
"2009-11-13","0.028022278055641","0.0227903226911384","0.0228263006069084","0.0321594597042744","0.0251273865241859","0.0179366485387651","0.0212767371412948"
"2009-11-16","0.016635894394173","0.0260371731479154","0.010692014496155","0.0289236228570811","0.0200018241046642","0.0161534690318192","0.0159730722101151"
"2009-11-17","0.0159009879568535","0.0170823191708779","0.00874201296133683","0.0298012455983207","0.0177997773325851","0.0164844825044024","0.0212779142223321"
"2009-11-18","0.0148284057609855","0.0217430876669981","0.010341461554953","0.0289313935609699","0.0151820056217964","0.05","0.0214529390609067"
"2009-11-19","0.0181602374270474","0.0214113499699226","0.00911319744712512","0.0261023858129926","0.0150692099262218","0.0149870049608312","0.026609555068765"
"2009-11-20","0.0195393858817972","0.0188304128093496","0.00870487966814914","0.030128785550682","0.0139949433770933","0.0159646396616804","0.0269299004568723"
"2009-11-23","0.0205148256627177","0.01953287076879","0.0103357964109538","0.0284844991295432","0.0136353346364948","0.0126493384418685","0.0196890735626834"
"2009-11-24","0.018642851454154","0.0210152844647995","0.0225780012271811","0.0259569805032775","0.0168327548957942","0.0127668438511704","0.0244204989957085"
"2009-11-25","0.0159320645083897","0.0199821572071796","0.0118837164389819","0.0273608929094824","0.013895325340659","0.0139322086977136","0.0238083821725564"
"2009-11-27","0.0277331912067609","0.0195810478278784","0.0123237417754595","0.027283967166393","0.0144329746823604","0.0130692688765741","0.0202213241741369"
"2009-11-30","0.0275927095579338","0.0162900297429876","0.0123912753712083","0.0267733944588057","0.0191109951773775","0.0131909411335493","0.0200596111353931"
"2009-12-01","0.0253202480872784","0.0188686140642317","0.0126692563052556","0.0268530934895047","0.0172588994154325","0.0190334135551643","0.0231625665156711"
"2009-12-02","0.0224514400101599","0.0168393330733368","0.012936939696509","0.0296062725450561","0.0205319405633235","0.0123094450926104","0.0219119468701465"
"2009-12-03","0.0174519673915406","0.019060127876183","0.013106217229237","0.33207803366178","0.0205318089771981","0.0124768976155964","0.0195572183761934"
"2009-12-05","0.0258754339036958","0.0112089189047041","0.0129941023218009","0.0265796178384217","0.0201104859089274","0.0131676408501851","0.0196609192957561"
"2009-12-06","0.0209746238183958","0.0122666718200408","0.0130831384623337","0.0204914513477943","0.0187374964619122","0.0133576374416217","0.0190359610017266"
"2009-12-08","0.0179033493642717","0.0118125991654413","0.0129905638220445","0.0205303812773324","0.018141152305598","0.0132526519452219","0.0185007779364527"
"2009-12-10","0.0180500491388223","0.0112861765711444","0.0179644235468142","0.0321544506622922","0.0176101633507379","0.01327136058113","0.0202160195825864"
"2009-12-11","0.0181998125820745","0.0132683716803122","0.0140239444591837","0.0314934450606398","0.0135760947624215","0.0131486728898472","0.0211813364947074"
"2009-12-15","0.0178462907529873","0.0106721908169933","0.0150903054082033","0.0294869338730114","0.0176051910409029","0.0131112554936772","0.0171092200201118"
"2009-12-16","0.018153866779037","0.0172937337830527","0.01770467241309","0.0262160138083089","0.0154773668334133","0.0130768613326757","0.0169065306449203"
"2009-12-17","0.0178710429094441","0.0111694483931672","0.0160881268780218","0.0257223815261082","0.0161837478746179","0.0127367806971407","0.0178242355533505"
"2009-12-18","0.0219554628041152","0.0173469413826136","0.016716609533732","0.0339896440125513","0.0164297546592288","0.0132519250351498","0.0153783142639756"
"2009-12-21","0.0180859280163696","0.0142163094075594","0.042029032955968","0.0168681646071159","0.0143501322502941","0.0130182308107997","0.0194587357935798"
"2009-12-22","0.0170900004594675","0.0113245274312198","0.0236127891025116","0.0165470009341506","0.0182163987229209","0.0124560427174498","0.0224655886082281"
"2009-12-23","0.0295996019861718","0.0114594145493653","0.0163162246923568","0.0122264272445734","0.0142724950145946","0.0119700432549869","0.0148760182063838"
"2010-01-02","0.018693068971994","0.0114395867577009","0.0159849793940431","0.00749090387226096","0.0137516220126718","0.0119130674402511","0.0160462801284158"
"2010-01-03","0.0184649927914031","0.0151670974418126","0.0234753369972708","0.00764632877257455","0.0135649881499104","0.0116429945932091","0.0182692451152824"
"2010-01-04","0.0268198301145564","0.025","0.0154709182232185","0.00673131733179825","0.0359204872371552","0.0117106642712766","0.0189622086115722"
"2010-01-06","0.0180905307624152","0.0353099174203346","0.0149801474363619","0.00646828458238353","0.0360058083338883","0.0113227357432021","0.0154284786037212"
"2010-01-07","0.0220214129369708","0.024491305125301","0.0172269292408723","0.00659878085588837","0.0368498596733863","0.0114445761512665","0.0159914722225197"
"2010-01-09","0.020767187420201","0.0165007206320095","0.0114372784742966","0.00754558574948934","0.0244061914924926","0.0126986986243811","0.0177158971449208"
"2010-01-10","0.021168681832338","0.05","0.0117151620928888","0.00742199578055374","0.0318840935623453","0.0137206150009851","0.0176850760428985"
"2010-01-13","0.0208268341542739","0.0162474448428881","0.0127874719857408","0.00755552994680117","0.0364967422840711","0.013987448105422","0.0231897136599669"
"2010-01-14","0.0294753236293684","0.0164684451255056","0.0110852088882614","0.00675653829802688","0.0230126218783585","0.0128551007061855","0.0170281497669939"
"2010-01-15","0.0277081064548513","0.0201117068573423","0.0189922525634008","0.00777627637155245","0.0288572770851479","0.011692417523615","0.0180438318270984"
"2010-01-19","0.028262089590816","0.0168717076423661","0.0253736112518782","0.0101932270451413","0.0328395907330224","0.0126464032686269","0.0171977760969113"
"2010-01-20","0.0296267782400371","0.0139855525393832","0.0174781133337993","0.00838713270687183","0.0309752683084755","0.0126957106772612","0.0175133329752444"
"2010-01-21","0.0265821433167331","0.0128730049253734","0.0189478825828913","0.00747723191097475","0.0307445781832574","0.0162368702630829","0.0225351201261048"
"2010-01-22","0.021103013030637","0.0128852075104728","0.0190658804838349","0.00680695909764885","0.0242974491871141","0.0141574376955378","0.0168240351620731"
"2010-01-25","0.020943696645171","0.0129893591652977","0.0261275203141638","0.00720009866516752","0.0476963241989255","0.0119602980615088","0.0192139261051277"
"2010-01-26","0.0216519275947969","0.0136771218747271","0.0206741156785544","0.00714040474050741","0.0488076744627404","0.0122021968433447","0.0226433524185699"
"2010-01-27","0.0227186896386359","0.0138465461159182","0.0190154031655228","0.00659685932168759","0.0441737682669792","0.0113529660929682","0.0151435087555466"
"2010-01-28","0.0150765120717593","0.0207601659661454","0.0162999074837685","0.0068675598055544","0.0591801340799041","0.0113507508067574","0.0147410338156409"
"2010-01-29","0.0138651365258284","0.0196184299768679","0.0182289007542376","0.014493188043524","0.022419377994914","0.0106012238372717","0.0142911363537067"
"2010-02-02","0.0141879600309524","0.0175009428676641","0.0208365936416799","0.0151987267795858","0.0250500365368505","0.00980448967488356","0.0150943551321269"
"2010-02-03","0.0144084030176955","0.017493385488001","0.0217595414262988","0.013302135132481","0.039095969036595","0.0101165855184194","0.0163547980184953"
"2010-02-06","0.0145301526139886","0.05","0.0206182349932246","0.0130034757433167","0.036267066491083","0.00938171142973813","0.0167795395920208"
"2010-02-07","0.014697091461381","0.0159847957592235","0.0193528466534236","0.00926015721911317","0.0325699959032977","0.0105490641935915","0.0143975531766919"
"2010-02-08","0.0148585354701733","0.0151721166891636","0.0200029564498719","0.00742346876805337","0.0310303531701235","0.00945075177710381","0.01381798588416"
"2010-02-09","0.0194720625739845","0.0227337951641397","0.0195317669015518","0.0137526524499832","0.0249775715836189","0.00925190095379817","0.0124328901768418"
"2010-02-11","0.0175281745913882","0.0232078197008233","0.0237831441557408","0.00890455979162835","0.0198771204734438","0.00906105797471108","0.0130050262064288"
"2010-02-12","0.0166633599026109","0.0224550457912436","0.0240376411298738","0.00712860491508031","0.0204634847657463","0.0100815583376292","0.0163675714984289"
"2010-02-16","0.0162857871390465","0.0224042760093039","0.0193859837667835","0.0111331218909261","0.0241383979377848","0.00943616204414315","0.0196178393742812"
"2010-02-17","0.0185542884884663","0.0214356611300453","0.0189020214556884","0.00712851381079292","0.0268938841560892","0.00942289447560045","0.0191599644648631"
"2010-02-18","0.0171729183403746","0.0165372875426889","0.0197133535783253","0.00715617214747414","0.0263833654329906","0.0115390686862394","0.0190112632713461"
"2010-02-19","0.0172947288074678","0.0155597537275873","0.0247192134035071","0.00713500924663618","0.0263992355975923","0.00976682834874948","0.0188257245685718"
"2010-02-22","0.0178259129391287","0.0119224239375708","0.0248441987212459","0.00727179094254614","0.0223219974678803","0.0127026541376283","0.0136610808573479"
"2010-02-23","0.0178173724493764","0.015636936224668","0.0246251773620463","0.0072526214219271","0.0208489497992357","0.0128862935249916","0.020191899815651"
"2010-02-24","0.0177805983180815","0.0118939807275129","0.0240842949498081","0.00753348018748856","0.0285933773716226","0.00931682708494886","0.0219776722528496"
"2010-02-25","0.0176967026126667","0.05","0.023997922439323","0.00748201156939931","0.0288819454193974","0.0130510896089398","0.025341770342822"
"2010-02-26","0.0175908183743808","0.0201898433286119","0.0206265169757126","0.00743773195143315","0.0206338465893777","0.00904859016109257","0.0217896459716743"
"2010-03-02","0.0175615411186915","0.0336737681581535","0.0201547912276456","0.00692887134351362","0.0201374378455408","0.00915318514691716","0.0211628130228575"
"2010-03-03","0.0177009085266548","0.0328954220189587","0.014819532456668","0.00693866409457239","0.0280417547796807","0.0090849232637819","0.0208130820506676"
"2010-03-08","0.025","0.0131263099273408","0.0135559619360195","0.00867623055946289","0.0281094470436273","0.00878472454016625","0.0191372394224"
"2010-03-09","0.0180161888093446","0.012522287816785","0.0234239682709964","0.00724982841341008","0.0145831330508213","0.011254717585714","0.0183611978703043"
"2010-03-11","0.0178484880406801","0.0128269136191777","0.0208268649178731","0.0147362264440944","0.0124093232655032","0.0122725695609897","0.0176023235984017"
"2010-03-12","0.0175385233220741","0.0122201360416564","0.0163106682616922","0.0126828680294703","0.0134890999887792","0.00832068821608388","0.0168771331417434"
"2010-03-15","0.0175381151066355","0.0120843046295484","0.0192153590625872","0.00917053074959369","0.0128383685031598","0.0124534510572292","0.010794016447274"
"2010-03-16","0.0186385778545037","0.0141240202913328","0.0147366946084993","0.0111649126964486","0.025","0.00869819441688009","0.0105483284862816"
"2010-03-17","0.0179646733621806","0.0146558938885708","0.0163855054749535","0.0112479738614774","0.0163413170787322","0.0111931102814447","0.0111798891937665"
"2010-03-18","0.0167746045654307","0.0108634062243058","0.0138909864401628","0.0127364790773775","0.0157435390566981","0.0109118854049322","0.0105110570017796"
"2010-03-19","0.0180796987304709","0.0134709950351092","0.0168976243766984","0.0121833838468678","0.0108045539326567","0.010717600497754","0.01061934983819"
"2010-03-22","0.0184003994529176","0.0135895259714837","0.0184451923279579","0.0101123518770814","0.0127502953223399","0.0106643116033153","0.0107285204376126"
"2010-03-23","0.0182869250884098","0.013153505727626","0.0169053240798745","0.0127248571444383","0.015471636062638","0.0127966131662018","0.00867840709773602"
"2010-03-24","0.018385548925362","0.0125540335118864","0.0169264715594619","0.0129802479084036","0.0157778650267328","0.0109031990171687","0.00926739244410992"
"2010-03-26","0.0128948882800119","0.0105086008583778","0.0184377311885579","0.0120618291639234","0.0166168010086192","0.0108434811075472","0.00954102163922148"
"2010-03-29","0.0167422912966455","0.0127896737812553","0.0183039608077848","0.0132242024054166","0.0166631626011432","0.0106051154104761","0.0094862481198941"
"2010-03-30","0.0145145205661158","0.0101785009976821","0.019163671949348","0.0128206361866579","0.0168831119647264","0.0106587104528868","0.00922689206832985"
"2010-03-31","0.0161347799236799","0.00992454891555824","0.0189169022542163","0.0118217247556299","0.0161038811731474","0.0116030608560033","0.00964279455202106"
"2010-04-01","0.0177155167274385","0.00993174136404431","0.0187608204955849","0.0126654997308984","0.0163131131968394","0.00980076211464637","0.00918802333580064"
"2010-04-02","0.0167956823933527","0.0102970815897185","0.0196032190836972","0.0156403805157525","0.0154814309280017","0.0115249813370282","0.0240039667271724"
"2010-04-03","0.0164521565901868","0.00872410981156048","0.0192280864328265","0.0125303056174703","0.0144372621759306","0.0104220287471321","0.0213466565779503"
"2010-04-05","0.0170321646073599","0.0100487343931264","0.0193047862819939","0.0131568480179686","0.0127852803502035","0.00950414660207316","0.0225885972482342"
"2010-04-06","0.0155277347054377","0.0209757137356458","0.0187795691383026","0.0137632864423532","0.0131947768137501","0.0100928566358786","0.0306871294597206"
"2010-04-08","0.01373742550223","0.028706142947067","0.0177017073876376","0.012951858527715","0.0165595303058483","0.0101563908084493","0.0639114880223041"
"2010-04-10","0.0154971919879193","0.0307540407053369","0.0209344977201906","0.0124685027608548","0.0168881730734403","0.0101520615240665","0.0880459226006709"
"2010-04-11","0.0170541914283671","0.0323601145726871","0.0218038816211732","0.0124972622966417","0.0167697351790747","0.0105609921749543","0.0769618601041915"
"2010-04-13","0.0179923085414686","0.0314146224319131","0.0209139612581486","0.0109455155191437","0.00985783138218859","0.0101965310392347","0.081756869836297"
"2010-04-14","0.0186968057979073","0.0300469770110118","0.0195006536165935","0.00897566628805294","0.00970017401994569","0.0100626549930947","0.0847504521316978"
"2010-04-15","0.0194520832478873","0.0272820633939789","0.0201574170326998","0.0110655612899143","0.00956376711836662","0.00993552813946259","0.086723394036595"
"2010-04-16","0.0190650300546937","0.0288773150285126","0.0215431395298628","0.0118382656144974","0.00949847028984101","0.00991963879782253","0.0789197571788292"
"2010-04-19","0.0199742470939776","0.05","0.018412619196651","0.0124126263316756","0.0106168613852522","0.05","0.0583783871471219"
"2010-04-20","0.0200736215306735","0.05","0.0124731372202903","0.0119090046743322","0.0106157532675768","0.0114967899408541","0.0516740564733957"
"2010-04-21","0.0207919118515924","0.0358262878685579","0.0169358709327113","0.0123769108687519","0.019615152990962","0.011438579290196","0.102466518062686"
"2010-04-22","0.0204413935742699","0.0120986411715789","0.014218040986221","0.0127201602402202","0.0210936974301462","0.0114145460800705","0.0632463431403402"
"2010-04-23","0.0206130685418477","0.0124527207696492","0.0175040919938876","0.0128226210687563","0.0183543048519398","0.011373323668176","0.0656444382597838"
"2010-04-26","0.017115639037543","0.0128845180842037","0.0174801485718737","0.0140234027999047","0.0178812454888843","0.0113205323545829","0.0533097974890762"
"2010-05-01","0.0194492402067628","0.0114222307316092","0.0156732161121595","0.0149242412610814","0.0189329849024317","0.011276451910967","0.0534401641840381"
"2010-05-02","0.0199573587599224","0.013221001536732","0.0157768948355578","0.0181524902391488","0.0184689705643646","0","0.0594604271994096"
"2010-05-03","0.0193997663526099","0.0224223305550344","0.0174219164486691","0.0204178469635761","0.0189635323946632","0.0109863256313121","0.0545182333320881"
"2010-05-05","0.0173302794831029","0.0788235113697418","0.0242733663940554","0.0240163817704003","0.0187300690191118","0.0109590331617633","0.0558522089415537"
"2010-05-08","0.0174958191247089","0.0202553011501616","0.0149088467307854","0.0186241040796572","0.0142921617558583","0.0113030970854208","0.0620150558138439"
"2010-05-10","0.0172443733170168","0.0248951896081874","0.0186105081942289","0.0188878097490622","0.0142486222040683","0.0115055811807914","0.0625"
"2010-05-11","0.0269321039318442","0.0128017249825262","0.0230100670604509","0.0184832195322967","0.0184147399126203","0.0123057596119312","0.066909975191824"
"2010-05-14","0.0299697617677613","0.0300664707451032","0.0219481566622127","0.0193980842711768","0.0157417585933756","0.0136307536499395","0.0372758459084005"
"2010-05-17","0.0296742893772239","0.0241418487035957","0.0206759855514659","0.0186576771349437","0.0163749211406666","0.0116216376615625","0.0279350396364421"
"2010-05-18","0.0294836216414826","0.0242431104900996","0.0142589297066155","0.0103895977574775","0.0158236660890111","0.011683932912447","0.029165339949909"
"2010-05-19","0.0194184377656953","0.02555","0.0188938378730278","0.0104704477772179","0.0183034387828948","0.0115624053696645","0.0391446753786487"
"2010-05-20","0.0188624712964135","0.0335185819669675","0.0198094086565835","0.0128234944552336","0.0175897262555896","0.0625","0.0402140030648654"
"2010-05-21","0.018968494136332","0.02555","0.0222059890908905","0.0151323591735705","0.0163204135218219","0.0117719391079961","0.0469519668742243"
"2010-05-25","0.0190116791554793","0.0251920437580544","0.0162746330839084","0.0103893469517789","0.0170767395069815","0.0121166547501751","0.0915489551297174"
"2010-05-26","0.0195346318969912","0.0326969420745631","0.0167878256701555","0.0165800976356992","0.0597499085764735","0.0115131786093812","0.0507465057179161"
"2010-05-27","0.0197121527209912","0.0289701682652335","0.0158861985504963","0.020510863066308","0.040704918480725","0.0115141226626528","0.0211066390078894"
"2010-05-28","0.0206806554699136","0.02926227265186","0.0128020179576947","0.020677727636592","0.0539310321080762","0.0114602240689736","0.0199853647667765"
"2010-06-04","0.0207995316128232","0.0294695124468257","0.0157389890579732","0.0216877970456814","0.0547253430579168","0.0115390417991751","0.0513706880237243"
"2010-06-05","0.020619105931769","0.0299824193702887","0.0198065466504457","0.0223063733617411","0.0625","0.011564179212432","0.0551840070400168"
"2010-06-07","0.0207592468356416","0.0290335669862133","0.0257122119253851","0.0210425698584884","0.0625","0.0122343759459074","0.0390980308915471"
"2010-06-08","0.0200020254383124","0.0281352738703892","0.012570675814086","0.020953323592441","0.0300508223662116","0.0142724883345558","0.0539222922194028"
"2010-06-10","0.0209001663210212","0.0293335355738141","0.0126456776361203","0.0226208000690405","0.0578832435535681","0.0115496216022932","0.0244305680937856"
"2010-06-12","0.0205701889469633","0.0296808479125351","0.0128995147529368","0.0238388897799117","0.0595261142835449","0.0130902704341726","0.0551823840800124"
"2010-06-14","0.020681797352554","0.0218590390458696","0.0124144144162215","0.018260911229717","0.0582577966429585","0.0117045101440727","0.0455242326078266"
"2010-06-15","0.0199143067980161","0.021281550642652","0.0178432122943623","0.0175667813695126","0.0375","0.0117637813399964","0.0304570854886218"
"2010-06-16","0.02401117325195","0.0203062989563525","0.0177330125142242","0.0200757517083117","0.0294356734141279","0.0132629326725789","0.0375"
"2010-06-17","0.0206970625866141","0.031599705678014","0.0145727920918215","0.025040047453465","0.0289825698220409","0.012451833227651","0.0577133977471045"
"2010-06-18","0.0205598101356046","0.0335275198733023","0.0200482065538907","0.0224358328539761","0.0660634168701364","0.0145502767538478","0.0583973105043964"
"2010-06-21","0.0208040363624651","0.0356801614330006","0.0207181070282978","0.0375","0.0340052079665219","0.0154067620534803","0.047796211242584"
"2010-06-22","0.0200975407260766","0.0379683251047791","0.0142974081579353","0.0213037519353016","0.0603116120430436","0.0124284107351102","0.0508711806850415"
"2010-06-23","0.0205607890836935","0.0401211050426209","0.0152719926454137","0.0172935183523129","0.063887297688096","0.0122808179030904","0.0401830711427081"
"2010-06-24","0.0205277840116401","0.0433148059951476","0.0136476794824318","0.0171674248196557","0.0375","0.0122077603059523","0.0401856534295593"
"2010-06-25","0.0206987429966809","0.0143607730586592","0.0254726677705749","0.0205414593713789","0.0400927190673688","0.00860523389963288","0.0375"
"2010-06-28","0.020484233818989","0.0124415878224344","0.00857337102444718","0.0279276007195606","0.0375","0.0103227563936031","0.0380451490456154"
"2010-06-29","0.0201899678441824","0.0133441306121464","0","0.0207349610986229","0.0375","0.00880735789971229","0.0542879275299904"
"2010-06-30","0.0201695246254648","0.0167286277812214","0.0133568766556615","0.0295836006039215","0.0375","0.0105010532812759","0.0240978698044644"
"2010-07-01","0.0203405639257844","0.0150363341006581","0.0163226484950215","0.0289745845020684","0.0969180609896933","0.0105494069573643","0.0147394383461353"
"2010-07-04","0.0199754408456258","0.0182525833596815","0.0161015858044355","0.0276806074614468","0.0334371842819259","0.0105560014122442","0.0162899973450607"
"2010-07-05","0.0190467913000586","0.0142807779727794","0.0154697678796432","0.0191946332293391","0.0588896420888045","0.00894416901004266","0.0222360198204435"
"2010-07-06","0.0184836815933554","0.0148644322199933","0","0.0254850361004277","0.0653417529575309","0.00990045963914233","0.0190257945389184"
"2010-07-07","0.0197160291068025","0.0132590106658352","0.0153111973731856","0.0194199260356311","0.0250291770463915","0.010243707537347","0.0269058999716209"
"2010-07-09","0.0203259982038788","0.0134520231006132","0.0159415815249521","0.0156700784357786","0.0267683810692667","0.0127662670676152","0.0217192589186165"
"2010-07-10","0.0197336555581571","0.0134058873989344","0.0145651037928271","0.0185565523070951","0.0285311319410077","0.0131028958975795","0.0146296141502844"
"2010-07-12","0.0195721622646351","0.0136132241756072","0.0142344773903896","0.0186180964816848","0.0283804849594914","0.0129190190940758","0.0149728420464243"
"2010-07-13","0.0197271096237002","0.0134212672247494","0.0144826731711871","0.0180094230586976","0.026009316810851","0.0188606190943266","0.037947657312607"
"2010-07-14","0.0234756742317153","0.0140936622171826","0.0109284627636303","0.0178151320784596","0.0272182294350545","0.0141948139006943","0.0375"
"2010-07-15","0.0231001342020472","0.0136595174040264","0.0151436238672565","0.0176646503726295","0.0231721090505729","0.012735137416286","0.0375"
"2010-07-16","0.0219172103632537","0.017504545734111","0.00944148359772773","0.019100936598319","0.0230778979384927","0.0120592823765714","0.0375"
"2010-07-19","0.0219746157581762","0.0116256775595632","0.0101937407108207","0.0194347152235944","0.0292159174265657","0.0107037637481346","0.0161443583244018"
"2010-07-20","0.0220162908269328","0.0169124885786757","0.00983590981787981","0.0192386385233462","0.0310106755380519","0.00903588217429412","0.0172599731426408"
"2010-07-21","0.0214598936356113","0.00996537130692363","0.0114881730526231","0.0219726552746847","0.0205711166061016","0.00996153604548202","0.0436532520173395"
"2010-07-22","0.0212260089089791","0.0150453851279795","0.0113141223186098","0.0233582935192706","0.0275986454864011","0.0100255456362638","0.044524926448222"
"2010-07-23","0.0212446770684626","0.0124396328708177","0.00945502524745009","0.0244386455636433","0.0305116867266933","0.0113756788831477","0.0441429524001971"
"2010-07-26","0.0210847556043031","0.0124742654328826","0.0126148359860023","0.019398390954639","0.0322203002964351","0.0114568433409602","0.0454071998955105"
"2010-07-27","0.0210532379215371","0.0106646650070525","0.012499328482381","0.016219018028165","0.0303337807827111","0.0117859807469013","0.0458827214690626"
"2010-07-28","0.018018779719764","0.0129069111914914","0.0157452102761069","0.0154708953989209","0.0347782181524748","0.0149107912507443","0.0176779626795137"
"2010-07-29","0.0180213254150732","0.0185118552356671","0.0123781583789743","0.0242219335730195","0.0316150561249698","0.0150558262335811","0.0146752678522486"
"2010-07-30","0.0235226540242439","0.0158181298721695","0.00799401279860922","0.0237647236606719","0.0379773472161537","0.0100867813793279","0.0168448059266701"
"2010-08-01","0.0215630720050167","0.0156107317016127","0.00795420036418587","0.0159123745496267","0.0632821381922889","0.0100781477839686","0.0174372854860356"
"2010-08-02","0.0208172047990578","0.0150448025037749","0.00984873307992903","0.0138293364833146","0.0718877170246848","0.0151966047401826","0.0375"
"2010-08-03","0.0180113251242891","0.0162180990303911","0.00977865202636202","0.0127290519917878","0.076983165840332","0.0155356597888382","0.0375"
"2010-08-04","0.0186694867016228","0.0172047886253764","0.00787837962886069","0.0122889547725581","0.0788866593542061","0.0159129091756823","0.0375"
"2010-08-06","0.0256363369164296","0.015170427917877","0.00722135050575048","0.0234859825282107","0.0671808504438097","0.0109957401046903","0.0375"
"2010-08-07","0.025738134639788","0.0140824722018336","0.0164535533756842","0.0168341929199721","0.0706604935872107","0.0109226162744768","0.042342291263874"
"2010-08-09","0.0177178251771099","0.0157133392862682","0.0162477142451732","0.017294884440484","0.0772822465512926","0.0100553812703208","0.0396692585935862"
"2010-08-10","0.0180574230754689","0.0169756137270009","0.0170059394578953","0.0185022558362756","0.0862652802356054","0.011247869556244","0.0375"
"2010-08-11","0.0180451871048896","0.0176711976537597","0.0176073939594449","0.0185800507365037","0.085824642384472","0.0109228431474992","0.0441190354538899"
"2010-08-13","0.018482421305981","0.017107500419757","0.0173037532988921","0.01817750145946","0.080638030808279","0.0113509678994348","0.0430845626938857"
"2010-08-16","0.0181460150008265","0.0198362315467267","0.0170851677330542","0.0356788339394514","0.0868518396073711","0.0110623800942449","0.0375"
"2010-08-17","0.0170302624460542","0.0203580974701567","0.0177791315594177","0.0162572223451928","0.0857518954087629","0.0100453649144158","0.0375"
"2010-08-18","0.0172396819403941","0.0398392926528066","0.0118563530002703","0.0140088086974761","0.114457170372463","0.010272784319868","0.0277462606465983"
"2010-08-19","0.0175060904382506","0.0184902774103912","0.0119523942798041","0.0162367502266482","0.0610864823654986","0.0125","0.0202840429046259"
"2010-08-20","0.0175372166252327","0.0181348183483441","0.00925758998932476","0.0178559114272828","0.0610460063577041","0.0125","0.0419709040308634"
"2010-08-23","0.0165314379637116","0.0169008791016869","0.0161254377041462","0.011807191125619","0.0791386599355582","0.0144411955986918","0.0361671647532576"
"2010-08-24","0.0166833582967187","0.0179493197015439","0.0179602968545973","0.0160092159384334","0.0795581507337149","0.0140723308521614","0.0348147645933304"
"2010-08-25","0.0177430483807524","0.017417670692788","0.0125","0.0158708648401845","0.0752675061489732","0.0125","0.0313850357142827"
"2010-08-26","0.0147312008610642","0.0167262093635159","0.0149991221710913","0.0163841852911525","0.0355855995442541","0.013973013528204","0.0115331203072269"
"2010-08-27","0.0154263484227615","0.0158407888047328","0.0157322539064707","0.0181336037099949","0.0383374097757144","0.0136619396150706","0.0125"
"2010-08-30","0.0125","0.0160322242558814","0.0125","0.0179405555309464","0.03799011288108","0.0138167951836826","0.0156312660961732"
"2010-08-31","0.0139771884767666","0.0168834377410189","0.0125","0.0207060323709602","0.0354782257869034","0.0103419736099616","0.0155896110594629"
"2010-09-02","0.0142110943371299","0.0168831746023711","0.0125","0.0193752859265723","0.0390479157670445","0.0141890471689601","0.0156721908860447"
"2010-09-03","0.0158615344749045","0.0203832033572194","0.0125863669416726","0.0179733041857466","0.0443023034678823","0.0134568856624512","0.016115722342055"
"2010-09-04","0.0162071842578632","0.0197712474653975","0.00928389935591507","0.0156485525783411","0.0379474399591101","0.015938463379465","0.025931727925795"
"2010-09-06","0.0161272503417215","0.0203758504585707","0.0102048431074981","0.0160377029548691","0.0384014139887859","0.0161282151650395","0.0294204198467825"
"2010-09-07","0.0162526956574554","0.0217056990849326","0.0125","0.0149194296383506","0.0410654977020097","0.0219092783304833","0.0266091033495492"
"2010-09-08","0.0138904036337671","0.0214124281864453","0.0141096658196298","0.0156314086952791","0.0428791015412992","0.0477482077283471","0.0179197724673114"
"2010-09-09","0.0153049458420734","0.0174818581044787","0.0257059584220462","0.0159549473252808","0.0184799019927206","0.0426033363176072","0.0149740634472743"
"2010-09-11","0.0180312535477086","0.018136658937994","0.0145930234134573","0.0205359678150252","0.0180367352078625","0.0125","0.0256625092530468"
"2010-09-12","0.0163946528106803","0.0166130348806752","0.0149111316439793","0.0225428076818569","0.0749309149615932","0.0300378827406311","0.0258749247844349"
"2010-09-13","0.016430824177137","0.0172732232590042","0.0125","0.0181017204588367","0.0193240348008516","0.0280436810316832","0.0257265985665239"
"2010-09-14","0.0164491671171991","0.0172992374990462","0.0125","0.0195852279157821","0.0207016862235387","0.0131875100366769","0.0218292160241899"
"2010-09-15","0.0158288433743482","0.0168843362590124","0.0125","0.0261752070291075","0.0875864202911608","0.0159756167643387","0.0232629081442121"
"2010-09-16","0.0179706346146881","0.0398404825082217","0.0125","0.0213798808508161","0.0846827279887997","0.012907176917483","0.0175537201633143"
"2010-09-17","0.0178461978592702","0.0384116396865184","0.0125","0.0210277636287145","0.0796386608079601","0.012615902813412","0.0233446908265318"
"2010-09-20","0.0178800417204307","0.0395719278185444","0","0.0210934525556455","0.0152663169521184","0.0164782416027517","0.0228169241076783"
"2010-09-21","0.0172670545289661","0.0467111552892939","0.00657604650075715","0.0209345082426997","0.0149445354608963","0.0132396756129663","0.0227726263368243"
"2010-09-22","0.0159393725435251","0.0195292375956692","0.00886100803688439","0.0211259877576825","0.01484","0.0119429666404813","0.0180025608729209"
"2010-09-23","0.0160098518830781","0.0399945663257537","0.00356033418109499","0.0210822355825765","0.0709706732744999","0.0164543320470873","0.0148186605440294"
"2010-09-24","0.0168554600791732","0.0152949651191256","0.00319175511811679","0.0207174716876851","0.0812989481705687","0.010966719511923","0.00992031067990708"
"2010-09-27","0.0170607651716321","0.0157248130320193","0.0147056285820953","0.0167284976258025","0.0823934477413504","0.00913826957742717","0.01249413038494"
"2010-09-28","0.0170599735865852","0.0154910383486766","0.014918725210232","0.0196152737679617","0.0818687966410681","0.0085573105323794","0.0138215229292182"
"2010-09-29","0.0184316431089704","0.0167943264072077","0.0204321629926018","0.0192197564108589","0.0205375976442789","0.0136645609490097","0.0112667275698108"
"2010-09-30","0.0164723253603727","0.0160057002907094","0.00862316651952807","0.0198912842237898","0.0184846624017666","0.0165994534766127","0.014918220406282"
"2010-10-02","0.0183896238590648","0.00957904495536053","0.011822767486874","0.0195653731420479","0.0188207902071823","0.0121477307110978","0.0120029990655083"
"2010-10-03","0.0153987269088923","0.00934656597373682","0.0150402661728877","0.0143605293118939","0.0190714485572669","0.0101777157479882","0.0184764864714748"
"2010-10-05","0.0160533486437348","0.00976147011702917","0.0165743039430724","0.0144934662419942","0.0155863652013728","0.00990864962350979","0.0176008632342879"
"2010-10-06","0.0218328984658507","0.0101632317707031","0.0148733430255886","0.0156054207358494","0.0169669096776801","0.0150597361051055","0.0166769685904645"
"2010-10-08","0.0220131593638529","0.00885376035062585","0.0119926491548544","0.0146803288538763","0.0218191558520851","0.0150416668019595","0.0165753724653841"
"2010-10-09","0.0226974898366954","0.00993590360800306","0.0122633708911211","0.0157462724372343","0.01916","0.0147707393442557","0.0176106055881979"
"2010-10-12","0.0239036536504307","0.0108719137373502","0.00365909089851951","0.0152194241026011","0.0222230808477823","0.00990039924938138","0.0117288124519825"
"2010-10-13","0.0225907482529855","0.00993579655416511","0.00431518465089908","0.0132465370407842","0.017275","0.0228845470304285","0.0111470627342076"
"2010-10-14","0.0224794628673306","0.00942368340788834","0.00507706680696924","0.0127145068366818","0.0172570776624003","0.0072257575425492","0.0113165326909636"
"2010-10-15","0.0150376966943972","0.00964259804091815","0.00755385343090373","0.0128875542720616","0.0183148678243294","0.0151661569945609","0.0116323598145369"
"2010-10-18","0.0198751539174039","0.00978214812545655","0.0147493664557109","0.0072833628684504","0.0202487721140411","0.00722342598512619","0.0186039662741089"
"2010-10-19","0.0191061024257623","0.00987562220744475","0.0150718322174266","0.00956929901286394","0.0200549045777659","0.00721189370905793","0.0208775931646092"
"2010-10-20","0.0176929326503941","0.0100338117548183","0.0211658175370212","0.0126983079736526","0.0177047837573983","0.0122987320373064","0.0164690621457459"
"2010-10-21","0.0166807026045048","0.00999190631531267","0.0213927260929171","0.0130902772647206","0.0200787488326316","0.0128124617023981","0.0263827819220436"
"2010-10-22","0.0164911034209055","0.0100596949442719","0.0212450318547561","0.013028503376359","0.027210342442169","0.0102315086602941","0.0374516127274697"
"2010-10-25","0.014791140941724","0.00986393616665574","0.0150437966691421","0.0127854411301899","0.0292886166633109","0.0118923684307016","0.0146125170415191"
"2010-10-27","0.014449365081826","0.00949464028592591","0.0149779354263751","0.00927315996235521","0.0190457629165992","0.0110312224131058","0.0149345386368433"
"2010-10-29","0.0146215156567185","0.00992706401896866","0.013127380623192","0.011185376237081","0.015135121324027","0.0121437207233367","0.011866825207472"
"2010-11-01","0.019136964686459","0.00930539254845019","0.0175164956691734","0.0122050081683855","0.0305452617736","0.00795847207752115","0.0099983600798152"
"2010-11-02","0.0150480276653992","0.0126027029428747","0.0158929063365035","0.00822107685893187","0.0248175816925572","0.0091195257912251","0.018844748321689"
"2010-11-03","0.0139424896285676","0.00878102258668277","0.0100013385794107","0.00784182554782901","0.0101588419328562","0.0111219678462623","0.0121338480793672"
"2010-11-05","0.0140170723181698","0.00879399083169408","0.00932755051374375","0.0081552829347206","0.0096425729102448","0.0116229104765852","0.00991016046710271"
"2010-11-06","0.0168761128148112","0.0115218185267882","0.0127393194279298","0.00679523672443011","0.0101521711873216","0.0100533225123199","0.0124239410280686"
"2010-11-08","0.0168295387752317","0.0115148673693711","0.0141502051355281","0.00997912755537539","0.0133230601823124","0.00920538827068787","0.00865369214242169"
"2010-11-10","0.0169662420705243","0.00865754894358864","0.0149871960579924","0.00910988994784844","0.0098861089285425","0.00725545087564543","0.0105817475375331"
"2010-11-15","0.0173261268238006","0.0150930990448958","0.0181238955044546","0.00887592161777783","0.013010464491075","0.00707190141578852","0.0106122968154601"
"2010-11-16","0.0180608047962011","0.00927532512932627","0.0143131335471126","0.0148300845572932","0.0127133371914628","0.00755862684604932","0.0271920116025548"
"2010-11-17","0.017630033026652","0.0115181468749211","0.0225935005686867","0.015035","0.0133734439103369","0.00903215225581698","0.0265095292535643"
"2010-11-18","0.0156529175508233","0.00879508007140627","0.0227426389799456","0.010861400867683","0.0141212138430968","0.00768727487675702","0.0253563846688816"
"2010-11-19","0.0153689276884685","0.0123840405235139","0.0241769714593742","0.0142510533072849","0.0120130048717965","0.00725540292479446","0.0250037312162756"
"2010-11-22","0.015484065745773","0.0119227747071061","0.0140464107712526","0.0156005421680454","0.0144419723576505","0.0100178462760164","0.0188449048066858"
"2010-11-23","0.0153549941532306","0.0084657434509969","0.0167933851031738","0.0126069927079817","0.0171332063898926","0.0100312369557728","0.0218936853517694"
"2010-11-24","0.01502643441704","0.01484654474579","0.010441832808228","0.0129899820490615","0.00903416446762478","0.0103452486660314","0.0218353029772821"
"2010-11-26","0.0151936535848235","0.0149217597050293","0.0123763372575734","0.0141613260453687","0.00875092186114301","0.00814966300370823","0.0224633608224307"
"2010-11-29","0.0149170891771199","0.0227663400784496","0.0147009117317862","0.0248131785094938","0.0074681511288449","0.0120138248261164","0.0198033586362159"
"2010-11-30","0.0148944993995409","0.0414922010815964","0.0124153944517012","0.0252661582489059","0.0294304725020853","0.00803587916080978","0.0111217244653019"
"2010-12-01","0.0146328892991296","0.0160090075808354","0.0147267475738409","0.0236886940496962","0.0300493778375521","0.0102852380472219","0.0119890566889287"
"2010-12-02","0.0147739305754365","0.0158540040883129","0.0161822730464683","0.0230947846167381","0.0314776214331577","0.00879432656866708","0.0177083181026237"
"2010-12-03","0.0124505016251921","0.0158277853856576","0.0160930143391408","0.0234236210811899","0.0318625094753711","0.00892341958778402","0.0188537006372679"
"2010-12-04","0.0119615373889479","0.014922416871304","0.0179741456118618","0.0180136004217442","0.0327605243950041","0.00755587183183383","0.0147153792846417"
"2010-12-05","0.0146127217866771","0.0143134793345939","0.0290582685423733","0.017880749721902","0.0322440097560025","0.00803150085632529","0.0146545426071585"
"2010-12-07","0.0127370713100351","0.0140272052829052","0.0260616046578987","0.0195290423759519","0.0489147297653863","0.0078795601834712","0.0127369692295043"
"2010-12-08","0.0149250583582472","0.014173416219638","0.0154713453049819","0.0168893349184483","0.0495998731923865","0.00779231222528344","0.0120016167062949"
"2010-12-10","0.0149604001977779","0.0120427276009915","0.0155702722047933","0.0176248141202356","0.0535739461538267","0.0068920917803211","0.0120657191780542"
"2010-12-11","0.0133507135641647","0.0204667054794014","0.0153584634196889","0.0148185703761969","0.0502883811690057","0.00786997688203755","0.0121348632874819"
"2010-12-13","0.0146886715230311","0.0294688769688056","0.0138556564381331","0.020674607407588","0.0462150180738991","0.00842109733478618","0.00933230134274759"
"2010-12-14","0.0133756896048436","0.0367820349780682","0.0135229030817683","0.0165678915727376","0.0423583106854689","0.00852652066225222","0.00913452035670455"
"2010-12-15","0.0139433223771523","0.0166198666994621","0.0121992167652941","0.0167558514743146","0.0442055307259391","0.00827905066273947","0.00772997909839841"
"2010-12-16","0.0131378897352456","0.0164204693020021","0.0121628732981393","0.015978682718397","0.0362670281674324","0.00827478708879119","0.00899576204799757"
"2010-12-17","0.0144493914963591","0.0176616489878067","0.0166399332960441","0.0157224394784346","0.0366517753134218","0.00824708741161193","0.0118753237818251"
"2010-12-20","0.0145743434578753","0.0267456762455856","0.00969532096867009","0.0194490677590712","0.021961858114109","0.00705400615226996","0.00758921393836737"
"2010-12-21","0.0167249314701947","0.0373649591570064","0.0149090194951286","0.016130992112093","0.0119634902035845","0.00679564064076355","0.0109448790947202"
"2010-12-22","0.0177320807772154","0.0377926615935237","0.0148510099740604","0.0143635102065631","0.0174128394626954","0.00719834337255297","0.00780024795743479"
"2010-12-23","0.0177326974484164","0.0282271078070896","0.0148153364115522","0.0144478796858586","0.0184762639729834","0.00814183754269997","0.0112278634820658"
"2010-12-27","0.0174402079209263","0.0391305716691806","0.00992976713782644","0.0193891762241292","0.0180701170250973","0.00813779291873262","0.00488889135743598"
"2010-12-28","0.0164025102476383","0.0389568376978619","0.00942000529775845","0.0256581322954597","0.0186586512409773","0.00815137073726457","0.0112011941516177"
"2010-12-29","0.0163561884083372","0.0517142200759459","0.00926184154904228","0.0256352090011078","0.0181981364511788","0.00819734822822659","0.00541067171182781"
"2010-12-30","0.0161019368202049","0.0509501905788695","0.00894567110943161","0.025958836204396","0.0180469749374046","0.00861704781874455","0.0107918347994993"
"2011-01-02","0.0160371780189068","0.0273087368084363","0.00887604687165908","0.025395842658478","0.0183293105392922","0.00834232628216535","0.0113409273867749"
"2011-01-03","0.0162246250534101","0.0277785382327281","0.00988026979413842","0.0237678788068127","0.0191376957248992","0.00878064971508445","0.0117727810634853"
"2011-01-04","0.0164079030266593","0.0158100338795133","0.0106446486751452","0.0183327824626426","0.072827022824402","0.00882041276716012","0.0116944476109237"
"2011-01-06","0.0164399093226581","0.0298626908940726","0.00985633797403374","0.0239432504672501","0.0334870506631114","0.00860639611908413","0.0122876049592412"
"2011-01-07","0.0155605654993483","0.029290106450095","0.0126242406052911","0.0128689800400155","0.0339325866725708","0.00836128919687831","0.0130232236734101"
"2011-01-09","0.016271926343265","0.0320824564153339","0.0119660918241572","0.00804417881772511","0.0216399774860474","0.00882671657781917","0.0129969686499473"
"2011-01-13","0.0153732688946746","0.0343948566099504","0.0138644297232184","0.00798645955154707","0.017475191210465","0.00894137398435864","0.0126206922441999"
"2011-01-14","0.0147715583368996","0.026416550394574","0.0133940463994252","0.00821873328462472","0.0310180931601328","0.010727918889384","0.0137696449492651"
"2011-01-18","0.0160430520571138","0.0343952159952858","0.0124665899369613","0.00831542845275624","0.0222895345096791","0.0105590562631664","0.0134551001364189"
"2011-01-19","0.013867168391702","0.0134946238324615","0.0114283059254074","0.00843891527510156","0.0251931008266507","0.00999475259408055","0.0136912276570297"
"2011-01-20","0.016768384424167","0.0154600195278524","0.0100938330421057","0.00851178033441616","0.00892402047013942","0.00923363618300576","0.0145203002619584"
"2011-01-21","0.0151501030130894","0.0108137022781701","0.0101138926702253","0.00964625860582675","0.0105953533561444","0.00922032940738811","0.0152002663727723"
"2011-01-24","0.0155967708870069","0.0104229629697229","0.0138833528800239","0.0118234499738034","0.0113323813054714","0.0106037196043213","0.0148319359218404"
"2011-01-25","0.0179027033929478","0.0173497573090386","0.0112963375275693","0.00925362031942822","0.0112314879055448","0.00922177944718657","0.0107846505808964"
"2011-01-26","0.0161032962962232","0.0345684074495465","0.0113187312757956","0.0123168286998117","0.0247707616312059","0.00953516500235439","0.0101175527574798"
"2011-01-27","0.0169662126950366","0.0288830711810868","0.0113576642948832","0.0124116897174571","0.0177399341137862","0.00953886668812737","0.0156345416943947"
"2011-01-28","0.0163445259047742","0.0225196143037799","0.0127027564124221","0.0123640757359775","0.0156909104596185","0.00963491930741007","0.0170652850231603"
"2011-01-31","0.0171598006076937","0.0270624807799585","0.0113269069313381","0.00923381793191831","0.0152810368442638","0.00964096249919634","0.0201614664388086"
"2011-02-02","0.0151011291052344","0.0281983659373864","0.0116786771923129","0.00885560206502283","0.0142706016723779","0.012117445397752","0.0197145989937246"
"2011-02-03","0.016805034329709","0.0429790794823473","0.011578770046993","0.00889365594130717","0.0101574535796623","0.0120844831876577","0.0189648849853452"
"2011-02-05","0.0169903526880724","0.0188776963286076","0.0115443028152161","0.0128484988094893","0.0153331260084403","0.0142291174217178","0.0184829100200533"
"2011-02-08","0.0175882395125767","0.0210279068082101","0.0115215947631341","0.00964717738047858","0.016993813198043","0.0101933890326936","0.0187585197734343"
"2011-02-09","0.0168364253282038","0.0186049191859906","0.0114650758752915","0.0101110168491915","0.017559905626082","0.0123757977971413","0.01320130576636"
"2011-02-11","0.0181593078676609","0.0272168556831406","0.0119201977126589","0.0210445229802054","0.0176594064286005","0.014441065476792","0.0227682372315418"
"2011-02-12","0.0178091579283377","0.0251474359965004","0.011224046335597","0.0199252324439898","0.011047656631846","0.013397714068746","0.0162652806629046"
"2011-02-14","0.0181564542908731","0.0266094896783998","0.0113194122621034","0.019323068413982","0.0110806788234467","0.0125872103432361","0.0201138662458324"
"2011-02-15","0.0178427059824296","0.0278162344355063","0.0115358093069994","0.0202542132896484","0.0107444986218475","0.0157682457491881","0.0306832519905771"
"2011-02-16","0.0178053600096537","0.0284050591169474","0.0115447088576548","0.0185010275806175","0.0107665139439872","0.015214016397907","0.0286783063398996"
"2011-02-17","0.0177816476491147","0.0257561505678706","0.0113046517487918","0.0193022394108471","0.0105453000836897","0.0133681847183954","0.0245766547547124"
"2011-02-18","0.0179803086321246","0.0265671875560027","0.011320535404797","0.0184591724515872","0.0145374158065876","0.0139589733728891","0.0251644055922904"
"2011-02-22","0.0182783551432071","0.023694709729736","0.0115911224966231","0.0175997216214273","0.0112003427754252","0.0137286111100382","0.0262351587269286"
"2011-02-23","0.0182262163488543","0.0243250100662309","0.011445345858501","0.0182567558896292","0.0110867473077804","0.0219119872371652","0.0251460096001759"
"2011-02-24","0.0182398734268352","0.0273318526254322","0.0116728450597876","0.018107303235636","0.0137526970932443","0.0213011704808866","0.0253081594693809"
"2011-02-25","0.0181208829079995","0.0278434886945766","0.0113828661608196","0.0173402318265333","0.0142334680502962","0.0160234227566726","0.0202385485189404"
"2011-02-28","0.017528656713245","0.0290198477510783","0.0111606757629915","0.0176397198002522","0.0118137714620361","0.014132782163576","0.0179402395515026"
"2011-03-01","0.0160992352181734","0.0258153464787508","0.011201990565626","0.0145013257605971","0.0111140178706043","0.0132294882224394","0.00862901984654696"
"2011-03-02","0.0171287792745195","0.0262736376327081","0.0113992732989266","0.0148935322783961","0.0113424603877644","0.0131618994541306","0.0167880561791747"
"2011-03-03","0.0175729920028052","0.025762111055346","0.0117084170926285","0.015850615449405","0.0106870863340672","0.0125216557794244","0.0147333847179239"
"2011-03-06","0.0162247358118676","0.0261491194694523","0.0111665942857043","0.0161841564705673","0.0103723986534687","0.0138678209865146","0.0146616930108373"
"2011-03-08","0.0117050138292969","0.0247672901529691","0.0107213004809145","0.0145155924214408","0.0102742920863602","0.0190431330774323","0.0204660870111405"
"2011-03-10","0.0152950248507955","0.0315757050710488","0.00958411960774031","0.0152304490198582","0.0122342955931479","0.0138656616156935","0.0150354038876574"
"2011-03-11","0.0119884871167996","0.036287898925488","0.0104257304957658","0.0145258408830347","0.0182287543823433","0.0141309401004354","0.00749297465941001"
"2011-03-14","0.0171473668045489","0.0252155400208048","0.00938535696758684","0.0142037754280905","0.0112378096428291","0.0137982124682971","0.0189598061579882"
"2011-03-15","0.0180456164543113","0.0281115840409797","0.0103744978119661","0.0145597221013867","0.0132789395358954","0.0129288911902959","0.0328032489087059"
"2011-03-16","0.0195596868927817","0.0259379388744201","0.011007954812333","0.0142541347629216","0.0113078908882858","0.0179840910714462","0.0308259942338201"
"2011-03-17","0.0188514787856807","0.0274281206488636","0.0111029451357777","0.0148841960408095","0.0125050922458688","0.0194486383706794","0.0358394537069179"
"2011-03-18","0.0191302582035156","0.0288520097616284","0.0106725065765539","0.0164043343469353","0.0136178548939296","0.0139134403907612","0.0261091764567291"
"2011-03-21","0.0200801976105617","0.0262791805678568","0.0106997279239324","0.0140827471665293","0.0131632668091691","0.0167165270303876","0.0155074466495288"
"2011-03-24","0.0203898225439369","0.0401001280235085","0.0109751339364787","0.0141956074501895","0.0130730638368608","0.012132057199512","0.0150114436642004"
"2011-03-28","0.0195050571921334","0.0413855390350637","0.0108828369987039","0.0147978146095875","0.0126894559880858","0.01226","0.0160416113532373"
"2011-03-29","0.0171472408442197","0.0361097199403974","0.0107375393283805","0.0141139600605896","0.0128549480446773","0.0165452976531443","0.0239111436495314"
"2011-03-30","0.017257429158753","0.0395863465242346","0.0147779689106091","0.0129758289879711","0.0127509035374723","0.0135645976688251","0.0155538959860397"
"2011-03-31","0.0209589867858911","0.0426459995818914","0.0134737026124882","0.0124346885925307","0.0132247242790487","0.012229450342538","0.0105258699698984"
"2011-04-01","0.0201788485449129","0.0297829445020139","0.0127715175438793","0.0112837020286312","0.0138970023417559","0.0120364031388889","0.0139202171555099"
"2011-04-02","0.0185843498052546","0.0445115015372728","0.00739626559201309","0.0111969648065841","0.0126553786719224","0.0159666515764211","0.00938900301399018"
"2011-04-03","0.0191075445867242","0.0453778946172393","0.00694176019532283","0.0114059984615693","0.0129885328959855","0.0159787696793654","0.0153794432136752"
"2011-04-04","0.0190362151647367","0.0371147427664295","0.00726543075676363","0.0114185617646212","0.0140064381089635","0.015760237128062","0.00894095280446623"
"2011-04-05","0.0189149522655406","0.0281126346978644","0.00712004820171474","0.0117225271525747","0.0136945540830795","0.0161146510512692","0.00982823978055102"
"2011-04-08","0.0186273282504677","0.0298591367501332","0.00733752441120364","0.00932776033998501","0.0335950214857304","0.0176705307192645","0.0103766605749047"
"2011-04-10","0.0255157371971578","0.0563363100125042","0.0097317798867464","0.0129125040400487","0.0158677234735771","0.0174342116231612","0.0479054605777519"
"2011-04-11","0.0183072896950384","0.0619755810233809","0.0107620548179717","0.0088154450542783","0.0131153459322932","0.0174694701319178","0.0181455759054319"
"2011-04-13","0.018118714425377","0.0604578649089521","0.00898607217944301","0.00897261059218343","0.0131071269453269","0.0148726760076332","0.016853320741044"
"2011-04-15","0.0180336409922441","0.0580878726314132","0.0100826497145487","0.00842597207913307","0.0123566474887079","0.0135582087507522","0.0200197812505361"
"2011-04-18","0.0177444819157979","0.0632150325734702","0.0143950648333477","0.0170439709302669","0.0119187830550172","0.0130919056978441","0.0217998821193494"
"2011-04-19","0.0215657332635917","0.0644404824013208","0.0118167448831432","0.0125964177716584","0.0124450596340811","0.021194081026398","0.0296606500987788"
"2011-04-20","0.0201092276702148","0.0471313220619867","0.0119518690522793","0.0164116753584509","0.0119366513792506","0.0175143756194443","0.0257565476310553"
"2011-04-21","0.0215088697735239","0.0746594129174587","0.0111108034336094","0.0108724131852786","0.012234687615613","0.0158764667821985","0.0244852665978256"
"2011-04-26","0.0193925319309152","0.0925295569896168","0.0112525521050878","0.014260433668382","0.0123924088781124","0.00940099707741969","0.0173835690740728"
"2011-04-27","0.0240618186188211","0.0365954671333609","0.0117210494045853","0.0101645819538033","0.0123406339095564","0.0123510518343657","0.0237058838855849"
"2011-05-01","0.0200389133463118","0.0267960502824681","0.0087642537832726","0.0125572807885778","0.0125513918755041","0.0195537804085325","0.017306242394636"
"2011-05-04","0.0203861348925671","0.0191125274875854","0.00998083145475933","0.00992443325311673","0.0131424453729292","0.0191020342660698","0.0174214521249095"
"2011-05-05","0.0203059690783309","0.0404388398321769","0.00795392938700395","0.00966145641910924","0.0120042370366006","0.0255304092975036","0.0170134383337603"
"2011-05-07","0.0201375826845009","0.0590122353980878","0.0127083367273578","0.011200906434433","0.0120045019129397","0.0243336337896217","0.0172882998162515"
"2011-05-08","0.0211736177743781","0.0821637176643428","0.0131617351979024","0.0117224104398052","0.0119531611076101","0.0234694206456878","0.0255135951948437"
"2011-05-10","0.0217320389243237","0.0715449471811034","0.0152122562947784","0.0114110929289752","0.0173849448658793","0.0237833459329664","0.0241324753335443"
"2011-05-12","0.019924658242645","0.0541061601941389","0.0131104966124458","0.0169378925396685","0.0191680736153519","0.0215742727114216","0.0319491815030785"
"2011-05-13","0.0196158411783311","0.0716935150748404","0.0121731488566346","0.015520777146058","0.0164976216285141","0.021652914655339","0.0304646999638095"
"2011-05-16","0.0195903017718779","0.0911608763834672","0.010576573178934","0.0122404924962106","0.0186194601709555","0.0164820926549264","0.0329789084690561"
"2011-05-17","0.0197645835087812","0.0875948820617547","0.00939522946875665","0.00890551418452335","0.0188856572978525","0.0161239535923941","0.0350814847314028"
"2011-05-18","0.020059168218508","0.088313379055979","0.0122289463019875","0.00941510690376406","0.0193009356745927","0.0156429807174591","0.0287939884676319"
"2011-05-19","0.0198347462319531","0.0676211163378034","0.00781559479398954","0.00889171526231981","0.0201327677734383","0.0142546600963716","0.0255175663098315"
"2011-05-20","0.0196365291443036","0.0679222567334519","0.00793073589313954","0.00803608669777683","0.0199177345951603","0.0136216344862404","0.0153569387670659"
"2011-05-23","0.0200463953865069","0.0377255122069576","0.00765537545455247","0.00654342967230103","0.0194966835686266","0.0164001654048464","0.0149715910365814"
"2011-05-24","0.0195052191312522","0.0348508026869089","0.00810302032542775","0.0123219742593806","0.0188609485999381","0.0194471814392881","0.0101563795840877"
"2011-05-25","0.0196281913982224","0.0223764318430284","0.00857717318516365","0.00910872940018586","0.0221952151429428","0.0161287170369977","0.01008358970925"
"2011-05-26","0.0196629220398215","0.034372508794422","0.0100079318715989","0.0135000471329134","0.0168811592506148","0.0164023994801854","0.0104424747679637"
"2011-05-27","0.0221048066302513","0.043629168641302","0.00999129747089484","0.00837001531732133","0.0202035768394228","0.0163976882606227","0.0136565353618707"
"2011-05-31","0.0219699676927144","0.0442054849730332","0.0101321431562836","0.0103785457384334","0.0236816761874684","0.0168619317882387","0.016071087232924"
"2011-06-04","0.0224961573723735","0.043429608011784","0.0154014148620981","0.00837532926242828","0.0178578096595058","0.0139126752058131","0.0130993830950039"
"2011-06-05","0.0228017551664867","0.0427979271357038","0.0152606217076982","0.00837386589746678","0.0168411483975052","0.013945237195214","0.0131239038559653"
"2011-06-06","0.023200631353354","0.0413446656756967","0.0129513074964174","0.0101568101554055","0.0224627149911695","0.0182278071163519","0.0146522623618188"
"2011-06-07","0.0230361663533416","0.0424642224704196","0.0104959674925906","0.0140058942060727","0.0176768441436663","0.013890611899873","0.0101212483879366"
"2011-06-09","0.0229101564580134","0.0542505373071404","0.0106239913669369","0.00834083275497352","0.021210332004329","0.013772275809343","0.0154343945354527"
"2011-06-10","0.022168775899073","0.0129049597080053","0.0125267976702961","0.00834243562588733","0.0180244572150098","0.0139348101882231","0.0350084425864363"
"2011-06-12","0.0216504361162207","0.0158289805651783","0.0144826785094752","0.0105935538069087","0.0244919508684042","0.0135486082912723","0.0145087207951673"
"2011-06-14","0.0215407635148417","0.0144279451714968","0.00925967696806637","0.0169575966726173","0.0246599632902348","0.0140052118625268","0.0166115849938296"
"2011-06-15","0.0216523449962502","0.016266540837441","0.010466772811284","0.0168223541279747","0.0260288584215895","0.0133329046438055","0.0265939967459363"
"2011-06-16","0.0219626266946633","0.0164458368563839","0.0121858222527923","0.0156735087911377","0.0266733028082381","0.014963011268245","0.0123056490030832"
"2011-06-17","0.0193235246588442","0.0137531105908333","0.0103993096706228","0.00817102788282429","0.0248870189339967","0.0116364320379682","0.0142492368476389"
"2011-06-20","0.019128494028164","0.0162145649236129","0.0155098968763177","0.00757273684088382","0.0247732732110832","0.0107443651947914","0.0124551697594534"
"2011-06-21","0.0187542056163884","0.0178268395221774","0.00901159627792957","0.0107429088797209","0.0183146407379808","0.0116636214872731","0.0224139212712084"
"2011-06-22","0.0193395608713352","0.0181558697991489","0.00918906679036285","0.0127192439011245","0.0168906028376816","0.0119607368485899","0.0158142922011392"
"2011-06-24","0.0194021646105676","0.0172936822225884","0.0112755170565383","0.0128619174781417","0.0166613393697201","0.0118002229339773","0.0131528390913685"
"2011-06-27","0.0218961095494677","0.0134011787718125","0.0125538925593582","0.0133065591808333","0.0166065826745205","0.0161521738614825","0.0261603466626016"
"2011-06-28","0.0194495339654905","0.0122049438765085","0.0110548121805849","0.00841732488896059","0.0108936930820214","0.0154923380123817","0.0261201782796795"
"2011-06-29","0.0195175284595145","0.0128363273705845","0.0102783116529692","0.0085387091231875","0.0138603564871373","0.0158402481018631","0.0267858583912267"
"2011-06-30","0.021848663675846","0.0108289708390372","0.00977228384834719","0.00853532408502423","0.0166438535850548","0.012029478850776","0.0259509454430412"
"2011-07-01","0.0200954467895348","0.0109415118574522","0.00975843021234606","0.0121888768525116","0.0204757683962701","0.00998069999796091","0.0273839010360375"
"2011-07-02","0.0201091905795359","0.0178007388857864","0.00983656400113605","0.0122503463771229","0.0210515212528124","0.0078382223822909","0.0166906950749007"
"2011-07-04","0.0199057701540558","0.0184689534065286","0.00982378675226978","0.0120642121485771","0.0180749490261611","0.012872557151807","0.016418295404751"
"2011-07-06","0.0200087442902705","0.0182368998483263","0.00988654814167516","0.0086435173954923","0.0214797859815406","0.0102332052802991","0.0267498708101762"
"2011-07-07","0.0199082661884381","0.016764052926239","0.00993123205262063","0.011026844641765","0.0213916919005499","0.011529642637717","0.0271397374732338"
"2011-07-09","0.0219032427702731","0.0166984257134666","0.0102007217464195","0.0118912972523064","0.0172168667082039","0.0112854619177205","0.0238557729037472"
"2011-07-10","0.019809012008286","0.0189694344596785","0.00972638743866713","0.0154711664725186","0.0198560115648533","0.0105229518272309","0.0121074825015815"
"2011-07-11","0.0197430647212879","0.00989862852364352","0.0106221582348221","0.029802919468985","0.0383815563742621","0.00780771501430633","0.0124045977975813"
"2011-07-12","0.0186228932513667","0.0103734433187122","0.0116171457747417","0.0115708278524483","0.0292762323037518","0.007833447139692","0.0129386980957074"
"2011-07-13","0.0197930621923547","0.0096995847990712","0.0104843927894804","0.00982554897491355","0.0183328697648843","0.0078886432970573","0.0153429711276044"
"2011-07-14","0.0199409579764922","0.0110311699738505","0.0105194643986879","0.0097925875341178","0.0209177268389074","0.00802539179423001","0.0158369497618792"
"2011-07-15","0.0200859739622851","0.010252391310128","0.0117519725991169","0.00933195398724352","0.0171340377198926","0.00833544858003124","0.0174290470106628"
"2011-07-18","0.0198483193213813","0.0102301770503062","0.00982157908843071","0.009451143933013","0.0118592748936793","0.00783374318867083","0.0184726733477608"
"2011-07-19","0.0196224506075185","0.0104681175191591","0.00993014893044926","0.00928494105301732","0.0118860192260967","0.00863616607326315","0.0146984197978008"
"2011-07-20","0.0207027277168748","0.0129929021945822","0.0103755817205039","0.0100841127364795","0.0139721810472166","0.00859739398675845","0.0235161120668127"
"2011-07-21","0.0200775126959661","0.0112116864890577","0.0103643700672743","0.0115763295251201","0.0131608234738213","0.00800990481572878","0.0206163347818172"
"2011-07-22","0.019303552833561","0.0147795825906918","0.0104542207432861","0.0100443221892171","0.0202358060576372","0.00951480819218561","0.0245942914337413"
"2011-07-25","0.0160492090125483","0.014567710553979","0.010114153063757","0.0119181353704563","0.0239007793997825","0.0085738051756643","0.0454294447883223"
"2011-07-26","0.0202830679430924","0.0153711250698739","0.0100866885558811","0.0112344924928753","0.0220943003933342","0.00834770429965008","0.021772512684896"
"2011-07-27","0.0184717035029244","0.0176318163315533","0.00978364433602709","0.0099181816430392","0.0220067986454261","0.00823941404585947","0.02767696909073"
"2011-07-28","0.0179768469753064","0.0147353882502886","0.00929101251633548","0.00899341012639834","0.0227441892552043","0.0083310170961633","0.027520660977472"
"2011-08-02","0.0197163955228313","0.0184890320553255","0.0103058582557443","0.0291363766475524","0.0216845036903217","0.00827626130560345","0.0277700232439519"
"2011-08-03","0.0193821540318268","0.019639654298141","0.0104291372631206","0.0264328414150312","0.0219435143474332","0.00887346384386248","0.0270251246588759"
"2011-08-04","0.0192741343631607","0.0175680415048516","0.0103895456176656","0.00931241126331226","0.0199708796599674","0.0081528556523215","0.0273452103663322"
"2011-08-06","0.0195015131774912","0.0139596868178314","0.0103734206893046","0.0088829193914299","0.0167699440957408","0.00851567470858603","0.0279621803065548"
"2011-08-07","0.0193214475778503","0.00788490689068334","0.0108943316668467","0.0103814793287793","0.0192105004201713","0.00881493821589869","0.0316154150461903"
"2011-08-08","0.0195918403530498","0.0104852442780081","0.010569301827501","0.00962891665068318","0.0182843884450942","0.00788743850524848","0.0353027773216715"
"2011-08-09","0.0198759532775671","0.0242498054066121","0.0139799601787898","0.0176381373710033","0.0169132353929936","0.0102896840010412","0.0312797357993911"
"2011-08-11","0.0234271492933692","0.0234054463381073","0.0144632744291419","0.0172807169974089","0.0150622298492428","0.00796009023239988","0.0202171831045457"
"2011-08-16","0.0238689176622604","0.0250267326396806","0.0128360024896477","0.0168653926570765","0.013736037623531","0.00803301730394375","0.0193873568481601"
"2011-08-17","0.0236237734466884","0.0117352493152752","0.0135677430192654","0.0168386833976184","0.0146111763239083","0.00791013952904712","0.0200053272563875"
"2011-08-18","0.0236733640152027","0.0234398837214074","0.0129689568792975","0.0150438001422278","0.0157711909544593","0.00818655996885783","0.0200192706355909"
"2011-08-19","0.024080789344107","0.0213003035365783","0.0112035181740016","0.0145485272200523","0.0155669434315146","0.0147566971290837","0.0253060113576235"
"2011-08-22","0.0242953656980025","0.0201621563981271","0.012618221795389","0.0235701315624938","0.0160751667969074","0.0147512629165084","0.0239540795893972"
"2011-08-23","0.0233222089354291","0.0309429541816061","0.0102325026468192","0.0172940323797409","0.015868348412812","0.0156820595758424","0.0237788201734672"
"2011-08-24","0.0220030851796642","0.0308728674267105","0.0102978749190576","0.017316899315252","0.0203115856182127","0.0160447078862037","0.031549455232524"
"2011-08-25","0.0211087649711564","0.0112931013603137","0.0112211502396327","0.0175134362054893","0.0305382473188107","0.0163961485322445","0.0319252624958638"
"2011-08-26","0.0247797101511191","0.0253917197717294","0.016189000451267","0.0148610653087127","0.0231927708461634","0.0173318948015837","0.0323516120757383"
"2011-08-29","0.0238068378938712","0.0230598849220675","0.0121496356460841","0.017899117401985","0.0233209397160116","0.0165270322777443","0.0318528745423117"
"2011-08-30","0.023238014379199","0.0286038331891997","0.015506180120715","0.0249834328935082","0.0242071449316696","0.0166950426481227","0.0312816345948733"
"2011-08-31","0.0240368290051868","0.030296590178645","0.0131936810191933","0.0243619949856237","0.0227304673640129","0.0159177232973546","0.0310593937820908"
"2011-09-02","0.0257782189006344","0.0488618999821128","0.0166290974455369","0.0228405952858826","0.0280628235694507","0.0177015328225041","0.023989575812703"
"2011-09-03","0.0263328496041575","0.0353483722158048","0.011600002689736","0.0176423048139523","0.0250024822192981","0.0175071003832033","0.0110256406171403"
"2011-09-05","0.0248557571809116","0.0193430315163343","0.00865297213720136","0.0185099445053781","0.0263916347995231","0.016779642668647","0.0132642196705624"
"2011-09-06","0.0228431198683951","0.0146421177383589","0.0104948692147636","0.0169380653387984","0.0287412551706447","0.0111074503766679","0.0287443864608138"
"2011-09-08","0.0258046967253359","0.0138205352742669","0.0105041844547645","0.0168552235637503","0.0268590394840936","0.0100890663385575","0.0214714472042907"
"2011-09-09","0.0258196479890949","0.0135382601228494","0.0232232234323498","0.0318482460337039","0.0322871099235216","0.00910095983950445","0.0229749642729216"
"2011-09-11","0.0264532298176218","0.0304333745427928","0.0267780038753477","0.033819811865145","0.0441370200894621","0.0146087552817299","0.0259092553102578"
"2011-09-12","0.0267756454847978","0.0280931567796316","0.0183776608375974","0.0386667711018642","0.0300475229950146","0.00972231466061063","0.0253298589472778"
"2011-09-13","0.0240600112878801","0.0219984903397865","0.0146572880028189","0.0381836789459678","0.0220362988968451","0.0148716217314457","0.0257019638583324"
"2011-09-14","0.0246570753707399","0.0293646942233621","0.022979134783191","0.0413844477664851","0.0201661508205445","0.0148009457173076","0.0241962291041169"
"2011-09-15","0.0229940037907637","0.0156007728160293","0.0228175060228112","0.0408520653622704","0.0167028368585702","0.0145604074756907","0.025817298756329"
"2011-09-16","0.0244921410428684","0.0166367999692081","0.0230146130914571","0.041256970247539","0.0158838746638367","0.0137544409147105","0.0221055503663062"
"2011-09-19","0.0250497262432789","0.0139064964616499","0.0227084132727987","0.0409992668182499","0.0155633531970649","0.0112387594210145","0.0187266038952958"
"2011-09-20","0.0226011717717517","0.057763638559845","0.0224027327953113","0.0448646144924044","0.0166148878504507","0.0116219917757388","0.0201138802128805"
"2011-09-21","0.0233514851249172","0.0183132155304998","0.0164345926248312","0.0437228850158699","0.0186110951399034","0.0124392835585077","0.0193667458628475"
"2011-09-22","0.0250629746096166","0.0172010501415855","0.0191404825810688","0.0471311454047276","0.0223108036750589","0.0124218714536596","0.0210371349129333"
"2011-09-23","0.025329928908913","0.0194903122355431","0.0162327892374192","0.0584894812149914","0.0204193384921664","0.0137006114659834","0.0142565681769443"
"2011-09-26","0.0272461755362449","0.0245364590141479","0.0121608835410994","0.0374057374825781","0.0198754467178235","0.0131569085516628","0.0225201714291925"
"2011-09-27","0.0273908275729089","0.0246872366193381","0.0131846965949167","0.0283372347753376","0.0175827995154928","0.0160912719273074","0.0239627527575419"
"2011-09-28","0.0260471018836195","0.0244477440570053","0.0154583474976129","0.0307820607486977","0.0178820908909965","0.0133247386887498","0.0192276592234319"
"2011-09-29","0.0274136403222392","0.0247897155728054","0.0156836242402592","0.0293755379327726","0.0169621790460978","0.0103713620283637","0.0223162618880166"
"2011-09-30","0.0267912934574253","0.0226410575819579","0.0451980429249051","0.0377048467771222","0.0177054412761821","0.033693713628633","0.0226471967732033"
"2011-10-01","0.0267339985072567","0.0179648628009614","0.0306487208401014","0.0375149330386772","0.0186101954896776","0.0307610489631114","0.0227350333687362"
"2011-10-02","0.0397346234404008","0.0175894254578194","0.0301247696950858","0.0445931029218558","0.0191776723706886","0.0308927711810789","0.0232263995341207"
"2011-10-03","0.0304511002393004","0.0170660373729288","0.0203877185802217","0.0419911289646114","0.0250037646716877","0.0298071817148337","0.0238247533203111"
"2011-10-05","0.0430773042524111","0.0200867324941893","0.0179126150846904","0.021629402880262","0.0193016892891857","0.0147319609015023","0.0227148189714906"
"2011-10-06","0.040945206199927","0.0129485235269804","0.0129324753117163","0.0212313256956596","0.0185771058317908","0.0266717073228576","0.0223402281957734"
"2011-10-08","0.037821734818172","0.0172239382392758","0.0131781216095699","0.0229240446559073","0.0191037673096932","0.0272783123137319","0.0222542128495029"
"2011-10-10","0.0380886968456509","0.0141271716725533","0.0138297446105535","0.0238187774251676","0.0214365620546552","0.0328857348176682","0.0181332285338592"
"2011-10-11","0.029949642317987","0.0176146226500087","0.0575805763651496","0.0383095958883844","0.0167996194254958","0.0320012591842912","0.0206044913091356"
"2011-10-13","0.0290341457291325","0.0129576069986111","0.0432358242568043","0.0370913465649081","0.0241153358785859","0.0331588062432995","0.0229714721819945"
"2011-10-14","0.0309803041968126","0.0130671184012596","0.0239519344171694","0.0270191314793511","0.0249377343783426","0.0268757648651732","0.0243173140166756"
"2011-10-17","0.0315828110743184","0.017777345573484","0.0250325199871731","0.0237090017142305","0.0302391947654563","0.0299989346351073","0.0321187173988339"
"2011-10-18","0.0295047741839989","0.0175483817773001","0.0266757148418809","0.0240642515149241","0.0166885418409124","0.0305763265340577","0.0303747034032514"
"2011-10-19","0.0297446364791476","0.0250130348933613","0.0311387280835376","0.0288840282580213","0.015543175408582","0.0284840042171813","0.0141838203891935"
"2011-10-20","0.0303099783707184","0.0245912546822353","0.0318850325174095","0.0453017947512992","0.0184588672916294","0.0286991713157882","0.0221323396482404"
"2011-10-21","0.0305848666322807","0.0229387511245416","0.0308661103119989","0.0460526003730907","0.0160094497725993","0.018836807003297","0.0239313463039473"
"2011-10-24","0.0305563425850186","0.023701893692044","0.0309403009019402","0.046288470380596","0.0156192141910182","0.0191529882321782","0.0193545672647106"
"2011-10-25","0.0276613389312007","0.023337794791419","0.0266376773507555","0.0472927389641134","0.0170396442699617","0.0213887726973148","0.0239558841624699"
"2011-10-27","0.0279809161749732","0.025010764829591","0.0264532354521424","0.0481029374389967","0.014979887497455","0.0215013637277109","0.0244064626278157"
"2011-10-31","0.0278358462536178","0.0257350807177954","0.012923900113221","0.0305647046605867","0.0134723458883615","0.0204305573057894","0.0309003361908133"
"2011-11-01","0.0274123357013322","0.0266013604860026","0.013879316025752","0.0502645416107882","0.0129477859544247","0.0269646288948223","0.0160581924904707"
"2011-11-02","0.0267810883733611","0.0244000196894005","0.0118905769384317","0.0493361982089541","0.0128495179266155","0.0245341361698048","0.0324922919700157"
"2011-11-03","0.0266469710524381","0.0247684261407326","0.00649890176883398","0.0521098966077851","0.0126988993830098","0.0249128590619624","0.0207100616582473"
"2011-11-04","0.027534551296653","0.0267022826809387","0.0125","0.0718448777191417","0.0129709034709738","0.0272051870328831","0.0176637221382304"
"2011-11-05","0.0272567603995231","0.0253618456444055","0.0125","0.0780896220827784","0.0263367384126347","0.0299528630493546","0.020278979292285"
"2011-11-07","0.0261429997766648","0.0253849779925321","0.0125","0.0386436157370793","0.0270073482644014","0.0289360858256779","0.0162535893306812"
"2011-11-08","0.0278670276094317","0.0279466640311959","0.0125","0.0386622571998312","0.0231412414253813","0.0295888260748536","0.0162244145469154"
"2011-11-10","0.028310610596012","0.0277848868770472","0.0125","0.0388856383264729","0.0262390276997761","0.0385090844356633","0.0200874910322484"
"2011-11-14","0.0293532534550964","0.0257374167038092","0.01324235166395","0.0872174747951552","0.0249266326258269","0.0297698150801478","0.0191652004859551"
"2011-11-15","0.029259924821081","0.0267053205357148","0.0125","0.0850719107078711","0.0254812068499233","0.0320829484623407","0.0157583904368853"
"2011-11-16","0.0295538318040585","0.0312308322884276","0.0177559580426908","0.0719917775939613","0.0359549501757346","0.0326199676137652","0.0165885364155538"
"2011-11-17","0.0294578743156972","0.0309682023850158","0.0139810537490394","0.0824299390459952","0.0263003536191649","0.0319461544148035","0.0158493887421965"
"2011-11-18","0.0296134060344461","0.0236048198475449","0.0180672562277044","0.0858053825337145","0.0302504090435498","0.0303883531950218","0.0168535601919421"
"2011-11-21","0.0297650644047868","0.0255901114275766","0.0320985898662095","0.0777948887260076","0.0365395245862227","0.0274912082384421","0.0171101626221407"
"2011-11-22","0.0298649505984841","0.0224001324578815","0.025406953070988","0.0381865810499171","0.0164658928631011","0.0311417862312056","0.0170557124521502"
"2011-11-23","0.0295970701702623","0.021825792902447","0.0251721967112661","0.0385491493150547","0.0188044489150862","0.0329311141260667","0.01628414642732"
"2011-11-25","0.0295178262980396","0.0215489240825631","0.0249293303579895","0.0374500238642784","0.0197951478038081","0.0194236078054813","0.0166752532680603"
"2011-11-28","0.0353326440459971","0.0213866564572825","0.0267774593007184","0.0319996900371778","0.0196302384257309","0.019707296564874","0.0167779141713974"
"2011-11-29","0.0365192785718711","0.0219024902506432","0.0120161198733296","0.0380559834887848","0.0237728551872676","0.025802336815192","0.016730627340461"
"2011-11-30","0.037700677001145","0.0217311780242068","0.0121651335363303","0.037498472353537","0.0227178168947603","0.0341231390481138","0.0167557815877796"
"2011-12-01","0.0381916393791494","0.0234248020315127","0.0127233529276997","0.0325363995009115","0.0241970726560069","0.0342186469776029","0.0189511227368708"
"2011-12-04","0.0377326639909619","0.023004577070041","0.0151077160987406","0.0326244310416354","0.021259454827754","0.0245546233344035","0.0194188287276541"
"2011-12-05","0.0379349604194133","0.0231028546679839","0.0147469287988954","0.031034492876166","0.0253080372990057","0.0247131401534955","0.0206195443148999"
"2011-12-07","0.0386583730002918","0.022827111727554","0.0125","0.0282547666363506","0.0257518356956129","0.0253897394966597","0.0205034740933328"
"2011-12-08","0.0386654902696609","0.0342923155063863","0.0122570307548447","0.0281540984759042","0.0293853767249904","0.0177481071429484","0.0168325970327944"
"2011-12-09","0.037913091507911","0.0276209928362198","0.0153732379599387","0.0379354410563383","0.0154315903425019","0.0259052904680459","0.0169984693588658"
"2011-12-10","0.0381770321190065","0.0309749800999796","0.0129054426761717","0.0375842978972833","0.0161203570878755","0.0645860205799601","0.0199085522787101"
"2011-12-12","0.0408459368659772","0.0238865014973045","0.014506404407611","0.0371037982653391","0.0376904496970824","0.0135633139856067","0.0189944367730252"
"2011-12-13","0.0415886258781471","0.0304925399051054","0.0125","0.0228685515300829","0.0170350695025415","0.0137430665775846","0.0243594860859118"
"2011-12-14","0.0380928508322904","0.0291111626555679","0.0135989496081213","0.0322380449151402","0.0332427668820999","0.0138933226022239","0.0376906835249606"
"2011-12-15","0.0387078966343488","0.0148603392088726","0.0125","0.0339784789583141","0.03832775808191","0.0130367539016568","0.024257401205317"
"2011-12-16","0.0389192259471701","0.0186120047627734","0.0125","0.0335011593525499","0.0408105459717332","0.0131001208452921","0.023790035757822"
"2011-12-19","0.0385142906038806","0.0185386577994111","0.0129379933169487","0.0214903654002358","0.0334614712336128","0.013578922815473","0.0230864647267736"
"2011-12-20","0.0380327347684977","0.0270111297825178","0.0130727330507526","0.0223679447552719","0.045081359678886","0.0183687575838062","0.0277555687666413"
"2011-12-21","0.0377676016194582","0.0285657583181604","0.0235196460184872","0.0241506701005909","0.0467707093001457","0.0147150875619355","0.0160218095072419"
"2011-12-22","0.0370881026647798","0.0296649785763412","0.0146944480904734","0.0135619672321672","0.0452196045965503","0.0158962665272248","0.0158069809346336"
"2011-12-23","0.0410753270011128","0.0307150264857944","0.0148230792439086","0.0195661564715293","0.0451728730851045","0.0223140161020023","0.0159173901467119"
"2011-12-27","0.0387700876774162","0.0315488906299376","0.0148436642966694","0.0160926067993746","0.0449007418511299","0.0212482626629171","0.0157440776484929"
"2011-12-28","0.0386989336185215","0.0838753539553646","0.0154678826004989","0.01593965135329","0.0456307344207868","0.0168740975410492","0.0156430193720081"
"2011-12-29","0.0390714164136534","0.0315376776834345","0.0151852521987964","0.0164844373654051","0.0473888159518539","0.0196403818469256","0.0153051184177988"
"2012-01-02","0.038334942166566","0.0313399367732707","0.0273773961581776","0.0170685348162052","0.0516859933308242","0.014009481153762","0.0155427876675751"
"2012-01-03","0.0380649335120591","0.0307392196097925","0.0247969547139992","0.0211604981928106","0.0523348518598237","0.0132447068683123","0.0156213826672956"
"2012-01-06","0.0377762958451537","0.0186936636027683","0.0246645223957824","0.0202909711953117","0.0674107417790477","0.0137959403491426","0.0176027537895585"
"2012-01-08","0.0411733551262542","0.0294741736971752","0.0263841806853575","0.0199380976934567","0.0518777395719774","0.0143796504667446","0.0217049262501378"
"2012-01-10","0.0401277186900526","0.0316287490078797","0.0197819515849236","0.0204031702064412","0.025","0.0144855818163943","0.0210091580562118"
"2012-01-13","0.040720409133995","0.0290195938375339","0.0389174627807656","0.0239071682221624","0.0247147541180661","0.0143696907299789","0.0153725864867838"
"2012-01-17","0.0398906364790537","0.0278871055847978","0.0236893961177782","0.0225892752561504","0.0232996027160451","0.0141367238493741","0.0149177445951365"
"2012-01-18","0.0384361338074376","0.027526421487059","0.0173972657305568","0.0205218911706863","0.0208044797251767","0.0166589008120157","0.0229765171953796"
"2012-01-19","0.0391001069386507","0.025","0.0176419731866711","0.0184047569058523","0.0246788636604984","0.0168864972219514","0.0204773821494389"
"2012-01-20","0.0360271595055022","0.0273423072435061","0.0159058984222968","0.0220957233287616","0.025","0.014159986485845","0.0143855869455622"
"2012-01-23","0.0358772142882221","0.0278069897055061","0.0176990769827969","0.0237013871073014","0.025","0.0129608645356645","0.0150718370686749"
"2012-01-24","0.034719298046748","0.0236529031982338","0.0230993625273173","0.0235199357220432","0.025","0.0144714299137239","0.0146393590830523"
"2012-01-25","0.0296487795705684","0.0240607826089127","0.0165822546257163","0.0176255094382437","0.0675626678793977","0.014155431836193","0.0110540259650287"
"2012-01-26","0.0339601887780803","0.0192711559342891","0.0175294803855239","0.0179174076644415","0.068008534522365","0.014102227646297","0.010924388238753"
"2012-01-27","0.0292521202030042","0.025","0.0112759626278458","0.0178669280650146","0.0782306680478562","0.0159424623728429","0.0118740741570658"
"2012-01-30","0.0366382891193236","0.02443660407407","0.0112612813484893","0.0146410444382114","0.044559238857899","0.0183017101265938","0.012071493181346"
"2012-01-31","0.0357699531324895","0.0237057410791689","0.0159354221083676","0.020397693704432","0.0388571236949841","0.0172491292787667","0.0203469246612479"
"2012-02-02","0.0278817812138497","0.0217032645882938","0.0146246743452768","0.0142664798838449","0.052279307960001","0.0210949111589696","0.0272692555567783"
"2012-02-03","0.0369378366165678","0.0209008914417573","0.0106529136726789","0.0136175414314689","0.0454235224029629","0.0239698492629652","0.025"
"2012-02-04","0.0367863482073113","0.0169275111338612","0.00924373305019974","0.0136634797128393","0.0392023123791551","0.0249032607328725","0.0224895647599678"
"2012-02-05","0.0405775236824713","0.0154848717702872","0.00952739867374293","0.0117604584302376","0.0479468709128499","0.0250091665584455","0.0243560089649082"
"2012-02-07","0.0403635195412206","0.0173945926114064","0.00947125482068367","0.0111777778418919","0.0369727055484781","0.0283532749100869","0.0299358956926323"
"2012-02-08","0.0400981787673377","0.0201857174507077","0.00879397056833634","0.010760966519631","0.0375","0.0277033666299959","0.0179391309304972"
"2012-02-10","0.0418378316464805","0.0539513470028907","0.0100282617579197","0.0107418869560972","0.0353796072232426","0.0197795997383798","0.0182743218814587"
"2012-02-11","0.0413472896582634","0.0547662176012398","0.0136757273319222","0.0127333732219469","0.0375","0.0165480496349715","0.0184878327731857"
"2012-02-13","0.0423559009675531","0.0581587084889866","0.0132045552161958","0.0107862524244055","0.0357705578021648","0.0195859014779857","0.0173260661463735"
"2012-02-14","0.0431892189926945","0.0549797547488472","0.0118589812845375","0.0107106020097326","0.0335965207897321","0.0247238282712939","0.0194050880279952"
"2012-02-15","0.0481199274208263","0.0371910604013889","0.0172417519094514","0.0108756178739913","0.0283842579439612","0.020756353206464","0.0285354639596592"
"2012-02-16","0.0452458849254272","0.031923507415646","0.0108369392304176","0.0106522899957333","0.0295675090339907","0.0223310858053748","0.0193104311862573"
"2012-02-17","0.0433383357964403","0.0366781188630018","0.0224542000881138","0.0133761520439191","0.0403913071321495","0.0212808272571468","0.0272063948226766"
"2012-02-21","0.0421245976616689","0.0507030857462371","0.0194055697423746","0.0126814081252858","0.0389369840166179","0.0231163244265026","0.026657292611502"
"2012-02-22","0.0414281739999151","0.0375","0.0107514244547867","0.0123125836382463","0.0390845363930529","0.0237326352531992","0.0267547434319571"
"2012-02-23","0.0491058286608816","0.0375","0.0158877799920542","0.0121415864570834","0.0387099140512367","0.0261584032712497","0.0266047377271495"
"2012-02-24","0.0552538984471299","0.0515134843315011","0.0153602092226281","0.0124655985983937","0.0375","0.0280284893812305","0.0394862796564171"
"2012-02-28","0.0548129970150521","0.0527960613508421","0.0146619700409612","0.0119598022582537","0.0375","0.0303310383893169","0.0403927310012712"
"2012-02-29","0.0865442761369095","0.0570062165220577","0.0110656990613462","0.0113391216407866","0.0341954369279537","0.0323340398326016","0.0375"
"2012-03-02","0.0882887415477563","0.0546294801032871","0.0107897603468011","0.0112252183480657","0.0351662452540937","0.0247690861305814","0.0425843431235578"
"2012-03-04","0.0409435300447459","0.0179707100910871","0.00960306230830808","0.0107007898377518","0.0375","0.0117998613594874","0.0311902498204389"
"2012-03-07","0.0409065308778249","0.0530799545041642","0.0201130836573679","0.00985393179763703","0.0359928832813431","0.01570942898974","0.0343431373964145"
"2012-03-08","0.0410026279299454","0.0633589625758507","0.0114543313595911","0.00979513797637543","0.0365816381476527","0.0199244378834683","0.0327471149321479"
"2012-03-10","0.0382533756733928","0.0359566668722911","0.0101186888543021","0.010185127268321","0.0375","0.0213385247601519","0.0186528388969079"
"2012-03-12","0.0397854947551881","0.022089759477743","0.010052344956494","0.0104165916858858","0.0375","0.0238424100296647","0.0183377392147037"
"2012-03-13","0.0394968600054827","0.0209732224066383","0.00992335959447669","0.010404533910871","0.0375","0.0218726576883093","0.0165952293500151"
"2012-03-14","0.0404143603627174","0.0282212104883189","0.00988203321415984","0.010389077737247","0.0375","0.022820226343939","0.0165839454650159"
"2012-03-15","0.0452201882158412","0.0510537069702587","0.0109914877912852","0.0101939362272019","0.0375","0.0243368597500201","0.0165370364508337"
"2012-03-16","0.0434143770655982","0.0280177814703446","0.0141285598070094","0.011337240407379","0.0425676021609709","0.0236223784353181","0.02091630510165"
"2012-03-19","0.0378471554947024","0.0298601176998546","0.0107274653245799","0.00824992254691935","0.0490150751082078","0.0123857173990347","0.0227079518887237"
"2012-03-20","0.0403394504548445","0.0382765702759267","0.00975275513141792","0.00974477239371396","0.0464433247052155","0.0238260472960478","0.0281372754019627"
"2012-03-21","0.0403267461082043","0.0553138327428704","0.0112369275406664","0.0105887848661495","0.0456617545183704","0.0273904694348106","0.0275477228980678"
"2012-03-22","0.0353815583631134","0.0429162046634564","0.0117838870073619","0.0103502161555367","0.0442158043913613","0.0219745044808483","0.0223464379445756"
"2012-03-23","0.0375","0.0480263632755068","0.0150866892051593","0.0101186822168724","0.0480518309095147","0.0114009423443888","0.0254675291285053"
"2012-03-26","0.0361010463986316","0.0514853566184893","0.0149927949292272","0.0098988462282367","0.0415743613753818","0.0161697388600105","0.0202193162472817"
"2012-03-27","0.0334752143182479","0.0519886554320638","0.015732923191422","0.00998122185232638","0.0415274871778494","0.0153714582475463","0.0203020371534287"
"2012-03-28","0.0427841095518756","0.0244970190000903","0.0132678969677543","0.00907431764970332","0.0437425405748046","0.00708654274902402","0.0202859210358897"
"2012-03-29","0.0434796381015032","0.0293235644490977","0.0135161801719001","0.00684920029836881","0.0455723961694999","0.0064778457189603","0.0213186618587004"
"2012-03-30","0.0431836407687066","0.0198281152048699","0.0137277559367685","0.00904161360628516","0.0482165725846333","0.0134492411773484","0.0213288346301014"
"2012-04-01","0.0436272554863639","0.0585554546765534","0.01302993445652","0.00518758950119614","0.0480006485555647","0.0136845682238794","0.0213225711830892"
"2012-04-04","0.0465047791074783","0.0612949891823187","0.0127688413429478","0.00700740086406607","0.0509687691163419","0.0108909831165002","0.0214584172459608"
"2012-04-05","0.042155029232137","0.0195574031112249","0.0121219473110661","0.00705279689181395","0.0456525175571062","0.0148689699486877","0.0217083659979891"
"2012-04-09","0.0403849829595696","0.0156977810025225","0.0108536164512998","0.00865468994262545","0.0458236706406852","0.014606466841512","0.0207005917880818"
"2012-04-10","0.041643961997425","0.0185345484992398","0.010961352306739","0.00829700421016635","0.0473878397186718","0.0149774723529891","0.0289907359477951"
"2012-04-12","0.0417198725928938","0.018168168015402","0.0108439969128323","0.00858078840898606","0.0511179333563178","0.0103295342303607","0.0208309473950313"
"2012-04-17","0.0401230353962937","0.0185932483927397","0.0104038112952329","0.00892605024586334","0.048681448769673","0.013468031440904","0.0178053636459453"
"2012-04-18","0.0393398176778285","0.0176237222106347","0.0108104488856083","0.0108379403365333","0.0492842629046804","0.0171568624499084","0.0176373810245008"
"2012-04-19","0.0383975433875596","0.0198651838708622","0.00985250256978","0.00893689838184813","0.0269082945640228","0.0137760801153869","0.0192889598630059"
"2012-04-20","0.0391959554014088","0.0197102333292867","0.00956040786398608","0.00882758219458425","0.0172388276146366","0.0145087872721905","0.0228813607289082"
"2012-04-23","0.0405773011472585","0.0194082203786285","0.0121835271182013","0.00804040206655921","0.0245045881567893","0.027879975565739","0.0224870144221179"
"2012-04-24","0.040919112189328","0.0194802550758426","0.00894227001346202","0.00846617818177589","0.0238522047158234","0.0107743059750456","0.0174959570517258"
"2012-04-25","0.0411735333089296","0.0139982463902828","0.00608327687966332","0.00782304206947061","0.0247551575829617","0.0375","0.0222671540743181"
"2012-05-01","0.0404663259385348","0.0140651646729706","0.00942232535417688","0.00796867187940961","0.0245870105304501","0.0129530665257509","0.0259826270577325"
"2012-05-03","0.0421788417010885","0.0167328516405507","0.00941327342858453","0.00848621484047378","0.0243789967057296","0.0245589788092589","0.0518458110289447"
"2012-05-04","0.042052044768895","0.0142828065232393","0.00767065463244901","0.0136022164447775","0.0193010371916911","0.0137081979880329","0.0515557881226998"
"2012-05-06","0.0422393829409227","0.0142216736865162","0.00740718124084023","0.0141425533554969","0.0189876036150847","0.013589683941025","0.0475482520131663"
"2012-05-07","0.0415310874550579","0.0106446562450508","0.0106082261656593","0.00707374848806445","0.019619715437427","0.013883484245183","0.0464729420016787"
"2012-05-09","0.041751415161023","0.0185663853385522","0.0114477006541507","0.0087193204813836","0.0209067984023495","0.0134143670727356","0.0489817966221891"
"2012-05-10","0.0378616319780503","0.0121392348375301","0.0102272131236411","0.00853526422908568","0.0205554237727648","0.0128296991537903","0.0448858933196637"
"2012-05-11","0.0373019579099428","0.0340140363442185","0.011308903342705","0.00869738536923744","0.0126311445666774","0.0107310873360533","0.0375"
"2012-05-12","0.0380851452089263","0.0337678732445903","0.011171932206566","0.00862774605977328","0.0110640898566961","0.0104077741518245","0.0385451131808719"
"2012-05-14","0.0375","0.0325081271881447","0.0115573144899795","0.00865313039337888","0.010531734273755","0.00826301305689377","0.0375"
"2012-05-15","0.0375","0.0265128620270564","0.0149556847925792","0.0107117739329214","0.0162473283769469","0.00857534310805386","0.0375"
"2012-05-16","0.0389890602714901","0.0330294403670699","0.0144856293852556","0.0104991232306001","0.0291244535933974","0.00838593288381777","0.0397050772238767"
"2012-05-18","0.0399090296513931","0.0222413403130873","0.0145050475788014","0.010204252540902","0.0216266097747324","0.00744026153953616","0.0374889806534217"
"2012-05-21","0.0403854275426173","0.0338220868251481","0.00962717616029678","0.00821870913235391","0.0291641307726627","0.0103694463070541","0.0361635526919064"
"2012-05-22","0.040408853576776","0.0248110500325873","0.0119426598965998","0.00824952479741211","0.0126312165156305","0.0143429963204326","0.0398132065687709"
"2012-05-23","0.0398470143681644","0.021166897008703","0.01176650834888","0.0139022888805596","0.0170771181364506","0.00876455450942671","0.038202215983545"
"2012-05-24","0.0400630994174083","0.0213045056995837","0.00899773244557739","0.0136161636389636","0.0180637633619763","0.00865151338828826","0.0375"
"2012-05-25","0.0375","0.0194398287519796","0.00548790170108925","0.0122123271277605","0.0183336713017771","0.00884986124950891","0.0365582472684413"
"2012-05-29","0.0375","0.0199272198029864","0.00706071961449566","0.0122709476915058","0.062474939104971","0.0109586683942811","0.0334219882795957"
"2012-05-30","0.0394618009472361","0.0233997959301469","0.00685422172043383","0.0127353581411625","0.0645608937638862","0.014215615177546","0.0347482491758948"
"2012-05-31","0.037396046933","0.0187026445285888","0.0125673680397022","0.0101295005974877","0.0207432399960084","0.0141495266554208","0.0341372015575495"
"2012-06-02","0.0375","0.022966386892542","0.0118510199118294","0.0102628845827371","0.0283333649584265","0.00952069354332946","0.0333743958628733"
"2012-06-03","0.036663888413056","0.021723649689889","0.0115447883123342","0.0156524733820873","0.0369896740107385","0.0145836263086741","0.0325456918066939"
"2012-06-06","0.0375","0.0231900317696107","0.0180673711218028","0.0151520946992425","0.0322582330363394","0.0260266255674559","0.0318695075745172"
"2012-06-07","0.0275035365270596","0.0245353077432652","0.0189520094048988","0.0135762912587605","0.0216471291567795","0.0140811368136043","0.0299206467763372"
"2012-06-08","0.0387334420292361","0.0406236555695217","0.0195249822337223","0.013977363468197","0.025","0.0174434743525542","0.0298552036251339"
"2012-06-09","0.0408915479378578","0.025","0.0198042723660285","0.0103047307292934","0.025","0.012492193931646","0.0305099522904183"
"2012-06-11","0.0423117729305205","0.0241256629142861","0.0186681270147294","0.0141104557983214","0.025","0.0106490092390781","0.0296190825229741"
"2012-06-12","0.0423732190202011","0.0257522166867057","0.0289376003100845","0.0105661926807245","0.025","0.0138003803793604","0.0276855586503676"
"2012-06-13","0.0418306270950513","0.025","0.0204316220210883","0.0102218974405343","0.0211029902013224","0.0100885203553105","0.0303278794829472"
"2012-06-14","0.0426214067182651","0.0221611832003742","0.0170921690819517","0.0129643392491142","0.022326723810855","0.0103877702505965","0.0299718904963142"
"2012-06-15","0.0429282971669072","0.0420530712867339","0.00946383942794344","0.00882210757567349","0.025","0.0132226615347024","0.0310002116707967"
"2012-06-18","0.0417706608281812","0.0526717216150445","0.00978000974411994","0.00827516225013482","0.0232976035950891","0.0106319180787389","0.043342293668885"
"2012-06-19","0.0430376685837879","0.069894447392782","0.00979080041352853","0.00827977173538082","0.0169495009000127","0.00808974723698616","0.0517220162452709"
"2012-06-20","0.0429839141563975","0.0276803844202975","0.00981722274706335","0.00823129437696152","0.0170778068477878","0.00808441702852333","0.0298437502050902"
"2012-06-21","0.0409834792041333","0.0228702334082463","0.0145695550178582","0.0118341113676414","0.012491069471892","0.00871502989954635","0.0279595089920355"
"2012-06-22","0.0345828755610266","0.0242787914839431","0.0140798737169073","0.0107116073197569","0.0122982957553467","0.00968023762123922","0.0301332062872959"
"2012-06-25","0.0341146582235497","0.0133777985160214","0.00752656223392051","0.00907150736627226","0.016664851421835","0.00972081912900793","0.025"
"2012-06-26","0.0367212502985908","0.0263564093477444","0.00763468274790808","0.0113380156302839","0.0169747867383707","0.00814279361072768","0.025"
"2012-06-27","0.0394182644555934","0.0237455372429259","0.00950156414457778","0.0106837752471555","0.0209817663251105","0.00908966123390183","0.025"
"2012-06-28","0.0373306540573261","0.0222316565910739","0.00933067327216698","0.0106174335608436","0.0172116207109335","0.00858599648645174","0.018696130391255"
"2012-06-29","0.0394016880455395","0.0125","0.0117583641984755","0.0109316781001948","0.0170449620423158","0.00990427950024769","0.0189108941987576"
"2012-07-02","0.0362824573879602","0.0134448179667068","0.00999198995221879","0.00976437190954603","0.0215197991530797","0.00777147853200057","0.0320425603961635"
"2012-07-03","0.0478198973369763","0.0123587439307883","0.00974980170019323","0.011255710926332","0.021344035537354","0.00931423203120535","0.0291292739091746"
"2012-07-05","0.0447238485209418","0.0128455824223846","0.0107055911641066","0.0114603192542867","0.0211073851361509","0.0072328455438503","0.0277218028546901"
"2012-07-08","0.0374504019599746","0.014468821604042","0.00716016608629077","0.0116533246060724","0.0190821936363938","0.00712943427912787","0.0256268056451683"
"2012-07-09","0.0385703058579797","0.0153633410653564","0.0102297750933805","0.0119701710527238","0.0183195911381097","0.00737406760414483","0.0250855781211205"
"2012-07-11","0.0373311673696222","0.0146199970061256","0.00979563320512111","0.0104511395978739","0.0180162653532706","0.00740062083276376","0.0237394909633984"
"2012-07-12","0.0372588670214807","0.0134052081010646","0.00745915617913279","0.0116037486230104","0.0193171022834414","0.00737735266951574","0.0247499382401127"
"2012-07-16","0.0363189208417842","0.0144202305556441","0.00998470780130119","0.00804196289602343","0.0236733039352576","0.00707079295244871","0.0326671310452969"
"2012-07-17","0.0365593970915924","0.0136313112080924","0.0114246821307578","0.00793363349251481","0.0215242470699125","0.00743135830920921","0.0320232262397235"
"2012-07-18","0.0389755215937648","0.0131494096881396","0.0115384189991787","0.00820031782158358","0.0215584127060525","0.00744843953087168","0.0262800751466266"
"2012-07-19","0.0374269173302612","0.016219487625956","0.0117602438122167","0.00828718345406114","0.0217365090063424","0.00758448110730429","0.0320029093506505"
"2012-07-20","0.0374879242042959","0.0162262529146488","0.0120264722861532","0.010029772507484","0.0224128527290437","0.00868518819204073","0.0307984850894132"
"2012-07-23","0.0381786857837749","0.0165082535662726","0.0136103761211772","0.00965844232336807","0.0269195973497619","0.00907400908436669","0.0414413641352928"
"2012-07-24","0.0399014414318305","0.0141729349241908","0.0127382891842299","0.0262367027365255","0.0248730258658093","0.0129572199451173","0.0296694033616708"
"2012-07-25","0.0399004506610349","0.0145143036380119","0.0143453619445131","0.0216604778877249","0.025036975795913","0.0415683038588031","0.0216593958811228"
"2012-07-26","0.0399529551845302","0.0132278725968547","0.00985748769706978","0.0221581767285544","0.0250676865215608","0.0128308274036495","0.0292401284239902"
"2012-07-27","0.0376383688508702","0.0132667715536034","0.0136336483795306","0.0214547416669736","0.0243439664363552","0.00730208607386465","0.0311012750813142"
"2012-07-30","0.0376545258449364","0.0129629671794077","0.0129900466573324","0.0212639993886229","0.023271001072093","0.00738848074279559","0.041547502397622"
"2012-07-31","0.0374301262346984","0.0130734222886776","0.0114740668499981","0.0134783246575598","0.0306146984287023","0.00731996259993176","0.0333627369068668"
"2012-08-02","0.0385591286114562","0.0119127591891435","0.0249143847421277","0.0186343585543205","0.0235475514100564","0.00742845177968277","0.0290695108885444"
"2012-08-03","0.0367375042858381","0.0134280000221242","0.0130368622752544","0.0187236502293372","0.0241209725253236","0.0396860525136587","0.0319289911068264"
"2012-08-05","0.0382628809632928","0.0134274254253904","0.0151254517534813","0.0187551086586312","0.0316907532560256","0.0411362384411818","0.0362454355911297"
"2012-08-06","0.0377874205580756","0.0130008756140816","0.0105983900809899","0.0183767638985217","0.029830693256708","0.0402484471154846","0.0302164781609768"
"2012-08-08","0.0378463460600243","0.0214454919384779","0.0147408022322506","0.0196063408160697","0.0281411607117942","0.041493421643089","0.0316738513942847"
"2012-08-10","0.0372649085339005","0.0152654422833322","0.010678308890066","0.027977523072774","0.0269179128442592","0.0418299225439071","0.0267071306297865"
"2012-08-11","0.0374960162463479","0.0242124073363586","0.0110578929393712","0.0139011169285495","0.0268372619695579","0","0.0246278144988231"
"2012-08-13","0.0367764908520533","0.0202014479035814","0.0108073562413381","0.0143326884260085","0.0218084529849892","0.0086124798915999","0.0245002743408318"
"2012-08-14","0.035481443571308","0.017975270758338","0.0112006805822749","0.0182590935886445","0.0224438004342304","0.00855614448642146","0.0246651629657498"
"2012-08-16","0.0366333979086835","0.0253739336256897","0.0145528005878568","0.0149948628673459","0.024657086402543","0.00850555243169356","0.0253420074972404"
"2012-08-17","0.0370189893331974","0.0190768997654863","0.00690945624966264","0.0144391978954094","0.0265298834904606","0.00817162515075238","0.0245697018493295"
"2012-08-20","0.0324473212762438","0.0169269373392111","0.00664825015296577","0.0142090087881113","0.0273278556644001","0.00872590965955318","0.0233212457488817"
"2012-08-21","0.0375179096076479","0.0179623070737317","0.00680114728657655","0.0171854802020302","0.0400751095693647","0.0086931352540114","0.0409071360765177"
"2012-08-22","0.0375405077115178","0.0175514691152815","0.00814871361924578","0.0178359534524781","0.0387545102198964","0.00795830322194509","0.0468247532559904"
"2012-08-23","0.0359387976768008","0.0168317839980655","0.00816721490079123","0.0177594563717103","0.0356932443515738","0.00872719182421802","0.0409982947168144"
"2012-08-24","0.0373848195835623","0.016427739209723","0.00823150930462701","0.0211539929619366","0.0274961899442231","0.0086908035753705","0.0436471795276107"
"2012-08-27","0.0372121858585274","0.0168638496917851","0.0130230413900126","0.0260983693124543","0.0344293973218324","0.00740113059481675","0.0312066023354664"
"2012-08-28","0.0371496790617938","0.0192431036645467","0.00781711854294199","0.0282249781962701","0.0357424447983903","0.00756795834518238","0.0842942683962908"
"2012-08-29","0.0367582649101712","0.0189322790491132","0.007763115294369","0.0187374998939907","0.0284835384133509","0.00816984030910264","0.0392098655644544"
"2012-08-30","0.0404308921932739","0.0185788151027166","0.00726435698556405","0.0159050292604333","0.0260260040143089","0.00739544889651118","0.0382274090545197"
"2012-08-31","0.0404027808419771","0.0151741856204664","0.00823899049241568","0.0155426684836181","0.0270531656205232","0.00730571246135079","0.0381381786957257"
"2012-09-01","0.0392493362436696","0.0154884570501851","0.0082503424873365","0.0130666686306743","0.0269613736239739","0.00744700943722443","0.036147445917206"
"2012-09-02","0.0403145231152988","0.0148366897986783","0.0110288060403087","0.0131021191543753","0.0452985070134725","0.00756316851289125","0.0395120838275399"
"2012-09-03","0.036577112540778","0.0185588468169002","0.0132034892649922","0.0154324343127311","0.0270922074243184","0.00762840112250457","0.0390673726627412"
"2012-09-05","0.039443403701871","0.0168726450492396","0.0119580459362255","0.0149103601932957","0.0271804525341148","0.00772232064709399","0.0336693340505363"
"2012-09-07","0.038326118655718","0.0361431575137146","0.0108719495706181","0.0162610980143366","0.0269378464415983","0.00834055672475417","0.0313643534944378"
"2012-09-08","0.039853992551866","0.0214638148478755","0.008188203755784","0.0207364664728664","0.045109059796426","0.00760804793433792","0.030799231226908"
"2012-09-10","0.0391773674126259","0.0723347988352602","0.0087494135418657","0.0149701350741245","0.0447976005056839","0.00854139102705397","0.0256174743375226"
"2012-09-11","0.0390748296382653","0.0304940286777903","0.0116459422011898","0.017655155124124","0.0382117583072406","0.00866826973830219","0.0289131735245195"
"2012-09-13","0.0390909643651686","0.0310084510962041","0.00811749112637065","0.0168814015990334","0.0255141165626735","0.00811682908015083","0.0276222155413069"
"2012-09-14","0.0375554797433436","0.0311367571789021","0.0161380872325269","0.0147264287905119","0.0293625590272528","0.00708587130046169","0.0256303651490322"
"2012-09-17","0.0369128632108055","0.0294241504453197","0.0109064784816626","0.0175942241412523","0.0339480975999235","0.0071355053513315","0.0334342885948684"
"2012-09-18","0.0345636374887721","0.034167394292211","0.0123596016937238","0.014125190048897","0.0321408436931965","0.00672242851987951","0.0475712978817451"
"2012-09-19","0.0373187452784584","0.0367851863176883","0.0121941908215358","0.0129314369021577","0.0266422886366627","0.00715829818464857","0.0492674767370742"
"2012-09-20","0.0357285019038906","0.0359106951465582","0.0108906506366403","0.0154209319044605","0.0316997907477424","0.00560360271533101","0.0397562029606541"
"2012-09-21","0.0373778846469557","0.0364866863912499","0.0164701989868294","0.0157458670647478","0.0281128914720182","0.00582110912783175","0.0395557755399899"
"2012-09-24","0.0373421737749164","0.0353086371188156","0.00718388683290889","0.015288732332862","0.0278357774660174","0.0061203074046352","0.0374041066242515"
"2012-09-25","0.0368621964625959","0.0215177500576504","0.00866638416539662","0.0168693069870346","0.0273770234033779","0.00712284369555714","0.0341152459815003"
"2012-09-26","0.0366622910834174","0.0206890420260779","0.00783641158534911","0.0594019210923671","0.0291294328520555","0.00809619490622414","0.0368166856256244"
"2012-09-27","0.0358567720089279","0.0363888389924842","0.00813432319647503","0.016059198208732","0.0292829457736075","0.0074746077038353","0.0362306304098303"
"2012-09-28","0.0335322933609383","0.0339769743580126","0.00710593612750657","0.0169499962177546","0.110457015356163","0.00754954963065732","0.0355346639084775"
"2012-10-01","0.035586831830483","0.037733362496754","0.0101226117641869","0.0114032974285774","0.0404426709250854","0.00777215019711587","0.0308386062643234"
"2012-10-02","0.0350448485496761","0.0387054156283727","0.0103859648477269","0.0115849771022021","0.0821579026662598","0.00786281325195361","0.0332210531974523"
"2012-10-04","0.0351809988341822","0.0388537244243786","0.0133003719596483","0.011685641559783","0.0453931320507363","0","0.0340756846423489"
"2012-10-05","0.0365681765537083","0.059858450434546","0.0107272702372982","0.0133982109662377","0.0480023190992421","0.0129047230200634","0.0300919147414874"
"2012-10-07","0.0353175436836109","0.0619512290166095","0.0135194114445411","0.0145141569950159","0.0490973450289142","0.0102414512613207","0.0304124225509136"
"2012-10-08","0.0352440670671747","0.0610475706291495","0.0140331594116502","0.0148782201481056","0.0499327368546244","0.00868370937176972","0.0320089842535333"
"2012-10-09","0.0351518864671592","0.0518114211987142","0.0129181958046263","0.0140606903424078","0.0507215882488384","0.0098943705147923","0.0319290932481881"
"2012-10-10","0.0345151574061512","0.0826392408040751","0.0133759590062662","0.0128833613991188","0.0518616410425663","0.0108834545227879","0.0325450186739788"
"2012-10-12","0.0335961410401353","0.0364436195949001","0.0147319748884953","0.0138154243626731","0.0553863632621947","0.00950852216229381","0.0370859741815179"
"2012-10-15","0.0352386463058389","0.0452067366671514","0.0150760605220384","0.00980186983785566","0.0518432633566027","0.0104411794013215","0.0354434783867271"
"2012-10-16","0.0363549059705496","0.0408743227978281","0.0144026151450988","0.0105753077867221","0.0519250425214685","0.0109429174806471","0.0345713073117538"
"2012-10-17","0.0337808437324495","0.033068100205993","0.0182098897715392","0.0108880205002771","0.0542962633743824","0.010415565379892","0.0205134804895687"
"2012-10-18","0.033922457493588","0.0342896633855611","0.0153704832677698","0.0122869073918533","0.0746971952011182","0.0102978865838941","0.0236837043317218"
"2012-10-19","0.029810580384918","0.0348128134903172","0.0154885316648632","0.0194501777540359","0.0577646743779561","0.00842240346023064","0.0278738104757643"
"2012-10-22","0.0309129226100202","0.032117364650251","0.0187375148317874","0.0117852684708659","0.0564322857188536","0.00962302898193905","0.0215486692425442"
"2012-10-23","0.0289476775284426","0.0288998408632846","0.0126647917658958","0.0107315869522804","0.0730322583141899","0.00945517360976138","0.0220471771596547"
"2012-10-24","0.0313508143727246","0.0264740418302504","0.0157634476510797","0.010708367852507","0.0610721326353467","0.00923806964964072","0.0213079074864509"
"2012-10-25","0.030872862274364","0.0278660368765642","0.0208305155163001","0.0208463669284335","0.0576377282096523","0.00842074150400234","0.0216385082722947"
"2012-10-31","0.030636597788905","0.0289952396017412","0.0141444274012563","0.0116082554165089","0.0565893025183177","0.00838256431373906","0.0213386938334627"
"2012-11-01","0.0300605697959157","0.0408317602244471","0.0144421781667452","0.0109569419774657","0.0574750767691355","0.00840102162499026","0.0209571547790643"
"2012-11-04","0.0298688618772016","0.0383540596150783","0.0171598945651915","0.0112951865488042","0.0580476713233337","0.00803422830236615","0.0214191643468803"
"2012-11-05","0.0303176690250915","0.0172577593413345","0.0139372241031608","0.0183127219940962","0.0610661130749897","0.00772425867363826","0.0215167185118572"
"2012-11-06","0.0308608496983988","0.0174595855950002","0.0130508992008821","0.0117396814818316","0.0615366364080735","0.0079000795165636","0.021011274055243"
"2012-11-07","0.0303998604170876","0.0216932673970332","0.0121303354504687","0.0113880090463031","0.0354208201716301","0.007827226249499","0.0214151944715125"
"2012-11-09","0.0305020636243034","0.0209512246500706","0.0129711139831013","0.0127548057847998","0.0573269940528387","0.00786590933830811","0.0218962816202349"
"2012-11-10","0.0299942863098185","0.0370372388287504","0.0129865953420258","0.0120484298204406","0.0435052874260832","0.0071499363081481","0.022224326371693"
"2012-11-12","0.0391858518092723","0.0174080098747582","0.0186664597694426","0.0118333671534411","0.0704480895350757","0.00741876173236274","0.0206091886707572"
"2012-11-13","0.0382992584939719","0.019949634111054","0.00847830735546416","0.0151205108508078","0.0666172318594077","0.00695936109463193","0.020640743166103"
"2012-11-14","0.0313764636525255","0.0196246066759807","0.00830293213847651","0.0134995046568261","0.034935","0.00693063169758484","0.0210576183114039"
"2012-11-15","0.0310566848430714","0.0193163516254632","0.00838270544540842","0.0241953856724139","0.0275571931117161","0.00804113002756169","0.0309886713242257"
"2012-11-16","0.0393302524041126","0.0174595827274919","0.00848899453204482","0.0124264571248755","0.0376323225414716","0.00797188691411867","0.0206820297370789"
"2012-11-19","0.0390410268349718","0.0295519225185407","0.00835163047306347","0.0119398183016639","0.0579840274392682","0.00731507243502533","0.0201192484951528"
"2012-11-20","0.0380016854491143","0.0297006080707403","0.00957236261396001","0.0220624252215345","0.0586921475747355","0.00786728671823325","0.0295293206075983"
"2012-11-21","0.0240064076111417","0.0295466342793956","0.011692080262162","0.0202771944632142","0.0502015424521432","0.00786598932894727","0.0295977727120157"
"2012-11-23","0.0239438897938893","0.0204024938410642","0.0116209702480794","0.0206708697552522","0.0509569599718164","0.00787960577226895","0.0308583303966255"
"2012-11-26","0.0241306194785438","0.0173787922476609","0.0110605854539867","0.0163396748688572","0.0435779770106448","0.00784826798716703","0.0299097335124772"
"2012-11-27","0.0238220080894922","0.010728159483155","0.0109966585076725","0.0201345052069175","0.048479554374811","0.0079131177909547","0.0345366719903937"
"2012-11-28","0.0315829988196113","0.0107321114117437","0.0152070569132765","0.0182465935048954","0.0464395141747627","0.00774086397311722","0.0371903860768108"
"2012-11-29","0.0343112138670474","0.0117732147187853","0.0110990586266057","0.017452408332459","0.0475261128656774","0.0078285035833882","0.0310335275131001"
"2012-12-01","0.0324948379263204","0.0123443284218613","0.0123914293517545","0.0171791787231977","0.0493550469226195","0.00770281884386703","0.031114909217849"
"2012-12-03","0.0343402694662389","0.0287502008476628","0.0158784293941513","0.01746342181456","0.0515180391228428","0.00776230127240921","0.0344755876247851"
"2012-12-04","0.0315397700511002","0.0241986880520212","0.0169652857803831","0.0258125665536542","0.0847818326495877","0.00782263013855207","0.033743360408472"
"2012-12-06","0.0313569126493935","0.0218728355547305","0.0178914245227015","0.0180673237242981","0.028594118750196","0.00786372497321874","0.0232008018231041"
"2012-12-07","0.0314894961924132","0.0318134647852078","0.00806831970503144","0.0108258940551597","0.0216043845895658","0.00814259093536382","0.0226519235607337"
"2012-12-09","0.0315063798468135","0.0854231108761961","0.00794107990051034","0.0108081785593453","0.0212485453722371","0.0074736985282652","0.0329631801084701"
"2012-12-10","0.0315063029410439","0.0856340408771068","0.00813319722606548","0.00834233847868481","0.0216836745627649","0.00740944517123633","0.0254184695600874"
"2012-12-11","0.0304144998920784","0.0867099265877036","0.00827095172521657","0.00813215412245676","0.0263056568199709","0.00732751021098764","0.0205345339057791"
"2012-12-12","0.0324886676481924","0.0811296694384818","0.00910739988088031","0.00737243790370566","0.0228659516883912","0.00765564164052606","0.0223070642242505"
"2012-12-13","0.0323907810031707","0.0344282643277556","0.00863772497239973","0.00752123170087575","0.0237359210208222","0.00827586726131162","0.0228431383759191"
"2012-12-14","0.0313522209887376","0.017374562470129","0.0075250164708511","0.00753784304211251","0.023955928248275","0.00814265362645823","0.0212852567291816"
"2012-12-17","0.030406323021411","0.0176280770544236","0.00801746675964522","0.00763648906695797","0.0247609740752934","0.00857929237022731","0.0218217847244768"
"2012-12-18","0.030444675289377","0.0152363494487269","0.00638726057058755","0.00694979832677206","0.0363009643494836","0.0109835869505179","0.0221364957469449"
"2012-12-19","0.0293776760492669","0.0137193563179041","0.0067188049857501","0.00705042836765653","0.0297590252528701","0.00949538137118378","0.021682375313631"
"2012-12-20","0.0298910773295215","0.0132506376990614","0.00675834503003952","0.0094512665461304","0.0353770260773031","0.008648134341069","0.0322841168874244"
"2012-12-21","0.0307898460603784","0.0126624724721259","0.00660945003348287","0.00679668214561435","0.024594151197229","0.00844525163092494","0.0350446781882823"
"2012-12-27","0.03087568336406","0.017660220058869","0.0082924753250563","0.00736322161621017","0.0241493164809707","0.00816965479706927","0.0372001105045136"
"2012-12-28","0.0312964046268541","0.0182566261032302","0.00947721826640292","0.00780279489041662","0.02394603664251","0.00971185144443983","0.0295688236779082"
"2013-01-02","0.0315610459281108","0.012293131245391","0.00691111602894309","0.00973182624260152","0.0276420052149732","0.00784962747282914","0.0403461810816205"
"2013-01-03","0.0322380225333621","0.0140767392332943","0.00894314997994585","0.0102878143845576","0.028775476188221","0.00737757041874215","0.0310932835734103"
"2013-01-07","0.0329345669781721","0.0235088692561302","0.00724493840267954","0.00772702880785483","0.0254319284531372","0.008447025935226","0.0263223608398026"
"2013-01-08","0.0322277275901958","0.0110107185787826","0.00728660826293661","0.0103345288719368","0.0370634753347301","0","0.0275450033724617"
"2013-01-10","0.0313506555575028","0.0115259874630857","0.00725250210194786","0.00893514720330886","0.0262765357129116","0.00723965695356872","0.0259364314541369"
"2013-01-14","0.031425695589963","0.0149979020539476","0.00696922275513816","0.00887032777504093","0.0180090335002232","0.00754002653210339","0.0278535922826443"
"2013-01-15","0.0310941027823221","0.0148711175192331","0.00701402800136534","0.00852650775809528","0.0265401483325236","0.00755656009576871","0.0283032289770157"
"2013-01-16","0.0309682211598149","0.0182568141575852","0.0070259214282576","0.0116368933033075","0.0171041957394168","0.00831809142462184","0.0162545120188021"
"2013-01-17","0.0310461251268537","0.0181576997566463","0.00714040717518742","0.010383349523531","0.0109698758241612","0.00935380097941353","0.0265552355635977"
"2013-01-18","0.0309874518187256","0.0181381349035168","0.00715828270050956","0.0118804232934645","0.0108243466307448","0.00750909599363161","0.0213001534224355"
"2013-01-22","0.0306882633259014","0.0173382596047543","0.00721160099801254","0.00869382870132288","0.0110521950687561","0.00934252607062327","0.0225148860853876"
"2013-01-23","0.030735924694073","0.0222421141198671","0.00710651609479209","0.00867469767345593","0.0152292037754563","0.00741881006357838","0.0226030123552635"
"2013-01-24","0.0311439023733224","0.0104127611703139","0.00657732434638234","0.00877441751703258","0.0190162148046539","0.00732961522984076","0.0191046870287167"
"2013-01-25","0.0309035615867616","0.00674858434604353","0.00642243905804819","0.00865020877078307","0.0149975917554448","0.00735046008503406","0.022002754695005"
"2013-01-28","0.0319580011497022","0.00981145013894366","0.00679148604998977","0.0096455638288542","0.013602832250757","0.00726448832453521","0.0234808672211517"
"2013-01-29","0.0317818244905889","0.0106805560026797","0.00705684325767369","0.00991936392567539","0.0150653733847152","0","0.0274970241403638"
"2013-01-30","0.0310815580047753","0.0101167460434821","0.00696355737679146","0.00983777370831361","0.0178970659161536","0","0.0263572659687071"
"2013-01-31","0.0269895358860851","0.00973399322916843","0.00682290322999787","0.0089164472282716","0.0158942647701317","0.00683733683449609","0.0245453489624875"
"2013-02-04","0.027782735007824","0.00966222708380828","0.00687923134594613","0.00837983348548656","0.017610453641549","0.0067321889923912","0.0278044168961295"
"2013-02-05","0.031391849059458","0.00978614573664282","0.00762415790785249","0.0101103972759174","0.0198035283918993","0","0.0262244000340183"
"2013-02-07","0.0326496370921959","0.00966799860841469","0.00707985151633235","0.0138136206782232","0.0139027415044378","0.00862914432918073","0.0296414228048573"
"2013-02-08","0.0320298088583029","0.0096714372079568","0.00728221061501687","0.0100311949046599","0.0145944069205813","0.00658328508390212","0.0310259694693205"
"2013-02-10","0.0319355655786416","0.0113864716014522","0.00786055309955573","0.00929293024048724","0.00955937508047948","0.00747351775902144","0.0223169618073259"
"2013-02-12","0.0300808698395975","0.0095932855510199","0.0074941822705803","0.00914561253077317","0.00883709364700659","0.0102600885058566","0.0385991521671281"
"2013-02-13","0.0262363745330671","0.0137718727463232","0.00731429651246912","0.00854628673767337","0.00787475350501959","0.0173067978908327","0.0257650153014932"
"2013-02-14","0.0268294764057255","0.0142504849503267","0.00788074127930895","0.00843674432838999","0.00778364640191078","0.018201337459324","0.0265253442529022"
"2013-02-15","0.0310518881197061","0.0142874730247054","0.0080294996861727","0.0117784579721387","0.0117545251001753","0.0140181040384802","0.0265880117029048"
"2013-02-19","0.0308725698575443","0.0139138540754824","0.00773851583868643","0.0118889742230609","0.013277781249617","0.0110297346977659","0.0250489384565804"
"2013-02-20","0.03052339761474","0.0138396883912143","0.0111916906473339","0.0128028542912125","0.0127893525580214","0","0.0247769016699234"
"2013-02-21","0.027425479040607","0.00911941554567208","0.0107906877643042","0.0129935065926456","0.0142309687715773","0","0.0249114307344451"
"2013-02-22","0.0271980713186333","0.00727369866412878","0.00718204277037449","0.012671384797286","0.0186318953753857","0","0.0247125087969232"
"2013-02-25","0.0297292092072246","0.00703365684621685","0.00803992567705686","0.0106365539325851","0.0138110951454705","0.00721041457932958","0.0291148483427905"
"2013-02-26","0.0305580240711679","0.00788162918349451","0.0110553288344372","0.00995761059774132","0.0162840756118642","0.00837809719944836","0.051417183016676"
"2013-02-27","0.0248164689103812","0.00730185630180266","0.00663373590302303","0.0102669426101011","0.0192286156530935","0.00846199871420296","0.0224499932342766"
"2013-02-28","0.030628016587618","0.00702728632780966","0.00708744141202808","0.0106986861830585","0.0188530077176281","0.0103909794661984","0.0220490796652171"
"2013-03-01","0.028986478865557","0.00673623127968408","0.00634785462113107","0.0107912898690042","0.0271286131774008","0.010463190124476","0.0144477601191847"
"2013-03-04","0.0293495208853762","0.00683756715602561","0.00638370036974542","0.00958688095467578","0.0248354376505713","0.00838334767277549","0.0176356253841172"
"2013-03-06","0.0290289315312275","0.00843483604628937","0.00665339364420648","0.010617269953106","0.0179829958921996","0.00809115168151504","0.0149300724168949"
"2013-03-07","0.0302593328240242","0.00787856198141281","0.00657442700276662","0.0117169359795147","0.0178082719890289","0.008349092627751","0.0144151585892731"
"2013-03-09","0.0302511111017558","0.00751664729095659","0.0072688605131059","0.00678508396821908","0.0209761363594625","0.00697629649313649","0.0166981311688182"
"2013-03-10","0.0300087836819922","0.00743470641824633","0.00714911949437491","0.0149684868716582","0.0244626020985786","0.00764545576484967","0.0149399393628016"
"2013-03-12","0.0296238875282038","0.00903384037880684","0.0063392268806085","0.023160201297487","0.0247166077900792","0.00860632608429721","0.0193978639782624"
"2013-03-13","0.029860856430536","0.00766554909604563","0.00607440634859538","0.033768319122999","0.0725313502427822","0.00852932896965984","0.0104565197612197"
"2013-03-14","0.0280226291594669","0.00687450627243202","0.00612623782729833","0.0143948204891574","0.0160097403520922","0.00856757261144631","0.010469121254127"
"2013-03-15","0.0298173189902088","0.00895701235019709","0.00607505379253529","0.0153025315333396","0.0160044475898039","0.00851944682928843","0.0102961896141094"
"2013-03-19","0.0276241550557354","0.0120408284693367","0.00605965285170736","0.0148410466469186","0.0178594603343408","0.00845643811090448","0.0133502272972482"
"2013-03-20","0.030465204065279","0.0119837434911331","0.00702007544888322","0.0130649810480173","0.0215428278779571","0.00837519694525836","0.0183714988663379"
"2013-03-21","0.0299577227544394","0.0122877623446576","0.00636700971541531","0.0159658097591581","0.0269970976635422","0.0084376985906056","0.0188846936080457"
"2013-03-22","0.0299733654991444","0.0125216520431544","0.00649537315569958","0.0132041837771269","0.0329528043065716","0.00837147585973699","0.0183693519775919"
"2013-03-26","0.0293795393074672","0.01251593599253","0.00648540170069134","0.0153977283220651","0.0283430854320476","0.00844540351908387","0.0207164414527622"
"2013-03-27","0.0298773691715405","0.0153716149665269","0.00589488979281423","0.0153632366296251","0.0275567082128933","0.00730381376472616","0.0147511127947377"
"2013-03-28","0.0294541619697231","0.0149011535603858","0.00652973525018588","0.0155110748311852","0.0215616795903388","0.00844768164433535","0.018119188588007"
"2013-04-01","0.0299240588332416","0.0147313098887199","0.00656011608751057","0.0142779952097232","0.0215497498791098","0.00851362953011333","0.0226021879136125"
"2013-04-02","0.0298548585556126","0.0153704702121325","0.00661184301554335","0.0110686909121102","0.017468595018776","0.00860409277214748","0.022796105149041"
"2013-04-03","0.0295347676765592","0.0161043464521907","0.00651788060795617","0.0132989513107219","0.0130605140874149","0.00785108472133462","0.0196591322777796"
"2013-04-04","0.0301600133356018","0.0151870372301153","0.0100928963756258","0.012730849346276","0.014151685285571","0.0085245193854223","0.0202339472207476"
"2013-04-06","0.0294487019232052","0.0138135500049273","0.00731879903013828","0.0122375391949299","0.0134312083374536","0.00987357462803641","0.0176908258509172"
"2013-04-09","0.029476805918832","0.0125638416853125","0.00742339986006294","0.0116171036308915","0.0145776205987267","0.00961342642243883","0.017327079172587"
"2013-04-10","0.0296498174771152","0.0127392545290665","0.0153469230246721","0.00736211586390894","0.0127712898154659","0.00933904225028253","0.0199874388522041"
"2013-04-11","0.0296563835128156","0.0103299964228001","0.0156565293175302","0.0106358575401514","0.0108322704503973","0.00794341292392062","0.0178424253480786"
"2013-04-12","0.0295801368542076","0.00922129580906542","0.015890775862189","0.00751357370663719","0.0136810609753873","0.00739587336270176","0.0199210199867881"
"2013-04-15","0.0301425215012661","0.00806189587943486","0.0141145504967659","0.00730957636909908","0.0194179239965213","0.00707170190514916","0.0174637895185836"
"2013-04-17","0.0292446515956988","0.0105494464188792","0.0120490957408119","0.00897487740933073","0.0224896892144938","0.00928857412204292","0.0167677601487156"
"2013-04-18","0.0289949130914861","0.0276747052056366","0.0120952342532444","0.0106345320835484","0.0185915039225021","0.00971457074553515","0.0180845556814914"
"2013-04-19","0.0292163105297959","0.015643387963143","0.0134025602374563","0.0147718821540262","0.0226525473167314","0.00920239617846345","0.0182233288574571"
"2013-04-22","0.0288280337196719","0.0154527208112486","0.0113901583840597","0.014456345190072","0.0250584236761027","0.00908414361544593","0.0159124618342007"
"2013-04-23","0.0299656539189183","0.0152472431522016","0.0120409316414927","0.0208781075401537","0.0326095542051814","0.00878164855378677","0.0161249645928355"
"2013-04-24","0.0288957941634381","0.0162967004224014","0.0147064477588754","0.0133130767651095","0.0484692888139534","0.0139468834997458","0.016738299772649"
"2013-04-25","0.029142923918121","0.0150781465959622","0.0149368803564022","0.0187799879162575","0.0474351231718876","0.00909019785074447","0.0161423912614927"
"2013-04-26","0.0294602368329387","0.0151769648203556","0.0109407337973523","0.0155205558477086","0.033066691492351","0.00854954484697404","0.0172601875400183"
"2013-05-02","0.0266013593040655","0.0152326222495519","0.0122671700924742","0.0160536402831354","0.0456804249735291","0.00862186611735598","0.0178146639470532"
"2013-05-03","0.0268858647510265","0.0145356067601993","0.0150390765889","0.0175033653201894","0.0463092652772199","0.00907403040205318","0.0176492452088112"
"2013-05-04","0.026711723521253","0.0144150705416006","0.0190919517244984","0.017508235985881","0.0459123921033986","0.00947007224175188","0.0176377593642359"
"2013-05-06","0.0268941367811","0.0135036549669907","0.0125073507876549","0.0210571305293691","0.0272867469864678","0.00865997086855028","0.0167307686548846"
"2013-05-07","0.0267336771152614","0.0138206502008096","0.00813195442016662","0.011985518964972","0.0275419632821646","0.00926782237248922","0.0174601528887095"
"2013-05-08","0.0265971015012872","0.0283839343373942","0.00617161124462297","0.0115855994035233","0.0257640058938042","0.00875288765181289","0.01849042843714"
"2013-05-09","0.0266197320109063","0.0145758230739131","0.00820470483144389","0.0145215881730008","0.0285565420051248","0.00909338293578778","0.0179637486303649"
"2013-05-11","0.0267740023151483","0.0145764612229751","0.00846376994032674","0.00925432378717145","0.0216160693998436","0.0113794674255238","0.0180173863884874"
"2013-05-12","0.0289695901277971","0.0119281398889337","0.0062095559273719","0.00913919667638844","0.0293662681459677","0.013415226478621","0.0224343157583291"
"2013-05-13","0.0289451115343774","0.012593743761805","0.00645804375949229","0.00991999927359757","0.0298236999477471","0.0116548546909179","0.023491530375322"
"2013-05-14","0.0265697169561313","0.013768569242268","0.0167066380148163","0.00911630796810736","0.0292478524212067","0.011571096979356","0.0350484017668869"
"2013-05-15","0.0290808338214525","0.00828587621498659","0.00903326491663779","0.0150340690460288","0.0277058636746663","0.0118191617688115","0.0174682108483872"
"2013-05-16","0.0293999014309003","0.00825988011126418","0.00842811215044569","0.0129217570256484","0.0301609388550967","0.0128853340763267","0.0177463016404817"
"2013-05-17","0.0297232643159738","0.0123571608303712","0.0113114136775946","0.00957798500361965","0.0353570813332253","0.0134607394164852","0.0150093724678089"
"2013-05-21","0.0269041690706594","0.0102701478819433","0.011051989488877","0.0125346034756892","0.0493475000538527","0.0129804349527148","0.0178718830202924"
"2013-05-22","0.0272253751724746","0.0123603942296578","0.0121674203454854","0.0120780852779171","0.0237854240942539","0.0149680553099575","0.04722571874345"
"2013-05-23","0.0271101645492531","0.0132604643379542","0.00685501067128779","0.014132280841274","0.023324449563544","0.0147618184087407","0.0178761463072439"
"2013-05-24","0.0240652592911209","0.0140060582162424","0.00669745162574318","0.0151691329714089","0.0578645677504245","0.0143995686679783","0.0165900415681496"
"2013-05-28","0.0253399656964111","0.0136902383102949","0.00664322794652435","0.0150727316563363","0.0633591365609752","0.0142818240206253","0.0183241774465517"
"2013-05-29","0.0259254817786226","0.0123803162125038","0.00666293674407942","0.0151491534210277","0.152199813813171","0.0132756819323611","0.0183779889838044"
"2013-05-31","0.0259198125509919","0.0275499662723903","0.00660314651212559","0.0147963303046833","0.175525005975607","0.012704518218582","0.0386101714963557"
"2013-06-02","0.0258698394575974","0.0133470499928853","0.0082928429246199","0.00739630737111449","0.170916148629684","0.0128496943911295","0.0210326580164435"
"2013-06-03","0.0265015081950092","0.014042896239157","0.00896561192899411","0.0084767115741203","0.158682948519474","0.0123768636453832","0.0212612878557496"
"2013-06-06","0.0261495632865277","0.0139854810779473","0.00811128662702565","0.00857251835133324","0.0170448235873867","0.0115088622870753","0.0191300572135694"
"2013-06-08","0.0266787984748276","0.0138264426241755","0.00977606092498587","0.00717206885920055","0.0396086006605506","0.0124869567866852","0.0202799551722596"
"2013-06-09","0.0257322255458146","0.0158382725134248","0.00683655847291782","0.00593379278640251","0.0282060633635701","0.0130861242841776","0.0202565779388286"
"2013-06-11","0.0258531766562098","0.0184470062113866","0.00706089144098394","0.0072171877030952","0.043333079458328","0.0136706100881738","0.0194832374315479"
"2013-06-12","0.0256134723102775","0.0136997528312048","0.00981355894952918","0.0079065991063007","0.017388134889448","0.0128290377582982","0.0337896710007111"
"2013-06-13","0.0252687425975152","0.0124159159079261","0.00661754357139786","0.00762854905962725","0.0182751886702177","0.0114684675485548","0.0195641463342594"
"2013-06-14","0.0253099375717968","0.0137746282423237","0.0125892358634883","0.00579971145937511","0.054301800377848","0.0116232542857467","0.0165055558526512"
"2013-06-17","0.0257269176302229","0.0120000017912349","0.0122859074398452","0.00809700978075847","0.0403178467151275","0.0114108610105771","0.0174236027168558"
"2013-06-18","0.0250747639645012","0.0120363520709556","0.00753509739113026","0.00807393161887997","0.0179610421525127","0.0198590417131725","0.0167099642348141"
"2013-06-19","0.0248714210832741","0.0241945233506066","0.0106426028349397","0.00681134457643431","0.0168215400661721","0.0149294462585298","0.0179220404481878"
"2013-06-20","0.0243748148732616","0.0247169353441175","0.00729612267660754","0.00750000245671063","0.017451828984227","0.0139799106701864","0.0184304422538477"
"2013-06-21","0.0239005801984542","0.0389045905145428","0.00810024162377812","0.00562140909325901","0.0585046556885138","0.0133498665131267","0.0167310399394342"
"2013-06-25","0.0242944211185736","0.0254196761365009","0.00841818560368617","0.00603374644092336","0.0404447860748852","0.014973226028878","0.0183896059712843"
"2013-06-26","0.0242294883255284","0.0416824918125205","0.00756276859151382","0.0072812543883534","0.0409827140136697","0.0166554605576545","0.0223960083263358"
"2013-06-27","0.0238491324466517","0.0432680818783093","0.00639223928555753","0.00636462143486094","0.0427124589236421","0.0172132503386146","0.0259708669946814"
"2013-06-28","0.0248914218094064","0.043396998404921","0.00646424397009987","0.00581595118748592","0.0425941351398922","0.0169100629897904","0.0325789992195277"
"2013-07-01","0.0248555116800929","0.0393316573100135","0.00638037966505259","0.00675315824705244","0.0364011847366469","0.0175608985948935","0.0210631864903713"
"2013-07-02","0.0240076815280941","0.0419497912277378","0.0064468340701643","0.0090704266788397","0.0425385567202687","0.0169804646543883","0.0199571579787529"
"2013-07-03","0.0236084974862688","0.0410586282659642","0.00890291715069321","0.00678926548517413","0.0415518319715148","0.0175504179978524","0.0344023398187229"
"2013-07-06","0.0237801633415402","0.0407566795024603","0.00907901143449688","0.00642807726425315","0.037648971053943","0.0166287595969523","0.0191615113701419"
"2013-07-08","0.0277901038261046","0.0340266659464912","0.00803274078376995","0.00622365790140617","0.0392857788388638","0.0174696890198928","0.0256524483700576"
"2013-07-10","0.0239745740835937","0.0202696851793765","0.0095035337839496","0.00589232753992323","0.042051582143082","0.0165565108087823","0.0255157203448498"
"2013-07-11","0.0255918417023171","0.0393424646535301","0.0160853974339382","0.00916306714256527","0.0416916462293269","0.0166887409153469","0.0257421000290273"
"2013-07-15","0.024344634147898","0.0404960931637776","0.0174361122059053","0.0106371158301916","0.0173071423624497","0.0177934802401404","0.0480299380746131"
"2013-07-16","0.0244254238813488","0.0401498342034369","0.0176753917739611","0.010414599290121","0.0175778323094858","0.0178363469421377","0.0261456426560314"
"2013-07-17","0.024326322882545","0.0219235225352971","0.0184220639712531","0.0106827272322442","0.0166435591618473","0.0142546393435868","0.031133548159767"
"2013-07-18","0.024391315558458","0.0353620444157174","0.0167940131659309","0.00797860360360356","0.0150833374098663","0.014245018786987","0.0279418042116762"
"2013-07-19","0.0233200634733784","0.0403402073071165","0.0143581459704458","0.00908768921465463","0.0165802054773952","0.0151766093716284","0.0259185456644517"
"2013-07-22","0.0243988041009562","0.0178038655133455","0.0147695256290588","0.00925566257072438","0.0241602586390556","0.015073945930988","0.0275457734048281"
"2013-07-24","0.0228704582861277","0.0172637640906301","0.0156094460223708","0.0150851777366803","0.021523727485026","0.0158053293972595","0.0276402883617261"
"2013-07-25","0.0226708749732465","0.0229338669083879","0.00954822284448426","0.00978029158255801","0.0234268937517805","0.0252273439304146","0.035083636886723"
"2013-07-26","0.0212289751270018","0.0223521306641518","0.0127580062661566","0.00992288522701109","0.0181418544752563","0.0156996161238838","0.0335952807153647"
"2013-07-29","0.0206495106009551","0.0125","0.0125","0.0101407484611503","0.0215312679959016","0.0184307991285202","0.0320569165237726"
"2013-07-30","0.0211309120716519","0.0218901288539961","0.0127713577368005","0.0105201951694489","0.039276833954466","0.0151280752947175","0.0287518943265743"
"2013-07-31","0.022063553391934","0.0219734983513718","0.0132486064630204","0.0103696535742336","0.0200481010890092","0.0152758976656569","0.0300302713904579"
"2013-08-01","0.0227283692233333","0.0227793877830019","0.015717225251137","0.0102333473850083","0.0231642152711606","0.0149116390285796","0.029859303897795"
"2013-08-02","0.0223616616436889","0.0245424160606695","0.0133786622678818","0.0101084097670978","0.0260755450008934","0.018017779011009","0.0228002229337849"
"2013-08-03","0.0223467053713296","0.0224677960043513","0.0156159705561844","0.00773651379366484","0.0225096854363808","0.0125","0.0240178146681411"
"2013-08-04","0.0237688413638354","0.0226076846927443","0.0139535924029226","0.00605187593687666","0.0186860190961212","0.0125","0.0241396884331024"
"2013-08-05","0.0225164093752158","0.0258989325775967","0.0125","0.00568800083558409","0.0182378876223104","0.0125","0.0239466185600893"
"2013-08-07","0.0233787624333071","0.0254604447594115","0.0128435792876398","0.0118514954600662","0.0249798608817951","0.0095355874750262","0.0234080963773038"
"2013-08-08","0.0240268453482918","0.0254212044134215","0.0125","0.0118831445390851","0.0362604531011809","0.00962874789345435","0.0233752577945525"
"2013-08-10","0.02370599774102","0.0552625748762903","0.0127955642290037","0.0125","0.0305117356662558","0.0139868055327234","0.0235717991276348"
"2013-08-11","0.023164094024574","0.00964768847931944","0.0102560448234203","0.00636998498916109","0.028958640388228","0.0144387358770002","0.0148772182273531"
"2013-08-13","0.0230399635277583","0.0165039041100131","0.0125","0.00667819286455988","0.0458363049055587","0.0144761788245682","0.0132009750700257"
"2013-08-14","0.0227967228219282","0.0149365458662032","0.0125","0.00831737751152056","0.0434168012676935","0.0143972654015776","0.0127249419251883"
"2013-08-16","0.0221090316748184","0.0158327002496102","0.0125","0.00825045651023099","0.0466642364529729","0.014573473589953","0.013146195736809"
"2013-08-19","0.0224315661161224","0.0156841013339956","0.01274000184136","0.00711103564407236","0.0340682659776697","0.0148047870983437","0.0125"
"2013-08-20","0.0225326635565848","0.0160825065177204","0.0130608501992586","0.00933933868222331","0.0256124754391631","0.0149541417183596","0.0217431979787326"
"2013-08-21","0.0225049824446771","0.0156737685950621","0.012872522041944","0.00812970314654159","0.0252534732201047","0.01440157172576","0.0152875225353068"
"2013-08-22","0.0217223699493087","0.0163902930812275","0.0131799475708104","0.00663310704691002","0.0393880008374582","0.0162736721428826","0.0151183500852937"
"2013-08-23","0.0210568196361478","0.0119504000921694","0.0130929890272776","0.00529094246469223","0.0309061034339181","0.0162225447708537","0.0119187307572077"
"2013-08-26","0.0209829951972164","0.0125","0.00821811731042543","0.00525695741381636","0.0269909596139163","0.014111156898769","0.0135016599946023"
"2013-08-27","0.0214760445783762","0.0125","0.0125","0.0055182349828828","0.0210051351596371","0.0140954138384953","0.014826473159036"
"2013-08-28","0.0132007931233843","0.0217794467651231","0.00919060608710155","0.0053463667771005","0.0221131011848278","0.0140963395148465","0.0201180555402301"
"2013-08-29","0.0210066638693945","0.0244270258701608","0.0081215981286359","0.00524721429892734","0.024515564936991","0.0132010864347365","0.0138445317252821"
"2013-08-30","0.0192458428948856","0.0234479882349171","0.00928395008397762","0.00553642006397944","0.0328768426940064","0.0156535300829364","0.014285140916374"
"2013-09-01","0.0186396344627545","0.0202752527314691","0.00917277807990146","0.00525014299424226","0.0284172355509138","0.0132746075790561","0.0184874280316784"
"2013-09-04","0.0194834939947411","0.0148052360091205","0.00975974360670988","0.00556827804112237","0.0209143611809123","0.0130030947481611","0.0146457817471374"
"2013-09-07","0.0207170418163267","0.0173428618610852","0.0125","0.00523290848552684","0.0158107480294745","0.0119958108401443","0.0118038825560186"
"2013-09-08","0.0203707247973101","0.01342168504828","0.0133570988805167","0.00553883196373557","0.0272857230017567","0.0158973228689958","0.016155563054193"
"2013-09-09","0.0195885735610347","0.0149493778038902","0.0131413111065679","0.0112980631993844","0.0298809609364099","0.016149099889365","0.0125"
"2013-09-10","0.0226341321960457","0.0119284301737332","0.0136953083459976","0.0184957240598817","0.0275674293869111","0.0131679744321242","0.0125"
"2013-09-12","0.0199527760693411","0.0119407584782418","0.013194223194116","0.0125","0.032764599857771","0.0163532444321958","0.0145835839812312"
"2013-09-13","0.0187668827314841","0.0120729755433851","0.0185185099985121","0.0140712081743752","0.0286636126803396","0.0153886332375278","0.0134756236242052"
"2013-09-16","0.0208738518514843","0.0121404415358193","0.017001293403299","0.0142268519067643","0.0248386905560744","0.017017882772253","0.0130846946564033"
"2013-09-17","0.0196958147697788","0.00991249666616888","0.0150219839858137","0.0142957546640331","0.0263382857768816","0.0165729861806262","0.0145592219682826"
"2013-09-18","0.016924640277238","0.00911126035727407","0.0148822770111339","0.0140945899024283","0.0240589647419533","0.0165119630691607","0.0145759842590352"
"2013-09-19","0.020537756480458","0.0122682486304104","0.0140922193490965","0.0151292436815225","0.0177230276267149","0.0122573082229698","0.0140117883017582"
"2013-09-20","0.0173188085702537","0.0119538696590755","0.0125","0.0125","0.0191254342406604","0.0137832288778196","0.0173746054958476"
"2013-09-23","0.0201875249173857","0.0140415023084051","0.0123669166714119","0.0115457932605871","0.0156984566123586","0.0125","0.0358825222084111"
"2013-09-24","0.0188240608724914","0.013926164574469","0.0150297440175562","0.0111973956228489","0.0195407154355471","0.0152551562477201","0.0334681881786824"
"2013-09-25","0.0200429508849498","0.0138467402005297","0.0179702990719677","0.011278908069895","0.0124546538067082","0.0166182024268952","0.0353533750730671"
"2013-09-26","0.0172419350059944","0.0137028102693108","0.0229453335416838","0.0111900608155995","0.0119558702351511","0.0165694058307385","0.0159898131806933"
"2013-09-27","0.0159644926420957","0.0140773029458996","0.0170931757633967","0.00824881784403606","0.0123984775043862","0.0113934224050731","0.0161461775727815"
"2013-09-30","0.0199033705919937","0.0147564909496141","0.0169802293358731","0.0110623292040828","0.0125599830080913","0.0112905499648462","0.015911009599632"
"2013-10-01","0.0205866547872638","0.0145152141454661","0.0172009856154471","0.00999067026072983","0.0124327106791013","0.0112253009747781","0.0158208939880433"
"2013-10-04","0.0185799398274224","0.0140435167711891","0.0157476340154754","0.0108044245199267","0.0197978741349989","0.0110142494290297","0.0395659728471642"
"2013-10-05","0.0196376275036052","0.014347050465744","0.0156299253064847","0.0120484591771279","0.0245457409229431","0.0109675829247933","0.0401798361647366"
"2013-10-06","0.0198438179714817","0.0110051484010201","0.0170063865116926","0.0117547958692196","0.0243863029305631","0.0123237378566971","0.0287689710753224"
"2013-10-07","0.0194991393093324","0.00968470629536402","0.0167630574125949","0.0117047423877291","0.0182053616220799","0.010960297023249","0.0279168867797221"
"2013-10-09","0.0204176479499348","0.00961371774428046","0.0136960381304828","0.0156712814454219","0.0234379863281208","0.0145098506971226","0.0282781489127944"
"2013-10-10","0.0209856336006497","0.0049549832440509","0.0130582668965932","0.0107615547752956","0.0243170550002539","0.014183626712097","0.0294972322813747"
"2013-10-12","0.0199776393442678","0.00752534554511615","0.0151466478317997","0.0154700619858016","0.0149510881778","0.0144707798996198","0.0295893757700833"
"2013-10-14","0.0200615466659804","0.00631466220865307","0.014307259395757","0.0134729465298512","0.0186406433969684","0.0140299867766039","0.0165282663115056"
"2013-10-15","0.0222134776479672","0.00643272016901345","0.0158597556326809","0.0141486917905269","0.0147858260724069","0.0125581598538412","0.0134615701816383"
"2013-10-16","0.0210150857296665","0.00586202080993547","0.0149965271595401","0.0148362243266629","0.0188845107691172","0.0100275064487473","0.0289207336884581"
"2013-10-17","0.0213879653839631","0.00631027674406982","0.0177273116961021","0.0131174101718484","0.019254154277064","0.013267963253001","0.0317783212962877"
"2013-10-18","0.0208374066086472","0.0112377590762179","0.0124323459615033","0.0136913009395821","0.0147263736656473","0.0152833222050777","0.0330840846688535"
"2013-10-21","0.019943959483369","0.0115624533194602","0.0124212575278212","0.0128365426781607","0.0147346358474782","0.0148344201038214","0.031361768744037"
"2013-10-22","0.020231247442288","0.0125077354063446","0.00987698911177983","0.0125796208270149","0.0185846996883864","0.0148377293864754","0.0310779229020653"
"2013-10-23","0.023921311178022","0.0117681370299249","0.0116045765292786","0.0136185864031477","0.0254288136545028","0.0149877371631891","0.0268591021809397"
"2013-10-24","0.0201485525859577","0.0460269137254266","0.016365235980963","0.014019155112704","0.023136595488627","0.015100957729507","0.0405946145703197"
"2013-10-25","0.0197411767490204","0.0239741995110109","0.0114380687346602","0.0131028653254284","0.0276190206709414","0.0150711852241533","0.0389992171209539"
"2013-10-29","0.0199986976381329","0.0517579291887834","0.0112544272625984","0.0134530583393988","0.0288946617119785","0.0136933312913207","0.0342272176056296"
"2013-10-30","0.020992271862133","0.033533028526339","0.0115470201237366","0.0132327948054707","0.012174222573476","0.0130281405675389","0.0319404308179915"
"2013-10-31","0.0227602138816712","0.00932637000408604","0.0108985205525427","0.014210137644224","0.0116366069974505","0.013410742835074","0.0277196608167768"
"2013-11-01","0.0207920080086822","0.00867242837032045","0.0102621588061105","0.0115247553830731","0.039356946109549","0.011153369489448","0.028703612055246"
"2013-11-02","0.0209486942243603","0.00764437309526185","0.0115881675725937","0.013994572998482","0.0215245269853642","0.0125953679520628","0.0277294265802525"
"2013-11-03","0.0211805483560325","0.0105291369277954","0.0161852912223294","0.0141526570322955","0.0296733716668326","0.0117783676978254","0.0273889154925104"
"2013-11-04","0.0243320440426185","0.05","0.014395582317742","0.0139557215391191","0.0123285355216879","0.0141908764430024","0.0283991307557067"
"2013-11-06","0.0251194889516635","0.0104558034748062","0.0161332148524058","0.0189256559406399","0.0162836585741568","0.014307265762598","0.0158136684655925"
"2013-11-07","0.0232776769200289","0.0095165663680651","0.015993368307426","0.0138730113789932","0.0181386130293834","0.0122709487222653","0.0172911001711978"
"2013-11-09","0.024514390481836","0.00942266072547311","0.0141001951878641","0.0132928524063527","0.0185414644549128","0.0120074530988812","0.0201779390036789"
"2013-11-10","0.0226506031250553","0.0101461076615834","0.0154103101071736","0.0105628232864029","0.0208464655277761","0.0103609678123734","0.0196833042677327"
"2013-11-12","0.02503836737589","0.0113265969620204","0.0145721316049141","0.0129017138276643","0.0181554386173356","0.0146387450351993","0.0146755018144437"
"2013-11-13","0.0250261161756523","0.0134546568496484","0.0143895050415697","0.015411393364791","0.0208461086577993","0.0152597273969501","0.0161104853984012"
"2013-11-14","0.0246930912074343","0.0139834201498381","0.0107321369595899","0.0115656292480609","0.0171325975884654","0.0195328709978632","0.0240638101742695"
"2013-11-15","0.0226834497656996","0.0238541881118128","0.0111243674799174","0.0129587811678139","0.0226931834175628","0.0164984678773064","0.0222258518641507"
"2013-11-18","0.025295042339935","0.0148195248660669","0.0108684673351717","0.0133610405908391","0.0175846158169079","0.011778335694518","0.0247339724517443"
"2013-11-19","0.0230465319866025","0.0470236705909119","0.0149114402327143","0.0129557939782557","0.015755284613722","0.0155074935621785","0.0196821569997001"
"2013-11-20","0.0230669713240679","0.0236284033685477","0.0100883664202407","0.0139181967861437","0.0141084577627448","0.0177524889306049","0.024324039603713"
"2013-11-21","0.0241998593755193","0.0151574737764238","0.0100057463072175","0.013163283327098","0.0142722421688871","0.014466095877937","0.0213550581607507"
"2013-11-22","0.0243171985979828","0.0148109482326693","0.0289094143351492","0.0127206068154927","0.013715810527617","0.014024826022497","0.021964930366234"
"2013-11-25","0.0242617699713959","0.0150084071061269","0.0161329464480673","0.0126560877956622","0.0203280145247803","0.013748057636424","0.0300697488133428"
"2013-11-26","0.0247095332923108","0.0120648476487305","0.0305807767926433","0.0117903861705697","0.0864590395253665","0.0137344626543173","0.0310036607047546"
"2013-11-27","0.0250884557089923","0.00904610390794098","0.0151684913237488","0.012833997666606","0.0149674363041285","0.0163796541253474","0.0313232553792403"
"2013-11-29","0.0257092737333067","0.00860578425765088","0.0155336298624153","0.0181124592409858","0.0143765463636754","0.0134897172236505","0.0311253621976984"
"2013-12-02","0.0268130857964953","0.0120441684045339","0.0149497572688334","0.0134157876147135","0.0222000986491379","0.0134897172236504","0.0332652439473643"
"2013-12-03","0.0249662118190853","0.010744585099329","0.0150699723750328","0.0133510263408367","0.0340973277010288","0.0172523169874359","0.0322432621631847"
"2013-12-04","0.0235886843476913","0.0100033865763144","0.0147677103183845","0.0198927474566073","0.0322882741460207","0.0164215666183569","0.0316315817876403"
"2013-12-06","0.024979046325507","0.0146649761113887","0.0101425359367454","0.0106363294724196","0.0267298188645315","0.0170029179487724","0.0311930035219637"
"2013-12-07","0.0253340868703728","0.0114180317722205","0.00817094601581262","0.0127169084086854","0.0306712535420922","0.0189921867877189","0.033745273668267"
"2013-12-08","0.024834041308609","0.0148516719944386","0.0106431385327474","0.0106493285720947","0.0298080560345518","0.0169217270009937","0.015030045818803"
"2013-12-09","0.0253768258221981","0.0149910040187176","0.00798886666888208","0.0121071792011051","0.0238896723165337","0.0147006904183994","0.0157571772316738"
"2013-12-11","0.0258555654540634","0.0117677435487265","0.0107933414391215","0.0106505985829431","0.0199957155967562","0.0139668773865679","0.0154759781926423"
"2013-12-12","0.0251964564565093","0.0161566518563745","0.0123678126565904","0.00795109433594746","0.0166407252499391","0.0132995717837801","0.0163432624981298"
"2013-12-13","0.0242936120127474","0.0279869215347063","0.01100115141268","0.0078451264353634","0.0155160566963236","0.0120180047212291","0.0179876413517659"
"2013-12-16","0.0237506945640027","0.0280276088644244","0.0103917835831158","0.0101045381781241","0.0153705959938054","0.00954378535781189","0.0162589715368813"
"2013-12-17","0.0240127933655375","0.0289058798739605","0.0143470622895893","0.0108150774037978","0.011955783847732","0.00941063874083864","0.0146481606433516"
"2013-12-18","0.0229936114356029","0.0285406994351306","0.0121600507776776","0.0107407272306907","0.0129047039627725","0.00918577844474465","0.0163218990663334"
"2013-12-19","0.0293085190227811","0.0306322508616742","0.0138831286904169","0.00992604523057467","0.0207948867375627","0.00950775647875198","0.0128244758699392"
"2013-12-20","0.0290768666168818","0.0251112831832923","0.00934585049229027","0.01179028186463","0.0214387119113574","0.00953164337413146","0.0132102099420383"
"2013-12-23","0.0306631248458378","0.0298817522353511","0.0120075686312081","0.0118450050054478","0.0201667662522781","0.00981265937727056","0.0132758034541176"
"2013-12-27","0.0305288941918897","0.0129279379348127","0.0118004941499388","0.012306986201525","0.012241927735425","0.0097515410833771","0.0131738688821058"
"2013-12-30","0.0300715136326665","0.0114974045080333","0.0101976207583108","0.0100261529348794","0.0161989726778658","0.0096835242160567","0.0136953927862673"
"2014-01-04","0.0356105137361239","0.0134797581399759","0.0169315185262455","0.0113901244569368","0.0156475342270841","0.00974333450822222","0.0130765310022864"
"2014-01-07","0.029743209305072","0.0143619709217077","0.00923147483132333","0.0129894264930784","0.0161695869879884","0.00963487666120416","0.014827804366581"
"2014-01-08","0.023467070107325","0.0085378690740833","0.00772006866003624","0.00976544978994683","0.0176178761091481","0.011194995123462","0.0233488672927713"
"2014-01-10","0.0229642508663102","0.0128006779274001","0.00991193027380647","0.00974071934001741","0.0175900277008311","0.011427160908604","0.0204150149479701"
"2014-01-13","0.0228787929461542","0.0107639674578335","0.0118282053388093","0.00978868796334469","0.0179951523545707","0.00976668998928194","0.0199618717845901"
"2014-01-14","0.0258857017854838","0.00939247030875202","0.00764744822902851","0.0102166900092716","0.0235731789568812","0.00990139140190035","0.0214577471646752"
"2014-01-15","0.0226396416288689","0.0105950776584082","0.0155323413598397","0.0102950756619019","0.0237624482447955","0.00994012698160732","0.0189982004534501"
"2014-01-16","0.0230543544287018","0.012512366938534","0.0242158924110366","0.0100750563903353","0.0279169969172488","0.0101098127550694","0.0196700073317941"
"2014-01-17","0.0227461085381616","0.0251853160866844","0.00747780418565754","0.0101992251225052","0.0108044713203857","0.0100149560820853","0.019248558914109"
"2014-01-21","0.0229972625464929","0.0210915685879019","0.00875339197632506","0.0123131471573346","0.0151284158958505","0.00967161119820531","0.0163126443270794"
"2014-01-22","0.0237148118801209","0.0178737160717399","0.0110685590488686","0.00997438650646323","0.0149334470820299","0.00813591242862935","0.0150355917338305"
"2014-01-23","0.0242490123664125","0.0252617059925777","0.0130086500716102","0.0102662584420736","0.0183498017495395","0.00861901184981321","0.0178925051875913"
"2014-01-24","0.0247345415944624","0.0239989398058328","0.0104033876105176","0.00963715716886765","0.0281472618595048","0.00942324924312534","0.0202254357680518"
"2014-01-27","0.0258396172265233","0.0106964750094666","0.0107974096970199","0.00982806707652531","0.017468702199934","0.0106995713339414","0.0183792553549486"
"2014-01-28","0.026544473631522","0.0126359776727989","0.00949605876380827","0.00818328893402423","0.00827002896224754","0.0131016042774478","0.0160197486850717"
"2014-01-29","0.0405225363819364","0.0129083374735718","0.00967579049804157","0.00745868740454347","0.00972960889697086","0.0162710099868564","0.0171642586669891"
"2014-01-30","0.0411094863503501","0.0141585846980088","0.0103753782051439","0.00754842870872417","0.0150182437807388","0.0119461436304664","0.020221388173312"
"2014-01-31","0.0282476951680816","0.0138793347207453","0.0104976128900663","0.00853241694574783","0.00912822057046942","0.0111833571522152","0.0217950450145067"
"2014-02-04","0.0285690680492128","0.0191422280945264","0.00979768623153998","0.00852327563469628","0.00879640794346459","0.0128309857096643","0.0495465595614878"
"2014-02-05","0.0283555831304435","0.0194644597551113","0.0101040387450357","0.00862853451333984","0.0201627736520513","0.0172593620610775","0.0203733338702598"
"2014-02-06","0.0291592935594994","0.0157544305829113","0.0101921253833165","0.00878751946218078","0.0170761800828398","0.0176035244817223","0.0156453409887684"
"2014-02-07","0.0287074453666435","0.014990959807397","0.0105741808515174","0.00869537702639891","0.0118610121199794","0.0167369618124203","0.0178342712477027"
"2014-02-09","0.0299087402981469","0.0194472736437361","0.00902012078069627","0.00929452097663188","0.0112617860424839","0.0169989285998327","0.0176669545421392"
"2014-02-10","0.0296410106369335","0.023488423762363","0.00725351353696579","0.0107758649764349","0.0117976848357431","0.0160303302137439","0.0176092752319788"
"2014-02-12","0.0228082658430245","0.0120558735508836","0.00833316521664437","0.00941396913375266","0.0202440912089146","0.0140069965241716","0.0125741066123046"
"2014-02-13","0.0247261417258725","0.00792514957311543","0.00808282628085391","0.00915336263264695","0.0215305893394358","0.0120062329148659","0.0181175649156487"
"2014-02-14","0.0245252377866802","0.00715080478899437","0.0102026693657679","0.00875550897693451","0.0218960478973524","0.0129481010708205","0.0123271674118551"
"2014-02-18","0.0230903135922445","0.00587534206018975","0.0103502551588545","0.00873288687134475","0.0215746945822922","0.0128698218870014","0.0175077359820132"
"2014-02-19","0.0226110116433801","0.00638783010057902","0.00735674308528687","0.00879092503687628","0.0143200851702053","0.0156294610925704","0.0132678074004874"
"2014-02-20","0.0226052455503097","0.00587613472507103","0.00823751418174756","0.00889614634186237","0.0149204518578698","0.0130360975488054","0.0135600134711696"
"2014-02-21","0.0224934852684217","0.00590878946362214","0.00833042088670834","0.00887817170491225","0.0134518862425838","0.0186488083659229","0.0133269157539939"
"2014-02-24","0.0232158437732215","0.00582308233964676","0.0079979253722298","0.00887963890721733","0.0112657817886035","0.0131606837698544","0.0173324758578364"
"2014-02-25","0.024351125401913","0.00632856636617509","0.00729600231858509","0.0101360530520453","0.0120883627823937","0.0094030178919325","0.0306098043425327"
"2014-02-26","0.0201229882522813","0.00634233116365319","0.00725980631803984","0.00617678812985617","0.011733149207752","0.0146330974028632","0.0190523655465408"
"2014-02-27","0.0133345177603639","0.00781304084823274","0.0073261727951499","0.00620777301970474","0.0132476510566837","0.0153500411484634","0.0135804722680702"
"2014-02-28","0.0143792304034761","0.00646217410314434","0.00646152414583702","0.00631927270985602","0.0120526935419586","0.0155144156229685","0.0127856176418924"
"2014-03-01","0.0139193521441381","0.00631011192931257","0.00728587573131962","0.00697122236994006","0.0133333415817112","0.0123991796951124","0.0118142298414673"
"2014-03-02","0.0136589580403824","0.00617758292922761","0.0146261137308691","0.00599206499260857","0.015158142057681","0.0120618218903611","0.0118833345143226"
"2014-03-04","0.0134547948779902","0.0125236336716571","0.0138912887659127","0.00632617538845227","0.0143807781328667","0.0100424688519746","0.0150943721561965"
"2014-03-06","0.0138680430488495","0.00873211205986272","0.00945815885099271","0.00621179494212918","0.0142575202360045","0.00985807543979563","0.0189179944364905"
"2014-03-07","0.0136460642407063","0.00652082072967431","0.00954808776263835","0.00654997888339185","0.0143212667282715","0.0147973281861789","0.0131730497297847"
"2014-03-09","0.0140479960941708","0.00644685641653492","0.00924611833992895","0.00648485373498579","0.0187781515512734","0.0110215315605039","0.0175464370095601"
"2014-03-10","0.0138027617372011","0.00956306341433754","0.00924356345270505","0.00664388700944293","0.0162194232797035","0.0116459735356635","0.0172796951944053"
"2014-03-11","0.0144955239990046","0.00713877765675751","0.00749993174360292","0.00665465849220904","0.0144092851250233","0.0100667010940376","0.0204581301534881"
"2014-03-12","0.0135392759790404","0.0118666699948045","0.0083875845998205","0.00663753943546036","0.0145584766940593","0.00994962770750903","0.0202522915653807"
"2014-03-13","0.0135101382887445","0.0125214212946467","0.0081682693185237","0.00657162311587733","0.0163619020273243","0.00977677867237902","0.0157686817673023"
"2014-03-14","0.0130361553396953","0.0137394188289472","0.0192312090465924","0.00667697752525692","0.0182330181390701","0.0125738316537675","0.0163937507212304"
"2014-03-17","0.013656549060191","0.01109543093586","0.00670284001863985","0.00663624318658652","0.0160645935127268","0.0133007139728374","0.0144136945715304"
"2014-03-18","0.0144598864596616","0.00880919952308166","0.00660159322998014","0.00663710670100455","0.0163378768069645","0.0140271324910904","0.0146335034868811"
"2014-03-19","0.0136692235867264","0.0124363750665735","0.00626329844028347","0.00653212863244593","0.0147432901593496","0.0137393443836776","0.0182347888189772"
"2014-03-20","0.0137592726352025","0.0124316961839182","0.00609714579360074","0.00653552368309205","0.0139318493524663","0.0139126759764524","0.0332462686046168"
"2014-03-21","0.0137193198190093","0.00912959384115314","0.00509566745936991","0.00657177659421371","0.0141616084757199","0.0184922345557501","0.0254642325186678"
"2014-03-24","0.0141761969132144","0.0098284646334796","0.0128347636522896","0.00659824594397556","0.0145636851792312","0.0107550600186815","0.0175971678810312"
"2014-03-26","0.013378934293327","0.0116161813161087","0.0131120573263885","0.00643922860400363","0.0196635293082633","0.0114991132650631","0.0200483949844424"
"2014-03-27","0.015678746635466","0.0101227010347436","0.0109889915450213","0.00641023560475733","0.0136200320496361","0.0119808413069276","0.0136455589880271"
"2014-03-28","0.0156688246718736","0.0177217214857785","0.352337763120545","0.00551681563468274","0.0134788034383445","0.0111523888968102","0.00827265637598632"
"2014-03-31","0.0119075622014196","0.00789418955153265","0.0125","0.00674440888144814","0.0129751616214241","0.0140778518962788","0.00907718813407559"
"2014-04-02","0.0129760132005597","0.0075550636660326","0.0161667349473234","0.00611625401326132","0.0129412340549443","0.00854915136802572","0.0122958622681746"
"2014-04-03","0.0126938744965107","0.00727764548491304","0.00920650692944621","0.00787674594636365","0.0131379326555073","0.00895035296898317","0.00998009030107362"
"2014-04-04","0.0130562456980878","0.00951357471647842","0.0148955528028285","0.00790873520446394","0.0130838018899862","0.0108757456813222","0.0125815529123044"
"2014-04-06","0.0128782516925799","0.00973048276097032","0.0161512514304183","0.00812693323877864","0.0131350160872417","0.0106852654750078","0.0125"
"2014-04-08","0.0128661532697441","0.0101416660297117","0.0156910816766982","0.00802628096738426","0.0141150923461266","0.0109457097464009","0.0289066872129553"
"2014-04-09","0.0126784228430011","0.00901674737162454","0.0168143399927746","0.00818842514084157","0.0142524982148065","0.0107190497270243","0.0261723535272686"
"2014-04-11","0.012718195373362","0.00713341723473803","0.0150591880035493","0.00797107989311769","0.0151097158300968","0.0102770597060753","0.0297146868594989"
"2014-04-12","0.0128293602392694","0.00603848661757529","0.0114753173814819","0.00795743716800814","0.0138469985417383","0.00822549265906629","0.0171468932425604"
"2014-04-14","0.0114605107757903","0.00983534992052387","0.0075466984671033","0.00644925707452546","0.0136176268438909","0.0108675622684389","0.0174698795734251"
"2014-04-15","0.0113879981848278","0.00924270687831966","0.00738531197512021","0.0048761507541091","0.0139338060346029","0.0082824248499075","0.0168379803677348"
"2014-04-16","0.0114145347879331","0.00891350377024025","0.00751248915740123","0.00502665306867034","0.0131268625340337","0.0106973152668711","0.0165010401288041"
"2014-04-17","0.0114340708607538","0.00894876657159919","0.00790994403454875","0.00728984710332046","0.0142442939035012","0.00887865263944169","0.0175160502247617"
"2014-04-22","0.0113682096718071","0.0093435456965113","0.00923677421075316","0.00774609517525129","0.013129126914689","0.011841396481419","0.0206426780285611"
"2014-04-23","0.0112374834516097","0.00946081585001852","0.00685801073935468","0.00773346256741815","0.0196399884706095","0.0117161128932011","0.0175712660272546"
"2014-04-24","0.0111579875935212","0.00928091137828655","0.00788785460327617","0.00770754863888954","0.0201074480101565","0.0123459917183756","0.0178571539197729"
"2014-04-25","0.011191214148377","0.00972451941494961","0.00855669752004029","0.00772246424964539","0.0129729319739395","0.0134152410913813","0.0170518555475043"
"2014-04-28","0.0110091179556451","0.0102165642404495","0.00888036318971059","0.00742388888268535","0.0141722119090194","0.0116866913749569","0.0151845332373806"
"2014-04-30","0.0107254823021443","0.0106997592951208","0.0125","0.00755535302102484","0.014136283066828","0.0123665812060321","0.0139382158467237"
"2014-05-02","0.0113157938049756","0.00615788844026254","0.00691495597666781","0.00968123525527265","0.0130018621726364","0.016497336583149","0.0131390694138368"
"2014-05-03","0.0113226089226572","0.00627467571188825","0.00863226127018266","0.0094647697773166","0.0131024878725081","0.01365028579172","0.0116507793309706"
"2014-05-05","0.0113257254466932","0.0101255139114307","0.00803711619118559","0.00820678684017927","0.0164213032716844","0.0174365473957687","0.0328179163547354"
"2014-05-06","0.0111245421756983","0.0050424513052843","0.014146980115426","0.00760378745139671","0.0146960639851653","0.0111717362604898","0.03463"
"2014-05-08","0.0111905708885619","0.00622699845449788","0.0141243122971254","0.00768898555179504","0.0152862660285203","0.011246969638774","0.035005"
"2014-05-09","0.0134849594892587","0.00621087169833988","0.0125","0.00878624001846323","0.0130534669191198","0.017940675280113","0.034405"
"2014-05-11","0.0125","0.00621375252232349","0.0125","0.00909189914410629","0.0131049066992727","0.00882178807947288","0.0336819952975428"
"2014-05-12","0.0146427302277056","0.00615276199665146","0.0125","0.00899257261003744","0.0133431210081034","0.00890906430143657","0.035825"
"2014-05-13","0.0140442577353555","0.00629078663477421","0.00783323389550587","0.00935156917788654","0.013281304459774","0.0093422090968388","0.0195846998271148"
"2014-05-14","0.0129094720567967","0.00628231105555004","0.0083912847204822","0.00892956251097206","0.0132070538122695","0.011197293283734","0.0196253395853985"
"2014-05-15","0.0132008866017644","0.00686858891904316","0.0104677432068298","0.00858831492479702","0.0131264949597013","0.0110197176415492","0.0268404936225509"
"2014-05-16","0.0237869325746304","0.00630369470163131","0.0099586560496964","0.0104211131884775","0.0132846306547404","0.00938086050587219","0.0297203983775516"
"2014-05-19","0.0245553898757051","0.00736194232570465","0.0106056255920895","0.0119825706221195","0.015568252608577","0.0108130377756747","0.0300510704009498"
"2014-05-20","0.0277112604990075","0.00727715509379587","0.00978439010443256","0.0100957871474177","0.0132371043382624","0.0136446035103583","0.0264586714009937"
"2014-05-21","0.0239814508322115","0.00614327532025226","0.00825258052493242","0.0080597952324936","0.0145949178162688","0.0135469392190578","0.0348496106230403"
"2014-05-22","0.0248908094177272","0.00569487231128996","0.00830231495055894","0.00819509033211729","0.0152611570646749","0.0139769064691343","0.0390554466303406"
"2014-05-23","0.0270175209170285","0.00622181745322729","0.0101760618542492","0.00806876083837895","0.0150347864166168","0.0144913082210012","0.0238928950058023"
"2014-05-27","0.0270317596777978","0.00600479698466969","0.00671607285200509","0.00808185273759746","0.0161497982976622","0.0130666712709522","0.0252985529438305"
"2014-05-28","0.0266254356408354","0.00560161178175985","0.00670752917382585","0.0101373528847679","0.0150968233792846","0.0129525477121357","0.0258884160045774"
"2014-05-30","0.021962510704858","0.00558558833167359","0.00670568631890486","0.00826844921698795","0.0153994667307455","0.0129770169464129","0.0245760421417689"
"2014-06-02","0.0246056684851801","0.00677311768306868","0.00672137879971317","0.00908374520771444","0.0161382734266935","0.0129153525572073","0.0254145634593132"
"2014-06-03","0.0222086305480407","0.00712224231441059","0.00674860591899233","0.0100234902377461","0.0156739560032567","0.0128826014549851","0.0273151053976678"
"2014-06-05","0.0171515110760521","0.00704201858595508","0.00683996376361638","0.0105832474287872","0.0157153544230322","0.0124955567301734","0.0258741940115789"
"2014-06-06","0.0133402443664472","0.00696578343097859","0.0068893791150069","0.0104159606943921","0.0155237406493858","0.0117836248518602","0.0330891730441773"
"2014-06-08","0.0133589192316825","0.00724264189248042","0.00709019260615872","0.00998313203906526","0.0130615582834575","0.0111968467432294","0.023978636385568"
"2014-06-10","0.0179760354893867","0.00719134863086714","0.00694431102683612","0.00831080768218379","0.0132333580292629","0.0115435237746727","0.0255962613092178"
"2014-06-11","0.0151717644516227","0.0070044060712776","0.00695914431257167","0.01027909558738","0.0131531040583865","0.0109491159243168","0.0237570361841793"
"2014-06-13","0.0136334868846115","0.00702961866291791","0.00712512457142697","0.00819844977693475","0.0131129447799732","0.0109732520831808","0.0292110432201032"
"2014-06-16","0.0187168370203028","0.00696954002933146","0.00687428343799857","0.0088722893493605","0.0164400734305264","0.0133222441414566","0.0309566587778731"
"2014-06-17","0.0194490601918851","0.00695739456123761","0.00684959540773695","0.00819082697093739","0.0288125316151818","0.0122605342941834","0.0279641489700511"
"2014-06-18","0.0162981848251081","0.00707949218287433","0.0156249537626834","0.00879168130968737","0.0281564872025835","0.0144801733774802","0.027591736655392"
"2014-06-20","0.0144881547762719","0.00718958906610859","0.0175586673085031","0.0097535088009272","0.0276150727533425","0.012257462256405","0.027923438681706"
"2014-06-23","0.0188638047841073","0.00710249009722055","0.0165998135243733","0.0076510145326968","0.0242019229027383","0.0120342613487353","0.0249775730372003"
"2014-06-24","0.0150575317872527","0.00569962413495414","0.0060707957343875","0.00780960610810221","0.025748592982983","0.0128420407392332","0.0243842917907638"
"2014-06-25","0.0160074557706088","0.0070321028644289","0.00632644318933965","0.00780294053855815","0.0261200769897411","0.0184480020851901","0.0267179844964191"
"2014-06-26","0.0164210674910807","0.00646482254079943","0.012789994154126","0.00798898591250054","0.0140157644692229","0.0126803564927015","0.0263750908567071"
"2014-06-27","0.015190465786918","0.00681256099570763","0.00628820340924445","0.00843726077251851","0.0130677090370365","0.012517518081058","0.0266781020779698"
"2014-06-30","0.0156174446573956","0.00604268252648876","0.00576346482748179","0.00807801385739241","0.0130808146508843","0.0129332105316843","0.0184197422744366"
"2014-07-01","0.0169502415025569","0.00605385441120586","0.00595453340316535","0.0083477464178424","0.0129166748460989","0.0139293782060691","0.0182200809017608"
"2014-07-02","0.0157609605836136","0.00721091123066844","0.00627164968360565","0.00768101965840583","0.012961871496656","0.0100098271641842","0.00737872000263545"
"2014-07-03","0.0159410574332036","0.0078879111566224","0.00623909952238537","0.00691186758294933","0.0259537387946362","0.0123164828153066","0.0228441131585541"
"2014-07-04","0.0156188579934446","0.00667900789230021","0.00642144596499693","0.00749737026098349","0.0167946778270023","0.010494258308823","0.0198788404832695"
"2014-07-05","0.0163008774246047","0.00674117439251308","0.0055975705400241","0.00682946512492439","0.0155481654761925","0.00980253336663384","0.0115547753541624"
"2014-07-07","0.0159420625889901","0.0068775693427963","0.0058291355977425","0.00859337812128021","0.0155147352232247","0.00985961298524353","0.0193046204760425"
"2014-07-08","0.015578293210554","0.0068430508045656","0.00582491371768646","0.0067525281995171","0.0156869930869609","0.012273797218389","0.0200157758214023"
"2014-07-10","0.0155925235401503","0.00683174669731824","0.00580318708679745","0.00673872974212458","0.0209471615727354","0.011487082033598","0.00896525101651879"
"2014-07-11","0.0149307429523118","0.00746325106287382","0.0057191541603612","0.00670618048462816","0.0193850022435708","0.0115218704730316","0.0145354585871795"
"2014-07-14","0.0130941562427505","0.00735949751627601","0.00576297573383756","0.00682345027122821","0.0174517425903108","0.0141282134420871","0.0138631213183752"
"2014-07-15","0.0129994892662771","0.00687900277203448","0.0058196108970564","0.00690723760572451","0.0167989906607971","0.0108100109107404","0.0215254785421721"
"2014-07-16","0.0126810534904157","0.00717094701064013","0.0071067391509865","0.0106085515950814","0.0148065933882489","0.010458959373183","0.0234889638078809"
"2014-07-17","0.013277211439427","0.00741562654081121","0.00700151392313054","0.0111066483901861","0.0136693384415569","0.00980367223438346","0.0237869987435686"
"2014-07-18","0.0145281345443978","0.00772580016492101","0.00710783787091492","0.00696929374765805","0.0134869542911935","0.0133798025365781","0.0250824179253775"
"2014-07-21","0.0209631972239151","0.00747693538217374","0.0122676017175931","0.00710185516530452","0.0127321628464432","0.0126619297239005","0.0244435914885853"
"2014-07-22","0.0170076241723134","0.00752774426308779","0.0119423571097556","0.00704251680679286","0.0126680116659772","0.00956053973893537","0.0233274888420854"
"2014-07-23","0.0169320758457797","0.00720679342756615","0.0131776478793912","0.00681291363993373","0.0150364522948725","0.00907137479476706","0.0235314944501649"
"2014-07-24","0.013329655589683","0.00734670239233187","0.0131798128094126","0.00741063735483963","0.0155074323249999","0.00913417894991467","0.0260643217441258"
"2014-07-25","0.0131714085108644","0.00721697152827596","0.0132701678791088","0.00912629104564566","0.0155132418364433","0.00959298343827184","0.0274572448580385"
"2014-07-28","0.0148873988743004","0.00693597104628513","0.0134445025109455","0.00902562925917392","0.0152442899728621","0.00959665516117703","0.0271982624225773"
"2014-07-29","0.0112645624791484","0.00661983716089148","0.0125624795763308","0.00737994102520846","0.0187869579632505","0.00971223918527669","0.027481123480538"
"2014-07-30","0.0128211689461202","0.00665495164540849","0.0124810356326271","0.00760152200788913","0.0200871145023743","0.00943959778819733","0.0241421766062282"
"2014-07-31","0.0135447483535286","0.00645814636245854","0.0126187526573082","0.00829087389344997","0.0153998650729397","0.00709876255751396","0.0242174241362792"
"2014-08-01","0.00987536488176637","0.00636602914235911","0.00843592111590544","0.00756630911609513","0.0200415749222335","0.00831015275130685","0.0283326548778602"
"2014-08-04","0.00890563863256271","0.00627849419051892","0.00921474634924855","0.00822566767890336","0.0295472618422264","0.00823493025153444","0.0283677473446608"
"2014-08-05","0.0100965483176392","0.00639071411592305","0.00883910653869403","0.00919351820729715","0.020316453729754","0.0102468526856497","0.0295248238573717"
"2014-08-07","0.0124527919619545","0.00640737703885579","0.00915562049884156","0.00970343126601892","0.0295405579432737","0.00809669459408178","0.0299663102069186"
"2014-08-08","0.0137814725703608","0.008379331512431","0.0164242297718242","0.00945976013668991","0.0260791097876367","0.00695172707694109","0.0321010061636141"
"2014-08-09","0.0134530261218573","0.00752499682668057","0.0100638541388518","0.00929995202198126","0.0259405950798626","0.00753312074705314","0.0312172572289292"
"2014-08-10","0.0137301744907247","0.00636408137569749","0.0206547730574013","0.00939316321156187","0.0223014820028803","0.00715888301965571","0.0285298010988391"
"2014-08-13","0.0244868019186496","0.00650252718733003","0.021092031876669","0.00948599221060903","0.0247775936540955","0.00788042935540939","0.0295396630125192"
"2014-08-14","0.356971543052116","0.006526525777677","0.0343942912689353","0.0102565887606498","0.0216636656937324","0.00759522266824139","0.0475318483348594"
"2014-08-18","0.0145150639939248","0.00658210962665216","0.0311724283878233","0.00739627974645597","0.0194644037566347","0.00833747531367384","0.0489651769034534"
"2014-08-19","0.0144349757507767","0.00680977956598188","0.0184121488196143","0.00741027635876316","0.0193303247075419","0.00818743150884966","0.0492497766040763"
"2014-08-20","0.0175920175658614","0.0065468533943855","0.0125","0.00736830115639206","0.0186913792521822","0.00832221274594202","0.031354636738335"
"2014-08-21","0.0174151686023334","0.00655975923971369","0.0155388204223719","0.00756647797996716","0.0176420317687017","0.0107338466731317","0.0324385534563652"
"2014-08-22","0.0147741654088405","0.00712078683851379","0.0125","0.00736322751943701","0.0166857082222316","0.00805180641940342","0.0412274447559375"
"2014-08-25","0.0151446042529962","0.00646486575518337","0.00984945740201948","0.00824025066841427","0.0155842248515222","0.00837454931755402","0.0402381767193446"
"2014-08-26","0.0162461201692076","0.00635627849309978","0.0101131741374744","0.00736427061506718","0.0129684296958979","0.00817233582601723","0.0427919645857584"
"2014-08-27","0.0171539540959961","0.00630610301044578","0.00638217084689522","0.00822775230936346","0.0220204329223229","0.00829621582931436","0.0443504780367689"
"2014-08-28","0.0151242355078089","0.00628767435407386","0.0125","0.00763153382411091","0.0169355254573954","0.0105689924308621","0.0438119248564868"
"2014-08-29","0.0151431788174389","0.00883311872501031","0.00912990974477916","0.0073023054596667","0.0191931883832404","0.00963979807782062","0.0269386017488407"
"2014-09-01","0.0153054910566847","0.00624314802365822","0.00861426436231775","0.00736116864796102","0.0239551733776241","0.00818786743695844","0.0279996175987446"
"2014-09-04","0.0277452450476526","0.00611530516711378","0.0122523262228782","0.0073240610718195","0.0297278459135486","0.0087271507702393","0.0269428781236469"
"2014-09-05","0.0175826044739694","0.00607926266859551","0.0118350594171699","0.007527738794001","0.0270607511431835","0.00862760206173664","0.0263430287961148"
"2014-09-07","0.0137139241502762","0.00585786069811936","0.00646069190011911","0.0078312609987829","0.0231559318761695","0.00871673348962983","0.0267942179318415"
"2014-09-09","0.012905254688931","0.00606271075648984","0.00954856743267807","0.00740529324653392","0.0295340685265909","0.00850530356322168","0.0273345515964261"
"2014-09-10","0.0125","0.00592003266493606","0.0120702841182938","0.00742867198794711","0.0282698521373564","0","0.0263927932727673"
"2014-09-12","0.0125","0.00596072964166152","0.00766320411658642","0.00743604602917433","0.0286340693134569","0.00800953982179593","0.015723522772081"
"2014-09-15","0.0186210911362431","0.0143974051661531","0.00755163587131875","0.00742411513242926","0.0193623482225141","0.00809017944477515","0.027883052174096"
"2014-09-16","0.0205139850675669","0.0200605923728975","0.00698726871947268","0.00742168880259811","0.020759392200065","0.00770271784988469","0.0283920412343822"
"2014-09-17","0.0206042855630339","0.0140034147338135","0.00632631079157358","0.00742294731503925","0.0177592519635174","0.00676490675053891","0.0295864704334997"
"2014-09-18","0.0199417047779332","0.00911044996044563","0.00627182570381481","0.00728805905148981","0.0247672336640981","0.00852708329762839","0.0262194709044885"
"2014-09-19","0.0191715904939092","0.0106447863604993","0.00764068755753158","0.0073079014002806","0.0246871416492449","0.00615368874312882","0.0326269202564088"
"2014-09-22","0.0197958271723746","0.0281382691197861","0.00649258759380828","0.00723467820360292","0.0209559195810294","0.00779114026932588","0.0245858441909725"
"2014-09-23","0.0197007803460697","0.0117395320378134","0.00697273320253569","0.00722132154383844","0.0211953345489971","0.00768368104123024","0.02313677569139"
"2014-09-24","0.019533145763926","0.0105542267181545","0.00674705573504123","0.00692851930615447","0.0311561363926218","0","0.0231024662690055"
"2014-09-25","0.0195498733241673","0.0106208788404847","0.0068067424377826","0.00702856145742966","0.0266422305913904","0.00707786796908386","0.0326656710933029"
"2014-09-26","0.0202629866739403","0.0107505788673042","0.00626496886261636","0.00713008794552012","0.0259369679078825","0.00827250394720972","0.0339327157331681"
"2014-09-29","0.0185059762977301","0.0249155044467238","0.00671885949703141","0.0084715791262437","0.0361297576884662","0.00740077270954524","0.0301232449086144"
"2014-09-30","0.0187770985459517","0.0233353933920473","0.00627924160796714","0.00748896614573688","0.0345036867033917","0.00793185781335991","0.0327156431793154"
"2014-10-01","0.0194801569211633","0.0237106865334977","0.0063103713658626","0.0073503157405461","0.0436597231754252","0.00698466277702933","0.0202260583338282"
"2014-10-02","0.0223235832275668","0.0245430399052152","0.0061576553475137","0.00823343791391623","0.0314656987416448","0.00698224948329986","0.025"
"2014-10-03","0.0166781836959355","0.00861282395985497","0.00625328530484204","0.00697320349908087","0.025","0.0073829711336219","0.0184648408704377"
"2014-10-04","0.0178202269634919","0.0114865586999972","0.00627323446595266","0.00713098494769329","0.0264919683426435","0.00502478966798566","0.016780414836057"
"2014-10-06","0.0154636644769635","0.0244776437930186","0.00632665836269076","0.00694865015487202","0.0313364441385414","0.00726411959142188","0.0197905606916875"
"2014-10-07","0.0152976742588521","0.0127987177021952","0.00615692581887738","0.00705898535811712","0.0332481522800715","0.00744615385593193","0.0201905684832499"
"2014-10-09","0.0168528157714699","0.0192762315762347","0.00599512393561174","0.00687204682465746","0.025","0.00743789645360155","0.0201997533093976"
"2014-10-10","0.0168653487875994","0.0176090147597856","0.00589356016942271","0.0135761135562108","0.028328488342175","0.00709235667755939","0.0194713333730274"
"2014-10-11","0.0187364357369958","0.013187123534284","0.00575148254021183","0.0104679163485559","0.0358245090203866","0.00745857450246096","0.0200441371017018"
"2014-10-12","0.0168223726961256","0.00833329141545899","0.00607297684206925","0.00757864306573789","0.0276053429270613","0.00755410256760783","0.0196440073192429"
"2014-10-13","0.0171183107136248","0.00670499386002305","0.00615402975284505","0.00814629654846068","0.025","0.00713862646478419","0.0169101848558016"
"2014-10-14","0.0192986582126804","0.038808220698271","0.00615401918788867","0.00874421149613802","0.025","0.00720255586313319","0.0197531435910933"
"2014-10-15","0.0166959158514831","0.0403754930118076","0.0108206260713923","0.00803820848225228","0.0254737051405042","0.00700662006079094","0.0210478690972698"
"2014-10-16","0.0164410329436614","0.0375641676079993","0.00791864118032318","0.00819955654042338","0.025","0.0087459618073873","0.01483336466874"
"2014-10-17","0.0164048706479714","0.0211852933069779","0.00830374905311599","0.00871609084869546","0.025","0.0105328103238243","0.0149085742746114"
"2014-10-20","0.0162711479474253","0.0209373823635737","0.00899010487317527","0.0081462757874225","0.025","0.00952988604170924","0.0147817155557098"
"2014-10-21","0.016235890481266","0.0227990998534913","0.00902357449411361","0.0079126179579733","0.025","0.00993773726049662","0.0171201493394393"
"2014-10-22","0.0163826872892843","0.025","0.0107259301605675","0.00753934034003893","0.036684746134816","0.00783556112923063","0.018851874984825"
"2014-10-23","0.0165493239363756","0.0370530118227236","0.00925792378949821","0.00755537131388865","0.0369373639393506","0.00906848370893702","0.0249950927104497"
"2014-10-24","0.0166149035503931","0.024975201068935","0.009209540746996","0.00759283993951166","0.0383463378968388","0.00982251550844293","0.0249849725048126"
"2014-10-27","0.0161644376526166","0.0382596180429723","0.0113185352515337","0.00738120824066756","0.0339445327530482","0.00979694651563724","0.025"
"2014-10-29","0.0161205831554588","0.025","0.0104502281795984","0.0110948887026619","0.0348538894781312","0.0093417798499304","0.0194995997662501"
"2014-10-30","0.0162086153204739","0.0396359983854876","0.0102521680825891","0.00961693670883535","0.0186061741505244","0.00914237842219585","0.0207507698744704"
"2014-10-31","0.0170767009026231","0.032728096062828","0.00982472138618523","0.00890435126848746","0.0463437747138836","0.00862442796903343","0.0223926532785225"
"2014-11-02","0.0162325711078887","0.0345234406459488","0.00952581539647735","0.00990636161374935","0.0466326691678316","0.0091875937492606","0.0209371503418858"
"2014-11-03","0.0163097081433501","0.0348186121848791","0.0126327193823774","0.0104187004897966","0.0378341869078498","0.00918517983492204","0.0176985264354807"
"2014-11-04","0.0163887244044387","0.0141760832459542","0.0134725538325254","0.00920635169712373","0.0180430600953001","0.00692767749908789","0.0230604336281424"
"2014-11-06","0.0176824684977962","0.0218870890239385","0.0126510137358409","0.0121575355756335","0.011626931220625","0.00693799958457417","0.0225334486690326"
"2014-11-07","0.0175092304104707","0.0151519396957553","0.0122465745540118","0.0101539137935982","0.012084271068112","0.00685817340636707","0.0211036074639089"
"2014-11-08","0.0159867513172253","0.0215989476673876","0.0119267767717832","0.00798654083078805","0.0121136370847147","0.00777783642051372","0.0211039136807178"
"2014-11-09","0.0168120118354927","0.0208049594398748","0.0133139225807408","0.00763512627696685","0.0125136438182373","0.00859813811785354","0.0224792541473126"
"2014-11-12","0.016948644272791","0.0231089065819346","0.00937597532818489","0.00967138035155654","0.00967720120224554","0.0080816895009844","0.0222422203671848"
"2014-11-13","0.0176302913382645","0.0132919042643223","0.0102333067305224","0.0149343550874436","0.0101640522220832","0.00829653141667717","0.025"
"2014-11-14","0.0167882419148336","0.00747357222183646","0.0105498248721759","0.01590005644162","0.0133264481419172","0.00858454851216197","0.0210631385605379"
"2014-11-17","0.0167493361377855","0.0114365677283489","0.0104548170245866","0.025","0.0104746502984917","0.0110109621113245","0.0209029779414482"
"2014-11-18","0.0200497827505791","0.0107431759004487","0.0127620308238715","0.0159260097102277","0.00965249714378682","0.0105013345716003","0.0203921416911886"
"2014-11-19","0.0166099572802012","0.00882841020953162","0.0101099595503355","0.0162482795875172","0.00988207329694858","0.0105116558365306","0.0194657426165724"
"2014-11-20","0.0191045580461578","0.0122957757942527","0.0102758882151985","0.0138684464457433","0.020197774396045","0.0142378104084937","0.0164840357029793"
"2014-11-21","0.0201257269829733","0.016496856664657","0.00966230367780744","0.0140905406574425","0.0199739651786911","0.0122170732322697","0.0128250572945943"
"2014-11-24","0.0166447696674278","0.013947851638768","0.00956182640250388","0.0144821837574911","0.0184387596084499","0.0139741734155653","0.0129077333726379"
"2014-11-25","0.0194724239406385","0.0180092044376528","0.00966289075273066","0.0147330568530589","0.0119869270736165","0.0140614054935883","0.025"
"2014-11-26","0.0198205110235288","0.0165271456651124","0.0107213934871721","0.0144245916862635","0.0109094384753516","0.0144100836476188","0.0152834424419488"
"2014-11-28","0.0166959360143956","0.0135578504311946","0.0101116223295629","0.0157976391965055","0.0107136688399221","0.0148108167937544","0.0280290662244344"
"2014-12-02","0.0189361613488922","0.0186683210881464","0.00974167242027048","0.0158889895259447","0.0142970634009013","0.0064021012337057","0.0133601155602972"
"2014-12-03","0.016762622866861","0.0159408406165954","0.00772541989360846","0.0139680309282565","0.0148894947578162","0.00763975288325923","0.0213427980343897"
"2014-12-05","0.0157903104133306","0.0151067339954419","0.00690227475185168","0.0142580722509094","0.0149238644660803","0.00626186106266898","0.0244601903714189"
"2014-12-06","0.0163466291875588","0.0130846131339408","0.0078483033393843","0.0162492179319894","0.0110346891472311","0.00586605829528583","0.0191536665647219"
"2014-12-08","0.0167316485279335","0.0142854558203535","0.00766057523756534","0.0163969422624962","0.00905533205356143","0.00615677248779307","0.0193311162716278"
"2014-12-09","0.0166957020706146","0.0132903235179779","0.00769805949638956","0.0151362732505847","0.00862458849197823","0.00608916393858462","0.0195206267845487"
"2014-12-11","0.025","0.0126467247254828","0.00733628280412371","0.0173003593396043","0.00912469300203098","0.00604328130944478","0.0194534010666439"
"2014-12-12","0.0246843314362267","0.0116443628834054","0.00770199693521827","0.017522528362079","0.00926323680439768","0.00634591811560453","0.0195944259227016"
"2014-12-15","0.0251294969907664","0.0113542400397079","0.00778839284283901","0.0127713086199825","0.0185705307924479","0.00639592291336817","0.0208826836846756"
"2014-12-16","0.0207261780894767","0.0125996103190437","0.00751767733071579","0.0168727478220398","0.0120889144503479","0.00726498828568257","0.00445251896947533"
"2014-12-17","0.0216764894633746","0.0128883280602647","0.0142512229551191","0.0182492313413981","0.0141401418380512","0.0142113424453644","0.0196882117326068"
"2014-12-18","0.0260390861834512","0.0124417724787689","0.0108143081555055","0.015382135001608","0.0135513081133691","0.0118863962775212","0.0203605645155646"
"2014-12-19","0.0240232861866437","0.0132920316288414","0.0125","0.0148477304541507","0.0150400868232513","0.00672863196104268","0.0170635647383403"
"2014-12-22","0.0181185945815445","0.0146222624059127","0.00813977343666686","0.014777623590041","0.0194968244802109","0.00877517663046238","0.0134136669786362"
"2014-12-23","0.0180949655360214","0.0147138826035629","0.00639989448705936","0.0125","0.0218076331436228","0.00861076945602409","0.0154310317037882"
"2014-12-29","0.0185164962772022","0.0151241322173376","0.00978015223444596","0.00947582703494705","0.0164957391358176","0.00966665892727114","0.0154217209046238"
"2014-12-30","0.0179155111192188","0.0146662322378744","0.0105452748585635","0.00855757703592078","0.0136613367619052","0.00985907661903186","0.0152663954784374"
"2015-01-04","0.0179348776549102","0.00723205577724063","0.0107826223992603","0.0113049923203342","0.0141172596717321","0.00965672288182452","0.021678779503351"
"2015-01-09","0.0178748168163501","0.00798663600476138","0.00959655650556466","0.0113680487650907","0.0218373232663405","0.00996838776417093","0.0149767750073525"
"2015-01-10","0.0172791041553857","0.0085225690079724","0.0100656794618383","0.0110426966446048","0.0247955805991188","0.009397109168797","0.017358987619813"
"2015-01-13","0.0201195858973301","0.00911584917109201","0.0101096285111265","0.0150949992803969","0.0222465448837072","0.00784449434714686","0.0147291470364913"
"2015-01-14","0.0202830950716938","0.0131371019308222","0.0170086862157909","0.0148278729037443","0.0132762723277226","0.00817037301855204","0.0147045487639791"
"2015-01-15","0.0203631984241465","0.0185735378399028","0.00958653844618905","0.0138202158089396","0.013268926189489","0.00715913715645042","0.0148463210984201"
"2015-01-16","0.0210169677703846","0.0125","0.00963151217683769","0.0227772684643687","0.0118161123227695","0.00740944709749058","0.0135866606792898"
"2015-01-20","0.0209646939137419","0.0205965317362352","0.00990887622375938","0.0221822161465618","0.0118284838587025","0.00698342689684016","0.0153219094031174"
"2015-01-21","0.0211540599108364","0.0125","0.010298285091565","0.0181213894659084","0.0144203705619327","0.00699297228343344","0.0145664436516749"
"2015-01-22","0.0174330900701441","0.0128023449727469","0.00995648162824364","0.0241344230318581","0.0146728835642138","0.00658091446833839","0.0144443212455146"
"2015-01-23","0.0189838227885259","0.0125520867810431","0.00943564539704541","0.0150512728526417","0.0121426449940658","0.00727032186592076","0.0155207360941768"
"2015-01-26","0.0161945502645825","0.0125","0.00985448726947759","0.0145700304668935","0.0120758967568788","0.00628993229969279","0.0166632031260328"
"2015-01-27","0.0201213119192204","0.0181612580097887","0.00910307373286152","0.0251360724317017","0.0163877814873105","0.00656320237411462","0.0153037152722605"
"2015-01-28","0.0201948601689639","0.00900445593913371","0.00900763622264806","0.02153437064377","0.019782193536982","0.00668870491073753","0.008895664202024"
"2015-01-29","0.0333621329555276","0.00969188830138331","0.00880000288765076","0.0131324665055366","0.0149934551559021","0.0076853387652443","0.0116795419304475"
"2015-01-30","0.0317436480838067","0.00979031633705029","0.0089394652771803","0.0233810346616577","0.0158738028358817","0.00638073199958209","0.0126315436715648"
"2015-02-02","0.0306595167460537","0.00945875590544548","0.00934683692681814","0.0223467820105943","0.0160643920674889","0.00665178816758619","0.0139456962648032"
"2015-02-03","0.0343188101735121","0.00902160711610453","0.00869716865291219","0.0111624937794746","0.0142274075544164","0.0076295811613584","0.0151235189742984"
"2015-02-04","0.0276672142151341","0.00606867029231298","0.00901718961744503","0.0107196268283112","0.0179091127774535","0.00822914296282364","0.0125"
"2015-02-06","0.0301004728657237","0.0063525523154412","0.00898431804893034","0.0135463246525424","0.0130752454397001","0.00828332599437002","0.010977657455621"
"2015-02-09","0.0274404190942047","0.00606327597288963","0.00891446616581735","0.0125","0.0206841659585785","0.00885677786319099","0.0185076681020753"
"2015-02-10","0.027478356556075","0.00552825108381065","0.00892424640995425","0.0126402940178013","0.0168074440671408","0.00797376942502154","0.0177738249559056"
"2015-02-11","0.0272408504647763","0.00745585634926791","0.00937800290332677","0.0124808945816249","0.0176122537423898","0.00782940139027825","0.0280650542067033"
"2015-02-13","0.0313389425443548","0.00744989692961373","0.0104462394059345","0.0137452070721631","0.0290936014808104","0.00779457645978384","0.0257480977210386"
"2015-02-17","0.0318336020188603","0.00747429111188112","0.0126296363010978","0","0.0278374206571545","0.00953371784954176","0.0263813006959004"
"2015-02-18","0.0319498235182966","0.00750547463657666","0.0125","0.0117344500582369","0.0155933058250812","0.00968215540960086","0.0197415565709543"
"2015-02-19","0.0309132441838471","0.0205803173014353","0.0101878447271763","0.00951803321426316","0.015965567570959","0.00792483890157538","0.0206289458332993"
"2015-02-20","0.0327125644772722","0.0396449028299418","0.0103035490418055","0.0092335499810397","0.0162123376722393","0.00670244052892285","0.023888338172459"
"2015-02-24","0.0313346850432634","0.00732015521471006","0.0151330677802696","0.0118454117132705","0.0161367703737536","0.00732016064954034","0.0130369650383959"
"2015-02-25","0.0297960746652861","0.0101385409898103","0.0148590984777988","0.0125","0.0181213710684005","0.00703520360248347","0.0125"
"2015-02-26","0.0304194186328704","0.0106830514829192","0.0146721549211746","0.0141598354705512","0.0171536532120942","0.00807684462537402","0.0234328610606927"
"2015-02-27","0.0300785336558837","0.0098709379877768","0.0142004491470669","0.0124966285383048","0.0171467400888402","0.00811620103199072","0.0224466415963917"
"2015-03-02","0.0302487219010598","0.0117485144880716","0.0127104133865632","0.01534293373514","0.0159673125576618","0.00810582222796694","0.0242342174693042"
"2015-03-03","0.0306225397908221","0.0127150061955133","0.0112367356275598","0.0182795851088801","0.0143598053829126","0.0064104670181342","0.0241740701723634"
"2015-03-06","0.0301412066583033","0.00657111925275988","0.0120256445849091","0.0187017650894016","0.0173816508828948","0.00439127190433354","0.0305145419765896"
"2015-03-08","0.0292662453826377","0.00748985378573629","0.0160598689912878","0.0147810449926075","0.0165386105897582","0.00447449337573713","0.0406249381915032"
"2015-03-09","0.0366027448935005","0.00905847563057358","0.0121276889912097","0.0130662287522004","0.0169123633445135","0.00826704123809036","0.0334488186700073"
"2015-03-11","0.0364888065486525","0.00961786983545094","0.0116747557614382","0.0119533511263677","0.0168292392759812","0.0046267845883799","0.0392162060744625"
"2015-03-12","0.0372454474024871","0.0104251082478447","0.0137565211705198","0.00640580734514774","0.0172631922551323","0.00639704568548613","0.0291087819522773"
"2015-03-13","0.0290279807143537","0.00680082128752083","0.0140244852515334","0.0122450353685928","0.0163408903963733","0.00628659092877321","0.0310515040418639"
"2015-03-16","0.0377953328741911","0.00680513143327075","0.0137637639720426","0.0120476993714547","0.0174164530914597","0.00741104159023869","0.0191228462223006"
"2015-03-17","0.0406352457760669","0","0.0147276447279957","0.0140780410336158","0.0117697184129001","0.00696132393535384","0.021157811565473"
"2015-03-18","0.0352607255270332","0.00690671369593984","0.0101359682428776","0.0108483757625029","0.010736151705946","0.00714990413739273","0.0221438205455062"
"2015-03-19","0.0401584416614039","0.0071075826257553","0.0145460065638087","0.0113411132024063","0.0117632642517827","0.00720139497093503","0.0123876829073394"
"2015-03-20","0.0380443444892735","0.00811784432632848","0.00981746084077695","0.0124526969281336","0.0109954373437411","0.00793550422941651","0.00854724748123988"
"2015-03-23","0.0423991530603122","0.00724931942017372","0.00848371400761332","0.0167465163415467","0.0111517346501063","0.00734950964696093","0.0102731663058689"
"2015-03-24","0.0422810019906188","0.0118169820056415","0.00774095116613128","0.0161805874479769","0.0107165593775938","0.00800181571707894","0.0122390815040786"
"2015-03-26","0.0406502257952481","0.0140027468413645","0.0162048018192181","0.0175964831937536","0.01233","0.0080616008101699","0.0128079598040258"
"2015-03-27","0.0424234376278422","0.0170541864048024","0.0158336997668063","0.0147723008097258","0.0196206145831149","0.00698160750055301","0.0173289548935264"
"2015-03-30","0.0430495447888673","0.0194265802301747","0.00940079070389491","0.0164169521038097","0.0198730510734794","0.00792091795766647","0.01907"
"2015-03-31","0.043125721938457","0.00987568416605127","0.0103712466767898","0.0195880426321912","0.0161253903590267","0.00788232177609757","0.0198283870316523"
"2015-04-02","0.0438758311411603","0.0126787746630828","0.00801474460855686","0.0168626832627818","0.0207831769157042","0.0080128706601747","0.0224191780229566"
"2015-04-03","0.0437018856209146","0.014174368766561","0.00930825742303164","0.0172530400715118","0.0178209682188688","0.00803255482569511","0.0301172703676713"
"2015-04-05","0.0426304930240043","0.0135394957481026","0.00923554673103521","0.0169541511819089","0.0184779793513708","0.0080643979667861","0.0165398647307283"
"2015-04-08","0.0425959965549556","0.0093976684472295","0.0091520021146104","0.0176270112402032","0.0171970045634085","0.00793018811076487","0.0189037058361842"
"2015-04-09","0.0517713975448325","0.00848963546279936","0.00917412340416276","0.015341742575247","0.0172252546068366","0.0100533391031792","0.0123272297751192"
"2015-04-11","0.0549751982478682","0.0152754025046959","0.00842325955393444","0.0150347714125236","0.0178477114652497","0.00775055450582746","0.0104840474154619"
"2015-04-12","0.0559238340153636","0.0172882822670409","0.00898812039791588","0.0120097188602623","0.0245179063637384","0.00830697623774132","0.00786923761369394"
"2015-04-14","0.0566348052098105","0.0237504700054705","0.00886826826631665","0.00947394016642409","0.0253276289233698","0.00800586206966475","0.00636730353057866"
"2015-04-15","0.0564667478770162","0.0227150868523947","0.00827267061493058","0.00871714519470762","0.0177471752130853","0.0096042749085966","0.0116638113351244"
"2015-04-16","0.0562760336855984","0.012691709226057","0.00952781321700555","0.00968064917690984","0.0231182370021757","0.00884656703079816","0.0118684601592882"
"2015-04-17","0.0565859606048284","0.0132366176020414","0.0100039612521236","0.0097137345195747","0.0251339635855096","0.00829856123136266","0.00504790237844835"
"2015-04-20","0.0564705150580525","0.0224824809276063","0.00992485490873079","0.00821067801788727","0.0337106005315355","0.00730584787238304","0.0195539133719802"
"2015-04-21","0.0568098538997982","0.0262703384548422","0.0081857961409371","0.00871601599511438","0.0282804930035815","0.00586103528444322","0.0197114024724617"
"2015-04-22","0.0562997250219422","0.0252929643821522","0.00844074127279192","0.00871366972845272","0.0275272908801415","0.00741929683437923","0.017231012239126"
"2015-04-23","0.0481405097902424","0.023591587178558","0.0111334617028304","0.00587619775824012","0.0276184646477525","0.00761437353600356","0.0136597470322328"
"2015-04-24","0.0483596097372086","0.0235017560109081","0.011309286252054","0.00863560149395269","0.0260486787849711","0.00727843765723905","0.0135670711845513"
"2015-04-27","0.0484263399096604","0.0138058454934163","0.0101565957283495","0.00869129917617408","0.0262587833190054","0.0072493825913299","0.0151454370064723"
"2015-04-28","0.0571959024176208","0.0140059996476813","0.00995213998720326","0","0.0324230432382467","0.00794170044121279","0.0108974780357143"
"2015-04-29","0.0606916233351715","0.0229678697338832","0.0098530848799035","0","0.0180735879489349","0.00754199142037434","0.0153520963771464"
"2015-04-30","0.0664927851932155","0.0211801968388421","0.00997661675380609","0","0.0178578618603853","0.00776261373351116","0.0162322670692552"
"2015-05-01","0.0667553628772106","0.0174709717159023","0.00959389441585522","0","0.0326542378436843","0.00752295854379752","0.0172164419269462"
"2015-05-02","0.0633392174575454","0.0131333774618905","0.01015458412616","0.00915092785780636","0.0281578232849762","0.00837698469379088","0.0163899287631951"
"2015-05-03","0.0663336816879292","0.00771848300061396","0.00908166599361596","0.0092890574651847","0.0287825752760735","0.00661870901824446","0.019935"
"2015-05-05","0.0627865000162141","0.00875226117319654","0.00920660789939261","0.0070086788529673","0.0183539505555202","0.0088435194431645","0.0240360821913301"
"2015-05-06","0.0653909129809521","0.011916955377062","0.00976499242869834","0.00767210353105074","0.0233074853564587","0.00741119811069544","0.0122422304819316"
"2015-05-08","0.0629695084529965","0.00899662382674885","0.00817081125219","0.00653303812329456","0.0221946806142873","0.00914350971107779","0.0117830648353236"
"2015-05-10","0.0547939983606281","0.00924920440341623","0.00848654450188682","0.00314807510653855","0.0230053265248255","0.00784728531452697","0.0138632430562138"
"2015-05-11","0.0571402869169082","0.0103436844902014","0.0123056927103013","0.00562845297251017","0.0160429148484534","0.00734278219611851","0.0148018591561754"
"2015-05-13","0.0797273207487007","0.00984395338516776","0.0106844638844231","0.00611543769381827","0.0227839252791261","0.0073056413089741","0.0215541627542203"
"2015-05-15","0.0777841964838539","0.00761236616845284","0.0102935190050837","0.00600573005667747","0.0196340098689801","0.00715843174854388","0.0239054786719872"
"2015-05-18","0.0765142553628166","0.00952425241997745","0.00846664335153672","0.00152799682571281","0.0201029869227397","0.00719931919078689","0.0232733071841597"
"2015-05-19","0.05655490482569","0.00984274814338298","0.00853300053851932","0.00421142898425322","0.0175497291260973","0.00716099661806817","0.0111297796164635"
"2015-05-20","0.0481676525052214","0.00753241670685427","0.0120359679593103","0.0057886851580874","0.0140893530889935","0.00800926292783383","0.00907285435952788"
"2015-05-21","0.0582320977218054","0.00868718215642534","0.0102403218217757","0.005427286247775","0.0169140031684993","0.00764231779602168","0.00852189490205618"
"2015-05-22","0.059160381304513","0.00746098671932148","0.00967952997737893","0.00566706370529248","0.0148875082116396","0.00669761691016492","0.00927893693694783"
"2015-05-26","0.0563000268326526","0.00748292247238477","0.00825304720883684","0.0058446244106858","0.00903887377709312","0.00842252765958449","0.0072023713535593"
"2015-05-27","0.0569312277015963","0.00746650243946205","0.00823341623296243","0.00611513901617327","0.0107506198321636","0.00829009689132273","0.0100687608720698"
"2015-05-28","0.0565351127076905","0","0.00902794514323233","0.00448741952255798","0.0107827718933919","0.0110207012266997","0.0112900200071643"
"2015-05-29","0.0571736941021494","0","0.00885681776697211","0.00435958855814054","0.00960571805197618","0.0106272059410768","0.0246909787379766"
"2015-06-02","0.0523445402618549","0.00960979393476161","0.00966450831377031","0.00498566543091467","0.0115211446904026","0.0089821128853264","0.0155711871161479"
"2015-06-03","0.0531204071584954","0.0095807063495332","0.0118434759941647","0.00446381591114068","0.0115078304797405","0.00842979256958379","0.0120620254636522"
"2015-06-05","0.0507667426765245","0.00954248371663958","0.0133000663036823","0.00668482852954612","0.0110871807462984","0.00855079966688516","0.013092554210876"
"2015-06-08","0.0516084005623323","0.0118245381143102","0.011469447291336","0.00589687127700983","0.00964430934339364","0.00873473238020507","0.0123491004212698"
"2015-06-10","0.0519925830832167","0.00937477945792197","0.00901999485022988","0.00607716079878475","0.0111587630497125","0.00795670219665131","0.0137184026275191"
"2015-06-11","0.050669225717353","0.0165980751393093","0.0110439679604245","0.00699376713810445","0.0108478567310765","0.00855128444467838","0.0625759590693752"
"2015-06-15","0.0473863487646428","0.00895799847397318","0.0110666565763397","0.00826248834885586","0.0127347735000797","0.00694195747138144","0.0313044447318137"
"2015-06-16","0.0467928242731034","0.00707299090212721","0.00661367362705894","0.00825302394056155","0.0133483504253785","0.00863581205833849","0.0138821919999404"
"2015-06-17","0.0464192824499165","0.00698853705457516","0.00645037993781763","0.00872422351714843","0.0108926911184152","0.0091498591574683","0.0133816186943325"
"2015-06-18","0.0496400093714385","0.00704347110183457","0.00836658420079159","0.00819252970255291","0.0114221224284842","0.00624256692125637","0.013538894200334"
"2015-06-19","0.0500089003256752","0.00569369412593595","0.00846798848797362","0.00819090979993262","0.0169543978813462","0.00620170139055558","0.0144535485814596"
"2015-06-22","0.0497380068860684","0.00663360633817192","0.00783278977661215","0.00854744076718461","0.011188546124499","0.00607857610414326","0.0143447876152643"
"2015-06-23","0.0501872414333984","0.00709823744526542","0.00714105773757135","0.00968754237574436","0.0112126828452418","0.00649979840348157","0.0147513229291672"
"2015-06-24","0.0504510263812873","0.00716688970827493","0.00747722565795131","0.00825633866437072","0.0123733845186599","0.0101357676353904","0.0233751856005036"
"2015-06-25","0.05127247407485","0.00716840785187522","0.00731357161964176","0.00800414519658597","0.0142384715518988","0.0102436056920323","0.0149906074108499"
"2015-06-26","0.0493320178363135","0.00697714429029985","0.00684757220249354","0.00800180218215006","0.0134897095502101","0.0103277787975518","0.0184718225084093"
"2015-07-01","0.048649399363194","0.00689829529256362","0.00844095321517327","0.00805435387238032","0.0123172257232673","0.00996701441051686","0.0199511658972394"
"2015-07-04","0.0506342382021448","0.00733059566483187","0.0086131448394632","0.00807295712176723","0.0126558996853085","0.0100345432301019","0.0185476435482655"
"2015-07-05","0.0454394629654317","0.00716196255286424","0.00762161871261879","0.00790905336405759","0.0123797479930067","0.0100468932632933","0.0191769285446299"
"2015-07-08","0.044029573992582","0.00703595043090856","0.0074362351139319","0.00767018626627336","0.0114038366887071","0.0102432700758681","0.0210432185673038"
"2015-07-10","0.0428865794603545","0.00683639775506638","0.00844341530521705","0.00763901868740952","0.0133839447224077","0.010059887425639","0.0202594974836687"
"2015-07-12","0.0369468369622896","0.00678614112778238","0.00699615359229632","0.00768732704898297","0.0120393931599462","0.00656431160472883","0.0559098637813297"
"2015-08-01","0.043539252235269","0.00684381152319846","0.00759092845160477","0","0.0101196118403011","0.00701009146049071","0.0164370159689809"
"2015-08-04","0.0398626329208154","0.0069327061870944","0.00720964609978787","0","0.0120254291667824","0.00689269368586875","0.0904232513149145"
"2015-08-05","0.043324865283557","0.00685023233524001","0.00767618513603778","0","0.012214362023393","0.00954592960901645","0.01304721003085"
"2015-08-06","0.0445074458504815","0.00667922014257751","0.00748450712570843","0.00781604722346643","0.0118534403670061","0.00983810561863886","0.0128187428832451"
"2015-08-09","0.0415735447041047","0.00682543076279844","0.00978622037024802","0.00784627005143488","0.0120284747001125","0.00905453935345743","0.0143655792976808"
"2015-08-10","0.0412160896988578","0.0066957981347198","0.0144031493529688","0.00788520283686103","0.0121155078533426","0.00902635612105312","0.0142284017847881"
"2015-08-13","0.0435995050648634","0.00641716026596431","0.0104118462265633","0","0.0116619534228233","0.00905881729132048","0.0153543639788974"
"2015-08-14","0.0475102935411451","0","0.0124753686311887","0","0.0151870112156829","0.00904722071278379","0.016081963552691"
"2015-08-17","0.0440472166925379","0","0.0123555320941889","0","0.0203199121089973","0.00905629378225083","0.0161170995588355"
"2015-08-18","0.0423520151807112","0","0.0192615851560377","0","0.0201643057580596","0.00905658256714246","0.0162272837476395"
"2015-08-19","0.0463304587904124","0","0.00658525645662743","0.00842970715833881","0.0196292429419771","0.00899538218665189","0.0160454524048779"
"2015-08-20","0.0466488814691482","0","0.00790656782176116","0","0.0183781232743353","0.00904638526910429","0.0154978457892787"
"2015-08-21","0.0475443448034329","0.00712882508531161","0.00890077041281273","0","0.024689865252455","0.0089659307210836","0.0207765612776003"
"2015-08-24","0.0470345350042908","0.00875003650185999","0.0120264138065097","0","0.0131989749978316","0.00907482739871823","0.0231133186342139"
"2015-08-25","0.0617854895168067","0.0349514301598116","0.0150941835210181","0.0112320648192358","0.0149994327694009","0.00903837079653111","0.0781603776134503"
"2015-08-26","0.0628535216723897","0.0155638058899082","0.0134757340054572","0.0107031823613167","0.0270798107246375","0.00894334564827387","0.0774128869341568"
"2015-08-27","0.0619373215423418","0.0342305555721191","0.0124232423218334","0.0146570705270504","0.0230982624439825","0.00985973075297647","0.045798946343352"
"2015-08-28","0.0613458462992518","0.0125926604463708","0.0120141705813401","0.0145010133260141","0.0294421367302409","0.010098740657146","0.0454135556340639"
"2015-08-31","0.0610238291877817","0.0126634174457378","0.00949600917721686","0.0125692552746012","0.03492626071944","0.0103940179662628","0.0157150431752662"
"2015-09-01","0.0647432147237502","0.0136173940378836","0.0123299377674028","0.0133044833770689","0.0333804889098571","0.0102451258392213","0.0140806044819646"
"2015-09-02","0.0591780914368457","0.0147649771702123","0.0164759617897063","0.0112775389823225","0.0153249688244029","0.0105497980584622","0.0167857892569776"
"2015-09-03","0.0521147327108628","0.0167459014858719","0.0112726553174368","0.0111857525012998","0.0329579042156753","0.0105953735595038","0.012760164745642"
"2015-09-04","0.0593066876678399","0.0162727205843736","0.0108505840459604","0.0119196086770361","0.024680513948597","0.010600865691764","0.0113290724791947"
"2015-09-06","0.0577068155068936","0.00681366433621297","0.0116633343116809","0.00805433055024827","0.0240779280947738","0.0106221038913742","0.0141523430619418"
"2015-09-09","0.0573047250152388","0.0166733644880653","0.0114290753597089","0.00806280857408438","0.0356989847988747","0.0105918866196787","0.00867246335263154"
"2015-09-10","0.051464344368216","0.0122641470850854","0.0116011698616492","0.00823151390094107","0.0374992783962677","0.010506876030702","0.0128178071993741"
"2015-09-11","0.0544476280549145","0.00633969264627298","0.0116672990031644","0.00814172652098896","0.023897841197784","0.0106878388671249","0.00607207980983949"
"2015-09-12","0.0493684073608566","0.0228779017508592","0.0119603776985657","0.0082155682944008","0.0619567749651993","0.0124264531543213","0.0158797090278586"
"2015-09-14","0.0580183255147912","0.0175744593366164","0.00773638336371266","0.00843744187251149","0.0218481685142596","0.0119784573526925","0.028777165437392"
"2015-09-15","0.0586926024528841","0.0198289143936969","0.0101705048136253","0.0083957471248765","0.0255626195850597","0.0115122981431256","0.0287185018400337"
"2015-09-16","0.0526081327377335","0.020988262157794","0.0110885187894935","0.00820696936755427","0.0246526969874441","0.0114629416852215","0.0171622651087816"
"2015-09-17","0.0527537909014609","0.0214247858592373","0.0120892909598596","0.00805997315377474","0.0244954914974645","0.0114241822557677","0.015153502588884"
"2015-09-18","0.0468322631048369","0.0210977784180456","0.0114947584636621","0.00815232334096406","0.0245599092416457","0.011715549567667","0.0183717227288823"
"2015-09-21","0.0466759708708985","0.0143100713268094","0.0125506184810763","0.00920942326352097","0.0179716305824688","0.0121692871763313","0.0143399302930298"
"2015-09-22","0.0509878439884726","0.0134058121641615","0.010852742988904","0.00935233601435565","0.0213465557704314","0.010964648730708","0.0145878846508477"
"2015-09-23","0.0490268998467106","0.0154410473999018","0.0108555366509034","0.00889615720910854","0.00820020703789328","0.0112124601847421","0.0127315662321281"
"2015-09-24","0.0445070091538784","0.0214646352419902","0.00890024760028703","0.00811480982506565","0.0120145191951914","0.0124069836368083","0.0118437968371199"
"2015-09-25","0.0479201899699635","0.01482604973109","0.00983363031926987","0.00809206389336575","0.0294024729106801","0.0116530208810297","0.0114874237437317"
"2015-09-28","0.0502880465167394","0.0124669503253667","0.0168426830417294","0.0103854760762634","0.0309173395782343","0.0133956759206611","0.0147914576816251"
"2015-09-29","0.0497624258226767","0.0305328426887974","0.00660110010820017","0.0108446284618938","0.0221188839097804","0.0130314362099596","0.0271784104746411"
"2015-09-30","0.0486090479580888","0.0219100170933761","0.00732018543263882","0.0104669879702487","0.0228238131844362","0.0124747658764814","0.0219981003699574"
"2015-10-02","0.0482463343294089","0.0273590069852388","0.00729188246503781","0.0106892554477606","0.0172731379401942","0.0124048735741164","0.0260453828695847"
"2015-10-03","0.0481609164469656","0.0229467306850795","0.00773698242615485","0.0107764316555287","0.014588733846747","0.0137250707256454","0.025866012559052"
"2015-10-06","0.048077598369688","0.026599376519124","0.00692121472931121","0.0104874204382514","0.0236345743598936","0.0116109545500713","0.0232269960184149"
"2015-10-08","0.044307142523197","0.0293538425956669","0.00701858180630178","0.0114577912195004","0.0218890011707633","0.0118605188599292","0.0165648215513637"
"2015-10-09","0.0441421211052381","0.0256647283354101","0.00705873824648816","0.0111161360079849","0.0229307329672534","0.0119388344185988","0.0183845794493975"
"2015-10-11","0.0435344503626987","0.0253028913976493","0.00703576960447674","0.0111148955324879","0.0229222330296109","0.0117983334828967","0.0189755412861803"
"2015-10-12","0.0505603470303176","0.0283697532762518","0.00624791741278598","0.0110011390972697","0.0561641554865621","0.0106765938583712","0.0174767006024549"
"2015-10-13","0.0513282093022479","0.0227298620744714","0.0101979615505463","0.0106861131647661","0.0181189951026914","0.0122693928900874","0.0137339810885139"
"2015-10-14","0.052327689426736","0.0207702884396767","0.0188858616108286","0.0200808824892551","0.0177530121861529","0.0118402939602107","0.0162276459127646"
"2015-10-15","0.0532873652320698","0.013954027295554","0.00963347370884591","0.0199213157847925","0.0186137371074016","0.0108132857852418","0.0191701258194762"
"2015-10-16","0.0511108560333545","0.0192836488857498","0.0118597406028647","0.0148775651523059","0.0191921503243068","0.0103040018589755","0.025854853811044"
"2015-10-19","0.050951463017445","0.0133337794547924","0.00972758928988071","0.0159953684565528","0.0144601248868862","0.0108169775438294","0.0267169460535288"
"2015-10-20","0.046857094973949","0.0112356805725883","0.00989644535096376","0.0156440910509448","0.0193051773856966","0.0124579883583722","0.0246351415820984"
"2015-10-21","0.0508921964652821","0.0103924821062371","0.010306078066213","0.024729542608485","0.0124374469739163","0.0117552096636688","0.013725334568419"
"2015-10-22","0.0413383528360799","0.0109898600537116","0.00955075030755587","0.0171913032700414","0.0138774602082739","0.0112407144578211","0.0130131830865944"
"2015-10-23","0.0399479857342254","0.0110418859423841","0.00985495657176431","0.0132979286925116","0.0128336884389428","0.0114969024034283","0.0124874831469693"
"2015-10-27","0.0381230173596992","0.0114782624958741","0.00957626887721097","0.03019996829139","0.0140526245971161","0.0109203739808063","0.00714652168911148"
"2015-10-29","0.038244250624126","0.0110864634504414","0.00978131732568904","0.0265888956928627","0.0140380821553146","0.011433999040321","0.00729732542474955"
"2015-10-30","0.0370392285725761","0.00808628355318535","0.00554942968486834","0.0222572627855655","0.0130106632429473","0.0115147456720447","0.00948599423724598"
"2015-11-02","0.036421779031451","0.00831681319082821","0.0106744172271434","0.0230376289328581","0.0170983469248178","0.0103987700597566","0.00938729658160261"
"2015-11-03","0.0352255067374069","0.00904813905094949","0.0100754820309646","0.0265036835376197","0.0152960959292171","0.0107828182163256","0.0107368304563502"
"2015-11-05","0.0388686370891619","0.00876177990953183","0.0119262205034009","0.016807157538955","0.017070162545823","0.0112924894425998","0.0113504522252037"
"2015-11-06","0.0351425996488554","0.00968190500560168","0.0110136863109076","0.015992814565643","0.0172476172021347","0.0102425372038198","0.0107003968810981"
"2015-11-08","0.0359027293775181","0.0092850314250549","0.0244112850864588","0.0179935966915796","0.0178085827311729","0.0094482382948753","0.0107695006887385"
"2015-11-09","0.0359424126121663","0.0104484955841336","0.0133473116052283","0.0143169489941373","0.0159230738639494","0.0103384685109258","0.00991040973128612"
"2015-11-12","0.0393905712600399","0.0100790436839194","0.0156368918551513","0.0246458421755546","0.0200166076322848","0.0101232563704157","0.00976755600330919"
"2015-11-13","0.0361550774245393","0.0105126940278989","0.0150388372449656","0.00979127040209229","0.019989178559924","0.0101080481962055","0.00970556713664818"
"2015-11-16","0.0393976135644035","0.017337554109326","0.0098414227135266","0.0186602436643433","0.0200559275997917","0.0101452192466865","0.00970343778516613"
"2015-11-17","0.0328101440175202","0.00876330011585446","0.0107426395771484","0.0174325306621629","0.0171534544677591","0.011654589372136","0.0181963711528628"
"2015-11-18","0.0341159603308163","0.0120489072017344","0.00933423035553687","0.0178987022451401","0.0184300852130721","0.0101329328504758","0.0184762863058677"
"2015-11-19","0.0328482573834605","0.0119461820666016","0.0131031396883229","0.0155631889616343","0.0189205586770801","0.00948227127341475","0.0202258433819684"
"2015-11-20","0.0324069807303825","0.0119576526060511","0.0130033893518777","0.01220622743492","0.0175100990777304","0.00980215808693647","0.0139473007097906"
"2015-11-23","0.0325000588942106","0.0124452445380274","0.014716456251079","0.0122241095282311","0.0163916275594637","0.00828524837420238","0.0129622972749061"
"2015-11-24","0.0379208495368134","0.00839744042945855","0.0128068794547591","0.0136561852897994","0.0153792857058045","0.00768788331230722","0.0152173824144113"
"2015-11-25","0.033542855788166","0.0163836158094265","0.0140679695626997","0.0119767990493342","0.0152569016677432","0.00779521044803234","0.0147712171984354"
"2015-12-01","0.0383818814706258","0.00864869416604047","0.00615755273735589","0.0104229439532077","0.014967187839954","0.0067761911652021","0.0154034822828102"
"2015-12-02","0.0357712307951733","0.00910401191257183","0.00525287172605972","0.0133498854374366","0.0148911080125325","0.00700247803434107","0.0143916938926781"
"2015-12-03","0.0333952309034397","0.015888279100431","0.00585704708335047","0.0153103778222215","0.0188540620941066","0.00765890439530525","0.0147721015940592"
"2015-12-05","0.0345066867297349","0.0180072415358026","0.00851975471100308","0.01886004748177","0.0139858005760378","0.00949175055436193","0.0140093223271259"
"2015-12-06","0.0375395632317942","0.0115535705901274","0.00841106078723255","0.0125486695859534","0.0186707813277331","0.00996364522521117","0.0159104589028081"
"2015-12-08","0.0364718127744462","0.0106654974019835","0.0109513781829987","0.00886764351579533","0.0159354286980327","0.00989312709470012","0.0141162461062072"
"2015-12-10","0.0380061886944323","0.0144095728349222","0.0107979999363077","0.00948237826517053","0.0154600821347142","0.00967333319186862","0.0142382740546897"
"2015-12-11","0.0366439985291101","0.0158445079125125","0.0174558891601095","0.00871580953139598","0.0141747213614004","0.00990156294707384","0.0128687070530468"
"2015-12-14","0.0335772243376592","0.0229214694644792","0.0106019395879807","0.00870012379605553","0.0140226222030651","0.00841602224769524","0.0143910681747896"
"2015-12-15","0.0391740421766743","0.0172681346657799","0.0158164657774645","0.00975057223801209","0.0143569496844352","0.00724637924565804","0.0148581783476538"
"2015-12-16","0.0337880433697593","0.0241831229185948","0.00945383738020933","0.00945679703774673","0.0150425720848795","0.0086814264138323","0.0142876898432582"
"2015-12-17","0.0341910263891173","0.020187969856444","0.0111289816406204","0.0245209021084987","0.0186780002890233","0.00880598786513809","0.025441920408392"
"2015-12-18","0.0337820107493565","0.0177452690144487","0.00916841524083082","0.0273757381094337","0.0151637767026056","0.0108511995085946","0.0315318120817222"
"2015-12-21","0.0336848853629268","0.0183718916975913","0.00952591635451121","0.0301242002140939","0.0151557860070266","0.011008783290196","0.0146628227861765"
"2015-12-22","0.0337910726298882","0.0290706872738436","0.0123714704898989","0.0502319273953251","0.0233142077558031","0.0111009087304629","0.0270944163218134"
"2015-12-23","0.0344056141949833","0.0251019328244749","0.0115303971044","0.0468482989548989","0.0155535865323387","0.00985263020801822","0.0170282865832827"
"2015-12-28","0.0402780313043869","0.0203211052277288","0.00868853951439529","0.0580532492279559","0.0152994642328847","0.00979993649083827","0.0161246820682422"
"2015-12-29","0.0360211373777759","0.0236333343723685","0.00854981304973682","0.0449708910189261","0.0122375379339003","0.00959973843830565","0.0134558127689354"
"2015-12-30","0.0399459810287439","0.0257687803983827","0.00877340949437083","0.016293995268918","0.0120421225603875","0.00978954941428197","0.0137961181295148"
"2016-01-02","0.040122963225202","0.0137797835837196","0.00895230576605813","0.0173825688739304","0.00898495718951785","0.0085261173285215","0.0108403781247425"
"2016-01-03","0.0387739121907901","0.0116321407175043","0.00727032892882322","0.016185149319647","0.0201902719244385","0.00843909787844443","0.00978956137495909"
"2016-01-04","0.0398868246093115","0.0111786986570505","0.00928935708322365","0.0112615854244115","0.0186104743262885","0.00810112647436228","0.0104088492223944"
"2016-01-06","0.0393226591152209","0.0136006100057863","0.00671324491866876","0.0177182267024973","0.0136369646064727","0.00807018375584267","0.00993105091660518"
"2016-01-07","0.0396365363955268","0.0178731457915735","0.00674451617598008","0.0116336668515243","0.010540760118392","0.00952829124754432","0.00986155315251831"
"2016-01-08","0.0397846750994221","0.0342334544643492","0.00826459886646255","0.0187216425729417","0.0119888935931905","0.00860975109223456","0.0112540754310833"
"2016-01-09","0.040673696895408","0.0319157215026506","0.00655382281140438","0.0120892772779483","0.0112455210400513","0.00809356814063497","0.0219717714788992"
"2016-01-13","0.0402121369973136","0.0217356733966532","0.00585752939423787","0.0184601414332982","0.0141941444114787","0.0079459031705425","0.016317956872531"
"2016-01-14","0.0405466546856143","0.0141790813950559","0.00664272696406453","0.0129489198029912","0.0109409163348812","0.00787246879769425","0.0214414546549461"
"2016-01-15","0.0359402850920781","0.0274460353344603","0.00655550730214385","0.0147040521504096","0.0111207694444384","0.00981199707503601","0.0162368734939136"
"2016-01-19","0.0362792229052299","0.0303806659460509","0.00663673073215248","0.00826549933690705","0.0117296887582622","0.00955347436974473","0.0171851120797102"
"2016-01-20","0.0356437555803215","0.0322414271044573","0.0116582694531984","0.010885019496371","0.010166249892054","0.0101190708315701","0.0188304347231464"
"2016-01-21","0.0359591724280232","0.0119108047655652","0.00816520796040566","0.00954380335383432","0.0091413749899065","0.0111333354975955","0.0336356364057228"
"2016-01-22","0.0357245447514404","0.0363322777397017","0.00715092950241327","0.0155129893039426","0.00770880798391083","0.00992520321228705","0.0244781398856011"
"2016-01-25","0.0350537008747824","0.0144831331512888","0.00720335531340446","0.011072908413621","0.00910161627046674","0.0115691895212974","0.0229158110271664"
"2016-01-26","0.0356060376905516","0.0328814934616859","0.00856010320110107","0.0137445999503618","0.00947786831455736","0.0114170458214355","0.0195064011540121"
"2016-01-27","0.0357568070018164","0.0155892129341528","0.00780998532133595","0.0137250584731645","0.00751676824128744","0.0186316758264537","0.01999455988486"
"2016-01-28","0.0362182526226754","0.00849594306103688","0.00808816934491258","0.0116517912912342","0.00945858801182106","0.0113786164534446","0.0201782327590956"
"2016-01-29","0.035264140024968","0.00832771777716715","0.00687121293681845","0.01018333139843","0.00949909085106124","0.0117201483677592","0.0243556762367262"
"2016-02-02","0.0355091000865316","0.00846328946922558","0.00777767578635","0.0134786147042377","0.00958230303739567","0.0109425229141691","0.0245397805822247"
"2016-02-03","0.0361810451161762","0.052029850038962","0.0114585178482543","0.0119225091235567","0.00746352250047284","0.0108032456918479","0.02292950958369"
"2016-02-06","0.0347566819190745","0.0500448898387731","0.0118321575134014","0.00999925579769311","0.0101581866033886","0.0096632636240911","0.0223878583655995"
"2016-02-08","0.0356650164466686","0.0583460011994627","0.00897708901548475","0.00984152390081034","0.0101247091772946","0.00903473790978547","0.023293676534567"
"2016-02-09","0.0321069769723147","0.0607537763772426","0.0104391021630286","0.0121147391820019","0.0131778997524734","0.0128375402990853","0.0229531385447567"
"2016-02-11","0.0345494312200249","0.06104004541925","0.00839167174534661","0.0122060122311491","0.0276535616827682","0.00976100872287758","0.0234097172241887"
"2016-02-12","0.0339040246490016","0.064290618113782","0.00711133667383215","0.01040473510985","0.0118869001159599","0.00976682385347235","0.0214623102541291"
"2016-02-16","0.0345711781638541","0.0449808257813659","0.00541208930460239","0.00923869084946951","0.013389234650619","0.00990115387591898","0.0346905921809815"
"2016-02-17","0.0344925994591796","0.0272303682636789","0.0072996683262271","0.00790007022320224","0.015587503625082","0.0098999346319145","0.0246903875414751"
"2016-02-18","0.0359422996708664","0.0114625491586154","0.00920484541669316","0.00949654113677318","0.01002169103435","0.00935957246876987","0.0229757093806025"
"2016-02-19","0.0359718305928555","0.0119756387324001","0.00739854072370697","0.00821535927839154","0.014646957584489","0.0102156890196372","0.0218504067372834"
"2016-02-22","0.0290342892225292","0.0119119099131897","0.0180021516962272","0.0130664363667942","0.0168594814840371","0.0105640901868374","0.0228525818020669"
"2016-02-23","0.0359665748546934","0.00907912532382267","0.00918711112922254","0.0139939034877738","0.0165979522300225","0.0112705324198567","0.0318465946793854"
"2016-02-24","0.0371023068546161","0.00921047220094386","0.00732733473343324","0.014767034300646","0.0173417438397553","0.0137868558096076","0.0471035395940495"
"2016-02-25","0.0336693227864548","0.00930799088301412","0","0.0125999153405332","0.0142638792760625","0.0133386663997136","0.0474987618405358"
"2016-02-26","0.0220951791692166","0.00850196868950219","0.00725091124374248","0.0112723012404997","0.0149511255522738","0.0146267726415992","0.0361765553195857"
"2016-02-29","0.0300000866852909","0.0105458758407809","0.00733966816261797","0.0120018544366896","0.0128503917533533","0.0208430467416867","0.0499324843643287"
"2016-03-02","0.0298653884639733","0.0109952225996435","0.00924284740323257","0.00911236986236706","0.0127038497777675","0.0127280916583443","0.0476903006295624"
"2016-03-03","0.0323178190985059","0.0122698398434322","0.00997866752664718","0.0092351610180817","0.00734331520046733","0.0140704518994879","0.0463134403731993"
"2016-03-06","0.0208653940421218","0.0293513849616773","0.00934073618561466","0.00925359037972598","0.0141251942890864","0.0132963944688311","0.0455128393761464"
"2016-03-08","0.0320958435822187","0.0261196391463602","0.039949500535371","0.0147461779249254","0.0142217996856009","0.0142644406020274","0.0420433691724713"
"2016-03-10","0.0306282652775572","0.0133681116357485","0.0405106612251132","0.0243658226058894","0.00830426625379875","0.0145668701521206","0.0332449405759691"
"2016-03-11","0.0306786885011481","0.0117775574169932","0.00761743065647373","0.0241907752451817","0.00829436513261673","0.0136460097026003","0.0244632204124508"
"2016-03-15","0.0240126389796042","0.0114360493611758","0.00936498844474895","0.0261410296032519","0.0135995547686594","0.011422897646481","0.0236030576135967"
"2016-03-16","0.0209561890712827","0.011052575235421","0.00943102508497961","0.0311772094543088","0.0100509545656155","0.0141047387886443","0.023627548091999"
"2016-03-17","0.0205044865912161","0.0113149875990165","0.00937336713172899","0.0206882950796125","0.00976987187333986","0.0144651753039603","0.0304432548558673"
"2016-03-18","0.0271514123647773","0.0108209156622259","0.00653358498759893","0.0213288737160861","0.00982783944097104","0.0148645648399679","0.0295105165413794"
"2016-03-21","0.0282342926901437","0.0103264079897248","0.00717576321288092","0.0149506751739382","0.0134180366046818","0.0111890913800582","0.0222861571378978"
"2016-03-22","0.0276474921175771","0.0143776384004612","0.00719241520189327","0.0113804937218025","0.014399337319794","0.0112032975854719","0.0224038500111103"
"2016-03-23","0.0273017677673092","0.0131733638598726","0.00722048169543754","0.0110963932214323","0.0168347872556422","0.0152689390832541","0.0224189542709508"
"2016-03-24","0.0232594526753972","0.0122793213696025","0.00726415114911481","0.010464279497792","0.0139673741370022","0.0141659682851778","0.0216333571953773"
"2016-03-29","0.0247520607806018","0.0108055313665393","0.00734755546393818","0.0105227641205095","0.0130791278686783","0.010559499721948","0.0216724386781439"
"2016-03-30","0.0276400260729587","0.00957865768287661","0.00725619254888745","0.0106622468559501","0.0167931021308048","0.0109830302109375","0.021478319522883"
"2016-03-31","0.0282268329206619","0.0136155520178053","0.00703933213622131","0.0110699076172651","0.0172154321178832","0.01565513975141","0.0190736936611142"
"2016-04-01","0.0290235446825285","0.0357798792536389","0.00724833609456815","0.0115624549624031","0.0144586067457858","0.0113802793215786","0.024096188126325"
"2016-04-02","0.0328987395226255","0.0125125154324056","0.00711233892988798","0.0120393116983801","0.0153076803249369","0.015886247336912","0.0202746639619762"
"2016-04-03","0.0222039853890065","0.0123157013347038","0.00695157336055819","0.0103151743593379","0.0122024737368743","0.0161610985678273","0.021391301184715"
"2016-04-04","0.0300669802468045","0.0124389119888998","0.00707953123790779","0.010185593995069","0.00984413050058083","0.0161041486736333","0.0217864474999226"
"2016-04-05","0.0240819689332246","0.0168848627798618","0.00778434338971239","0.0114572285662013","0.00940912252674392","0.0134734063413194","0.021379260796334"
"2016-04-08","0.0229996996415272","0.0125242357953485","0.00920295738022122","0.0114463936681299","0.00985331710084068","0.0131581161172548","0.0237248540079148"
"2016-04-10","0.0235634536943353","0.0151196299685858","0.0278463988550408","0.00954743912512597","0.00991847143831554","0.0141821215708663","0.0225824780732176"
"2016-04-11","0.0276266392814848","0.0158035254340414","0.0266216601626976","0.00948117254424882","0.00996818397464589","0.0115461001120004","0.0241178639265816"
"2016-04-13","0.0264831673352856","0.0460637708384094","0.0125472038893126","0.0124377142460046","0.0132911356278424","0.0115470199001499","0.0233101889553474"
"2016-04-14","0.0283424103972936","0.017282533588558","0.00967060982573932","0.00856498693879038","0.0147527307620819","0.0113049643399538","0.0242183863949156"
"2016-04-15","0.028004572729592","0.0297151702620233","0.00871243912017823","0.00878817150156383","0.0139712344842595","0.0109643003174489","0.0251248100426342"
"2016-04-18","0.0298493472608453","0.0387308156060115","0.00684900104792321","0.00884649721342516","0.0140819778038346","0.0108507015563611","0.0151234663191458"
"2016-04-19","0.0300834810999646","0.0401923511825012","0.0065601134913719","0.00854208479234133","0.0131892506773168","0.0112882941596816","0.0226752760141896"
"2016-04-20","0.0304680344058777","0.0437033095457663","0.00681399656923891","0.00853737105260569","0.0131196927993297","0.00960370233765978","0.0146387064163048"
"2016-04-21","0.0304295699493207","0.0140736699038911","0.00661883797867546","0.0093038777631633","0.0113406753048645","0.0111321073282346","0.0134506592126806"
"2016-04-22","0.0309327626927309","0.0136481475048975","0.00663369500719185","0.0115404168848938","0.0114121874844293","0.012392264116692","0.0174137607791997"
"2016-04-25","0.0285377285192344","0.0151149805366792","0.00774425763308571","0.00867799961787963","0.0115183507809602","0.0118223077385049","0.0139120911045175"
"2016-04-26","0.0292143151530583","0.042043482066754","0.00894737266426103","0.0107212330217511","0.0132357100232925","0.0114839016045841","0.013921399248825"
"2016-04-27","0.0163758265888988","0.0302519310826189","0.0105122368633586","0.00815918577195491","0.0124163111625753","0.0144185395224114","0.0127454194389832"
"2016-04-28","0.0182715146211756","0.0218866113144039","0.00915709665922634","0.00799208038496069","0.0129950334091476","0.0115259410333815","0.0138429378401456"
"2016-05-01","0.0286116903985261","0.0238320502759552","0.0113600760860352","0.00805484789691","0.0121761162046595","0.0140979818998879","0.0125677902672116"
"2016-05-02","0.0280794940814095","0.026306152564327","0.0130148183225738","0.00793655478425892","0.0103089350966465","0.0120248786307037","0.0218201975045313"
"2016-05-04","0.0249054561746411","0.024667068592344","0.0156832966010661","0.0109403279009029","0.010026394359998","0.0115088957897452","0.0205266779111951"
"2016-05-07","0.0228552198250599","0.0262215622174964","0.0153158768397714","0.010305944687044","0.0136135893523734","0.0125850003448361","0.0143756743773197"
"2016-05-08","0.0234445904147329","0.0147869462563109","0.00755224953641693","0.0119009747044352","0.0104615852184685","0.013054881501184","0.0145262083760261"
"2016-05-10","0.0234603117894826","0.0161204578459315","0.00727175042633407","0.00945249537408577","0.0109598133096323","0.0136738650813617","0.0148622866230503"
"2016-05-12","0.023606889028768","0.0163706522481091","0.00820405419630653","0.00992461602788421","0.0141494270386658","0.013663243964112","0.0242824889378705"
"2016-05-13","0.0208039800401782","0.015385440960619","0.00665732340376357","0.00858780926445152","0.0115105239663403","0.0140232249953892","0.020829373397787"
"2016-05-17","0.0233591563991312","0.0177135170222123","0.00765433545889229","0.009398109848629","0.011779519289907","0.0137051303152392","0.0211850416929357"
"2016-05-18","0.0239131037747087","0.0178094748616755","0.0175001491144549","0.00896804287123266","0.0112208399519184","0.0132722244598462","0.021013396036687"
"2016-05-19","0.0230059977817604","0.0186385267534172","0.0149425201790121","0.00917897549566777","0.0106602352348102","0.0129405999312837","0.0230277457546117"
"2016-05-20","0.0242932905349282","0.013933666619056","0.0154609295009678","0.00711166282885568","0.0106473179670981","0.0125116349008277","0.0222646596782221"
"2016-05-23","0.022961496516949","0.0171882137458076","0.0208221589980363","0.00954267440823436","0.0102883058167855","0.0125443099252629","0.0231639860792748"
"2016-05-24","0.0280499096130688","0.0117457521457689","0.0177319757622024","0.0072290416926098","0.0101861720596884","0.0112562400906111","0.021264372046387"
"2016-05-25","0.022951149449481","0.00835293799168167","0.0101416533732355","0.00705447786336956","0.012521752936475","0.0120605351982324","0.0189483573323925"
"2016-05-27","0.0237225236498145","0.0130415993656382","0.00829073860510626","0.00939131074926674","0.0129626679528668","0.0107214291368287","0.0181407281528746"
"2016-05-31","0.0231452472179225","0.0113876564972835","0.00822763319514252","0.00712206229380197","0.0100785176832973","0.0119416264628062","0.0239227236880665"
"2016-06-04","0.0231064922530927","0.0102896611762763","0.00863746461089826","0.0162260867008736","0.0102061238489662","0.0102419626840262","0.0239629959354731"
"2016-06-05","0.0216703188287199","0.0185456012212736","0.00753389737600849","0.00789896781226537","0.0106429116656353","0.0106513436750069","0.0221306704683732"
"2016-06-06","0.0206923781807477","0.0182321285509368","0.00773031715399061","0.00708751388018176","0.0104749468415659","0.0108191663355113","0.0224100043342361"
"2016-06-07","0.0208407527700139","0.0137800706434448","0.00840962249112058","0.00816917348683509","0.0106253937786053","0.0108906206112612","0.016911796334564"
"2016-06-09","0.0228529973199683","0.0134862290667584","0.0116802142438745","0.0149280902434168","0.0109672169778616","0.0109334843582702","0.0166399356331883"
"2016-06-10","0.0225453268254295","0.0134107494274479","0.0109790962944411","0.00675255384963169","0.00985874447633794","0.0107937110431687","0.0280095749058543"
"2016-06-12","0.024014101386769","0.0139011904321971","0.0108582468003236","0.0144153154018273","0.00991233283862317","0.00973007629222426","0.0177435820435283"
"2016-06-13","0.0244609799590714","0.0155762914399916","0.0101100158195605","0.0161402272448427","0.0103491441849387","0.0107704178738133","0.0188272953222099"
"2016-06-14","0.0228063670013917","0.014700586719039","0.0117783432401407","0.0262508147864235","0.0102117075497636","0.0107127568930312","0.029806058366414"
"2016-06-15","0.0243132482553623","0.0145169277422357","0.0106987095029067","0.00827221943078919","0.0093062906788324","0.0108330769865648","0.0281792025752876"
"2016-06-16","0.0244833880063144","0.0154505091067921","0.0100276081915882","0.0228698008757768","0.0102251746389739","0.0107254328906793","0.0315030159024047"
"2016-06-17","0.0243189855993043","0.0218692769005907","0.00899026732038427","0.0168816070499913","0.0099125673569146","0.0109304992643043","0.0288224635542905"
"2016-06-21","0.0232254807762613","0.020740952041676","0.0116499559146342","0.0254962909300863","0.00954840593155766","0.0103196839281831","0.0148468839407231"
"2016-06-22","0.0210600858979055","0.0169095106477652","0.00858543950722958","0.0153574757529608","0.00990266810550897","0.010643485540143","0.0161366920631181"
"2016-06-23","0.0260991304426091","0.0196999610164289","0.00735602580526875","0.026667576803557","0.0111897068981069","0.0118538279258512","0.0147704065117016"
"2016-06-24","0.0251407354198976","0.0159163265247677","0.00731886925572788","0.0112515330990986","0.0108946291441282","0.0107933629104467","0.0143556818252987"
"2016-06-27","0.0296452460145772","0.0210797927903776","0.00727220990308175","0.0162579776980446","0.0112393286888866","0.0114060888561273","0.0202530098377828"
"2016-06-28","0.0249757680263208","0.0262876497070691","0.00731389509040799","0.0159860217343981","0.0153754542765991","0.0114530572732217","0.0200159146566539"
"2016-06-29","0.0225703801299774","0.0187466615898279","0.00933449946872794","0.0145286918939548","0.0132598462099596","0.0107339854908449","0.0202813508754036"
"2016-06-30","0.0268786715853609","0.0198202617652569","0.00756309110086971","0.00805235637679182","0.0112444014157181","0.0107779223531608","0.0200922791135541"
"2016-07-01","0.0292248892451922","0.0134479257972065","0.0081638124060818","0.00639420258925013","0.0110729637164469","0.0111222688086725","0.0185906773425255"
"2016-07-03","0.0291676442132756","0.0255801438690232","0.00909297170947038","0.00820966550662637","0.0137445121751496","0.0117584948378343","0.0173055195665642"
"2016-07-04","0.0277385375090089","0.0150868465043377","0.00871079799376718","0.00823350649216552","0.0144162019028513","0.0117572321768254","0.0197384883466405"
"2016-07-06","0.0292875263228702","0.0133627473745257","0.00894213238952642","0.00835418103640513","0.0137951905293625","0.0114814396527068","0.0195762980086305"
"2016-07-07","0.0317172177425571","0.0158791043246575","0.00735437461943587","0.00841726797861107","0.0134633042626585","0.0111485283278119","0.020578537085537"
"2016-07-09","0.0293014687143987","0.0301493364361848","0.00739037353616357","0.00764383795207837","0.0133491213254833","0.0113340623256675","0.020778382720315"
"2016-07-10","0.0293629550015694","0.036090426818103","0.00905016699789441","0.008014419375732","0.0130891658051226","0.0113805046481877","0.0209391509050032"
"2016-07-11","0.0335416635997454","0.0407918476807015","0.00730824581271662","0.00803708856281846","0.0140758380880681","0.0177776261072459","0.0211471235132074"
"2016-07-12","0.0300211573503738","0.037346134231846","0.00821736919673668","0.00642597637578792","0.0240742375055967","0.0209649683223695","0.0212384607520379"
"2016-07-13","0.0297222408209678","0.0455479193551783","0.00909191126922041","0.00710586706840291","0.014634710392388","0.016367506502773","0.0273024761235636"
"2016-07-14","0.0249868067012376","0.0349361447904699","0.00884675989752694","0.00757464241301921","0.0157141937586726","0.0170685107781531","0.0261381740264191"
"2016-07-15","0.0240903628148556","0.0289696956525821","0.00756757273780436","0.00851162288314505","0.0156148233741304","0.0156895267312066","0.0211409902748025"
"2016-07-18","0.0276185500798493","0.029111303765058","0.00777445090762725","0.00875649272178177","0.0143836846344338","0.0154439347442173","0.0210934839673236"
"2016-07-19","0.0292232873123545","0.030271378565336","0.00769821074744173","0.0120684597021151","0.0110367032389682","0.0148245823022074","0.020918368197362"
"2016-07-20","0.0280427911524305","0.029931809598265","0.00749197131179348","0.0088796609150193","0.0147333784498034","0.0148791557432717","0.0216412435134041"
"2016-07-21","0.0284789674270758","0.0299932063314617","0.00744310350691291","0.00840918155541764","0.0203793895205425","0.0130903431585735","0.0212132752598216"
"2016-07-22","0.0279126183483026","0.0305349544326443","0.0112396560320487","0.00917753173597139","0.0200497184074152","0.0131075453348694","0.0183471456304916"
"2016-07-25","0.0248859779958313","0.030057385153792","0.0124022931470821","0.0100820659891511","0.0193100453004566","0.013773969216584","0.0238336917598498"
"2016-07-26","0.0261969639743396","0.0363558934142707","0.0100951953078423","0.00958710644059768","0.0191347357996321","0.0164747851293116","0.0227524239147044"
"2016-07-27","0.0252075756800256","0.0373168713166203","0.0101513466638261","0.0238868255838954","0.0194306258629682","0.0163388892193547","0.0225904562229286"
"2016-07-28","0.0250862229212538","0.0391777768615727","0.00996245216309181","0.0246860554090811","0.0202069372613926","0.016599181831143","0.0277929671854733"
"2016-07-29","0.0213292749929851","0.0409072960126578","0.0116518822370453","0.0243069374828797","0.0190316950509841","0.0163381047404012","0.0289317007791799"
"2016-08-01","0.0257246218406726","0.0309633881561107","0.0100897894059825","0.0257339013799595","0.0171538176839563","0.0157988612268822","0.025131975782981"
"2016-08-02","0.0261398373363589","0.0167462792625107","0.00940057463470761","0.0230266303894746","0.0171615124062044","0.0156914292067817","0.0235686076297077"
"2016-08-03","0.0261863796753275","0.0324627315300634","0.012736824738219","0.025164555345163","0.0255811051226654","0.0157612301501376","0.0262100047798356"
"2016-08-04","0.0289064610657797","0.028468899474738","0.012139053212803","0.0227510029851808","0.0266173967722207","0.0143542073537658","0.0271045101153794"
"2016-08-06","0.0276836221118922","0.0189380707361981","0.0120790540947767","0.0157552184547835","0.0186977300577944","0.0140479667613343","0.0241173591292596"
"2016-08-07","0.0188267986946751","0.0130021480894273","0.0125465918633754","0.0151676857633319","0.0176628544225068","0.0145719657587848","0.025331985137583"
"2016-08-08","0.0259861224497022","0.0190312841391142","0.0121574836510804","0.0153032145156429","0.018219760656743","0.0145677310909597","0.0253952678624358"
"2016-08-09","0.0291394765974207","0.0217137408685576","0.0123479521515607","0.0158064683264364","0.0184841970685707","0.0110211423033098","0.024911780757268"
"2016-08-11","0.0269705676175635","0.0289741709476727","0.0130258883396072","0.0129311845548984","0.0187292657921198","0.01079540616713","0.025929212205344"
"2016-08-16","0.0268884025040596","0.030701198435525","0.0121296942599432","0.016213958759623","0.0188309584317558","0.0126821971374281","0.0262572538243042"
"2016-08-17","0.0296540764790709","0.0311165836823387","0.0132138489849739","0.0153984133495916","0.0190042011895384","0.015806328639035","0.0463052500986751"
"2016-08-18","0.0258323905091399","0.031965564815067","0.0129413472704745","0.0152305517358116","0.0213884425199427","0.0142401285107555","0.0318656548309856"
"2016-08-19","0.0273431844241044","0.0241994999519506","0.0140649018969097","0.0122149870470285","0.0207839804238274","0.0151729626288865","0.0329995096209361"
"2016-08-22","0.0253863511045706","0.0214031603214451","0.0148682648954536","0.012383991335095","0.020036022723589","0.0184633029323043","0.0249453632996351"
"2016-08-23","0.0255321759743017","0.0222957694156876","0.0116493815025068","0.0131272693680872","0.0282753827602363","0.0176403869604664","0.0243996406105902"
"2016-08-24","0.0258457298618867","0.0216898820989185","0.0170623181227084","0.0160497416515563","0.0213265255060554","0.0150915967107318","0.0253427062143067"
"2016-08-25","0.025432652643873","0.0205387546793959","0.0174257593875666","0.015650078177135","0.0215698425684835","0.0183945011837704","0.0266568798550954"
"2016-08-26","0.0254559904669971","0.0218484958271736","0.0176481842216949","0.0117659513569739","0.0215502461702004","0.0161002236432173","0.0256961580086218"
"2016-08-29","0.0252581957804063","0.0208160093159984","0.0175466085557968","0.0130557587103624","0.0217650035546603","0.0184634838311243","0.0260071493383238"
"2016-08-30","0.0251537260338811","0.0218229580139903","0.0181644321538504","0.00989390331680247","0.0255279582303226","0.0129174739282292","0.0263169871839874"
"2016-08-31","0.0246350176381385","0.0208389186388594","0.020119739835614","0.00774126971220625","0.020480733722565","0.0115247386534466","0.0263209522276541"
"2016-09-02","0.0249779080150226","0.0267082837183725","0.0204407996709893","0.00773967958480882","0.0196833541625452","0.0135308159762647","0.0268881968648377"
"2016-09-03","0.0245807406255304","0.033388874485219","0.0180582205676648","0.00733029521359112","0.0200974474920531","0.0130200365208569","0.0212681697359541"
"2016-09-05","0.0242055503870125","0.0326354341919013","0.020876180671024","0.00586274960186594","0.019827629412544","0.0120054707351986","0.0210572944643739"
"2016-09-06","0.0248463501608386","0.0326640427062207","0.018356861071057","0.00804837027248381","0.0198022233906166","0.0113234060181713","0.0219264456559055"
"2016-09-08","0.0249503334326225","0.0433550714733809","0.0213873046708939","0.0112639245804882","0.0194892664284092","0.0124259892365655","0.0241059862053122"
"2016-09-09","0.0246770729308156","0.0335060247697227","0.0175878669318201","0.0116724532149903","0.0167417478541711","0.0112072509173759","0.0237611963047626"
"2016-09-11","0.024322333637402","0.0348755947390596","0.0185272736825794","0.0115032782406051","0.0200613227582227","0.0106794596225748","0.0235216740078157"
"2016-09-12","0.0242726094047168","0.0334008999625864","0.0221811376090044","0.0138120587724867","0.0201325232790916","0.0100964267460945","0.0208889840931056"
"2016-09-13","0.0243834374115752","0.0325219427474364","0.0329906137192322","0.0141718519064305","0.0172169692125657","0.00950765784732239","0.0206898077104821"
"2016-09-14","0.0246930184355764","0.0462323897156955","0.0235896162268021","0.0139602870393586","0.0197849210686803","0.00933740450904135","0.0229880746298683"
"2016-09-15","0.0248785317937703","0.0569349280239967","0.0257047521248378","0.0121404330803156","0.0150317768457708","0.0093878362599371","0.022908082062632"
"2016-09-16","0.0263975857256542","0.0511863410372473","0.00905377580384845","0.0121366406362622","0.0176881358215316","0.00932738596902947","0.0195040846768042"
"2016-09-19","0.0315757816155776","0.0603140982396201","0.0137627681715975","0.0117064706035796","0.0186713406576792","0.00943839826776227","0.0213071036284183"
"2016-09-20","0.0314916704717779","0.0511208226640767","0.01428095103248","0.00764926370630623","0.0188365719398582","0.00930169945685724","0.0224340555226888"
"2016-09-21","0.0316168414830044","0.052386215868462","0.0136230938254155","0.0120050121469363","0.0345766536770423","0.00978456490776219","0.0306198714915893"
"2016-09-22","0.031591830298119","0.0590504936209756","0.0111721861785201","0.0251004829696282","0.0223403270941024","0.0108820817991397","0.0298838683495698"
"2016-09-23","0.0275305235490786","0.058719637950197","0.011472331698857","0.00978081827280143","0.0221755842366011","0.0104152924193649","0.0294609374679319"
"2016-09-26","0.0314093451434144","0.05887769479665","0.0112080207207061","0.00942221909513841","0.0224650059760605","0.00961578611790371","0.0199103131142628"
"2016-09-27","0.031560889908211","0.0583622139074668","0.0111484817277933","0.00982178533399841","0.0194067153886877","0.00971115194470673","0.0198082695187856"
"2016-09-28","0.0314819143193708","0.0640843141181764","0.0109827539158486","0.0116079699143341","0.0222010338074584","0.00989013547036553","0.0198366629549428"
"2016-09-29","0.0312052891002298","0.0530087838457497","0.0124175021441366","0.0172159913395398","0.0205135364824362","0.00990242104928947","0.0200430437100254"
"2016-09-30","0.0312792281417965","0.0533723684643066","0.0207166130941894","0.0126956790536122","0.0199157843806951","0.0100041975412594","0.0200378640486107"
"2016-10-02","0.0311742934626235","0.0374200077644916","0.0209593415171914","0.0105527239031507","0.0134086558664349","0.0105209673383577","0.0195097672135422"
"2016-10-03","0.0308989910856972","0.0343054175529598","0.0169646166913052","0.0183007556779135","0.0201822355626945","0.00992305416690042","0.0186450767468347"
"2016-10-05","0.0249401136779764","0.0302858856878118","0.020992752379884","0.0119838630741751","0.0132541119402775","0.0107410854155855","0.0186872842111722"
"2016-10-06","0.0248300924799487","0.0306080450925317","0.0213260148094783","0.00925310331104772","0.0133568708073259","0.0110164292878094","0.0169632724288405"
"2016-10-08","0.0259441308481592","0.0309249805314188","0.0145910210821445","0.0104395203323021","0.0176584430859672","0.0105498375735459","0.019397694481847"
"2016-10-10","0.0260153346622371","0.0241109561543664","0.0199007065614693","0.00984000640455643","0.018175741406144","0.0105924721665646","0.0232686905060639"
"2016-10-11","0.0230537347856813","0.0133205190891622","0.0149482987664345","0.0110105540755196","0.0180961195948422","0.00936585406180668","0.02454319120013"
"2016-10-13","0.0249728599717863","0.0294943850434185","0.0149673168831388","0.00999738636680032","0.0180156469784633","0.00941343393675905","0.0238229078357643"
"2016-10-14","0.0218372550262627","0.00826421046547352","0.0111275418883409","0.0106680151722271","0.0152193849104522","0.00982782193548754","0.0202716641109977"
"2016-10-17","0.0215172915128559","0.051395688089572","0.00730781398451893","0.0103072540680761","0.0184569436751185","0.00945149880917093","0.0239096870543046"
"2016-10-18","0.0212227227100916","0.0533506404629726","0.00680577541589137","0.00856858872639276","0.0195634844411971","0.00969840097914051","0.02436130463642"
"2016-10-19","0.0212209861124051","0.0524099831837109","0.00679452497740247","0.00682881920045721","0.0187359716233437","0.0096985415157815","0.0240343537074796"
"2016-10-20","0.0240348670740856","0.050591900943989","0.00692140196692531","0.00692517560479871","0.0159559337927009","0.00968172544500915","0.0228540825986194"
"2016-10-21","0.0241766039172282","0.0326268823927636","0.00701779993134553","0.0069403852514107","0.0160913213535461","0.00967365699058687","0.0230710640628666"
"2016-10-24","0.0278006042444527","0.0180954339395307","0.008111369222121","0.00751754983263628","0.018525575754366","0.00977655402964775","0.0233022195868613"
"2016-10-25","0.0245125907097821","0.0292741526216297","0.00771999651483955","0.00698929403988701","0.0155090986051902","0.00976736456918212","0.0237713843310966"
"2016-10-27","0.0239878071586304","0.0300380193890398","0.00759911970899739","0.00658102309901206","0.018114331765744","0.00956363054578095","0.0226126172666603"
"2016-10-31","0.0245759971502584","0.0311060926311948","0.00749930251257774","0.00670719520900606","0.0106154800905655","0.00956494839780703","0.0238771458856753"
"2016-11-01","0.0246270976384638","0.0136043221380392","0.00739635179157501","0.0066563176905883","0.0106743044915179","0.00965851155891561","0.0225460579378194"
"2016-11-02","0.0268978381676039","0.018043618329232","0.0096295906058735","0.00674899659208068","0.00870954297253723","0.0096042948098782","0.0208663879029113"
"2016-11-03","0.0271949309587341","0.0168835890800321","0.00828478249863167","0.00670619286880526","0.0104364439074291","0.00985318519400654","0.0221447135017311"
"2016-11-04","0.0168806458989557","0.027014316078934","0.00809796159375442","0.01036722527106","0.0089263578687009","0.00851738450047394","0.0137444163181194"
"2016-11-05","0.0212883326415103","0.0138695848267862","0.00758385247935765","0.00822577084730074","0.0108329846802864","0.00924328831049147","0.0159620838349821"
"2016-11-07","0.0282277576853815","0.0169274385205181","0.00754183255189063","0.00837046669901882","0.0110766187086201","0.00948806416921408","0.0277310093051342"
"2016-11-08","0.0272665392391305","0.0170183765641326","0.006969392854617","0.00615770439044202","0.0117634320099566","0.0094742863109036","0.0230174751059766"
"2016-11-10","0.0356667249087906","0.0167585859832686","0.00679676812756269","0.00800725315047979","0.0108208517247584","0.0091169507983587","0.0222329064696793"
"2016-11-14","0.037215857908463","0.0193501379743584","0.0074175866109058","0.00664541667032742","0.0117332343948632","0.00948584185218341","0.0210335100503962"
"2016-11-15","0.0373674605979454","0.0186703316748378","0.00753946796527958","0.00644665414619894","0.0138916690716269","0.00658512298274846","0.0213469381166765"
"2016-11-16","0.0361354065676986","0.011596759897433","0.00998786098379531","0.00735027140361108","0.0153485287335703","0.00857142496644442","0.0215313771180492"
"2016-11-17","0.0361168010474721","0.0172940951234338","0.00816638602308804","0.00710297193597072","0.0150545411470624","0.00688065390489822","0.0224360646601372"
"2016-11-18","0.032543984213796","0.01789814096106","0.00925741243169952","0.00570559139024882","0.013174329388954","0.00658847536757404","0.028920834517788"
"2016-11-21","0.032279908575863","0.0175723322226997","0.00720915117438308","0.00572884949569523","0.0128078188895004","0.00755561594949331","0.0291448676357036"
"2016-11-22","0.0673871999953379","0.0187156312804437","0.00721877713745678","0.00579619988643147","0.0104474349039467","0.00845770994175932","0.0287026808305314"
"2016-11-23","0.0353013136266685","0.0166149161394722","0.00721709314324724","0.00562836420632511","0.0127116497549101","0.00820372442815953","0.0259914515859855"
"2016-11-25","0.0374177932081046","0.0173927934245864","0.00873998526497506","0.0055777134083382","0.0114594966633825","0.00889650997466477","0.0236381831263815"
"2016-11-28","0.0254537092065681","0.0124191130247071","0.00733527511136492","0.00553866486058945","0.0115839244950625","0.0077778799012284","0.0241831783680509"
"2016-11-29","0.0243632357622661","0.0145826090964164","0.00737858916432237","0.00558422726254565","0.0105230291616809","0.00780124125420242","0.0181876517912207"
"2016-12-01","0.0244550736603075","0.0194453212581958","0.00726920614676455","0.00688674321986824","0.0108922768446251","0.00827741380701597","0.0182088602821658"
"2016-12-02","0.0169861191346956","0.0320096710451818","0.00835307477688778","0.00565691005489096","0.0138424620457667","0.00923175633952725","0.0210553989285989"
"2016-12-04","0.0178885247464299","0.0204878110164175","0.00690515056830247","0.00561681677942998","0.0118482192051457","0.00847952545766252","0.0206753395570268"
"2016-12-05","0.0189011528524184","0.0281919409366519","0.00714789329023674","0.00693732372989429","0.0104233635097719","0.0089841339768602","0.0253442091786231"
"2016-12-07","0.0177176079654617","0.0208933263668274","0.0072712298685158","0.00711854374850591","0.0100917317246312","0.00880768014945906","0.0239844492034827"
"2016-12-08","0.0262471151343005","0.0356755564563764","0.00674363864678376","0.00678236595233642","0.010722936707472","0.00851378637600235","0.0253235273481368"
"2016-12-09","0.0311883050765204","0.0196275932510479","0.00658003885060697","0.00549545890090844","0.0110636699158005","0.00805135669365836","0.025473949611362"
"2016-12-10","0.0308773180418636","0.014541605955953","0.00738586291590193","0.00579667119835106","0.0115210370640627","0.00802632796415523","0.0236502958950043"
"2016-12-12","0.0272428015468128","0.0139796263031014","0.00689997638877406","0.00694300797910153","0.00938319275611565","0.0071122887476315","0.0243362843565256"
"2016-12-13","0.0324917390408379","0.0167791134204992","0.00688304610821834","0.0069813284201386","0.0120276092103551","0.00714085942209835","0.022963481878574"
"2016-12-14","0.0384521150230364","0.0114116250517864","0.00711651365055164","0.00684764948637398","0.0146924673390681","0.00741734730268171","0.0234747323098354"
"2016-12-15","0.0332699053411851","0.0155968050518593","0.00716585142056549","0.00717276751042632","0.00978024033746965","0.00751819174064203","0.0246984026610169"
"2016-12-16","0.0176617818446191","0.0112440415374644","0.00829844820123673","0.00536633006926441","0.00697674515821496","0.00736083590967912","0.0237260649981722"
"2016-12-19","0.0179622638228102","0.0105782236265218","0.00716977785387831","0.00675825725713176","0.00689376770620602","0.00845396925708051","0.022892048218469"
"2016-12-20","0.0176858343894511","0.01133173738794","0.00723950871869904","0.00530267713816919","0.00690782591200844","0.00846872496018757","0.0232024483597016"
"2016-12-21","0.0171437445897554","0.00840676088174145","0.00714960784350697","0.00794602055399003","0.00655624354585076","0.0135319390144209","0.0235914716204601"
"2016-12-22","0.0176322310529995","0.00651621267324383","0.0071055235100934","0.00739946297540369","0.00652571863752196","0.00788015656857989","0.0241305325287244"
"2016-12-23","0.0174116468829227","0.00671950027555672","0.00683174034786099","0.00777979812124317","0.00663107522690966","0.00818466191648669","0.0257752051398553"
"2016-12-27","0.0169759200685328","0.00651271497048123","0.00583171826387581","0.00813601812825752","0.0064636292016692","0.0074099490243997","0.0269806256547993"
"2016-12-28","0.0174006069475726","0.00802294828854213","0.00838830515314686","0.00824396743603269","0.00631472754035795","0.0094663418820051","0.0257181226808939"
"2016-12-29","0.0166598595709295","0.00833753786617059","0.00817234685014744","0.00794641086375584","0.00737310546649672","0.0094402291357289","0.0226100553923573"
"2016-12-30","0.0165536140155794","0.00775710031720881","0.00878153883321783","0.00807385628328282","0.00776458769126738","0.00791473444727245","0.0260369511157903"
"2017-01-02","0.0174755002211053","0.00845651113795434","0.0090304563746899","0.00790776282794092","0.0070351447391798","0.00955707500378367","0.0211089867517919"
"2017-01-03","0.0176270248319914","0.00985431992862757","0.00855309147684971","0.00776064593074274","0.00627438383345399","0.00989674478360155","0.0272205850591228"
"2017-01-08","0.0171954234050437","0.0104211412075584","0.00739029261895831","0.00786287729628053","0.00637507760820521","0.00796726308293441","0.0160198308272281"
"2017-01-09","0.0177006440565187","0.0104123596525834","0.00760753603871815","0.00888982556075404","0.00635026375260071","0.00859957491883632","0.0225038150942767"
"2017-01-13","0.0173298488696811","0.00956786068602933","0.00727072737423854","0.00880783754605628","0.00622823563880802","0.0102623087037195","0.0263575014835446"
"2017-01-17","0.0176278065425233","0.00969497963946812","0.00676291010116662","0.00865388678441116","0.00774616615541861","0.0100335274816812","0.0259748840462357"
"2017-01-18","0.0176149847331999","0.00955957219941524","0","0.00857732200248353","0.00998388328315037","0.00953384417213315","0.0254976734393068"
"2017-01-19","0.0177118195738177","0.00963436402381202","0.00663466157869373","0.00856271404668596","0.00623744045043335","0.0102091492569423","0.0259742744527408"
"2017-01-20","0.0176986231864932","0.0104358446095521","0.00656118891332936","0.00873633513709676","0.0100325740281299","0.00975758225288399","0.0235263086854681"
"2017-01-23","0.0173428957058026","0.00968473957426542","0.00682927456523811","0.00745160427277648","0.00655905757217794","0.00998877493698244","0.0162881935286722"
"2017-01-25","0.0171392796119616","0.0106976361527477","0","0.00609067972648975","0.00989440951745288","0.00989679201981468","0.0159020681488486"
"2017-01-26","0.0168290852686862","0.00905250092947704","0","0.00733239796344356","0.00617956411493217","0.0102990498906449","0.0167192095851404"
"2017-01-27","0.0165878976949406","0.00911332060765153","0","0.00637961502910586","0.00663220997792189","0.00903287325066332","0.0169859231659952"
"2017-01-30","0.0123825014980709","0.00931971312255631","0.00803511037745958","0.00519084988454647","0.0107717139452266","0.00884010420068602","0.016923121711308"
"2017-01-31","0.0163407245792242","0.00987406248605526","0.00709074274554475","0.00545767900899696","0.0112404979575341","0.00879334685582035","0.0163345252887556"
"2017-02-02","0.0138326230095693","0.0100320248261708","0.00666337993405078","0.00539525984641308","0.0147007729885824","0.00838399967560188","0.0157498486567274"
"2017-02-03","0.0176514174152215","0.00817818976507905","0.00664216384916331","0.0060455676434708","0.0066427780426498","0.0111806438866839","0.0125539528535708"
"2017-02-05","0.0168761157008913","0.00636415102125503","0.00705654340393198","0.00536654272779076","0.00843505925347465","0","0.014495684222626"
"2017-02-08","0.0181864552531455","0.00644117351279236","0.0070593562923689","0.00611711865298602","0.00645958711830314","0.010727762074311","0.0178410406218825"
"2017-02-10","0.0177524253323099","0.00640925645972298","0.00703233067563192","0.00599231198793919","0.00853221933353734","0","0.0133751065761063"
"2017-02-11","0.0216869569458948","0.00974148446056036","0.00713931815007696","0.00701814156509956","0.00618574040731699","0","0.0142621842981183"
"2017-02-13","0.0175029923637402","0.00922055215552978","0.00620189843389442","0.0063693186670137","0.0145326145097121","0","0.0269074166349055"
"2017-02-14","0.0178294689644498","0.0105218346466687","0.00796125673215306","0.00648014304626603","0.0135482421050347","0.0111268004609011","0.0268338112828129"
"2017-02-15","0.0177521031426389","0.0114458179872051","0.00718355329171692","0.00644669190059369","0.0132770620703335","0.011190853028521","0.0263739833149258"
"2017-02-16","0.0176598628751481","0.0165962220324781","0.0079833999995054","0.0064116914908143","0.0126942851746812","0","0.0267868325399338"
"2017-02-17","0.0180612116660013","0.0151208207810117","0.0072435906379682","0.00646391122641728","0.0125656663445201","0.0101265073749483","0.026465217567831"
"2017-02-21","0.0183023607224935","0.0156365917281153","0.00718101583766857","0.00643760242898503","0.0119871426396335","0.0100840364619183","0.0264499191593464"
"2017-02-22","0.0176856521422963","0.0121246450411838","0.00707709710077176","0.00604147993543683","0.0116849392971414","0.0106552242449114","0.0263726970673573"
"2017-02-23","0.0182416177665747","0.0125357611620374","0.0071215256218855","0.00616945448638597","0.0085653698233682","0.0110799397245488","0.0255010242578418"
"2017-02-24","0.0178679015131926","0.0121167173134968","0.00592181363989796","0.00606816802924865","0.00909693906240401","0.0111629452601167","0.0262646337877116"
"2017-02-28","0.0180616717303605","0.0123799666870568","0.00642887330231599","0.0073265916212979","0.00560168708678966","0.0112492964055221","0.0259098363968384"
"2017-03-01","0.01596427730171","0.0105207614873175","0.00712724105344574","0.00749800291058874","0.0054040036140794","0.0104832290794785","0.0230572954575996"
"2017-03-02","0.0184987866956355","0.0108886596153543","0.00703455101335052","0.00837048785471009","0.0139996667097566","0","0.0222027207603556"
"2017-03-03","0.0162828495744443","0.0129728063939356","0.0063566871951248","0.00870269980877258","0.013882513109623","0","0.0223090645108772"
"2017-03-04","0.0170240297875034","0.0131436199560764","0.00631762944942429","0.00756848989419962","0.00936389310115529","0","0.0257319020505328"
"2017-03-07","0.0173313794668608","0.0125185881216134","0.00782623653279384","0.0061548030853058","0.00892990357570197","0.0104721124082301","0.0176697922812097"
"2017-03-08","0.016671857534477","0.0138189998087657","0.00980671246490457","0.0061437519038141","0.00903241260313045","0.0103695534081352","0.0236608800043462"
"2017-03-10","0.0173742961250034","0.0137301828953432","0.00984300371375606","0.00616254641424566","0.0110854955420168","0.0102605935277967","0.0168442138634901"
"2017-03-11","0.0178874881958919","0.0109488524596002","0.00641308070560568","0.0060581704947263","0.0100596805176731","0.0101039572118049","0.0172234422732814"
"2017-03-13","0.0170718304749436","0.0196724766707256","0.00799594792652839","0.00623376863115999","0.0096253386445887","0.0103201385541336","0.0244770851366079"
"2017-03-14","0.0160415719550249","0.0196550611117233","0.0119806534533816","0.00668775905453632","0.00661313566331628","0","0.0226456043933729"
"2017-03-15","0.0181387854836505","0.00998171394834162","0.0118837702249391","0.0071580754403965","0.00650860451565406","0","0.0240959176764219"
"2017-03-16","0.0180968760107433","0.00847642456124054","0.0115291648287546","0.00627311841463526","0.00807345494179394","0","0.021583016851566"
"2017-03-17","0.0158782191272592","0.0103103667652352","0.0111093384485629","0.00571966454694825","0.00655543917312423","0.00994456969764687","0.0176209888209924"
"2017-03-20","0.0168760171488637","0.0088327054929057","0.0112023985612009","0.00573104418951111","0.00657015169107156","0.0105174771378103","0.0209261950555067"
"2017-03-21","0.0182009411922878","0.00872160455485222","0.0118048576807837","0.00574556613908384","0.0111242660049413","0.0103485609060701","0.0242256151843135"
"2017-03-22","0.0178494996757602","0.00906667634710891","0.0104301588839897","0.0057308745587726","0.00920589656462256","0.0115106292330622","0.0202503819120752"
"2017-03-23","0.0170733642888889","0.0107086198618437","0.0112693163166965","0.00571495204312806","0.00748649205330607","0.00984476203614292","0.020041587618631"
"2017-03-24","0.0181740534308826","0.00919450347319233","0.0110973595638295","0.0055337112226875","0.00737890154661137","0.00901137125470836","0.0197378738556313"
"2017-03-27","0.0172283464065227","0.0116356186436731","0.0115902245425838","0.00531355470748937","0.0170380412694248","0.00891464370247704","0.0235149362385215"
"2017-03-28","0.0175964158931373","0.0125169183684023","0.00467059189081968","0.00551991498119114","0.0176922174919158","0.00916346954394477","0.0233420553870948"
"2017-03-29","0.0185242552555933","0.010836663266969","0.0056257316972602","0.00560516823894745","0.0152816409545784","0.0116228666225289","0.0176068444025469"
"2017-03-30","0.0176465795586066","0.0104273683591254","0.00575078445967554","0.0056214511742495","0.0147795951114211","0.00975385140910584","0.0170805393002086"
"2017-03-31","0.0185404435944975","0.0101526820478277","0.010963334974174","0.00555809846130636","0.0175361323114697","0.00860147489903083","0.0167877428401595"
"2017-04-01","0.0187856530128507","0.00939153173258342","0.00563665549267172","0.00553752211930167","0.0170693855996503","0.00854845324445749","0.0169320754372122"
"2017-04-04","0.0181485361492869","0.00992582968407214","0.0058984478121177","0.00556715786019","0.0177557082585037","0.00974937478476295","0.0183876166815595"
"2017-04-05","0.0174594845603257","0.00929869824873934","0.00560806188095795","0.00571750235663311","0.0159590573311486","0.00879887374135391","0.0177334291268905"
"2017-04-08","0.0177869848285873","0.00933517481528721","0.00523751944830235","0.00560585691280803","0.0177135067591175","0.00902247480913314","0.0183525748358469"
"2017-04-10","0.0183803000593647","0.00964301191120637","0.00581123531503707","0.0056965261020597","0.0192110863931334","0.0088800341169979","0.0177621373397151"
"2017-04-12","0.0181083478900211","0.0119671798337384","0.00510769489100011","0.00560418398424348","0.0088032313199029","0.00875592019687991","0.0140084066222773"
"2017-04-13","0.0177419192233449","0.0109445719412962","0.00531634468818016","0.00605806800648314","0.0115146357169285","0.0100745257072349","0.0147424737701026"
"2017-04-18","0.017421610913401","0.00943605590239069","0.00528322681826481","0.00565757772809313","0.00893829574994036","0.00909548479446377","0.0129184496213892"
"2017-04-19","0.0169724192360516","0.0124636267911167","0.00565565280136924","0.00562078897860644","0.0117913146022589","0.00909291229092687","0.0160306466989349"
"2017-04-20","0.0172265135004636","0.0100259415103372","0.00535199840386362","0.00552006940772981","0.0120169122135629","0.00882359092175891","0.0141738167378923"
"2017-04-21","0.0159483644695849","0.0116239000441204","0","0.00545938450426907","0.00943369435882355","0.00896113554767842","0.0133893799861365"
"2017-04-24","0.017090292769315","0.0119864966238555","0.00534689380433721","0.00549970311298128","0.00903712252982283","0.00874135427507984","0.0170491087728588"
"2017-04-25","0.0168014038406039","0.0100447008904639","0","0.00560647880256698","0.0123682364513365","0.00883341100909044","0.0180195469949096"
"2017-04-26","0.0172570743081537","0.00886426917929551","0.00609114285165868","0.00581595498853647","0.00714054253280205","0.0089374336582122","0.0200641549783528"
"2017-04-27","0.017282703144981","0.00949726830754903","0.00604781176259725","0.00568653156538544","0.0127682016526322","0.00887736466301436","0.0194349374272892"
"2017-04-28","0.0168056075179964","0.00826880582879663","0.0056544635996573","0.00565272423188978","0.0133564085691361","0.00876111182432273","0.0141888129443431"
"2017-05-01","0.0192673965053744","0.00555910017712219","0.00482395464183873","0.00542196972060803","0.0177273740024118","0.00860871286570293","0.0201616030024902"
"2017-05-04","0.0186722015451586","0.00696397970457488","0.00488136023181708","0","0.0178165405107598","0.00881126918437629","0.0294235676560554"
"2017-05-05","0.0170116330076755","0.00698381938242565","0.00488233893187151","0","0.019123654851877","0.00882191001209181","0.0295497343880785"
"2017-05-07","0.0179031939942455","0.00671880282400324","0.00489834745625223","0.0158934735058309","0.0173384618551142","0.00858089635309688","0.0286796231954489"
"2017-05-09","0.0172473422319994","0.0056057008294065","0.00498000577557156","0","0.0107699642375664","0.00879223244277469","0.0206475507180156"
"2017-05-10","0.0169322629713122","0.00584012606605382","0.00507204370899186","0","0.00765027118748038","0.00844675406289514","0.0208452849145248"
"2017-05-12","0.0170435301309666","0.00601673952567005","0.00495060524443369","0.00595069705821381","0.00250372027896672","0.0086228683668887","0.0207383711706331"
"2017-05-15","0.0169231881246124","0.00724595383476834","0.00564045817742132","0","0.0107896250529603","0.0086372709719222","0.0242858133175829"
"2017-05-16","0.0161721952266475","0.00673611181123868","0.00505741860426472","0.0058259052572542","0.0109939942858401","0.00865846895562489","0.0197715837620245"
"2017-05-17","0.0178162203028742","0.00768734592847864","0.0057587959802575","0.00587897243989428","0.0079079222027956","0.00981006090938478","0.0109682152174251"
"2017-05-18","0.0164861974203969","0.00667882039311088","0.00659048701279227","0.00595456341646204","0.00875280035307324","0.00854755669585686","0.0093683098519614"
"2017-05-19","0.0150577540842265","0.00752316130823309","0.00638368189843095","0.00684415190275526","0.00516502567653422","0.0102847228128266","0.0116533371042482"
"2017-05-22","0.0214637745711508","0.00807847603952108","0.00687170962566767","0.00571159952250214","0.00868313454796452","0.0103178080794195","0.00883243860287367"
"2017-05-23","0.0205417773872845","0.0113223919682779","0.00724422959857994","0.00570821492442666","0.0071104659425326","0.0104329076241468","0.00872254325480144"
"2017-05-24","0.0197408132700385","0.0110788622349057","0.00611103324075784","0.00564825734158653","0.00852811794636452","0.0107781088175538","0.00874169138839046"
"2017-05-26","0.0145704495513249","0.0106440731151739","0.00623832218253893","0.00568284007158889","0.00698154280081473","0.0108096744687183","0.00873046858089424"
"2017-05-30","0.0145243564153088","0.0103321758989049","0.00764061912006083","0.0057784713056746","0.0077029399026458","0.0109856059517423","0.00880685364411538"
"2017-05-31","0.014323766781222","0.0216834244029457","0.0086494594840602","0.00575789718867588","0.0247014869864634","0.00947673587520721","0.0088753193244189"
"2017-06-02","0.0139188629699054","0.0216771042277617","0.0105918529428073","0.00584621576294942","0.0191305524204229","0.00866309650060379","0.00899617288408035"
"2017-06-03","0.0143530200320406","0.0222149876425181","0.0101612481535262","0.00577983010297688","0.028136639183929","0.00979826458024686","0.0206420034953921"
"2017-06-04","0.0141448576532491","0.021666031335612","0.00778549231248172","0.00575062177734788","0.026077673320273","0.0104922427630094","0.0168926888131171"
"2017-06-06","0.0140663655547408","0.0177786479823591","0.00765704397529539","0.00584340320105281","0.0208142210676556","0.00994809393566079","0.0173802018765141"
"2017-06-07","0.0139505971545841","0.020501237516369","0.00779147525254531","0.00702590907291904","0.0197931219648276","0.00863989957761668","0.0186053692205104"
"2017-06-09","0.0138948266308777","0.0178843096079692","0.00878860898636666","0.0063739490681397","0.0198561839194","0.0102997465091244","0.0177474413632498"
"2017-06-10","0.014038951412187","0.0158790445130761","0.00989669557713885","0.00622915144245289","0.0262457378356566","0.00853545354393731","0.0188477975520151"
"2017-06-11","0.0138393365025037","0.015356546398284","0.00971268988758919","0.00634406520931942","0.012785029859241","0.00849698747714557","0.0197319413530613"
"2017-06-12","0.0138857499009253","0.0130000931487545","0.00762399359882661","0.0073221456720808","0.00840620341268971","0.00832736004392316","0.0196253850414309"
"2017-06-13","0.0140635279618149","0.0133565657139347","0.00538737381674385","0.00679364343513222","0.0193680107324942","0.0085863512551933","0.0201485569931569"
"2017-06-14","0.0141652512389286","0.0127180382028703","0.00532929404557466","0.0114637844746463","0.0203114925204956","0.00869283251498646","0.0213598591778234"
"2017-06-16","0.0192552839200248","0.0135044174279341","0.00538707424179916","0.00693019254768229","0.0240721992424522","0.00871203204972675","0.0214411356764718"
"2017-06-19","0.019854216973128","0.0144501740123575","0.00544888268726129","0.00781413050985852","0.0235707084395473","0.00997485239028902","0.0160831655630855"
"2017-06-20","0.0157758633870656","0.0133378150484058","0.00555610756801028","0.00767716589245564","0.0145037165543635","0.00865642323830827","0.0209856947992807"
"2017-06-21","0.0164670650880163","0.0130467452417579","0.00587031393887584","0.0065470967136746","0.0194897273580721","0.00832095783191751","0.0209736993628629"
"2017-06-22","0.0156584843285221","0.017830072456197","0.00539770636377272","0.00800630919956701","0.0246517835482851","0.00853654507858922","0.0120499586702554"
"2017-06-23","0.0116656379197856","0.0181472304305976","0.00536182240769778","0.00775526567662673","0.0265137157489309","0.00843938694121511","0.010678161456666"
"2017-06-26","0.0117310387206974","0.0140042729633143","0.00573648917876081","0.00798901835773889","0.0261491756943218","0.00839143064517046","0.01036210329294"
"2017-06-27","0.011547479796857","0.0164305473552783","0.00538851676053079","0.0094854632609619","0.0264359534204962","0.0089012997820445","0.012428328843622"
"2017-06-28","0.0153632351110843","0.0190667217492468","0.00527851687356154","0.0106089999037589","0.0218691241551515","0.00895942048165281","0.0121497558352842"
"2017-06-29","0.0113013545685708","0.0195305852050838","0.00518726043506056","0.00739582673039491","0.00913248131680944","0.00893082109233751","0.0110841723955808"
"2017-06-30","0.0111473680027004","0.0181387223064591","0.00673570928842289","0.00977112276428598","0.0109380165116888","0.0087195733290538","0.0101423828514335"
"2017-07-02","0.0135037400950679","0.0163557683383906","0.0067756295346249","0.0105770409615589","0.00978014391057979","0.00659487553408628","0.0124046489027023"
"2017-07-03","0.0115157729150658","0.00882715211030936","0.00833384015214528","0.0123637642895955","0.00954750497983421","0.00817587014340302","0.0118081788350257"
"2017-07-04","0.0114032056002486","0.00873940388112112","0.008299721041306","0.0124954062390995","0.0099358875622977","0.00752630531317496","0.0113597224819943"
"2017-07-06","0.0116538996758763","0.00744173412481068","0.0424499043473717","0.00931161789833181","0.00952338188543879","0.00657892638493294","0.0104073910853959"
"2017-07-07","0.0106335829061148","0.012783139764307","0.00821006633524995","0.0126164011991939","0.0090253102959215","0.00655755994443713","0.0107095282612745"
"2017-07-08","0.0106776413275402","0.0118170876553747","0.00833193163760975","0.0129060925394499","0.00865042561845522","0.00636785334721299","0.011043922878352"
"2017-07-09","0.0102297365244983","0.0194249558210062","0.0074396211148727","0.0129092922354019","0.00826639184132731","0.00648046303293383","0.0107227601279041"
"2017-07-11","0.00997069318773046","0.0193028823778092","0.00702693112486509","0.0133146466279225","0.00870723670366058","0.00686722215251493","0.0110670934544615"
"2017-07-12","0.0117371151032648","0.0191129389836967","0.00700044950090553","0.005745827569886","0.0108703189936047","0.0062844636947136","0.0110580669226644"
"2017-07-13","0.0115192971144262","0.0183388445628855","0.00698193296942141","0.00608152534599769","0.0111638909432474","0.00647947040511119","0.012780810979882"
"2017-07-14","0.0117007728461969","0.0189810534556518","0.00788568102984753","0.00625243398852054","0.0115750666533781","0.00607349266602021","0.012835236209809"
"2017-07-17","0.0114376456401983","0.0184950432354438","0.00663384584109279","0.0078262088798898","0.00555389751231022","0.0064659859934485","0.0126303538268365"
"2017-07-18","0.012856552319927","0.0182179455121382","0.00868853292394377","0.00607617606270759","0.00552683424142864","0.00713554847161055","0.0105201347380076"
"2017-07-19","0.0114653504421846","0.0182252309189693","0.00664163557362344","0.00678916013777099","0.00561615451061105","0.00694868900250064","0.0112776494063006"
"2017-07-20","0.0115572119481436","0.0178795409564978","0.0066954093170383","0.00612666257723328","0.00712873369935463","0.00756700590903773","0.0110649739740468"
"2017-07-21","0.0115610396155419","0.0201488448352481","0.00757221581238275","0.00678877817916125","0.00556961347513066","0.00780089028507151","0.0111166023507055"
"2017-07-24","0.0115383123848229","0.0211445904937736","0.00670310899318939","0.00966801234849739","0.00709485802462491","0.00776627740605455","0.0109691858339189"
"2017-07-25","0.0113162746104062","0.0249702161702291","0.00741287111076484","0.00698268466864979","0.00709043715710735","0.00816098777402421","0.0109013020098441"
"2017-07-26","0.0114325273848085","0.0197138709007444","0.00667717177082109","0.00709211043531705","0.00755843066455043","0.00809529065800902","0.0114734966729858"
"2017-07-27","0.0111187078052928","0.0192345386284183","0.00777499396399733","0.00712262425564636","0","0.00821683410383937","0.0114958185345095"
"2017-07-28","0.0118327394517373","0.0223659368735023","0.00656750401452582","0.00596386597753823","0.00659449360545051","0.00841273133616434","0.0147833400246166"
"2017-07-31","0.0119651761762007","0.025838309218678","0.00657879350472349","0.00762994610372792","0","0.00879726068840418","0.0151765550178716"
"2017-08-02","0.0120188819953261","0.0265142219112027","0.00823761020652574","0.00708015809431631","0.00527949849846172","0.00819536404972787","0.0149092611228922"
"2017-08-03","0.0131519339963484","0.0193896309560995","0.0065081783564161","0.00532239813343544","0.00526015252929536","0.00846223555985088","0.0147671087661584"
"2017-08-05","0.00989253449029914","0.0198497399334929","0.00681409266020806","0.00564404945272118","0.00718036443632147","0.00853934260415652","0.0151068058184709"
"2017-08-06","0.0121662335374343","0.0187589318849858","0.00829440628047842","0.00495564915621898","0.00688763410693063","0.0069939385496962","0.0157779779776505"
"2017-08-08","0.0128196657185518","0.0217210282565738","0.0101705939037795","0.00558699583158733","0.0089526154053563","0.00840713283487979","0.0149803778559878"
"2017-08-09","0.0128568018370729","0.0189488304127426","0.00945418609892143","0.0056295722259451","0.00932329279367808","0.00731332801152657","0.0125004673837952"
"2017-08-11","0.012107027188758","0.0187641044089903","0.00962279283950247","0.00630392128670353","0.00673970964379794","0.00722779838410186","0.0135737632415433"
"2017-08-14","0.0130486739568759","0.0192364216236522","0.00968440952264228","0.00623279507503204","0.00701846411001769","0.00588997076036633","0.0140610312683548"
"2017-08-16","0.0129776228872708","0.0176128770954718","0.0101512959959138","0.0062930463779178","0.00817830694910249","0.00783451965004507","0.0119418730507884"
"2017-08-17","0.0130143461805817","0.0171002560344885","0.00976299536872154","0.00591544828269342","0.00876733786345564","0.00738413978896384","0.0164331745967949"
"2017-08-18","0.0127536121034829","0.016926059790294","0.00826829700991887","0.00561317275412835","0.00900232829375354","0.00761877831099614","0.0124341262526224"
"2017-08-21","0.0123747343418661","0.0183018032806734","0.00824577250329601","0.00696097825784069","0.0110735329971427","0.0064787210081896","0.0148481486382264"
"2017-08-22","0.0122383294509392","0.0131914908241766","0.00894582608248633","0.00561370810274609","0.00679611138590652","0.00629714567303306","0.0123653364993794"
"2017-08-23","0.0129106705727591","0.0124663510747268","0.0117857755101403","0.00885967198776237","0.00687701642304465","0.00611480166168517","0.0126554607008213"
"2017-08-24","0.0127936871546403","0.0112396613553965","0.00836389321527057","0.00562917582121155","0.00906834148935386","0.00609223391053527","0.0123622085080626"
"2017-08-25","0.0128716261316995","0.0098406707023832","0.00889178831032923","0.00559753982664904","0.00958331758982644","0.00648979946207022","0.0124932596555317"
"2017-08-28","0.0128869815427809","0.00951552671350185","0.00856942661009389","0.00563669275585234","0.00927401974109738","0.00659338333502608","0.0125223678720739"
"2017-08-29","0.0127970014469076","0.0106128757308597","0.0104736552902466","0.00846162908612228","0.0091357176345033","0.00588939593741015","0.0125698277690472"
"2017-08-30","0.0127982097496784","0.0100232809874059","0.00910066632327932","0.00677047028987323","0.0116257916558277","0.00590524036890118","0.0118852280168244"
"2017-08-31","0.0124839129158108","0.012724518586189","0.0091255254557254","0.0100135055752449","0.0109644537951043","0.00589278487790124","0.0134587474172191"
"2017-09-01","0.0125554952511722","0.0142600291934256","0.0124416145771765","0.00951315531688941","0.0111424754397811","0.00591472011151296","0.0133852987211921"
"2017-09-02","0.0131438782155206","0.0122967907757978","0.011889809131875","0.00792463115365922","0.010596588700671","0.00592984504490109","0.0105703275418259"
"2017-09-03","0.0124990310414194","0.0123164114117964","0.0122139139777916","0.00793658856571562","0.0111094020911066","0.00576897031016957","0.00973736856391111"
"2017-09-05","0.012842188878431","0.0139032388939239","0.00954833474668891","0.00804038616363918","0.00776532399698996","0.00661308696354848","0.0177164745205992"
"2017-09-06","0.0136743865457785","0.011395930726605","0.0117499202528791","0","0.00727655580512429","0.00529887497481119","0.0127002939992805"
"2017-09-08","0.0135917714947482","0.0114245811270275","0.0117591764504116","0.00474568284641046","0.00872353542167928","0.00592876153477003","0.0143805108688949"
"2017-09-10","0.0126606772390847","0.0145592394968375","0.011674485726565","0.00479029708345907","0.00680104267728388","0.00601509025141675","0.013061774836125"
"2017-09-11","0.0127000399889317","0.0146812088147734","0.0186719842015668","0.00477077556011545","0.00867623560369481","0.00522543235112842","0.0110526443272414"
"2017-09-13","0.0132501388065471","0.01497854408634","0.0119037390661211","0.00456704336538829","0.00855023696451721","0.00658792114372024","0.0160289830074241"
"2017-09-14","0.0129153969668221","0.0153232531579301","0.0127674673747854","0.00634718404392415","0.0054571560050624","0.00566601822153348","0.0114654297166826"
"2017-09-15","0.013212253696634","0.0130555708912571","0.010189885623537","0.00584763824208568","0.00631754293772485","0.0050668379222147","0.0091690504796181"
"2017-09-18","0.0130555781673958","0.0107007066516876","0.0156467057483685","0.00600783409585198","0.00639506715061548","0.00609871369066405","0.0122257068507707"
"2017-09-19","0.0130813367247392","0.00849357262127797","0.0141216811618869","0.00598694760035164","0.00639642448163594","0.00570369087312754","0.0124602132806754"
"2017-09-20","0.0132225428558157","0.0111852554377788","0.0138111486215124","0.00609157362132167","0.00657320084563065","0.00570834948814973","0.0115212984583655"
"2017-09-21","0.0134647328187591","0.00994078256752787","0.0148226237430716","0.00495943090990943","0.00595958634915456","0.00567062545088136","0.0120198763496721"
"2017-09-22","0.0126357469039811","0.00737367156028583","0.0191939142484054","0.0057252537473803","0.00662351588548185","0.00517956837402589","0.0121529425513751"
"2017-09-25","0.0135531271005514","0.00849625779113142","0.0112274839362868","0.00498416045899732","0.00710903458783988","0.00568807437473104","0.0120592814080356"
"2017-09-26","0.0140796215011841","0.00669970143420844","0.0115323217077405","0.00591043724705095","0.00701435585935273","0.004867046167637","0.0118066222002135"
"2017-09-27","0.0155319269455141","0.00672978017946909","0.00918574999432391","0.0046654508220342","0.0070344077927969","0.00598512041869055","0.0116506194879478"
"2017-09-28","0.0153428148111711","0.00675386153316989","0.014446332814678","0.00483398941708636","0.00736021892911276","0.00497819200012831","0.0113814714571496"
"2017-09-29","0.0138923924756203","0.00870957563909861","0.0124957645576324","0.0050250644839865","0.0071021518678138","0.00650284816699675","0.011693072236535"
"2017-10-01","0.0145430768369603","0.00858259068699056","0.0119135099836499","0.00506612933428706","0.00613440012467883","0.0047748828499296","0.011152288200095"
"2017-10-02","0.0152056962756818","0.00744932236662362","0.0124520502027202","0.00458138074249656","0.00551576951882549","0.00608425521855021","0.00945717427586245"
"2017-10-03","0.00891079687752851","0.00654367260998415","0.0127188719050515","0.005097751007184","0.00723824766777386","0.00618395077207104","0.0110169374795716"
"2017-10-04","0.015172585693858","0.00653645079645513","0.0134878738010691","0.00524991902254564","0.00555782251688638","0.00617707824000478","0.0107105112595246"
"2017-10-05","0.0148482551397106","0.00645156063534146","0.0204198935628168","0.0050144525815552","0.00651364490510699","0.00522047096831352","0.0105168729696568"
"2017-10-07","0.0137662251539948","0.00646327784595238","0.0222071336190369","0.00497663636438839","0.00734036286997465","0.00559961371268589","0.0101967508907044"
"2017-10-08","0.0147175612245143","0.00643523493044464","0.0223426878668814","0","0.0118205579654385","0.00589305566676942","0.00688903920020483"
"2017-10-10","0.0158317836898199","0.00687500782623161","0.0227085342081459","0.00526538391394886","0.00565221151863128","0.00629900827704845","0.0102112398664286"
"2017-10-11","0.0162200561449796","0.00670036011547313","0.0145282375288368","0.00525842777416734","0.00558384291715798","0.00603458625773761","0.0101536309091053"
"2017-10-13","0.0163149252210563","0.00530165326507343","0.022574156412378","0.00598466893969862","0.00557373687662088","0.0625","0.0102237854526806"
"2017-10-16","0.0164962541739167","0.00779650854289571","0.0182116663275795","0.00610873598057277","0.00552774767105735","0.0625","0.00998617665989176"
"2017-10-17","0.0163056168207522","0.00779952213208172","0.0263189834160975","0.00586215010050922","0.00554452620356233","0.00611801445537719","0.0103486404078419"
"2017-10-18","0.0164406531915228","0.00797411558221677","0.0146595377506381","0.00608223166182198","0.00465424530730444","0.0625","0.0123662302716087"
"2017-10-19","0.0164634798275516","0.00639138937172338","0.0174493865540656","0.00601585681602163","0.00575613623062081","0.00546468508449918","0.00955417916575134"
"2017-10-20","0.0163730540278941","0.00716296694426112","0.0229623363803889","0.00766995123048146","0.00850159100786839","0.0625","0.0101818383444818"
"2017-10-23","0.0162636359662646","0.00721209083577243","0.0285286595801828","0.00605201024972018","0.00845126004460369","0.00545026835442564","0.00901478877240506"
"2017-10-24","0.0162817484855875","0.00782651566353863","0.0219466895987064","0","0.00961859688236054","0.00611498198681777","0.0111181187662008"
"2017-10-25","0.0164214026492968","0.00822733850076782","0.011484893000933","0.0056209831923776","0.0103200730926905","0.00778866952360596","0.0117184622450992"
"2017-10-27","0.0167700399204367","0.00930231859313158","0.0127266125748121","0","0.0143333328539986","0.00821454547475555","0.00958117273460738"
"2017-10-30","0.0183788740049065","0.00984439458700873","0.0127951920625519","0.0106428181900322","0.00970886190071884","0.00773646560489206","0.0113951902820809"
"2017-10-31","0.0198648815873287","0.010244432420358","0.0119166109818108","0.00665180300519694","0.0107776636779275","0.00778584107844509","0.00795071323080676"
"2017-11-01","0.0183579456337597","0.00640946871893223","0.0124288643094009","0.00822287036216578","0.0107611391316775","0.00824406359202361","0.0100325499107301"
"2017-11-04","0.0169240901825634","0.00643730408402439","0.0116940044163513","0.00563387107952606","0.0108454657881966","0.00903800000609855","0.0101038366368118"
"2017-11-05","0.0190312099873805","0.00551468994886844","0.0149451292422376","0.00872466596329323","0.011875018362856","0.00634046973403182","0.015857051697558"
"2017-11-07","0.017390861471061","0.0061851717153263","0.0117285753181737","0.00746784537128061","0.0117524207517186","0.00702949612220477","0.0124167319385801"
"2017-11-08","0.0176040836115858","0.00567867109191498","0.0152112126401402","0.00742929201916876","0.0128765704951697","0.00583694520779141","0.0112867003393384"
"2017-11-09","0.0172717786620504","0.0055522210343432","0.00822320071683448","0.00489942503326114","0.0119077293516634","0.00747782644534937","0.0107652456985823"
"2017-11-10","0.0176053290734124","0.00702279364318564","0.00811449902074728","0.0162784989203681","0.0115731813149797","0.00683408640253931","0.00782633896814798"
"2017-11-12","0.0178183867761047","0.00706888570652076","0.00944174679678394","0.0184935520653019","0.0122641181049219","0.00821389528375564","0.00888166837889496"
"2017-11-13","0.0170389889241178","0.00644027994650289","0.0138010557510357","0.0093236078017788","0.0123552033228838","0.00833028273113566","0.010711329599912"
"2017-11-14","0.0171915067618243","0.00686970542623818","0.0143115643498119","0.00917822112866346","0.0137306486119783","0.00832621683251227","0.00838026863733058"
"2017-11-15","0.0173086612392624","0.00554055015793089","0.0149545979263047","0.0200252571895383","0.00896040141393132","0.0625","0.0111568106369195"
"2017-11-16","0.0173376091038715","0.00539357174571212","0.0114470227450068","0.00910312651224634","0.0111416869740285","0.00825752678168406","0.0130069819567963"
"2017-11-17","0.0179252205180893","0.00536997807588076","0.0116083343462905","0.0045301835429643","0.0132616182709115","0.0082596148024783","0.0121179126326484"
"2017-11-20","0.0178559197446411","0.0103328331721173","0.0119591832825331","0.00441895259889188","0.0120927615988443","0.00820454181606483","0.00987262069273834"
"2017-11-21","0.0164575909205674","0.0108586064138751","0.0107697205536334","0.00347104661466709","0.00966120076548798","0.0625","0.00949533212735617"
"2017-11-22","0.0168777067780288","0.00723949945028526","0.0089795614683705","0.00377957931638917","0.0115843731350791","0.0625","0.00982065265875712"
"2017-11-24","0.0174792507520881","0.034519190419758","0.00977022630760666","0.00502323725800164","0.0119219180581417","0.0625","0.00944101301845786"
"2017-11-27","0.0178653483569328","0.0171232188522405","0.00931598323472541","0.00507376206972472","0.00999125186406498","0.0625","0.00709056400278921"
"2017-11-28","0.0175019026626016","0.0149222124709975","0.00902398395003178","0.00505702717099672","0.0106491980230591","0.00896786381930637","0.00762316327360661"
"2017-11-29","0.0173739821711566","0.016558588105798","0.00587129097009974","0.00509797167681207","0.0108389797287062","0.00972465008409454","0.0073116315486069"
"2017-12-01","0.020325267606526","0.0141301807775225","0.00733912091310245","0.00504835704696388","0.0128662286106573","0.0092445340183548","0.0102006316023255"
"2017-12-04","0.0182976115082469","0.00711814808383254","0.00575593798234213","0.00697844088953113","0.0126433056169983","0.00923570624642902","0.0106105796186637"
"2017-12-05","0.0178772512885979","0.00974755938163579","0.0083505954159336","0.00625924451087333","0.0128054693789386","0.0093292646826676","0.0110380627820302"
"2017-12-06","0.0173942522090324","0.00709264838552085","0.00652183740058111","0.00612762584037514","0.00849034032162363","0.00924777853149067","0.010671684765636"
"2017-12-07","0.0157352052931616","0.00650973613088019","0.00540534478641762","0.00644546847754012","0.0146869997047093","0.0102303525943796","0.0112930351151721"
"2017-12-09","0.0174295747617679","0.0116449772000065","0.00591784584377005","0.00469981952785681","0.020290928916442","0.00995849914276592","0.0106513480507021"
"2017-12-10","0.0181772371145884","0.0105378778308973","0.00657204304216498","0.00630528199722313","0.0183280485703241","0.00994660779692087","0.0101956439191507"
"2017-12-12","0.0211712769769589","0.0133903612729221","0.00641248765395453","0.00625415059016278","0.011473732636604","0.00982241103603015","0.0102360310929842"
"2017-12-13","0.0168082793851159","0.0120227318094036","0.00644834332469959","0.0069546788626418","0.0174585840338611","0.00990723751827376","0.0123106640373714"
"2017-12-14","0.0161395978626798","0.0625","0.0106120632719288","0.0061687264361245","0.0170488472358946","0.00927112401920005","0.0157105208681148"
"2017-12-15","0.0168852883142323","0.0183448660351245","0.0150335891128167","0.00760435605732997","0.010163767304451","0.00920148666526001","0.0130426169384771"
"2017-12-18","0.0171250468358915","0.013604657305571","0.00735077533525031","0.00475450199859829","0.0109942160139488","0.00903827853822491","0.016202186332375"
"2017-12-19","0.0161247524576398","0.0125505251993217","0.0625","0.00463118446917607","0.0155662010513487","0.00867735042421621","0.0137852876143822"
"2017-12-20","0.0166197165632446","0.0155667718994807","0.00502809504444917","0.00600297088436831","0.0120408732371923","0.0106348343162272","0.0154982973889415"
"2017-12-21","0.0153459788608698","0.0625","0.00525744257319174","0.00607640966947085","0.00813792218176197","0.00846834106618004","0.013779473106127"
"2017-12-22","0.0170067963392031","0.0154808271864573","0.00527750294857538","0.00606074892800861","0.00795595253903005","0.00890970030513541","0.0134758022965884"
"2017-12-27","0.0164469800734563","0.0625","0.00619376195215777","0.0062683754101424","0.00709867758311508","0.00884412201270223","0.00702501963751134"
"2017-12-28","0.0156398443399428","0.014135723600138","0.00855532685720031","0.0122667420027857","0.00693602017664243","0.0065485087777064","0.00868399188303865"
"2017-12-29","0.017270629004147","0.0102822647417345","0.0117798913492132","0.0109113881975747","0.00997864523134026","0.00765867711385648","0.00982205341713593"
"2018-01-02","0.018692670654241","0.00828771465746304","0.0136011798841556","0.00944024686002539","0.0150807795675684","0.00407880762764169","0.00963284616550345"
"2018-01-03","0.0172560871475803","0.00800938452387457","0.00645206003617403","0.00865850525676996","0.0154297390461986","0.00261158043173452","0.0111056427788087"
"2018-01-08","0.0173078463906196","0.0107016608038962","0.00586146446131522","0.0111679256863065","0.0115229862162378","0.00669416561083898","0.0098147355994642"
"2018-01-10","0.0183068552840547","0.0096744613239881","0.00524808705901715","0.0133542909181147","0.0118815233845909","0.00655373013526728","0.0121600554632116"
"2018-01-16","0.0185842591312254","0.00787909532156359","0.00560573725098118","0.0128043057910811","0.0129492061798102","0.00508754347236538","0.0126015691819714"
"2018-01-17","0.0173968308094356","0.00609515933289959","0.00537911299021282","0.0204103671074167","0.0134525477537336","0.00651256963285683","0.0140347030950261"
"2018-01-18","0.0174363726392449","0.0625","0.00518313683901312","0.0140993289746053","0.00951452824589701","0.00361333100208045","0.0149885113566087"
"2018-01-19","0.0173830145206405","0.0150383185621881","0.00472154835762294","0.0121555198988489","0.00801239215526157","0.00361147586232364","0.0138758550391809"
"2018-01-22","0.0192583808170825","0.00824743531046925","0.00993938621784613","0.00794024413042403","0.00768784223647865","0.0066439699291737","0.0133438060716173"
"2018-01-23","0.0200578013297065","0.0105429772044053","0.00693285011055543","0.0117415713552292","0.00747482503176254","0.00431603066497468","0.0128088645737758"
"2018-01-25","0.0207199269376413","0.0102289712578547","0.00780106475652114","0.0122631790798144","0.00957066880811165","0.00769473048918554","0.0111582654527495"
"2018-01-26","0.019736922628456","0.00771812946207816","0.00769798145443553","0.0121224732626218","0.00912137736725179","0.00781612361087153","0.00889503021069422"
"2018-01-29","0.0193975818421287","0.0166574306594265","0.0070284629202589","0.0109472394921443","0.00883520860606591","0.00948440267707742","0.0105930965448027"
"2018-01-30","0.0206600533542968","0.0159255664323685","0.0063564997374385","0.0110512005413011","0.00886253472166583","0.00785273789531116","0.0112340571979286"
"2018-01-31","0.0199948832530111","0.00754970982603185","0.00585258564745273","0.0069505428296185","0.00855399588147963","0.00848315243210601","0.0102276799127227"
"2018-02-02","0.0195743650074174","0.00545114536130087","0.00597255906967422","0.00688695636480956","0.00685557794542421","0.00855628078148801","0.0122687566767524"
"2018-02-03","0.0200655380864356","0.00515490360952344","0.00607295275315385","0.00987540816140194","0.0049715170707812","0.00878479500329886","0.0112726684019036"
"2018-02-05","0.0200386673775708","0.00688472294120043","0.00601352471222745","0.0163939971060003","0.00576149725466441","0.00858213836685759","0.0101913918989059"
"2018-02-07","0.019966588456566","0.0071154065100995","0.0064449116888922","0.0289500208597909","0.00931338253358828","0.00827139869251395","0.011895208084923"
"2018-02-08","0.017543913149216","0.00772929956016197","0.00746517912934029","0.028206010114648","0.0077102854405905","0.00837901316907825","0.010993693836904"
"2018-02-10","0.0217458088371312","0.00881544628578602","0.00611507784197302","0.0270803845657739","0.00945839523030334","0.00907212258753253","0.00620408808468418"
"2018-02-11","0.021119601096173","0.00572110904499698","0.0110139277318057","0.0203767492014642","0.00953576596282461","0.00875031570304551","0.00508577687632068"
"2018-02-13","0.0213747101503221","0.00566596393230315","0.00796095457424989","0.0159264694182748","0.00855433776661056","0.00847080239041906","0.00706920189979664"
"2018-02-14","0.0213484758434124","0.00474423509209722","0.00779228882190912","0.025448076124689","0.008429051277844","0.00834360222544954","0.00618607000896452"
"2018-02-15","0.0196234768947429","0.0075069377625713","0.00934129793183181","0.0268641707353156","0.00900544571910881","0.00761086755705666","0.00630240192440399"
"2018-02-16","0.0203694302823391","0.00530190514435245","0.00990903127559837","0.026182650275368","0.008249502295549","0.00756023720293995","0.00624414101792301"
"2018-02-20","0.0220314453866758","0.0054866930779624","0.00856559810967249","0.0266974005353466","0.0100457941899684","0.00745276711215253","0.00633410614381984"
"2018-02-21","0.0160224221327531","0.00806336457887669","0.0103985910470897","0.0130146296376494","0.0104691113118758","0.0115092997150311","0.00796600780833003"
"2018-02-22","0.0167622820032351","0.00759244578762515","0.00777067965279465","0.0123429320975599","0.01001623597458","0.00823432653725587","0.00848600452892457"
"2018-02-23","0.015758750737629","0.00805713122539525","0.00824415661479508","0.0136799084428019","0.0096603789574068","0.00796353330856089","0.00823426032013026"
"2018-02-26","0.0178338577752099","0.0073926097543061","0.010409340549639","0.0115878008924439","0.00844964856701287","0.00808422203965934","0.0086184681548459"
"2018-02-27","0.0173809986815905","0.00762555073430405","0.00903372500594647","0.0112046784783669","0.0126888879640188","0.00814551145383759","0.00825774047094862"
"2018-02-28","0.0158941278356848","0.00745093362973466","0.00831368763031388","0.0099219913992109","0.0102937426376451","0.00812073648202518","0.0114462189626036"
"2018-03-01","0.0160548375135692","0.00692826508885747","0.007387762327443","0.0101482579467988","0.0104674224057446","0.0078189630053405","0.00694819004764804"
"2018-03-04","0.0180512139464292","0.00468728517271669","0.00663033880977103","0.0118117477270134","0.0105913251095572","0.00863185214026955","0.0110731846876266"
"2018-03-07","0.0171768620339463","0.00442201607924744","0.00608908318848746","0.0171433278677262","0.0105385979545043","0.00953598632869141","0.0108373858028683"
"2018-03-08","0.015734249269306","0.00474339973876595","0.0058069558045761","0.0118047085390864","0.0055809187869626","0.00872267195848749","0.0108431968343968"
"2018-03-10","0.0164505103590455","0.00610405868383946","0.00655535963964021","0.00979845003005803","0.00699236585021209","0.00866509634952753","0.0137084124154286"
"2018-03-12","0.0227748163440663","0.00607807847836443","0.00664608164321131","0.00759758926475602","0.00711720041192553","0.0086128673299352","0.0157335364627452"
"2018-03-13","0.0249523524073024","0.0058624054933981","0.00624729259619246","0.00870752312771623","0.00698281870055926","0.00810783515904322","0.0145397328709651"
"2018-03-14","0.0252000299422145","0.00548420126605068","0.00644087791246952","0.00845663870469941","0.0069452737726547","0.00807834884615049","0.0122873180716033"
"2018-03-15","0.025461316262531","0.00677622684793754","0.00706462438671411","0.00687541349619695","0.0067907947300016","0.00854990984999431","0.0134833455839595"
"2018-03-16","0.0160676978423462","0.0075031491463288","0.00681602900038273","0.0090544628894488","0.00834214362477643","0.00969946907115273","0.0137986196158589"
"2018-03-19","0.0169676203353097","0.00740612070100828","0.00573174285827809","0.0086950244782514","0.00673758452476797","0.00901545136746802","0.0137469520305215"
"2018-03-20","0.015922621644663","0.00619501610335862","0.00572940769059817","0.00886828046152377","0.00831288246717323","0.00918976597052739","0.0144442453273562"
"2018-03-21","0.0159682751039417","0.00595869519151117","0.00613839368769242","0.00861457401578857","0.00634848279305446","0.0086986688826128","0.0142311196756405"
"2018-03-22","0.0145432328467031","0.00544707559725743","0.00576156387719889","0.00895524700432238","0.00654509619544637","0.00878891722460805","0.012315036275436"
"2018-03-23","0.0165037701261413","0.00665849400414689","0.00703087244341704","0.0167526018105176","0.00678890622221726","0.0102294180276128","0.0146752996087035"
"2018-03-26","0.0165934296445448","0.00776044352831085","0.00772304663826826","0.016403602237791","0.00650150941441412","0.0101938860945371","0.0142234045573478"
"2018-03-27","0.0153389565076182","0.00840599103028688","0.00566352818555415","0.0170642371646854","0.00708009742021273","0.00991582198644008","0.0111192375139049"
"2018-03-28","0.0152800960947555","0.00859012641230234","0.00565913388677491","0.0104341444076615","0.00723700552436337","0.00982488008276964","0.0124779274896364"
"2018-03-29","0.0152207817964047","0.0257305388852943","0.00565279772280993","0.00794292512414139","0.00688276863238212","0.0103194840552603","0.012724650765725"
"2018-04-01","0.0154768432273083","0.0295776713454767","0.00705882683630798","0.00780391341937269","0.00616753166366089","0.0115553323742799","0.0137804074086321"
"2018-04-04","0.0145077867797117","0.0220466731685038","0.00692794989862677","0.0125636120882517","0.0059227744016069","0.0104156717809575","0.0121821107885337"
"2018-04-05","0.0146073798137539","0.0219389839597829","0.00776872256844793","0.0108962177412719","0.00624324583868993","0.0172076912064376","0.0113294688292852"
"2018-04-06","0.0148660921020726","0.0145473745796196","0.00847440547994125","0.0160947607357547","0.0111001991383575","0.0146551622249899","0.0109949187298332"
"2018-04-09","0.0147552966480904","0.0150962868623955","0.00825000014526416","0.00667168423789572","0.00800831199012282","0.0175704635017834","0.0135061699827385"
"2018-04-10","0.0146391867207646","0.0165357422476882","0.0100324468689398","0.00569709745668254","0.00805543628451069","0.0109272336172981","0.0128407659159403"
"2018-04-12","0.0147444795957099","0.00799052120106351","0.00776802460947578","0.00743352753234892","0.00905898003337457","0.0123649268016748","0.0100839745037397"
"2018-04-13","0.0143761796973562","0.0270376805493907","0.0100289195202316","0.00745876114476714","0.00874086071006829","0.0106778803287253","0.010209070786349"
"2018-04-16","0.0132926430636639","0.025","0.00947368191522232","0.00747427036719452","0.00839620447235258","0.0115585476394994","0.0103113496804123"
"2018-04-17","0.0146382392416942","0.0169410118256784","0.00879785176072386","0.00877343845508323","0.00810978099416774","0.0160074355511007","0.0122006054433513"
"2018-04-18","0.0136118631115472","0.0166080852069379","0.00738772229565761","0.00864764051973838","0.00836784333386315","0.00965014930242687","0.0134816686579536"
"2018-04-19","0.0114289096867003","0.0178590921653276","0.00809657978394811","0.00716576912986373","0.00638046007401033","0.00967781744688658","0.0112120388189944"
"2018-04-20","0.0114527059814284","0.0181330973434619","0.00824393694768824","0.00766390054917291","0.0127604833541948","0.00898348862732592","0.0137471805893988"
"2018-04-23","0.0115653306643266","0.0198547084298979","0.00852714057847346","0.00755878610682976","0.011015382429274","0.00897535955236885","0.0106152075902537"
"2018-04-24","0.0114302285659557","0.0186477571490001","0.00789071882352427","0.00777562237153936","0.0111526207311915","0.00898926502321102","0.0113643350881697"
"2018-04-25","0.0116052975014513","0.0201892101648367","0.00763572849957913","0.00728665611742026","0.00871592766082148","0.0101923423265604","0.0135866138401569"
"2018-04-26","0.0119914372187062","0.0184319060195549","0.00750661330436157","0.00734976504181037","0.00931508837203595","0.00981084454934858","0.0128187968093878"
"2018-04-27","0.0115071379058278","0.016243356434719","0.00803596834415934","0.00626610350885719","0.0106950041006753","0.0101443622422492","0.0110793906591961"
"2018-04-30","0.0116673149841852","0.0197422541838208","0.0119409920290871","0.00747692853711627","0.0100552105083574","0.0102156112662337","0.0103754376940348"
"2018-05-01","0.0114171515707776","0.0153869530518796","0.00820611342214454","0.0091324627630887","0.011089148959689","0.0103143418775801","0.0142139477180862"
"2018-05-02","0.011428556421537","0.010281025277333","0.0065069088412203","0.00607735390686413","0.00773945438279583","0.010108295284654","0.0134785171539487"
"2018-05-03","0.0145125343099581","0.0195584195624376","0.00889290528302331","0.00603014493819629","0.00783728603865895","0.00989386722400612","0.00998685909012063"
"2018-05-04","0.0118155709417079","0.00851118825300024","0.00999735240357874","0.00602670274935388","0.00727660931923818","0.0099413841550736","0.00765194232730184"
"2018-05-06","0.0134064216746113","0.0173770311753429","0.0101033697844355","0.0058258933088205","0.0138087857707962","0.00991731294078615","0.011542270862829"
"2018-05-07","0.012650612661771","0.00954735207666281","0.0107663751227469","0.00850391196195339","0.00789035198865176","0.0097582530724777","0.0128128304171405"
"2018-05-09","0.0159231783282638","0.0232162873143345","0.00761292908858058","0.00981633755714859","0.00755970978038583","0.00966038403731219","0.0106730982953628"
"2018-05-10","0.0134583551814643","0.025","0.0116110626724464","0.0110941499286974","0.00796753077301753","0.00951633528421263","0.0118979603993822"
"2018-05-11","0.0136756360337242","0.025","0.00594560958004428","0.010410896310676","0.00829867283372538","0.0095425913534013","0.0136317336713612"
"2018-05-14","0.013474326240311","0.025690918050752","0.00572546128770534","0.00905298462191578","0.00804380679512646","0.00937321037650992","0.0122405100457976"
"2018-05-15","0.0132481234708903","0.0133421849974857","0.00755927093948369","0.00888293300451495","0.00753028115600449","0.00887785877707219","0.0125433706081346"
"2018-05-16","0.0139401682471915","0.0165271098147266","0.00823403361435585","0.0101694889382219","0.00808981632849576","0.00951211149650514","0.0122273992569332"
"2018-05-17","0.0136115987941582","0.0121718513635233","0.00813293139776529","0.00984962529517116","0.00853174468114055","0.0089223536368443","0.0105909469611439"
"2018-05-18","0.0136643587348135","0.00721736331164823","0.00903612374315165","0.00934775034610479","0.00886494328939749","0.0088337979670572","0.0103293547218219"
"2018-05-22","0.0136295028606683","0.00738600449236713","0.00855358153746323","0.00923241196548283","0.00965812121051384","0.00929746019346857","0.0137087033301871"
"2018-05-23","0.0132905941573284","0.00740414438525706","0.00646696965216483","0.0094123996630876","0.00991271008411598","0.00881654585271085","0.0133042352258607"
"2018-05-24","0.0130170546188289","0.00771038034858254","0.0104431485858228","0.0099508250369524","0.00974192514553166","0.00905657193897734","0.0135550987089871"
"2018-05-25","0.0135495104941409","0.00572063343600836","0.0105400936389379","0.0093332308888667","0.00865111424843579","0.00867225573726759","0.0138807204073668"
"2018-05-29","0.0123949300273415","0.0065812712884683","0.0112468074396823","0.00757533108521682","0.00868698982027715","0.00859494803590604","0.0155818110979271"
"2018-05-30","0.0130615874511649","0.0113386235018955","0.0105101919453322","0.00678378901453762","0.025","0.00838019576895569","0.0151849968512303"
"2018-06-02","0.0124953814839907","0.0143663598142936","0.0095688938510538","0.00794318907860845","0.0101462503110933","0.00825600258241397","0.0156243421731141"
"2018-06-03","0.0114451154256873","0.0105963674526877","0.00669807111697969","0.00860443989401756","0.010698992258341","0.00833870337972781","0.0151870562305798"
"2018-06-06","0.0116462766241416","0.0182723963608029","0.00916562440338405","0.009454891637442","0.0128596860785266","0.00888040621324068","0.0147370561075254"
"2018-06-07","0.0126315247468061","0.0180327832084992","0.00922324114467356","0.00939505784992544","0.0121122782305789","0.00850843567970706","0.0146893509533073"
"2018-06-08","0.0158683990187209","0.0109956901375485","0.00664892707454252","0.010586417714378","0.0114652868165035","0.00821699609518071","0.0156790563608051"
"2018-06-09","0.0113555004721719","0.00702503634455884","0.00575765424123607","0.00919904370662216","0.0118697835287591","0.00833523341010943","0.0151425772969133"
"2018-06-11","0.0116764396626206","0.00716160320033352","0.00637056990644058","0.00871720033265402","0.0110980895147778","0.00829490039070255","0.0156731501279883"
"2018-06-12","0.0136437830927076","0.00706706976137483","0.00796625609300908","0.00762055477008945","0.010863360512234","0.0108097600817965","0.0144459915574358"
"2018-06-13","0.0155753375185066","0.00720279001965878","0.00627531689543469","0.00879327916923487","0.0102052634709586","0.00830398811717115","0.0176303531959541"
"2018-06-14","0.0148071915637613","0.00703172600766182","0.00653655704447252","0.00827222180459516","0.00847391192025221","0.00833712498737269","0.0165933586806343"
"2018-06-15","0.0162093878528418","0.0108900513486543","0.00536746220820779","0.0120272486246668","0.0084958840770771","0.00858607997135483","0.0180879450688105"
"2018-06-18","0.0119584463975544","0.00695154078579024","0.0070140906330688","0.0136665399633061","0.00830246755896726","0.0132580127765163","0.0251749366228892"
"2018-06-19","0.0117427081521697","0.00746827329749409","0.00703969145790337","0.0113023557908172","0.00865730536011411","0.012812370126286","0.0270432314575254"
"2018-06-20","0.0125143309419381","0.0207187950605029","0.00547389633424489","0.0172356525325069","0.00859981751015398","0.012839007081629","0.0277654356527527"
"2018-06-21","0.0146145082787876","0.011990305695191","0.00749611130211159","0.0216793445105432","0.00861659961912334","0.0129855594604425","0.0276446520632087"
"2018-06-22","0.0169258146125023","0.0124941284094005","0.00916693142822182","0.0204738201737653","0.00836117125237558","0.0102791252781217","0.033494233692101"
"2018-06-25","0.0146129934221526","0.0138088844830035","0.00915378865239761","0.0174261320225992","0.00941446850864136","0.00999139333169504","0.030817538189073"
"2018-06-26","0.0143807257179038","0.025","0.0067895356898034","0.0174757832564588","0.00920218099452306","0.0101056055627471","0.0362424743356155"
"2018-06-27","0.0148179786659142","0.025","0.00599748274107966","0.0179210436020107","0.0095662069381217","0.0126212766746754","0.0359269670788636"
"2018-06-28","0.0148672740040251","0.0137888079340811","0.00915204881203969","0.0182904903852838","0.00929601632935156","0.0114704125214145","0.0163280122560772"
"2018-06-29","0.0141924812784881","0.0126496927013348","0.00899659024505617","0.0186731055887354","0.00925022523664453","0.0100577022040626","0.0216991236023105"
"2018-07-02","0.0148130810523707","0.0123181962634961","0.0114872466344362","0.0157125324270202","0.00818113250402223","0.0113147283494135","0.0210988658136464"
"2018-07-03","0.0138441415641596","0.0132345979193174","0.00555564332681563","0.0141580624519414","0.00942415563771177","0.0114385098714647","0.0145065922048348"
"2018-07-05","0.0135377669283117","0.00790796244162248","0.00544269297441051","0.0180048115826815","0.0105063800995902","0.0106491296320976","0.017021275215771"
"2018-07-06","0.0132781870195389","0.0131965638161401","0.00500943326902255","0.0138524748672731","0.0111824424979638","0.0107236537664865","0.0166478436311831"
"2018-07-08","0.0130458757365174","0.0316256526424872","0.0059029597665726","0.0144082860717694","0.0118228677747794","0.00845493172485046","0.020484639089109"
"2018-07-09","0.012504531777758","0.0310125567390134","0.0053660579023289","0.0147862059967743","0.011619222844276","0.0102494571818926","0.0132445065897596"
"2018-07-11","0.0128926554928934","0.0297275728821263","0.00539686377142383","0.0167007743266503","0.0116865634529174","0.00862018788891954","0.0148538213370835"
"2018-07-12","0.0130973914188947","0.0298788777219648","0.0109909162941447","0.0167757519079327","0.0115877302067751","0.00887466209345869","0.0102955060562343"
"2018-07-13","0.015071401117888","0.0269497699798851","0.0103726441888477","0.0160544485347816","0.0115419369086261","0.00893475261371636","0.00989205249622188"
"2018-07-16","0.0131719403021527","0.0320896799081421","0.00966501832740746","0.0105795143199226","0.0114599392002469","0.00891256435329399","0.00968876796150219"
"2018-07-17","0.0132643514842936","0.0286558521638543","0.00846022477105317","0.0101080463577177","0.0109299738448464","0.00994981756553213","0.00971548701198292"
"2018-07-18","0.015593288259335","0.0291646238245486","0.00924888284128778","0.0143864817572816","0.00920315819734001","0.0142529249513011","0.0097661609253225"
"2018-07-19","0.0141671284377721","0.0326614253156348","0.0130515909958286","0.00734957911686703","0.00956416528705585","0.0104584303060195","0.00976923722238659"
"2018-07-20","0.0124977935103296","0.0196298373016066","0.0124860699330329","0.00834900309004326","0.00958205705541666","0.0119403990434141","0.00994807992295979"
"2018-07-23","0.0124566264005938","0.0256311910841565","0.0079136373349735","0.00808174228362783","0.0136784297441898","0.0126349189643895","0.0137353412229864"
"2018-07-24","0.0123116358774748","0.0265759252700666","0.0070894447419616","0.00808282142579696","0.0148106628068463","0.010529980717505","0.0123175227644138"
"2018-07-25","0.0128243869673738","0.0271958247775752","0.009644893087977","0.00800492188148499","0.0146922423465898","0.0110591111423832","0.0141900876678904"
"2018-07-26","0.0126704867775859","0.017680561783329","0.0103835000336732","0.00747197642123241","0.0152550086559364","0.0124079111026857","0.0123003765454349"
"2018-07-27","0.0124013143684705","0.0126788468099673","0.00772065964312023","0.00737350939639352","0.0152604505262117","0.00915308809948429","0.0127965178584564"
"2018-07-30","0.0125055581744067","0.0157621710268308","0.0101053249261498","0.00964386558171943","0.0133968583891775","0.0118909915797866","0.0143155418794399"
"2018-07-31","0.01240845054742","0.0186070607254371","0.00683419274560387","0.00770599088065952","0.012778006209894","0.0137884377268632","0.0142356745480555"
"2018-08-01","0.0133581637617517","0.0272899882661191","0.00579974648903027","0.00799335783890698","0.00976832248001205","0.0132557427322629","0.0168741768915526"
"2018-08-02","0.0125276398593696","0.0216750178895021","0.00586865721810774","0.00787143173286224","0.0100127724284108","0.0123634632789017","0.0149099413539074"
"2018-08-03","0.0113848017094517","0.0336446128513314","0.00603550151477342","0.00783668384565186","0.0125165248638701","0.0118028087082086","0.0141771790300064"
"2018-08-05","0.0119828895770112","0.0223028820222949","0.00603116919212536","0.00796711045254418","0.0124693412573195","0.0116905566307335","0.0143647621035558"
"2018-08-06","0.0154415711219974","0.0115067206770089","0.0118375716068886","0.0141393993249984","0.0172181206879568","0.0122808239587957","0.0178273441664446"
"2018-08-08","0.0130424911932315","0.0279125353246345","0.0118940410851888","0.00858996049660801","0.0311955986761122","0.0125231303082308","0.0195618387163783"
"2018-08-10","0.0125668141182374","0.0111833459111197","0.0119013528591246","0.0119851405664535","0.032066671660671","0.0124391492201191","0.0125729730601422"
"2018-08-11","0.0128545648936727","0.0100634046332743","0.0115654397808463","0.0088846697826501","0.0321645331534707","0.0117357906535153","0.0229898168153541"
"2018-08-13","0.0175259945014643","0.0107003175411422","0.0199467535188357","0.0120243558868833","0.0309666037776253","0.0130619561995662","0.0180153405590682"
"2018-08-14","0.0200096726726628","0.0202725879573475","0.0126254229555613","0.0103001531332515","0.0205852305168343","0.0131493733928564","0.0179664239560691"
"2018-08-16","0.0211384993569706","0.00885556224380599","0.0141841258362975","0.00872339530011648","0.0270800824090379","0.0131543067047364","0.0263364348131614"
"2018-08-17","0.0193609914107038","0.00872271335237837","0.0140044786321343","0.0060562960195003","0.0100444322499516","0.00950397589055738","0.0250973716209887"
"2018-08-20","0.0181651140427314","0.0192520081628433","0.0156576425410721","0.00595306214149472","0.00882587638069122","0.00947469406516442","0.0141264581042139"
"2018-08-21","0.0192136629673697","0.0139069641698556","0.0163691787944798","0.00839173421558543","0.00896163987463762","0.00941671192690835","0.0186831073449399"
"2018-08-22","0.0211680583661625","0.0116726098768829","0.0170309183504771","0.0073973830595207","0.0128344695634176","0.0120019283778392","0.0255197254746548"
"2018-08-23","0.0158214866764151","0.0163221705944036","0.0339694692466549","0.00503478398190284","0.00860839822546773","0.00937887947925102","0.0252586082934666"
"2018-08-24","0.0172082615427519","0.012044346818175","0.0185507337684225","0.00503497957316762","0.00914755288074739","0.00945314562055061","0.0363003524037902"
"2018-08-27","0.0169867372505985","0.0159815464528211","0.0121456174366119","0.00497262348980497","0.00735610584687019","0.00931235652276598","0.0261779515486714"
"2018-08-28","0.0168696692947228","0.0112133076876561","0.012000458528944","0.00797489437248801","0.00830826707743572","0.00965419951982139","0.0249766541714457"
"2018-08-29","0.0163290349143364","0.0204168359123915","0.0119585177251901","0.011075574485469","0.00732706062538094","0.00962481986536745","0.0378346878709656"
"2018-08-30","0.016343889525051","0.0208740373239994","0.0111623299988558","0.0140123505879839","0.00735117778601018","0.0108167136830271","0.0164321355890883"
"2018-08-31","0.0165271273273853","0.0237448282872639","0.0113140092532452","0.0191498184893501","0.00839705277336599","0.00962934688950092","0.0221281729738279"
"2018-09-01","0.0131497975982683","0.0227213946644296","0.0112689258200296","0.021228041775133","0.00845230503382756","0.00964755675716841","0.0184426657383066"
"2018-09-02","0.0127358864383091","0.0222856681147664","0.0116013135907178","0.0213665754665456","0.00849131575819176","0.00964705055280379","0.018801022292312"
"2018-09-03","0.0132936833319342","0.0209829824674722","0.0116213110759061","0.0171799698153259","0.00792493600783218","0.00968974714853052","0.0190241147422254"
"2018-09-05","0.0144786180883975","0.0182445881320697","0.0111759888884996","0.0112216616061585","0.01081864324397","0.00956557717942474","0.0162749198912933"
"2018-09-07","0.0137776892476143","0.0184889264413179","0.011195994241666","0.00482572234578098","0.00838783638884924","0.00956364215473743","0.0162498516013467"
"2018-09-08","0.0181689002978192","0.0233634003408739","0.0115373943351807","0.00527639600028499","0.0107657217333543","0.00947695810342498","0.0156439076600664"
"2018-09-10","0.0144002014776612","0.0209683339128545","0.0132159393347906","0.00441945119571747","0.0145557566907324","0.00949129425675809","0.0177963398188485"
"2018-09-11","0.0191932459098147","0.0222156879214691","0.0129074598324956","0.00551558442297185","0.0145417915756317","0.00952581692898133","0.0181083324139171"
"2018-09-13","0.0123219781495556","0.223092329976911","0.0113745293594206","0.00851229180184077","0.0197706597743424","0.00945219580072105","0.0140605350971281"
"2018-09-14","0.0113893275449913","0.167720306136254","0.0110654084004526","0.00580136379286248","0.026166852422072","0.0095076046097765","0.0193758834303836"
"2018-09-17","0.0116397976780096","0.15596775244371","0.0111049109170381","0.00590972996076836","0.0257457087107283","0.00961860118741106","0.0125402622891453"
"2018-09-18","0.0136489211861853","0.0258201787225831","0.0110861788958784","0.00420680946145011","0.0251607447389353","0.00951038709707009","0.0118061039959243"
"2018-09-19","0.0139404106894135","0.0136855110610574","0.0108530330684718","0.00412042478574227","0.024793785263576","0.0093857447399949","0.0166481609729745"
"2018-09-20","0.0140513113406926","0.0111892983431053","0.0106426606557583","0.0043498400880141","0.0254124931506908","0.00934642706269726","0.0321584142505774"
"2018-09-21","0.0145941971024772","0.017086846491611","0.0111292668465038","0.00565770223822486","0.0265993801837465","0.0091825964914806","0.0186701098649476"
"2018-09-24","0.0161541706198398","0.0165816668422893","0.0111281292573879","0.00555397927997681","0.0143532611356201","0.00926595749671072","0.0176650189224199"
"2018-09-25","0.0190244813195012","0.013162160239778","0.0163052193445946","0.010893797801082","0.0110156220256181","0.00946107481605574","0.0170631623814933"
"2018-09-26","0.0249883779476518","0.0172148893264762","0.0126063723362596","0.00516566510569633","0.00935228796061708","0.00915483534280334","0.0108068500764431"
"2018-09-27","0.0205791146215941","0.0273171903456989","0.0126214064252531","0.0212205102065525","0.0143792787988335","0.00961182690929281","0.00922393884587001"
"2018-09-28","0.0205792537723408","0.0268389672554114","0.0111900748012237","0.0100177377672615","0.0434059665519452","0.00892195479826027","0.00816343228817509"
"2018-10-01","0.0191137242215972","0.0216488819496893","0.0113341109497259","0.00858263323746293","0.0438919853116883","0.00918856438202311","0.0148072602389694"
"2018-10-04","0.0256952464022049","0.0148367920510277","0.0120723594655112","0.00627284508805137","0.0141832045252549","0.00936676175830406","0.0146782257109028"
"2018-10-07","0.0255816038444171","0.0139411268629575","0.0122773796789459","0.00572450876652255","0.00936265524297934","0.0111380500097947","0.0140186508536904"
"2018-10-08","0.0211214511020665","0.0264264284241905","0.0123768295730482","0.00671068356827742","0.0133343471612052","0.011527522809449","0.0144364003276554"
"2018-10-09","0.0206512717060239","0.0259648357799777","0.0108308662173372","0.00570964521750674","0.0411650585955332","0.00928589045003843","0.0257159620075674"
"2018-10-10","0.0201991749128593","0.0213982969427339","0.0117366322590545","0.00528340487859274","0.00746717259857271","0.0156743488846547","0.027110245999753"
"2018-10-12","0.0166830555778738","0.00772835608520158","0.0126847074586439","0.00669525207700345","0.00797118756218055","0.0127422644886515","0.0280262616341488"
"2018-10-15","0.0161245534413283","0.010515969569936","0.0124938626437237","0.017487735580378","0.0114571658340817","0.013964425914134","0.0277738459974813"
"2018-10-16","0.0158693105456943","0.010721175905876","0.0116854212572139","0.0177289552154358","0.0106579595559714","0.0139811860218951","0.0272161905470909"
"2018-10-17","0.0163902096030406","0.0375335613719407","0.0119817533456166","0.0170223314867643","0.00740065516997949","0.00991743884740096","0.0313191551528925"
"2018-10-18","0.0161011516136474","0.0392901557060701","0.0115409533212557","0.0179233205863265","0.0101723018871036","0.0117236420810037","0.0311096719769597"
"2018-10-19","0.0161777122918509","0.0417397950646734","0.0115181655207877","0.00843753508797163","0.0101563005014403","0.0098728276782553","0.0271780457766936"
"2018-10-22","0.0160680445667971","0.0923212091086962","0.0116906587077449","0.00894275810659638","0.00681586221459927","0.00923231215916179","0.0309015972721996"
"2018-10-23","0.0150539005699099","0.00924524219370544","0.0117286175474306","0.00847022577131957","0.00679911905192122","0.00919167711319706","0.0265891256983473"
"2018-10-24","0.0159415012429069","0.276853283254502","0.0117729065391777","0.00875138662566204","0.00798680060355618","0.00985279593235362","0.013152021886239"
"2018-10-25","0.0154001902086136","0.0176589703369209","0.0119422638887194","0.00783898077145255","0.00909934107462373","0.00987307290299078","0.0130023977410311"
"2018-10-29","0.0152335202859342","0.0180621400193953","0.0118250817716991","0.00603766157835931","0.00782836390314858","0.0104003735126293","0.0159610297749543"
"2018-10-30","0.0145480421263979","0.0161990341840637","0.0116804762845097","0.00614919228246044","0.00666686957290199","0.00789307248327808","0.0194979864188573"
"2018-10-31","0.0135374638510688","0.0078875482669854","0.0115024041264974","0.00606273790526954","0.0078156938594773","0.00805617769722227","0.0194275143233688"
"2018-11-01","0.0138640716168944","0.00820502078242791","0.0115883157053948","0.00470755694902075","0.0113824249555211","0.00772361364077337","0.0185747197560857"
"2018-11-04","0.0141829432207416","0.00786854112440261","0.0116734462591496","0.00475745413125186","0.00881191503063214","0.00784781678074583","0.0204997528387471"
"2018-11-05","0.0133715430846512","0.00706016165082385","0.0116555597366333","0.00431596580456847","0.010910608326315","0.00750528624601845","0.0295534106519657"
"2018-11-06","0.0140404866556677","0.00697640944663308","0.0116238500779039","0.004815670369285","0.0104101831615955","0.00751818103359824","0.0325738330975928"
"2018-11-07","0.0130533991987144","0.00712914205134993","0.0117305641639831","0.00617177295969286","0.011391629023327","0.00733153819448251","0.026263569700216"
"2018-11-09","0.0140238598668969","0.00894401372638689","0.0120687560506209","0.00444594968471993","0.00687167587836779","0.00707780295325146","0.0321139781215322"
"2018-11-10","0.0141748429794676","0.00718145682493034","0.0118296848093795","0.0073617843124711","0.0105498441257315","0.00723227329021133","0.0229374255953587"
"2018-11-12","0.0157635132189938","0.00754003871130529","0.0117074457578717","0.00616496354145052","0.0113381577315475","0.00727949067043629","0.0311597743328751"
"2018-11-13","0.0156821844325839","0.00741939219354082","0.0117646143564988","0.00484546823085055","0.0112219911245715","0.00727983351543865","0.031286447301689"
"2018-11-14","0.0161357099390097","0.00719226555199438","0.0112382152367813","0.0048633526768588","0.010599682308435","0.00713626575566927","0.0303272939708574"
"2018-11-15","0.0146060011197589","0.0072424426693573","0.011040695864606","0.00759352191143449","0.00879778892721937","0.00717959205177884","0.0281390432607034"
"2018-11-16","0.0131722917655364","0.0103673623027916","0.010101585756374","0.00478249018037756","0.00723223091403745","0.00721380671231293","0.0219316540616851"
"2018-11-19","0.0136174155964386","0.0103426922155872","0.0102420156103343","0.00474928898306916","0.00704501781432284","0.00724411889474636","0.0148977844375254"
"2018-11-20","0.01349637261558","0.0102027362992393","0.00991779259589756","0.00600624843213648","0.00659187078961147","0.00766368980311853","0.0129350548642496"
"2018-11-21","0.0174538928764677","0.00569124118892245","0.0109938076689735","0.00471141543007918","0.00647935708048457","0.00728484874143172","0.0161855044002062"
"2018-11-23","0.0190820559682716","0.00572543663455843","0.0112254906573852","0.00476931462223716","0.00656480240249693","0.00718978522751851","0.0125038673486903"
"2018-11-26","0.0179312188290343","0.00571199891670923","0.0102420669332479","0.00478431593152161","0.00643841652839652","0.00768156998723808","0.0128439471438029"
"2018-11-27","0.0187190779642485","0.00455402383652679","0.010979089818304","0.00432474746514618","0.00632998238553269","0.00751987197891642","0.0178831394442146"
"2018-11-28","0.0166092414846116","0.00447126536960592","0.0110999146465016","0.00469707795231444","0.00626846621762759","0.00754585800527592","0.0156028130638009"
"2018-11-29","0.0166330603847559","0.00510593524756292","0.0109496002842938","0.00472062825204064","0.00640086212573874","0.00778227591488881","0.0129737203657905"
"2018-12-01","0.0169382526387446","0.00518523702822975","0.0110411548534827","0.00610002548294842","0.00634089170823905","0.00759420977848757","0.0145181397162318"
"2018-12-02","0.0154039510337462","0.00622008741631263","0.0111960120292389","0.00609862464924312","0.00760784852260322","0.0080624105013536","0.0326136975889024"
"2018-12-03","0.0149503287133404","0.0061684547728781","0.00979000514190188","0.00633133319847193","0.00639751997172482","0.00796625991767422","0.0305184624429841"
"2018-12-04","0.0149451992413717","0.00878469319664348","0.0120214298324709","0.00600226123090265","0.00680685688390235","0.00797670451806664","0.0227839183784847"
"2018-12-06","0.0147248219840829","0.00820970315012787","0.0122399911435741","0.00518680067769568","0.00838302725359506","0.00791813591122456","0.0233317334256123"
"2018-12-07","0.0235397354301698","0.00813907012900678","0.0118841666225508","0.0050567128469279","0.00779101440392183","0.00725762588212865","0.0229050866000927"
"2018-12-09","0.0148686310326667","0.00810252656868671","0.0118207490137511","0.0050086857281063","0.00982353484787124","0.0072015695114646","0.0230700859237129"
"2018-12-10","0.0149419498207959","0.00827736256370029","0.0122341959461438","0.00505817647718011","0.00742583966198956","0.00791785371446923","0.024655114629029"
"2018-12-12","0.01577011743969","0.00810428542150841","0.0117613439479565","0.0049410594807497","0.00721253219411292","0.00798030060526665","0.0242916834812666"
"2018-12-13","0.015566948512977","0.00813412970469745","0.0131142266277567","0.00499449886078024","0.00717882128898721","0.00761529821633445","0.0254757270150174"
"2018-12-14","0.0153509942039581","0.00820777667234716","0.0155019924473448","0.0049880778640406","0.00803166196046669","0.0077122574430974","0.0235163359548801"
"2018-12-17","0.0161429802997221","0.00781951279683746","0.0140709105405182","0.00498081643716797","0.0121025120144973","0.0075657090344959","0.0190973762518072"
"2018-12-18","0.0169729076733213","0.0109958637214729","0.0134402340309533","0.00498048304593029","0.0115539159672147","0.00766909978606592","0.0213848924431484"
"2018-12-19","0.0140577924942999","0.00814068738107392","0.00617706948255393","0.0045949441387019","0.00716214527401314","0.00808783699379697","0.0131761139102227"
"2018-12-20","0.0145383355399846","0.0107839441643241","0.00646579650128181","0.0101913445443822","0.0104804049085703","0.0083618458817738","0.0108743271767688"
"2018-12-21","0.013923471327059","0.00764033290073496","0.00825041732080915","0.0105019329560991","0.0122630775105064","0.00772069235748516","0.0159988263522434"
"2018-12-27","0.0144054269629231","0.00820971052431844","0.00817401690696193","0.0100766564196138","0.0099647595103622","0.00723146903241347","0.0250861055912665"
"2018-12-28","0.0157251266629212","0.00808976849359746","0.0114653449261068","0.009925834731513","0.0122960041126343","0.00616201332864256","0.0251501156158833"
"2019-01-02","0.0149709195795059","0.00866049435946521","0.0100747279758889","0.0105167475152375","0.0106684318171072","0.00885261407016487","0.0217511052830882"
"2019-01-03","0.0152801515832411","0.00843776832914615","0.00819873887347744","0.009867903320502","0.0127258329855288","0.00905965437236937","0.0174323350627223"
"2019-01-04","0.0152957623069287","0.00744750808362417","0.0110040814052957","0.0100258398311855","0.0091710623595707","0.0090228662676151","0.017730328206501"
"2019-01-07","0.0150265418973604","0.00747867966788657","0.0102034827728976","0.0102577744763948","0.00887111974750512","0.00919686067868915","0.020179875617571"
"2019-01-08","0.0149687623171589","0.00846991504013401","0.00960552737898181","0.0102442120064284","0.00940932049310073","0.00926164762295614","0.01584598375052"
"2019-01-10","0.0152359491000866","0.00765053940737579","0.0104777586496647","0.0108442040650646","0.0111411124182261","0.00911237472750457","0.016156644353681"
"2019-01-14","0.0149823422701901","0.00704960127758216","0.0141022182275598","0.0106525047389733","0.0114373641513258","0.00908014095988042","0.0213084523035113"
"2019-01-15","0.0167068637828968","0.00782891774027198","0.0221924456955298","0.0101645242778499","0.021345587624734","0.00914634697894127","0.0200178559498241"
"2019-01-16","0.0216648205629534","0.00881817070165162","0.0241022838894576","0.00953445655434189","0.0213257532988622","0.00921789946638544","0.0133097064846719"
"2019-01-17","0.0207807737179371","0.00670486894027225","0.0222699067620632","0.0100534095863439","0.0115979533341828","0.00992264267985123","0.0210395660879127"
"2019-01-18","0.0191399007295498","0.0057041651004356","0.0229516013020531","0.0104528274144262","0.0121155794325148","0.00933764593979523","0.015229501140065"
"2019-01-22","0.0194971874266711","0.00585166830097425","0.0231535580090751","0.00915160403391113","0.0121585183258508","0.00938487951543306","0.0127754572771046"
"2019-01-23","0.0181961802986967","0.00972653985349963","0.0137340299232313","0.00938126871289359","0.00949123832831822","0.00938403199583814","0.012441054545512"
"2019-01-25","0.0205099917538736","0.0096488478265652","0.0248689647216286","0.00958479007965228","0.0117098634716286","0.00955298537932061","0.0123523274502231"
"2019-01-28","0.0206850088181099","0.00980445653275161","0.0235804278704791","0.0146335978590118","0.0188445815925855","0.00947068804602917","0.0287949271098978"
"2019-01-29","0.0208963942519312","0.0103844036843297","0.0225241694248811","0.0177304262392388","0.0107145327539185","0.00877352900887823","0.0127964518075067"
"2019-01-30","0.0209391704757995","0.00793621803907784","0.0225015004775959","0.016103225959825","0.0114914360742731","0.00869055212202142","0.0146354779729999"
"2019-01-31","0.0211110804401651","0.00757876526228748","0.0298972204157187","0.0166783930533303","0.011689925023683","0.0087046409540905","0.014581711008111"
"2019-02-04","0.0213480870195904","0.0111758018663138","0.0224359956762319","0.0174720486359389","0.011928047779908","0.00921049890634184","0.0115436095460029"
"2019-02-05","0.0189330509106287","0.0105640835009001","0.0208422293888005","0.017219389973855","0.0120226921750153","0.00928079826119862","0.0117623475486331"
"2019-02-07","0.0208218437946687","0.010288015603241","0.0301620111275019","0.00607589011433241","0.0124302385658484","0.0092651654474169","0.0129431441009959"
"2019-02-08","0.021385562555247","0.01025965542089","0.0302620111516228","0.0089037066513592","0.0192431657225553","0.00911575373617689","0.0127800793889701"
"2019-02-10","0.0214041427014444","0.0104730258889497","0.0288717994466063","0.00604805570955535","0.0122209278686831","0.0091485722981075","0.0108714877328034"
"2019-02-12","0.0183417290507496","0.0137448439177071","0.027028528993403","0.00728666338755931","0.0183576295325265","0.00897342522647195","0.0127674068930629"
"2019-02-13","0.019745791879196","0.0136935319618564","0.0260877539411653","0.00861800298592044","0.0188070050297357","0.00958232839351991","0.012610890011471"
"2019-02-14","0.0230404887467258","0.0147401549934265","0.0279080126417662","0.00667466745194231","0.026579173031448","0.00970186013823343","0.0129287014336867"
"2019-02-15","0.0214924635384644","0.0198942402957446","0.0273130834393729","0.0061967548379904","0.0114588750683938","0.00971319441292847","0.0138844590530945"
"2019-02-19","0.0209631190132385","0.0145135350130576","0.0277387225673139","0.00611082504599779","0.0101263840183819","0.0090256204482781","0.0127482179532978"
"2019-02-20","0.0201032449628837","0.0145027750325695","0.0281588650340385","0.00608972009361085","0.00987253861547141","0.00909833598577289","0.0127250508413578"
"2019-02-21","0.0196011161894382","0.0137910529945284","0.0166556817861758","0.00613868859859134","0.0106445440433002","0.00878938906451008","0.0132165049875139"
"2019-02-22","0.0195410080580557","0.0141491206989318","0.0198403744980843","0.00611414732514031","0.0104860847089256","0.00877958560515261","0.0131780033845434"
"2019-02-25","0.0197650471705995","0.0143574611130731","0.0195573669989137","0.00610376312965705","0.0103106700918012","0.00872352107996796","0.0132544342933699"
"2019-02-26","0.0200737026734232","0.0145313617971985","0.0205744329196571","0.0113185682675366","0.0107315316763922","0.00864266449232065","0.0140110064467126"
"2019-02-27","0.019594617839076","0.013479346555368","0.0247991105101574","0.0115238877972856","0.00807953112334783","0.0087798675199599","0.0131372187085268"
"2019-02-28","0.020079692268305","0.0131305588562784","0.0135770894888982","0.0130787940643142","0.00811023279836985","0.00864799970749225","0.0132405204624297"
"2019-03-01","0.0190278559681311","0.00992592918751079","0.0436398913008396","0.0163164489632136","0.0114188726249217","0.00900396426295922","0.00959451472057147"
"2019-03-04","0.018673997425752","0.0142321769922346","0.0455170096362145","0.0140091412746166","0.0104338723108708","0.00894226139178234","0.0131923459764444"
"2019-03-06","0.0192570499789","0.0130552239966669","0.0154996094543172","0.0146899537428422","0.0103996385401282","0.00897958772906142","0.0127053341470436"
"2019-03-07","0.0215043045237094","0.00849621249534998","0.0154190378232578","0.0111863486016709","0.0121016044558751","0.0087310453689563","0.0127014904506036"
"2019-03-09","0.0191264753717364","0.0156156550611004","0.0196791758464005","0.0103063104848542","0.0119296749905697","0.00849065948515243","0.0124875786703719"
"2019-03-10","0.018981839385763","0.0117792558626394","0.0150334060571361","0.00939234887431614","0.0136212683579071","0.00831253891268148","0.0127254050457276"
"2019-03-12","0.0183629116195922","0.0131171623467272","0.0140846576833511","0.00761574138096432","0.0116493195881782","0.00766931882891515","0.0128858600968816"
"2019-03-13","0.0188975112021958","0.0119539424121623","0.0116300510899909","0.00788562301120931","0.0133354833528779","0.00768321299766722","0.0133313977918111"
"2019-03-14","0.018507470727595","0.00984812459024999","0.0106361355216262","0.00816137013329427","0.0134344223262238","0.00837756409774581","0.0133969664047704"
"2019-03-15","0.0186231554761121","0.0115166210560347","0.011801955267589","0.00739812334433176","0.0121897101193401","0.00658189779461249","0.0118346334302181"
"2019-03-18","0.0186730100224771","0.0115076557052835","0.0117621429649825","0.00741582219075873","0.0122606423687192","0.00677085688203424","0.00967530414536611"
"2019-03-19","0.018615797438048","0.009451717431041","0.0108614229094885","0.00822329213362681","0.0119516289234163","0.00835416073735808","0.0119344985113746"
"2019-03-20","0.0182452077266535","0.0114613135460463","0.0117626905101505","0.00891599021866981","0.0103006778087148","0.00774800590523917","0.0120423055459824"
"2019-03-21","0.019783725791099","0.0186458935974198","0.0136437744431646","0.0093747455391639","0.0106581880829029","0.00733724688823079","0.0105818652777604"
"2019-03-22","0.0199093870413249","0.00788440451923512","0.0293505559465043","0.0119287701296341","0.010774232339598","0.00833698372938999","0.0124088304912342"
"2019-03-26","0.0199630016899191","0.0089421819313818","0.0294515738422652","0.0081802433352146","0.0106015964482253","0.0090729283062441","0.0115511377527523"
"2019-03-27","0.0206280809377975","0.0134036409419051","0.0281038410022394","0.00904559073649543","0.0104194932475003","0.00850552355395211","0.0111743545471825"
"2019-03-28","0.0218420149565348","0.010898044818788","0.00968022458467964","0.00918427816145486","0.0101826695741173","0.00837459961692588","0.0107481101321686"
"2019-03-29","0.023180852349255","0.0242996104324293","0.0100844606565827","0.0146333260612672","0.0101879702453331","0.00835923524341886","0.013293521670629"
"2019-04-01","0.0193983816647511","0.0228223893107949","0.0238298216608715","0.00916833894296186","0.0108501174702614","0.00716435895708157","0.00999586746082759"
"2019-04-02","0.0245941320961764","0.0268069841417421","0.0225218861170892","0.00893018282178161","0.010971445221915","0.00929461724015336","0.0102645414574915"
"2019-04-03","0.0194944021589018","0.0289974979859085","0.0480416289272549","0.00847388368763779","0.0119439693446656","0.00741262117854461","0.00934242708055838"
"2019-04-04","0.020012792301612","0.0256885614633813","0.0481399486247469","0.00893769041799418","0.0118867509853984","0.00617499145708272","0.00754081929277903"
"2019-04-06","0.0179720480623475","0.0178338692248894","0.049619363239773","0.00827704466063392","0.00784389948696932","0.00823274946148643","0.00970441691488416"
"2019-04-09","0.0153701712533654","0.0113466790901605","0.0381663723321801","0.0141327232617491","0.00781085761328429","0.00827230511443924","0.0122334852934025"
"2019-04-10","0.0167035330948323","0.0109089171657207","0.0365295325625223","0.0163551745559213","0.0144696333105187","0.00827766749583126","0.0123366231810321"
"2019-04-11","0.0170764500449937","0.0109725559198786","0.038276314563041","0.0158549386498866","0.0144108742353745","0.00881748755187833","0.0110760219593744"
"2019-04-12","0.0169149201281738","0.013285440153832","0.0385556279497696","0.0158546018966303","0.0145963762803575","0.00855098609829834","0.0111282813828241"
"2019-04-15","0.0172832763313636","0.0190928949397436","0.0401197773833277","0.0108002135573094","0.0101595315303808","0.00864130180643653","0.011161827484584"
"2019-04-16","0.0172110506847573","0.0156941023803463","0.0393775303553488","0.00998416254456131","0.010580682291763","0.00867847040865859","0.0104869380610728"
"2019-04-17","0.017234238036562","0.0158308302881163","0.0377207810006483","0.0188680207244463","0.0104863377517095","0.00854545093640743","0.0108843975266128"
"2019-04-18","0.0150922587330744","0.0118009223679212","0.0392822935172299","0.0188511127360037","0.0104771916449129","0.00689423598437797","0.0104316309880305"
"2019-04-23","0.0159730270399278","0.0110292645702974","0.043159153516905","0.013759995026512","0.0102795753505421","0.00837239438904946","0.01439720230287"
"2019-04-24","0.0133178875140153","0.0113366101034656","0.0424437909424714","0.0181185527688882","0.0104318894876221","0.00881932925656789","0.0177483858239546"
"2019-04-25","0.0148609909948069","0.0114444937237197","0.0449745554112263","0.0183187360535228","0.0105901461046368","0.00896924963901522","0.023615811151928"
"2019-04-30","0.0168394416049789","0.0113176355165441","0.0442531265487487","0.0155735226155563","0.0109991506755902","0.00886760831809287","0.0135541046373696"
"2019-05-02","0.0158085317548481","0.0186035779522411","0.0444616229218132","0.0159887233514009","0.0103025963052153","0.00852399761735665","0.0131548220902695"
"2019-05-03","0.0168188739666106","0.0152946619468393","0.0454106881564139","0.010102741184221","0.0109648471599953","0.00792474330479407","0.0244223812946222"
"2019-05-04","0.0159586382526025","0.0200100166814839","0.0534949999853623","0.0111045592493484","0.0114022448341289","0.00782601669509027","0.00726276725758598"
"2019-05-06","0.015792967610096","0.0428688272385985","0.0498601325538858","0.0161220722106895","0.0149353568724819","0.00536703237848626","0.00716433465928335"
"2019-05-07","0.0154506265435722","0.0407051533501926","0.0342396578060393","0.0192064833631","0.0115610745135727","0.00537051327267005","0.0135229780086048"
"2019-05-08","0.0151490745772558","0.0736484986287593","0.0295174722760473","0.0230509809725771","0.0110743081578272","0.00580697473677021","0.0139985305847613"
"2019-05-09","0.0166129315843609","0.0349982282018294","0.0457768313470969","0.0223516373503155","0.00986719353043783","0.00714569956531859","0.0143734327866929"
"2019-05-11","0.0165974950245322","0.0654360400604795","0.0478847043800122","0.0251995839819729","0.00974873063321309","0.00714412597443905","0.0133859606351309"
"2019-05-12","0.0165179451932165","0.0665877041549313","0.0492035489575005","0.0232918341410069","0.0095319821206142","0.00711647214495138","0.0135746168115029"
"2019-05-13","0.015648154513102","0.0675054868464092","0.0514353542805641","0.0220462738192371","0.0111255304303463","0.00655217877793924","0.0139167501734521"
"2019-05-14","0.0149429171566416","0.0658716124702241","0.0513300569032757","0.0211057761854162","0.0110917613777394","0.00742076232769703","0.0134179606440997"
"2019-05-15","0.0181852857403613","0.0674810935659371","0.075267940455955","0.0227665581376548","0.0115415887229059","0.00627014817779169","0.0141771200316908"
"2019-05-16","0.0149537575150547","0.0650215156513704","0.0535583930971624","0.0229789051479325","0.0102343199800709","0.00665483489864402","0.0142214395997293"
"2019-05-17","0.0163266340829724","0.0342331991012501","0.0529902416862891","0.010421571008883","0.0096901939771232","0.00670361248465407","0.0177027126912231"
"2019-05-20","0.0169699078376392","0.0666744934158194","0.0222167608540919","0.0122751537073844","0.00989884554303317","0.00617003312086956","0.0175591801320811"
"2019-05-21","0.01592587158097","0.0687166146008668","0.0287191128529429","0.0124228109265618","0.0172644624075171","0.00593610364325629","0.0236033899706941"
"2019-05-22","0.0158889992544801","0.0194332324106477","0.0163975397450541","0.0202728375327055","0.0260340582090628","0.00635675199608822","0.0135593239935411"
"2019-05-23","0.01725198601912","0.0300448475315693","0.00899826914838408","0.0181160719763111","0.0262713157891774","0.00621581727224579","0.0192026212735854"
"2019-05-24","0.0172781510251169","0.031248354141157","0.00911037305089086","0.0176650142405327","0.0255182200348556","0.0062330752846239","0.0193758681607126"
"2019-05-28","0.0191530341523528","0.0261034120985056","0.00977797346427041","0.0176657711440026","0.0260879389111453","0.00361379351133215","0.0187693952950259"
"2019-05-29","0.0176335906902683","0.0219754397826621","0.0113217495970647","0.0178301067301209","0.0132976347629263","0.00438661848120067","0.0309773897368532"
"2019-05-30","0.0182480934489726","0.0178716171481132","0.0118852816007697","0.0124401287146257","0.0169313943432881","0.00372854977873402","0.030492195404913"
"2019-05-31","0.0147514311065831","0.0159573109197271","0.0115580250982436","0.0201077083591457","0.00939661952490621","0","0.0286808118980388"
"2019-06-02","0.0149175189922485","0.0235100875939775","0.0118081355661263","0.0123369458374728","0.0171353075168474","0.00373100724259818","0.0285964952764868"
"2019-06-03","0.0150238960137709","0.0238951383723849","0.0187553728384597","0.0109624713331498","0.0138737699739681","0.00385726501138501","0.0263818778163462"
"2019-06-05","0.0152446103461233","0.0252272583691591","0.0262066448949582","0.0143982859559403","0.0111270633260615","0.00391071957494214","0.0256289904963748"
"2019-06-06","0.0157830469714128","0.0234504318748673","0.0204520371474842","0.0141460457465251","0.0113207973590652","0.00422394222002729","0.0283839635482449"
"2019-06-08","0.0135431532747522","0.0164472997496814","0.00984341861209889","0.0141481943185723","0.010495437183807","0.00392761792006053","0.00721048296818771"
"2019-06-09","0.0189609767547683","0.0175931357549311","0.0107676257454117","0.0186226704336537","0.0215440559515552","0.00386427052751373","0.0100741326667689"
"2019-06-11","0.030563385053772","0.0116279290973972","0.0108760093235011","0.0111729283105361","0.0107859425326969","0.00388290420472582","0.0124852986598183"
"2019-06-12","0.0305980888069154","0.0116373614749371","0.00971356239248728","0.0154892311585423","0.0115908964377542","0.00376789430843812","0.0133494591497509"
"2019-06-13","0.0297856298279899","0.0118642448347832","0.0100450609198253","0.0205860651293214","0.00900909319875169","0.0038086828860388","0.0135211758299453"
"2019-06-14","0.0280462671649654","0.012481654794422","0.00998760085265945","0.0214216846923569","0.0227439128013662","0.00435736513680054","0.0140764308134863"
"2019-06-18","0.0277707344807421","0.0104331681463053","0.0194447673472019","0.0229589042081881","0.0217870949701119","0.00446970648357878","0.014600853174521"
"2019-06-19","0.0274033174342585","0.0115882783924209","0.0150063471400765","0.0141283773460468","0.0099803022573158","0.00447892885697026","0.0148650114878845"
"2019-06-21","0.0272545101461055","0.0115447978588123","0.0150623866232977","0.00865693851676813","0.0100721847908796","0.00431014703874939","0.0151377482214389"
"2019-06-24","0.02705467094796","0.0155264950252444","0.0145604898799602","0.00929274614327972","0.017568510614513","0.00459511554067249","0.0147255121029988"
"2019-06-25","0.0304028649323202","0.00988150194418278","0.00911521857914319","0.0152646207764548","0.00896678640762464","0.00555140026078636","0.00990733323320956"
"2019-06-26","0.0304925696011069","0.00966488742273335","0.00869668119406947","0.0207105770621071","0.00916874406553391","0.00530604562019198","0.0123725741352805"
"2019-06-27","0.0277146473988439","0.0100070627884838","0.00875808639294352","0.0221451493547368","0.00957240979288208","0.00562164915869678","0.0139671598936837"
"2019-06-28","0.0266110689703122","0.00978333025176088","0.00868723269927393","0.0178578941724815","0.00807978207393194","0.00569499222511076","0.0100553262894754"
"2019-07-01","0.028954358576911","0.0132709564293018","0.00872131182308038","0.0258531603246956","0.00850046987864911","0.00560965668381062","0.0094691252138234"
"2019-07-02","0.0228166048410362","0.011772342332781","0.00820061851429138","0.0244943807605767","0.00859489359547803","0.00564342647824449","0.00988937468020966"
"2019-07-03","0.021288661646301","0.0185194439461113","0.00826450034799397","0.0236923998951166","0.00939907158086281","0.00560812492939858","0.012833314345748"
"2019-07-05","0.0215087183136795","0.0147402070538753","0.00601770875267985","0.0180480658738965","0.00768602878747685","0.00556481864672877","0.0105283617198775"
"2019-07-06","0.0217266553473649","0.0140431086558631","0.0134148780483914","0.0189482936632494","0.00719552818591691","0.00554006436233391","0.00942302720089322"
"2019-07-08","0.0156169352083788","0.0107473948874523","0.004340655413892","0.0195810779918421","0.00679638069575084","0.00578174211871556","0.0147735618419214"
"2019-07-10","0.0153356410176948","0.0128732477527169","0.00687192442294806","0.0165919428061646","0.00684046694322644","0.00494913190335237","0.0159208910769334"
"2019-07-11","0.0152563538947733","0.0128647493624045","0.00716910767914522","0.0181667667603594","0.00727001782198415","0.00489606658343638","0.0165934883126067"
"2019-07-15","0.0151640383330124","0.0118295839913794","0.00598640694008853","0.0154184563836094","0.00764348434924719","0.00571264135300286","0.016856609429852"
"2019-07-16","0.015108891521435","0.0120845470005438","0.00613838195206418","0.0101739523802155","0.00774031660402559","0.00577154181922563","0.018331988992978"
"2019-07-17","0.0147737806124887","0.014355906277472","0.00449014635355251","0.0103205110014825","0.00927797057711633","0.00610918808412639","0.0172515406911202"
"2019-07-18","0.0152283324847916","0.0118951290000987","0.00891035382456192","0.00999773296640145","0.00874751959338793","0.00631765201439841","0.0172067744600952"
"2019-07-19","0.0182072094047346","0.0127725180485794","0.0206942344319864","0.00976381125420841","0.00759193861832237","0.00969341716074642","0.0161185404990568"
"2019-07-22","0.0183853385250865","0.0120713556520673","0.0101632499489258","0.00969798853187878","0.00768970650647592","0.00565507395359677","0.0135514341116471"
"2019-07-23","0.0180658707499656","0.0125661665678453","0.0217158516503437","0.00987128633573317","0.00742259315231106","0.00552564818874488","0.0142137802980848"
"2019-07-24","0.0232681871052351","0.0148329240676107","0.0110404436633163","0.00965335460449442","0.00767923017968925","0.00550583162811586","0.0137842154285492"
"2019-07-25","0.0265061842482342","0.0122033440685788","0.00818902363048173","0.00976158434500011","0.00749682882705271","0.00548080631705637","0.0125716295729346"
"2019-07-26","0.0259524872109139","0.0109471594540136","0.00983788339477025","0.0115014229234393","0.00803661584980055","0.00550123443015926","0.00942695951530519"
"2019-07-29","0.0272530999196225","0.0102943343210986","0.0107849945903081","0.0113754811523542","0.00798796820861247","0.00536345188969558","0.0124313625691705"
"2019-07-30","0.0261666002847056","0.0110589641785138","0.00735859829599278","0.0123222814426981","0.00889147143809647","0.00554922645440115","0.0122291638554653"
"2019-07-31","0.0259625410820015","0.0149730873568913","0.00808086752503346","0.0119028152603991","0.00885598070922231","0.00547037830523029","0.0103789174322972"
"2019-08-01","0.0255093987326334","0.0155190075865312","0.0025890163376096","0.0129936692449264","0.00870211664888186","0.0054627940601308","0.0103859912241602"
"2019-08-02","0.0239318386534115","0.0151623769128986","0.00948777145122123","0.0156214243040418","0.00747946618966845","0.00535909733151346","0.0140496810047035"
"2019-08-03","0.0181314734910275","0.0126589703229602","0.0064042234394402","0.0152847032985091","0.00705131678297585","0.00527634260274276","0.013369147812996"
"2019-08-04","0.021008410905341","0.0116548148452407","0.0163578480523054","0.0182471019757547","0.00740513336394074","0.00552770172429301","0.0114987083803744"
"2019-08-05","0.0127873499918702","0.0113212633929251","0.00655620099419211","0.0177699463691485","0.00745888459103417","0.00547458144844667","0.0118316897208985"
"2019-08-07","0.0144932772753083","0.0113934274171606","0.0104228271708252","0.0154278970021328","0.00750766599709019","0.00555095465010203","0.012815776771016"
"2019-08-08","0.0190075824176906","0.0191774275075656","0.00646533759399048","0.0179143771584828","0.00764584431314951","0.00531600908626284","0.0135113672530479"
"2019-08-10","0.0172581926993482","0.0169741025532955","0.00649001347911813","0.0170103484762875","0.00959158579086175","0.00524814038969442","0.0108108789034344"
"2019-08-11","0.0177172668285234","0.0167162843528153","0.00664581556152618","0.0120861726117754","0.00930883969948688","0.00540176428234188","0.0111183132552069"
"2019-08-13","0.0189140826920446","0.0204221580774945","0.0137274150183199","0.0178504536597382","0.00663768564202119","0.00520118596757378","0.0108979916220015"
"2019-08-14","0.0185244945281483","0.0193271214097579","0.0159866466644631","0.0170276691389051","0.00764386904053499","0.00532811787820823","0.0125131992079229"
"2019-08-16","0.0190418087966743","0.0154125096198494","0.0195710046952912","0.0165056208727322","0.00708647653683906","0.00498697074232459","0.00957658408165865"
"2019-08-19","0.0173335785260775","0.0154251182191209","0.0119512143498362","0.0187972999985602","0.00729422404199097","0.00521174326487417","0.0109188671800593"
"2019-08-20","0.0218013539820239","0.0166780113526124","0.0187417465360544","0.0171504510360606","0.00999515865308145","0.00502329795667791","0.00816649388789403"
"2019-08-21","0.0174335879290148","0.0188929364323625","0.0218911241495837","0.0155602167468939","0.0100590803318346","0.00508177771402383","0.0108000388214722"
"2019-08-22","0.0179925757613806","0.0135017036464845","0.016933320405065","0.0145150504695614","0.0112857324062632","0.00506596120343903","0.0108508383243607"
"2019-08-23","0.0139345680875027","0.0137017141015986","0.00994196089544513","0.0124192984912762","0.011610665168555","0.00503995061304589","0.00826515245702393"
"2019-08-26","0.0140872927190307","0.0116835146053781","0.0134894082980972","0.00586161093181399","0.0120094703597868","0.00508721763819191","0.0120204051683586"
"2019-08-27","0.0141827589146244","0.0135393162970743","0.0131235752230187","0.00806496086418321","0.0102590266668445","0.00517622870206816","0.0112963348290533"
"2019-08-28","0.0157266193666354","0.0114504966511348","0.0139895261806112","0.0102652478526216","0.00843208139583784","0.00505675800376993","0.0116447887072655"
"2019-08-29","0.0137946249440791","0.0120659258042045","0.0137852665773372","0.0107120332643072","0.00649211531040363","0.00512958543553755","0.0113464310808933"
"2019-08-30","0.0137024099768432","0.0116513372119317","0.010914226568222","0.0128082946403521","0.00646090800498402","0.00504642196091565","0.0113121676495048"
"2019-09-01","0.0149115371177802","0.0109520387864663","0.0120536077784288","0.0155856735197539","0.00654056555551922","0.00489433058512029","0.0108284627492588"
"2019-09-04","0.0148784239199672","0.0115745290399215","0.0116291780683459","0.0109713084424757","0.00752145460462983","0.00483019280875968","0.0111735562932804"
"2019-09-05","0.015030995560914","0.0117868019631447","0.0125486634006535","0.0232867250842289","0.00734460271672404","0.00473755308984035","0.0123188453153331"
"2019-09-07","0.0158410092587128","0.00999131530419428","0.0192067087218758","0.00736754993514399","0.00760391067877473","0.00529621069017107","0.259750575964306"
"2019-09-08","0.0158569048870226","0.0101986473818852","0.0172352871604439","0.00571788075831043","0.00696336423743831","0.00527955743799819","0.257271734450267"
"2019-09-09","0.0159697494657561","0.0101817691814111","0.0165631055581344","0.00792771095762428","0.0106167781580225","0.00517962985266389","0.0155945025313728"
"2019-09-10","0.016156344679221","0.0106675872775592","0.0130116150795198","0.00744397803923934","0.00733692812339852","0.00464350627824756","0.0155663373304262"
"2019-09-12","0.0168952559091172","0.00996065285794646","0.016466557796449","0.0071117672806226","0.00772017450627094","0.0046379757386093","0.0133524594699712"
"2019-09-13","0.0157604864471913","0.011304631177052","0.0140659190740512","0.00661673824323351","0.00714504815087424","0.00459403189841063","0.0121511808017492"
"2019-09-16","0.0164437412529768","0.0101132828541306","0.0141467835302893","0.00639100166201193","0.00720229144993136","0.00484589344019906","0.0138932840674806"
"2019-09-17","0.0173876768369407","0.00998789478875156","0.0143096179436023","0.00623982871017872","0.00724820992266177","0.0049704225299279","0.0167372056285883"
"2019-09-18","0.0154905016860202","0.00994988512100564","0.0116685489608041","0.00623601312043324","0.00710286066307783","0.00435787816749537","0.0109271612461849"
"2019-09-19","0.0135533879527845","0.0102337659505317","0.0141282774525366","0.0065077512294477","0.00712560301800382","0.00452864538084137","0.0128186738024821"
"2019-09-20","0.0150410990278472","0.0102270498849749","0.0127661391872185","0.00671738605530503","0.00718764650226293","0.00451632321296158","0.0126946794808378"
"2019-09-23","0.0153330345578718","0.0104656618800821","0.0127467215242963","0.00348586912027067","0.0071273638372225","0.0049346153380527","0.0137219835989967"
"2019-09-24","0.0158171188102933","0.00991993799741708","0.0112677431034362","0.00596333147533074","0.00707519424809243","0.00457577746840865","0.0108620064485332"
"2019-09-25","0.015660705002407","0.0102986978203624","0.0222994652827573","0.0059479266206729","0.00879876126801085","0.00515723093269406","0.014120675354018"
"2019-09-26","0.0153923776325408","0.0101903595662875","0.0168105733139396","0.00599314028712414","0.00957001389481818","0.00451951157075927","0.0135643881810726"
"2019-09-27","0.0149420750829824","0.00981148458244781","0.0203960169943791","0.00704537399437009","0.0086815286185783","0.00579901308139996","0.0136140680158631"
"2019-09-30","0.0136653562660699","0.00949646962622797","0.0199116147598603","0.0073136296674086","0.00887690523636789","0.00584748943804748","0.0137062223622028"
"2019-10-01","0.0136484433528985","0.0111704475367891","0.0199733526013311","0.00503221683266823","0.00880332251859497","0.00587137188076207","0.01574463747846"
"2019-10-04","0.0145388209038144","0.0123021883726403","0.0210631902033914","0.0138978217701113","0.012015310643506","0.00478396831747307","0.018535154144428"
"2019-10-05","0.0136109339597174","0.0107044417477747","0.0177639108029002","0.0139028936670721","0.0120698826919869","0.00518472202475307","0.0138135120847664"
"2019-10-07","0.0131155767736279","0.00995779654872438","0.0153964542752349","0.0133047878865822","0.0131428243615991","0.00526064660718349","0.0137385589197196"
"2019-10-09","0.013624935042108","0.0105170109133676","0.0172062297885434","0.00885761684589891","0.00776515564038254","0.00484057125358756","0.0135599890247804"
"2019-10-10","0.0149472581440967","0.0108334826095935","0.0177042974690986","0.00878130017696354","0.00920390900304297","0.00491899352411412","0.0123518972850084"
"2019-10-12","0.0138206223271357","0.0121613129471893","0.0155293840433544","0.00680337186552713","0.00828045801108096","0.00455124573250155","0.0129537581345815"
"2019-10-14","0.0141657965196395","0.0064258057247781","0.0187623438848514","0.00572852515785225","0.00824577937726738","0.00487069878726131","0.011941025863494"
"2019-10-15","0.0149158531488497","0.0102111715190868","0.018613581970782","0.00573340921905212","0.0079013059567152","0.00463126878370634","0.0123119631791061"
"2019-10-16","0.0155259605908054","0.0123882681465612","0.0169073063380781","0.00515945919492699","0.00755003466220784","0.00505309011088686","0.0136738773727954"
"2019-10-17","0.0145644395044639","0.0133324934535096","0.0184293650414347","0.00517958526921908","0.00726319984010839","0.00474996221350553","0.0126223089442417"
"2019-10-18","0.0143189653448601","0.011835534622571","0.0191159594164012","0.00673149880901602","0.00723464573441807","0.00483602057186721","0.0129633760359244"
"2019-10-21","0.0134283612049268","0.0240047712837733","0.014952236495986","0.00538577175238379","0.00730499419093158","0.00519847809251383","0.0119513903545246"
"2019-10-22","0.0144290883041164","0.011856534309094","0.0161351181860366","0.00895719163756537","0.00717485998228998","0.00566436280761664","0.0120954767857957"
"2019-10-23","0.0130259662084893","0.0114204555836641","0.017686641509549","0.00571466808184624","0.00756426223871372","0.00532184314087886","0.0132740654454956"
"2019-10-24","0.0129889985180674","0.0144142235132513","0.0166295379736225","0.00616061319138117","0.00772612941335224","0.005502004755879","0.0136257715262374"
"2019-10-25","0.0126543379521368","0.0107414608576532","0.0185372561571816","0.00621354007976012","0.00783560829602997","0.00561106758347229","0.0142211915964937"
"2019-10-29","0.0125535987267187","0.00825808925066496","0.0181347652793129","0.00636753826573355","0.008057673775078","0.00509112848108151","0.0138548587471173"
"2019-10-30","0.0121463915393486","0.0112130689147481","0.017897250982555","0.00575616187488303","0.00847392400301281","0.00532656177595099","0.014558761588322"
"2019-10-31","0.0146875066325966","0.01369067079007","0.0215372573120279","0.00673539560915634","0.00855494478096225","0.00475697978523151","0.0134957721923546"
"2019-11-01","0.0146398625428266","0.0340486207055366","0.0216420645405617","0.00653966212660633","0.0074383359994381","0.00504327050027061","0.0132023283328909"
"2019-11-02","0.0141615986068509","0.0127023438607109","0.018477448256073","0.0124220823561384","0.00833758974013167","0.00507502856395611","0.0136115284528471"
"2019-11-04","0.0130961103798095","0.0236418113964284","0.0276990060003293","0.0249386220790499","0.00878448303953475","0.00432076837568964","0.0161001536419142"
"2019-11-06","0.01312588149521","0.0139358098986453","0.0275235196058839","0.032300160800915","0.00823692850848774","0.00426041606752929","0.0111857453823835"
"2019-11-07","0.0129418171799173","0.0171118895922186","0.0238388636652626","0.0328708715478514","0.00664805446805136","0.00438028327196844","0.0160517481072135"
"2019-11-09","0.0135913725629603","0.0157907819354798","0.0236610707197427","0.0330283041549098","0.00658064245368372","0.00495311581680827","0.0108057756597291"
"2019-11-10","0.0135302540149372","0.0220141081065259","0.0235346140998405","0.0326783977779285","0.00692782755986256","0.00431664335218624","0.0145815122387034"
"2019-11-12","0.0141123883164935","0.0219500668181782","0.235674617138359","0.0336253554829209","0.00722105915061895","0.00419469961491051","0.01297471631986"
"2019-11-13","0.0127423549227757","0.0161410419499798","0.0292467782328676","0.02955581904875","0.00737085308053908","0.00447057914074221","0.0127280827473705"
"2019-11-14","0.0127620095541858","0.028269785228375","0.0331810915435088","0.021791903858135","0.00711872712737539","0.00435966824301768","0.00965573064875785"
"2019-11-15","0.0127727140756011","0.0142078485207161","0.0286267236880883","0.0212141467986427","0.00661466243605002","0.00438375911891508","0.00966678986814812"
"2019-11-18","0.0128169112817753","0.012978461620959","0.0344359889470827","0.0226071566284204","0.00488039660978093","0.00436204232969158","0.0112118747446006"
"2019-11-19","0.0137566649063123","0.0121075079497601","0.0221233305845073","0.0182648812527321","0.00476585576322751","0.00443099486763649","0.00862693749631172"
"2019-11-20","0.0130151854126247","0.0141008922759834","0.0201173402252598","0.023778067356433","0.00408090958651196","0.00428067067742732","0.0117801976814001"
"2019-11-21","0.0130726825846467","0.0137500746647476","0.0203520163284558","0.0212608834008516","0.0066672936494419","0.00409413389775377","0.0123105279250329"
"2019-11-22","0.0122825387121347","0.0127535896728256","0.0206065220518428","0.0201932241285418","0.00666475717476399","0.00455218793839355","0.0116344569485406"
"2019-11-25","0.0123633154178605","0.012971297828336","0.0209084343475039","0.0186574381957029","0.00677027358139795","0.00456805954672063","0.0119357149519911"
"2019-11-26","0.0123906067458667","0.0103419585941302","0.0207364409259416","0.0148883029524646","0.00676601534655154","0.00428746322060893","0.011965640848076"
"2019-11-27","0.0121501917864987","0.00953687554409678","0.020682817587818","0.016701080317015","0.00571397558024874","0.00456367205489138","0.0114254566386211"
"2019-11-29","0.0128788889604432","0.0107995777316122","0.0209206507021692","0.0153066230660045","0.0047598392053887","0.0045605816140648","0.0143609584669581"
"2019-12-02","0.0127238875480723","0.0109687096507161","0.0196654867620807","0.017062562420207","0.00691154456009815","0.00458317326984907","0.0101576012053695"
"2019-12-03","0.0131995609224567","0.0116014918585216","0.0201740876563183","0.015882511137054","0.00495842886364512","0.00759489982828826","0.0103080971479879"
"2019-12-04","0.0132657523858082","0.0124545809502928","0.0207561299222689","0.0175504592957585","0.00448193830460302","0.00480738118988108","0.00861722162466893"
"2019-12-06","0.01224316547677","0.0112456607602812","0.0207740671390747","0.0388669024059627","0.00586002133471025","0.00475938348312076","0.0089826789339361"
"2019-12-07","0.012241515241665","0.0118881300938048","0.0207027725481749","0.0185676503407487","0.00581651214736174","0.0048343831283202","0.00976975912893343"
"2019-12-08","0.0121438969476072","0.0109162399362863","0.0207480234308367","0.0411882353179226","0.00673215093652733","0.00487214859465081","0.00693742544445168"
"2019-12-09","0.0126805465820999","0.0108253924832735","0.0208254909622162","0.0327489706799332","0.006807157284991","0.0047910908862142","0.0191809330945688"
"2019-12-11","0.0124678345912355","0.0111253436413705","0.0208414127736575","0.0362093205571423","0.00692681997635381","0.00713331844637594","0.0208436849511846"
"2019-12-12","0.0120577521358366","0.00987211510358856","0.0208427840395241","0.0377623293792478","0.0111878967876779","0.00639284709074467","0.0215849316310114"
"2019-12-13","0.0128627592295819","0.00941454939110515","0.0113912177833919","0.0153786758023986","0.0109638950293541","0.00660317464809544","0.0227021948749716"
"2019-12-16","0.012885038343402","0.0164635798691321","0.0125414546606122","0.0126278080022151","0.0102328164574666","0.00639643170461189","0.00870458393661678"
"2019-12-17","0.0136552441111252","0.0221787836772869","0.0150370541606971","0.0125417194735417","0.00989661640315102","0.00818666756036199","0.0112138233933168"
"2019-12-18","0.0141465530972709","0.0185387771973828","0.0183435992463293","0.0152148664283906","0.0160564052078372","0.00461524816600871","0.0104739305752581"
"2019-12-19","0.0175452937147959","0.0180087843614293","0.0138202368342382","0.0144508422083798","0.0152534679307356","0.00468303416155589","0.0105110556635477"
"2019-12-20","0.0152559234480009","0.0186302184432521","0.01352111959079","0.0415193431226633","0.015875049131131","0.00500269613407509","0.0111028060411391"
"2019-12-23","0.0131838647927486","0.0180106440936716","0.0128105139949559","0.0212444430791896","0.0163766497180177","0.00728685268337341","0.0117375085621198"
"2019-12-27","0.0119795910813449","0.0195410434231576","0.012797918221633","0.0203143835392355","0.0121161628525709","0.0070044321111315","0.0112753907673663"
"2019-12-30","0.0121308253830897","0.0171132266399586","0.0125587110358249","0.0213322853701929","0.00844625262669199","0.00736446748127325","0.0142780323266281"
"2020-01-04","0.0216602829388121","0.0152097138894757","0.0128148919069682","0.0218786924370164","0.00867958952635139","0.00689264388985931","0.0165708536572284"
"2020-01-07","0.0126302408564608","0.0410945768477942","0.0511806253340536","0.0204559363093803","0.00902846100500895","0.00716677610608996","0.0174028490205416"
"2020-01-09","0.013559733312781","0.0405459093039151","0.0209854412557241","0.0219689826440005","0.0111189924981489","0.00544500291966398","0.0171488142717235"
"2020-01-10","0.0165487818350743","0.0334173076355688","0.0246735690075109","0.0180855687499057","0.0086436411644968","0.00575479010422858","0.0165735891739629"
"2020-01-13","0.0196950457242019","0.0135729262040565","0.0216443074534114","0.0218624593102584","0.00898501108790333","0.00657822903908894","0.020663243149897"
"2020-01-14","0.0203053649155482","0.0106632010391296","0.0223891826287108","0.0185852241670667","0.00901593761251866","0.00542877080523464","0.0174819385140663"
"2020-01-15","0.0196400094852893","0.0116771839804285","0.0220703120568294","0.0182660769520541","0.00874680517691854","0.00505062556866125","0.0202036296347058"
"2020-01-16","0.0137013709503565","0.00711570588334753","0.0215959162853886","0.0225233763563694","0.0111622593142809","0.00506562473787678","0.0172328747920403"
"2020-01-17","0.0135757535462722","0.0195577465137028","0.022190425511431","0.022734877638696","0.0105519785308599","0.00570228895551158","0.0157142811793472"
"2020-01-21","0.0134605092630162","0.0192436475651365","0.0226320152196731","0.0224236033706808","0.00977235116562236","0.00482499794959799","0.0159763682606246"
"2020-01-22","0.0144632547036338","0.0170313137100839","0.023217323995046","0.0230289902326535","0.00540391381476038","0.00769847394605782","0.0132036155251056"
"2020-01-23","0.0146275524606143","0.0114037695965007","0.0246382749419127","0.0142396979614418","0.00533128518074407","0.0115319375473268","0.0156578097038361"
"2020-01-27","0.0123057648926962","0.011338281650892","0.0265625913600036","0.0141915701839731","0.00609902515895686","0.0117141482902263","0.0212223224754612"
"2020-01-28","0.0125595273025601","0.00925578930240224","0.0188326842500787","0.0143215015513625","0.00556918172016947","0.00753874045713772","0.0155957272547916"
"2020-01-29","0.0122163898330616","0.00741491886214128","0.023306976370443","0.0119841733684029","0.00552278817507778","0.0110438335507701","0.0122836094040646"
"2020-01-30","0.0117430581993008","0.0132783975774858","0.0133203662794465","0.0134112515400345","0.00741291964064855","0.00807208370976042","0.0162440202977103"
"2020-01-31","0.0102548496821246","0.0127835723705826","0.0131140789307263","0.011354422104599","0.00678117184629584","0.019259466091464","0.0205016936079866"
"2020-02-04","0.0100202235926175","0.0241644122394963","0.0147343052129103","0.0152175986135507","0.00768663350833461","0.00707982366689888","0.0103863254442919"
"2020-02-06","0.0108110268284127","0.0127215547831179","0.0128717750802854","0.0139590870801166","0.00695541054482487","0.0123306878295027","0.0119944472835419"
"2020-02-07","0.0122777740232467","0.0081926017345615","0.0134675976156364","0.0162491442626741","0.00797314927498559","0.0129739835837687","0.0123437890764624"
"2020-02-09","0.0205315627932277","0.00836666600402532","0.012720210485304","0.0206313183750934","0.00841149434252247","0.0128846146348104","0.0192217234249861"
"2020-02-10","0.0118706331050173","0.00875772493708007","0.0179113189641923","0.0157778498498779","0.0147946802848756","0.0125360930088203","0.012482917075921"
"2020-02-11","0.0163481606165485","0.00851354073284816","0.0193289215871454","0.0188090872252716","0.0104556742502912","0.0138804311869568","0.0120194933880511"
"2020-02-12","0.0102889753698164","0.0158712814673033","0.0203210877456783","0.023078397481226","0.0362244732899108","0.00928462072544792","0.0155470060112224"
"2020-02-13","0.0106612886442339","0.0123011294017058","0.0212945614819056","0.0108588966536514","0.0486787684343663","0.00628807914354338","0.0130761756116996"
"2020-02-14","0.0111390571263596","0.0144667870124074","0.0210303413027087","0.012115242687184","0.0522342194714374","0.00579329291504913","0.0140142659244895"
"2020-02-18","0.0110842348955836","0.0144345991748407","0.0211366608943394","0.0175397759288541","0.0518957398921414","0.0110002716100017","0.0126525483396033"
"2020-02-19","0.0103469373332056","0.00922353299287741","0.0208849221159246","0.018025431270576","0.0426403923062749","0.0121652686604032","0.0130203801233774"
"2020-02-20","0.0103024986887901","0.00926938532234214","0.0206344725501629","0.013631102874006","0.0476364538068134","0.0121824587548456","0.0133067274329804"
"2020-02-21","0.010250397180134","0.00953777482418112","0.0211773868174601","0.0185501948869105","0.0423650712124256","0.0122569554474059","0.0132331181277611"
"2020-02-24","0.0102860557270752","0.0102069647858658","0.0217062724179316","0.0186691990294597","0.0413713635761924","0.014005426964321","0.00780493788880764"
"2020-02-25","0.0127769120404234","0.0109725599079571","0.0233834677704301","0.0214889076070929","0.0282448575751581","0.0122342356637603","0.0138308272353377"
"2020-02-26","0.013094557620621","0.0195242347045046","0.0226781981579209","0.0184394103312178","0.0207597809609798","0.00567453248762426","0.0130364672007529"
"2020-02-27","0.0119214392960527","0.0205725063816684","0.0182411162179364","0.0128428754490682","0.0617718459322545","0.00567448468322671","0.0100408748403831"
"2020-02-28","0.0157088314883668","0.0288862619969318","0.0180667705713837","0.0103804971005704","0.0541145382773439","0.00545739401409636","0.0104760835452434"
"2020-03-01","0.0272076356937044","0.032278642278496","0.0180675609800205","0.0092851232111549","0.0526380465890032","0.00561067726189284","0.0123523335742484"
"2020-03-02","0.027389776026254","0.0142214252236253","0.0180921128324018","0.00915276597382616","0.0475285376490043","0.00977892837173284","0.0118270015878164"
"2020-03-03","0.0270670044825867","0.0225211882758232","0.0176450402879459","0.00914758403211183","0.0531956441794053","0.00721070582123788","0.0128552464842339"
"2020-03-04","0.0276831499995716","0.015236867701646","0.0135532177336342","0.0101366211801226","0.0151140549876585","0.005913993575313","0.013628038536583"
"2020-03-06","0.0164081934428718","0.0292694402572683","0.0159414876133867","0.0129655837019557","0.0207798497711329","0.0205809304882312","0.0127199081476081"
"2020-03-08","0.0154908437464162","0.0272987883063335","0.0227456638238156","0.0107900917379714","0.0185915041652025","0.0214920634533611","0.0124313593275744"
"2020-03-09","0.0167549631723766","0.0249513335762089","0.0175359609421007","0.0101595904633655","0.0167826620083408","0.0127812532062396","0.0156274836716916"
"2020-03-11","0.0245872257564196","0.0112999603830358","0.0427352500677482","0.0100422031374341","0.0113758298914475","0.0123520465162196","0.0145715324942767"
"2020-03-12","0.0264781138849177","0.0172801549722975","0.0526829532920936","0.00760428730308006","0.0143921042800055","0.0143829690257322","0.00972232255365375"
"2020-03-13","0.0242845882891356","0.0184017405147729","0.0601210299696407","0.00775857329504203","0.0140009777723333","0.0139713717513775","0.00953143395319535"
"2020-03-16","0.0243444436896845","0.0265583691778959","0.0145925272288362","0.00593746723810227","0.0149992273228918","0.0138567380359821","0.0153712302971253"
"2020-03-17","0.0245389615942252","0.0221508554064305","0.0147773522683291","0.00826271522711823","0.0747831796906303","0.0186926593585518","0.0327188727401044"
"2020-03-18","0.0259334559184786","0.0219170256071509","0.0144283830885129","0.00820975446932816","0.00975941498043742","0.0331775349980967","0.032533220054431"
"2020-03-19","0.0229306046573524","0.0477905937418992","0.0179836891309666","0.00999955207477196","0.0165461841714079","0.0324781470414012","0.0343785181523521"
"2020-03-20","0.0158872465674006","0.0249894893656504","0.0270019677420552","0.0137839178979689","0.0169395941351419","0.0343553791052938","0.0318597519574029"
"2020-03-23","0.020732844625594","0.011614584736259","0.0237919402344841","0.0149243020325359","0.0175110549840667","0.0199585335720593","0.0350119126162608"
"2020-03-24","0.025229543729198","0.0735371707820877","0.0249997356968552","0.0189139872555977","0.017408303000841","0.0177982104534015","0.03045589441832"
"2020-03-26","0.0236008743549287","0.0198246740295935","0.0334289736576406","0.0125","0.0188842828010654","0.0125645278535671","0.031401111160075"
"2020-03-27","0.0277438596137946","0.0362168843703045","0.0834933450089789","0.0125","0.0189606113284228","0.0190615564635515","0.120878873249816"
"2020-03-30","0.0289450329106838","0.0805123957079489","0.0313291438498327","0.0132987953555644","0.0175560297176822","0.023342518631056","0.0445575603157224"
"2020-03-31","0.0249809509551943","0.0763808141913042","0.0463150686711807","0.0178374534944817","0.0135072246828199","0.0356316506625734","0.049746886907846"
"2020-04-02","0.0255092626050243","0.0775709533041122","0.0198668705450784","0.0134236556650388","0.0131630804278202","0.0256317865314985","0.0520229540321729"
"2020-04-03","0.0210180772153706","0.0911073980735917","0.0195014018314951","0.0186826848181572","0.0174437718299163","0.0227370237649388","0.0514709220815663"
"2020-04-05","0.0212799338468474","0.0910461088822226","0.0192979155125193","0.0220984143147634","0.0132535433409743","0.0227043509537562","0.0521573089693267"
"2020-04-06","0.0241378796450475","0.0916629925701924","0.0185909276501569","0.0215349756187973","0.0126207690554612","0.0354209254460789","0.0321308626547948"
"2020-04-08","0.0249497264407278","0.104553831509776","0.0463843727194907","0.023718710185733","0.0125","0.0351795442814818","0.0627788301519729"
"2020-04-09","0.0249408733997294","0.107343500215887","0.0359572365348992","0.0560673479383683","0.0124032178255294","0.0234742636586686","0.0561724752176704"
"2020-04-11","0.0294984580373633","0.106902901528247","0.023430718539129","0.0686770222596249","0.011242612979335","0.0197026378880822","0.0531439499681848"
"2020-04-12","0.0305101959999126","0.106379835474328","0.0298026702757082","0.0386927958124343","0.0303753148895346","0.0190773606786096","0.051362256387363"
"2020-04-14","0.0296055793010653","0.0931307703123785","0.0221383446681215","0.0385113887007093","0.0209692379793862","0.0191256245148129","0.0556220944265204"
"2020-04-15","0.0415315671432775","0.112740272692377","0.0420463679462878","0.0448700228206286","0.0200512422236578","0.0200619058248206","0.0455188879861985"
"2020-04-16","0.0291111303800591","0.0712153829250841","0.019378378684547","0.0197736048184009","0.0268518997062099","0.0207685467111615","0.049234146084339"
"2020-04-21","0.0525664603191328","0.0744890672572963","0.0191789344849822","0.0204585959655566","0.0178608878754089","0.0152846413361134","0.0487237086897476"
"2020-04-22","0.0244071003370607","0.110867040692282","0.0199810475347772","0.027648282791151","0.0173620410269592","0.015988128285381","0.0443457048976659"
"2020-04-23","0.0384211197043826","0.0516580501227009","0.0199003871360267","0.02188","0.0169145146721442","0.0131390555940188","0.0437006736913098"
"2020-04-24","0.0248579516395289","0.0524247541177456","0.01882","0.0383133218138596","0.0147044003131122","0.0118858116688439","0.0408629792416839"
"2020-04-27","0.0250378295777686","0.0495267236395643","0.0337810251201368","0.0217709656420334","0.0256894907856909","0.0133123915826885","0.0414434867132776"
"2020-04-28","0.0255820954452907","0.0648715424580259","0.0224451993792033","0.0224019751939057","0.0123111362405991","0.0153962989972943","0.0444069116483412"
"2020-04-29","0.0263578938082384","0.0512465774863302","0.0225268123895529","0.0236614921575397","0.0122201099385346","0.0152289496879934","0.044026044153574"
"2020-04-30","0.024983610134784","0.0500402227220911","0.0246682250409432","0.0248728490288095","0.0120456466538085","0.0153130170160973","0.0427655797286784"
"2020-05-02","0.0238290428417607","0.0500698015572469","0.0157619397165276","0.020909452706622","0.0125474468600429","0.0152446965956991","0.0425965720177139"
"2020-05-03","0.0235431690306372","0.0510835902072301","0.0149086697998596","0.0207491519076255","0.0125873709433885","0.01508103176147","0.0723690156635008"
"2020-05-05","0.0281655733256485","0.0545861315039507","0.0261165108784267","0.0206204996307563","0.0124871692808523","0.0185710230570023","0.0445282597465246"
"2020-05-06","0.0259199797778033","0.0523360850518057","0.0147043834418048","0.0179433484914387","0.0123665357146883","0.0190752046287859","0.0433757546568884"
"2020-05-08","0.0270591445927928","0.0906302307290439","0.0147904623916217","0.0195508499315575","0.0123277207644925","0.0145466307857315","0.0195581067042774"
"2020-05-10","0.0253880396294124","0.12015760303894","0.016017615864954","0.0178303784513618","0.0124350384346505","0.0115732711824027","0.0195193894825088"
"2020-05-11","0.0269748758018357","0.122314108861729","0.0166827955418032","0.0206097264764175","0.0123677516868256","0.0149459653979304","0.0180766488840601"
"2020-05-13","0.0239208628276518","0.12922987194549","0.0210558083545506","0.0256372211379156","0.0125","0.0126480369609412","0.0139970171285648"
"2020-05-14","0.0329953842856149","0.0500855073657448","0.0185312139609451","0.0233423444328541","0.0125884607963253","0.0125","0.0179832239644665"
"2020-05-15","0.0326426987577862","0.0666817058163653","0.0187135370144989","0.0247215204230272","0.0140338427540154","0.0125","0.015535964495681"
"2020-05-18","0.0318096182670964","0.0624148312374241","0.0162459500672702","0.023935088339517","0.0147369218610539","0.0211499374597568","0.013709005085167"
"2020-05-19","0.0305645436557895","0.110678791337989","0.0165361825359839","0.0250912076372771","0.015063574028752","0.0195615300092397","0.0127929705511392"
"2020-05-20","0.03010529842543","0.106147058905036","0.0140643838122132","0.0377632039211628","0.0145335790229759","0.0157174792607192","0.0135346334263731"
"2020-05-21","0.0306573901022384","0.0635342804763757","0.0140404192797046","0.0363744333411984","0.0148454545853903","0.0158523235117357","0.0148243267502119"
"2020-05-22","0.0303025904272125","0.0677143363217106","0.017819712604624","0.036493211175925","0.0171205204763598","0.0199114491967357","0.0136494162786655"
"2020-05-26","0.0315235865276624","0.0880587542038654","0.0409444157282384","0.0321497613500422","0.016059701927223","0.0194621473379447","0.0126328105921401"
"2020-05-27","0.030403476030406","0.0650611263269846","0.0320690759864613","0.0319376060080908","0.0188284704233553","0.0187942681909298","0.0139457309688882"
"2020-05-28","0.0312783722088861","0.0792706761269828","0.0309451984918798","0.0376720533577519","0.0190589668766174","0.0196661795217555","0.0137842568359714"
"2020-05-29","0.0308106548884891","0.074900788913668","0.0322887397265042","0.0467978524423066","0.0207729663527359","0.019016482009614","0.0136804303818927"
"2020-06-02","0.0301686150235876","0.0550637837317899","0.0334877810259158","0.0534939855971411","0.0322925242064485","0.0128945459437278","0.0141955767504023"
"2020-06-03","0.0326852260247264","0.0549994152997583","0.0355522806833114","0.0501069165939391","0.0218296675596157","0.0184128758892577","0.0148086639162626"
"2020-06-04","0.0318246927046202","0.078545583585189","0.0379102555214173","0.0460440871605074","0.0192041964862127","0.025","0.0138386002923757"
"2020-06-05","0.032348804164321","0.0427120307204783","0.025","0.0430808635363024","0.0218156328375586","0.0186314705763416","0.0142560566099617"
"2020-06-07","0.0377046843213766","0.0669173789258728","0.0478507361087529","0.0400433871750219","0.0200470316248338","0.025","0.0145581548860955"
"2020-06-08","0.0342340172931452","0.0448827659055562","0.0194087773312106","0.0341636455802806","0.0193794148564955","0.025","0.014439275383828"
"2020-06-10","0.0366475259447237","0.0382234025715589","0.0303684766400723","0.0399618805669482","0.019379241548848","0.025","0.0173970975122872"
"2020-06-11","0.0361539778771161","0.0439291795189339","0.0412167107617039","0.0503182356961843","0.0226972028173262","0.0198773798479621","0.0282690531490513"
"2020-06-15","0.0353800436993235","0.0614433392623334","0.0348598718737177","0.0309040768446153","0.025","0.0178052325581395","0.03101426627996"
"2020-06-16","0.0349459944226558","0.0345336323000365","0.0294641647925633","0.0314613825540505","0.0315705888003264","0.0247634151402426","0.025"
"2020-06-17","0.0384170000531602","0.0469948885276742","0.0240510737735402","0.0314029716856714","0.023399491264698","0.0239221197403226","0.019791945474095"
"2020-06-18","0.0384640694258907","0.0642347095563786","0.0236783293435356","0.0312538632881602","0.0162452553995168","0.0221764596647283","0.0340141431593498"
"2020-06-19","0.0379273658761979","0.0849881844198464","0.0276708452321463","0.0425768533039362","0.0215194431424749","0.0178052325581395","0.0292948468362814"
"2020-06-22","0.0359908619265834","0.105523633782822","0.0267215838670656","0.0292685492892573","0.0151581067752157","0.0201879004607969","0.025798552300964"
"2020-06-23","0.0360132930894045","0.104216961703653","0.0317858921551308","0.0295086401253526","0.015720935256481","0.0199436443935941","0.0249915883399719"
"2020-06-24","0.0350566069617951","0.115270222786448","0.025","0.0302601254167691","0.0153218701821245","0.0207994074145031","0.0248190003403644"
"2020-06-25","0.0363096177198789","0.0518841090759491","0.0340014476740211","0.0275792549105","0.025","0.0224916859580421","0.0238341760028013"
"2020-06-26","0.0364800689105938","0.0508415544268924","0.0263551526339942","0.0306613090867899","0.0321451266462015","0.0217642607953928","0.0243227489539682"
"2020-06-29","0.0357038790645049","0.0572706961914732","0.0310948334944842","0.0503792450164398","0.0325981525843315","0.0221311664419967","0.020770389908326"
"2020-06-30","0.0312634412882871","0.058913955333968","0.031225117752205","0.0499502530858493","0.0327866539111124","0.025","0.0217806600810267"
"2020-07-01","0.0352783333132847","0.0602350054705503","0.0327313597110282","0.0517517176790808","0.025","0.0179336542060252","0.0225557003015553"
"2020-07-02","0.035355876796101","0.0596404352138186","0.032841166430507","0.0599900762541401","0.025","0.0181258073564306","0.0231306329524437"
"2020-07-04","0.0350539973516806","0.0587330039099543","0.0311426590500994","0.0534243929856628","0.025","0.0182426728235665","0.0247322013157907"
"2020-07-05","0.0315454003829739","0.0613061696171834","0.0348881988956144","0.0567994720335509","0.025","0.0178620308095404","0.0230584950678565"
"2020-07-07","0.0370382191251726","0.0757627623812882","0.03137113445598","0.0577632768976889","0.025","0.0201109599168749","0.0136052564632518"
"2020-07-08","0.0358429667464754","0.0783164036773057","0.0293772276458192","0.0571676860083523","0.0219612357438714","0.0292517332685124","0.0132588819667474"
"2020-07-10","0.0361707144824017","0.0943331860940814","0.0310201212257959","0.0566156452855379","0.0218594282756069","0.0296647227770282","0.0442926945825547"
"2020-07-12","0.0367660096681726","0.0875366335340564","0.0598792054426302","0.0584483181706178","0.0156466889719018","0.0339779025305302","0.0278683279598589"
"2020-07-13","0.0411040445094296","0.0844255478326573","0.0518049081050084","0.058264772399617","0.0212181153051304","0.0325679225386544","0.043528947584294"
"2020-07-14","0.0358194783529564","0.0795797432880557","0.0387233477043985","0.0549178874460865","0.0207885198333447","0.0237325354274442","0.0201653302623917"
"2020-07-15","0.0453477275567069","0.0751459008401803","0.0430399596861922","0.0561318782057507","0.0203979661632021","0.025","0.025"
"2020-07-16","0.0441658283256519","0.0732024855380525","0.025","0.060082669372061","0.0200117764338318","0.025","0.023851736026534"
"2020-07-17","0.0489848665902316","0.0984381024415988","0.0205758471585607","0.117141337160495","0.029505274641297","0.025","0.0187704916591044"
"2020-07-20","0.0357043329116042","0.115118691247161","0.0209277684516691","0.0652685331267847","0.028916549238269","0.025","0.0237306544550172"
"2020-07-21","0.0345247867599728","0.135988022710667","0.025","0.0550521001917922","0.0282121130285032","0.0308063610632589","0.0212411993127288"
"2020-07-22","0.0542769886422404","0.115806931218782","0.025","0.0542043307548777","0.0296309467221773","0.0172141476250204","0.0211129424933277"
"2020-07-23","0.0482974077808105","0.100571179088254","0.025","0.0540392469054424","0.0294582544894479","0.0159074785670574","0.0204339637398652"
"2020-07-24","0.0602020283639525","0.0972581412573296","0.0203364090427381","0.0532355458196036","0.0293671842874489","0.0158632500203674","0.0155330449704094"
"2020-07-27","0.0611226117170971","0.110862026010802","0.0257539223163703","0.0496580492965204","0.0292365253091509","0.0226278899014263","0.0169753119109775"
"2020-07-28","0.0607385457230603","0.111063340508702","0.0343385644280288","0.051528218196341","0.0302063759507584","0.0240345597064264","0.0176392123749826"
"2020-07-29","0.0611846783677802","0.109521770371471","0.0347000892378423","0.0508648612434096","0.0307102185286493","0.018734292924764","0.0186620657523559"
"2020-07-30","0.0574868675233785","0.0973173031338677","0.0349707993892209","0.096362261921476","0.025","0.025","0.0163216222048179"
"2020-07-31","0.0606640902715018","0.091080062582062","0.025","0.0171043113049277","0.0189354295261196","0.0189391521613722","0.0105691075875255"
"2020-08-01","0.0487879364968491","0.0945461802962645","0.0496700548138688","0.0123887768872976","0.0239582698383707","0.0127821685346704","0.0118554164406633"
"2020-08-04","0.077186038560997","0.03328645205247","0.0162599170629267","0.0104037728239491","0.0733655917183136","0.0139270734572941","0.0123922648733046"
"2020-08-05","0.0552025015667328","0.0443515937043348","0.0240844844151304","0.0202283236756582","0.0726572156901484","0.0210633906083281","0.0103173021055213"
"2020-08-07","0.0574676839864422","0.0653543575826028","0.0153071360834672","0.0185085194677343","0.0331729577831992","0.025","0.0118966610650209"
"2020-08-09","0.0322629742496435","0.0842959289361009","0.0370996345256333","0.0186196544669188","0.0483466641425613","0.0192292647842943","0.0157880401069632"
"2020-08-10","0.0435952081831443","0.0388251581389626","0.0391515780946446","0.0272678589942171","0.0291913093492726","0.0103322461572017","0.0137830813345274"
"2020-08-12","0.0455376552564008","0.0391949509757417","0.0411533246233001","0.0269188830774713","0.0282188738963954","0.0145897582592957","0.0154948669807855"
"2020-08-13","0.0457074593780747","0.0489381580624207","0.0413321601043425","0.0157006542254945","0.0205098976491718","0.0145103403106455","0.0192130122701546"
"2020-08-14","0.0473252209501318","0.0485781465250922","0.0232235650033684","0.0171448526871129","0.0302057477767298","0.0144600642314117","0.012964776425835"
"2020-08-17","0.053799449706924","0.0918867982895811","0.0237551746853642","0.0171608849219207","0.0277946250016891","0.0191749661537767","0.0133006116850644"
"2020-08-18","0.0461735888379693","0.0639953276735029","0.0264231336820833","0.019161448027043","0.0182511345518388","0.0169470488673746","0.0125"
"2020-08-19","0.0448975052149548","0.0716737096922138","0.0277260020582635","0.0191733750689267","0.021077083489984","0.0141434466510708","0.0204574676500784"
"2020-08-20","0.0438436795134206","0.0741468901262375","0.0370751913801079","0.0154328345639857","0.0229965363438087","0.0147149677392498","0.0133102534765318"
"2020-08-21","0.048963354886864","0.0812982421836111","0.0445060454407492","0.0132940203575115","0.01742872934934","0.0111933959369157","0.0131102245053796"
"2020-08-24","0.0505195740340315","0.0773334242921935","0.0398541624402727","0.0125","0.0172495408752516","0.0153863022059896","0.0132157176156762"
"2020-08-25","0.0328248494906741","0.0657146258213688","0.0449264715118564","0.0156166357762457","0.0208293971022948","0.0149062355451566","0.0124062840469847"
"2020-08-26","0.0328014130929887","0.0374221247986776","0.0428528457497516","0.0162899509762054","0.0261844678320058","0.0187565836749195","0.0125"
"2020-08-27","0.032999731077966","0.0365668350324545","0.0423851540301934","0.0179891663230252","0.0249468558516522","0.0186901582763639","0.0124862062772032"
"2020-08-28","0.0483078118392439","0.045374979797576","0.0378323106208949","0.0197203782654487","0.0208052404183836","0.0106047458509035","0.0334186372937241"
"2020-08-31","0.0349524452484535","0.0455539539584363","0.0289785225056006","0.0131633428923858","0.0164308299165657","0.0167979076982949","0.0199111487678948"
"2020-09-01","0.0450721684427557","0.0447911548851245","0.0292531753577592","0.0112245687524178","0.0177433992854037","0.0152369845661642","0.0240155581328353"
"2020-09-03","0.0276973932352283","0.0561467146114428","0.0309474787584626","0.0136929988903285","0.0127686144297674","0.0175025671646563","0.0252103968230698"
"2020-09-04","0.0305157672804917","0.121248064988546","0.0206206559479151","0.0174704354982883","0.0477793352272766","0.0191451159755354","0.0640081172854343"
"2020-09-06","0.0189008026690369","0.119124622037526","0.0183363586064357","0.0210157083374255","0.0478953835685978","0.0247178525163956","0.0582986391827243"
"2020-09-07","0.0304757633694729","0.116170132189886","0.0184168469508058","0.016251489310832","0.0306689056562368","0.0244484547375858","0.0202345008577791"
"2020-09-09","0.0195569842679782","0.117763236826521","0.021015331565669","0.0166763336367379","0.0205460843424","0.0181356786594149","0.0200875160998212"
"2020-09-10","0.0265561968882977","0.119421342223433","0.0178460536341887","0.0165161400727265","0.0273020270450977","0.0189903052485618","0.0228588999400079"
"2020-09-11","0.024548261682012","0.112528055873294","0.019653697269509","0.021645556000031","0.0270683665057505","0.0190387908739812","0.0271368874532353"
"2020-09-12","0.0278095805270284","0.131401841015474","0.00844861536370325","0.013637433693072","0.0314987502972143","0.0207252360645408","0.0138832963449686"
"2020-09-14","0.0261392864771855","0.130420151228122","0.00902793821452345","0.0118341482394179","0.0617088902148681","0.0188996815980769","0.0269710756227625"
"2020-09-15","0.0254684564258392","0.114443785580787","0.0125","0.0136046765001406","0.018633532086808","0.0266390820842895","0.0316242995610634"
"2020-09-16","0.0284943366719096","0.129019691083416","0.0168908837515453","0.014191003524414","0.0178383244106776","0.0235153146819137","0.0098953187962631"
"2020-09-17","0.02520645223774","0.12861526335326","0.0171570067490344","0.0123998510440282","0.0157332799863132","0.0247660886944077","0.0124118172835216"
"2020-09-18","0.0210639844424294","0.126348256090618","0.0159918412323324","0.0105138909850735","0.0155780508194897","0.0244761160807139","0.0123633954237153"
"2020-09-21","0.020863140401418","0.124184619851639","0.017057548672831","0.0178415714857482","0.0139263127882572","0.024239502655012","0.0122933705991588"
"2020-09-22","0.0295067589890962","0.108821274434121","0.0160154100293074","0.0125","0.0191320109011613","0.0187134833688768","0.0124243423035786"
"2020-09-23","0.01858424616133","0.107463888588841","0.0266662831707691","0.0125","0.0142135502402886","0.0155863283890346","0.0175776153212231"
"2020-09-24","0.0282214279049152","0.112032772722408","0.0265721277632259","0.0106050425973263","0.0132643057860084","0.015444638326198","0.0141691953884485"
"2020-09-25","0.02892928570979","0.10083150246363","0.0262788175870246","0.00973888981239918","0.0125","0.0148725915761176","0.0137258268007103"
"2020-09-28","0.0310564295433035","0.0489297468354837","0.0348427539980507","0.00986477510417438","0.0105234691742271","0.0128264529229601","0.0185075443939099"
"2020-09-29","0.022552222764165","0.0439476267251193","0.0332367469552218","0.00983092588455725","0.0105902844647256","0.0127105931372096","0.0176736808625105"
"2020-09-30","0.0228185888841846","0.0448411747562142","0.0287410780163327","0.00976534322669373","0.0105675782627199","0.0128636742514065","0.0198405856312535"
"2020-10-01","0.0217124879918117","0.0302510249902455","0.0226787481147802","0.00984763740440691","0.0254910714375857","0.0125540084351908","0.0192110796852349"
"2020-10-02","0.0181046423846777","0.0452486156858059","0.0425672028872519","0.00982447437288135","0.0334467155505434","0.0152429745143123","0.0181677614363508"
"2020-10-03","0.0306084593306583","0.061431807847289","0.0427754239626264","0.00978284714198671","0.0346480845546993","0.0162872050270096","0.0169082002794987"
"2020-10-06","0.0234660894330482","0.0760534320628296","0.0411035967781982","0.00981424695644297","0.0696814060125115","0.0160261689679453","0.0202444916859327"
"2020-10-07","0.0232750049075617","0.0849263011118754","0.0661337553958564","0.00980684827043684","0.0379320570645097","0.015914064951937","0.0203754286133761"
"2020-10-08","0.0189969809841259","0.0550160801218879","0.0116222354231983","0.00955321004620497","0.0610010827889035","0.0210171434502495","0.0194110438713158"
"2020-10-09","0.0224923775770837","0.024524173690819","0.00828415483109723","0.00922452659133442","0.06106329823205","0.0146562013027613","0.0220237091104508"
"2020-10-11","0.0280804937711876","0.0203513391569511","0.00945411239746449","0.00910128299769292","0.0384258078765211","0.0122030805495078","0.0225298767724927"
"2020-10-12","0.0272037127922299","0.0269456864363593","0.0164723327149629","0.0103186627222019","0.037732735302731","0.0145132264060086","0.0242740152625146"
"2020-10-13","0.0301850783293806","0.0357286512551161","0.0138015492409783","0.0122643021653396","0.0540109518828469","0.0130898772716968","0.0243729216413111"
"2020-10-14","0.0242082800383508","0.0396727665259466","0.010728662382307","0.0104517536690989","0.0592933155965842","0.0149392229024349","0.0249231815764029"
"2020-10-15","0.0207460867846428","0.0407141474887406","0.00827886686621043","0.0105182477968008","0.0351318091911881","0.0130237219338149","0.026429587832099"
"2020-10-16","0.0203375385196628","0.0380927117268023","0.00825817005010258","0.00921377938928938","0.0292632366882358","0.010507580561953","0.0211482550839156"
"2020-10-19","0.0192552478915196","0.0360647443541579","0.00903941834795316","0.0106301423233906","0.0286231660048327","0.0103978968494967","0.034151597127852"
"2020-10-20","0.021615516397355","0.0442081594528448","0.0105776311161281","0.0110494480654742","0.0602148107055377","0.0104623257105408","0.0347620222799076"
"2020-10-21","0.0214805828175691","0.0307252289528496","0.00840115562355772","0.0126126977199774","0.0643857123116629","0.0114079256612493","0.0351317749048142"
"2020-10-22","0.0188070708785477","0.0286277443915069","0.00861294289881978","0.00972838163737389","0.0533672485695505","0.0140703272585439","0.0328232405262682"
"2020-10-23","0.0228036094001642","0.0504432212087276","0.00861559583159434","0.00978382920814439","0.0614084036879735","0.00990615415577083","0.0335571510987094"
"2020-10-27","0.0301520553547063","0.0478196940986474","0.00866171395024166","0.00980839144911752","0.0439354643192811","0.0131481344451979","0.0316616743589006"
"2020-10-29","0.0223171642895007","0.0467297503039487","0.00872334535109201","0.010026253777321","0.0467201670553404","0.0138113075799873","0.0392920171246023"
"2020-10-30","0.0272398624270798","0.0537539937246661","0.00862152928906158","0.00966590469803643","0.0598878226527373","0.0140457760790555","0.0334919687872116"
"2020-11-02","0.0270806502048151","0.0290315838122623","0.00854170193195801","0.0119185441731647","0.0225183601088811","0.0138349824065642","0.0351549599291064"
"2020-11-03","0.0222751001131559","0.0450571188321177","0.0245665759729787","0.00981322949344979","0.030616197728785","0.016124695688652","0.0354894920571389"
"2020-11-05","0.0269008728682896","0.0368432998558338","0.0234457059016314","0.0104638378452305","0.0309198812115062","0.0133994082265933","0.0393569615979664"
"2020-11-08","0.025846707847577","0.0463456448993668","0.012259426850811","0.0104479563432604","0.0396948511769298","0.0181771610550787","0.0386023267212612"
"2020-11-09","0.029293137756634","0.0282797500429876","0.0120028360140479","0.0104365979127089","0.0371046090043985","0.0165755963479311","0.032904321862305"
"2020-11-12","0.0253011302921346","0.0291935160392166","0.0249095258931615","0.0106257892886697","0.0422017680251597","0.0135271072362045","0.0349763748609169"
"2020-11-13","0.0219218426319899","0.0338467268963454","0.0115376578277493","0.0107562342205687","0.049976101273696","0.0132879776250354","0.0339121244224339"
"2020-11-16","0.0214496758082194","0.0342173776276927","0.0160804366229385","0.010361906113502","0.0432812414156276","0.0108970313506601","0.0202791568194013"
"2020-11-17","0.024031643066226","0.0371808215611452","0.019104478387862","0.0105591064593775","0.0625777580720987","0.0178395530014872","0.036604808227556"
"2020-11-18","0.0239213180935029","0.028670784729551","0.0175262506224559","0.0106180406700126","0.0635220560629058","0.0135782453550481","0.0337944491930861"
"2020-11-19","0.0256057785927314","0.0363628582570856","0.0295588124620946","0.010736742592405","0.0460225222988069","0.0193696655193676","0.0236268725981916"
"2020-11-20","0.0242476173259824","0.0360043375908285","0.0300942747343364","0.0112592378180169","0.0469490351303244","0.0195117511020365","0.0124844899694973"
"2020-11-23","0.0263410309112237","0.0225242652848719","0.0268329855598447","0.011051855090216","0.0646275879520544","0.0180781274629277","0.0232120605859905"
"2020-11-24","0.0269926323029797","0.0204911794149462","0.0267918814799161","0.0110153429959536","0.0291243720554438","0.0183446659277912","0.0237955525561214"
"2020-11-25","0.0219541496848215","0.0212131385634609","0.0172565259124604","0.0112436319518365","0.0845884314065692","0.0193265825199051","0.0239255982200502"
"2020-11-27","0.0261425517717541","0.0207782543409511","0.0131978675527522","0.011110777878571","0.0265461902025682","0.0183824862730991","0.0242457358243054"
"2020-12-02","0.0248732527466646","0.0200901655619065","0.0399877835852987","0.0112839370882681","0.0310296358991624","0.0203492661584321","0.0235281304826095"
"2020-12-03","0.0207929110279144","0.0164168505655493","0.0270329269382994","0.0118720968458106","0.0382024504140843","0.0170174862808912","0.036761823772532"
"2020-12-05","0.0213488606149244","0.0764178908814406","0.0347117187983665","0.0115581382442649","0.0226245289231069","0.0248787031844323","0.0212732528907044"
"2020-12-06","0.0287581698687442","0.074709099202574","0.0437384573958025","0.0128027502087812","0.0373241390196173","0.0232836819356648","0.021718949000546"
"2020-12-08","0.0346321501640553","0.0602819938949757","0.0152331723742129","0.0125694921204486","0.0397000327558678","0.0168454332709854","0.0213443637282682"
"2020-12-10","0.0282191271754225","0.0733345373392709","0.0200239699425407","0.0190424577821829","0.0232349524540499","0.0174391810056863","0.0213299776590493"
"2020-12-11","0.0270516328833139","0.0587877322621552","0.0150881060204434","0.0187268676411928","0.042561062752235","0.0178484894901715","0.0214072719265834"
"2020-12-14","0.0258730672581568","0.0665544866834701","0.0336899959788704","0.015849814241691","0.0372729231755709","0.0208787026327301","0.0215915529570347"
"2020-12-15","0.0274993301628802","0.0672879372932994","0.0199757908771805","0.0113349192954652","0.0249923923337209","0.0215808121846674","0.0365749897526602"
"2020-12-16","0.0334947614285694","0.0709054881359779","0.0194837914615766","0.0168839873443184","0.0263265648590285","0.0213965818977141","0.0389205012671218"
"2020-12-17","0.0257890184484834","0.0738217021901203","0.0193510871603408","0.0201346688524652","0.0253032142164811","0.0209879915895476","0.0355918187644416"
"2020-12-18","0.0252752233582348","0.0742417351427147","0.0153884039165934","0.0207617611266793","0.0457795889119072","0.0207690864143844","0.0367387964340232"
"2020-12-21","0.0262708482669957","0.0594362000793803","0.0111424456953493","0.0169776929864601","0.0298591167561411","0.023779395463748","0.0385077009272314"
"2020-12-22","0.0208475538346897","0.0351076039850243","0.017888134123606","0.0155930402961892","0.0338344968341922","0.0297271392246102","0.0384056791230279"
"2020-12-23","0.0213951412016628","0.0456293329574696","0.0173561681554171","0.01564726800487","0.0356916483658273","0.0300061379981401","0.0372732951465283"
"2020-12-28","0.0208471328093488","0.0360792126618614","0.0176645182888413","0.0113722776783843","0.036986483141702","0.0304585314148731","0.0435775934107184"
"2020-12-29","0.0224554624052749","0.036631232048457","0.0249119746925679","0.0150870825417686","0.0378887724368481","0.0316326188743659","0.0360310419459356"
"2020-12-30","0.0223693999806304","0.0379456898535966","0.0176507071650385","0.0161070389530772","0.0375293131552981","0.0307754201005338","0.035312681195329"
"2021-01-02","0.0216913039696771","0.0364370104716683","0.0157464101330342","0.0139878511909958","0.0487240232796596","0.0285476013226082","0.0273088854668419"
"2021-01-03","0.0244732648226053","0.079021893109095","0.0126477793514203","0.0137935565797965","0.0487771073533892","0.0287406006133416","0.0219409425461741"
"2021-01-04","0.0238064984872896","0.0506252362249883","0.024457619403175","0.0141772966536696","0.0463298970732158","0.0317524902297938","0.0402876425179945"
"2021-01-07","0.0258749996990344","0.0522406963803775","0.0250908752904925","0.0151039409872809","0.0466515841165368","0.0317975896466955","0.0561567780076434"
"2021-01-09","0.0256194341044281","0.0778703138819207","0.028266439907478","0.0149594569812907","0.0383365798135428","0.0312552224812783","0.0561826167580889"
"2021-01-10","0.02343642570201","0.0575511804447944","0.030423789190627","0.0140493670315138","0.037511693419058","0.0308175602364085","0.0595695362531956"
"2021-01-13","0.0225313032847957","0.0764699182819419","0.0293493437102284","0.0148314020512815","0.0346279462449271","0.031483064249607","0.0590100427043695"
"2021-01-14","0.022861839028638","0.075414212417037","0.0276487213237682","0.0147449891957067","0.0440258966385744","0.028962395843561","0.0580291653940008"
"2021-01-15","0.0230304164207231","0.072699738019977","0.0260101948467651","0.0144593704351201","0.0437463385619863","0.0329524445249464","0.0821305463592279"
"2021-01-19","0.0229611318257257","0.0498065017239055","0.0250396534718161","0.0145489025486387","0.0378385928708213","0.0331059246034234","0.0855692203357194"
"2021-01-20","0.0275581378225261","0.0508592606793909","0.0234346199357652","0.0144282566275929","0.0437108508188487","0.0271436914405079","0.081709172055687"
"2021-01-21","0.0350332719764431","0.0454333052470212","0.0228963009222326","0.0148116433448236","0.0381946440892637","0.0271906088067586","0.0792375049015574"
"2021-01-22","0.0370949114438657","0.0605332544099123","0.0237924876151652","0.0130693253713224","0.0214710951590571","0.0277408205661576","0.142944600087357"
"2021-01-25","0.0266093051168931","0.0917802305347417","0.0206240829893588","0.012520262341595","0.0493632355894732","0.0280216242195772","0.0677476515180463"
"2021-01-26","0.0220362127338515","0.0396000985636261","0.0267224428888928","0.0131696238793127","0.0184302877604569","0.0278598412531158","0.0362510232511892"
"2021-01-27","0.0296785522803989","0.0380694401630603","0.0164399223010931","0.0131831526787714","0.0168637397734963","0.0211641613669008","0.0353037132409338"
"2021-01-28","0.0688867607878777","0.0206647048577671","0.0138099562316653","0.0130510145355937","0.0142317875275645","0.0205627987797464","0.025350905037183"
"2021-01-29","0.0666973247588534","0.024389494281761","0.0173900735582692","0.0142110610397225","0.0121873525584195","0.0160444495646764","0.0172164726146928"
"2021-02-02","0.0666904857122137","0.0275843661155512","0.0318830827664598","0.0130236961153068","0.0171664714225726","0.0155515431704094","0.0182229382487318"
"2021-02-03","0.0493281215607237","0.0306357914014944","0.0183953346759692","0.0127469777988716","0.0143213004305157","0.0147331946059287","0.0146311338441061"
"2021-02-06","0.0706878274164411","0.0315322858720778","0.0185152236507716","0.0133464775419678","0.0147348361291937","0.0149853212746302","0.0156647684914447"
"2021-02-07","0.0453464269803966","0.0332779449657288","0.0135331508939439","0.0206009925564925","0.0131652825107522","0.0176155403508562","0.0165720243265369"
"2021-02-08","0.0273931700856761","0.0326711710566915","0.0144105357096975","0.0226296875764871","0.0126200404920647","0.0167313293638776","0.0173917904613814"
"2021-02-09","0.0276774646674731","0.030039469059746","0.00906457202242211","0.0208582859014685","0.0124802312951565","0.0157197841714058","0.0175133583906775"
"2021-02-11","0.0632732896583023","0.030907996101385","0.0142260344504334","0.0200918043892145","0.0127837609456821","0.0149066253410101","0.0175527251112679"
"2021-02-12","0.0367308896705178","0.0304106810620102","0.0119175652274775","0.0249143759875233","0.0115375611376377","0.0158591463602013","0.0176977784166918"
"2021-02-16","0.0377382062704127","0.0352037548538251","0.0146194445579088","0.021291252396775","0.011939161661735","0.016386655345393","0.0179998797156599"
"2021-02-17","0.0274411066177432","0.0321077147245792","0.0170083323406568","0.0204502822456218","0.0674634906816166","0.0166437129960938","0.019709948036255"
"2021-02-18","0.0277867918825467","0.0281257552975318","0.0172210078770552","0.0140345426750249","0.0262789181417239","0.0119550430980669","0.0232156055278523"
"2021-02-19","0.027328369314905","0.0281525236915903","0.0181921264156235","0.0133473033669903","0.0196605210426695","0.0119765366448505","0.0328526818128998"
"2021-02-22","0.0277305826713301","0.0236077523948318","0.0169534673478075","0.0136275812402585","0.0124122134278371","0.0112072245968905","0.028914971237175"
"2021-02-23","0.0283215061362206","0.0279372316152171","0.0160756555801814","0.0359058105693138","0.022800031039891","0.0113388623501363","0.0301353106402734"
"2021-02-24","0.0281593848329109","0.0279080211901565","0.0148992009970775","0.0246870068442921","0.0245069574248984","0.0153147206694848","0.0393382386459667"
"2021-02-25","0.0283737562809064","0.0314833362805404","0.0148556253152752","0.0112274403933182","0.0204568399433624","0.0146158330955673","0.0233538279037343"
"2021-02-26","0.0283326777128099","0.0289535966493912","0.0166231515414988","0.0110665341567381","0.0135730118012709","0.0157141777351409","0.0375256172202568"
"2021-03-02","0.0278726650030087","0.0207608330519192","0.0113689314150044","0.00949845006248425","0.0176817016114859","0.0147521937962261","0.0274974887520779"
"2021-03-03","0.0272547906171791","0.0204420247052998","0.0145448114603408","0.00921249691036721","0.0207522060187646","0.0129044107878268","0.0223304506045242"
"2021-03-08","0.0204669992748959","0.0218044092893231","0.00837899667071153","0.0109862546353237","0.0243399682859442","0.0128837616050653","0.0256739739406152"
"2021-03-09","0.0271680077328541","0.0222085727835999","0.00603485446005324","0.0126222734222271","0.0256820018747718","0.0130518778448947","0.0355356598635002"
"2021-03-11","0.0225049248743315","0.02449981124151","0.0262303245150422","0.0127174478895407","0.0260713487587762","0.0136961151326479","0.0298033532805789"
"2021-03-12","0.0205774273586929","0.0221709311392412","0.0146393705268641","0.0127460079219753","0.0276714468119139","0.0129369806707992","0.0774389704770172"
"2021-03-16","0.0355973931127525","0.02369548027598","0.0138529870464121","0.0135313850756905","0.0156310615130015","0.0126569330036242","0.0358706911382414"
"2021-03-17","0.0330215194572333","0.0246187990830243","0.0146116677004592","0.0133887496772038","0.0154332658657137","0.0125990855240957","0.0308616073860056"
"2021-03-18","0.0302373014067621","0.0242809449396611","0.0147768405266773","0.0178175825760823","0.0136566185385128","0.0124590255856385","0.0369329458693234"
"2021-03-19","0.0257469253500465","0.0241435444145994","0.00973115121679029","0.0182338541940235","0.0117737455350221","0.0124412219053156","0.0283719647359251"
"2021-03-22","0.0258694086791735","0.0226963183350988","0.00994694706976503","0.0158974102473232","0.0138669223494404","0.0124643098846293","0.0280167655268766"
"2021-03-23","0.0247478929391052","0.022116010175725","0.00992424333002565","0.012087259468903","0.0137261747960191","0.0124283706286299","0.0273150240262187"
"2021-03-24","0.0325261986001594","0.0208197533628908","0.0243085095537545","0.0126979630381423","0.0138861656152728","0.0153728503152035","0.0279635648258579"
"2021-03-26","0.0326482088048496","0.0172851691755722","0.0244848873194479","0.0128365291503802","0.0139777950011956","0.0150861829539757","0.0311273746623209"
"2021-03-29","0.0273577740145802","0.0168483069917729","0.0245975150627592","0.0121187345465547","0.0139656267958089","0.0151798576583492","0.031658250343705"
"2021-03-30","0.0217679276100491","0.0177214738072233","0.0159589102616521","0.0123066046947326","0.0114312453957659","0.0144185648783463","0.0337497999652724"
"2021-03-31","0.0251287061526304","0.0183909667789571","0.0106913234612623","0.0120737473780663","0.0124045677514857","0.0143562362597573","0.0294234460434306"
"2021-04-01","0.0250084494384243","0.0178556920720789","0.0156230899714363","0.0167203089512623","0.0136646667234283","0.0146671813511593","0.0134418006701206"
"2021-04-02","0.0257271522524075","0.0170399549746161","0.0193359031369484","0.0230627060406511","0.0135164985022449","0.0150510658608637","0.0326550981096474"
"2021-04-03","0.02798301271447","0.0146944490384148","0.0194140659701606","0.0158007172662475","0.0162104359827271","0.0166204515542852","0.0151394309094837"
"2021-04-06","0.0256762115841544","0.0142899870772204","0.0111806626833213","0.0212495919165835","0.015446989601561","0.0169330804604282","0.0295257554351208"
"2021-04-08","0.0260061468553758","0.0177402405543433","0.014740289919536","0.0229441593755847","0.0153833005447064","0.0149259291431209","0.0306257628032753"
"2021-04-10","0.0258942676882029","0.0174772627320921","0.0107199721194139","0.0356407980745353","0.0893000924115458","0.0143627599625696","0.023181368542673"
"2021-04-11","0.0235418014730019","0.0168860440469847","0.0142370301564358","0.0644877322389044","0.0129233570606098","0.0155290522428525","0.0178240314985257"
"2021-04-13","0.0241319311104958","0.0168469563437462","0.0161264569388367","0.0663925035992545","0.014410513484326","0.015739783126129","0.0164353978075336"
"2021-04-14","0.0240330981369399","0.0497974009739829","0.00855394351978301","0.0661128127371663","0.0124843691484656","0.0156974246876077","0.0202883922247432"
"2021-04-15","0.0251641263202344","0.0519840447483008","0.00959170908224573","0.0587495162700929","0.0115043735210701","0.0155832759822452","0.0232748025982486"
"2021-04-16","0.0243537872386865","0.0482308649288777","0.00960020976696378","0.0646945064289078","0.011642827128936","0.0155566396596222","0.0161260211591641"
"2021-04-19","0.0185035244737684","0.0439813125816258","0.0125906324985903","0.0658079184825887","0.0115344424721915","0.0155377292238575","0.0218516192125871"
"2021-04-20","0.0182912870471226","0.0216169348150639","0.0101290235619284","0.0586068844724297","0.0119751299561097","0.015471158835786","0.0308260755955931"
"2021-04-21","0.0186618326892574","0.0243583292855249","0.0105886284853357","0.0296194996690832","0.0120119906312738","0.0153348016503955","0.0172884008834497"
"2021-04-22","0.0178972622893252","0.0280744464587506","0.00821383838542655","0.0331235338519682","0.0119276401863781","0.0170843004381576","0.0369045118828077"
"2021-04-23","0.0185301590097336","0.0266791531183252","0.00804103517328673","0.0582444815028167","0.012504572242012","0.0147575288027742","0.0419585286978838"
"2021-04-26","0.0184260866697701","0.0236920862318992","0.00779352782965401","0.0189914328289339","0.0589138534119335","0.0142700070606022","0.0235553782484947"
"2021-04-27","0.0174585645901969","0.0235043371597176","0.00716561167252601","0.0131978614538225","0.0615037830597494","0.0144187851737778","0.0152241271994207"
"2021-04-28","0.0179495589515223","0.0228923318303225","0.00732085738974041","0.0140567111049878","0.0597743089643406","0.0141522857219899","0.0146993461693094"
"2021-04-29","0.0200069253720432","0.0133998632148094","0.00765105191234913","0.0137839443504478","0.0424316516099372","0.0141276570918367","0.0199897240535326"
"2021-05-01","0.0200677308830797","0.0126","0.00710678804778652","0.013557727798301","0.0388474878379652","0.0144728914872994","0.0167495652051475"
"2021-05-02","0.0188102957985089","0.0153880355965244","0.00736254309989407","0.0106942639364965","0.0147282273876021","0.0133690707993273","0.016142781926316"
"2021-05-03","0.021143667239754","0.017490020420596","0.00567923181758879","0.00844463020262879","0.00861683246465683","0.011395826651181","0.00582040443321742"
"2021-05-05","0.0228257264727702","0.0174520785248916","0.00509362172253846","0.00844009742756987","0.0081811116247354","0.0116563861368769","0.00574369939123401"
"2021-05-08","0.0225276678741685","0.0158098630906664","0.00573428924370396","0.00894989392177342","0.00797564891624794","0.0104473143713302","0.0102030862891306"
"2021-05-10","0.0259754685725861","0.0181500246476209","0.0076875392936775","0.00579511388358795","0.0073978368182112","0.0106966551370325","0.0100744716190925"
"2021-05-11","0.0249141970903671","0.018528738433298","0.00654290710815428","0.00583874563468105","0.00722340068104959","0.0100767853838","0.010523609076868"
"2021-05-13","0.0226686046402143","0.0255627929187533","0.00680056958382972","0.00581726458237751","0.0110270810264966","0.0119260353971143","0.0108003362329677"
"2021-05-14","0.0240025302534606","0.0152611684903244","0.00540174773782494","0.00846357869285699","0.0109989345475598","0.0119284548839132","0.00846226771609904"
"2021-05-17","0.0275787963503147","0.0149200325134405","0.00539291760129035","0.00864619607855084","0.012967576904141","0.0105637574435547","0.00664471433409854"
"2021-05-18","0.0271690213896045","0.0129417814069459","0.00546474240874138","0.00706894362882564","0.0112383203430572","0.0119767020321033","0.00565615047355773"
"2021-05-19","0.0279824031434981","0.010634908954705","0.00536078498123805","0.00611945486799347","0.0113995812655711","0.00983380862482931","0.00435302262555471"
"2021-05-20","0.0251281909267147","0.0123342173609493","0.00549137779947615","0.00671464585549979","0.00909895248324978","0.00965705856448304","0.00927741735368077"
"2021-05-21","0.013906946838471","0.0134069899649975","0.00547773372797894","0.00750824935320372","0.0134383844553819","0.0103361808035966","0.00853811524455348"
"2021-05-25","0.0316995250618567","0.0105793259770016","0.00545785354531769","0.00931293782102364","0.00967189685623492","0.0096979611590414","0.0072473417260489"
"2021-05-26","0.0350641788803446","0.0110836598405211","0.00538058192589251","0.00718423244440092","0.00976599448225222","0.00950108112445149","0.00527227614767637"
"2021-05-27","0.0352891139743704","0.0111217417648807","0.0053654163761934","0.00812907812216582","0.0101746821344958","0.00929730222013519","0.00672622295726513"
"2021-05-28","0.0340774330531278","0.0117910383400484","0.00538228473855272","0.00946718396994773","0.00936321638986438","0.00871140446357141","0.00709683147685531"
"2021-06-04","0.034358409797542","0.0126611115968965","0.00548870151395957","0.0105806474176526","0.00943564440624754","0.00940029182393997","0.00689435699138535"
"2021-06-05","0.0344054595120319","0.0123351713946275","0.00540815292323687","0.0111616445047486","0.00905433544837862","0.00992143285607471","0.00531041127643825"
"2021-06-07","0.0335349225099586","0.0180312878805794","0.00533347661155951","0.00849644048720211","0.00840125590078751","0.0100173932312262","0.00822878710443195"
"2021-06-08","0.0327998980999079","0.0173374219345014","0.00552775844333914","0.0101003041779022","0.00901465324789437","0.00960844145450479","0.00978727823643374"
"2021-06-10","0.0338093623719213","0.0188318601801899","0.00537774045618669","0.00695021009175344","0.00811268294995428","0.0106967273571685","0.00762128445493011"
"2021-06-12","0.0329860117940628","0.0268054305172969","0.00535359866354262","0.00726403890428439","0.00740269072501321","0.0107995795585173","0.00865590446795638"
"2021-06-14","0.0328524824161257","0.0263559288995557","0.00536130692559122","0.0063717470398295","0.00699956499218045","0.011500870077278","0.00863951036916448"
"2021-06-15","0.0323253230563538","0.0276283451842773","0.00496938268017844","0.00942875779147231","0.00749038128486593","0.0122440641437202","0.00895537918471473"
"2021-06-16","0.032719025647575","0.0271788316133843","0.00536316193621653","0.0089594244833907","0.00741461777847433","0.01250917027612","0.00518874374078635"
"2021-06-17","0.0328122546912809","0.0269223214324326","0.00534201312712597","0.0116735752051816","0.00786559241887447","0.0119931011886221","0.00518297351330439"
"2021-06-18","0.0317585971584544","0.025151014220128","0.00545469233355147","0.0111252681303434","0.00711864363211359","0.0120548365622847","0.00626502230153066"
"2021-06-22","0.0313238791088882","0.028868731048179","0.00557575682352302","0.00935494433898264","0.00799210701058895","0.0105416111538748","0.011735532907475"
"2021-06-23","0.0317013044177114","0.0256181791217608","0.00553904450441945","0.0142068968991179","0.00815465789649858","0.0102549881697244","0.00914719685764096"
"2021-06-24","0.0318502730546856","0.0247722088875745","0.00565410180892339","0.0149991602632494","0.00815386413779849","0.0103269507102628","0.00648437991049608"
"2021-06-25","0.0347466271617439","0.0217513136377607","0.00571607756935683","0.0173417322827626","0.0115542713362702","0.0125762288855501","0.0051007047026919"
"2021-06-28","0.0326031637166922","0.0145758913174633","0.00581148817842959","0.0106110197806923","0.0111973051990724","0.0124499808818325","0.00533615038534923"
"2021-06-29","0.0308736010343102","0.0116011205599755","0.00584800847953867","0.0138604573043765","0.0105432749910955","0.0124447707707846","0.0100202833550249"
"2021-06-30","0.0298538822719218","0.024888027483004","0.0058596040165376","0.00932649026684559","0.00587570579457502","0.0124001722268498","0.00592749906995385"
"2021-07-01","0.0316432854081644","0.0169165815991951","0.005698648031664","0.0142623295825834","0.00723670820654458","0.0118978791019941","0.00621258431655143"
"2021-07-04","0.031702337137339","0.0132836955187538","0.00549162483334116","0.0118747421629686","0.00748330030376291","0.0122999027914307","0.00639730677640508"
"2021-07-05","0.0321449073767347","0.0166041548581068","0.00548039411641654","0.0140440854790092","0.0075790051121709","0.0119827170566346","0.0106074030682274"
"2021-07-06","0.0321732000815451","0.0160229244493919","0.00543880741424818","0.0117533187717593","0.00716765759333148","0.011822519923003","0.0086422835841794"
"2021-07-07","0.032437305518377","0.0159714729555997","0.00543968276309877","0.00772359140226658","0.00804649079726676","0.0116668987078959","0.0100453967150903"
"2021-07-09","0.0323283041385792","0.016574265750547","0.00545279079163373","0.00932862886096455","0.00817965434649823","0.0118424092522299","0.0111334610492764"
"2021-07-10","0.0318220099308449","0.0179971107960366","0.00554811520225869","0.00762764003995249","0.00853435935899554","0.012028033542227","0.0111169214319163"
"2021-07-12","0.0329153846165343","0.0181118649657084","0.00569014957210166","0.00575137743045903","0.0094405566122352","0.00980982320736464","0.0129820692798978"
"2021-07-13","0.0321761179309283","0.0177724271976384","0.0056672074279531","0.00422494037630562","0.00637167342536621","0.0104648800055304","0.0158521043726301"
"2021-07-14","0.0323230337558818","0.0103393981022423","0.00564460798762435","0.00574462107098687","0.00580736157873321","0.0101516908907898","0.0151293495779063"
"2021-07-15","0.0318233977320573","0.0106572417399403","0.00554994028854656","0.0097441569548336","0.00581613995620219","0.0101811600064555","0.011828342197547"
"2021-07-16","0.0317330273155794","0.0155840683321317","0.00534412902471942","0.0097166438563375","0.00740658903912307","0.0100669227486287","0.0133337913884618"
"2021-07-19","0.0317421928111968","0.0157954600004329","0.00571227286120615","0.0104200528573798","0.00674115655949906","0.0108025354700617","0.0136934559910911"
"2021-07-20","0.0318102119510646","0.0172824440656223","0.00551889350154571","0.00903929836077626","0.00803658593328534","0.0105011936431296","0.0160754552723163"
"2021-07-21","0.0319415279878269","0.0170597641399751","0.00525997466054313","0.00840388773180852","0.00669676784718117","0.00938631042075403","0.0155763645589941"
"2021-07-22","0.0318950205138211","0.0237740883168835","0.00608267617784179","0.00851011961901005","0.00753582330586589","0.00995393596947416","0.0199282867352416"
"2021-07-23","0.0320366463880957","0.0114727923470731","0.00620151312338164","0.00951079341533861","0.00697091814318084","0.0110234144759539","0.0207908080315167"
"2021-07-26","0.0313935913673228","0.00964627133770499","0.00620472094368633","0.00957220832453245","0.0106723999911182","0.0100143626798073","0.0167895874036039"
"2021-07-27","0.0315941433655112","0.0100130315972093","0.00627289336221558","0.00844658314806656","0.0105948661087655","0.0140826157021026","0.0175225029022585"
"2021-07-28","0.0317059261454856","0.0100463775025756","0.00630274665775887","0.00863296114948337","0.0107753334447852","0.0142895249614502","0.0167890054882806"
"2021-07-29","0.0308433112643082","0.0104692309093747","0.00665267675606265","0.00707496533657372","0.0106948585301995","0.0135833037763796","0.0167513320123086"
"2021-07-30","0.0317531972495669","0.014235864119212","0.00695119654309378","0.00742550003448782","0.0106316513682883","0.0143770468289662","0.0173632442879161"
"2021-08-01","0.0314817545690781","0.0124918528369113","0.00689939132089501","0.00823871140238659","0.0106912120542679","0.00976586297732822","0.0172879938305124"
"2021-08-02","0.0308344746898783","0.00997202920369653","0.00691608636071066","0.00613731963799266","0.00974613330921825","0.00962902475744236","0.0167095446238916"
"2021-08-03","0.0319115165278363","0.00781639122516573","0.00692557688201987","0.00625908618293461","0.010802030014822","0.00881181501383609","0.018951024467346"
"2021-08-04","0.03146787366498","0.00772072758869661","0.00688885301289997","0.00720136879358882","0.0108851877785788","0.0100426756582917","0.0191847557954031"
"2021-08-06","0.030967072877908","0.00586239391237864","0","0.00704617692808511","0.0109501488727727","0.00773124799530751","0.0388977726292317"
"2021-08-07","0.0318852518081949","0.0120801931663768","0.0052648384174004","0.00722759319958849","0.0114384499808292","0.0074210656627967","0.0120589688257945"
"2021-08-09","0.0306912970386034","0.0110861680162519","0.00531029047566544","0.00700565961666751","0.011608252077084","0.00897810785977191","0.0117828504261573"
"2021-08-10","0.0316144818988546","0.0138054626909332","0","0.00644664747853349","0.0116758845716357","0.0101327122023705","0.011246055129996"
"2021-08-11","0.0313895196080829","0.025095","0.00644752592495115","0.00666567270489289","0.0209976566973229","0.00819121489648935","0.0131558162619521"
"2021-08-12","0.0309112394203036","0.0128484171580656","0.00640378916668651","0.00712682529061614","0.0182922754944278","0.00956169428549366","0.0132945866885293"
"2021-08-13","0.0313799511880639","0.0101413263041877","0.00630770453168353","0.0071099959825003","0.018929052816652","0.00670766315173616","0.0118411151808499"
"2021-08-16","0.0314823346650426","0.0194074018568355","0.00530313272472999","0.00875469570700881","0.0174420704615617","0.011300793902541","0.0133737256296346"
"2021-08-17","0.0315742946441575","0.0203493713780484","0.00633264402546787","0.00709319485768098","0.0188727566445575","0.0105828881760449","0.0136335213102385"
"2021-08-18","0.0315587497113877","0.0210426444516758","0.00634224650325789","0.00702841271909173","0.0174651520036022","0.0108056093791972","0.0128448855036779"
"2021-08-19","0.0305970170381448","0.0123822898224618","0.00604819855447267","0.00713756936729794","0.018664728632642","0.00933768586567511","0.0108246937901722"
"2021-08-20","0.0311982557767857","0.0251271699573346","0.00629027271135603","0.00714473390689198","0.0152597511815776","0.00963672239177988","0.0135462445357239"
"2021-08-23","0.0309617820399684","0.0239433310725868","0.00618444113358861","0.00720333798953187","0.0156834878814408","0.00934236340160647","0.0134269803715782"
"2021-08-24","0.0314166771581231","0.0225493076453804","0.00620181366187939","0.0072463460146648","0.0157374129557417","0.00942258141239188","0.0134947827035552"
"2021-08-25","0.0312721422661508","0.0119929181406499","0.0062184674900987","0.00698156970924291","0.0148233737701366","0.00930844400398609","0.012988911474957"
"2021-08-26","0.0314033450333189","0.025475","0.00604936212243386","0.00718403943200132","0.00846015845775846","0.00882832930086911","0.0133598195147805"
"2021-08-27","0.0315525176264892","0.012920597221574","0.00555170371317","0.00708056855513409","0.0100104002145468","0.00922688423831623","0.0118256315674965"
"2021-08-30","0.0309375350725984","0.0290414221624483","0.00549214851798577","0.00609390297741335","0.00941152918474017","0.00831871722403427","0.0135326166889924"
"2021-08-31","0.0313569330676528","0.012497716200385","0.00516981684423676","0.00628702797422794","0.00980676673705614","0.00854797001874243","0.0137782125979126"
"2021-09-02","0.0315377886608581","0.013312933500086","0.00610163266571349","0.00722438700569583","0.00869371005694723","0.00932471379978034","0.0133406703711388"
"2021-09-03","0.0291856985007685","0.0115920708589188","0.00507900257645877","0.00788073897941091","0.00878527221278414","0.0093836312627283","0.0243504673260529"
"2021-09-04","0.0295653143967742","0.0112898037374814","0.00515835982465879","0.00723191453948882","0.0145038030149237","0.00869251904915937","0.0149313136422055"
"2021-09-06","0.0301364235016438","0.0116575108065804","0.00693629228403601","0.00654369425647098","0.0143605547891465","0.00942628335304272","0.0151614979928085"
"2021-09-07","0.029701512251545","0.0112098488401415","0.00689120694068337","0.0071881412888493","0.0108695736454842","0.00878462979708565","0.0123551860825717"
"2021-09-08","0.0301892226753798","0.00748659814875877","0.00665083944628542","0.00732465406817576","0.014162025829674","0.00886844618563468","0.0134748481641303"
"2021-09-09","0.030147576470501","0.0100259731811034","0.00650671733665454","0.00972042886058823","0.00976722607505901","0.00899174345720572","0.0139098908219025"
"2021-09-11","0.0298245722633734","0.0111654790055117","0.00651705453477893","0.00731918954393464","0.0133492565516794","0.00924166610322886","0.0137145434553769"
"2021-09-12","0.0297861350275522","0.0114314872082322","0.00660039885919818","0.0073446146634338","0.0204098710417178","0.011435","0.0144868795814606"
"2021-09-13","0.0298959546861413","0.0236878181584433","0.00670785005338138","0.00754206266906738","0.0195589239400615","0.0130143072030342","0.015829293785516"
"2021-09-14","0.0300814580470795","0.0245973630103529","0.00672047038978978","0.0116488908455762","0.0205284255162382","0.013020441487299","0.0127293850460389"
"2021-09-15","0.0299853395681022","0.024703172879088","0.00666541009914675","0.00794696064146759","0.0203806016985241","0.0126094923564093","0.0159797515522712"
"2021-09-16","0.0300908465925511","0.0128554804604788","0.00672104975335063","0.00793194479380628","0.0207616162044114","0.00934515490898921","0.0159329827895913"
"2021-09-17","0.0281734707061695","0.0243177096334015","0.00668752196781158","0.00767223705761052","0.0239153515262158","0.0116762771793874","0.015392276214795"
"2021-09-20","0.0288500048791024","0.0207577959810905","0.00672990302367591","0.00796517191303357","0.022165127096157","0.0115392505617797","0.0147954651266123"
"2021-09-21","0.0298431531223289","0.0223540938223229","0.00663589940402209","0.00937089198730734","0.0183496812276444","0.0103359491655882","0.0205479659380411"
"2021-09-22","0.0293601976030167","0.0103018542853271","0.00669399968572928","0.0100031188981966","0.0211427825858457","0.0102122737185502","0.0121023989149147"
"2021-09-23","0.0296625309261718","0.0284787725377729","0.00717160846063288","0.00738254553296668","0.0214407093501922","0.0112515290621644","0.0107862962368904"
"2021-09-24","0.0275354815608463","0.0322577586402739","0.00681961313127317","0.00743136490948066","0.0207378351712564","0.00994348368594056","0.0112892054464703"
"2021-09-27","0.0300181271631612","0.0328655705329027","0.00701991253695502","0.00700815272533574","0.017455512767287","0.0112985228000579","0.0173707628678393"
"2021-09-28","0.0307694180780448","0.0339789047022368","0.00674742029556997","0.00682938697992186","0.018055175194381","0.00971501456140944","0.0175379519655477"
"2021-09-29","0.0301788011264391","0.0331118088403702","0.00631115763723321","0.00617031861968308","0.0184124089075618","0.0118681936803569","0.0137326642877807"
"2021-09-30","0.029708058885717","0.0331866408513828","0.00683264833432253","0.00672894836504131","0.0184445536778955","0.0117572275275764","0.0139768769404003"
"2021-10-02","0.0117980187063148","0.0307500493483593","0.00651892292081548","0.00493202751580564","0.018987061040847","0.0108757437178852","0.0151384361106733"
"2021-10-03","0.0115662649746458","0.0311208293119315","0.00712722081914888","0.00571903366771732","0.0189309602573304","0.0128929803753036","0.0165253906067763"
"2021-10-05","0.0103573885222899","0.0292855421590485","0.0078979485885042","0.00472512397714047","0.0195879982679595","0.0100809256563353","0.0219671517120881"
"2021-10-06","0.0119788694883988","0.0293581165709515","0.00729804978461765","0.00504089608054018","0.0298192945782626","0.0083857450366558","0.0446717846274404"
"2021-10-08","0.0120345269512921","0.0286758828558913","0.00817092877864558","0.00532632842535804","0.0309321845347191","0.00836480143310319","0.0229892552466522"
"2021-10-09","0.0118606701880066","0.0300754004886245","0.0089263141252802","0.00506182352089068","0.027900194783684","0.00853631600895171","0.0232629671001922"
"2021-10-11","0.0113868302091343","0.0179821979943579","0.006936582378744","0.00585678633342316","0.0131474518591212","0.00836654285536194","0.0354770054893672"
"2021-10-12","0.0117497627387663","0.0352796905411693","0.0069396442789731","0.00612323775961705","0.0109706116418819","0.00827110796817948","0.0223134061698839"
"2021-10-13","0.0106964508763731","0.0246005054328398","0.00686841018233333","0.00518823230911168","0.013748913935371","0.00820689391185304","0.0222635057991619"
"2021-10-14","0.0109889536449729","0.0229810553334074","0.00671734700205693","0.00546739819335196","0.0375879445165108","0.00799105645866544","0.0163191616540842"
"2021-10-15","0.0123918350832781","0.015018933671248","0.00691917743204868","0.00607185241009442","0.0243276756028744","0.00794386512762999","0.0167230964783338"
"2021-10-18","0.012320369283677","0.0240752101989699","0.00678178956107327","0.00728655064852553","0.0260011322657659","0.00820060472433106","0.0171847179804269"
"2021-10-19","0.0128287282043476","0.0291722579664754","0.00683470935046883","0.00627609800102164","0.0272813331481831","0.0101853906259972","0.0349402339740595"
"2021-10-20","0.0128299027272602","0.0249501340790689","0.00691329502593851","0.00744795326674126","0.0171341145723497","0.0109288477279696","0.0329774704277938"
"2021-10-21","0.013447791045358","0.0300497004179066","0.00692864574124224","0.00625574269996316","0.0203787556786727","0.0125","0.0415860468737725"
"2021-10-22","0.0132712808758227","0.0212624977319358","0.0066458410789894","0.00616944173356191","0.0212232885817961","0.00808194036860329","0.0140452700135241"
"2021-10-25","0.0138512036046374","0.0148823415979839","0.00699593453877204","0.00581464716957498","0.0288334962442854","0.00813564812807664","0.0158691178439389"
"2021-10-27","0.0146589035182689","0.0156418397452666","0.00685720355891666","0.00934908315890405","0.0191480822945692","0.00810930581471357","0.0295633062193138"
"2021-10-29","0.0147601047927317","0.015759689581701","0.00681528121882232","0.00708913815185138","0.0138694279409348","0.0086227559604185","0.0288097503065419"
"2021-11-01","0.0141474896155563","0.0160271711158975","0.00659028080314698","0.00913441385616805","0.0126094895543163","0.00844212154975848","0.0252129146910198"
"2021-11-02","0.0120487727520592","0.0108916929819318","0.00646498218680335","0.00913658706220906","0.0204198412698758","0.00863498878412153","0.028483603999641"
"2021-11-03","0.0122322822403801","0.0168227876065475","0.0206287348242578","0.0096628545670174","0.0125","0.00859092940904459","0.013481523249165"
"2021-11-05","0.0121697373990883","0.0154393389957733","0.00668700889144864","0.00917285531268811","0.0122717188148898","0.0086948593182305","0.0133227017267118"
"2021-11-06","0.0120851285359917","0.0155807809057226","0.00667520953159974","0.00817602455888169","0.0117067636948639","0.00999828818371196","0.0159912686095937"
"2021-11-08","0.0120130699162791","0.0147285873022289","0.00663294065162246","0.00933907074889372","0.00745637114740664","0.0117340238941803","0.0254979961915614"
"2021-11-10","0.0121728172861181","0.0106744809598482","0.00693310284405505","0.00936991039437446","0.00756709932402123","0.0122795058244491","0.0251850941552629"
"2021-11-15","0.0122141314397317","0.0110802682263378","0.00687996830693867","0.00892718267934036","0.0142888760159038","0.0167284981910272","0.0172543165869695"
"2021-11-16","0.0121234787726753","0.0140537666545512","0.00660394923876888","0.00702329452981104","0.00853134015934282","0.00872183536265141","0.0109174850154914"
"2021-11-17","0.0146970259902309","0.0115769558032079","0.00646571792259138","0.00703148691114097","0.00973452772052192","0.00838055836397393","0.0308840837294662"
"2021-11-18","0.0143922178659011","0.00987682764511255","0.00874440415443253","0.00544853354913222","0.0096954517514728","0.00838570540456018","0.010694887754341"
"2021-11-19","0.014398883515583","0.0135602639059009","0.00873016449679641","0.00848302879072797","0.0092143361911267","0.00833023664423388","0.0163208430670465"
"2021-11-22","0.0144673888297333","0.0158982665702092","0.0114367062433482","0.0053329239743156","0.0134680969958531","0.00801162473686822","0.0168903984700613"
"2021-11-23","0.0110238107718603","0.0156063934249263","0.0114434745878477","0","0.0142233961232841","0.00785889622006918","0.0132699557849601"
"2021-11-24","0.0105569090162596","0.00548799685794224","0.0112804418274303","0.00040253423602707","0.0154314180926677","0.00912889900166856","0.0108168985166593"
"2021-11-26","0.0105890999948755","0.00577158046966138","0.0109779055648395","0.00679612226210064","0.0223898875234248","0.00861311127644866","0.0106809037890457"
"2021-11-29","0.0110077652386705","0.025","0.00797228061449837","0.00679430967844391","0.0253432958160258","0.0080153515050227","0.0344902232928271"
"2021-12-01","0.0112812694899382","0.0222164852798734","0.00783227074494422","0.00671688099588281","0.025","0.00782572626236186","0.0195947913285002"
"2021-12-02","0.0145640496552206","0.0166506262089792","0.00789115641932094","0.00653223606777014","0.0252210596771181","0.00786458930015437","0.0195411496074573"
"2021-12-03","0.0113584490718931","0.0170602635250515","0.0078801406016323","0.00659516206881972","0.0255740810364169","0.00717007573659826","0.0212953976410894"
"2021-12-04","0.0113628986280159","0.0168982485451409","0.00783739569486306","0.0061512587074595","0.0257520283712221","0.00719906577698968","0.0188725812053968"
"2021-12-05","0.0115114615748827","0.0515466343107977","0.00789525579266093","0.00671430646972883","0.025","0.00770913040166514","0.0240539670720393"
"2021-12-07","0.011409194247734","0.0169204221272404","0.00781270318825338","0.00642316396924984","0.0264299492355357","0.00781399358213211","0.0207463865878447"
"2021-12-08","0.0114535511493468","0.0169108502971273","0.00754462027570077","0.0061872146245587","0.0270832940814858","0.00768057267011893","0.0315207130903011"
"2021-12-10","0.0113654938657859","0.0162020022036532","0.00711918306859065","0.00664505865354987","0.0264747038250343","0.00764436731855986","0.0257753922917357"
"2021-12-11","0.0115343463156488","0.0496229080375282","0.00747970069626717","0.00653524228166977","0.0268478071591056","0.00710834311763044","0.0276504698765117"
"2021-12-13","0.0113685235240298","0.0163065191658001","0.0074479865460118","0.0199401160338007","0.0278799008677425","0.00771356578055112","0.0172688705448847"
"2021-12-14","0.0146421420620579","0.0133004671793975","0.00650537848986085","0.00467575601492918","0.0226741209283147","0.014164742063546","0.0169651601142265"
"2021-12-15","0.0139386349181893","0.0355982675769216","0.00669866496949088","0.00464630749121692","0.0224494855120724","0.0192468319448001","0.0169420622582744"
"2021-12-16","0.0122111716294183","0.025","0.00768922703976621","0.00459137868815246","0.0223641724910671","0.0142894970873774","0.0292533694036881"
"2021-12-17","0.0109712212709592","0.0086567906036685","0.0077111062310309","0.00511229907949284","0.0163464362893405","0.0165119307413339","0.0238968718676066"
"2021-12-20","0.015058098003048","0.00642826503460044","0.00791851647759459","0.0052934781633934","0.0174300396682659","0.0241106679732842","0.0306646133139241"
"2021-12-21","0.013264379478488","0.012168855982626","0.00796383180240332","0.0112962371930218","0.019399332318885","0.0160296310182811","0.0310856401615761"
"2021-12-22","0.0149539597014722","0.0120493602269559","0.00808486257227713","0.0112178003018924","0.0204083037887053","0.0335926629186387","0.0340541600971925"
"2021-12-23","0.0124228350791553","0.025","0.00813513816123991","0.0101600603328662","0.0200371923177174","0.0231682935905251","0.0233925176801217"
"2021-12-27","0.0132483970239741","0.00815215083075017","0.00801721365253741","0.011679220823866","0.0208459467847683","0.0465258158927252","0.0267971421663759"
"2021-12-28","0.0129032260189358","0.0104763218013923","0.00835159216724999","0.00725163214791878","0.0196712792260879","0.044859975535045","0.0340127761485525"
"2021-12-29","0.0129849754119583","0.0127673619337544","0.0092768349278199","0.00641097370591773","0.0227739655403826","0.0359790300771702","0.04031218778149"
"2021-12-30","0.0156900342111382","0.00785277086136004","0.0111392791502668","0.00599304358541225","0.020033835746078","0.0370812640050107","0.0397486542026437"
"2022-01-02","0.0125730588675314","0.00706839383107925","0.00987239036497136","0.00576884484600211","0.0206268665524777","0.0124533673007722","0.0410675848788825"
"2022-01-03","0.0156259842838429","0.011206588731835","0.0110970031967973","0.00585323185089699","0.0240978412055682","0.00983520808676667","0.0360672850694554"
"2022-01-04","0.0112412337817441","0.00985348613186671","0.0106792714834675","0.00684643588970381","0.025","0.0122373808558066","0.0449227907203803"
"2022-01-07","0.0110717919980768","0.0199159369144851","0.00989970954580635","0.0153723164556162","0.025","0.0167812601284775","0.0366170023009674"
"2022-01-08","0.0151491039455959","0.02154416818889","0.0100719567718157","0.0113100698037967","0.0179957760720865","0.0433427731216958","0.0368006033566244"
"2022-01-09","0.0133513584121962","0.0139904496988406","0.0085607208331584","0.00990498378073799","0.0206040203707219","0.025","0.0374578477436508"
"2022-01-13","0.0109471667773129","0.0094201425765806","0.0088852026027449","0.00934391673517384","0.0408931189851628","0.0304986463888755","0.0357237405779231"
"2022-01-14","0.0110203696453763","0.0112546895561487","0.00848224678847724","0.00934766023169391","0.0452283182019805","0.0304273994922936","0.0492714469535793"
"2022-01-18","0.0109470169237894","0.0123884438000296","0.00890581696957875","0.00606119333611471","0.0337500856763494","0.0297605841569714","0.0483941276406221"
"2022-01-19","0.0107658698359808","0.0134799391145545","0.0094168607960955","0.00580918574313454","0.0258265071774235","0.0291875696783792","0.0520167399154566"
"2022-01-20","0.0117430935682109","0.0125806683373154","0.00964391167518197","0.00643651682252938","0.0369362418032666","0.026976327378873","0.0457644646335777"
"2022-01-21","0.0119582700908816","0.0208729776152773","0.00952094116510596","0.00666209396321259","0.0345284270724207","0.0274908656970479","0.025"
"2022-01-25","0.0110499873822068","0.0275115287529322","0.00915500106932969","0.00629911615953673","0.0345578974798528","0.0277902608857696","0.0312560622595673"
"2022-01-26","0.0115904796965881","0.0444305517744101","0.0126596448917371","0.00700186607971876","0.0304514385636699","0.0342766741752489","0.0150357217167832"
"2022-01-27","0.0113748451924285","0.0457088931897772","0.00908311684804647","0.00682406068763532","0.025","0.032635202590926","0.015858266672348"
"2022-01-28","0.0104678580153934","0.0205732179091627","0.00876558107711248","0.00737417773428679","0.025","0.0272652087261393","0.0148513258560058"
"2022-01-31","0.01030153156395","0.0447513171242581","0.007845659823289","0.00579105718539063","0.0251422554626769","0.0245660128651592","0.0159453877126877"
"2022-02-02","0.0109580713952197","0.0476563850000794","0.00873160806626185","0.00634686973661347","0.025","0.0160094480102256","0.025"
"2022-02-03","0.0109313999644085","0.0347469415801608","0.00876339129585383","0.00721522693232844","0.0121448101373615","0.0147970990980534","0.025"
"2022-02-06","0.0109065429071857","0.0378456637173257","0.00843813455157802","0.00538079955909118","0.0259485574306432","0.0161765067614993","0.0152656226361204"
"2022-02-08","0.012497478182469","0.0262843238300497","0.00779745503347432","0.00736987672749518","0.0281429352074591","0.0395616949888915","0.0280158251010672"
"2022-02-09","0.0133355612851456","0.020231842888346","0.0103747217873641","0.0144717021446927","0.025","0.0105357462784323","0.0253760954539758"
"2022-02-11","0.0105545966461494","0.0278337274296393","0.0107020055585728","0.0127864756171782","0.0464133289850261","0.0104634304108902","0.0199244599948319"
"2022-02-12","0.0103817485259879","0.0105758316281224","0.025","0.0103432070601831","0.0202712255981706","0.00886980404716451","0.0198653052473232"
"2022-02-14","0.0114228591037041","0.0160766269852618","0.0130563816237532","0.0116399935840152","0.0329193645200896","0.00896505194159671","0.019349327805264"
"2022-02-15","0.0114833638566344","0.025","0.025","0.01011438423046","0.0330165021306157","0.00916125157500351","0.0211366981267452"
"2022-02-16","0.0271355372442197","0.0197271503109839","0.0239183426665379","0.00801661866311897","0.025","0.00913606599396207","0.025"
"2022-02-17","0.0103776866286932","0.025","0.0238613789979763","0.0129541160247322","0.0248733763474154","0.00931348720355771","0.0207617155126226"
"2022-02-18","0.0105811132497962","0.0190389532205216","0.0234942124376508","0.0133206864514765","0.029334625250874","0.00945089375194939","0.0323098933786139"
"2022-02-22","0.0100362278154357","0.0178417054393142","0.0135884331139184","0.0151800380791742","0.022689814895872","0.0110992522208236","0.0264965693106105"
"2022-02-23","0.0105949487653854","0.0210534588918081","0.0179672261445729","0.0252284578883785","0.0126638258062387","0.0159261522064462","0.0266775307663943"
"2022-02-24","0.0106002769659573","0.025","0.0132348736606749","0.0240657438920308","0.01166746340743","0.0139935827445277","0.0324244736062878"
"2022-02-25","0.0106266702453106","0.0116954074976931","0.0145659268032831","0.0151895876376954","0.0783854763960671","0.0755414936044332","0.0205034667199281"
"2022-02-28","0.0104565600837017","0.025","0.0119516353739938","0.0173621986024473","0.0839979703062719","0.0478088403453716","0.0343126905872432"
"2022-03-01","0.0181123889843222","0.0260291808216011","0.0104818583484638","0.0364069055733974","0.0383366342997005","0.0451361925436096","0.0384445120155109"
"2022-03-02","0.0211283686829947","0.025","0.0120476353284054","0.0236530986780756","0.019506367985693","0.0494945202262996","0.036880208866222"
"2022-03-03","0.0161406264572747","0.0310753461189867","0.00942784560635373","0.0377144723412755","0.0244899568262823","0.0893859498387315","0.0374611374620221"
"2022-03-06","0.0209060578597332","0.0398348950467199","0.0121059917215606","0.0264406740206684","0.0183499132062041","0.0620692336422465","0.0252464180550786"
"2022-03-08","0.0148258276288911","0.0189729948160381","0.0124448504110627","0.0155134939544484","0.019794347888107","0.0212305084708632","0.0155790858437497"
"2022-03-10","0.0132193581299633","0.0328263089212737","0.012518047830724","0.0185530110087739","0.014218204965848","0.0160187907578163","0.022249295978433"
"2022-03-11","0.013315056632843","0.0229050465714119","0.0120390021195725","0.0160949771859537","0.0133363535413885","0.0220349415278301","0.02222770626514"
"2022-03-14","0.00950963884023729","0.0187107926947803","0.0121194225143463","0.0158927493988093","0.0143166270094425","0.0125","0.0204477895199435"
"2022-03-15","0.0119011501208915","0.0159483423893531","0.00829366207368615","0.0148854008452243","0.0146062758541362","0.0125","0.0146775683145317"
"2022-03-16","0.010035762663397","0.0170212549762945","0.00789646191348897","0.019049680234739","0.0165013065421674","0.0151798768714949","0.0201163769900194"
"2022-03-17","0.0104192413383687","0.0173628064245375","0.00836529365692951","0.0221035653390757","0.0195036127346719","0.00743951981619565","0.0199149164584063"
"2022-03-18","0.0170086266545018","0.0261279269140729","0.00984625685484743","0.0220932334259308","0.0479421550096329","0.0111620961794836","0.0167620130211203"
"2022-03-21","0.0159974575926273","0.0276736565659809","0.00785910608948287","0.0200519674842153","0.0321750502212803","0.0207818538686934","0.0169881820889412"
"2022-03-22","0.015904954088045","0.0247509252842696","0.00791727966698179","0.0168003594686758","0.0293476083024471","0.0175000354472951","0.0154204080681966"
"2022-03-23","0.0173252468577289","0.0226655997712126","0.00792364062336967","0.0201155150753688","0.0148085914361148","0.0117340359164202","0.0191393998723793"
"2022-03-24","0.0153328749311603","0.0267930318240917","0.00909344183096828","0.0140191673657792","0.0167454209460362","0.0125","0.0166755542776114"
"2022-03-28","0.0165160487241034","0.0329957989372631","0.00844434807957637","0.0134929306858249","0.017479480563884","0.0125","0.0152074743782859"
"2022-03-29","0.0149489025205936","0.0285853306905087","0.00934132399270373","0.0175462219641038","0.0201693130197033","0.0097886955573963","0.0152329091764644"
"2022-03-30","0.0156708280135235","0.0361800009575135","0.00934845743319818","0.0184427183058836","0.0205942097417709","0.012925878036959","0.0173127619898433"
"2022-03-31","0.0147286648102197","0.0367472299847577","0.01331299308175","0.0178222813413537","0.0198430522860057","0.0125","0.0125"
"2022-04-01","0.0165388084363802","0.0640099945125049","0.0168866411098619","0.0181246640180324","0.0205390119203436","0.0125","0.0209714246171156"
"2022-04-02","0.0178540337301909","0.0650382325785157","0.0170754864631863","0.0181207397974368","0.0168975181764237","0.0128023905436905","0.0227180853981418"
"2022-04-03","0.0175850531261502","0.0670207822113097","0.0181347373507187","0.0129777835939622","0.0170541812574137","0.0125","0.0223999967922711"
"2022-04-04","0.0177987273641952","0.0227956266364426","0.0125","0.0183944751369967","0.0182375889258622","0.0125","0.0170722721784989"
"2022-04-05","0.0181975819826683","0.0255394060355139","0.0173718119719088","0.0240457063221187","0.0171528995872741","0.0110584784562579","0.0177145742716837"
"2022-04-08","0.0185184674487328","0.0217804536943346","0.014954135832588","0.0241188874272317","0.0193063205368981","0.0110709332725349","0.0272606199483267"
"2022-04-10","0.0178956054551054","0.0153201766493832","0.0181894071735371","0.0238764175602785","0.0182397258877163","0.0114730119524245","0.0169539769878752"
"2022-04-11","0.0180854663272515","0.0146797527586498","0.0151018297037089","0.0191847701774548","0.0304505538918848","0.0128058060738888","0.0166765240262997"
"2022-04-13","0.0245675025976965","0.0189532720724725","0.0168662757411696","0.0232843148760706","0.0185673195416452","0.0126585295781664","0.0395603091381043"
"2022-04-14","0.0308774391365711","0.0156425633629188","0.0179176786410078","0.0186773598665079","0.016638078579556","0.0133640587763645","0.0388106568950838"
"2022-04-19","0.0318141602002983","0.0144789418150609","0.016753302474634","0.0188287383937947","0.0160107368696496","0.0172271784558792","0.0536839760936695"
"2022-04-20","0.0271420726012691","0.0173700584746134","0.016772635313979","0.0169917211225763","0.0151118687045643","0.0196067688164494","0.0522109760082245"
"2022-04-21","0.0286423496171207","0.0182986246317575","0.0137385773466203","0.0158999896946465","0.0219840726795964","0.0215842993441876","0.0525191391353957"
"2022-04-26","0.0170395623799175","0.016201386771601","0.029195183640053","0.0133246075457277","0.0204364500254193","0.0173524826822499","0.0257156618160726"
"2022-04-27","0.0226582078677915","0.0154314207060034","0.0373651691938381","0.0136396338462504","0.037225202768608","0.015722899344809","0.0355033720359362"
"2022-04-28","0.013661842141174","0.0153311515090529","0.040106870051573","0.0140935977181771","0.0281304695343988","0.0241834906566565","0.0210214349538534"
"2022-04-29","0.0137488782680367","0.0127473578475047","0.0351067450459572","0.0119856132970875","0.0337593197361374","0.0249336009580762","0.0219475439749411"
"2022-05-01","0.0146179375406519","0.0161670223251584","0.0382134521519595","0.0144186954823855","0.0293484122722758","0.0222098274331722","0.0240032172550095"
"2022-05-04","0.0146724001071056","0.0162081216206945","0.0372556098922486","0.014827569187264","0.0294547362673516","0.0255741743947969","0.0244470851222355"
"2022-05-05","0.0138605280643739","0.00797266775526097","0.039441340536861","0.0128473389543715","0.0284200135411355","0.0186528998385524","0.0243821507193552"
"2022-05-07","0.0163521510235656","0.0113984103554152","0.0227459600005546","0.0101117816056785","0.0282108728733569","0.0194738107670861","0.0177380724381835"
"2022-05-08","0.0203446499541621","0.0150576921843628","0.0229951644787199","0.0128397769137639","0.0291250295978759","0.0165200036145869","0.0340584117238074"
"2022-05-10","0.0212805061189775","0.0161110080544084","0.0180881122466645","0.0160380001919304","0.0314313594142439","0.0250855823283603","0.0568932852393456"
"2022-05-12","0.018280475505657","0.0235279846106851","0.0168873185772819","0.0148657733174618","0.0201588931004043","0.0185333581042952","0.0408801433180253"
"2022-05-13","0.0160008337767254","0.0405119521412086","0.0171803816057715","0.0157342481090979","0.021288301605231","0.0225780056458591","0.038232744400174"
"2022-05-16","0.014925674105546","0.0406152956770636","0.0251139539371457","0.0158453616585568","0.0208463842386675","0.0152344184582924","0.0531720238154807"
"2022-05-17","0.014783379081778","0.0290559089328186","0.0215359387003829","0.0161526190374824","0.0209761888175313","0.015416489246483","0.0257657660781387"
"2022-05-18","0.0148272215502584","0.0245082737112672","0.0201452283257539","0.0144732197020753","0.0215950490335841","0.016848698799499","0.0863676107930958"
"2022-05-19","0.0154942529305002","0.0239484987840082","0.0230234661842269","0.0153277011658839","0.0222221973432137","0.0219438729045292","0.0842354637952005"
"2022-05-20","0.0237165485247423","0.0217616952008079","0.0473165737327589","0.0126140500219773","0.023196240671644","0.0183053483332776","0.0838411220817021"
"2022-05-23","0.021578389758663","0.0238998262746177","0.0440789652431691","0.0106460527267656","0.0228644793159764","0.0250978747145144","0.0852471215470431"
"2022-05-24","0.0182277265952583","0.0242777940902324","0.0413046273717424","0.0151610095950143","0.0207639305991074","0.0249294789536145","0.0632877370079482"
"2022-05-25","0.0209850590177612","0.0446465382381465","0.0183256271515747","0.0136724203494291","0.0210787470258724","0.0250048958266978","0.0864374388905195"
"2022-05-26","0.0202267092122865","0.0440068141928464","0.0125678915329584","0.0155972210703265","0.0226528984893678","0.0274694499698332","0.0827558713239332"
"2022-05-27","0.0203130129056666","0.025311980961049","0.0141176739757857","0.0129676796098329","0.0208608278019007","0.0229189669740819","0.0629182635413442"
"2022-05-31","0.0191220328216143","0.0452437247200539","0.0176174467097292","0.0150382855695554","0.0380426255563664","0.0280537655767341","0.0665544012573352"
"2022-06-04","0.0190451505801264","0.0453350153581851","0.0147650723772963","0.0150097210287212","0.0308323586413106","0.0314907103587867","0.0635872645935363"
"2022-06-05","0.0190144623280715","0.0435247495998626","0.0149247468282007","0.0148499294921206","0.0343160709713773","0.0255853662543743","0.0603349322882147"
"2022-06-07","0.0140073633469809","0.0279341381288583","0.0147594258201417","0.0145091497559695","0.0162781196967947","0.0258901195441139","0.0916040484232076"
"2022-06-09","0.0181360167061934","0.0283791840393775","0.0146924280268953","0.0127073243568268","0.0164944345607142","0.0255439650578153","0.0959799453037524"
"2022-06-10","0.0180132941557054","0.028551776412417","0.0146678919552284","0.0130413428931499","0.0171069346702544","0.0318949261431456","0.0990415504758629"
"2022-06-12","0.0177481319953224","0.029121733125966","0.0165907058398376","0.00918868428671099","0.0156393052212429","0.0163419153675234","0.0653402009028099"
"2022-06-14","0.0170179486858318","0.0276412332694236","0.0154275541090549","0.00929674019872788","0.0798787060760034","0.0178206357875357","0.0685157751229723"
"2022-06-15","0.018884462066319","0.0291762774099464","0.0165447192290215","0.012830276775587","0.0796951021310552","0.0174725914579651","0.0902454757485551"
"2022-06-17","0.0187788292981918","0.0300120981398528","0.0153271217789465","0.0123858664359326","0.0357396675576724","0.0275508323719393","0.0841973427865887"
"2022-06-21","0.0153685465012881","0.0391057030186925","0.0163462425534493","0.012475084508724","0.104711018384269","0.0264284065943827","0.0775996461573342"
"2022-06-22","0.0241318588053248","0.0847670900871456","0.0163312093394766","0.0124997548047458","0.110054652967427","0.0158696444993703","0.100301958025385"
"2022-06-23","0.0362008320026306","0.0694556315763739","0.0166221678552479","0.0126012846255383","0.109349030814074","0.0159615757915475","0.0945865708976849"
"2022-06-24","0.0363891313033877","0.0375927237444823","0.0172221772041619","0.014714840963578","0.0207493418081135","0.0130780356013743","0.0900840628312668"
"2022-06-27","0.0204317877223013","0.0434333921756964","0.0160093235450837","0.0134521093903644","0.0195770845831486","0.0132708439418199","0.0832398560569971"
"2022-06-28","0.0178764475411984","0.0306387011271099","0.0182572159220377","0.0155924204554205","0.0198384210845088","0.0148091147819218","0.0603563907879711"
"2022-06-29","0.0193524211850887","0.0296920775688758","0.0165856109078431","0.0143659401094858","0.0228614451115226","0.0129049583315522","0.0586572308768148"
"2022-06-30","0.018367216396481","0.038249619600262","0.0207917137589055","0.0157215568341315","0.0594491020862946","0.0176938079551166","0.0595244888588619"
"2022-07-01","0.0166246606060109","0.0260640201423974","0.0270990026449475","0.0239079717499061","0.0517602682550097","0.0215733968616774","0.0542265104956773"
"2022-07-02","0.0166791463292789","0.0235445090271543","0.0204322982999179","0.018462749178016","0.05374985963021","0.0210859802695402","0.0547078202460895"
"2022-07-04","0.0175730342104964","0.0291934761014457","0.0163608064588916","0.00912013747543798","0.0193935714800824","0.0199435664118266","0.0441448049968952"
"2022-07-06","0.0299111732799346","0.0282113550168378","0.0163126167397141","0.00912686936738966","0.0308206245573234","0.0217384168809785","0.0571675342525105"
"2022-07-07","0.0179059520531958","0.0615717159376237","0.0164356036055188","0.00914738675920891","0.018617649705878","0.0127756638042119","0.0324953044413504"
"2022-07-09","0.0190155479902828","0.0704852359968448","0.0167228352658854","0.00879574517269116","0.0275427581383576","0.0124536088888174","0.0406309963880606"
"2022-07-10","0.0182101855558866","0.0704211162444617","0.0173061518599502","0.00853364862065514","0.0286050802796015","0.0130919337011679","0.0318710262643316"
"2022-07-11","0.0190437859801358","0.103741240603593","0.0156579084764945","0.00822471187208977","0.0319843973721358","0.0235245959624244","0.0433129914311492"
"2022-07-12","0.0201085492200329","0.0371651242773826","0.0170371591667875","0.00854578799763807","0.0323820728769227","0.0125279764629335","0.0445811088068042"
"2022-07-13","0.0289516833357224","0.0376731989665892","0.0163327453085081","0.0114930944005519","0.0320174235865169","0.0269893718597232","0.0494351674593367"
"2022-07-14","0.0168786232734614","0.0385837859636218","0.0194221838815133","0.0168150892206789","0.0308902590753962","0.0296278558276254","0.056309580141359"
"2022-07-15","0.0163524827368327","0.0704273056296758","0.0176488986989906","0.0122630615428196","0.0316390929316148","0.0424119559735314","0.0315875395786742"
"2022-07-18","0.016700988245359","0.0767686298656266","0.0235487467796738","0.013291847089668","0.020356337235917","0.0290527862142318","0.0305566622488361"
"2022-07-19","0.0163941626497635","0.0688370064919652","0.0523621624980632","0.012037331577532","0.0194476982172176","0.0479095261322227","0.0236969482757881"
"2022-07-20","0.0162020529613411","0.0675456152673377","0.0393877444413865","0.0119812685718486","0.0207233298103078","0.0314017548781023","0.024524079408279"
"2022-07-21","0.0169738917564324","0.030432862503249","0.0167923395277172","0.0147830053749907","0.0848520193094275","0.0212957513605421","0.0294181395450126"
"2022-07-22","0.015647724532949","0.0153006912915847","0.0160818700240226","0.0149689095495376","0.079244165452125","0.0272766158304082","0.0710605408815248"
"2022-07-25","0.015040205477001","0.0156693026112902","0.0209231620117621","0.013417432272164","0.0620931835501885","0.0204075389075088","0.0250954585855411"
"2022-07-26","0.0147747275929489","0.0166992488968376","0.0142867275616985","0.0123612279495469","0.0766652095708206","0.0250354240373376","0.0266573752141879"
"2022-07-27","0.0148628373583644","0.0154527185579176","0.0141261458765084","0.0122941528603132","0.0727715721048049","0.0230999423360925","0.0255878420765795"
"2022-07-28","0.0152881663790364","0.0116779408579472","0.0136015478503771","0.0157652262826596","0.0761538010316093","0.0234916172479364","0.0282841773465833"
"2022-07-29","0.0272056628733901","0.0218895105031667","0.0139829264652209","0.017464426057643","0.0802295742217271","0.0217870107625352","0.0274751304807376"
"2022-08-02","0.0239972256073537","0.0249479876888582","0.0137137173298544","0.045702597931592","0.0781049950248748","0.0190248707401366","0.0277292577016217"
"2022-08-03","0.0150298005917177","0.0237707996209182","0.0139841433364455","0.0557805976089518","0.0650119510043235","0.0196348271417261","0.0293209180758267"
"2022-08-04","0.0187939229623956","0.0245259755128625","0.0161973680095125","0.0559568225643159","0.0697540868121746","0.0211446015308377","0.039851701705984"
"2022-08-06","0.0189053756246584","0.0254608117022351","0.0168381396372682","0.0267422571464224","0.0697024397897973","0.0212018563569394","0.0330519853970914"
"2022-08-07","0.0186197197824229","0.0250502939350622","0.0167706802033038","0.0573162803344106","0.0817774983475185","0.0186659262497536","0.0278343878320965"
"2022-08-08","0.0249978482821616","0.0287514448446685","0.0144181666160634","0.0665936208189968","0.0719187507784656","0.0220269218221243","0.0275034694278724"
"2022-08-09","0.0172355732292925","0.0202711491226869","0.0135833569026921","0.0553293546635025","0.076246290288087","0.0184996823475312","0.0436668248799145"
"2022-08-11","0.0152412185701982","0.0130764308167683","0.0130861822904487","0.0329388650648503","0.0691729954064562","0.0150725703865413","0.0522500997488215"
"2022-08-12","0.0173238821109004","0.0226479241944572","0.0155434024934441","0.00962943470208064","0.0667874732159122","0.0122812268032865","0.0430939521244579"
"2022-08-19","0.0172624383872314","0.0238518250573738","0.0126811281699553","0.0183003103018219","0.0615075837287448","0.0152490051152136","0.041460842000806"
"2022-08-22","0.0158018480459854","0.0232009254855008","0.0125870705201609","0.0182308176618856","0.0580130175924655","0.0153402511754708","0.0265521976498285"
"2022-08-23","0.0148339817729654","0.0116694982535769","0.0184149992967378","0.02291279794398","0.0356238321839318","0.0164751997542845","0.0222281503365611"
"2022-08-24","0.0167625831651015","0.0124160130509625","0.015752826167271","0.0235807528111491","0.0370331560364388","0.0161757244905663","0.0322455627148109"
"2022-08-25","0.0163389165694546","0.0119051873674898","0.0134374187828599","0.017167574676005","0.0208733313361339","0.015959473961644","0.0334080484853009"
"2022-08-26","0.010796650890706","0.0265960533102103","0.018251832569174","0.0110354298806009","0.0200829702130641","0.0188289699029962","0.0351380073699197"
"2022-08-29","0.0167810574686678","0.0271502651971767","0.0175328386545338","0.0168783721792074","0.0205549029466405","0.0188865041451825","0.0347943738999401"
"2022-08-30","0.0166668465119186","0.0199232552647828","0.0134143763479848","0.0171380304275033","0.0365781730026918","0.0225437877656826","0.038209737100025"
"2022-08-31","0.0166378782237828","0.0262813075615187","0.0138549469038664","0.0293127281156166","0.044950666751669","0.0167300145108096","0.0529749302051836"
"2022-09-02","0.015668152009644","0.0260800120406417","0.0112935174835613","0.00703906666675475","0.04877611612747","0.0188560973087903","0.0125098320450547"
"2022-09-03","0.0158436715379152","0.0259233667417864","0.0107059340860723","0.00976667513122274","0.0490170494748592","0.0142727804658488","0.010586872280032"
"2022-09-05","0.016752720193494","0.0166156733403926","0.0125154462802969","0.011661804388046","0.0526903142283828","0.0152079423560094","0.0137410498146086"
"2022-09-06","0.0164217680145295","0.0200004958263474","0.0123919844269084","0.0548463974420207","0.0506604142386845","0.0195613889582855","0.0125344849547573"
"2022-09-08","0.0166065278115985","0.0148293477277917","0.0112598862699025","0.0101098036263455","0.0499155769303035","0.0190696948522626","0.0103819054114567"
"2022-09-09","0.0160123861715175","0.0139683306304641","0.0111532907021176","0.0106709348197306","0.0485621110109809","0.0195176758694263","0.0202846435499371"
"2022-09-11","0.0126442760973266","0.0138228322573134","0.0109543221393051","0.00695132494715736","0.0488071630011857","0.0142537924457507","0.0220967406804093"
"2022-09-12","0.0161251475878658","0.0139273871791161","0.0111351328002379","0.0105426461714012","0.0421878355772394","0.013188141069903","0.0248519044284322"
"2022-09-13","0.0164449248073502","0.0149151378482996","0.0108973295426415","0.00745782953180307","0.0416144002841843","0.0133855524188839","0.0248862285506834"
"2022-09-14","0.0217929063686052","0.0148271872328672","0.0149212987742373","0.0113426229042281","0.0423297850596389","0.0136644891886833","0.0257231855648284"
"2022-09-15","0.0156379111942183","0.0177785477284917","0.0153902779002407","0.00966285179728719","0.0425891303645587","0.0134124275168843","0.026795931361746"
"2022-09-16","0.0154424441901357","0.0147797527738387","0.0143712216245469","0.0144959467768644","0.0372952392609877","0.0151217978052143","0.0223616260187106"
"2022-09-19","0.01441723580436","0.0130249890181706","0.0119865186291978","0.0229222839035658","0.0423910767762143","0.0181584766586139","0.023735134454281"
"2022-09-20","0.0137644423870059","0.0121718559791525","0.0117519046393001","0.0230193594482929","0.0467554081075199","0.0183006150237159","0.0271063048872551"
"2022-09-21","0.0139212487520573","0.0124566647434735","0.0117174121695185","0.0219156184362936","0.0477217734860316","0.0212019301898405","0.0410860314310516"
"2022-09-22","0.013693029532357","0.0099423318803313","0.0117549644103862","0.0229828709474203","0.0357513255486439","0.0174700993553718","0.0393207347471451"
"2022-09-23","0.0141001628622709","0.0290330506320064","0.0117451077256431","0.016461127466596","0.0740925531405781","0.0229792309798623","0.0258529154664394"
"2022-09-26","0.0151694286179223","0.0267504852385875","0.0153433131279518","0.0143074606864529","0.0290022603567963","0.0190283919054545","0.0259939598855651"
"2022-09-27","0.0136024633262532","0.0190726875538312","0.013340082897866","0.016293793743726","0.0485643503167058","0.0172233433384207","0.0261547284974647"
"2022-09-28","0.0233775562682664","0.017999259698772","0.0134637703340116","0.0145098281711222","0.0488748581541384","0.0183229920761477","0.0274686998027877"
"2022-09-29","0.022937388142081","0.0151177259169336","0.0133868253524458","0.0161192765537074","0.0562091955626019","0.0172528562642938","0.0258449102476412"
"2022-09-30","0.0213145689273373","0.0151413696577297","0.0122959623098761","0.0161998169676831","0.0555969769161076","0.0170958009370689","0.0248109849042084"
"2022-10-01","0.0228185848870048","0.0145385829706523","0.0112447415267799","0.0129037923627124","0.0386364172179142","0.017986150294256","0.024097642232674"
"2022-10-02","0.0237163297178072","0.017915452318775","0.0114965161378081","0.0131329987396708","0.0407601475015133","0.0181647994675595","0.0263693150347282"
"2022-10-03","0.0231444374935673","0.0137564686899823","0.0140881115640235","0.0115905567369603","0.0243808254646426","0.0200592145861626","0.0209269538726751"
"2022-10-05","0.0244413081700951","0.0129596944314209","0.012369811372114","0.0622292207805027","0.0210370511436329","0.0239521547551936","0.0560691472828811"
"2022-10-06","0.025329847658115","0.0131035838252966","0.0118043067022716","0.0416444489523633","0.0224723365277685","0.0230744832122197","0.0556546164177261"
"2022-10-08","0.0271961208621745","0.0136735813441414","0.0161458567648835","0.0550456726011399","0.0214489908809261","0.0235711057094735","0.0607008778877361"
"2022-10-10","0.0272210027796526","0.0128058213286042","0.0129202742861719","0.0413454938162654","0.0208290545598162","0.0245798101828523","0.0607007675403295"
"2022-10-11","0.0274013400369293","0.0135591195834275","0.0111107848364603","0.0431531029313298","0.0440023948388583","0.0193537943542955","0.0532837470495598"
"2022-10-13","0.0285887693020455","0.0145441753579302","0.0181988260451991","0.0456769820458025","0.0518126485337424","0.0161227155870055","0.0350723906477753"
"2022-10-14","0.0274616711824228","0.0158712901064526","0.0173468582973647","0.0113944602920159","0.0479190102580792","0.0169825940869472","0.026855237613895"
"2022-10-17","0.0257515658121998","0.016022783414429","0.0169333687410018","0.0113407871080083","0.0480886488080833","0.0186749996984607","0.0274657052275027"
"2022-10-18","0.0249068179350573","0.0190521062762343","0.0186064181746629","0.0116425893536679","0.0478779696926669","0.0181821687627481","0.0270949104945084"
"2022-10-19","0.0296137255574305","0.0163609297479216","0.0190283404030729","0.0114645037158368","0.0395958817031831","0.0191091376501994","0.0274548244236692"
"2022-10-20","0.0281242064416116","0.0192069049608419","0.018361737763807","0.0114191361075019","0.0388608904700358","0.0189359182082595","0.0317268627057401"
"2022-10-21","0.0241520933423223","0.0285630577207738","0.017416966532973","0.00970981054582271","0.0206027949606539","0.0192916239351787","0.0308813668700572"
"2022-10-24","0.0243554096638583","0.0208789376250626","0.0166652468472069","0.01225194189312","0.0324555186295885","0.0192057114102301","0.0305319279641842"
"2022-10-25","0.0278631215960076","0.0240373111550986","0.0138897204562556","0.0221447720434558","0.0269393519429428","0.0188425176830354","0.0341759236239874"
"2022-10-27","0.0239401637747632","0.0241069710082815","0.010760902375406","0.0204970753286681","0.0268007233049761","0.014539163608691","0.0201887335564069"
"2022-10-31","0.0226200614096737","0.0259323458144586","0.0154456498479212","0.018616093824245","0.0365031850776414","0.0189563920942884","0.0194215496300114"
"2022-11-01","0.0240008054423951","0.0249211635261676","0.0236181715095553","0.0153391848257997","0.0361902059521727","0.0194077675084311","0.0195809583165978"
"2022-11-02","0.0227061982596075","0.0263132174527128","0.0154523989016549","0.015010878913507","0.0342150854554838","0.0192380799742611","0.0430779257559942"
"2022-11-03","0.0197866200923415","0.0293314603504692","0.0149846931271371","0.0347452349541171","0.0329158755177549","0.0183893719201166","0.0485737464409699"
"2022-11-04","0.0228302139117005","0.0412704219988258","0.017539753850152","0.0140813553867005","0.0340813698751716","0.0184681196773987","0.0298344987110211"
"2022-11-05","0.0315133256245358","0.0317152321656205","0.0179126881215036","0.0148872912117988","0.0651093056191761","0.0183238828427144","0.0267548602554368"
"2022-11-07","0.0253217994135247","0.0293012761072401","0.0177062690093835","0.0257511521214286","0.0754046619580358","0.0187012285603506","0.0303226013715201"
"2022-11-08","0.0145368715969722","0.0262616731294158","0.0189419551277459","0.014902636589165","0.0757331159143013","0.0181611108437957","0.029140604037408"
"2022-11-10","0.0128167128372718","0.027064165834443","0.0185602311244288","0.0146802462276514","0.060461074081739","0.0185443499040089","0.0295484659277227"
"2022-11-14","0.0135831706078414","0.0262847006106911","0.018061743009333","0.0127988468428384","0.0705298252149027","0.0179735179238995","0.0181465873667966"
"2022-11-15","0.0122048037932848","0.0266948788472057","0.0186169469841627","0.0114441365303048","0.0717729189752618","0.0150693008788293","0.0415125536862331"
"2022-11-16","0.0117134962025549","0.0246177166320846","0.0191481874174543","0.014421325239705","0.0712978026754004","0.0151664289432403","0.0207633065948312"
"2022-11-17","0.0175777186792208","0.0193559030975657","0.0148590514337632","0.0132171389922467","0.0856873023765711","0.0151296278954972","0.0325649777665456"
"2022-11-18","0.0172582803844245","0.0142737113122111","0.0149253848455731","0.0121620368943409","0.0704973565041758","0.0229747808566854","0.0194181390520537"
"2022-11-21","0.0176575684238151","0.014760767694654","0.0166122684382707","0.0120482459400822","0.0725519305861921","0.0230254479470803","0.0329747012809123"
"2022-11-22","0.0129221746091843","0.0152932979944914","0.0181372562245914","0.00947833879796629","0.075","0.0223043892950676","0.020579381114269"
"2022-11-23","0.0192322863984341","0.0179854641702643","0.0196380046426153","0.0114205274490578","0.075","0.0180150976645424","0.0286462000014392"
"2022-11-25","0.0194880903929968","0.016936613770193","0.0199563579695655","0.075","0.075","0.0158336627753966","0.0314059486243876"
"2022-11-28","0.0191803543458875","0.0169675327381053","0.0196309444334021","0.0121833224102007","0.075","0.0175510218528859","0.0288315264057286"
"2022-11-29","0.0193844261167234","0.02005087479503","0.0195312854499734","0.0153336252776892","0.075","0.0184481626980777","0.0296756950978779"
"2022-12-01","0.0202885220800007","0.0217843638375852","0.0193811184044587","0.0167071303670143","0.075","0.0172208357689573","0.0305078751585511"
"2022-12-04","0.0189664039049633","0.0205701205589176","0.0143632697655619","0.0130394221407753","0.075","0.0196680630046308","0.0445592467628328"
"2022-12-05","0.0217435142164875","0.021954966576393","0.015476844879998","0.0157397495466534","0.075","0.0182961571762423","0.0442090705911197"
"2022-12-07","0.02305821440654","0.0196185212228939","0.0203526392693766","0.0110425621684705","0.0459155412946675","0.017232196532802","0.0455857893472816"
"2022-12-08","0.0249268926842276","0.0185532990300678","0.0169554095112911","0.0128346103855606","0.0427582759321882","0.0152231608529846","0.0370194053359547"
"2022-12-09","0.0241529131215488","0.0155469445751386","0.0169838039948896","0.0119304131074838","0.0576482650037419","0.0152214594908561","0.0210797937799804"
"2022-12-10","0.0229032551918959","0.0144152926340218","0.0159127341743758","0.00963707471217939","0.0576826983214192","0.0154494754505317","0.0224858225491495"
"2022-12-12","0.0231121810986081","0.0172567423933931","0.0158516092626222","0.0108329159152652","0.0691240479374461","0.0152907883460429","0.0235481878460344"
"2022-12-13","0.0227484340919256","0.0155968944347316","0.015802598551374","0.034967529943009","0.0567927699253512","0.0151209249433232","0.0236054116244511"
"2022-12-14","0.0220229434141342","0.0148402126896552","0.015261566750163","0.00781878522190656","0.0606163590448792","0.0152226857476746","0.022781343217331"
"2022-12-15","0.0204663546132631","0.0393213131976023","0.0152895746690791","0.00753372848306501","0.0473612101156148","0.0198972910225847","0.0210755645530334"
"2022-12-16","0.0242819650427257","0.0390299203983988","0.0155458187228426","0.00923391688652955","0.0568117202909322","0.0182868870918157","0.022039579068653"
"2022-12-19","0.0202053515948712","0.0294354061894322","0.0145676595527417","0.010224001216638","0.059628026311395","0.0176127536123719","0.0210976056422478"
"2022-12-20","0.0191617684145869","0.0549092208344295","0.0145297325354097","0.0108108583108908","0.0510179040356389","0.0166227966814101","0.0208792168075165"
"2022-12-21","0.0209182945033641","0.0307362720287207","0.0146104184497006","0.0113691916465673","0.0477952817421005","0.0173659826041144","0.0209873538534526"
"2022-12-22","0.0176299512295675","0.0281886507797697","0.0213507160480529","0.0168472132878614","0.0378331909965969","0.0154936474111189","0.019605834931022"
"2022-12-23","0.0172727724616711","0.0259627013160556","0.0145155032963696","0.0130176220031731","0.0351142010568886","0.0166631446639722","0.0230333846190277"
"2022-12-27","0.0151809517230834","0.0264559713442777","0.0202941460838553","0.0126951199873491","0.0406096707715741","0.0163796895198779","0.0185194681902438"
"2022-12-28","0.0208294377013182","0.0258371630511394","0.0149332901027452","0.012915677099326","0.0412025527549587","0.0155579822452466","0.0265899817519614"
"2022-12-29","0.0375","0.0267003672238206","0.0145402326883997","0.010810089262086","0.0390364971946555","0.0156244210659836","0.027523720773852"
"2022-12-30","0.0203710395888899","0.0268016814655724","0.0145321083211686","0.0104689620486966","0.0375","0.0156192978250568","0.0181292976730173"
"2023-01-02","0.0142887990432599","0.0266501904888018","0.0144476607974994","0.010572895441403","0.0375","0.0156377848647823","0.0282217192921994"
"2023-01-03","0.020429078337057","0.0309983897561797","0.0144747602036414","0.0102726201497918","0.0375","0.0183979584843317","0.028003878231146"
"2023-01-08","0.0214786708279416","0.031872584031383","0.015924213413605","0.0101637498906382","0.0413783787221072","0.0195573043963274","0.0264404043104915"
"2023-01-09","0.0219826233688473","0.0350282226544549","0.0155718378956148","0.00803991607674357","0.0445425893743206","0.018440531822267","0.0260456609887647"
"2023-01-13","0.0293579648036672","0.0375","0.0152481487851887","0.0102974832080344","0.0517684358993447","0.0156104336521395","0.0539009415941788"
"2023-01-17","0.0298987334523871","0.0313046341844615","0.0154466878130598","0.0108186418934967","0.0485219667696593","0.0154572750627258","0.0268295118572746"
"2023-01-18","0.0348446353127561","0.032120120223335","0.0244864923867082","0.0101211969107817","0.0478574096932071","0.015156859930098","0.0405598375570915"
"2023-01-19","0.0154449039939447","0.0375","0.0208009506521343","0.0109449204267664","0.0481331402150686","0.0151354836527301","0.0399900745006368"
"2023-01-20","0.0208853139581209","0.0302280763609174","0.0171593462426517","0.00855964192952898","0.0410760540505071","0.0119910600323953","0.0539285115756363"
"2023-01-23","0.0206697956825116","0.0300848987172839","0.0155756585215616","0.00859171407553345","0.0471831036053658","0.0119444034135052","0.0540856863434446"
"2023-01-25","0.0333281687591488","0.0332989360230702","0.0170090660304568","0.0114603665921504","0.0458496469463782","0.0122638922938777","0.0518569365885668"
"2023-01-26","0.019924892424163","0.0352393503882471","0.014003199980384","0.014077983575425","0.0375","0.0127156115504402","0.0490936969587063"
"2023-01-27","0.0174007308370273","0.0343445982289924","0.0143132715264417","0.0149550430870334","0.0318107490419928","0.0120810917019781","0.0494488778769588"
"2023-01-30","0.029346194592458","0.0341130554191341","0.0137889898945256","0.0122173445052713","0.0336917794120102","0.0139845257972873","0.0445712082805318"
"2023-01-31","0.0167223938242406","0.0339961605211391","0.0139314454747007","0.0264447588393559","0.0218388303467956","0.0123836885911992","0.0440275183016158"
"2023-02-02","0.0273895499217204","0.0146130169123729","0.0140864173121866","0.0121198381365074","0.0280758112599392","0.0119597434026838","0.0461815448242787"
"2023-02-03","0.0250605778593062","0.0105310614914288","0.0140038834495759","0.0116082281611048","0.0181458942158737","0.0119321443447856","0.0465815596526426"
"2023-02-05","0.0255422295893016","0.0107366826075541","0.0138014299281509","0.0103410363622324","0.0187285066038593","0.011931918523529","0.0250322573551872"
"2023-02-06","0.0259159862996708","0.0215918163869567","0.0145426044426119","0.0100127712408609","0.0259521875910206","0.0120103440077923","0.0475586835367792"
"2023-02-08","0.0291270302638527","0.030052041253373","0.0148150516683231","0.00983512248664634","0.0309831822423378","0.0120359727506874","0.044717905025295"
"2023-02-10","0.0199085119541844","0.0133395606228377","0.0146399593594753","0.0103614843319173","0.0263760655079704","0.0118670311881675","0.0333815198867851"
"2023-02-11","0.0183047185012491","0.0136908792306827","0.0155019930023614","0.0105154625839561","0.027492449746053","0.0176501744718648","0.0442862940469766"
"2023-02-13","0.0196025734961312","0.0107440154936678","0.01577883831592","0.0101951275824443","0.033166982919768","0.0147359689931326","0.037648356843035"
"2023-02-14","0.0196998685702344","0.0106231947742416","0.0158316088134035","0.0100016179134438","0.0340331835246058","0.0153064847007629","0.0357151233038745"
"2023-02-15","0.0186800709630896","0.0104359148313008","0.0202052573192489","0.00984560449144932","0.0353171936263578","0.0133787876557884","0.0318533573197761"
"2023-02-16","0.0209892623939264","0.0153629077608198","0.0147466431408586","0.0109659690441313","0.0409569653150616","0.0147977466260899","0.0305851735911948"
"2023-02-17","0.0138445715594301","0.0161433917138307","0.0180219731034434","0.0121511796285491","0.0454511805416672","0.0136906176691021","0.0310822899238799"
"2023-02-21","0.0211070339211192","0.0174758377009822","0.0170586127939913","0.00842279523106487","0.0187944729423544","0.0133280818926657","0.0302218562137249"
"2023-02-22","0.0164531396822077","0.0112465035127139","0.0139501961804169","0.00879858344794218","0.0247527470370776","0.0131586745783358","0.0823900611185846"
"2023-02-23","0.013667052884394","0.00764200045438508","0.0137090612796989","0.00856059107945368","0.0247236446073791","0.0151033657275002","0.0578324335464907"
"2023-02-24","0.0136094183938971","0.00730752170736418","0.0156128393092433","0.00938881156902131","0.0218478073832623","0.0116083044817276","0.0755221972933661"
"2023-02-28","0.0171434867387419","0.00797057091632636","0.0139503987275448","0.0104380258830874","0.0193893657908046","0.0128166589560019","0.0725199689655422"
"2023-03-01","0.0164254667695217","0.00766912302998659","0.0138022917120457","0.00789470403754725","0.0275034079529283","0.0133196671541482","0.0591887195172028"
"2023-03-02","0.0167906014901861","0.00745526529494574","0.0130107795281643","0.00793308474214837","0.0218592058702718","0.0136456648399224","0.0590283449500876"
"2023-03-03","0.0140233296947784","0.014947727281694","0.0132968002954219","0.00958069056023409","0.0168799362909105","0.0142168867933611","0.0273062011186651"
"2023-03-04","0.0132142280418135","0.0167956462154882","0.0130018995593146","0.00977553193326196","0.0142641797460117","0.0134814932390821","0.0508865491041768"
"2023-03-07","0.010454676383931","0.00898888031826705","0.0123984514341818","0.00776198146781102","0.0132141157472246","0.0142340829239845","0.022007471454649"
"2023-03-08","0.0137429601411563","0.0087828207577964","0.0129906978020304","0.00787297653840931","0.0133102029275978","0.012419623859706","0.0266616473489595"
"2023-03-10","0.0153639578716834","0.012237612257186","0.0176415689226324","0.00897051802899274","0.0156991148158129","0.0138429741882573","0.0285742897042446"
"2023-03-11","0.0173856640522475","0.0128000512843111","0.0167293897687467","0.0096335172870364","0.0127696149147667","0.0123483349261235","0.0196117855809777"
"2023-03-13","0.0159634376721986","0.0129266074353168","0.0121150527544635","0.0110264054749321","0.0143344233336852","0.0122985909408106","0.0196542038683451"
"2023-03-14","0.0165865784471065","0.0124678192068621","0.0123556237168745","0.00961278107611322","0.0405057378097793","0.0140650771438944","0.0420942149956513"
"2023-03-15","0.0188523118608031","0.00963457552054657","0.0124796982857448","0.0112224505024731","0.0270587135821874","0.0126861911684914","0.0411694609181062"
"2023-03-16","0.0127969096197712","0.0114424765523561","0.0121687939556052","0.00988357204465561","0.0549502143679959","0.0132038434487904","0.0448993084234438"
"2023-03-17","0.0234025678870071","0.0122744646307511","0.0123188421600027","0.00902064730094898","0.0357681177554796","0.0138209229051387","0.0447607329839233"
"2023-03-20","0.0221070913928266","0.0100224570018292","0.0176554308125983","0.00994414799823258","0.046959887696269","0.012957812680217","0.0532754611552018"
"2023-03-21","0.0233636957433789","0.0131201841108787","0.00848602965513883","0.00871578276541162","0.0454930502592428","0.0133405435234559","0.0555508673001157"
"2023-03-22","0.0238825659867258","0.0104333997838125","0.0119849380773182","0.00890509419834333","0.0232711005157721","0.0134096074233399","0.0443840011280682"
"2023-03-23","0.0236762759152648","0.00918705824127869","0.0119928100972522","0.00846977955638449","0.0254521634133219","0.0136040175574039","0.0431391723307931"
"2023-03-24","0.0274098006602356","0.00941748325225103","0.0122662243557509","0.00890618942063438","0.0313225199349981","0.0131284628551748","0.0421999722906074"
"2023-03-27","0.0260673808494522","0.00707317022468647","0.011719209661261","0.0113444234932496","0.0607446887216149","0.0132611182923433","0.0355024752810148"
"2023-03-28","0.0205847214090976","0.00709248808104561","0.0117518686825544","0.011801942585166","0.0682258592224738","0.0134194581839589","0.0373964873979261"
"2023-03-29","0.0109707441911396","0.00945489470425834","0.01305177853138","0.00787860459671154","0.0944028973249723","0.0125699906253973","0.037927874379541"
"2023-03-30","0.0152516022903794","0.0158756655932258","0.00991987929637557","0.00769677573307932","0.0887514221409077","0.0118956503954825","0.0343795172151351"
"2023-03-31","0.0162365866744099","0.00945449753219321","0.0072752804679435","0.00812463706893995","0.0380665603773729","0.0131850178623112","0.024041099865129"
"2023-04-01","0.0161388167263509","0.0157192078038457","0.0152710150306841","0.00906548681572362","0.0206860777991473","0.0147981392804125","0.0153642035081165"
"2023-04-04","0.0166990091035518","0.0164573725095968","0.015218835274102","0.00901433595202667","0.0230224278144742","0.0162953988614635","0.018445166033063"
"2023-04-05","0.0165793858339633","0.0107819218748434","0.0151602407069367","0.00884106319004243","0.0218622878505538","0.0137710755884378","0.0254984079514023"
"2023-04-08","0.0169123872292489","0.0101375110175233","0.0133127221328852","0.0146681433949406","0.0142995438785851","0.0134968846671015","0.0227171156041491"
"2023-04-10","0.0172587662361179","0.00937932709396062","0.0113145547808627","0.0138604198889154","0.015351623455906","0.0135647013844386","0.022369905656076"
"2023-04-12","0.0146818288053692","0.0083644806319511","0.012354749807652","0.0134291033686017","0.0152198856856389","0.0142137170893865","0.035627904726055"
"2023-04-13","0.0182775532948353","0.0079433574120161","0.0113503866138999","0.0165201263398573","0.0199193512854999","0.0180045774186516","0.0374138030588296"
"2023-04-18","0.0166065540548167","0.00823486852324468","0.0117101389515281","0.0161663111640384","0.0194550617071202","0.0184190232366396","0.0340315515066131"
"2023-04-19","0.0147714886931107","0.00896885379697222","0.0121634838338934","0.0146060769931742","0.0239744136203763","0.0144559748020717","0.0327074473302106"
"2023-04-20","0.0169256300440373","0.00803843018277178","0.012255741481774","0.0138934684427435","0.0202626255330148","0.0145302332605025","0.0356717832071476"
"2023-04-21","0.0166388226975989","0.00678925609362078","0.0098673098528618","0.0117498982332784","0.0237703035131169","0.0137293466696105","0.0359772058192469"
"2023-04-24","0.0100551502107314","0.00686522549337692","0.00984450805920555","0.00903078003243766","0.0275397305536001","0.0152409758519667","0.0201732840705713"
"2023-04-25","0.0102923319890322","0.00713785279086361","0.00988616193892159","0.0116921086085423","0.0301492916057138","0.0430012536915136","0.0139763998500795"
"2023-04-26","0.0103567440108567","0.00710406509159826","0.0100322469737801","0.0114950225052464","0.0181346322927879","0.0143489069347692","0.0168965113087385"
"2023-04-27","0.0105920864146284","0.00702675251115861","0.0100404897869547","0.0113081983263246","0.0184495798811667","0.016821318768892","0.0198459265671435"
"2023-04-28","0.0194647333677628","0.00695704164594243","0.00806077339226382","0.00818063804353085","0.0182378963816704","0.0152030444941348","0.0177758742371427"
"2023-05-01","0.0212041164430882","0.0067630897140847","0.00806420777867782","0.0193246950269235","0.0200073952726523","0.0147703397408654","0.0226132354609457"
"2023-05-04","0.0215187109100449","0.00560327539272943","0.0079501931395524","0.0188798867116984","0.0185273756073595","0.0176049689136492","0.0200748374490249"
"2023-05-05","0.0156296703409167","0.00614398221763518","0.00781123344819951","0.0193465834116962","0.023073702635101","0.0124277269900929","0.0157007459111929"
"2023-05-07","0.0181362796319883","0.00613499248962809","0.00772459388766961","0.020434350539738","0.0138652807159053","0.0142547432744876","0.018944080376605"
"2023-05-09","0.02060481655944","0.00655749511993562","0.00539442990331372","0.020204361076444","0.0135017982029071","0.0157850016306502","0.0190456752874947"
"2023-05-10","0.021517562694993","0.00759093577721203","0.00854592022299809","0.0111561403647345","0.0160348079738348","0.0203929738355386","0.0170424067122631"
"2023-05-12","0.0173572156230962","0.00646400032008422","0.0105732254423071","0.0160051459629338","0.0594268328801811","0.0173467609862595","0.0114765456619361"
"2023-05-15","0.0142125752266703","0.00668162455432778","0.00948023158492237","0.0145882291692286","0.0278570716268485","0.0176429548807716","0.0149564559482647"
"2023-05-16","0.0146151960624044","0.00863449624781882","0.0111394114842846","0.0184427418656641","0.0279812739641111","0.0142461077803216","0.0169000081097897"
"2023-05-17","0.0168702561901062","0.00832190085422522","0.00780062216747087","0.0151709007514239","0.01665747580965","0.013551220747007","0.0114365001268245"
"2023-05-18","0.0135903715320459","0.00678274262508209","0.0065349864902","0.0201946408443886","0.0175768704155804","0.0108421731362627","0.0117818717326547"
"2023-05-19","0.014431927507207","0.00681638918128227","0.00689696825781248","0.0211862608265843","0.0118088468855239","0.0119672049698169","0.0158763918654269"
"2023-05-22","0.0129161234260294","0.00860208745916009","0.00865707775469012","0.0222163546990678","0.0111863426059975","0.0107547166416203","0.0169677303127982"
"2023-05-23","0.0133764387257267","0.0211459021237753","0.00762198051938537","0.00733056209757793","0.0106751004584314","0.0130750102460264","0.0200162134414439"
"2023-05-24","0.0151367593686679","0.0164562722327231","0.00905433744416951","0.0124542381423709","0.0189190760865614","0.0106944212616442","0.012306550757418"
"2023-05-25","0.0131177363790814","0.00964098617693695","0.00880212986139684","0.0125044445219227","0.0171509243698784","0.0130729197232509","0.023990046439534"
"2023-05-26","0.0194626233573561","0.0101789174112115","0.00616485137549646","0.0124748030454373","0.0120569531337135","0.0110122634219389","0.0145769853042739"
"2023-05-30","0.0234119637388618","0.0106935578011537","0.00880530343946205","0.00439896503000813","0.0133425432569745","0.0124925114977704","0.0170395905268763"
"2023-05-31","0.020255709794903","0.0201591211084594","0.0221828804673873","0.00565621366741836","0.0104319387148869","0.0133396904449406","0.0153448650096707"
"2023-06-02","0.0202319827950527","0.0118314423536138","0.0225668927109804","0.0247114932544774","0.011131400922184","0.0121964388706423","0.0101720729597318"
"2023-06-03","0.0199363039776874","0.0124065860489778","0.0223539268755197","0.0343527240012321","0.0121320031278699","0.0095717716631491","0.00893282382220177"
"2023-06-04","0.0308245142498542","0.0123700462870547","0.0233880428319958","0.0373908294987821","0.0108364937441695","0.00948715298175958","0.0116363807719017"
"2023-06-06","0.0312502400851966","0.004493429600521","0.0225845826303094","0.0186152661285965","0.0126524433520524","0.0149080196182928","0.0122730732701117"
"2023-06-07","0.0209651039489303","0.00943883591076612","0.0111761792678262","0.0181596443675349","0.0104528681572896","0.0144397602426728","0.00891410090575885"
"2023-06-09","0.0200602497344201","0.00839127252570804","0.0153166723799001","0.0122718805032855","0.011483704525473","0.0139386879771105","0.0172892003157998"
"2023-06-10","0.0207925042496071","0.00777773527006789","0.0157955772091658","0.0160161208107859","0.009427503332178","0.0139679759351935","0.0188885205249209"
"2023-06-11","0.0175969189297304","0.00780218422322349","0.00732849554016632","0.0125959766506445","0.0106809581112822","0.0206337185735608","0.0106031949759019"
"2023-06-12","0.0147314793801934","0.00864180011648252","0.0107797553588043","0.00795265594932393","0.0105878104255271","0.0120339187535624","0.0184341627828467"
"2023-06-13","0.0147306364741185","0.00778930525629511","0.010940216201895","0.00867863205988572","0.0220916604456227","0.012213599613845","0.0178749112257354"
"2023-06-14","0.0140117893408282","0.0171742891941458","0.00879905684124071","0.0087182995344903","0.0158956043324542","0.0119176200413355","0.0203849376226931"
"2023-06-15","0.0141076056751291","0.00883199599939046","0.0152698850551483","0.00943959551771133","0.0158550314583859","0.0122193074680527","0.0407566198135114"
"2023-06-16","0.0146334671087062","0.010562951552077","0.0253177092034438","0.00653196821386269","0.0352886306519612","0.0123182777968034","0.0450596531123557"
"2023-06-20","0.0127695215228821","0.0128573200728064","0.0146727411436922","0.00794890571455671","0.024231651647996","0.0122993244937977","0.025366173130263"
"2023-06-21","0.0127193334918545","0.0117096528548947","0.0145466410097047","0.0076064480585499","0.0118981164264433","0.0105765912619053","0.0224233158458304"
"2023-06-22","0.0126904359000372","0.00944487835749901","0.0240836349752961","0.0107903461778914","0.0114524922465357","0.011467068039431","0.0247645163418915"
"2023-06-23","0.0127001507669345","0.0213427446852723","0.0269182226290382","0.00990521720730877","0.0110020139956421","0.0145456995058541","0.0217995494934486"
"2023-06-26","0.0128877718118066","0.01584291342826","0.0285742719788491","0.0112018281462037","0.0107770315378432","0.0105013331303666","0.0219075251381071"
"2023-06-27","0.0132368397789839","0.0157103487239446","0.017897717065445","0.0118865624085134","0.0107087394057401","0.0104588136061737","0.0214121018085004"
"2023-06-28","0.0126552886276776","0.0152295563286165","0.024484824903117","0.0108854992606326","0.0144249736354102","0.0102717605185133","0.0107932987338415"
"2023-06-29","0.0119730107276642","0.0144712354480113","0.0176682681948864","0.0234925562519776","0.015051780770741","0.0101940079472145","0.0213392236639884"
"2023-06-30","0.0127207849072979","0.0147359646668515","0.0164601045991287","0.0144470229315503","0.0128524649106216","0.0110087549241694","0.021550611767765"
"2023-07-02","0.0126948044732275","0.013463085650327","0.0190638145676758","0.0105827058726112","0.0138553841591227","0.0112274053174955","0.0179677657129923"
"2023-07-03","0.0123139174525092","0.0148346916797087","0.0385200279110748","0.0131905571257116","0.0371347473713474","0.010336617731395","0.0132049824884563"
"2023-07-06","0.0162293876358527","0.0181175783360365","0.015646506780837","0.0107152999125284","0.0462097578529796","0.011234589275493","0.0129089910134184"
"2023-07-07","0.0127697947532727","0.0241563871464546","0.0169353695405015","0.0104750834479316","0.0115659503837207","0.0100599191332945","0.0150753605018808"
"2023-07-08","0.0159448685463157","0.0267921592779565","0.0297961230821584","0.012136472919496","0.0366443145658872","0.0151447571409043","0.0119703462666212"
"2023-07-09","0.0262114847183742","0.02183910254922","0.0206553516376531","0.0203675872590751","0.0468772983548989","0.0164928828520208","0.0151763017403303"
"2023-07-11","0.0124645607347213","0.0182518318607325","0.0236902810507221","0.0214619201940881","0.0192365888442806","0.0125217714526722","0.019696585286172"
"2023-07-12","0.0123475254743516","0.0303970833334116","0.0105618434675693","0.0234383850718918","0.0198932826995959","0.0155317704333046","0.0201129816001564"
"2023-07-13","0.0161113332083189","0.0316573135988094","0.00987265295730147","0.0200659621367027","0.0187856824760292","0.0189314440135611","0.0201196894688946"
"2023-07-14","0.0152424440255549","0.0305093302275218","0.00992514402971599","0.0387027521312531","0.0199442771855633","0.0187285613513512","0.0194438464788292"
"2023-07-17","0.01575114055511","0.0142356185806007","0.0101229168496567","0.0256447745949433","0.017068293215625","0.0118480066536793","0.0193195147403201"
"2023-07-18","0.0129117189288513","0.0142615548536209","0.00933266338247147","0.0159381618241916","0.0156539363086272","0.0117873450075452","0.0128216730059537"
"2023-07-19","0.0125757035605039","0.0117843237288308","0.0101455045917596","0.0114984269004261","0.0183026274596447","0.0136831763549383","0.01203880623499"
"2023-07-20","0.0122504531834692","0.0112005040016197","0.0074833353288167","0.00969932902291414","0.0164192864053514","0.0137236012825616","0.0148789012137995"
"2023-07-21","0.0128450306558226","0.00763731408631673","0.010887213506012","0.00727276458028848","0.0171586670644526","0.0154966793178895","0.0136180813378897"
"2023-07-24","0.0123352174291573","0.0109152987538598","0.0111967432863215","0.00934720599610074","0.0162602774776721","0.01255869991207","0.0153025939578375"
"2023-07-25","0.0122285751121309","0.0075788275999893","0.00780967440461239","0.00743468892769091","0.0172917618420103","0.0124368014195177","0.012943637817475"
"2023-07-26","0.0121708916295582","0.00699023434790091","0.00738276261657384","0.00733658936756875","0.0182200172411353","0.0125096975927062","0.014238104125073"
"2023-07-27","0.0134220423801332","0.0075605571919984","0.00701604466783843","0.00733327263384879","0.023182421794897","0.0120249344681729","0.0177066907835834"
"2023-07-28","0.0130756591644998","0.00779925007479253","0.0079134498003288","0.00729191827162896","0.016461746931916","0.00928142730680361","0.0190870203302905"
"2023-07-31","0.0126788992465397","0.0126203794290248","0.00791597216718826","0.00734849423432641","0.015576786995285","0.00927359415994238","0.018725341067548"
"2023-08-02","0.0114408087881545","0.0160366465430828","0.00706748164497516","0.0061736223238519","0.0151410116285424","0.00931427689050139","0.0167918548183736"
"2023-08-03","0.0123558596486817","0.0163232975020903","0.0134242620749827","0.00588230214668879","0.00990910331029241","0.00939658080940785","0.0129768458654357"
"2023-08-05","0.0125467764871698","0.0163539363622128","0.0094059219888677","0.00589099346433329","0.00879029485522738","0.00914992974636343","0.0170603434740039"
"2023-08-08","0.0117717028387284","0.016146878225028","0.00683637955013097","0.00634495385692896","0.0105178330483911","0.00937547701917628","0.0172115017971876"
"2023-08-09","0.0114755711578945","0.0159367346385057","0.00674011836295186","0.0092478642242201","0.0134177161890051","0.00943673968336264","0.0159033106664316"
"2023-08-11","0.0120265667328183","0.0203900231109076","0.00662377491813773","0.00925554715788582","0.0159873474796398","0.00893808572102042","0.0165680171241181"
"2023-08-12","0.0120283203444397","0.0185238358647918","0.0076863289940989","0.00620783987929501","0.0125245317103953","0.0083269001811885","0.0179424124378133"
"2023-08-14","0.0113579972027285","0.0097768008992469","0.00990619216875304","0.00491086564136279","0.00948304528995707","0.00865902869371489","0.0174278021335461"
"2023-08-16","0.0112178455447125","0.00723377838117115","0.00727554616391574","0.0063155091290195","0.0129666362591906","0.00880617917168097","0.017650865735601"
"2023-08-17","0.011484369828358","0.00783029014247323","0.00838606726399512","0.00470382416001386","0.0137453189319927","0.00990087645078929","0.0164749461337652"
"2023-08-18","0.0115295237543393","0.00872455255426893","0.00739442241944799","0.00591403858781675","0.0141644860203316","0.00949982010303703","0.0158522178866693"
"2023-08-21","0.0132243940503113","0.0111271794519518","0.0103206624145523","0.007607854661534","0.0115551656871783","0.00969016884124667","0.0128595400311185"
"2023-08-22","0.0113443867386832","0.0103192173324494","0.00795114480820977","0.0101782740805284","0.00808417684558727","0.00954352144404316","0.0134918262119692"
"2023-08-23","0.0131403450140556","0.0103847440212791","0.00793142094660479","0.00739839748431727","0.0126514674427589","0.0117446675057768","0.0122805056986701"
"2023-08-24","0.0116014645504861","0.0190582081575468","0.00778416642079271","0.0107902114674859","0.00736817390727488","0.0127919378591498","0.0116430496013979"
"2023-08-25","0.0113761599746919","0.0113319756194529","0.00786636265230323","0.00917084383050236","0.00749835158981052","0.0119643021192624","0.0214427702716311"
"2023-08-28","0.0111687892015562","0.017395362459479","0.00681520761131114","0.0071755102353962","0.0159882589536028","0.0127060832843706","0.0175363933687563"
"2023-08-29","0.0110836742427209","0.0133376346258575","0.00799089679144583","0.00894498568733855","0.00723865739343067","0.0126518309670412","0.0177634796799662"
"2023-08-30","0.0111629174065096","0.0181950424061803","0.00750953293331643","0.00664434270987819","0.00733620706988424","0.0125716333368983","0.0211672908460952"
"2023-08-31","0.0132151185465979","0.0128264475578566","0.00787304952012103","0.00692024189941864","0.0072531303700242","0.0132760905425903","0.0176676399938534"
"2023-09-01","0.0114158527904056","0.00983311431051216","0.00673553233152901","0.00706473165147793","0.0148125424606404","0.0128499079412704","0.0117406970949845"
"2023-09-02","0.0117168978995385","0.0124720986179998","0.00658652264374511","0.00900781723121203","0.0141147539947509","0.0127584399877165","0.0198263346535107"
"2023-09-03","0.0114200807626366","0.00988146665361034","0.00696281775761274","0.00870107999309049","0.0141457358465057","0.0126418945139016","0.0128822881628831"
"2023-09-05","0.011521991236751","0.0117451611608494","0.00809911788750676","0.0122847007893044","0.0152098220901597","0.0101624939050519","0.0166006729745491"
"2023-09-06","0.0123345152887388","0.00954377974403574","0.0080459688943928","0.00249548652605808","0.0102020740941706","0.0105473116316793","0.0150485835844909"
"2023-09-08","0.0119414896989906","0.00831533767566529","0.00795003406059247","0.00523428694952353","0.0103875881250217","0.0108115237860451","0.0095291682403085"
"2023-09-10","0.010663270475364","0.0105949772760025","0.00815343159060559","0.0121836211641435","0.0112788408358745","0.0108654289043125","0.00936513662825707"
"2023-09-11","0.011927225752637","0.00993724379214783","0.00741469810038276","0.0122307008046983","0.0101864782958145","0.011206465812759","0.0110507047375135"
"2023-09-13","0.0128247838427693","0.00947389960789365","0.00756603780229222","0.011662980792617","0.0102802050007909","0.0113401798951006","0.0133159846901766"
"2023-09-14","0.0142712189275526","0.0213381380027279","0.00792004885072658","0.0124150386453954","0.0130765531868443","0.0131442940453422","0.0110752373389681"
"2023-09-15","0.0123193120413094","0.0231249517346536","0.00810767051639015","0.0128614531636915","0.0122780100944722","0.0128974873988145","0.0130820835766338"
"2023-09-18","0.0115274112958148","0.0114558127828525","0.00859461156197308","0.00487425301609775","0.00983724380993126","0.0140859909933809","0.0137278746886186"
"2023-09-19","0.0123754890432593","0.0214837021795327","0.00807898755193957","0.00460608455549056","0.00949921231636256","0.0102268253287351","0.0152245317738117"
"2023-09-20","0.0109429594762386","0.0206935339785784","0.00643316963281298","0.00457040739298776","0.0104903638209379","0.0101346045795269","0.0138450400860271"
"2023-09-21","0.0134805641160656","0.0100547949380273","0.0069516938404829","0.00470700289495391","0.01258546462261","0.0145859591132221","0.0195314519720835"
"2023-09-22","0.0136903796707175","0.0285626567569431","0.00525321448412693","0.0048941935288302","0.0105511018357958","0.00988938871144316","0.020385084813005"
"2023-09-25","0.0137462119946706","0.0105419313017042","0.00713424555968163","0.00512046808855974","0.0123489123101188","0.011881005942213","0.0210954502505342"
"2023-09-26","0.0149357034659952","0.0207260787941375","0.00836622945472617","0.00489333188999146","0.0115787126538649","0.0115625832985583","0.0147053123303015"
"2023-09-27","0.0128887552265677","0.0298638775752279","0.0082987726151568","0.00623518593854306","0.0117832706276998","0.0131169370277216","0.0176131428462281"
"2023-09-28","0.00756385699344678","0.0213638119870857","0.00826684428717641","0.00625548920349733","0.0113523627243276","0.00988723057781148","0.00903885284430373"
"2023-09-29","0.0125600084206391","0.0223817968263439","0.00821427281753501","0.00564819908900223","0.0114506869508732","0.0122965541400438","0.0168521316609084"
"2023-10-01","0.0131574760213095","0.0161173999764654","0.00575946405183527","0.00506352599049058","0.0098229079674866","0.00997449334352613","0.0193235935720198"
"2023-10-02","0.00796835563644631","0.011819155276967","0.0052938874274296","0.00741384146795173","0.0133584764185189","0.00863421994010152","0.0190261307761458"
"2023-10-03","0.0105866083747736","0.0122468378959455","0.0060611514657984","0.00585571889377187","0.00983547690542443","0.00758882621940389","0.0119160008526089"
"2023-10-05","0.0117011140881568","0.0203121961689928","0.00550782227485213","0.00644155325612879","0.0131180752362368","0.006643614672767","0.0129492276588873"
"2023-10-07","0.0127328981275076","0.0450058083776408","0.00606074409416427","0.00625352274252686","0.0128254652190769","0.00604829121118129","0.01462338588268"
"2023-10-08","0.0116190615746631","0.0141333469436698","0.00616374072026369","0.00617368860408515","0.0120786875839536","0.00702384756370565","0.0169474900757345"
"2023-10-10","0.0132574804467566","0.0131213197235749","0.00722610659954174","0.00609454242563579","0.013340435908793","0.00809086721943352","0.0188713468761495"
"2023-10-11","0.0132576590387658","0.0197446284334233","0.00616407863535134","0.0074142601113527","0.0140989181073637","0.00841063623464861","0.0197173801046054"
"2023-10-13","0.0127437079474484","0.0193408427209175","0.00670976793450477","0.00574206369642682","0.010530688315799","0.00875873057918861","0.019566634756634"
"2023-10-16","0.0128818830659647","0.0189836295676116","0.00569723450840467","0.00553259612937457","0.0114291683937323","0.00938676592082466","0.0200044334798274"
"2023-10-17","0.0124063331634652","0.010740096296765","0.00566639202409122","0.00523592642407103","0.0112944706196399","0.013872753305297","0.0216839588170744"
"2023-10-18","0.0117882539320027","0.0124425854884427","0.00820750001456778","0.00550139704786549","0.0128579356090481","0.00936689761674051","0.0100211471998886"
"2023-10-19","0.0126312924787088","0.0103176054904955","0.0826502026777804","0.00534355935691662","0.0128251065850234","0.0112668695408772","0.00983642484444534"
"2023-10-20","0.0128110003833151","0.00969045902184499","0.0650988804357708","0.0052644420929228","0.0116431384216997","0.00936311120648824","0.00947406474470283"
"2023-10-25","0.0130026581904331","0.00872526508333694","0.0082783252521584","0.00582358693027233","0.00982623409406932","0.00975997777505406","0.00915864407009621"
"2023-10-27","0.0145585870503656","0.0117591268509977","0.00718504900037767","0.00530427242572547","0.0138650668853421","0.0109112438009452","0.0166257922726204"
"2023-10-30","0.016121656772329","0.0117881928317466","0.00685241619012847","0.0056039956599261","0.0138985255135894","0.00659425949225509","0.015281737219932"
"2023-10-31","0.013316709080904","0.00679676010250589","0.0049499083834084","0.0057253288537578","0.0137208944383295","0.00767564055271226","0.0225898073040086"
"2023-11-01","0.0152241992120042","0.00703113989154048","0.00493522383925493","0.00571786327397804","0.0140953256205067","0.00750093939846993","0.0171675445640685"
"2023-11-04","0.0126778167130201","0.00668388678521628","0.00684032902133561","0.00557357034893488","0.0139532284626709","0.0105423232286038","0.016609893311969"
"2023-11-05","0.0126336071723706","0.0067388816709636","0.00696607891789562","0.0055362719486026","0.0144430309156496","0.00989971785314181","0.0166769998726186"
"2023-11-07","0.0124138529718517","0.0062080936403403","0.00564388207557416","0.00542619954498965","0.0144363356482356","0.0110682435820634","0.0164473104684795"
"2023-11-08","0.0121240024965356","0.00907351087867532","0.00673839222232226","0.0056784149180932","0.0144240649525471","0.0113547466118406","0.0210912470882952"
"2023-11-09","0.0123418405229438","0.00650262339958551","0.005595018298154","0.00563215838235999","0.0139560281117667","0.0146062710966058","0.0214104684872376"
"2023-11-10","0.0114075687433857","0.00669591988877981","0.00555503957362518","0.0058249451301021","0.0138000692729363","0.0147076691343959","0.0223621365471994"
"2023-11-12","0.0115503533197399","0.00840156777316385","0.00669626307803599","0.00588120127261023","0.0137989148099744","0.0146400805491495","0.0222600441649233"
"2023-11-13","0.0115666618330473","0.0066704693333811","0.00664288693111998","0.00571660326509464","0.014067763263924","0.0157949777718355","0.020827197155612"
"2023-11-14","0.0113737010784459","0.006850126695424","0.00746320395043968","0.0056613649957354","0.0128037503652289","0.0113204583181686","0.0228837156134225"
"2023-11-15","0.0111010409251911","0.00817072098738712","0.00653450025036259","0.00575089938020789","0.00981678888492212","0.00946539924368189","0.0159897167979575"
"2023-11-16","0.0116631769803013","0.00723939753837137","0.00634537227099146","0.00613556388426673","0.0106928815591131","0.00949828458315564","0.0215783003287161"
"2023-11-17","0.011761036064774","0.00734432939683399","0.0061820413856024","0.0066208661563954","0.0102980931361206","0.00962862088872865","0.0291857455553588"
"2023-11-20","0.011043025856456","0.00768045198600283","0.00719983244301069","0.00717885760313392","0.00867954282879782","0.010415110849691","0.0240005779421934"
"2023-11-21","0.0115681637331244","0.0075864331519714","0.00637672174329679","0.00719073343909006","0.00866177537502475","0.00892866068855846","0.0239213678933075"
"2023-11-22","0.0115350065968072","0.00747361450884908","0.00494670811985237","0.00677176733500196","0.0085829001633635","0.00874048474776483","0.0234879114797793"
"2023-11-24","0.0116573213725649","0.00793845724873224","0.00492029643750723","0.00677172932848676","0.01403307164448","0.00852375564725289","0.0233573058879659"
"2023-11-27","0.011646478871501","0.0106201352339379","0.00668808778479909","0.00677763676245666","0.00914331053606787","0.00808031015850581","0.0226761685532556"
"2023-11-28","0.0116338730483823","0.0104948126470698","0.00667473640166816","0.00684463352217611","0.00876324428494794","0.0073108814000159","0.0409436555996153"
"2023-11-29","0.0118119575431842","0.0105888419164167","0.00681178494076819","0.00692895721029712","0.0069187838763695","0.00747213906464635","0.0310681347812723"
"2023-12-01","0.0117754030948285","0.0102954595092273","0.00651019468767116","0.00693136703912517","0.00984136987828142","0.00767877587638218","0.0305882894943981"
"2023-12-04","0.0116483095419138","0.0197158944434009","0.00650529954085478","0.00613181637050624","0.00954328991031521","0.00995161189331968","0.033559792095041"
"2023-12-05","0.0117303403262423","0.0130896093363982","0.00706305235659463","0.00508391565296429","0.00936132643399882","0.010903940171571","0.0194386222943175"
"2023-12-06","0.012396127150561","0.0174539960321917","0.00708591445839349","0.00492791307132541","0.00965598698018797","0.0116618902056528","0.0197517324614045"
"2023-12-07","0.0137062220716891","0.0179398456858353","0.00711260481765229","0.00482762460813275","0.00956821204527288","0.0117325284949823","0.0217314541199839"
"2023-12-09","0.0124273379454066","0.0126371797877744","0.00702720773738457","0.00804945884853011","0.00914655212435933","0.0118674730488655","0.0208797068762097"
"2023-12-10","0.013748311744038","0.0190498553220374","0.00684691034000569","0.0112931017525824","0.009591763807941","0.00944441421982019","0.0212257289303698"
"2023-12-12","0.013619795141739","0.0180521673395275","0.00710686072817326","0.0114259333344394","0.00963736108377587","0.0110303683280034","0.0185448735337521"
"2023-12-13","0.0124136223552874","0.0172548235234661","0.00679981780183898","0.0113110230047363","0.00958980142922756","0.0119691729373816","0.0184785458428395"
"2023-12-14","0.0118926537419709","0.0161879564036822","0.00670934484503594","0.00771404539884727","0.0101811918318808","0.0113176493390403","0.0303181577512941"
"2023-12-15","0.0119142016903745","0.0153891577354835","0.00655771294929128","0.00787233876824809","0.0117581940524044","0.0111279766450704","0.0145448048278868"
"2023-12-18","0.0118464872720891","0.0126888979619818","0.00649028460165078","0.00959713282196464","0.0105640487340169","0.0117629533393199","0.0108327270487644"
"2023-12-19","0.0117638776393008","0.00766477180977729","0.00539635115167708","0.00810687567827961","0.00740227947253448","0.00935875780725775","0.0140223955545515"
"2023-12-20","0.0120212203998","0.00935750005990047","0.00542833347792038","0.009179626012979","0.00748288268098608","0.0099530055779808","0.0142138676937944"
"2023-12-21","0.0119912798934797","0.00789493420355879","0.00518110710340253","0.0161690662492236","0.00741835376027688","0.00936530125330249","0.0147269215420346"
"2023-12-22","0.0117018920108941","0.00632486555431734","0.00718565480612809","0.00886686810634823","0.00592814191518751","0.0128008726976836","0.0115191899427138"
"2023-12-27","0.0116593545871577","0.00656646897018457","0.00734558278418438","0.0154319158213175","0.00791690812318632","0.0123922807914868","0.0107208286420009"
"2023-12-28","0.0116007123602365","0.00583793717216558","0.00492358240736072","0.0086381180280728","0.00764452186516749","0.0123404914199849","0.0106302733441424"
"2023-12-29","0.0117826290897991","0.00579652185473942","0.00501691427667402","0.00811060356855178","0.00790494557032058","0.0123764972115503","0.0106828475554995"
"2024-01-02","0.0120333012413507","0.00659446831169963","0.00809413815012638","0.00865350656672915","0.00745747601550844","0.0121837451794136","0.0106497936262047"
"2024-01-03","0.0120966561335057","0.0136308315023104","0.0105102399623737","0.00968242492412389","0.00729731725950863","0.0129567054795515","0.0115522485768615"
"2024-01-07","0.0119792150141352","0.0137415411838322","0.0103927957398193","0.00983403308767351","0.0080641059541397","0.0123494334812439","0.0113712032741192"
"2024-01-08","0.0119690478872166","0.0138592473919794","0.00453843140513215","0.00923302196246367","0.0079693322324889","0.01236365061844","0.0098234748763606"
"2024-01-10","0.0119821373230545","0.0199635318875001","0.00565695471573672","0.00914630233439901","0.00814767550994602","0.0109923579070303","0.00747927958596897"
"2024-01-16","0.0127557440808146","0.0212220384099953","0.0063610659583215","0.00942198964438439","0.00894909206210745","0.00893821426899407","0.0104647007506269"
"2024-01-17","0.0121125789002515","0.0218599341745164","0.00650299182140965","0.00985883798725418","0.0116309757251857","0.0119677574078991","0.0106279068573838"
"2024-01-18","0.0122458672557268","0.0195980188407477","0.00626002825584504","0.00921978265714","0.0112490977435612","0.00957349116693862","0.0105915330249631"
"2024-01-19","0.0118589924719139","0.00874786675393972","0.00532067568246801","0.00508944056402987","0.0166447575727799","0.0120220023818341","0.0110403615036114"
"2024-01-22","0.0122477560985755","0.00948333552473892","0.00630490571648851","0.00820317704221592","0.0128835654448482","0.0120544028577797","0.0110234251012958"
"2024-01-23","0.0118010840316971","0.0185097551514375","0.0063315386783107","0.00467482137149456","0.0144206511263181","0.0113970623516093","0.0110941924538431"
"2024-01-25","0.0114180158926873","0.0178583644983773","0.00624304953326677","0.00623345928721135","0.0139093398273684","0.0119644729607575","0.0106132584182697"
"2024-01-26","0.0116082320301968","0.0171948518582404","0.00597334576054147","0.00849326980037004","0.017071470440677","0.012110588565864","0.011521882294899"
"2024-01-29","0.0114115762810139","0.0170348223458934","0.00917572623361856","0.00686199176640405","0.00980180982435196","0.0121708080109968","0.0114246430624744"
"2024-01-30","0.0118054305780709","0.0165533187947413","0.00889112251433015","0.00516166497130729","0.012407515706097","0.0120383345886988","0.0136590027926809"
"2024-01-31","0.0116755810109744","0.0165568634054363","0.00871113153842817","0.00538105769087138","0.00664668206858265","0.0120314459570072","0.0106852213388666"
"2024-02-02","0.0117039053170007","0.0129138953419656","0.00902238368946139","0.00926718281042722","0.0135139360160579","0.0117614017598155","0.0141302897445139"
"2024-02-04","0.0109477487072493","0.0115032281933773","0.00674343223677656","0.00574286931497251","0.0183439358020897","0.0118501330309045","0.0120704763182195"
"2024-02-05","0.0124020565868192","0.0135561126156419","0.00629278905795488","0.0104269621065136","0.00700908116785553","0.012824412051696","0.0143368612277091"
"2024-02-07","0.0115210492274276","0.0123879024636114","0.00471696300836037","0.00817041425786216","0.00576124718051844","0.0118633353722899","0.0106976995642474"
"2024-02-08","0.0124588745426485","0.0145279297561067","0.00467253165785348","0.00820617805671564","0.00665605994422119","0.0115836286539619","0.0127578411721202"
"2024-02-10","0.01230510017661","0.0131912624951206","0.00629513745068658","0.00603215546765973","0.0268699857452311","0.0116452334669133","0.0102944667411314"
"2024-02-12","0.0119726612125417","0.0148041312301029","0.0064122483176658","0.0084089259770607","0.00877107804945608","0.0125794845868976","0.0128183213194222"
"2024-02-13","0.0112695993213249","0.0134567111599689","0.00589067825676071","0.00507097321668388","0.00707881140706313","0.0119062617453704","0.0136451087316795"
"2024-02-14","0.0114845418101752","0.00776355251945941","0.00486787188209744","0.0048755265235374","0.0089451431940766","0.0119846184976185","0.0138310091360804"
"2024-02-15","0.0115178390514619","0.00746386378748289","0.00421983141124277","0.00495863759484548","0.0096174919358197","0.0117397956091228","0.0135864306801252"
"2024-02-16","0.0118090082038962","0.00753645762840938","0.00606203597441808","0.00694150750173547","0.00596623424304124","0.0115765052268721","0.012007874173688"
"2024-02-20","0.012667403620352","0.00785607122793941","0.00601637922804515","0.00581674718213457","0.0115015170912411","0.00978046147445942","0.0123035970724193"
"2024-02-21","0.0110957580128741","0.0076501299051106","0.00607028754428411","0.00537243302479547","0.0117619910386579","0.0119085107458448","0.0126058964944154"
"2024-02-22","0.00943778650103115","0.00770927396705212","0.00475055144553314","0.00527474792372777","0.0118564859525639","0.0120028340800694","0.00919344155012982"
"2024-02-23","0.0122808394769083","0.00771884908659891","0.0059358323610853","0.00743940053105443","0.0115321133523561","0.0112325597463866","0.0128777240448489"
"2024-02-26","0.0108850114384503","0.00775487250269221","0.00589756571314902","0.00834255385185106","0.0108668527170859","0.0110325215396179","0.00876422320617783"
"2024-02-27","0.0140857393660967","0.00762837751557257","0.00703478986526415","0.0077070165354726","0.00984271194393539","0.0111818192494531","0.0105895583928738"
"2024-02-28","0.0124336887625193","0.00812733387608846","0.00523834781004978","0.00554745788259284","0.00972131905603394","0.0108236432044203","0.0102299132278861"
"2024-02-29","0.012529647335451","0.00737246615049646","0.00587269789964978","0.00581049952513706","0.0110013265108507","0.011644796070014","0.0123998015084316"
"2024-03-01","0.0132929183082807","0.00873934099844038","0.00863085874807702","0.00537154041092704","0.0132484390120899","0.0117761526744407","0.00948446695317168"
"2024-03-04","0.0128736170835981","0.0115775420990452","0.00684091384158849","0.00821483306528697","0.0245640236065387","0.0117786354280438","0.00905790369495981"
"2024-03-06","0.0127928663557528","0.0152040994019037","0.00443524679078921","0.00805520915028249","0.0233389152337742","0.0117512580587443","0.0113292883701924"
"2024-03-07","0.0132869170946914","0.0150376839127232","0.00420924124824382","0.00826504656634801","0.0214087696449179","0.0116171086305651","0.0118965268144646"
"2024-03-09","0.0150275598023203","0.0110624879758132","0.00424429846717438","0.00823901625363175","0.00962010377846634","0.0116214032046619","0.0131025894037579"
"2024-03-10","0.0137244443130455","0.0151225717674498","0.00424861258608648","0.0128846155491729","0.0128515344645926","0.0179256084611898","0.0112551133352642"
"2024-03-12","0.0125521860990833","0.0396683637501752","0.00449859709581364","0.00792054983702343","0.0103920250016413","0.0178602706251999","0.0124435184166592"
"2024-03-13","0.011965337925601","0.011034792648137","0.0052820642382249","0.00563503460884205","0.00983196482139559","0.0116181740375506","0.0185202434123544"
"2024-03-14","0.0102353857745036","0.0131507485480142","0.00800644755923259","0.0132413610281033","0.00996848020743266","0.0155982851144127","0.00974860029034106"
"2024-03-15","0.0120307873167643","0.00966173656549339","0.00818538401357465","0.0126083082712135","0.01090783363532","0.0150225398425596","0.0123750306981454"
"2024-03-19","0.0105604713958789","0.00958492341342225","0.00568298209229413","0.0150275167940863","0.0120537583674901","0.0149298531471174","0.0237301650581968"
"2024-03-20","0.0101645424061079","0.0109700814855704","0.00779361544954819","0.0147959989084429","0.0146554524534577","0.0117199067983271","0.0102555139737504"
"2024-03-21","0.0109904762378736","0.00888316781305697","0.00884906147081724","0.00813953042155573","0.0149686403545766","0.0142230085657547","0.0248629463261736"
"2024-03-22","0.00844245528882703","0.00840834664213588","0.00795403291135505","0.00750338491333973","0.0145859627613857","0.0142947072051696","0.00959267939208201"
"2024-03-26","0.00868480277642459","0.00930925722272408","0.00870168241188691","0.00699147978179501","0.0269922306411195","0.0145690497768293","0.00952169492383594"
"2024-03-27","0.0105556999454592","0.0101273481840074","0.00870575832942662","0.00747204038662366","0.0150826061250366","0.0172177789228714","0.00880031284065869"
"2024-03-28","0.00938627039676037","0.00959556323537913","0.00801122203581747","0.00750449090661839","0.0349842181212862","0.0144474793289659","0.00733651211860688"
"2024-04-01","0.00939255063438389","0.0176583726987523","0.00867587026945161","0.0071266703366763","0.0154490476292033","0.0168118433100089","0.0065186757703085"
"2024-04-03","0.00923866353895282","0.010123184882376","0.00805258770354258","0.00727460904429513","0.0146100978978787","0.0191291379315798","0.00623110822200637"
"2024-04-04","0.00889122403129493","0.01131355919196","0.00987825321480171","0.00712581105560095","0.0147137095335202","0.0115429035740885","0.0065245808637939"
"2024-04-06","0.00875685939194256","0.0103209383051136","0.00949157309746629","0.00687142455584328","0.0191763035260317","0.0111005688918402","0.006364796946538"
"2024-04-09","0.0081920653108608","0.015579762115028","0.0102327348154251","0.00711161671695664","0.0200508886905798","0.0114326661881253","0.00742739000069561"
"2024-04-10","0.00750959439875175","0.0159456127893614","0.00960573599111967","0.00710946563184293","0.0194091144276273","0.0114240353619263","0.0114012456608735"
"2024-04-11","0.00736321958025867","0.0142774344054983","0.00930423106439111","0.00714493466704946","0.0193718891803335","0.00948157511441371","0.00934636583390987"
"2024-04-12","0.00774698997421513","0.0141953713217074","0.0100271882144969","0.00777453300842119","0.020228876311857","0.00980217541234651","0.0082264196792705"
"2024-04-15","0.00770483405421001","0.0236251708466594","0.00945722395231418","0.00731982671414705","0.0134325576206087","0.00793987593330333","0.00810841386063693"
"2024-04-16","0.00739128220037896","0.0259311498780729","0.00516352732611975","0.00705652720878557","0.0195987111834107","0.007964413091001","0.00935653344591174"
"2024-04-17","0.00791873436958199","0.0136975106626986","0.0049687137621464","0.00735034932797165","0.0147860186977117","0.0207786601414763","0.0102605559067733"
"2024-04-18","0.00800341544699748","0.0141491210032582","0.005454460886097","0.00739845301778484","0.0146584444515965","0.0180988615768212","0.0103824394327969"
"2024-04-19","0.00800760603328337","0.0133284415702601","0.0049679807101422","0.0079197501640418","0.0147502394646629","0.0170083266770453","0.0103140763346015"
"2024-04-22","0.00792763541701047","0.0131805080403765","0.00501411325714341","0.0082861378345232","0.0124977451108118","0.0168726715707666","0.0106393585821037"
"2024-04-23","0.00823225126745534","0.0137054795587092","0.0052468219664145","0.00802526397110307","0.0120024169641555","0.0168030440686249","0.00787892048779309"
"2024-04-24","0.00835615203891754","0.0119358602523086","0.0056256591883517","0.00848446189862267","0.01207826436791","0.0169024005429482","0.00796224312770993"
"2024-04-25","0.00817284406115841","0.0134858971395928","0.0056958943538914","0.00793980989316411","0.0122673501610224","0.016823481718129","0.00794887878874651"
"2024-04-26","0.00842871315780739","0.0148683189241155","0.00583723221117287","0.00828479367455898","0.0113247018033583","0.0169987595781203","0.00799993924522903"
"2024-04-29","0.0081955438792892","0.0148273771979315","0.00581825321885162","0.00870321277163924","0.0116778434238074","0.0165871005306683","0.0082143714370111"
"2024-04-30","0.00814076760436794","0.0165811027952186","0.00573427181016629","0.00890298738706386","0.0111012232456867","0.0163812445142136","0.00854644826644457"
"2024-05-01","0.00870928253336693","0.0184848798467352","0.00660578661146283","0.00826320491047458","0.0106062622463401","0.0150507002389563","0.00966985053292889"
"2024-05-02","0.00945104176214776","0.0175327607944089","0.00491084543821934","0.00682796024848495","0.0107641030690606","0.0153090671633375","0.00901183156939787"
"2024-05-03","0.0118716893513782","0.0209150855488973","0.00546960108950794","0.00708714438155617","0.00867170673918546","0.0186358416125987","0.00825319355914742"
"2024-05-04","0.00844660043651274","0.0206334719146706","0.00551514093219165","0.00651272067779258","0.00803249904941895","0.0167496220991525","0.00822696953178268"
"2024-05-06","0.00791606921131821","0.0206056598113858","0.00557487368120427","0.00717092223210943","0.00798827610620936","0.015640843406186","0.00820924007824701"
"2024-05-07","0.00846132301670194","0.0131879712996773","0.00661874778678188","0.00667546903891699","0.0101770546573285","0.0180716005135376","0.00824329859706684"
"2024-05-08","0.00848361086832724","0.0146071377212864","0.00661093710400223","0.00714134807016063","0.00895405516973107","0.015786379305398","0.00800433662127712"
"2024-05-09","0.00961220472805539","0.0110050280021216","0.00654193322173587","0.00800180781981115","0.00946763037408049","0.0231000124564209","0.00811377850161796"
"2024-05-11","0.0128148636585399","0.0114110646328208","0.00656359807937843","0.00580546103367633","0.00798270236485177","0.021757446339105","0.00831019683887085"
"2024-05-12","0.00955208137428067","0.0111477847488852","0.0066612645210324","0.00919367089888997","0.0248192834370215","0.0171628814414368","0.0118049913005606"
"2024-05-13","0.0094263980017058","0.0107724929782233","0.00662606258661114","0.00934393838033347","0.0287626877144283","0.0186832770417149","0.015023239379424"
"2024-05-14","0.00916988482490178","0.0108005364469976","0.00665389052988423","0.00886697743776014","0.021990037476622","0.0192361036474903","0.0162784971914021"
"2024-05-15","0.00919569541332505","0.0104422040951685","0.00660537302971236","0.0088428438424255","0.0222740832346574","0.019362365261758","0.0155335641834636"
"2024-05-16","0.0203763011123741","0.0104081395995057","0.00654406516822272","0.00720195292773424","0.0192749151750332","0.0189057036062892","0.0171940969049585"
"2024-05-17","0.0233816761727576","0.0103633017078936","0.00803386865945924","0.343707039159734","0.0169202841699427","0.0192316652084983","0.0149049753846062"
"2024-05-20","0.00853430037307934","0.0103071674967306","0.00803329074417438","0.0095342740705057","0.0150515074672482","0.0205874050201921","0.0151571198904971"
"2024-05-21","0.00853305467389808","0.0102790053495921","0.00801239779911993","0.00695668920333648","0.0143452583088699","0.0216076468590799","0.0136445515022277"
"2024-05-22","0.00854979538894315","0.0115104310380022","0.00823411086388208","0.00848039021843434","0.0141065241172504","0.0220341415837473","0.00829184647263055"
"2024-05-23","0.0083933770239829","0.0134011434603723","0.0082396349636977","0.00810996460455852","0.0146189634817606","0.021192472958665","0.0118970285217278"
"2024-05-24","0.00827544159584674","0.00946064082729873","0.0087965662573386","0.00805213984312581","0.0122199054789321","0.0222532159269544","0.0158124703333722"
"2024-05-28","0.00790877293066332","0.0120439944107073","0.00860489803991138","0.00894074893796714","0.0121145510581451","0.0219555667896451","0.0162783167735778"
"2024-05-29","0.00804007650788564","0.0133816603267676","0.00806757415699247","0.00781884974501082","0.0120425007221731","0.0184874260966549","0.0156595378447344"
"2024-05-31","0.00797820207323184","0.00872159768404392","0.00719475081725182","0.00908791698052759","0.0093281036299562","0.0165227292789084","0.0101306591272777"
"2024-06-02","0.0112044408470911","0.00872351326074508","0.00862990555366189","0.00842671988666203","0.00957884930459675","0.0163257161344601","0.0100928953968969"
"2024-06-03","0.0111405310865265","0.00866008327842176","0.0085974546451093","0.00867393972343348","0.0119928486435472","0.0165873918525967","0.00820674081807816"
"2024-06-06","0.00868859506935153","0.00859779576033282","0.00861209427637921","0.00856693424178394","0.0117649081196038","0.0175112307867627","0.0081546027054761"
"2024-06-08","0.00879229519910969","0.0084791898104174","0.00869578308013576","0.00884492294573544","0.0128361600708797","0.0168362421225399","0.010476331525519"
"2024-06-09","0.00873640030944975","0.00940198303643825","0.00851506767929347","0.00870291280640522","0.0112137938943852","0.016723688179652","0.00863122571350527"
"2024-06-11","0.00865607150738046","0.00961480908738483","0.00830655980697905","0.00589328255408593","0.00964906845071105","0.0166027954680262","0.00893727605208103"
"2024-06-12","0.0085761155166565","0.0135064547190243","0.00866735241459349","0.0124034903977022","0.0138154496586282","0.0165149538164682","0.0079877578517446"
"2024-06-13","0.0108831626181172","0.0141377098270018","0.00858559557190485","0.00824377514035333","0.0136036113106505","0.0174553873582136","0.00787944669635793"
"2024-06-14","0.00835894088497922","0.0129468107666258","0.0087002023059707","0.00842885431006802","0.0108064540866732","0.0162991150185341","0.00780268932895018"
"2024-06-17","0.0145436862480069","0.0131522542199531","0.00945198101450922","0.00839298455551704","0.0134943525500208","0.01704957960805","0.0081184539337234"
"2024-06-18","0.0124221788830901","0.014541587116315","0.00884778873797762","0.00589841030247418","0.0104582195018547","0.0176809654606911","0.00963476401433677"
"2024-06-20","0.0124575440251551","0.0152885205284099","0.00883581886415994","0.00609882992557923","0.0134698519376364","0.0177744290489348","0.00982079572425047"
"2024-06-21","0.0129997248832181","0.0158986030322589","0.00887911808623008","0.00707272481741772","0.0140011314905746","0.0163473825152666","0.00951119653287057"
"2024-06-25","0.00771462231365998","0.014446661586327","0.00899431251070646","0.00619561942250472","0.010890166403139","0.0163957406497234","0.00935963487222066"
"2024-06-26","0.00864358217675442","0.0136665476771142","0.00916363125851023","0.00817276079547084","0.0106291143244597","0.0177963031282662","0.00826138212534126"
"2024-06-27","0.00770489600019718","0.0136401928922289","0.00916425743304014","0.00938352305304404","0.0106195912451143","0.0179614110708685","0.00827940344973184"
"2024-06-28","0.00784095831593658","0.00839478784521529","0.0101478358993038","0.00885083870508803","0.00721443569638946","0.0178183074050618","0.00513267190954535"
"2024-07-02","0.0078270358367927","0.00798454526171056","0.00919360849708062","0.00915395032822765","0.00725103143840621","0.0179125884683796","0.00769258605083159"
"2024-07-03","0.00769684758775033","0.0108959656497176","0.00937884890537329","0.00949131250972931","0.00966720665856463","0.0165964693802716","0.00536316469488714"
"2024-07-06","0.0107915778866891","0.0106768157559674","0.00888803614480546","0.00696641539759413","0.0103876801110723","0.0167614713718653","0.00575067412640556"
"2024-07-08","0.0108546760299055","0.0103050491307803","0.00936116171218624","0.00689447347982695","0.00988181841287982","0.0166260374847732","0.00647680180200492"
"2024-07-10","0.0115572226059089","0.0125","0.00927214010302815","0.00728726279704822","0.00998151546411119","0.0165964397408852","0.0066207179038252"
"2024-07-11","0.0110269335385403","0.0125","0.0101367695284807","0.00928602743834887","0.00873131078963473","0.0168121236078832","0.00478246136100938"
"2024-07-15","0.0106353125233854","0.0128276952051094","0.00923573204517526","0.00932717825710838","0.00989902358235482","0.0164657889362802","0.00790099563701749"
"2024-07-16","0.0107620549943715","0.00996170253605287","0.00933141624108068","0.0090270937356221","0.0101181474475437","0.0162924771976108","0.00784999489199789"
"2024-07-17","0.0103122291150982","0.00973959351764716","0.00933515164701006","0.00914754224683745","0.0103065072880453","0.0164382074626943","0.00790708604943801"
"2024-07-18","0.0100041236923892","0.00961188688587535","0.00932432891561904","0.00905163618915533","0.013954193256592","0.0160113733876593","0.00780858839295119"
"2024-07-19","0.0103125269800939","0.00937135733120649","0.010434966716152","0.00915205609565114","0.0143866527146986","0.015760298555945","0.00780588893665922"
"2024-07-22","0.0106982382443505","0.00928147447115951","0.0109474631658869","0.0100930827196664","0.0144807800370239","0.0161441864338429","0.00781537190450647"
"2024-07-23","0.00831018551733877","0.00961459107776799","0.0107377019945585","0.0125","0.0148733984323998","0.0161870671005805","0.00800587692908266"
"2024-07-24","0.00789499283463856","0.0103264895251953","0.0110419916129208","0.0125","0.0102317034372268","0.0160291204298119","0.00795575989125588"
"2024-07-25","0.0080988772348535","0.00988572155311375","0.00909323370938231","0.0105694883522236","0.00928514264674677","0.0156740585823259","0.00789401825175036"
"2024-07-26","0.00818665281976777","0.00832218184755787","0.00985320067815872","0.0101794819629272","0.0092766485871813","0.0157007758588474","0.0074371165419612"
"2024-07-29","0.00807855517146427","0.0110738872080143","0.00986322297620205","0.0125","0.0111499141421846","0.0157007153895315","0.00737803528709262"
"2024-07-30","0.00799542982734264","0.0109304023163537","0.00981582812144467","0.0101638318594317","0.0158692603454061","0.0161523988885179","0.00718011200017058"
"2024-07-31","0.00784695876614717","0.00994239334366562","0.00956653491889272","0.0169215301913964","0.00889587586564997","0.0160370318405937","0.00786329572516499"
"2024-08-01","0.00797046243201069","0.0111837153367146","0.00947680166169277","0.0129264948295338","0.00864462827317495","0.0171714449569654","0.0077873452977927"
"2024-08-02","0.00788983755563842","0.00837347220258468","0.00999360834171246","0.00802358800379753","0.00749261975231664","0.017499312490638","0.00773835727471319"
"2024-08-03","0.00797825221079701","0.00835831039980645","0.0101679408700636","0.00904623313230311","0.00696431845447416","0.0172138387350622","0.00767014500628471"
"2024-08-04","0.00806190956909584","0.00845896187492616","0.0099000862380843","0.00896647164526629","0.0111861298289752","0.0172698136379622","0.00875824561863776"
"2024-08-05","0.00818405930435907","0.0110043242771351","0.0104494915851918","0.00933682016337129","0.00762313816347055","0.0168790545412074","0.00870649273676903"
"2024-08-07","0.00832023190957443","0.00859349800140507","0.0107941972414846","0.00913729205443818","0.00743105818071382","0.0170364117680521","0.00983654903001024"
"2024-08-08","0.0082782895410685","0.0112759715457925","0.00987784740346315","0.00908271726610348","0.00534500163641882","0.0176238804240811","0.00958929582102558"
"2024-08-10","0.0118357651716525","0.0120843782314865","0.0117634013120785","0.0101843382695594","0.00687292784674862","0.0176756086036264","0.00775861854381971"
"2024-08-11","0.00820073620023692","0.0106193801094172","0.00985967808854437","0.0113775290288972","0.0222574015080176","0.0219300208505426","0.00838368276602442"
"2024-08-13","0.0078290670781078","0.00868946442632959","0.00971639013232154","0.0127825883332356","0.0203934031280423","0.0179141415538464","0.00898610999986764"
"2024-08-14","0.0516682114817595","0.00875477410707381","0.00970504006741683","0.0113426014800201","0.018832400120435","0.0165616062515563","0.0103802993475377"
"2024-08-16","0.0075184764759035","0.00878849048944345","0.00957779917916376","0.00992978795351152","0.0279598180569099","0.0164612056189515","0.0089121057683887"
"2024-08-19","0.00797476693940126","0.00999186558096693","0.00960852190571276","0.0116870798524314","0.00947215484050944","0.0179039754064517","0.00949193464429864"
"2024-08-20","0.0078699913408399","0.0105976415577509","0.00973611250449239","0.0111203145953584","0.0206609732431961","0.0174167856525886","0.0101074776853623"
"2024-08-21","0.00793509479805296","0.00926844307698062","0.00985182575654115","0.0129011782513565","0.0199531332581563","0.0170665392592797","0.00873761742846"
"2024-08-22","0.00776161524075633","0.010433366727733","0.00978000367063112","0.0121970613342574","0.0114608641844583","0.0166541843651144","0.00895174130743243"
"2024-08-23","0.00747293863612516","0.0101603866062877","0.0100164532551845","0.0125444467330152","0.0119413876974222","0.0168322407074357","0.00878066725894803"
"2024-08-26","0.00813417644983013","0.0108408700829332","0.0100341492755657","0.0109085257395444","0.0118276114116601","0.0169192447100038","0.00915638847677043"
"2024-08-27","0.00780708268287128","0.010440129650192","0.0119053972054246","0.0104507933134814","0.0114664353874649","0.01676427639337","0.0086179025679529"
"2024-08-28","0.00824421283111555","0.0103939200621879","0.00998935448037883","0.00907117765406868","0.0274663304641009","0.0168428385766313","0.00879509452003768"
"2024-08-29","0.0100136876689683","0.0112876315193296","0.00954867793667844","0.00906585979953385","0.0158060526617851","0.0164489816820878","0.00872006141082236"
"2024-08-30","0.00745958359445462","0.0105982909414893","0.009281373923949","0.00844448892933394","0.0180528026908673","0.0123120131307777","0.00861983013460159"
"2024-09-01","0.00764841878837947","0.0116100446429576","0.00802955449359153","0.00842759726926051","0.0191650530645044","0.0143271012492779","0.00848357768920586"
"2024-09-02","0.00764779839928574","0.0122525178581315","0.00884651462202214","0.0104301040837039","0.0177957186840273","0.0125703519560636","0.0081942313695149"
"2024-09-04","0.0125495604142881","0.0136459685317341","0.0100192492584402","0.00975517368990251","0.0199036791909463","0.0124383044477772","0.00823018616401432"
"2024-09-05","0.0130976773633509","0.0144327313966291","0.0102670087367221","0.0082335135970216","0.0159187761985528","0.0141965559113233","0.0110162586987481"
"2024-09-07","0.0125740906760304","0.0153703455837385","0.0100100155721191","0.00814249682574331","0.0174443698456517","0.0143044573189372","0.0112250899401293"
"2024-09-08","0.0102488173275568","0.0163265986952187","0.0101096836125854","0.00779187576535887","0.0166901077918269","0.0132807491315031","0.0112231183284041"
"2024-09-09","0.0100926553913333","0.0147329268893209","0.0101656327970113","0.00809865432792554","0.01941989908998","0.0486836891207748","0.0115652506824019"
"2024-09-10","0.0190488518772067","0.0114497036435475","0.0110369545457257","0.00748008617115811","0.014756871973471","0.0144100527523919","0.0111340939677498"
"2024-09-12","0.00813963225818596","0.0109337547836693","0.0119155318141781","0.0075043690895374","0.0162377822908319","0.0139800573984413","0.0137438790102154"
"2024-09-13","0.00815861240973085","0.0102519797265471","0.0115380681859313","0.00741299431640633","0.0170564432106886","0.0143108988118951","0.00833230898555543"
"2024-09-16","0.0101741427089221","0.0106419485973352","0.0120445807645364","0.00814544922975075","0.0128423415602209","0.00990649538923546","0.00732471163447918"
"2024-09-17","0.00991323096283084","0.0115029512307352","0.0113679641128854","0.00716937745731382","0.0132766615328273","0.0105619580943374","0.00799703098948877"
"2024-09-18","0.0104641360482516","0.0106289309169287","0.0106951423088204","0.00713153619184637","0.0141671013491912","0.00894795768770561","0.0117159049389703"
"2024-09-19","0.0105199856766548","0.0122277819762593","0.0109575851290239","0.0132431343632215","0.0139514902140501","0.0090106267375234","0.0116218009142673"
"2024-09-20","0.00999310225723403","0.0111970820778896","0.0104762455537007","0.0135010580439056","0.0100925346814429","0.0123768840006107","0.0103752688958502"
"2024-09-23","0.00994886155422692","0.011329463826364","0.0110422938778733","0.0137586434088791","0.00979245442005097","0.0120139329233114","0.0085491688308915"
"2024-09-24","0.0119088294493243","0.0124712140471113","0.0123473851213561","0.0117852994604157","0.0128489534424608","0.0102367977851656","0.0167588696880539"
"2024-09-25","0.00871129353243488","0.0126698776310973","0.0124199453092549","0.00687834812303097","0.0121802071284037","0.010505567805341","0.0180292512170616"
"2024-09-26","0.00909384935418378","0.0203797279513157","0.0123893042027478","0.00659952336229937","0.0121669197825504","0.0104335276485697","0.0174034112829941"
"2024-09-27","0.00902676754533829","0.020391231208275","0.0127029347216824","0.0120038653441833","0.012030398077407","0.0100081145190199","0.017654961275888"
"2024-09-30","0.0109623262294009","0.0183691046118401","0.0127213793795827","0.0108630295513721","0.0114518846718373","0.0105716391340556","0.0165443104827925"
"2024-10-01","0.00993972575349883","0.0125780409641706","0.0123218626735419","0.0106477660499401","0.0135996254912003","0.0103403963636067","0.018400940985141"
"2024-10-04","0.00941696127537367","0.0116042527069244","0.0125975027341331","0.0125126618239275","0.00770000285079784","0.0108776185323652","0.0109485144810318"
"2024-10-05","0.00936483143197147","0.0117029684818595","0.0138441523136598","0.0113110110445755","0.0100241867765855","0.0103122613906102","0.00956534482186472"
"2024-10-06","0.00944296098973739","0.0117223831768411","0.0132042441812772","0.0123857952296458","0.00986380684162022","0.0101179447960296","0.0110490551333057"
"2024-10-07","0.00984236561510204","0.0114067955878981","0.00985922624605566","0.0120990732596396","0.00840378388637843","0.0103801817245916","0.0126481322299243"
"2024-10-09","0.00910552936893145","0.00671004473744125","0.00952526897710581","0.0108258160503801","0.00902486733367491","0.0101846967150685","0.0103034259492781"
"2024-10-10","0.00915884044673473","0.00634951583257397","0.0145960244317492","0.0105876023448522","0.0103978570886025","0.0103909146323481","0.0154238393437549"
"2024-10-12","0.0105700953486489","0.00625391878535016","0.0108354750407577","0.0102111532501556","0.00769653382057666","0.0100365748910524","0.0190615885570304"
"2024-10-14","0.00913163889378178","0.00746329510467907","0.0103729775931153","0.0100876852573466","0.0082718174210639","0.0101969792333536","0.0194756021056734"
"2024-10-15","0.00920716911273895","0.00621080174592141","0.0083447282100544","0.0102019597088151","0.00797925173649813","0.0101835410934056","0.0198612357294063"
"2024-10-16","0.00784488621115624","0.00617891946316371","0.00821462505606999","0.0068948568789888","0.00757225666267735","0.0101849000361338","0.020869095129259"
"2024-10-17","0.0100201686379874","0.00616859885144753","0.00867529884944258","0.00620687111734994","0.00747993447962563","0.0102444357920628","0.0196991850447079"
"2024-10-18","0.00878307086347724","0.0110355430998777","0.00865664936069655","0.011253237704596","0.0126454227972093","0.0102006090775346","0.0195974978116228"
"2024-10-21","0.00915191186074889","0.00620413775563002","0.00842187457580089","0.0109196909196324","0.0120673727422021","0.0103056489045749","0.0154185179557577"
"2024-10-22","0.00801503755890306","0.00810788467364653","0.00827915174401447","0.00679816895988204","0.0108438345993103","0.010851939545717","0.0150801107389375"
"2024-10-23","0.00916126245236607","0.00936849729333346","0.00830560534061643","0.00670742353283807","0.00994031296717276","0.00890274794804072","0.0149331623453895"
"2024-10-24","0.00893357863490037","0.00574359688298561","0.00883273590520088","0.00676186547623637","0.006654685908648","0.00634903500420974","0.0150615021042316"
"2024-10-25","0.00755688471140814","0.00602702287220208","0.0083177055263875","0.00637439780060677","0.00647071171669075","0.00760712191338609","0.0178679581252624"
"2024-10-29","0.00750155707670226","0.00596515812925446","0.00815491329131633","0.00622135436283847","0.00833661762270128","0.00875239216862895","0.0112355064723448"
"2024-10-30","0.00872245118021399","0.00818257387813502","0.00814256988500218","0.00625884529393029","0.0092325196029636","0.010471479273994","0.00683740041052676"
"2024-10-31","0.00887190490625633","0.00788932335243502","0.00808262790692991","0.006526274318559","0.00489535284473581","0.0118769569705279","0.00623236424485729"
"2024-11-01","0.008996311689249","0.00591512105730895","0.00818508877383537","0.00638700317616567","0.00506919228434066","0.00848726408793643","0.00861392780511661"
"2024-11-03","0.00894932043511584","0.00630262540893848","0.00797242624256678","0.00648201984282631","0.00605538124329519","0.00915878730791925","0.00716565464166852"
"2024-11-04","0.00844896732047281","0.00633760308401775","0.00768612526125578","0.00667546135560984","0.00506960334284508","0.00952077725387865","0.00714811271843979"
"2024-11-06","0.00888249580288057","0.00607925682243527","0.00787501589843739","0.00657767171889293","0.0067611149803516","0.00944242247114297","0.0101169187557298"
"2024-11-07","0.00797244939825638","0.00642991048473327","0.00809654856890947","0.00772898926263292","0.00808885049027243","0.00953437023800221","0.0103451137600298"
"2024-11-09","0.00806482650689272","0.00644733175806421","0.0135180061855935","0.0112726685720935","0.00778902157738419","0.00951214514583553","0.00630220095883707"
"2024-11-10","0.00801532484665961","0.00662423230593999","0.0113399530363691","0.00463773001891205","0.00719691201882969","0.00956457630157658","0.00875150828699918"
"2024-11-12","0.00791022868355997","0.00663579232736161","0.00851692383252807","0.00437102319810542","0.0100251628740801","0.00967203554262197","0.0108915834359939"
"2024-11-13","0.00791015571062678","0.00658747593932129","0.00805583345896248","0.00413307236700379","0.0103030656918003","0.00933066224177473","0.00995383266689907"
"2024-11-14","0.008245193218499","0.00817274147638546","0.00798627077367569","0.00502570633490848","0.0100127566932784","0.00926418569347493","0.0120687322718231"
"2024-11-15","0.00812301452421429","0.00895291819465075","0.00803699145892536","0.00497171371954265","0.0135835804956384","0.00929070846422947","0.0123305865625569"
"2024-11-18","0.00791930108140482","0.00665962042488651","0.00775341722953194","0.00422413095856478","0.0100504906939252","0.00940718319263444","0.0125"
"2024-11-19","0.00692224709866132","0.00675809416177305","0.00826258651758295","0.00443550529062272","0.0108510391541608","0.00944507217339314","0.013364591110746"
"2024-11-20","0.00692035708124303","0.00654112989514038","0.00848870349601807","0.0064061608087196","0.00718983025574649","0.0111410191597583","0.0127520990997319"
"2024-11-21","0.00748304806196337","0.00668613333060907","0.00793290055332881","0.00637730408874241","0.0125","0.00942980768106159","0.0130955526958219"
"2024-11-22","0.00719609753415651","0.00669789538986677","0.00783934466745889","0.00637578575958573","0.00945995875569172","0.00954412003822372","0.013090216476155"
"2024-11-25","0.00745512794368337","0.00996623207392518","0.00800918414093939","0.00655280185898813","0.0187238352955413","0.00970973007981218","0.010053223669592"
"2024-11-26","0.00789424316009497","0.00896005211118779","0.00775649459099038","0.00611979664551176","0.0125","0.0130091515404161","0.00691419154718598"
"2024-11-27","0.00810967744192706","0.00684101450210485","0.00750289357279275","0.00843517656628493","0.0125","0.0127745364561629","0.00819304227267749"
"2024-11-29","0.00689732837567034","0.00677193960729269","0.00706727591858102","0.0103385077840933","0.0125","0.0113688727199827","0.00872257543593578"
"2024-12-01","0.00714580586856973","0.00666199438991689","0.00723982940068751","0.00740228947287604","0.00752341501141985","0.0120668809468761","0.00765427930368177"
"2024-12-02","0.00927206284045759","0.00838913941980279","0.00719531887761338","0.00700580781847871","0.0125","0.0120246252332847","0.00792495946429108"
"2024-12-03","0.0100196855541304","0.00887535028798683","0.00484275201167222","0.00676231514608002","0.0125","0.0125","0.00596944478460455"
"2024-12-04","0.00694761887500324","0.00932936761653421","0.00510365274508338","0.00738202845126733","0.0125","0.012519943586111","0.006932017292767"
"2024-12-06","0.00796994703956795","0.0102990820094447","0.00807783900445043","0.0067410805673401","0.00900909785419375","0.0112668110691513","0.00702316764385748"
"2024-12-07","0.00701080385212129","0.0101642841451179","0.00675796084846599","0.00744702205904206","0.00887861672595399","0.011592332410711","0.0070447494994809"
"2024-12-08","0.00847702119767788","0.0105853839017482","0.00791109641739895","0.00716823400665793","0.00799118655242422","0.0118259763905551","0.00623189785855566"
"2024-12-09","0.00921060379836005","0.010501515180325","0.00803632577044939","0.00714856436655052","0.00802847754161282","0.00992133739600524","0.00614416517688862"
"2024-12-11","0.00938763967495288","0.0100369839152796","0.00795707346499347","0.00712237779981455","0.0125","0.00970467935135344","0.00609541593152797"
"2024-12-12","0.00895300094816267","0.00368673480302211","0.00813572986697089","0.00733375137212303","0.00560415627682034","0.00964431156364284","0.00747318986195469"
"2024-12-13","0.00909158878814586","0.0105042576354403","0.00825128384379915","0.00715685039357804","0.0058584546589004","0.00984111996335716","0.00700605472050421"
"2024-12-16","0.00859308655209884","0.0104769919379766","0.0080804673888316","0.00728333267164952","0.00686868737602107","0.00966385841069241","0.00732680500721448"
"2024-12-17","0.00834454914994945","0.0106294403520405","0.00816889441617986","0.00698669911985871","0.00523610254281336","0.00977155584873808","0.00694077251715788"
"2024-12-18","0.00664922305752942","0.0107833279196751","0.00814015444189024","0.00692919123855263","0.00549806303077855","0.0111444214361177","0.00600814128088442"
"2024-12-19","0.0065054659586103","0.00767015969985711","0.00950235240176727","0.00749352420338485","0.00567230343282996","0.0104084856159149","0.00641592046864419"
"2024-12-20","0.00634233491885017","0.00809916868499387","0.00674639964369439","0.0077301301474751","0.00601416779994142","0.0109142154056459","0.00722477599894815"
"2024-12-23","0.00632497703837685","0.00732235264963264","0.00715476025220396","0.00867673145890023","0.0046683462362011","0.0103596463590438","0.00793051458673236"
"2024-12-27","0.00599506481979958","0.00901630504213065","0.0069282284093219","0.00851342032129821","0.0052798183593205","0.0116180194065635","0.00885140527070572"
"2024-12-30","0.00612149600919475","0.00885010533249585","0.0069057821112661","0.00686043309385077","0.00708439494808599","0.0115955360321791","0.0108384653468111"
"2025-01-04","0.00632947751161256","0.00673874215434071","0.00605463470947367","0.00839201192713286","0.0070663099830801","0.0124677127562267","0.00832613365354971"
"2025-01-07","0.0063975135103734","0.00799484243247978","0.00587672233155959","0.0108149601530483","0.0071610600973898","0.012429013293504","0.00931455191589304"
"2025-01-08","0.0064256380384454","0.00680645709153121","0.00578855572419128","0.00811319828117726","0.00619811152403367","0.0131882018405128","0.0159381047983553"
"2025-01-10","0.00564432998664772","0.0134208540847349","0.00590144282869292","0.00647435915852809","0.00569254991639141","0.0104421946706058","0.0073510254945156"
"2025-01-13","0.00626624735324604","0.0069518064053906","0.00585825162145279","0.00800091009304953","0.00583751240571582","0.0123277444706097","0.00853267312838845"
"2025-01-14","0.00618926970326233","0.0135378376766176","0.00585390437795181","0.00793455439766088","0.00635586197415767","0.0128679592231489","0.00845509245328347"
"2025-01-15","0.0058413242958838","0.0136571488635732","0.00595279063686689","0.00749794726858155","0.00579793411767946","0.0133195016264202","0.00861217301848692"
"2025-01-16","0.00582731327297131","0.00383647823507181","0.00573698736252295","0.00601614493164519","0.00627262735992374","0.0113491522893069","0.00867581620253564"
"2025-01-17","0.00617255205326712","0.00382642706131636","0.00501213112839255","0.00644878855572497","0.00526224904110989","0.0125990563310443","0.00869715996275318"
"2025-01-21","0.00630180420563596","0.0126420195145185","0.00575895766085993","0.0073736301994916","0.00612380800255385","0.0117125739015754","0.00896745648955138"
"2025-01-22","0.00599732001029205","0.0125275012246469","0.00613303486811948","0.00739139991474815","0.00524649434487933","0.0115783298451647","0.0124881270850096"
"2025-01-23","0.00829362146636393","0.00932193900218142","0.00557946081582396","0.00761960213530358","0.00520550673550715","0.0116434861171489","0.010262308027248"
"2025-01-27","0.00698382811361609","0.0118553733834191","0.00603554715946464","0.00728663691693388","0.00678468717311013","0.0133191895982611","0.0104120449460424"
"2025-01-28","0.00676368341029958","0.0118771781275048","0.00573765327510723","0.00707041047868011","0.00594966390923894","0.0128671457560973","0.0104641772404295"
"2025-01-29","0.00655422423102162","0.00932568200115938","0.00572924631867125","0.0069863235542152","0.00810782394137705","0.0104215009391197","0.0122099426499926"
"2025-01-30","0.006615388414018","0.0118102364226656","0.0059963003722718","0.00724708524464225","0.00878214149210413","0.0114999303452312","0.0138908725782168"
"2025-01-31","0.00854725461141433","0.0118326303050635","0.00569595804631163","0.00653920985898685","0.00772904193071259","0.0118094652126883","0.0165769010552959"
"2025-02-04","0.00977108380776243","0.0153709986372466","0.00561148759297861","0.00722967874344695","0.0100691686719971","0.0113948787652786","0.0160424835531096"
"2025-02-05","0.00918002905696137","0.014448838955408","0.00548559344810379","0.00650962920821876","0.0105950599817296","0.0115248216774339","0.019883337368231"
"2025-02-06","0.00937003490852021","0.0273236070069742","0.00355580166484664","0.00646777400909901","0.00720358216225028","0.0116183766600567","0.0195871244738214"
"2025-02-07","0.00906661614854266","0.025934076385755","0.00607192709028816","0.00684368836082839","0.00721835447763714","0.0108448233816797","0.0198689327317127"
"2025-02-09","0.0121832192366883","0.0262549768091922","0.00633646418380225","0.00674648088464176","0.00676260839412501","0.010570917508438","0.0219518503167746"
"2025-02-10","0.00895846620571977","0.0246923725317277","0.00611638104232028","0.00671925991260778","0.00676085858129235","0.0105025285856084","0.0215683884577057"
"2025-02-12","0.00891416971328811","0.0119970832714769","0.0061039297305154","0.00676406448672693","0.00672690927485996","0.0103725603799621","0.013438178029313"
"2025-02-13","0.00672312980406898","0.0136047388781067","0.00612564021320134","0.00856733608991016","0.00707809959081428","0.0112964226782959","0.0111132941657212"
"2025-02-14","0.00683543935619672","0.0116479003264224","0.00595822851786889","0.00719160982459368","0.00702245804685341","0.0110383032002527","0.00729684765181297"
"2025-02-18","0.00680249491482255","0.0116117621525359","0.00674050738406242","0.00665250608671006","0.00760922488237902","0.011158687447371","0.00854363661830477"
"2025-02-19","0.00666320076286202","0.0116849873652038","0.00595455859193942","0.00635473798989434","0.00753425175102378","0.0112999429903374","0.00728111399021086"
"2025-02-20","0.00670110159770396","0.0168361179375202","0.00604957325504337","0.00614975939308018","0.00757501053208583","0.0113606304722741","0.00821456768265703"
"2025-02-21","0.00636527671458886","0.0166738976146669","0.00669694468984541","0.00560675284243384","0.00787248053384218","0.011131228914789","0.00878249531766105"
"2025-02-24","0.00671219948208584","0.0163585674054015","0.00400237577977624","0.00627188775229295","0.00729555130831628","0.0106263140604154","0.00893043335355375"
"2025-02-25","0.00866338071534112","0.0169450398934601","0.00630274950118317","0.00648744414761201","0.00730899384430916","0.0105347843948384","0.00899151457883381"
"2025-02-26","0.00867055048171287","0.0170038598793136","0.00627579495646831","0.00643270585035777","0.0073003883288273","0.0105128732998246","0.0093890340756322"
"2025-02-27","0.0071992853589033","0.0163835328767093","0.00569218094446558","0.00751795035210092","0.00770938316421953","0.0106176927591877","0.00897719945323457"
"2025-02-28","0.00752269186763532","0.0167793041663154","0.00623152364916657","0.00671058342492246","0.00739655093443946","0.0108077431050463","0.00962014328282729"
"2025-03-01","0.00937905279324527","0.0165794404029634","0.0045113666460565","0.00752018413122644","0.0115992412170195","0.0115037271304808","0.010623640374232"
"2025-03-02","0.00945225725889051","0.0258587801184603","0.00473439032382525","0.00737804295529652","0.00932080109852306","0.0117772508472065","0.0119488156986052"
"2025-03-04","0.0100919297313345","0.0243154047960135","0.00504764685530233","0.00655902478884828","0.00879361349196725","0.0109214357597772","0.0114539700002077"
"2025-03-06","0.0121919132467786","0.0260732330254161","0.00658355632067039","0.00716443060770918","0.00876826642705994","0.0122185351703437","0.0137401995637933"
"2025-03-07","0.00854466356075528","0.0224162955837879","0.00819640156319387","0.00810927752880791","0.00849338086571349","0.0121385838608128","0.0176059624623438"
"2025-03-09","0.0119360693084621","0.0230286317866807","0.00815396929838584","0.00710560452321548","0.00842817726729862","0.0146545127711964","0.0321772141056452"
"2025-03-10","0.0102179100169525","0.0238465242208827","0.00782609322185547","0.00737695836351092","0.00839236210219441","0.0161193245020359","0.0266578165581966"
"2025-03-11","0.0108129920167535","0.0255582356284499","0.0084049812715395","0.00830402748709615","0.00815821000827268","0.0146403398965848","0.0184981365561732"
"2025-03-12","0.0115833485211481","0.0163567929833067","0.00789114407142003","0.00695612316592518","0.00744917231252591","0.0149779595861812","0.016855"
"2025-03-13","0.0104676361011894","0.00718331120661491","0.00730589094264223","0.00687703225925479","0.00816833255400609","0.0131182233343186","0.0280341606556735"
"2025-03-14","0.00892678441802565","0.00724615340980208","0.00792990692139258","0.0067195471513819","0.00890481975407516","0.0131473843201207","0.0359316466266643"
"2025-03-17","0.00988009473937905","0.0152780656718478","0.00628836419687635","0.00748932885145154","0.00748709812178413","0.0143584333346082","0.0374995430148877"
"2025-03-18","0.0106090474612377","0.0167488148218338","0.00719606769186447","0.00740090847950861","0.00736342081174232","0.014190519010517","0.0300577608218046"
"2025-03-19","0.0107127171440361","0.0165252767263479","0.00946743508527691","0.011321359766095","0.00949998686907907","0.0128774945859253","0.0305069848006413"
"2025-03-20","0.00859253580723339","0.0106579921829881","0.00872202857832401","0.00981586187698918","0.00762584065064871","0.0130380748026221","0.0296918202545312"
"2025-03-21","0.0114404587852616","0.00714865253500007","0.00621708070090217","0.0108265805467242","0.00756621598536938","0.0126958294302343","0.0281211051595855"
"2025-03-24","0.0115534978176813","0.00970362020202631","0.00978655544604572","0.00967895485072712","0.0098481173860127","0.0124019587808664","0.0278486553186582"
"2025-03-26","0.0123519110714118","0.00813038817687292","0.00989906728639643","0.00764402182475071","0.0079868597825736","0.0125106029330216","0.0189276434348773"
"2025-03-27","0.0100972973685942","0.00802157514205419","0.0130084463350875","0.00817537325181417","0.00799092278689807","0.0129425985870554","0.0219555814080669"
"2025-03-28","0.0101187861405711","0.00786411896913383","0.00808982418358915","0.00742470145418457","0.00797056575226973","0.0131168679940491","0.0220925687183462"
"2025-03-31","0.0103058109663201","0.0101446779002218","0.013186091417036","0.00605788003901381","0.00764820461046496","0.0135732762959924","0.0153461969594159"
"2025-04-02","0.0127667775393259","0.0128113310754619","0.00833181974184533","0.00564972373212213","0.0092623145915369","0.0126045581008454","0.0191777574962221"
"2025-04-03","0.0133135382922832","0.0138174523188088","0.0162005943404651","0.00549467681255836","0.00739798123072446","0.0108372570696714","0.0189107720887908"
"2025-04-04","0.0130503301169031","0.0203479468105267","0.0082085790446826","0.00549836487893657","0.00763664850135621","0.0112331595472514","0.0197799142180292"
"2025-04-06","0.0226205885666537","0.0371820192793819","0.0138498949236439","0.00974171475240269","0.0105110598576315","0.0117958923310354","0.0251631647192068"
"2025-04-08","0.0130537991533275","0.0266029716870189","0.0078294750695819","0.00448791913054058","0.0118220605524523","0.0147170696935243","0.0498755703934192"
"2025-04-09","0.0129173785856612","0.027086944791622","0.0116795411365025","0.00862065652205648","0.00934976168270312","0.0151098824354481","0.0511716460622847"
"2025-04-11","0.0296232641736727","0.0186058531090966","0.0114935824886619","0.00908547582311326","0.00950376758072376","0.0160363175047913","0.0264272704328888"
"2025-04-12","0.0226568070751053","0.031640855978721","0.00840620753581852","0.00946596195690901","0.0115548562918778","0.0163958444672101","0.0497540940644925"
"2025-04-14","0.0214134928164123","0.0398557978463061","0.00743086227657597","0.00890364589797422","0.0204914578957292","0.0109469223862718","0.0195698167293167"
"2025-04-15","0.0208339275309167","0.0167988809332383","0.0132110763288308","0.00738471594227896","0.0117984163992479","0.0157794240579877","0.0536144566481041"
"2025-04-16","0.031765339782179","0.0168134940596607","0.00876597843939537","0.00762314507644454","0.00976020119955669","0.0146431629490917","0.0192722932595618"
"2025-04-17","0.0156197593189835","0.0107256816792564","0.0130781988884586","0.0074251780100753","0.0098260438755389","0.0143313315731332","0.0192642783387006"
"2025-04-22","0.0170918754305527","0.0113429316800844","0.00941756908121727","0.00807283641298599","0.0124889692774664","0.013575286687745","0.0208722486700174"
"2025-04-23","0.0175988860751938","0.0133713209893841","0.00942693753721335","0.00813577969881842","0.0116298945452085","0.0134345807224524","0.0180568328216016"
"2025-04-24","0.0234297207956323","0.0204672215465344","0.0127546594985654","0.0077461294834608","0.0132676884272796","0.012907791293757","0.0179066234530428"
"2025-04-25","0.0180915488535952","0.021510673534705","0.00899224156138427","0.00943547987661636","0.0117587952518651","0.0133466495138927","0.017069941555224"
"2025-04-28","0.0176183545291156","0.0217405933881685","0.00880383765140275","0.00825786760321573","0.0136730808534889","0.0109889397675701","0.0171641380662696"
"2025-04-29","0.0301521190201435","0.0212487808569707","0.00607429345808209","0.00635848817982218","0.0203102614369101","0.0110561904345939","0.0168704096645886"
"2025-04-30","0.0300172060277657","0.0199108345265376","0.0074036566370433","0.00637271420149048","0.026000911842041","0.0110174463406508","0.0163588949990517"
"2025-05-02","0.0287461246717555","0.0187989482027138","0.0167772622945966","0.00639899069000129","0.0197069924571674","0.0107292708624992","0.0158052510705961"
"2025-05-03","0.0268329631790245","0.0175363930362178","0.0156724439201761","0.00605154777294276","0.019421390977471","0.014972418462201","0.019118248094201"
"2025-05-05","0.0180629901008764","0.0203201276193342","0.0174280177776722","0.00625452902152726","0.0159097527370548","0.0153260348229168","0.0194837440204534"
"2025-05-06","0.0164096150625065","0.0201865258402957","0.0200982898778415","0.0105469274553022","0.015911336248416","0.0158986743227263","0.0193871203860743"
"2025-05-08","0.0152701515230084","0.023252472943355","0.0195040083131826","0.0108439689605806","0.0189400577784549","0.0177840881614528","0.0192904321001844"
"2025-05-09","0.0150622153796343","0.0128491957659234","0.0173138449921632","0.0100380153131791","0.0160388692934456","0.0171504187106981","0.0163929740922757"
"2025-05-11","0.015261286253543","0.0244958926737119","0.0180633469597988","0.0118247349266598","0.0220268267991767","0.0148633075779241","0.0194994775835354"
"2025-05-12","0.0153491616578606","0.0339703221005185","0.0177493186812472","0.011756227679627","0.0226502092885891","0.0153008548411632","0.0194354830320471"
"2025-05-13","0.0151732235534976","0.0367013667362326","0.0194635119542505","0.0119327736316076","0.0222418546357639","0.0160709864497127","0.0183516791504851"
"2025-05-14","0.0181131862544543","0.0398098307638621","0.020201889979609","0.00942853378492365","0.0148765277076904","0.013225440282126","0.018660899491414"
"2025-05-15","0.0158645408293708","0.0310722896200926","0.0188120298517975","0.0106896558188838","0.0104624665481939","0.0125991347234823","0.0206702837322658"
"2025-05-16","0.015904874951321","0.0898321949667971","0.0221033654685891","0.00692473320364092","0.0166372765999434","0.0156712811271952","0.0157210731900494"
"2025-05-19","0.00922486221350031","0.00784637888662709","0.0104539266271739","0.00781845476239377","0.0154684234212696","0.0127247159928344","0.0142229227399793"
"2025-05-20","0.0110728265281795","0.0227695096063454","0.00996165238271525","0.00871939754297552","0.0170641086837885","0.0149671663921817","0.0154269702704289"
"2025-05-21","0.0107033846150288","0.0364398062318161","0.020797730243367","0.00900077933883517","0.0166851528661733","0.0116692521011851","0.0141355118211173"
"2025-05-22","0.0101837748273925","0.0304894988043654","0.00906651560448833","0.00877058474125652","0.015926423654983","0.0109120725006068","0.0135960463457387"
"2025-05-23","0.0123411330265646","0.0273002053861761","0.0112416701096239","0.00907172698461768","0.0156589837034799","0.0155852621080896","0.0153223994900001"
"2025-05-27","0.0136821554097564","0.0254007500522239","0.0110519985202773","0.006868019198514","0.0116329850597458","0.0115146276891543","0.0157876223317746"
"2025-05-28","0.0404266659254708","0.0462155332474815","0.0121590537113817","0.00883403565728595","0.0187792299369298","0.010401757644086","0.0156728505470462"
"2025-05-29","0.0215816011120713","0.048569750598313","0.00734903206873951","0.00891329529273735","0.0207628774629355","0.0107570140529466","0.0158319950965479"
"2025-05-30","0.0216956679557646","0.0585075450045018","0.00920453633960911","0.00965619390498128","0.022192763470296","0.0170690590831632","0.0149559998778847"
"2025-06-02","0.0127433723121852","0.0397642097553209","0.0108728767893741","0.00974064252142517","0.0166710717190737","0.0212547414949595","0.0148485012946869"
"2025-06-03","0.018202580237954","0.0263086140880623","0.0108911063865549","0.00655644846855145","0.0157324734793945","0.0174092063438256","0.0156267995640429"
"2025-06-05","0.0188965100309038","0.0405975720945243","0.0130798109141235","0.00740538454489882","0.0120471202144102","0.016582500814808","0.0209446158020685"
"2025-06-06","0.0185361838568038","0.020453269384533","0","0.00774465418474009","0.0135023794608468","0.0193026482425614","0.0181343778849531"
"2025-06-08","0.0106826530843286","0.0472393631008415","0","0.00793487265328382","0.0158237495432714","0.0205869950991972","0.0156040112011977"
"2025-06-10","0.0123154106040301","0.0422014978056236","0.00803683313313715","0.00802651548618976","0.0182702507387157","0.0217966079084714","0.0155658788730996"
"2025-06-11","0.0108057581578768","0.0137435258391234","0.00845758173143363","0.00768665265661825","0.0162939257352834","0.0207841590723454","0.0148448900038424"
"2025-06-13","0.0107567507099027","0.0106200075668607","0.0132979431911173","0.00756967830912655","0.0165322757847721","0.0153925485641161","0.0146940621908413"
"2025-06-16","0.0124131833624533","0.0176021684754531","0.010568090553688","0.00660633566386802","0.0186912713991992","0.0169253002725991","0.0153546870388985"
"2025-06-17","0.0125955794396025","0.018381442053968","0.0137383240770232","0.00701103688078447","0.0156636037591597","0.0181854566209135","0.0216073565458967"
"2025-06-18","0.0119152291523543","0.0197951510391893","0.0091705010374886","0.00801836402497343","0.0166696593327268","0.0150303580862358","0.0232301166556536"
"2025-06-20","0.0114427563198486","0.0179513457812479","0.0111533006802035","0.00754964935170263","0.0168190175309152","0.0175666148463455","0.023538723970731"
"2025-06-23","0.0117514331890621","0.0192011150434661","0.00979626884319024","0.00806364822045838","0.0245798578222206","0.0176927495653279","0.0237785732630405"
"2025-06-24","0.0114352430685508","0.0173665197782165","0.00792973999594982","0.0105567865045868","0.0130659169687967","0.01696923103648","0.0188501457024417"
"2025-06-30","0.0110694297307924","0.0174582950272884","0.014217029494951","0.00937580810250589","0.0201393882489165","0.0129419669782087","0.0216145633348561"
"2025-07-02","0.0110610152791477","0.0139278001787968","0.0218787095654078","0.00780981991224024","0.0210784654899132","0.0130068014886169","0.0191045876246661"
"2025-07-03","0.0111820852291365","0.0193598025951231","0.0218575071670368","0.00781078461761713","0.0129647803601583","0.0159321575459356","0.0221026826337319"
"2025-07-04","0.0112183043028118","0.0145819162377574","0.0220415860512485","0.00741581723874842","0.0132056694087289","0.0174907464986589","0.027007312948158"
"2025-07-05","0.0126459167787785","0.0215912756128882","0.0163458984793218","0.00770145729705687","0.0131977408478913","0.0226039557423271","0.0225047380126545"
"2025-07-07","0.0121359906795242","0.0217769279424014","0.00776354796687569","0.00760481641156961","0.0133412234855827","0.031890337653712","0.0163320547782813"
"2025-07-08","0.0126532461405313","0.0216407832182049","0.006992825166472","0.00759513516778706","0.013708011270446","0.0116228106481821","0.0160144697694714"
"2025-07-10","0.0123308573653487","0.0213149988655606","0.00700346964830944","0.00767514365810442","0.0146072009075871","0.018203767421404","0.0177029643880499"
"2025-07-11","0.0114726113299849","0.0211618112621277","0.0068111331100209","0.00760911625860631","0.015241979005806","0.0180832032681154","0.0163928739069674"
"2025-07-14","0.0126279505870572","0.0196714524800152","0.00679114319507324","0.00771301803283843","0.013908299349632","0.0176310849217004","0.0181327066164014"
"2025-07-15","0.0122246588669564","0.0195274821935558","0.00727783389350305","0.00809038542776367","0.013834317707687","0.0250726753028342","0.0212401029214777"
"2025-07-16","0.0126837999288185","0.0171890397859642","0.00592865211076735","0.00815438964396191","0.013671735189189","0.0233720464459818","0.0216505522814632"
"2025-07-17","0.0126015828844309","0.0153575568561291","0.00603719654390915","0.00817610290320516","0.0130369103370525","0.0192776855867053","0.0215233655978625"
"2025-07-18","0.0124771787020192","0.0175370753778188","0","0.00825321585961738","0.0132837900783396","0.018755900444483","0.0221764911945346"
"2025-07-21","0.012452840962823","0.0171450216415898","0.00607319955842087","0.00833049105692189","0.0135541294175168","0.0104328700703005","0.0212398147263624"
"2025-07-22","0.0121895021338492","0.016220690908076","0.00897233978429062","0.011264529800801","0.0140659590779783","0.0220030267218626","0.0233896357734843"
"2025-07-23","0.0125391715272355","0.0132492712204973","0.0080028145199209","0.00918563218446768","0.0140898896317981","0.0334984462815978","0.0280492299146142"
"2025-07-24","0.0662196921475734","0.0133927251696571","0.00583080789959354","0.00831476407471998","0.0341982935783917","0.0248880354321671","0.0194137710514417"
"2025-07-25","0.0268097845194112","0.00910796002874906","0.00616663530903741","0.0093035267085715","0.00975293670256053","0.0179573672863206","0.0226468420722826"
"2025-07-28","0.027631779980767","0.00972551951171935","0.00587187325417369","0.00864495810264776","0.00976252993623917","0.0133845413789564","0.0221249496713797"
"2025-07-29","0.0266819433992344","0.0110423821134075","0.00588017957544719","0.0086905681843089","0.00970127542923267","0.0132598291711549","0.0219110523465803"
"2025-07-30","0.0685850398954845","0.011386059163952","0.00573195927250845","0.00883370161546621","0.00980292834166753","0.014432662747867","0.0203197776399603"
"2025-07-31","0.0682021554562561","0.0114997625767534","0.00616760596307649","0.00891542178830328","0.0108846833193505","0.0139237327078803","0.0229901028557289"
"2025-08-01","0.0674522199397651","0.00970711434642786","0.00564613899826538","0.00806607774816042","0.010384403834446","0.0162230679255437","0.0177039099828222"
"2025-08-04","0.0207124983000174","0.00967553898849945","0.0059682853759868","0.00807369624983172","0.0103008813515277","0.0163962553963503","0.0177420719817582"
"2025-08-05","0.027361622520961","0.00812873728981572","0.00872707368058412","0.00927997754004162","0.0133686538396493","0.0290957631973992","0.0175710568134368"
"2025-08-07","0.0355495508130643","0.0181797801478551","0.00809028110696853","0.0115856130962635","0.00916851145332904","0.0211846977775622","0.0172429864681167"
"2025-08-08","0.0207769065890479","0.0177745988456854","0.0107982351201774","0.0116881180180099","0.0108851820718248","0.0136076487410461","0.0213379036567075"
"2025-08-09","0.0214701398066866","0.00700463071834352","0.0103394592764418","0.0114265403074603","0.0106643742855272","0.0345028063347385","0.0237275890930337"
"2025-08-10","0.0204803755723588","0.0173450010508644","0.00637970547007512","0.00927155091220091","0.0120462498885717","0.0341209318846578","0.0216268493522484"
"2025-08-12","0.0171286893304682","0.0173844666792922","0.00889435761562728","0.0116881843539171","0.0119069759488144","0.0242481019435305","0.0292192467050698"
"2025-08-13","0.0170438272463296","0.01710341708866","0.00819999846191717","0.00947334484501462","0.0127086578725047","0.0205724314099166","0.0214991975719804"
"2025-08-14","0.0151689718678277","0.0187169307286234","0.00823589103732092","0.00899881965164019","0.0128063910504094","0.0223595954747779","0.0213101108920354"
"2025-08-18","0.0154456269220756","0.0190298756273442","0.0082685286999534","0.00927301661974607","0.0127345534960178","0.0224486476999864","0.0212631212481178"
"2025-08-19","0.0156530813384993","0.0190898934002207","0.00640542283471049","0.00948073482778079","0.0123667416953162","0.0214957839602579","0.0258694522942493"
"2025-08-20","0.0161410299141869","0.0188409739144777","0.00786202912730114","0.00934731354733866","0.0124881377826535","0.0243437368797919","0.0279650729879526"
"2025-08-21","0.024099684914738","0.027532401740192","0.00778848158967225","0.00940805417995442","0.00958327404544311","0.0229023272177224","0.0185536667997455"
"2025-08-22","0.0200231624548218","0.0301246118040375","0.0120768779041122","0.00976507310793757","0.00857394866345575","0.0211687612986452","0.0247947270648331"
"2025-08-25","0.0383710355402953","0.0369215396786815","0.0114134308310222","0.00840791230950652","0.0107164446766961","0.0199353668639662","0.0289302625858151"
"2025-08-26","0.0209268171350699","0.00708569804819678","0.0110671371371277","0.00593784523523249","0.0108413281458892","0.0206595650633253","0.0163800851611802"
"2025-08-27","0.015944036454403","0.00928752330061599","0.00698191148347368","0.00571613725166332","0.00987592732071355","0.0166812369570823","0.0161613259754488"
"2025-08-28","0.0156525231750096","0.00867486359416889","0.0117750372931607","0.0054452502108438","0.0105787591601075","0.0188990457787942","0.00871389209185824"
"2025-08-29","0.0115931508706572","0.00929062261436457","0.009748759275693","0.00552704356710063","0.00954185366770807","0.0171722188200094","0.00911794195630602"
"2025-09-04","0.0115105626523413","0.00930896221744438","0.0101291155669885","0.00592013347108988","0.0100899230020453","0.0169957985521819","0.009221387597814"
"2025-09-05","0.0198178630462543","0.0166258799995509","0.00893742224201329","0.00757147997096225","0.0109670014626068","0.0155297730261746","0.0121740084909609"
"2025-09-07","0.014379853141447","0.0167412918815817","0.009012210450601","0.0076952215245507","0.0111413579750572","0.0146570957454359","0.012180122484295"
"2025-09-09","0.0120234047816114","0.0172354617891188","0.00903675066920018","0.00772456255930383","0.0107225842071116","0.0129725647470423","0.0116596314966927"
"2025-09-10","0.0126301727494252","0.0339754275343819","0.0124115667409556","0.00804373537081259","0.0110628897795499","0.0152890840232596","0.00873600873847611"
"2025-09-12","0.0121028927526145","0.0325502862278027","0.0132633001933514","0.00802244853872315","0.0105539054742049","0.0140510838302701","0.00867740416644408"
"2025-09-15","0.0217035080390175","0.0146217804564709","0.0136308773673607","0.00841819238302385","0.00942547901076043","0.0132592108024906","0.0124586545442297"
"2025-09-16","0.0216163169893713","0.0147436973361966","0.0134868324746568","0.00818404781387325","0.00896013631282531","0.0122836853931008","0.0135577032357965"
"2025-09-17","0.0133173124094918","0.0210982705232577","0.00899835194329532","0.0081088281480726","0.00900309697212443","0.0120984149490883","0.0104842551311622"
"2025-09-18","0.0155330290504284","0.0246498411969179","0.0102434488238804","0.00921405914297481","0.0109604059477299","0.0119553444562635","0.00812996375132577"
"2025-09-19","0.0158256620321702","0.0174062659050418","0.00947087683313165","0.00923184269295994","0.0117124756724486","0.0115965435472858","0.00809051301780417"
"2025-09-22","0.0148475182516497","0.0129932408995291","0.00962038966025198","0.0101591462197935","0.010591064445358","0.00933419711853415","0.00954983461874247"
"2025-09-23","0.0133540958317191","0.017081949902733","0.00912012908602078","0.0125122049629252","0.0119843711892639","0.0111823412147296","0.0118717822772487"
"2025-09-24","0.0135938891321984","0.0171917646097589","0.00887309262303024","0.0102274350019657","0.0117172079918618","0.00936474720493164","0.00919162304231378"
"2025-09-25","0.0124502018008812","0.017132939898804","0.00878938706828187","0.0117318417267529","0.0102015332651095","0.012502317220667","0.0121325282544992"
"2025-09-26","0.0129443580965969","0.0171873842390381","0.00860457733676203","0.0139900200665995","0.00947664356068864","0.00948031627542595","0.0137020465487706"
"2025-09-29","0.0126971767086483","0.0162981395824521","0.00821881497199659","0.014324531556907","0.0136740527662412","0.0114475822691012","0.010425023046375"
"2025-09-30","0.0120495682013663","0.0162224114710804","0.00815351238072054","0.0138906550820385","0.0150456052481696","0.0123599790177497","0.0101959069860565"
"2025-10-01","0.012064404628541","0.0172376607957673","0.00827630455112263","0.0104230281763769","0.0126309015880348","0.0117013018402532","0.0116668479234677"
"2025-10-02","0.0120820150532535","0.0159355911726611","0.00801596341969677","0.0147496110989033","0.014843740970764","0.00943343437658776","0.0106465957748264"
"2025-10-03","0.0119534315375269","0.0170895198528693","0.0101387147348667","0.0145006729371756","0.0126071614845631","0.0144265756870195","0.0116625539887723"
"2025-10-04","0.0121584933767437","0.0199859134489909","0.00884896104172444","0.00931493038201612","0.010539872618217","0","0.0138338277358989"
"2025-10-06","0.0144918681368331","0.0192772797716643","0.00799488345744657","0.00957810402582008","0.0155054379487354","0","0.0152069219687178"
"2025-10-07","0.0151595707740864","0.0316006416003908","0.0163482709456147","0.0120272158297102","0.0182407898173576","0","0.0163293521806966"
"2025-10-09","0.0120015253521113","0.0269286960309743","0.0125757997140225","0.00804420656587531","0.0155870364679072","0.0122484599272237","0.0143595587742874"
"2025-10-10","0.0130937289718389","0.0183587581015272","0","0.00892278058115322","0.0135107355834677","0.0129263429231578","0.0131304594790537"
"2025-10-11","0.0126675309203877","0.0151266771850008","0.0116877264385162","0.0129045552183194","0.0155045786711693","0.0139259728025541","0.0157033917774508"
"2025-10-12","0.0128215544995514","0.0203383382882966","0.00783953098336989","0.0100393678849319","0.0235746747896613","0.0178332284887182","0.0150541393562998"
"2025-10-13","0.0135020089878769","0.0198603057185548","0.00738101576382231","0.00860462379761967","0.0105552272884557","0.017486454644952","0.0155419574846674"
"2025-10-14","0.0144677506806275","0.0203897895178771","0.00833436136737795","0.0112943513547086","0.0102722657851435","0.0176020341560951","0.0144474581512524"
"2025-10-15","0.0130684441927201","0.0173576224620979","0.00829958059909676","0.0145556231976964","0.0107211488434591","0.0290967971694519","0.013559477231407"
"2025-10-16","0.012802684308503","0.0135448172289848","0.0108091725274404","0.00818276474406031","0.0162499896700676","0.0173848359417401","0.0132122138559144"
"2025-10-17","0.0130429969466948","0.0198010973896546","0.00791466080231274","0.00818109658811333","0.0144873370225331","0.0163812013963723","0.0144917169424329"
"2025-10-20","0.0144908149086102","0.00952454780154958","0.00756676446841562","0.00607078430096691","0.0143607728251222","0.0149811024389079","0.0129871214215269"
"2025-10-21","0.0143597345035936","0.0121472361010838","0.00813224494878141","0.00965110414090735","0.0141539495877925","0.0153448043741392","0.0108598914750146"
"2025-10-22","0.0140775701062991","0.0122201240090227","0.00968892442638812","0.00749798527109631","0.0200112657026849","0.0149432174774279","0.01312030173126"
"2025-10-23","0.0133389465837354","0.0127133176324297","0.00705052056531578","0.0103816305121136","0.0228879260709881","0.0116366683170286","0.0131346114113665"
"2025-10-24","0.024590790030998","0.012857460852873","0.00697614455239151","0.0121281266491092","0.0134849015554812","0.0118219619932721","0.0118238846492232"
"2025-10-27","0.0240936373575554","0.0125348716037381","0.00705371755416045","0.0100746441625075","0.0222580746746538","0.0110048527954751","0.0114186357414687"
"2025-10-29","0.0146275987167208","0.013469247769067","0.00694020951811262","0.0100177033425148","0.0195694050868677","0.0119334790127299","0.0123686294968881"
"2025-10-30","0.0255260663782876","0.0136283613030303","0.00703687850422186","0.00941597533287936","0.0233156437651056","0.0118416965332292","0.0124035254067906"
"2025-10-31","0.0128428709339177","0.0110270318948861","0.00704232611803825","0.00450785696206816","0.0206730778475902","0.01142184223222","0.0144730841381175"
"2025-11-02","0.0119909629207505","0.0108762891462829","0.00687993177601482","0.00402096234110055","0.0205944762715138","0.0127828643609106","0.0136436956996919"
"2025-11-03","0.012556056267641","0.0125224287814662","0.00683907376170398","0.00521099937506714","0.0124721852723889","0.0105777066785392","0.0150940936107626"
"2025-11-04","0.012896451641311","0.0110544616732616","0.00826155233231266","0.00566107538130414","0.0133708495657966","0.0104520640531911","0.0135854090879786"
"2025-11-06","0.0878606975211172","0.0128102258688168","0.00879785848393399","0.00561962994601683","0.0143562326717805","0.0102218378941985","0.014821923256158"
"2025-11-07","0.0123051736985494","0.0114959262762604","0.00824563973023927","0.00573095436801683","0.0157991478778984","0.0101476254126383","0.0137434467925787"
"2025-11-08","0.0676611995994443","0.0141885583561251","0.00661596943102198","0.00570199759127407","0.0168447976435838","0.0101499601245813","0.0125941042469597"
"2025-11-09","0.0584242557053227","0.0130054807381125","0.00844322494238617","0.00579763244487725","0.0162136268851889","0.00990778028980841","0.0106962791984729"
"2025-11-12","0.0145616268427832","0.0132931168082295","0.0100344371739092","0.00441744601088209","0.0290645720001763","0.0104521410408812","0.0136669826967835"
"2025-11-13","0.0124158936730619","0.0130902362546226","0.00842378111497347","0.00583175371287738","0.0335531733888026","0.0116627700350247","0.0133159939669013"
"2025-11-14","0.0155348334245385","0.0108803752493192","0.00662347942027143","0.0074485150649202","0.0162548812703186","0.0108749690707605","0.0111082094875171"
"2025-11-17","0.0152495499472683","0.0121358290096508","0.00748471266104607","0.00581517447956238","0.0165012372032897","0.011131919692452","0.0125767931241118"
"2025-11-18","0.012489038739472","0.0131693272402147","0.00695378859029288","0.0057960181114829","0.0160982658006003","0.00997390677345727","0.014511770855254"
"2025-11-19","0.0126390341441333","0.013140367089576","0.00700141617783558","0.00558924349110192","0.0164593395586176","0.0105102751002793","0.0135538752883953"
"2025-11-20","0.0115961106584893","0.0133979025598655","0.0186437341726813","0.00568359173180665","0.0111072458936178","0.00988498574120519","0.0152086711005655"
"2025-11-21","0.0129043914256908","0.0110171417314716","0.00699796346826178","0.0058007058370083","0.0108796361255254","0.00977157779082535","0.0142557058001812"
"2025-11-24","0.0123929390101423","0.0119077748066286","0.00941033636294478","0.00414880303103969","0.011438043346382","0.00993687482694361","0.0137340713408535"
"2025-11-25","0.00962123057631924","0.0131120887205402","0.00796287118375125","0.00401009364662309","0.0113968580239857","0.0101342735401662","0.0112066480368252"
"2025-11-26","0.012802282844047","0.0114801710974942","0.00705131814077351","0.00412990296852522","0.0105876572382261","0.0100669790990317","0.0109282329096984"
"2025-11-28","0.0120835543892353","0.0116362892811818","0.0070052785780205","0.00390938816099564","0.0110323814474901","0.0100335074226494","0.0111271789037382"
"2025-12-02","0.0118191685408837","0.0125321544863127","0.0081314886070528","0.00466721082433613","0.0109913605162031","0.0104160637543163","0.015476102551981"
"2025-12-03","0.0107134217219765","0.0125716071576721","0.00688032144727043","0.00464375127724747","0.0212255253540452","0.00982099111124322","0.0151741407333466"
"2025-12-05","0.0110676246160758","0.0125971736880248","0.00699437284890209","0.00392267709884097","0.0336090922855062","0.0113413830788866","0.0156919683577823"
"2025-12-06","0.00968622175874135","0.0128614021805181","0.00702577990894318","0.0060960883027744","0.0923943305273836","0.0118255284834645","0.0153792742747568"
"2025-12-08","0.0110536584596819","0.0130577174273527","0.00506532113217574","0.00606018237410121","0.060590481319953","0.0113695820664789","0.0146660793064696"
"2025-12-09","0.0104430978678327","0.0129671615380645","0.0752047520551461","0.00604796730898862","0.0247757770871224","0.0113115434666484","0.0146047440959283"
"2025-12-11","0.00999481364494917","0.0131348056726032","0.0753528457481361","0.00409898164235777","0.0249814832188399","0.0115286834981532","0.0144605563109364"
"2025-12-12","0.00950646143650702","0.0136423863086466","0.00816471519671669","0.00555412353577421","0.0344554328750651","0.0121994776675913","0.0174486721977756"
"2025-12-15","0.0109608020366089","0.0130725097269384","0.00673718249559018","0.00556072421990057","0.00966354431102972","0.0125249963604633","0.0177870053552732"
"2025-12-16","0.00988848010513163","0.01336349268887","0.00666092661763115","0.00562142318178515","0.00999625727451031","0.0119989357407779","0.0150810058071116"
"2025-12-17","0.00977911545968305","0.0184605292205858","0.00720739213364484","0.00548224904849032","0.0096839579566162","0.0108547791525367","0.0183040746025565"
"2025-12-18","0.0108569530589478","0.0149291578684967","0.00652042847606647","0.00551288027767447","0.00968726028512353","0.0152822608413199","0.0122635923594342"
"2025-12-19","0.00989873085241695","0.0130057718719762","0.00637571537622498","0.00475263318700067","0.00968928993239341","0.0142944529423748","0.0121413063438693"
"2025-12-22","0.0110774207362206","0.0119370184026925","0.00846453035404317","0.00482094053336","0.00875086218263255","0.0143596672685229","0.0156166004161905"
"2025-12-23","0.0112990772646845","0.0123625308877724","0.00733564432542987","0.00519227205869271","0.00756094135378119","0.0120923171603323","0.0151090397511444"
"2025-12-29","0.0108803959632916","0.0119595650620338","0.00819137078259604","0.00532128080445238","0.00734782878088595","0.0120846333557892","0.0164294474079197"
"2025-12-30","0.0109614955373645","0.011087304257361","0.0086871535068458","0.00722871087364017","0.00743890008263608","0.0119586214378672","0.0127837459336373"
