"date","outdegree_avg","indegree_avg","closeness_avg","betweenness_avg","eigenvector_avg","out_strength_avg","in_strength_avg"
11501,0.790909090909091,0.790909090909091,0.0828906630176975,0.0646464646464646,0.189971520361341,13.1779356432292,13.1779356432292
11502,0.772727272727273,0.772727272727273,0.0563611037600741,0.0696969696969697,0.189763816150541,6.51627396789639,6.51627396789639
11506,0.790909090909091,0.790909090909091,0.051375662814952,0.0626262626262626,0.184995915502993,14.0403593948801,14.0403593948801
11508,0.790909090909091,0.790909090909091,0.000268010754080313,0.0434343434343434,0.181818622446129,8.84425751967806,8.84425751967806
11511,0.790909090909091,0.790909090909091,0.000403223484496924,0.0707070707070707,0.181818505275999,10.096465711755,10.096465711755
11515,0.790909090909091,0.790909090909091,0.000417656553781318,0.0555555555555556,0.182996813948263,9.08670354690698,9.08670354690698
11516,0.763636363636364,0.763636363636364,0.00653358238639304,0.0515151515151515,0.186453901742303,6.12113426269088,6.12113426269088
11519,0.754545454545455,0.754545454545455,0.0109818780403195,0.0616161616161616,0.195975095657339,4.39881523004692,4.39881523004692
11520,0.745454545454545,0.745454545454545,0.00930905358139518,0.0646464646464646,0.178136852769626,6.04507647437286,6.04507647437286
11521,0.781818181818182,0.781818181818182,0.0055868866088305,0.0616161616161616,0.177258578711494,6.1477848947967,6.1477848947967
11522,0.790909090909091,0.790909090909091,0.00306798847215876,0.0727272727272727,0.175624136017974,7.82789802854031,7.82789802854031
11523,0.745454545454545,0.745454545454545,0.00617588487290316,0.0676767676767677,0.179651570189451,5.81938232644195,5.81938232644195
11526,0.681818181818182,0.681818181818182,0.00619941221504841,0.0787878787878788,0.182701519717208,4.79098193070635,4.79098193070635
11527,0.681818181818182,0.681818181818182,0.00619489966574348,0.0737373737373737,0.182406953912444,4.7729287711169,4.7729287711169
11528,0.690909090909091,0.690909090909091,0.00765982145929537,0.0686868686868687,0.181504005236059,4.84442144844677,4.84442144844677
11529,0.681818181818182,0.681818181818182,0.0095654336651813,0.0707070707070707,0.179280648054551,5.34578274473798,5.34578274473798
11530,0.681818181818182,0.681818181818182,0.00652328882985123,0.0686868686868687,0.182596437249243,4.82856310909588,4.82856310909588
11533,0.709090909090909,0.709090909090909,0.00541128932038511,0.0606060606060606,0.184357235630232,4.90138812008449,4.90138812008449
11534,0.654545454545455,0.654545454545455,0.00889227661791968,0.0787878787878788,0.1816437236598,4.54181303004057,4.54181303004057
11536,0.672727272727273,0.672727272727273,0.00889908460775644,0.0707070707070707,0.181151206346388,5.55555396103479,5.55555396103479
11537,0.727272727272727,0.727272727272727,0.00650400948728324,0.0696969696969697,0.178495190775543,5.72308946291647,5.72308946291647
11539,0.718181818181818,0.718181818181818,0.0088810000125941,0.0676767676767677,0.179486617331472,5.86782982811887,5.86782982811887
11542,0.681818181818182,0.681818181818182,0.00859726046143656,0.0686868686868687,0.181527892267585,4.89673767543374,4.89673767543374
11544,0.718181818181818,0.718181818181818,0.00619251916519053,0.0505050505050505,0.185820208874268,5.92357843375093,5.92357843375093
11545,0.718181818181818,0.718181818181818,0.00889975736570155,0.0676767676767677,0.191215191614181,4.7124925898791,4.7124925898791
11547,0.7,0.7,0.0266333940721867,0.0646464646464646,0.186052776877681,4.71482347183198,4.71482347183198
11548,0.672727272727273,0.672727272727273,0.027190591023379,0.0737373737373737,0.186325144794042,4.69690627043642,4.69690627043642
11550,0.663636363636364,0.663636363636364,0.0267916652652696,0.0727272727272727,0.185805769203532,4.60773251794164,4.60773251794164
11551,0.727272727272727,0.727272727272727,0.0125809771954595,0.0636363636363636,0.190869179980571,5.42704103056043,5.42704103056043
11554,0.7,0.7,0.0113046560941014,0.0666666666666667,0.190690211908419,5.40423695308659,5.40423695308659
11555,0.690909090909091,0.690909090909091,0.0113353541530255,0.0686868686868687,0.190373672339964,4.93921421310825,4.93921421310825
11556,0.718181818181818,0.718181818181818,0.0339279055871417,0.0939393939393939,0.18862059065238,4.60216346722528,4.60216346722528
11557,0.772727272727273,0.772727272727273,0.0640475521791814,0.0939393939393939,0.184026195438761,6.29245698646722,6.29245698646722
11558,0.781818181818182,0.781818181818182,0.0568450696664711,0.0767676767676768,0.190696811366119,6.42775139472376,6.42775139472376
11561,0.818181818181818,0.818181818181818,0.0706630020755677,0.0787878787878788,0.185764598012438,7.51184224194766,7.51184224194766
11562,0.790909090909091,0.790909090909091,0.0706596015913442,0.0787878787878788,0.185630899215516,7.48455339856165,7.48455339856165
11563,0.736363636363636,0.736363636363636,0.0726682304050137,0.0929292929292929,0.18103343706689,4.59433192022701,4.59433192022701
11564,0.736363636363636,0.736363636363636,0.0447958684877724,0.0757575757575758,0.185867985576967,5.70069660998413,5.70069660998413
11565,0.781818181818182,0.781818181818182,0.0738119742956799,0.0787878787878788,0.188494282452186,5.77080864183367,5.77080864183367
11567,0.8,0.8,0.051203239932326,0.0636363636363636,0.18636516713075,6.6780034503369,6.6780034503369
11568,0.8,0.8,0.0737789411083139,0.0777777777777778,0.180988032667028,7.76609760234683,7.76609760234683
11570,0.736363636363636,0.736363636363636,0.0514567084189306,0.0727272727272727,0.192422858999224,5.29708254633358,5.29708254633358
11572,0.763636363636364,0.763636363636364,0.0445119230737554,0.0676767676767677,0.191129203754204,5.51107427813392,5.51107427813392
11573,0.763636363636364,0.763636363636364,0.0670293539947831,0.0757575757575758,0.19106041197366,5.79710109717177,5.79710109717177
11575,0.718181818181818,0.718181818181818,0.0456098618678025,0.0727272727272727,0.204409364385963,5.25452306820775,5.25452306820775
11576,0.745454545454545,0.745454545454545,0.0624168494144103,0.0757575757575758,0.20392711174194,5.46304440355566,5.46304440355566
11582,0.754545454545455,0.754545454545455,0.0709088402102708,0.0757575757575758,0.192350328203713,6.43322256726662,6.43322256726662
11583,0.745454545454545,0.745454545454545,0.0524448012833908,0.0787878787878788,0.204052586128597,5.33561361025062,5.33561361025062
11584,0.754545454545455,0.754545454545455,0.0707515366783218,0.0777777777777778,0.196092227952747,6.11973931358035,6.11973931358035
11585,0.781818181818182,0.781818181818182,0.0634687797879986,0.0797979797979798,0.193909385431791,6.05108778333048,6.05108778333048
11586,0.754545454545455,0.754545454545455,0.0646795666882869,0.0868686868686869,0.19130704771664,5.31068803274861,5.31068803274861
11589,0.727272727272727,0.727272727272727,0.0604610354737299,0.094949494949495,0.191475375229731,4.47760792431313,4.47760792431313
11590,0.690909090909091,0.690909090909091,0.0636837582397265,0.0888888888888889,0.192975636907059,4.53064729057895,4.53064729057895
11591,0.718181818181818,0.718181818181818,0.0639330515104827,0.0848484848484849,0.194747222462868,5.20477190875321,5.20477190875321
11592,0.663636363636364,0.663636363636364,0.0634823811868252,0.0838383838383838,0.202900606441019,4.1215850410632,4.1215850410632
11593,0.736363636363636,0.736363636363636,0.0639143324463787,0.0848484848484849,0.189487076734948,5.40057316079331,5.40057316079331
11600,0.681818181818182,0.681818181818182,0.0505682243014309,0.0868686868686869,0.20778866003321,3.35993290781786,3.35993290781786
11602,0.718181818181818,0.718181818181818,0.0653682320000905,0.0939393939393939,0.196420213074756,4.05533160859347,4.05533160859347
11603,0.727272727272727,0.727272727272727,0.0645039639047569,0.0888888888888889,0.188778299398735,5.15683876370999,5.15683876370999
11604,0.681818181818182,0.681818181818182,0.0605098687608848,0.094949494949495,0.191285486393813,5.04611358614316,5.04611358614316
11605,0.645454545454545,0.645454545454546,0.0601866606384266,0.108080808080808,0.191515116534988,3.56651898374406,3.56651898374406
11607,0.7,0.7,0.0622791669381304,0.0888888888888889,0.18798401864124,4.24172254273876,4.24172254273876
11610,0.709090909090909,0.709090909090909,0.0409001186308498,0.0747474747474748,0.19687736687087,4.68668789173068,4.68668789173068
11611,0.745454545454545,0.745454545454545,0.0374801061487568,0.0929292929292929,0.1932754916944,4.85733303253823,4.85733303253823
11612,0.718181818181818,0.718181818181818,0.0215190321144478,0.0737373737373737,0.196964824785955,4.04516976535772,4.04516976535772
11613,0.7,0.7,0.06915766593302,0.0929292929292929,0.21510074707582,3.74104467324646,3.74104467324646
11614,0.7,0.7,0.0668664057472262,0.0868686868686869,0.208787687278941,3.74577826950168,3.74577826950168
11617,0.690909090909091,0.690909090909091,0.0693609105248494,0.0939393939393939,0.207904629701198,4.19252359280521,4.19252359280521
11618,0.745454545454545,0.745454545454545,0.0320297886397102,0.0777777777777778,0.191039973563594,6.08872960543924,6.08872960543924
11619,0.763636363636364,0.763636363636364,0.0590367889705556,0.0808080808080808,0.190862694235868,5.48907860726861,5.48907860726861
11620,0.681818181818182,0.681818181818182,0.0721967608157985,0.0656565656565656,0.203061693567841,4.2192751680798,4.2192751680798
11624,0.654545454545455,0.654545454545455,0.00164546090748888,0.0848484848484849,0.197393697845397,5.22951967343883,5.22951967343883
11625,0.681818181818182,0.681818181818182,0.0400288982690633,0.0838383838383838,0.196605114362836,4.48315406793125,4.48315406793125
11626,0.672727272727273,0.672727272727273,0.0319978288043393,0.0838383838383838,0.199309736465559,3.0460254833374,3.0460254833374
11630,0.672727272727273,0.672727272727273,0.0419818185263725,0.0888888888888889,0.206196314300203,2.89883027294598,2.89883027294598
11631,0.745454545454545,0.745454545454545,0.0247337035595146,0.0777777777777778,0.189867661857604,5.11585666872067,5.11585666872067
11632,0.718181818181818,0.718181818181818,0.0326737475450254,0.0737373737373737,0.191244891283878,5.69790018074526,5.69790018074526
11633,0.709090909090909,0.709090909090909,0.0532871104934154,0.0747474747474747,0.190709551512034,5.71526878212857,5.71526878212857
11636,0.7,0.7,0.0400142235731278,0.0757575757575758,0.189832185209674,5.36719835919492,5.36719835919492
11638,0.745454545454545,0.745454545454545,0.0452056757235237,0.0747474747474747,0.188568938945598,5.64772239329927,5.64772239329927
11639,0.736363636363636,0.736363636363636,0.0451537732041681,0.0757575757575758,0.186089721764254,5.59749364335919,5.59749364335919
11640,0.7,0.7,0.0609649210785154,0.0919191919191919,0.182993977735499,4.40262529676796,4.40262529676796
11641,0.7,0.7,0.0610012850187215,0.0838383838383838,0.190197250136551,4.45419579621279,4.45419579621279
11642,0.727272727272727,0.727272727272727,0.00168194317947146,0.0767676767676768,0.183063181288619,6.04411857960974,6.04411857960974
11645,0.709090909090909,0.709090909090909,0.0401112296667108,0.097979797979798,0.186689238015273,5.16071004395359,5.16071004395359
11646,0.709090909090909,0.709090909090909,0.0430453240605081,0.0909090909090909,0.197015613242746,3.38901175014568,3.38901175014568
11647,0.663636363636364,0.663636363636364,0.0474761844824199,0.111111111111111,0.195151600672738,3.88346157222675,3.88346157222675
11649,0.690909090909091,0.690909090909091,0.0492556401668309,0.104040404040404,0.194537724322929,3.92646366737111,3.92646366737111
11652,0.727272727272727,0.727272727272727,0.0193049561116027,0.0707070707070707,0.189834369238864,4.54849059322629,4.54849059322629
11653,0.681818181818182,0.681818181818182,0.0192046437326773,0.0747474747474747,0.19250453103612,3.75112303917361,3.75112303917361
11654,0.690909090909091,0.690909090909091,0.0192120524194513,0.0797979797979798,0.192267351975175,3.78160087708758,3.78160087708758
11655,0.709090909090909,0.709090909090909,0.0193353086643231,0.0717171717171717,0.187358080271596,4.96290748203206,4.96290748203206
11656,0.7,0.7,0.0194653768437106,0.0787878787878788,0.179494722783095,5.61871468766345,5.61871468766345
11658,0.709090909090909,0.709090909090909,0.0236813627305659,0.0818181818181818,0.179285336506432,5.0582501965225,5.0582501965225
11659,0.736363636363636,0.736363636363636,0.0281441576105901,0.0757575757575758,0.179499357596312,6.8757880699386,6.8757880699386
11660,0.727272727272727,0.727272727272727,0.00214193157007823,0.0636363636363636,0.184341623192791,5.86868083988377,5.86868083988377
11662,0.763636363636364,0.763636363636364,0.00153388852410188,0.0515151515151515,0.186002673720755,6.56769598734005,6.56769598734005
11663,0.772727272727273,0.772727272727273,0.00168492906855763,0.0525252525252525,0.185400994308828,6.57723487567428,6.57723487567428
11666,0.7,0.7,0.0280449421527616,0.0808080808080808,0.18902720291545,3.9023116030216,3.9023116030216
11667,0.663636363636364,0.663636363636364,0.0165020219054098,0.0919191919191919,0.185225045361102,4.4948603474944,4.4948603474944
11668,0.7,0.7,0.0244449973314743,0.0757575757575758,0.189155461827991,4.77392866290833,4.77392866290833
11669,0.7,0.7,0.00267572007161914,0.0707070707070707,0.189411418700636,5.53074891772356,5.53074891772356
11670,0.709090909090909,0.709090909090909,0.00238143007783575,0.0737373737373737,0.179129853369072,6.50544350684885,6.50544350684885
11673,0.690909090909091,0.690909090909091,0.00251160847650692,0.0777777777777778,0.18019006208373,5.61808781108865,5.61808781108865
11674,0.7,0.7,0.00261071830653897,0.0777777777777778,0.18115207736957,5.5950405359527,5.5950405359527
11689,0.7,0.7,0.00259813054580575,0.0797979797979798,0.180375691695464,5.59509687358192,5.59509687358192
11690,0.7,0.7,0.00252243889182852,0.0787878787878788,0.180605963620977,5.6020326643659,5.6020326643659
11694,0.754545454545455,0.754545454545455,0.0025140788910057,0.0808080808080808,0.186432344505429,6.04478650654645,6.04478650654645
11697,0.745454545454545,0.745454545454545,0.0756607307941615,0.0616161616161616,0.187528116249366,6.79931472217441,6.79931472217441
11701,0.763636363636364,0.763636363636364,0.00292435001015908,0.0767676767676768,0.186818115220441,6.07999943853989,6.07999943853989
11702,0.754545454545455,0.754545454545455,0.00295752713433763,0.0666666666666667,0.183233485621622,7.24114084626569,7.24114084626569
11703,0.763636363636364,0.763636363636364,0.00287200267549427,0.0636363636363636,0.18364282983171,7.18491792104814,7.18491792104814
11704,0.736363636363636,0.736363636363636,0.00305379462788683,0.0787878787878788,0.183255111039588,6.85214173314857,6.85214173314857
11705,0.718181818181818,0.718181818181818,0.0673713910206803,0.0808080808080808,0.183853316906302,6.01651870806568,6.01651870806568
11709,0.745454545454545,0.745454545454545,0.00283545063007285,0.0787878787878788,0.183369679211756,6.86299526892115,6.86299526892115
11710,0.736363636363636,0.736363636363636,0.00309449526944765,0.0787878787878788,0.183369754266998,6.8620260071584,6.8620260071584
11711,0.718181818181818,0.718181818181818,0.00307016687880014,0.0686868686868687,0.181296409781917,7.08092900766747,7.08092900766747
11712,0.709090909090909,0.709090909090909,0.00319206412286812,0.0707070707070707,0.184122449698204,6.34323565071084,6.34323565071084
11715,0.736363636363636,0.736363636363636,0.077793233515173,0.0808080808080808,0.189765508458403,5.88358165754816,5.88358165754816
11716,0.763636363636364,0.763636363636364,0.00359099545298016,0.0737373737373737,0.186236383914542,6.84436837759429,6.84436837759429
11717,0.772727272727273,0.772727272727273,0.00325112944885871,0.0737373737373737,0.18705032547947,6.27690719585234,6.27690719585234
11718,0.763636363636364,0.763636363636364,0.0713748006530908,0.0767676767676768,0.189013388186248,5.39757687149146,5.39757687149146
11722,0.781818181818182,0.781818181818182,0.0704497693070589,0.0696969696969697,0.185824346881979,5.62314318974066,5.62314318974066
11725,0.809090909090909,0.809090909090909,0.0031785853536087,0.0717171717171717,0.184383387857254,9.26695608418204,9.26695608418204
11726,0.727272727272727,0.727272727272727,0.00283238159597289,0.0878787878787879,0.180213777450585,11.9102378080715,11.9102378080715
11728,0.754545454545455,0.754545454545455,0.00271159207450762,0.0797979797979798,0.179974306388946,24.1311454813296,24.1311454813296
11730,0.772727272727273,0.772727272727273,0.00270372032554305,0.0767676767676768,0.180135405059931,31.6364411676588,31.6364411676588
11731,0.836363636363636,0.836363636363636,0.761821426788702,0.0727272727272727,0.185548796654884,62.1084720509681,62.1084720509681
11732,0.827272727272727,0.827272727272727,0.762580975476447,0.0787878787878788,0.184934270579231,61.5120098440395,61.5120098440395
11733,0.818181818181818,0.818181818181818,0.761723483503521,0.0767676767676768,0.185781925708431,61.422914444702,61.422914444702
11737,0.818181818181818,0.818181818181818,0.762613831706507,0.0767676767676768,0.18959354015145,61.0642701175688,61.0642701175688
11738,0.781818181818182,0.781818181818182,0.00291236762106807,0.0737373737373737,0.190472998055427,38.7523093688693,38.7523093688693
11739,0.754545454545455,0.754545454545455,0.148488548338827,0.0787878787878788,0.19392362846197,38.5029998372489,38.5029998372489
11740,0.754545454545455,0.754545454545455,0.714680781720809,0.0797979797979798,0.192763997257637,66.0905992332472,66.0905992332472
11743,0.772727272727273,0.772727272727273,0.725000301241452,0.0797979797979798,0.193018566507188,66.116371740714,66.116371740714
11744,0.763636363636364,0.763636363636364,0.744089734941764,0.0777777777777778,0.190463517237774,59.9172458855993,59.9172458855993
11745,0.772727272727273,0.772727272727273,0.711454898979641,0.0787878787878788,0.19632548572362,66.0580610197169,66.0580610197169
11746,0.763636363636364,0.763636363636364,0.135954635529459,0.0919191919191919,0.207361120954586,77.6476394077409,77.647639407741
11747,0.727272727272727,0.727272727272727,0.325448143266848,0.0797979797979798,0.205714029511772,58.7727698538732,58.7727698538732
11750,0.772727272727273,0.772727272727273,0.600922033329668,0.0727272727272727,0.225493164098149,75.9645519232106,75.9645519232106
11752,0.772727272727273,0.772727272727273,0.622685598727571,0.0777777777777778,0.19947544928161,70.9657138203634,70.9657138203634
11753,0.763636363636364,0.763636363636364,0.137701662413411,0.0717171717171717,0.213252927000812,74.8318544643362,74.8318544643362
11756,0.790909090909091,0.790909090909091,3.42703988579699,0.0676767676767677,0.202340517010593,98.0511241594684,98.0511241594684
11758,0.745454545454545,0.745454545454545,3.42668472109064,0.0767676767676768,0.208271128506644,97.7411613819824,97.7411613819823
11759,0.7,0.7,0.254889440014259,0.0727272727272727,0.194898154022957,64.9405010932215,64.9405010932215
11760,0.718181818181818,0.718181818181818,0.631226492115622,0.0757575757575758,0.204459871096326,81.0336004410644,81.0336004410644
11761,0.754545454545455,0.754545454545455,2.76049145381594,0.0777777777777778,0.184464991193484,95.0937993751604,95.0937993751604
11766,0.736363636363636,0.736363636363636,2.82434430769629,0.0696969696969697,0.192085234145798,96.1777783716244,96.1777783716244
11767,0.709090909090909,0.709090909090909,2.32686148752918,0.0787878787878788,0.193858511588266,89.7904752608518,89.7904752608518
11768,0.736363636363636,0.736363636363636,0.741522761552389,0.0818181818181818,0.192421386499945,100.357713295638,100.357713295638
11774,0.736363636363636,0.736363636363636,0.741488704362408,0.0848484848484849,0.184167821729411,101.11871176222,101.11871176222
11778,0.772727272727273,0.772727272727273,0.741167399539077,0.0787878787878788,0.18404763943432,101.191454427076,101.191454427076
11779,0.754545454545455,0.754545454545455,0.741571930433457,0.0848484848484848,0.183323169722677,101.169039477071,101.169039477071
11780,0.772727272727273,0.772727272727273,0.748070960008987,0.0757575757575758,0.187805755957973,101.450066811602,101.450066811602
11783,0.790909090909091,0.790909090909091,0.748216820138498,0.0757575757575758,0.182731681593651,102.182491700006,102.182491700006
11787,0.772727272727273,0.772727272727273,0.741790353039022,0.0676767676767677,0.192261280313614,101.171819356719,101.171819356719
11788,0.772727272727273,0.772727272727273,2.13748000231986,0.0727272727272727,0.19406298965172,79.2299954108897,79.2299954108897
11789,0.763636363636364,0.763636363636364,0.655135740551159,0.0707070707070707,0.19951412593669,60.2361175787309,60.2361175787309
11792,0.736363636363636,0.736363636363636,0.0859830881663062,0.0808080808080808,0.190244119653393,34.2587404112787,34.2587404112787
11794,0.727272727272727,0.727272727272727,0.0995289456600461,0.0919191919191919,0.189187247063601,33.3107208633142,33.3107208633142
11795,0.718181818181818,0.718181818181818,0.0873784517801117,0.0797979797979798,0.18628495577837,33.602108184031,33.602108184031
11796,0.709090909090909,0.709090909090909,0.0694446953060218,0.0848484848484848,0.185404999980679,33.4067526679651,33.4067526679651
11799,0.718181818181818,0.718181818181818,0.0466898270968753,0.0848484848484849,0.197650014091108,32.5736679322084,32.5736679322084
11800,0.709090909090909,0.709090909090909,0.0322046061395259,0.0818181818181818,0.191941744209379,33.5332757248619,33.5332757248619
11801,0.718181818181818,0.718181818181818,0.000983369032201664,0.0767676767676768,0.190436808316127,34.3587400914272,34.3587400914272
11802,0.745454545454545,0.745454545454545,0.00107445865565739,0.0676767676767677,0.188982854038491,34.3682986281758,34.3682986281758
11803,0.7,0.7,0.000980427192907653,0.0787878787878788,0.186454002844581,35.0448103861951,35.0448103861951
11806,0.7,0.7,0.0398114884091869,0.0858585858585859,0.186208939098031,28.6205808982324,28.6205808982324
11807,0.690909090909091,0.690909090909091,0.0433901338143226,0.096969696969697,0.188346263305562,27.6021614067979,27.6021614067979
11809,0.681818181818182,0.681818181818182,0.0435959722470883,0.0848484848484848,0.195937846367283,27.6638502125358,27.6638502125358
11810,0.663636363636364,0.663636363636364,0.0557906284791598,0.0808080808080808,0.203056060845725,27.3550763117277,27.3550763117277
11813,0.727272727272727,0.727272727272727,0.0444871924289029,0.0858585858585859,0.195285975760982,27.7106353068206,27.7106353068206
11814,0.736363636363636,0.736363636363636,0.0445143173539516,0.0797979797979798,0.198369699584352,27.7704341655378,27.7704341655378
11815,0.763636363636364,0.763636363636364,0.000989397257597737,0.0767676767676768,0.184933014031224,29.4561413053815,29.4561413053815
11818,0.763636363636364,0.763636363636364,0.000963733777644667,0.0808080808080808,0.185404692335928,26.2145105605805,26.2145105605805
11819,0.790909090909091,0.790909090909091,0.0011610432743677,0.0747474747474747,0.185624493423426,36.8800867905411,36.8800867905411
11820,0.736363636363636,0.736363636363636,0.0556351537934021,0.0636363636363636,0.188890592494037,26.9340148342463,26.9340148342463
11821,0.763636363636364,0.763636363636364,0.00101575393004398,0.0696969696969697,0.192191399832342,33.0882972661631,33.0882972661631
11822,0.754545454545455,0.754545454545455,0.000923171877131345,0.0666666666666667,0.190763206164492,33.543306524946,33.543306524946
11823,0.754545454545455,0.754545454545455,0.343887177139999,0.0525252525252525,0.190274296738648,24.7027093262593,24.7027093262593
11824,0.772727272727273,0.772727272727273,0.000861654532585665,0.0666666666666667,0.190615931369834,32.4485861916396,32.4485861916396
11828,0.745454545454545,0.745454545454545,0.000853234758615952,0.0656565656565656,0.190273249289609,24.712629952193,24.712629952193
11829,0.736363636363636,0.736363636363636,0.0731883198912212,0.0636363636363636,0.189003530976383,24.8846658298032,24.8846658298032
11830,0.763636363636364,0.763636363636364,0.0403859061327308,0.0686868686868687,0.186494295762005,33.6899335350714,33.6899335350714
11831,0.781818181818182,0.781818181818182,0.0408995004820198,0.0737373737373737,0.188556436516919,33.2855122803459,33.2855122803459
11835,0.736363636363636,0.736363636363636,0.0447324193999203,0.0757575757575758,0.182439537612884,27.2187869290285,27.2187869290285
11836,0.745454545454545,0.745454545454545,0.0545578063469283,0.0757575757575758,0.185338830749029,26.4830161565644,26.4830161565644
11838,0.781818181818182,0.781818181818182,0.0607676717084129,0.0838383838383838,0.181373565034003,26.5372756824995,26.5372756824995
11840,0.809090909090909,0.809090909090909,0.0561051066557119,0.0636363636363636,0.179138982336951,28.2888103164771,28.2888103164771
11841,0.8,0.8,0.0647681621912452,0.0606060606060606,0.185516319168522,27.1903192028323,27.1903192028323
11844,0.781818181818182,0.781818181818182,0.225359570699402,0.0808080808080808,0.184552639480796,28.5713797798075,28.5713797798075
11846,0.772727272727273,0.772727272727273,0.231011546229411,0.0626262626262626,0.183619141520592,28.5733468162633,28.5733468162633
11849,0.781818181818182,0.781818181818182,0.0408987252221956,0.0666666666666667,0.187554722288854,27.550732809688,27.550732809688
11850,0.8,0.8,0.564317776664025,0.0666666666666667,0.197291647995843,54.5919589153677,54.5919589153677
11851,0.790909090909091,0.790909090909091,0.376256228390558,0.0595959595959596,0.194595664337603,60.8547145848284,60.8547145848284
11852,0.8,0.8,0.373815797540959,0.0494949494949495,0.19481388363284,60.7965751189115,60.7965751189115
11866,0.781818181818182,0.781818181818182,0.605865255051603,0.0585858585858586,0.195581025642076,63.4497477317135,63.4497477317135
11869,0.772727272727273,0.772727272727273,0.614847054035106,0.0525252525252525,0.187560431233193,68.6382010230265,68.6382010230265
11870,0.745454545454545,0.745454545454545,0.644234018081655,0.0555555555555556,0.187283239456584,72.436195921215,72.436195921215
11874,0.818181818181818,0.818181818181818,0.37609174593978,0.0494949494949495,0.186345597618324,60.8357116272175,60.8357116272175
11876,0.8,0.8,0.385700651774231,0.0555555555555556,0.187096486524079,83.9721933735583,83.9721933735583
11878,0.772727272727273,0.772727272727273,0.375837227416254,0.0545454545454545,0.186079591494679,61.782089048324,61.782089048324
11879,0.718181818181818,0.718181818181818,0.397867292362759,0.0717171717171717,0.202560850330329,60.4910274469382,60.4910274469382
11883,0.790909090909091,0.790909090909091,0.392891176049845,0.0656565656565656,0.193238209345621,61.9967645861833,61.9967645861833
11884,0.772727272727273,0.772727272727273,0.396503026696468,0.0656565656565656,0.190529313173385,61.9984179803542,61.9984179803542
11885,0.790909090909091,0.790909090909091,0.392736294313988,0.0686868686868687,0.193323536123356,62.0152532672772,62.0152532672772
11886,0.809090909090909,0.809090909090909,0.394357374469935,0.0595959595959596,0.193593483375832,49.6955474436407,49.6955474436407
11887,0.8,0.8,0.394246031037097,0.0666666666666667,0.196771529018317,49.6468069098582,49.6468069098582
11890,0.836363636363636,0.836363636363636,0.605228296801002,0.0626262626262626,0.195995923669343,54.82462290847,54.82462290847
11891,0.809090909090909,0.809090909090909,0.606131737350879,0.0646464646464646,0.198026128770243,55.8910155427651,55.8910155427651
11892,0.845454545454545,0.845454545454545,0.597013222915669,0.0656565656565656,0.197183292766871,55.448095421491,55.448095421491
11893,0.8,0.8,0.607058499060715,0.0656565656565657,0.204349193399018,54.4187252630064,54.4187252630064
11894,0.772727272727273,0.772727272727273,0.506452703251944,0.0626262626262626,0.206909456108965,45.2979776846764,45.2979776846764
11897,0.8,0.8,0.602181712384659,0.0616161616161616,0.197899869529655,55.4056967454814,55.4056967454814
11900,0.763636363636364,0.763636363636364,0.297524296198953,0.0787878787878788,0.230727974072736,40.5809322559959,40.5809322559959
11901,0.790909090909091,0.790909090909091,0.487665273186244,0.0727272727272727,0.218660334305005,46.141683102062,46.141683102062
11902,0.790909090909091,0.790909090909091,0.469917372353526,0.0636363636363636,0.197573104047065,46.9542722046219,46.9542722046219
11904,0.809090909090909,0.809090909090909,0.235921823249834,0.0686868686868687,0.194703444060699,37.8831660708858,37.8831660708858
11906,0.772727272727273,0.772727272727273,0.255649199077146,0.0797979797979798,0.19516989777571,35.4624749634077,35.4624749634076
11907,0.827272727272727,0.827272727272727,0.236339447314933,0.0626262626262626,0.204672417496325,36.3775372477825,36.3775372477825
11909,0.809090909090909,0.809090909090909,0.233391240638764,0.0656565656565657,0.196443374125151,37.723618203243,37.723618203243
11910,0.827272727272727,0.827272727272727,1.19404710515693,0.0646464646464646,0.195165672197262,38.6932391900668,38.6932391900668
11912,0.836363636363636,0.836363636363636,0.067420062811078,0.0707070707070707,0.19440812567926,33.5290110828533,33.5290110828533
11913,0.845454545454545,0.845454545454545,0.240887215881093,0.0717171717171717,0.191498918246172,36.626844016773,36.626844016773
11915,0.827272727272727,0.827272727272727,0.0739800898584719,0.0707070707070707,0.193580325005429,34.3664914866005,34.3664914866005
11918,0.763636363636364,0.763636363636364,0.145726116835045,0.0717171717171717,0.199802411278503,32.3087331101622,32.3087331101622
11919,0.772727272727273,0.772727272727273,0.140962357971267,0.0878787878787879,0.203436041162876,31.879840051504,31.879840051504
11920,0.790909090909091,0.790909090909091,0.0839376166047616,0.0707070707070707,0.193700655479584,33.6062066737117,33.6062066737117
11921,0.763636363636364,0.763636363636364,0.0836554310636733,0.0646464646464646,0.210108483834306,32.1937217004329,32.1937217004329
11922,0.772727272727273,0.772727272727273,0.0925456685232878,0.0676767676767677,0.192558041880676,33.6086665583793,33.6086665583793
11925,0.8,0.8,0.0872972880643593,0.0585858585858586,0.221580988917507,32.1940002865891,32.1940002865891
11926,0.790909090909091,0.790909090909091,0.0793066550453588,0.0696969696969697,0.212568335333806,32.1660798065945,32.1660798065945
11927,0.763636363636364,0.763636363636364,0.140885004037419,0.0747474747474747,0.208960610688702,31.7718646803403,31.7718646803403
11928,0.790909090909091,0.790909090909091,0.0830845000972658,0.0696969696969697,0.21175706137677,31.2953925850913,31.2953925850913
11929,0.781818181818182,0.781818181818182,0.224922746692421,0.0636363636363636,0.200974027423508,27.9516039105411,27.9516039105411
11931,0.818181818181818,0.818181818181818,0.260523890630199,0.0707070707070707,0.186892391209902,31.2003569716129,31.2003569716129
11937,0.809090909090909,0.809090909090909,0.26058909420327,0.0757575757575758,0.181337394899639,30.5323738013551,30.5323738013551
11938,0.790909090909091,0.790909090909091,0.191422756081096,0.0777777777777778,0.178129472355687,21.1048225028752,21.1048225028752
11939,0.790909090909091,0.790909090909091,0.0812472680187962,0.0828282828282828,0.196829362570438,26.3041468811544,26.3041468811544
11940,0.781818181818182,0.781818181818182,0.320469836671684,0.0727272727272727,0.207673400400086,22.3676437008322,22.3676437008322
11942,0.836363636363636,0.836363636363636,0.320140286085471,0.0686868686868687,0.203373365280884,22.5845944309295,22.5845944309295
11943,0.790909090909091,0.790909090909091,0.311209403785413,0.0717171717171717,0.198373849409573,22.3665961618797,22.3665961618797
11946,0.790909090909091,0.790909090909091,0.171162555621801,0.0717171717171717,0.205094858648096,22.3210850656376,22.3210850656376
11947,0.754545454545455,0.754545454545455,0.177090175725702,0.0707070707070707,0.202658331884098,22.2705665432456,22.2705665432456
11948,0.809090909090909,0.809090909090909,0.24100315957938,0.0696969696969697,0.190995594521931,23.2770725678227,23.2770725678227
11949,0.790909090909091,0.790909090909091,0.238560099582723,0.0656565656565657,0.191860146648898,23.1167780660647,23.1167780660647
11950,0.8,0.8,0.263462004398621,0.0636363636363636,0.200117011469107,22.0558633437091,22.0558633437091
11953,0.790909090909091,0.790909090909091,0.072705497643825,0.0898989898989899,0.202222439823924,14.8790556702071,14.8790556702071
11954,0.790909090909091,0.790909090909091,0.0442244190587756,0.0878787878787879,0.195240758841009,14.5524406935219,14.5524406935219
11955,0.772727272727273,0.772727272727273,0.0470139049610825,0.0878787878787879,0.200385199953795,14.483682032916,14.483682032916
11956,0.8,0.8,0.178676944392798,0.0797979797979798,0.198845762040422,15.7381972523304,15.7381972523304
11957,0.836363636363636,0.836363636363636,0.320315088076441,0.0727272727272727,0.193981689103169,21.1560150492429,21.1560150492429
11960,0.845454545454545,0.845454545454545,0.357177502821457,0.0767676767676768,0.197271102725548,26.2529818512675,26.2529818512675
11961,0.8,0.8,0.357689017552452,0.0707070707070707,0.20124850272124,24.4161263269742,24.4161263269742
11965,0.8,0.8,0.357522833885048,0.0616161616161616,0.193083521857285,25.6049323898627,25.6049323898627
11966,0.790909090909091,0.790909090909091,0.357813551027686,0.0616161616161616,0.190284950695475,26.2018483911091,26.2018483911091
11967,0.790909090909091,0.790909090909091,0.356940431111033,0.0565656565656566,0.191145230082377,25.5504833172286,25.5504833172286
11969,0.809090909090909,0.809090909090909,0.396328255745913,0.0636363636363636,0.193441518768953,29.1435848219486,29.1435848219486
11970,0.781818181818182,0.781818181818182,0.353575976903089,0.0676767676767677,0.193709922695615,24.8808402139461,24.8808402139461
11972,0.8,0.8,0.521304646208177,0.0666666666666667,0.188731863150736,35.7777163221786,35.7777163221786
11974,0.736363636363636,0.736363636363636,0.215034208977126,0.0595959595959596,0.188111712561589,19.489066603302,19.489066603302
11975,0.763636363636364,0.763636363636364,0.201364217285285,0.0696969696969697,0.197277651474711,24.7211226726921,24.7211226726921
11976,0.763636363636364,0.763636363636364,0.134183754637042,0.0717171717171717,0.188208588356648,25.1965738447709,25.1965738447709
11977,0.781818181818182,0.781818181818182,0.119455426149415,0.0676767676767677,0.195795698661643,24.3145051271864,24.3145051271864
11978,0.772727272727273,0.772727272727273,0.118958432720864,0.0777777777777778,0.194181995918833,24.2656395326766,24.2656395326766
11981,0.772727272727273,0.772727272727273,0.160078349497808,0.0737373737373737,0.19316081231295,22.7422151814473,22.7422151814473
11982,0.781818181818182,0.781818181818182,0.053520779663121,0.0666666666666667,0.185757338759823,15.0126617374539,15.0126617374539
11983,0.781818181818182,0.781818181818182,0.090824554263989,0.0777777777777778,0.192663036693263,22.2108553463696,22.2108553463696
11984,0.790909090909091,0.790909090909091,0.56158625127227,0.0707070707070707,0.193602821488533,27.7805748200628,27.7805748200628
11985,0.763636363636364,0.763636363636364,0.559917415130571,0.0707070707070707,0.190356293645216,27.9374319624568,27.9374319624568
11989,0.7,0.7,0.559590250495552,0.0737373737373737,0.197504083182032,26.9873913431116,26.9873913431116
11990,0.690909090909091,0.690909090909091,0.485485277596599,0.0717171717171717,0.196947580062816,27.3010635972193,27.3010635972193
11992,0.690909090909091,0.690909090909091,0.539389491199629,0.0757575757575758,0.201498116028716,20.4089629744596,20.4089629744596
11993,0.663636363636364,0.663636363636364,0.54484264673998,0.0848484848484849,0.196489352341422,20.5148602454043,20.5148602454043
11994,0.681818181818182,0.681818181818182,0.542059801471664,0.0727272727272727,0.200082914979969,20.3551862868056,20.3551862868056
11995,0.7,0.7,0.541356086182084,0.0868686868686869,0.202159260151139,20.3567113236118,20.3567113236118
11997,0.690909090909091,0.690909090909091,0.537887002968569,0.0919191919191919,0.203945388845263,20.4199719227199,20.4199719227199
11998,0.7,0.7,0.541105141135137,0.0868686868686869,0.206965612719207,20.4437443518805,20.4437443518805
12000,0.681818181818182,0.681818181818182,0.531958687052404,0.0848484848484848,0.205223666667751,20.2402110725193,20.2402110725193
12001,0.7,0.7,0.544080785414184,0.0828282828282828,0.194904164213298,21.2823743529425,21.2823743529425
12003,0.754545454545455,0.754545454545455,0.531241545628651,0.0888888888888889,0.19814137485922,20.7734660026185,20.7734660026185
12004,0.736363636363636,0.736363636363636,0.284972656241095,0.0808080808080808,0.198952209629202,28.7649645537414,28.7649645537414
12009,0.736363636363636,0.736363636363636,0.0696436686962974,0.095959595959596,0.204777489952916,9.08591382418851,9.08591382418851
12020,0.690909090909091,0.690909090909091,0.0548943649446467,0.0868686868686869,0.192339670270427,9.09067855269558,9.09067855269558
12023,0.763636363636364,0.763636363636364,0.874632855557735,0.0838383838383838,0.196920825137242,27.1664810947015,27.1664810947015
12024,0.727272727272727,0.727272727272727,0.469721501152979,0.0848484848484849,0.201244462783801,23.263041900601,23.263041900601
12025,0.736363636363636,0.736363636363636,0.0541672488224136,0.0818181818181818,0.191559054311394,15.9011101245218,15.9011101245218
12027,0.7,0.7,0.0555501443714766,0.0797979797979798,0.196382398775701,15.9864843380639,15.9864843380639
12028,0.690909090909091,0.690909090909091,0.0649382647002301,0.0878787878787879,0.179797878578619,16.1108152818793,16.1108152818793
12030,0.763636363636364,0.763636363636364,0.578007542776718,0.0767676767676768,0.201523825386197,24.6967364225008,24.6967364225008
12032,0.7,0.7,0.068201163097616,0.0868686868686869,0.184500650999879,15.3002563538389,15.3002563538389
12033,0.690909090909091,0.690909090909091,0.0593753185318899,0.0878787878787879,0.183385118461086,13.8915375379249,13.8915375379249
12034,0.754545454545455,0.754545454545455,0.0753470692882749,0.0777777777777778,0.19068253329595,17.7226911815254,17.7226911815254
12037,0.709090909090909,0.709090909090909,0.0804173155770169,0.0767676767676768,0.194603979521681,17.4109477849262,17.4109477849262
12040,0.763636363636364,0.763636363636364,0.0630366749384204,0.0767676767676768,0.205024586868735,16.6170420437871,16.6170420437871
12056,0.690909090909091,0.690909090909091,0.234565917090036,0.0707070707070707,0.204926374306378,11.8937404502485,11.8937404502485
12060,0.718181818181818,0.718181818181818,0.391484672788371,0.0666666666666667,0.196789652499594,21.8383849527107,21.8383849527107
12062,0.727272727272727,0.727272727272727,0.339567301728276,0.0747474747474747,0.191999993578871,26.3313049690036,26.3313049690036
12065,0.736363636363636,0.736363636363636,0.163232528304714,0.0888888888888889,0.200881942897121,18.8363125569933,18.8363125569933
12066,0.672727272727273,0.672727272727273,0.084102931113212,0.0747474747474747,0.191059012077221,11.0471440912878,11.0471440912878
12067,0.727272727272727,0.727272727272727,0.0930848567572,0.0737373737373737,0.19826076048528,12.9060333391857,12.9060333391857
12068,0.736363636363636,0.736363636363636,0.193441648571621,0.0828282828282828,0.181987673628261,13.1492591939419,13.1492591939419
12069,0.690909090909091,0.690909090909091,0.333228835239228,0.0828282828282828,0.181499551788095,29.5242612358219,29.5242612358219
12073,0.7,0.7,0.0655430524106192,0.0767676767676768,0.179149256834255,15.0860481432292,15.0860481432292
12074,0.809090909090909,0.809090909090909,0.298925125425184,0.0808080808080808,0.18705668182433,19.3885217442495,19.3885217442495
12075,0.681818181818182,0.681818181818182,0.0852114491114416,0.071969696969697,0.172631087814697,7.70536907585123,7.70536907585123
12076,0.651515151515151,0.651515151515151,0.0593917050588389,0.0962121212121212,0.168995139707612,7.02326313613998,7.02326313613999
12079,0.674242424242424,0.674242424242424,0.0564290939354065,0.0757575757575758,0.182610990190594,7.31536213761901,7.31536213761901
12087,0.659090909090909,0.659090909090909,0.0541990961111118,0.0628787878787879,0.182624825882429,7.9034184907791,7.9034184907791
12089,0.734848484848485,0.734848484848485,0.157806335759022,0.0651515151515152,0.17777427396357,28.127288184801,28.127288184801
12090,0.742424242424242,0.742424242424242,0.28166982692078,0.0674242424242424,0.174622147340052,22.3054650307773,22.3054650307773
12092,0.71969696969697,0.71969696969697,0.0893869211707125,0.0674242424242424,0.172782233147174,12.1400814072159,12.1400814072159
12093,0.704545454545455,0.704545454545455,0.0894341447097193,0.0590909090909091,0.175451721813881,10.3620621425868,10.3620621425868
12095,0.71969696969697,0.71969696969697,0.0892215138767662,0.0643939393939394,0.172444185442912,10.4071529069933,10.4071529069933
12103,0.681818181818182,0.681818181818182,0.0836676784734519,0.0704545454545455,0.173069209743606,9.90694425182842,9.90694425182843
12104,0.689393939393939,0.689393939393939,0.0337332160968879,0.0704545454545455,0.170610899176071,10.028102710509,10.028102710509
12107,0.704545454545455,0.704545454545455,0.052990704444139,0.0939393939393939,0.17516486323641,4.62951626647603,4.62951626647603
12108,0.712121212121212,0.712121212121212,0.0432743924846395,0.0924242424242424,0.180629799932863,4.32458120535041,4.32458120535041
12109,0.628787878787879,0.628787878787879,0.223724880000488,0.0643939393939394,0.182862195715706,3.73256228364925,3.73256228364925
12110,0.689393939393939,0.689393939393939,0.0707380083848049,0.078030303030303,0.177835027144071,4.88920772406879,4.88920772406879
12111,0.643939393939394,0.643939393939394,0.0164378867470797,0.075,0.175944188663439,4.82270248630736,4.82270248630736
12114,0.621212121212121,0.621212121212121,0.0259452624580318,0.0825757575757576,0.181562200723065,4.10971996857536,4.10971996857536
12115,0.659090909090909,0.659090909090909,0.0521845893188759,0.0893939393939394,0.182090056479361,4.04771772396758,4.04771772396758
12117,0.704545454545455,0.704545454545455,0.0544777171362323,0.0878787878787879,0.171330435264386,5.61681081659267,5.61681081659267
12118,0.681818181818182,0.681818181818182,0.0551636756059315,0.071969696969697,0.177535042835823,5.07227565092239,5.07227565092239
12120,0.704545454545455,0.704545454545455,0.0672935282209932,0.0954545454545454,0.17276785355818,5.66196582835893,5.66196582835893
12121,0.651515151515151,0.651515151515151,0.0367892866537576,0.0840909090909091,0.171171744008694,5.02675843320869,5.02675843320869
12122,0.659090909090909,0.659090909090909,0.0366706448094598,0.0871212121212121,0.170555904295398,5.03121880112719,5.03121880112719
12123,0.666666666666667,0.666666666666667,0.0432078393607376,0.0856060606060606,0.171658577661959,5.09227723312122,5.09227723312122
12124,0.712121212121212,0.712121212121212,0.069135619157376,0.114393939393939,0.173424552002662,4.73838023025615,4.73838023025615
12125,0.659090909090909,0.659090909090909,0.0379445723946908,0.0833333333333333,0.168468532950699,5.8334699768041,5.8334699768041
12129,0.712121212121212,0.712121212121212,0.0423819004574195,0.0939393939393939,0.172280163257432,5.45645703992089,5.45645703992089
12130,0.704545454545455,0.704545454545455,0.0748665840130027,0.0893939393939394,0.170706268926517,5.98604027737516,5.98604027737516
12131,0.628787878787879,0.628787878787879,0.0395478939099502,0.0901515151515151,0.173742544856474,4.70004846259432,4.70004846259432
12132,0.621212121212121,0.621212121212121,0.0275717941175575,0.0909090909090909,0.172827534785433,4.03671790802868,4.03671790802868
12135,0.666666666666667,0.666666666666667,0.048717080159301,0.106060606060606,0.170653630081607,4.5997560207088,4.5997560207088
12137,0.598484848484849,0.598484848484849,0.0104134564593211,0.0825757575757576,0.176377119616073,3.59049569192268,3.59049569192268
12138,0.636363636363636,0.636363636363636,0.0255750308946655,0.096969696969697,0.180348055064911,3.0657067170209,3.0657067170209
12139,0.696969696969697,0.696969696969697,0.0522145093052717,0.0931818181818182,0.172106575077713,7.32796376089237,7.32796376089237
12142,0.628787878787879,0.628787878787879,0.0281397780275978,0.0916666666666667,0.175865581927152,3.90352259312888,3.90352259312888
12145,0.643939393939394,0.643939393939394,0.0275664808593283,0.101515151515152,0.174817092356873,4.17987254094428,4.17987254094428
12146,0.712121212121212,0.712121212121212,0.0282139074388026,0.0848484848484849,0.167704236152135,5.91775059709772,5.91775059709772
12148,0.712121212121212,0.712121212121212,0.0114229418413109,0.0712121212121212,0.167694946497098,6.17387712774157,6.17387712774157
12150,0.681818181818182,0.681818181818182,0.02597014910755,0.0712121212121212,0.170578555531844,5.72428271922929,5.72428271922929
12151,0.666666666666667,0.666666666666667,0.0261567059588093,0.0772727272727273,0.173588322789721,4.76913682575657,4.76913682575657
12153,0.666666666666667,0.666666666666667,0.0147193048269255,0.0795454545454545,0.173750852858699,4.99431196814666,4.99431196814666
12154,0.681818181818182,0.681818181818182,0.0253697945330801,0.078030303030303,0.173314271448336,4.77629786616946,4.77629786616946
12156,0.666666666666667,0.666666666666667,0.0134091671310294,0.078030303030303,0.166164861403934,5.05306175874505,5.05306175874505
12157,0.696969696969697,0.696969696969697,0.00916158826081662,0.0613636363636364,0.17262918700287,5.40935542401826,5.40935542401826
12158,0.727272727272727,0.727272727272727,0.0190387205777041,0.0666666666666667,0.170226725757015,5.14107370566053,5.14107370566053
12159,0.712121212121212,0.712121212121212,0.0204746280126066,0.0712121212121212,0.168521413408743,4.09993490316875,4.09993490316875
12164,0.674242424242424,0.674242424242424,0.00987744521273898,0.0765151515151515,0.174629030269917,4.10122717579683,4.10122717579684
12175,0.689393939393939,0.689393939393939,0.0100021807549948,0.0621212121212121,0.171355993050032,5.23898109851683,5.23898109851683
12178,0.689393939393939,0.689393939393939,0.0121037863127,0.0757575757575758,0.175736155633021,3.84226229633125,3.84226229633125
12180,0.71969696969697,0.71969696969697,0.0122944408062932,0.0742424242424242,0.175260039414466,3.94455937705789,3.94455937705789
12181,0.696969696969697,0.696969696969697,0.0309569916592856,0.0651515151515152,0.175779402689066,4.49468797445936,4.49468797445936
12183,0.681818181818182,0.681818181818182,0.0184805872049108,0.0727272727272727,0.172334064327966,4.88916667041365,4.88916667041365
12184,0.674242424242424,0.674242424242424,0.031230398133888,0.0659090909090909,0.175623449610961,4.46850236260431,4.46850236260431
12185,0.621212121212121,0.621212121212121,0.0175609001082049,0.071969696969697,0.175800334221233,4.31180515042703,4.31180515042704
12186,0.621212121212121,0.621212121212121,0.0176980486758353,0.0681818181818182,0.175857338441912,4.41892199658109,4.41892199658109
12187,0.696969696969697,0.696969696969697,0.0244869079451935,0.0765151515151515,0.181566202702244,4.05415899901253,4.05415899901253
12188,0.696969696969697,0.696969696969697,0.0211424873846663,0.0901515151515151,0.181375625669607,3.64124535743828,3.64124535743828
12191,0.704545454545455,0.704545454545455,0.0160673543181082,0.0772727272727273,0.174165000823627,4.468950660068,4.46895066006801
12192,0.659090909090909,0.659090909090909,0.015996123809394,0.0734848484848485,0.177626564546281,4.28332495822997,4.28332495822997
12193,0.666666666666667,0.666666666666667,0.037514866833918,0.0818181818181818,0.184227864888358,4.35361773610742,4.35361773610742
12194,0.689393939393939,0.689393939393939,0.037775291605809,0.0848484848484849,0.178763659743693,4.48756528995913,4.48756528995913
12195,0.666666666666667,0.666666666666667,0.0344213588609845,0.0946969696969697,0.188191887598189,3.3769829668818,3.3769829668818
12199,0.727272727272727,0.727272727272727,0.0464660999120321,0.096969696969697,0.172890676275719,5.32065108446579,5.32065108446579
12200,0.712121212121212,0.712121212121212,0.0433018530349038,0.108333333333333,0.171963920771791,5.32561358127727,5.32561358127727
12202,0.689393939393939,0.689393939393939,0.0470530161580398,0.0840909090909091,0.202674538133847,3.7254881850414,3.7254881850414
12206,0.757575757575758,0.757575757575758,0.0378019588771143,0.0848484848484849,0.192085543013745,3.69560462847419,3.69560462847419
12209,0.696969696969697,0.696969696969697,0.0437421531387353,0.103030303030303,0.180578185614033,4.38234149883329,4.38234149883329
12211,0.704545454545455,0.704545454545455,0.0372018838402829,0.101515151515152,0.213044226247111,2.67502162591599,2.67502162591599
12213,0.696969696969697,0.696969696969697,0.0262295116923965,0.0984848484848485,0.17982434477531,3.12107314472089,3.12107314472089
12214,0.666666666666667,0.666666666666667,0.0302714941044272,0.0984848484848485,0.182633678335647,3.190232215061,3.190232215061
12216,0.674242424242424,0.674242424242424,0.0240676761828544,0.0878787878787879,0.194421776788699,3.62552493635775,3.62552493635775
12220,0.742424242424242,0.742424242424242,0.0350249311007757,0.0666666666666667,0.179777015029977,4.67687078274677,4.67687078274677
12221,0.71969696969697,0.71969696969697,0.0286947781742241,0.0916666666666667,0.183996000175709,3.64365116005134,3.64365116005134
12223,0.734848484848485,0.734848484848485,0.0552494828128561,0.0871212121212121,0.191181054842698,4.60743413404973,4.60743413404973
12226,0.704545454545455,0.704545454545455,0.0711172064099418,0.104545454545455,0.181591959501805,4.56302734141491,4.56302734141491
12227,0.659090909090909,0.659090909090909,0.0453901556521819,0.096969696969697,0.208755848261871,2.67496056721586,2.67496056721586
12228,0.674242424242424,0.674242424242424,0.0450010780063426,0.0962121212121212,0.20780185110183,2.81016098582478,2.81016098582478
12229,0.689393939393939,0.689393939393939,0.0580447685169823,0.0825757575757576,0.205683598749742,3.8251441407148,3.8251441407148
12230,0.696969696969697,0.696969696969697,0.0746558406972672,0.103030303030303,0.204159681297996,4.46633614385306,4.46633614385306
12234,0.734848484848485,0.734848484848485,0.0838397403224272,0.0901515151515151,0.216915667271854,5.44117525240293,5.44117525240293
12236,0.71969696969697,0.71969696969697,0.0674059984583328,0.10530303030303,0.198045135595325,4.07816027506192,4.07816027506192
12237,0.696969696969697,0.696969696969697,0.0753655189123983,0.108333333333333,0.187075654660401,3.87263561374759,3.87263561374759
12240,0.712121212121212,0.712121212121212,0.0739388718323751,0.0795454545454545,0.20685322956054,3.98524803052094,3.98524803052094
12241,0.712121212121212,0.712121212121212,0.0672561533626872,0.0916666666666667,0.185929045479174,4.92878304839418,4.92878304839418
12243,0.696969696969697,0.696969696969697,0.0835079621682648,0.0909090909090909,0.188918680379592,4.21714861915334,4.21714861915334
12244,0.71969696969697,0.71969696969697,0.0751535458027933,0.100757575757576,0.177797598921809,4.74558418675991,4.74558418675991
12247,0.689393939393939,0.689393939393939,0.0799992485842982,0.0931818181818182,0.198349796410666,4.50486719332939,4.50486719332939
12248,0.681818181818182,0.681818181818182,0.0904536352941245,0.104545454545455,0.179550796169009,4.54782692617122,4.54782692617122
12249,0.712121212121212,0.712121212121212,0.0927089681169388,0.107575757575758,0.179667250237738,5.55210165939217,5.55210165939217
12250,0.712121212121212,0.712121212121212,0.0880658294210096,0.107575757575758,0.179310616583238,5.20652941451495,5.20652941451495
12251,0.727272727272727,0.727272727272727,0.101289435577673,0.0901515151515151,0.205199681017814,3.53654738865775,3.53654738865775
12254,0.727272727272727,0.727272727272727,0.105373386170664,0.0924242424242424,0.189093523438443,4.12661424709328,4.12661424709328
12255,0.71969696969697,0.71969696969697,0.107241710054789,0.0984848484848485,0.185097421387004,4.57253312727582,4.57253312727582
12256,0.696969696969697,0.696969696969697,0.0878462983117007,0.117424242424242,0.178663411520713,4.12457942682284,4.12457942682284
12257,0.666666666666667,0.666666666666667,0.0811285779305553,0.0984848484848485,0.174511651026202,3.81390202444618,3.81390202444618
12258,0.643939393939394,0.643939393939394,0.0510890886262564,0.106818181818182,0.175619259097726,3.7574675007976,3.7574675007976
12261,0.628787878787879,0.628787878787879,0.0511102737132957,0.0946969696969697,0.178729063624862,3.8570748135843,3.8570748135843
12262,0.613636363636364,0.613636363636364,0.04998704794066,0.10530303030303,0.180418952299917,3.66613066586413,3.66613066586413
12263,0.643939393939394,0.643939393939394,0.0804803899384786,0.0863636363636364,0.179786619982437,5.76861393018154,5.76861393018154
12264,0.621212121212121,0.621212121212121,0.0535349267459656,0.0863636363636364,0.1842362485132,2.9514462607321,2.9514462607321
12265,0.606060606060606,0.606060606060606,0.0512980936052022,0.0674242424242424,0.182079173816561,2.75291781860517,2.75291781860517
12269,0.651515151515151,0.651515151515151,0.0612708885703775,0.0901515151515151,0.170603773561116,3.84959802920274,3.84959802920274
12271,0.659090909090909,0.659090909090909,0.0748691923101988,0.078030303030303,0.178772546196049,4.5383216536348,4.5383216536348
12272,0.643939393939394,0.643939393939394,0.04954828583547,0.0787878787878788,0.164105030887998,5.32551978749339,5.32551978749339
12273,0.659090909090909,0.659090909090909,0.0489776273453246,0.0803030303030303,0.16427233013097,5.3503554729766,5.3503554729766
12274,0.636363636363636,0.636363636363636,0.0472512295222039,0.0727272727272727,0.163930972009735,5.31254901505604,5.31254901505604
12277,0.636363636363636,0.636363636363636,0.041231629022315,0.0636363636363636,0.16420804815167,4.48832893144832,4.48832893144832
12278,0.659090909090909,0.659090909090909,0.0487149119258211,0.0560606060606061,0.159552444340352,5.56244436616378,5.56244436616378
12282,0.674242424242424,0.674242424242424,0.00228540480097812,0.0606060606060606,0.162967126023322,6.48910607831735,6.48910607831735
12283,0.674242424242424,0.674242424242424,0.00238229426362214,0.0628787878787879,0.165116474399763,6.34691304652503,6.34691304652503
12284,0.681818181818182,0.681818181818182,0.00250915090682356,0.0734848484848485,0.163254573864221,5.72156452722928,5.72156452722928
12285,0.674242424242424,0.674242424242424,0.00240016993535652,0.0727272727272727,0.165040347498627,6.31477990897205,6.31477990897205
12286,0.681818181818182,0.681818181818182,0.00328485294535728,0.0689393939393939,0.160655595915975,6.62631673693001,6.62631673693001
12289,0.598484848484849,0.598484848484849,0.044315306214121,0.0583333333333333,0.164642989360261,5.32240859163446,5.32240859163446
12290,0.643939393939394,0.643939393939394,0.112317594831275,0.0742424242424242,0.164593141621308,6.67536560771525,6.67536560771525
12291,0.674242424242424,0.674242424242424,0.00470736145069053,0.0643939393939394,0.165183392714928,5.94369041033377,5.94369041033377
12292,0.651515151515151,0.651515151515151,0.0824820162423336,0.0772727272727273,0.166012861789459,6.72094372794555,6.72094372794555
12293,0.598484848484849,0.598484848484849,0.00261777480264504,0.0901515151515151,0.171919649804408,3.27719495417515,3.27719495417515
12296,0.651515151515151,0.651515151515151,0.118916834310258,0.0825757575757576,0.174103044783022,5.45892071617125,5.45892071617125
12300,0.659090909090909,0.659090909090909,0.115573103864949,0.0901515151515151,0.177288556700231,5.3918988902688,5.3918988902688
12302,0.628787878787879,0.628787878787879,0.0641714107542138,0.0810606060606061,0.170591944518349,4.65035357296258,4.65035357296258
12304,0.636363636363636,0.636363636363636,0.0037265082489851,0.0803030303030303,0.171967679797411,4.42936780876046,4.42936780876046
12305,0.628787878787879,0.628787878787879,0.0719236901854167,0.0765151515151515,0.181037064569186,3.38254061290922,3.38254061290922
12307,0.621212121212121,0.621212121212121,0.0703461749422415,0.0803030303030303,0.179390417271038,3.43292974334973,3.43292974334973
12310,0.606060606060606,0.606060606060606,0.068621496770763,0.0787878787878788,0.189630517284787,3.57208207294232,3.57208207294232
12311,0.613636363636364,0.613636363636364,0.0674886842822052,0.0840909090909091,0.175616213682145,4.37100619987082,4.37100619987082
12312,0.621212121212121,0.621212121212121,0.0557024284479938,0.0871212121212121,0.169338497469247,3.39093240170528,3.39093240170528
12313,0.583333333333333,0.583333333333333,0.0622632791648504,0.0939393939393939,0.191789830711399,2.52660868347112,2.52660868347112
12314,0.575757575757576,0.575757575757576,0.0575872593735276,0.112121212121212,0.200807699987487,2.39532385653128,2.39532385653128
12317,0.598484848484849,0.598484848484849,0.0628316008373346,0.121969696969697,0.183377773330729,2.43255713875905,2.43255713875905
12318,0.613636363636364,0.613636363636364,0.0446134534796106,0.101515151515152,0.172618439417271,4.25035574989503,4.25035574989503
12319,0.613636363636364,0.613636363636364,0.0586261615381093,0.101515151515152,0.172785996916471,3.30780906997049,3.30780906997049
12320,0.583333333333333,0.583333333333333,0.0493843226968156,0.131060606060606,0.184059193916769,2.39067759641798,2.39067759641798
12321,0.598484848484849,0.598484848484849,0.0409965318552749,0.078030303030303,0.173554008671043,3.21909481978017,3.21909481978017
12324,0.545454545454545,0.545454545454545,0.0535708332125086,0.071969696969697,0.17292850429306,4.10082338287396,4.10082338287396
12325,0.613636363636364,0.613636363636364,0.00422855435013507,0.0939393939393939,0.17476153378899,3.36743389482836,3.36743389482836
12326,0.606060606060606,0.606060606060606,0.00425213672464639,0.106060606060606,0.1747181593151,3.31151659522256,3.31151659522256
12331,0.628787878787879,0.628787878787879,0.0700177844034773,0.0939393939393939,0.177197980873758,3.2983701484615,3.2983701484615
12332,0.628787878787879,0.628787878787879,0.0727928275715945,0.0939393939393939,0.175715085413363,3.21532760239168,3.21532760239168
12334,0.643939393939394,0.643939393939394,0.0726249802200785,0.0931818181818182,0.177474278087246,3.17272987858219,3.17272987858219
12335,0.651515151515151,0.651515151515151,0.0781375105474397,0.0878787878787879,0.176667453643828,4.0561618780882,4.0561618780882
12336,0.696969696969697,0.696969696969697,0.0791950210811147,0.0893939393939394,0.179358290305955,3.27388722147644,3.27388722147644
12337,0.681818181818182,0.681818181818182,0.0787041378752717,0.0946969696969697,0.175497415466445,3.35826660082204,3.35826660082204
12338,0.704545454545455,0.704545454545455,0.0699031728212857,0.102272727272727,0.179894116944839,3.34336441424702,3.34336441424702
12339,0.704545454545455,0.704545454545455,0.0636840826264485,0.0977272727272727,0.190261453329426,2.78797688404469,2.78797688404469
12340,0.651515151515151,0.651515151515151,0.0643914364048311,0.096969696969697,0.181809106892932,3.29843607484177,3.29843607484177
12341,0.666666666666667,0.666666666666667,0.0688752280257771,0.110606060606061,0.221852066438207,1.99320954503741,1.99320954503741
12342,0.659090909090909,0.659090909090909,0.0666939892444782,0.115151515151515,0.213343202570262,1.97119664481986,1.97119664481986
12345,0.704545454545455,0.704545454545455,0.0719730669816489,0.0954545454545455,0.180699270984126,3.76419025524855,3.76419025524855
12346,0.681818181818182,0.681818181818182,0.062910558848566,0.121969696969697,0.177592205410357,4.53026297372473,4.53026297372473
12347,0.681818181818182,0.681818181818182,0.00495671194610808,0.127272727272727,0.165363412797339,4.47951574802041,4.4795157480204
12348,0.75,0.75,0.0975781347539302,0.113636363636364,0.1719725340607,6.60618339731955,6.60618339731954
12349,0.712121212121212,0.712121212121212,0.0663501996028638,0.0962121212121212,0.188631069651951,3.09219268595015,3.09219268595015
12352,0.727272727272727,0.727272727272727,0.262677291731807,0.0901515151515151,0.181077584715851,10.8938874970695,10.8938874970695
12354,0.727272727272727,0.727272727272727,0.0038909478279009,0.0901515151515151,0.186194704483865,9.69862129564643,9.69862129564643
12355,0.727272727272727,0.727272727272727,0.197405343325614,0.0878787878787879,0.180262151840185,10.1836121221685,10.1836121221685
12356,0.681818181818182,0.681818181818182,0.136798318866178,0.0606060606060606,0.181420712006503,8.30434956495044,8.30434956495044
12359,0.742424242424242,0.742424242424242,0.143104942536621,0.0651515151515152,0.176935451319164,8.4969541536631,8.4969541536631
12362,0.765151515151515,0.765151515151515,0.257187752344134,0.0810606060606061,0.183051205406489,9.1020610326146,9.1020610326146
12363,0.727272727272727,0.727272727272727,0.371992041874499,0.0939393939393939,0.181049771491846,11.8466535485061,11.8466535485061
12364,0.704545454545455,0.704545454545455,0.142677220461646,0.0803030303030303,0.178297044459867,5.49802591132345,5.49802591132345
12365,0.734848484848485,0.734848484848485,0.359025790296576,0.0825757575757576,0.177466424029963,12.6336368030665,12.6336368030665
12368,0.795454545454545,0.795454545454545,0.353963741467575,0.0787878787878788,0.188216204052866,11.2862740716332,11.2862740716332
12370,0.734848484848485,0.734848484848485,0.3425323756426,0.0840909090909091,0.195849467502998,10.9202972098185,10.9202972098185
12373,0.742424242424242,0.742424242424242,0.102495629195723,0.0818181818181818,0.183062772861335,4.66858493627706,4.66858493627706
12374,0.727272727272727,0.727272727272727,0.351914583350374,0.0924242424242424,0.177794879725664,11.7265251532876,11.7265251532876
12375,0.712121212121212,0.712121212121212,0.096895911417344,0.0856060606060606,0.176112250030297,4.66392984118205,4.66392984118205
12376,0.75,0.75,0.298484280396616,0.0871212121212121,0.178113625873026,10.8689649008003,10.8689649008003
12377,0.757575757575758,0.757575757575758,0.296980258273714,0.096969696969697,0.179045290534534,10.7631832437646,10.7631832437646
12380,0.621212121212121,0.621212121212121,0.0798230609764426,0.0848484848484848,0.192796283541427,3.57916816699912,3.57916816699912
12381,0.772727272727273,0.772727272727273,0.169096621380819,0.0848484848484848,0.209172371385424,11.282559880713,11.282559880713
12382,0.75,0.75,0.124606748382125,0.1,0.180025517770773,6.03693769223551,6.03693769223551
12384,0.727272727272727,0.727272727272727,0.493560203034867,0.0856060606060606,0.18350031416975,20.5779140112615,20.5779140112615
12389,0.71969696969697,0.71969696969697,0.481550980749313,0.0833333333333333,0.187457821382437,20.5964789990272,20.5964789990272
12391,0.742424242424242,0.742424242424242,0.146158247881227,0.0848484848484849,0.181061370739857,12.0929376477503,12.0929376477503
12392,0.704545454545455,0.704545454545455,0.316277697562246,0.0886363636363636,0.198349051387941,16.7446630643342,16.7446630643342
12394,0.757575757575758,0.757575757575758,0.190314213805473,0.0863636363636364,0.177116473399733,12.2142230454793,12.2142230454793
12395,0.772727272727273,0.772727272727273,0.142345553899348,0.0848484848484849,0.186579062033445,11.5172050969937,11.5172050969937
12397,0.765151515151515,0.765151515151515,0.14746903507597,0.0863636363636364,0.199360118182092,14.9664007534128,14.9664007534128
12398,0.659090909090909,0.659090909090909,0.00343601734384705,0.0901515151515151,0.185412268684768,4.93910105920992,4.93910105920992
12401,0.704545454545455,0.704545454545455,0.323437628581113,0.0931818181818182,0.187584640919377,16.2467156035223,16.2467156035223
12402,0.75,0.75,0.11239191171553,0.0931818181818182,0.185192208470486,15.0074003418711,15.0074003418711
12403,0.734848484848485,0.734848484848485,0.0825826343374194,0.0840909090909091,0.184675329366004,5.37020887465269,5.37020887465269
12404,0.765151515151515,0.765151515151515,0.116367129496556,0.110606060606061,0.177001153921812,18.3075622497933,18.3075622497933
12405,0.712121212121212,0.712121212121212,0.179251130606441,0.115151515151515,0.172395388851341,19.8190348115719,19.8190348115719
12420,0.75,0.75,0.246337710799459,0.112121212121212,0.170346961192543,22.3170222233949,22.3170222233949
12421,0.727272727272727,0.727272727272727,0.24720636466449,0.109848484848485,0.169470023166673,21.984481684382,21.984481684382
12423,0.727272727272727,0.727272727272727,0.400750206415369,0.111363636363636,0.174425907248762,25.8468585962258,25.8468585962258
12424,0.712121212121212,0.712121212121212,0.462091949121881,0.0977272727272727,0.196041557309381,23.7699513426576,23.7699513426576
12426,0.689393939393939,0.689393939393939,0.219748719438785,0.1,0.188532236618293,11.3419979281362,11.3419979281362
12427,0.681818181818182,0.681818181818182,0.217484308965036,0.075,0.181457470953561,12.2553187594945,12.2553187594945
12430,0.75,0.75,0.252620242360131,0.0856060606060606,0.177860533685402,14.0535219461189,14.0535219461189
12431,0.75,0.75,0.291588349424015,0.0803030303030303,0.187473071995708,13.90262768262,13.90262768262
12432,0.757575757575758,0.757575757575758,0.370655693007964,0.0840909090909091,0.190915992980416,18.5438000074773,18.5438000074773
12433,0.734848484848485,0.734848484848485,0.389367296439618,0.0810606060606061,0.182324885995721,19.5824569379855,19.5824569379855
12437,0.742424242424242,0.742424242424242,0.393121603307006,0.0727272727272727,0.182456274948694,21.1667753610784,21.1667753610784
12438,0.727272727272727,0.727272727272727,0.390549634455775,0.0772727272727273,0.180471110659454,20.6199670552714,20.6199670552714
12439,0.696969696969697,0.696969696969697,0.367340681517577,0.0962121212121212,0.209262273095409,18.4805943940006,18.4805943940006
12443,0.727272727272727,0.727272727272727,0.41722784266832,0.075,0.191389331109592,14.0264170264105,14.0264170264105
12444,0.78030303030303,0.78030303030303,0.4094413908212,0.0742424242424242,0.180650762164545,14.8478852020798,14.8478852020798
12445,0.772727272727273,0.772727272727273,0.411816342026799,0.0765151515151515,0.187609344005561,18.1549918607875,18.1549918607875
12446,0.757575757575758,0.757575757575758,0.33269021948522,0.0757575757575758,0.179758984826674,22.3033521553108,22.3033521553108
12447,0.765151515151515,0.765151515151515,0.340359554661939,0.0787878787878788,0.192036383147382,14.7931851268234,14.7931851268234
12450,0.772727272727273,0.772727272727273,0.331400774680048,0.0689393939393939,0.187394030694302,15.4163206959304,15.4163206959304
12451,0.772727272727273,0.772727272727273,0.302600849934227,0.0613636363636364,0.182938403666188,31.3754727683161,31.3754727683161
12452,0.696969696969697,0.696969696969697,0.319691278178039,0.0712121212121212,0.179460712522562,15.4333409535679,15.4333409535679
12454,0.734848484848485,0.734848484848485,0.263528941382964,0.0848484848484848,0.224801007388684,28.6265935537877,28.6265935537877
12455,0.795454545454545,0.795454545454545,0.309486846468374,0.0765151515151515,0.184256982202449,31.8322726526472,31.8322726526472
12456,0.803030303030303,0.803030303030303,0.310620065524673,0.0757575757575758,0.180360902659908,31.9509262108663,31.9509262108663
12457,0.772727272727273,0.772727272727273,0.233557544565916,0.0810606060606061,0.20500768385908,28.527237660446,28.527237660446
12459,0.795454545454545,0.795454545454545,0.194773707988101,0.0787878787878788,0.221757783069342,28.3762059052877,28.3762059052877
12460,0.810606060606061,0.810606060606061,0.241636034762775,0.0712121212121212,0.21758681346421,29.9807094231425,29.9807094231425
12461,0.787878787878788,0.787878787878788,0.249744502966019,0.0840909090909091,0.191399783476861,33.2022395650767,33.2022395650767
12465,0.803030303030303,0.803030303030303,0.266129993509827,0.0787878787878788,0.191535734032943,30.5719004818849,30.5719004818849
12466,0.765151515151515,0.765151515151515,0.212386828638499,0.0787878787878788,0.186865699396315,25.3790616944518,25.3790616944518
12467,0.765151515151515,0.765151515151515,0.263177010153057,0.0765151515151515,0.193795443297883,15.806794379591,15.806794379591
12468,0.727272727272727,0.727272727272727,0.279971653952757,0.0765151515151515,0.190182579875721,23.7770534394476,23.7770534394476
12472,0.742424242424242,0.742424242424242,0.277300943972737,0.0840909090909091,0.180673634790634,24.5246273964935,24.5246273964935
12473,0.712121212121212,0.712121212121212,0.259013348902797,0.0992424242424242,0.1785568225622,30.1102206463176,30.1102206463176
12474,0.757575757575758,0.757575757575758,0.26428900618968,0.0863636363636364,0.17321044015006,31.0554369703789,31.0554369703789
12475,0.833333333333333,0.833333333333333,0.259296561042683,0.0878787878787879,0.170175935239645,34.9399208166396,34.9399208166396
12479,0.795454545454545,0.795454545454545,0.263825407236331,0.0803030303030303,0.16918358532122,32.1006853868822,32.1006853868822
12480,0.787878787878788,0.787878787878788,0.24787156370487,0.106060606060606,0.166447883488594,25.6988552645572,25.6988552645572
12483,0.78030303030303,0.78030303030303,0.102812125343177,0.0977272727272727,0.17117173711045,33.5754579890151,33.5754579890151
12485,0.787878787878788,0.787878787878788,0.22647439978852,0.0825757575757576,0.167373980310617,25.957566341025,25.957566341025
12486,0.742424242424242,0.742424242424242,0.177269344491633,0.0621212121212121,0.169199818480676,19.7055538565576,19.7055538565576
12488,0.742424242424242,0.742424242424242,0.0642879611138712,0.0757575757575758,0.16755697251699,17.3779546404745,17.3779546404745
12489,0.772727272727273,0.772727272727273,0.280679838966025,0.071969696969697,0.177816362959902,22.438958918793,22.438958918793
12492,0.696969696969697,0.696969696969697,0.0862222482308702,0.0810606060606061,0.192450963036188,23.5517256506092,23.5517256506092
12493,0.75,0.75,0.0839532233026279,0.0795454545454545,0.193119642321211,21.9536121111104,21.9536121111104
12494,0.727272727272727,0.727272727272727,0.0752620805655974,0.0727272727272727,0.190039405743446,25.563843961324,25.563843961324
12496,0.681818181818182,0.681818181818182,0.100054243175705,0.0795454545454545,0.194537803076184,20.9623652060342,20.9623652060342
12499,0.757575757575758,0.757575757575758,0.104316708624183,0.0742424242424242,0.189346599753714,25.784377861218,25.784377861218
12500,0.689393939393939,0.689393939393939,0.101739496613413,0.0977272727272727,0.185001479011172,21.0574375206514,21.0574375206514
12501,0.704545454545455,0.704545454545455,0.0914630335706958,0.0909090909090909,0.189153537723831,24.7922268668588,24.7922268668588
12503,0.727272727272727,0.727272727272727,0.0924775080268709,0.115909090909091,0.178836613626126,23.593223763508,23.593223763508
12506,0.71969696969697,0.71969696969697,0.182151146909712,0.107575757575758,0.174212644140538,26.3743355013091,26.3743355013091
12507,0.75,0.75,0.188696088343783,0.0848484848484848,0.169549496246259,27.7854589662534,27.7854589662534
12508,0.71969696969697,0.71969696969697,0.186498892074821,0.0795454545454545,0.166012381756382,28.3799923043689,28.3799923043689
12510,0.727272727272727,0.727272727272727,0.111036594726209,0.0977272727272727,0.16643655121697,27.0833706628634,27.0833706628634
12511,0.689393939393939,0.689393939393939,0.10848434875574,0.103787878787879,0.173538255930283,21.9250174558048,21.9250174558048
12513,0.742424242424242,0.742424242424242,0.124085428678254,0.096969696969697,0.175180564436271,28.3716783332641,28.3716783332641
12514,0.674242424242424,0.674242424242424,0.122549087893384,0.1,0.173646234015635,28.2440644764293,28.2440644764293
12516,0.734848484848485,0.734848484848485,0.125296844134266,0.1,0.169968135687521,29.1792906524599,29.1792906524599
12518,0.75,0.75,0.109437722413174,0.101515151515152,0.170100632037889,23.2251408024066,23.2251408024067
12519,0.734848484848485,0.734848484848485,0.181810812293039,0.0893939393939394,0.165594674088763,28.4303919640907,28.4303919640907
12521,0.75,0.75,0.238426437878979,0.0946969696969697,0.16144044075198,21.1600162066084,21.1600162066084
12522,0.787878787878788,0.787878787878788,0.0979585746574908,0.0840909090909091,0.163528713152193,32.0288485682936,32.0288485682936
12523,0.71969696969697,0.71969696969697,0.363236791076725,0.102272727272727,0.164628065529199,38.3019116855424,38.3019116855424
12524,0.71969696969697,0.71969696969697,0.221656260156542,0.0946969696969697,0.169160161261597,29.4401607166967,29.4401607166967
12527,0.742424242424242,0.742424242424242,0.218883757726507,0.0939393939393939,0.162050347722772,29.6841767220106,29.6841767220106
12528,0.78030303030303,0.78030303030303,0.24780683381996,0.0765151515151515,0.176449282278024,27.8534072790229,27.8534072790229
12529,0.757575757575758,0.757575757575758,0.251798919724742,0.0825757575757576,0.169130187106885,26.1750692904793,26.1750692904793
12530,0.757575757575758,0.757575757575758,0.249233526566022,0.0795454545454545,0.164208106369822,26.8867668888624,26.8867668888624
12531,0.795454545454546,0.795454545454545,0.244245255140855,0.0689393939393939,0.171357557182225,28.7485124628523,28.7485124628523
12538,0.757575757575758,0.757575757575758,0.235319832812376,0.096969696969697,0.160858962546386,28.7083959125794,28.7083959125794
12540,0.795454545454546,0.795454545454545,0.237021974615229,0.0666666666666667,0.167316286645255,28.8917612407724,28.8917612407724
12541,0.825757575757576,0.825757575757576,0.240365585922833,0.071969696969697,0.167648565366779,29.522522041609,29.522522041609
12543,0.754545454545455,0.754545454545455,0.404949979757766,0.0767676767676768,0.181980878088238,29.5067844705729,29.5067844705729
12546,0.781818181818182,0.781818181818182,0.414968709989238,0.0767676767676768,0.182404913462666,30.3160630470128,30.3160630470128
12548,0.790909090909091,0.790909090909091,0.380372342059959,0.0636363636363636,0.174129578939461,31.3747486506315,31.3747486506315
12549,0.809090909090909,0.809090909090909,0.374735967379974,0.0636363636363636,0.174319644942148,31.3671593298151,31.3671593298151
12551,0.781818181818182,0.781818181818182,0.592753041748586,0.0767676767676768,0.179139178877668,28.8305378139523,28.8305378139523
12552,0.763636363636364,0.763636363636364,0.645985855818053,0.0818181818181818,0.17891127465812,28.685499090745,28.685499090745
12555,0.754545454545455,0.754545454545455,0.626772292131471,0.0767676767676768,0.182721594765036,33.1126684938002,33.1126684938002
12556,0.8,0.8,0.368470012311553,0.0616161616161616,0.186409027168584,25.2029467006509,25.2029467006509
12557,0.781818181818182,0.781818181818182,0.338771904721627,0.0747474747474747,0.188664673230531,23.458972781916,23.458972781916
12559,0.790909090909091,0.790909090909091,0.333563862565196,0.0696969696969697,0.189125870808654,24.1805815686176,24.1805815686176
12562,0.781818181818182,0.781818181818182,0.332784318266896,0.0686868686868687,0.192774369479855,23.4578360239959,23.4578360239959
12563,0.772727272727273,0.772727272727273,0.292894581723463,0.0666666666666667,0.187648964416053,25.0541945890799,25.0541945890799
12564,0.8,0.8,0.378314130886112,0.0666666666666667,0.191356041295219,22.5852034745722,22.5852034745722
12565,0.790909090909091,0.790909090909091,0.129366569346372,0.0616161616161616,0.185125828445434,26.2009844196069,26.2009844196069
12566,0.781818181818182,0.781818181818182,0.115424824603679,0.0717171717171717,0.185599193889694,25.2014941205327,25.2014941205327
12571,0.8,0.8,0.126553981206085,0.0767676767676768,0.194205493029264,26.9845328903553,26.9845328903553
12574,0.8,0.8,0.168109872782872,0.0737373737373737,0.194893733582092,27.7663755004133,27.7663755004133
12576,0.772727272727273,0.772727272727273,0.125017066577012,0.094949494949495,0.178560967787466,20.5571633555652,20.5571633555652
12577,0.696969696969697,0.696969696969697,0.115440840234072,0.0803030303030303,0.169735840205356,18.1817636918698,18.1817636918698
12579,0.734848484848485,0.734848484848485,0.113755039542202,0.0651515151515152,0.17048629423478,19.7463952248033,19.7463952248033
12581,0.712121212121212,0.712121212121212,0.30667223882761,0.0848484848484849,0.174263018338477,17.0672737325085,17.0672737325085
12583,0.704545454545455,0.704545454545455,0.417848487859095,0.0734848484848485,0.179917638449609,22.7409551887122,22.7409551887122
12584,0.689393939393939,0.689393939393939,0.418031363807238,0.0803030303030303,0.175946350178511,22.753189348405,22.753189348405
12585,0.681818181818182,0.681818181818182,0.418935379331322,0.075,0.177874196101886,22.7515139975953,22.7515139975953
12586,0.704545454545455,0.704545454545455,0.418962290418914,0.0704545454545455,0.180467922503107,22.8044990877146,22.8044990877146
12587,0.696969696969697,0.696969696969697,0.420408334234313,0.0666666666666667,0.190141369252259,22.8612935869771,22.8612935869771
12590,0.727272727272727,0.727272727272727,0.436767354648313,0.0840909090909091,0.187793039151101,22.7637448200678,22.7637448200677
12591,0.742424242424242,0.742424242424242,0.453481522219965,0.0848484848484849,0.182023892471284,22.98872565335,22.98872565335
12592,0.78030303030303,0.78030303030303,0.447668571061339,0.0742424242424242,0.176449858901313,23.9089551694005,23.9089551694005
12593,0.75,0.75,0.426996703511998,0.0787878787878788,0.183019764103531,23.6825932366029,23.6825932366029
12594,0.727272727272727,0.727272727272727,0.0853955503729419,0.0772727272727273,0.182416683554129,25.8300713582142,25.8300713582142
12597,0.772727272727273,0.772727272727273,0.101462009129761,0.071969696969697,0.186197814525176,25.8203279227255,25.8203279227255
12598,0.742424242424242,0.742424242424242,0.102691855062748,0.0734848484848485,0.18689855036659,25.8003442679697,25.8003442679697
12599,0.772727272727273,0.772727272727273,0.41893343912846,0.075,0.188605266992103,22.6948920765997,22.6948920765997
12600,0.71969696969697,0.71969696969697,0.418545229584243,0.0712121212121212,0.191687695964194,22.6396914129219,22.6396914129219
12604,0.727272727272727,0.727272727272727,0.418073968765532,0.0689393939393939,0.195438160338348,22.6247407404631,22.6247407404631
12605,0.704545454545455,0.704545454545455,0.418218100831141,0.0757575757575758,0.197227671321495,22.6122555666652,22.6122555666652
12606,0.674242424242424,0.674242424242424,0.108184880518672,0.071969696969697,0.200144229063486,28.1942106782687,28.1942106782687
12608,0.712121212121212,0.712121212121212,0.0932585311990815,0.0765151515151515,0.203842255768134,31.9769207379848,31.9769207379848
12609,0.734848484848485,0.734848484848485,0.104642329344595,0.0681818181818182,0.202411242298589,25.8245672335957,25.8245672335957
12611,0.704545454545455,0.704545454545455,0.104765153945979,0.0727272727272727,0.199985451859944,25.1401781892097,25.1401781892097
12612,0.75,0.75,0.361023662797017,0.071969696969697,0.206289401395822,16.9916504845012,16.9916504845012
12613,0.78030303030303,0.78030303030303,0.367885994859259,0.0787878787878788,0.197788087477486,17.7824202747623,17.7824202747623
12614,0.734848484848485,0.734848484848485,0.363195677859612,0.078030303030303,0.196773884679702,16.9121407965376,16.9121407965376
12615,0.803030303030303,0.803030303030303,0.327115481822299,0.078030303030303,0.19066197206923,29.0626574210384,29.0626574210384
12618,0.772727272727273,0.772727272727273,0.429347759971005,0.0818181818181818,0.194791464220911,21.3129093003825,21.3129093003825
12619,0.765151515151515,0.765151515151515,0.426922509011137,0.0893939393939394,0.201510484058748,20.8320353258127,20.8320353258127
12620,0.727272727272727,0.727272727272727,0.31112008420402,0.0924242424242424,0.208678716733245,28.2068741307646,28.2068741307646
12621,0.75,0.75,0.384553206541616,0.0848484848484848,0.226657061711528,20.7865757447485,20.7865757447485
12622,0.674242424242424,0.674242424242424,0.199956992719198,0.108333333333333,0.274604484674224,14.3997174602437,14.3997174602437
12625,0.734848484848485,0.734848484848485,0.256170949649703,0.0825757575757576,0.235823163347992,31.7221553242115,31.7221553242115
12626,0.704545454545455,0.704545454545455,0.289737148146758,0.102272727272727,0.297839558905317,19.3428960364087,19.3428960364087
12627,0.734848484848485,0.734848484848485,0.295510536551316,0.0833333333333333,0.26127310932059,20.4623318710581,20.462331871058
12628,0.742424242424242,0.742424242424242,0.292113880587533,0.0833333333333333,0.25398419077135,20.3841003937756,20.3841003937756
12629,0.704545454545455,0.704545454545455,0.195424552926208,0.1,0.276666035681358,14.3720694818703,14.3720694818703
12633,0.71969696969697,0.71969696969697,0.280011243385627,0.0856060606060606,0.279781656817966,19.4769709866856,19.4769709866856
12636,0.727272727272727,0.727272727272727,0.259210271291102,0.0863636363636364,0.271216462901962,14.3785075139678,14.3785075139678
12637,0.734848484848485,0.734848484848485,0.293751992348546,0.0840909090909091,0.245039107651389,19.3993985987761,19.3993985987761
12639,0.734848484848485,0.734848484848485,0.381183434141302,0.0931818181818182,0.206820014316674,17.1140033982212,17.1140033982212
12640,0.727272727272727,0.727272727272727,0.348801004490562,0.101515151515152,0.208362832659022,13.5100300732117,13.5100300732117
12641,0.712121212121212,0.712121212121212,0.26204004383842,0.0840909090909091,0.226739154013619,6.16133296514055,6.16133296514055
12646,0.696969696969697,0.696969696969697,0.306886082387885,0.0962121212121212,0.208489691154438,8.27881352722795,8.27881352722794
12647,0.734848484848485,0.734848484848485,0.509493782021432,0.0901515151515151,0.224410208283013,14.8296452072983,14.8296452072983
12648,0.727272727272727,0.727272727272727,0.269969409440595,0.0984848484848485,0.201560953735246,7.07134327718199,7.071343277182
12649,0.742424242424242,0.742424242424242,0.22640610903359,0.0962121212121212,0.208647356942701,7.61158195351997,7.61158195351997
12650,0.734848484848485,0.734848484848485,0.32137265827393,0.0924242424242424,0.19665812018413,9.60613715374012,9.60613715374012
12653,0.734848484848485,0.734848484848485,0.293704451661813,0.103787878787879,0.197845151819714,8.3822549505681,8.3822549505681
12654,0.757575757575758,0.757575757575758,0.261326975983752,0.116666666666667,0.222431285785097,7.54665196556123,7.54665196556123
12655,0.772727272727273,0.772727272727273,0.319362656037795,0.0992424242424242,0.185134091736048,9.70145758790769,9.70145758790769
12656,0.772727272727273,0.772727272727273,0.334829604823981,0.0833333333333333,0.198046365848409,9.73668617301587,9.73668617301587
12657,0.734848484848485,0.734848484848485,0.300776878184902,0.0954545454545454,0.204298808592583,10.3334746458445,10.3334746458445
12660,0.765151515151515,0.765151515151515,0.298039788388311,0.0939393939393939,0.187641190541356,9.80403513997318,9.80403513997318
12661,0.712121212121212,0.712121212121212,0.252860663126613,0.0954545454545455,0.183820102209385,8.07255718014642,8.07255718014642
12663,0.795454545454545,0.795454545454545,0.298145855095509,0.0856060606060606,0.184604706475996,8.82975299767525,8.82975299767525
12664,0.810606060606061,0.810606060606061,0.64242160894371,0.0939393939393939,0.211746847285968,16.3954469198039,16.3954469198039
12667,0.772727272727273,0.772727272727273,0.365366056403327,0.0931818181818182,0.236728244764859,14.6949186193581,14.6949186193581
12668,0.803030303030303,0.803030303030303,0.568504553181996,0.0833333333333333,0.202078874365907,16.9161025729402,16.9161025729402
12669,0.772727272727273,0.772727272727273,0.297888795809829,0.0893939393939394,0.23385472994035,10.4217504460598,10.4217504460598
12670,0.787878787878788,0.787878787878788,0.297820546370667,0.0924242424242424,0.207391421297172,11.0928404468731,11.0928404468731
12672,0.787878787878788,0.787878787878788,0.354331955455536,0.0931818181818182,0.188137911052599,14.2627714819702,14.2627714819702
12673,0.825757575757576,0.825757575757576,0.250578627215109,0.0734848484848485,0.182350748733012,11.0787786768358,11.0787786768358
12674,0.803030303030303,0.803030303030303,0.288664142506861,0.0803030303030303,0.17303688483317,11.8272355228505,11.8272355228505
12675,0.810606060606061,0.810606060606061,0.381680606179653,0.0803030303030303,0.17419486706101,15.9563611967438,15.9563611967438
12676,0.795454545454545,0.795454545454545,0.802918797148462,0.0916666666666667,0.18247023767402,22.4877135834468,22.4877135834468
12677,0.742424242424242,0.742424242424242,0.366933559271789,0.0954545454545455,0.189021149829304,15.6820970993291,15.682097099329
12678,0.71969696969697,0.71969696969697,0.351603494241632,0.106818181818182,0.179266404537034,13.5444071496817,13.5444071496817
12684,0.689393939393939,0.689393939393939,0.189719200548143,0.106818181818182,0.17865587400586,5.59719208619019,5.59719208619019
12685,0.71969696969697,0.71969696969697,0.195699341810012,0.106818181818182,0.17132632614807,6.56154005640203,6.56154005640203
12688,0.712121212121212,0.712121212121212,0.197411619496992,0.101515151515152,0.173636011864551,6.40957982126194,6.40957982126194
12689,0.71969696969697,0.71969696969697,0.159479618848705,0.102272727272727,0.179796787282427,5.48109680702707,5.48109680702707
12690,0.696969696969697,0.696969696969697,0.19731008430053,0.102272727272727,0.175504821227529,6.25042324076888,6.25042324076888
12691,0.71969696969697,0.71969696969697,0.181992138730624,0.0901515151515151,0.171019714755207,6.79203179963057,6.79203179963057
12693,0.75,0.75,0.178078150251801,0.1,0.177786045987558,6.48485433527019,6.48485433527019
12694,0.75,0.75,0.285231268706991,0.0878787878787879,0.177320859756384,9.90096143384861,9.90096143384861
12696,0.734848484848485,0.734848484848485,0.275180708420999,0.0878787878787879,0.176970212027597,9.41240634227267,9.41240634227267
12699,0.71969696969697,0.71969696969697,0.229082093151063,0.0916666666666667,0.179845360078666,8.63735519316658,8.63735519316658
12700,0.696969696969697,0.696969696969697,0.225752958045685,0.0984848484848485,0.190619687758657,8.35191179733982,8.35191179733982
12702,0.704545454545455,0.704545454545455,0.227271810953467,0.0992424242424242,0.176892351234203,8.5897434171216,8.5897434171216
12703,0.712121212121212,0.712121212121212,0.257637656872782,0.103030303030303,0.188541937706249,10.5730314563226,10.5730314563226
12704,0.71969696969697,0.71969696969697,0.388658150620867,0.0954545454545455,0.206515529780786,16.1978433294959,16.1978433294959
12705,0.734848484848485,0.734848484848485,0.379717195963085,0.0871212121212121,0.222537270459335,15.4774819145149,15.4774819145149
12706,0.734848484848485,0.734848484848485,0.363889462823682,0.0924242424242424,0.190383272983378,14.9124502205163,14.9124502205163
12709,0.765151515151515,0.765151515151515,0.40796617718386,0.0871212121212121,0.1909920146325,16.3526416101307,16.3526416101307
12710,0.810606060606061,0.810606060606061,0.400395744499536,0.0765151515151515,0.180325113546587,16.0424823020269,16.0424823020269
12711,0.757575757575758,0.757575757575758,0.414182219200831,0.0878787878787879,0.1849997148504,16.0276228159715,16.0276228159715
12712,0.71969696969697,0.71969696969697,0.410482294814204,0.0818181818181818,0.203812729412355,15.4722159143296,15.4722159143296
12713,0.757575757575758,0.757575757575758,0.405652698972098,0.0848484848484848,0.19990754602458,13.0602378498061,13.0602378498061
12716,0.75,0.75,0.312004205354392,0.0916666666666667,0.186076259392804,10.6644473147936,10.6644473147936
12718,0.71969696969697,0.71969696969697,0.152442627506984,0.0803030303030303,0.180862669364903,12.5460938618282,12.5460938618282
12720,0.659090909090909,0.659090909090909,0.213096257466307,0.0727272727272727,0.194375247992429,12.075643878353,12.075643878353
12724,0.674242424242424,0.674242424242424,0.299719398190447,0.0818181818181818,0.177926987611689,11.6868613967242,11.6868613967242
12725,0.704545454545455,0.704545454545455,0.351009785733005,0.0856060606060606,0.177144518835944,16.8413802858997,16.8413802858997
12727,0.704545454545455,0.704545454545455,0.309297880248387,0.0901515151515151,0.177979724639942,16.471385010162,16.471385010162
12730,0.757575757575758,0.757575757575758,0.303930720092928,0.0727272727272727,0.168564076799854,17.5879424680076,17.5879424680076
12732,0.757575757575758,0.757575757575758,0.389071083403925,0.0704545454545455,0.168016588405607,17.313775214102,17.313775214102
12737,0.75,0.75,0.458419538628659,0.0787878787878788,0.170354133439147,17.6116305609264,17.6116305609264
12738,0.772727272727273,0.772727272727273,0.409101114644913,0.0765151515151515,0.188651760428362,16.4405067900997,16.4405067900997
12739,0.742424242424242,0.742424242424242,0.234043281300813,0.0818181818181818,0.18738373308319,16.9952871699807,16.9952871699807
12740,0.734848484848485,0.734848484848485,0.388604178306515,0.0818181818181818,0.177052272143342,17.5665378800938,17.5665378800938
12741,0.772727272727273,0.772727272727273,0.594007012319448,0.0856060606060606,0.172790094340494,17.6384072114871,17.6384072114871
12744,0.772727272727273,0.772727272727273,0.595432887604864,0.0810606060606061,0.163406366655075,17.7675144740146,17.7675144740146
12745,0.666666666666667,0.666666666666667,0.114676283870437,0.096969696969697,0.176526449305348,7.39296703315049,7.39296703315049
12746,0.71969696969697,0.71969696969697,0.627793248714544,0.102272727272727,0.177918995371911,18.2361219363652,18.2361219363652
12748,0.727272727272727,0.727272727272727,0.456919376489317,0.0939393939393939,0.182134768310662,18.7290124446005,18.7290124446005
12751,0.742424242424242,0.742424242424242,0.710304999575476,0.0954545454545455,0.185337293565516,17.1913606215563,17.1913606215563
12752,0.712121212121212,0.712121212121212,0.268516035386127,0.0962121212121212,0.184595040653383,16.0401837442185,16.0401837442185
12753,0.742424242424242,0.742424242424242,0.186507301021631,0.0946969696969697,0.159236687370744,9.73615380233483,9.73615380233483
12754,0.704545454545455,0.704545454545455,0.154750736999718,0.0946969696969697,0.169245927183578,9.1805090766778,9.1805090766778
12755,0.651515151515151,0.651515151515151,0.152010573728957,0.1,0.167668996195,9.06154374349621,9.06154374349621
12757,0.704545454545455,0.704545454545455,0.151694724443258,0.0931818181818182,0.170148685196713,8.90950103497664,8.90950103497664
12759,0.704545454545455,0.704545454545455,0.152505794205643,0.0954545454545454,0.170210341824,9.0328991634047,9.0328991634047
12760,0.659090909090909,0.659090909090909,0.0763010608713338,0.0931818181818182,0.159507377411406,5.85786173212225,5.85786173212225
12762,0.659090909090909,0.659090909090909,0.0686563328787978,0.0946969696969697,0.158842424176392,5.16064334675072,5.16064334675072
12763,0.674242424242424,0.674242424242424,0.0625638309427929,0.0825757575757576,0.161346450878119,5.97827409275759,5.97827409275759
12765,0.666666666666667,0.666666666666667,0.0619115656667154,0.0825757575757576,0.167505885063591,5.22964431014749,5.22964431014749
12766,0.651515151515151,0.651515151515151,0.134315247186855,0.0939393939393939,0.169360011608296,10.2648600255633,10.2648600255633
12767,0.643939393939394,0.643939393939394,0.0767746760411453,0.0893939393939394,0.172940304405884,9.90642961835814,9.90642961835814
12768,0.681818181818182,0.681818181818182,0.145107679949539,0.0856060606060606,0.170841573624874,10.5448707273619,10.5448707273619
12769,0.696969696969697,0.696969696969697,0.21411877714304,0.0848484848484848,0.172819527552194,12.9609250894248,12.9609250894248
12772,0.681818181818182,0.681818181818182,0.166037449671917,0.0787878787878788,0.165254890556991,6.67585408154798,6.67585408154798
12773,0.704545454545455,0.704545454545455,0.143598522660363,0.0825757575757576,0.165638757550868,9.05870459814745,9.05870459814745
12774,0.681818181818182,0.681818181818182,0.124794540220883,0.0871212121212121,0.170841573897453,8.89275626340667,8.89275626340667
12775,0.689393939393939,0.689393939393939,0.143703928803288,0.0810606060606061,0.171839035043989,10.3475337777462,10.3475337777462
12785,0.666666666666667,0.666666666666667,0.136963210159279,0.0863636363636364,0.167884974606094,9.72050832196072,9.72050832196072
12786,0.659090909090909,0.659090909090909,0.178845766778579,0.0848484848484848,0.166803690737155,11.4071739045492,11.4071739045492
12787,0.643939393939394,0.643939393939394,0.188017020321958,0.0954545454545455,0.171491859865049,14.1003986681791,14.1003986681791
12792,0.696969696969697,0.696969696969697,0.233287213074577,0.0916666666666667,0.196184885646707,25.212535766077,25.212535766077
12796,0.742424242424242,0.742424242424242,0.609154310061169,0.0878787878787879,0.177434293825781,50.6639264016228,50.6639264016228
12797,0.757575757575758,0.757575757575758,0.605356563905454,0.0871212121212121,0.176500670602779,51.1662240163073,51.1662240163073
12801,0.772727272727273,0.772727272727273,0.144065726358517,0.0856060606060606,0.183271053238455,43.6251266941279,43.6251266941279
12802,0.765151515151515,0.765151515151515,0.207278706312176,0.0833333333333333,0.18174547174284,42.5343544277077,42.5343544277077
12803,0.757575757575758,0.757575757575758,0.0970542708553502,0.0893939393939394,0.184887005384084,41.7156380841428,41.7156380841428
12804,0.772727272727273,0.772727272727273,0.608897576581021,0.0924242424242424,0.190027645497507,59.7724435095059,59.7724435095059
12807,0.75,0.75,0.62711229955509,0.0803030303030303,0.188021234330454,55.838412094905,55.838412094905
12808,0.742424242424242,0.742424242424242,0.0914004935351979,0.0848484848484849,0.185004764318521,43.1437512006219,43.1437512006219
12809,0.772727272727273,0.772727272727273,0.169325237327131,0.0878787878787879,0.181477477794381,63.665353592904,63.665353592904
12810,0.810606060606061,0.810606060606061,0.890119681892578,0.0878787878787879,0.214577020327968,60.5500725008363,60.5500725008363
12811,0.772727272727273,0.772727272727273,0.631776233401994,0.0742424242424242,0.191190303301897,47.7192618671457,47.7192618671457
12814,0.78030303030303,0.78030303030303,0.40458284310768,0.0856060606060606,0.192264225228578,39.613548361004,39.613548361004
12816,0.757575757575758,0.757575757575758,0.302621384475258,0.1,0.189434621209283,39.0694329947313,39.0694329947313
12822,0.75,0.75,0.281390608088593,0.0787878787878788,0.184000638810178,38.859250371778,38.859250371778
12825,0.704545454545455,0.704545454545455,0.282962835165078,0.0818181818181818,0.178578160484534,37.1599785464384,37.1599785464384
12828,0.704545454545455,0.704545454545455,0.317801082284104,0.0840909090909091,0.178586452861135,54.5470090775479,54.5470090775479
12829,0.757575757575758,0.757575757575758,0.486709496061307,0.0924242424242424,0.176438252956858,57.4899096259204,57.4899096259204
12830,0.696969696969697,0.696969696969697,1.54996456954302,0.0878787878787879,0.223226072905254,58.4949764596259,58.4949764596259
12831,0.772727272727273,0.772727272727273,1.35659368891391,0.0863636363636364,0.192237198453198,67.3456256711102,67.3456256711102
12832,0.704545454545455,0.704545454545455,0.362432753268867,0.0772727272727273,0.24156139820806,58.7502853156389,58.7502853156389
12836,0.689393939393939,0.689393939393939,0.22422754668648,0.0795454545454545,0.346416187207704,58.5136567985407,58.5136567985407
12837,0.71969696969697,0.71969696969697,0.380616633120639,0.0757575757575758,0.313741847793911,65.5339071024325,65.5339071024325
12838,0.727272727272727,0.727272727272727,0.383880511934457,0.0727272727272727,0.332058000414125,65.5815496876173,65.5815496876173
12839,0.666666666666667,0.666666666666667,0.377225300058015,0.0795454545454545,0.338562025668612,53.7335126913082,53.7335126913082
12842,0.704545454545455,0.704545454545455,0.392948263558467,0.071969696969697,0.274716006325469,40.9669147190271,40.9669147190271
12843,0.689393939393939,0.689393939393939,0.368860241417023,0.0772727272727273,0.26262513211258,40.4004670324908,40.4004670324908
12844,0.704545454545455,0.704545454545455,0.386307254823243,0.0840909090909091,0.280819571788616,47.6290690754238,47.6290690754238
12850,0.734848484848485,0.734848484848485,0.384200742176851,0.0765151515151515,0.258295412238831,47.6773311778091,47.6773311778091
12852,0.787878787878788,0.787878787878788,0.718537809566705,0.0893939393939394,0.18456743477985,66.8067814273411,66.8067814273411
12853,0.78030303030303,0.78030303030303,1.86496752050309,0.075,0.180019143209038,65.1033596199058,65.1033596199059
12857,0.787878787878788,0.787878787878788,1.86491322650259,0.071969696969697,0.175837387027035,65.022149966538,65.022149966538
12858,0.787878787878788,0.787878787878788,1.25499497989582,0.0734848484848485,0.187439855148564,60.4445212688079,60.4445212688079
12859,0.689393939393939,0.689393939393939,0.514581856153957,0.0901515151515151,0.235914944033419,24.8558471849193,24.8558471849193
12860,0.628787878787879,0.628787878787879,0.19668631528743,0.0939393939393939,0.214328775670909,21.8501191860806,21.8501191860806
12863,0.696969696969697,0.696969696969697,0.159136140802693,0.0856060606060606,0.221593717577936,20.8731718083756,20.8731718083756
12864,0.71969696969697,0.71969696969697,0.846829307094929,0.0810606060606061,0.221048318753055,34.2388978426736,34.2388978426736
12865,0.71969696969697,0.71969696969697,0.441936442216744,0.0962121212121212,0.22437797436433,42.9513473867506,42.9513473867506
12866,0.71969696969697,0.71969696969697,0.304988146188183,0.0901515151515151,0.211772829989439,65.2470153229889,65.2470153229889
12871,0.71969696969697,0.71969696969697,0.127811741031325,0.0924242424242424,0.188759738231144,13.2021270692915,13.2021270692915
12872,0.674242424242424,0.674242424242424,0.0937825525448694,0.1,0.195709593734007,13.0468299649016,13.0468299649016
12873,0.681818181818182,0.681818181818182,0.127256905731405,0.100757575757576,0.187050153219608,13.1665386096514,13.1665386096514
12874,0.689393939393939,0.689393939393939,0.270943962980603,0.0962121212121212,0.210246651635279,24.8278826056325,24.8278826056325
12875,0.674242424242424,0.674242424242424,0.269913914311386,0.1,0.213640639307903,24.7709401970488,24.7709401970488
12877,0.659090909090909,0.659090909090909,0.100215589728486,0.0871212121212121,0.19884715792183,13.245182658179,13.245182658179
12881,0.643939393939394,0.643939393939394,0.11456399026999,0.0893939393939394,0.187016697868904,13.4288087701005,13.4288087701005
12883,0.696969696969697,0.696969696969697,0.203617649490512,0.0787878787878788,0.195931935481057,20.6019754802741,20.6019754802741
12884,0.674242424242424,0.674242424242424,0.131604193563419,0.0871212121212121,0.190861647536445,11.7119067071587,11.7119067071587
12891,0.689393939393939,0.689393939393939,0.176199848279854,0.0924242424242424,0.222363351673105,15.8654607288564,15.8654607288564
12892,0.696969696969697,0.696969696969697,0.239565605363763,0.100757575757576,0.238402495637952,24.1196701288949,24.1196701288949
12893,0.71969696969697,0.71969696969697,0.170916964702656,0.078030303030303,0.220716692377895,23.0329951369955,23.0329951369955
12894,0.689393939393939,0.689393939393939,0.183370285906317,0.0734848484848485,0.206900016831568,26.5810210521969,26.5810210521969
12895,0.757575757575758,0.757575757575758,0.114832210480665,0.0863636363636364,0.215826816245468,18.1359125122278,18.1359125122278
12898,0.71969696969697,0.71969696969697,0.0922695351280819,0.0946969696969697,0.221674160295309,19.0716822421672,19.0716822421672
12899,0.696969696969697,0.696969696969697,0.15529226986398,0.108333333333333,0.248443855365698,25.1204097780643,25.1204097780643
12900,0.681818181818182,0.681818181818182,0.145325366676241,0.0946969696969697,0.223192621677096,21.974419441182,21.974419441182
12901,0.71969696969697,0.71969696969697,0.233804190594872,0.0863636363636364,0.197654718316484,23.2298699759823,23.2298699759823
12904,0.696969696969697,0.696969696969697,0.290613673454747,0.1,0.185081048819683,22.2246652651304,22.2246652651304
12907,0.704545454545455,0.704545454545455,0.162649031006339,0.0916666666666667,0.185418724392533,17.7972707310475,17.7972707310475
12911,0.712121212121212,0.712121212121212,0.165289628815833,0.0931818181818182,0.190394512053313,19.7244613194319,19.7244613194319
12913,0.727272727272727,0.727272727272727,0.190336344766535,0.100757575757576,0.214722310448164,27.1805341038566,27.1805341038566
12916,0.78030303030303,0.78030303030303,0.245527393276131,0.0962121212121212,0.186822328161765,30.2373453977678,30.2373453977678
12920,0.742424242424242,0.742424242424242,0.152352544941861,0.0992424242424242,0.210963259740693,16.9993990224687,16.9993990224687
12921,0.71969696969697,0.71969696969697,0.188938245151938,0.103030303030303,0.192815704668465,25.5775190356393,25.5775190356393
12922,0.71969696969697,0.71969696969697,0.227238208816337,0.103030303030303,0.198245987619275,25.2642667502285,25.2642667502285
12923,0.704545454545455,0.704545454545455,0.182036388474172,0.101515151515152,0.193665637148761,12.3616431217639,12.3616431217639
12926,0.742424242424242,0.742424242424242,0.217615017078561,0.111363636363636,0.197857521620582,20.7827308814891,20.7827308814891
12927,0.742424242424242,0.742424242424242,0.250368861874108,0.0954545454545455,0.203299655830027,34.6228816667445,34.6228816667445
12928,0.734848484848485,0.734848484848485,0.266314134953688,0.114393939393939,0.19350120927423,34.778130720778,34.7781307207781
12930,0.727272727272727,0.727272727272727,0.267409843436108,0.106818181818182,0.18769960426516,34.8816710266251,34.8816710266251
12938,0.734848484848485,0.734848484848485,0.232115911071198,0.107575757575758,0.186262672643475,32.9184126026891,32.9184126026892
12939,0.78030303030303,0.78030303030303,0.214936276953898,0.106818181818182,0.191555128352388,34.5304654041462,34.5304654041462
12944,0.765151515151515,0.765151515151515,0.154497716615997,0.0916666666666667,0.185705878314952,14.925273028305,14.925273028305
12946,0.696969696969697,0.696969696969697,0.065354022845956,0.0901515151515151,0.183666557165888,9.88679090168374,9.88679090168374
12965,0.666666666666667,0.666666666666667,0.0872860338439179,0.10530303030303,0.177324861206074,9.15743132836668,9.15743132836668
12966,0.674242424242424,0.674242424242424,0.0713598447158637,0.1,0.181864122903387,8.17999931499046,8.17999931499046
12967,0.689393939393939,0.689393939393939,0.0602970644188437,0.096969696969697,0.170851000289236,9.25673588705755,9.25673588705755
12968,0.674242424242424,0.674242424242424,0.0661633038127921,0.0818181818181818,0.161386805194122,8.88231477877588,8.88231477877588
12974,0.75,0.75,0.0877665553930014,0.0924242424242424,0.164727952574856,11.8089059071747,11.8089059071747
12975,0.689393939393939,0.689393939393939,0.0637215273053308,0.0931818181818182,0.177023975496143,10.6067342732751,10.6067342732751
12976,0.712121212121212,0.712121212121212,0.126149097451592,0.0871212121212121,0.180989071279945,11.0568711327591,11.0568711327591
12997,0.666666666666667,0.666666666666667,0.130575313462983,0.0931818181818182,0.176572397077651,11.0094015215244,11.0094015215244
12998,0.727272727272727,0.727272727272727,0.158883675148451,0.0946969696969697,0.171585891693913,18.4076309102518,18.4076309102518
13003,0.712121212121212,0.712121212121212,0.138587345711738,0.096969696969697,0.178103300041451,16.7489255828692,16.7489255828692
13004,0.704545454545455,0.704545454545455,0.1179458380002,0.0810606060606061,0.168459612850252,14.830488311406,14.830488311406
13006,0.727272727272727,0.727272727272727,0.246087447984424,0.0977272727272727,0.170468069207543,16.8544827022646,16.8544827022646
13011,0.674242424242424,0.674242424242424,0.0825172290121223,0.0893939393939394,0.170441646917085,4.74053270704036,4.74053270704036
13012,0.613636363636364,0.613636363636364,0.0933414574093437,0.0916666666666667,0.180030927101852,2.65463258670924,2.65463258670924
13013,0.553030303030303,0.553030303030303,0.0286699071953568,0.0810606060606061,0.192536393275597,1.25099984498454,1.25099984498454
13014,0.636363636363636,0.636363636363636,0.0732255316399016,0.0893939393939394,0.178356463669553,4.66911463098044,4.66911463098044
13017,0.553030303030303,0.553030303030303,0.0288090214732433,0.0772727272727273,0.17624909956469,2.35397115207788,2.35397115207788
13018,0.628787878787879,0.628787878787879,0.0713045647286294,0.0886363636363636,0.178857719083997,4.49591266682887,4.49591266682887
13019,0.606060606060606,0.606060606060606,0.0700076007040371,0.0886363636363636,0.18342253427637,4.25493082173585,4.25493082173585
13024,0.613636363636364,0.613636363636364,0.0729058788352855,0.0916666666666667,0.184603023392246,4.06399198094381,4.06399198094381
13025,0.590909090909091,0.590909090909091,0.060152137085823,0.0946969696969697,0.19266526735731,3.33437888701068,3.33437888701068
13026,0.636363636363636,0.636363636363636,0.0651337446209979,0.0840909090909091,0.192120572602819,3.66746696016548,3.66746696016548
13028,0.598484848484849,0.598484848484849,0.0597219365126789,0.0992424242424242,0.180272058766012,4.1887429820453,4.1887429820453
13029,0.651515151515151,0.651515151515151,0.0622984135469163,0.0977272727272727,0.170158559790528,5.34866454001557,5.34866454001557
13031,0.628787878787879,0.628787878787879,0.0576066813875599,0.0992424242424242,0.179802647342321,4.24911096288276,4.24911096288276
13034,0.636363636363636,0.636363636363636,0.0594211162496629,0.101515151515152,0.195133365981931,4.20692459509773,4.20692459509773
13035,0.598484848484849,0.598484848484849,0.0318166582861827,0.0818181818181818,0.187003298163299,1.58699189830321,1.58699189830321
13037,0.590909090909091,0.590909090909091,0.0317412461295286,0.0946969696969697,0.183837063968257,1.57575206930172,1.57575206930172
13038,0.606060606060606,0.606060606060606,0.0579759586604368,0.106818181818182,0.179561098768754,3.52855796915114,3.52855796915113
13039,0.553030303030303,0.553030303030303,0.0298365937639679,0.103787878787879,0.177978712953659,2.86032874510679,2.86032874510679
13040,0.606060606060606,0.606060606060606,0.0304263798231002,0.0886363636363636,0.17307964637759,4.42920493030645,4.42920493030645
13041,0.537878787878788,0.537878787878788,0.0244728234636623,0.0871212121212121,0.171989814662492,2.32987064065875,2.32987064065875
13042,0.712121212121212,0.712121212121212,0.181892852335132,0.103787878787879,0.190177443465243,16.7096440479005,16.7096440479005
13045,0.681818181818182,0.681818181818182,0.118502199619076,0.0977272727272727,0.182795747505705,11.9467994345347,11.9467994345347
13046,0.651515151515151,0.651515151515151,0.129572416293899,0.1,0.173612867104819,14.8543690085287,14.8543690085286
13047,0.643939393939394,0.643939393939394,0.115734974146159,0.106818181818182,0.179221992374871,7.7553398165485,7.7553398165485
13048,0.681818181818182,0.681818181818182,0.143418566468451,0.0924242424242424,0.170455467419386,9.67499555172855,9.67499555172855
13049,0.674242424242424,0.674242424242424,0.0660406259257987,0.118939393939394,0.175079218293332,7.81215311968734,7.81215311968733
13052,0.666666666666667,0.666666666666667,0.238410061585368,0.0984848484848485,0.186019489460879,17.5387893607284,17.5387893607284
13053,0.666666666666667,0.666666666666667,0.27129092863628,0.102272727272727,0.195950011550681,17.6738566862313,17.6738566862313
13054,0.628787878787879,0.628787878787879,0.0377370053221571,0.102272727272727,0.177965752137415,4.88078711388583,4.88078711388583
13055,0.628787878787879,0.628787878787879,0.0362919280011415,0.101515151515152,0.187451257208219,4.95212109229004,4.95212109229004
13056,0.583333333333333,0.583333333333333,0.029292109946332,0.0924242424242424,0.175300373402672,2.52835574367953,2.52835574367953
13057,0.651515151515151,0.651515151515151,0.0453132761677741,0.0810606060606061,0.187363176425422,6.3563339306514,6.3563339306514
13058,0.666666666666667,0.666666666666667,0.0488118612947192,0.0856060606060606,0.178676036337061,6.01833147818008,6.01833147818008
13059,0.666666666666667,0.666666666666667,0.059112519978563,0.0984848484848485,0.172355529307002,7.40504376763704,7.40504376763704
13061,0.689393939393939,0.689393939393939,0.0630128973803857,0.0818181818181818,0.182497133937643,7.3854033623424,7.3854033623424
13064,0.666666666666667,0.666666666666667,0.0465287170634201,0.103030303030303,0.173483387460741,6.68562544456834,6.68562544456834
13066,0.681818181818182,0.681818181818182,0.136504353562144,0.114393939393939,0.186650325613659,14.5250607765092,14.5250607765092
13067,0.613636363636364,0.613636363636364,0.0448986129067546,0.0863636363636364,0.192469292677229,5.1924792688513,5.1924792688513
13069,0.598484848484849,0.598484848484849,0.032151024589882,0.120454545454545,0.181716563650697,5.07053077745757,5.07053077745757
13070,0.606060606060606,0.606060606060606,0.0287086223043673,0.0810606060606061,0.18958595050318,5.75571487470098,5.75571487470098
13073,0.628787878787879,0.628787878787879,0.0298839285486419,0.118939393939394,0.160029496262202,5.28940899160059,5.28940899160059
13074,0.636363636363636,0.636363636363636,0.0398156415309228,0.114393939393939,0.165658705859076,5.38663092552827,5.38663092552827
13075,0.674242424242424,0.674242424242424,0.0330973543520158,0.102272727272727,0.171929535043991,7.5220460338123,7.5220460338123
13076,0.659090909090909,0.659090909090909,0.0438788942846772,0.0916666666666667,0.179581460035655,5.26375478740061,5.26375478740061
13077,0.659090909090909,0.659090909090909,0.0376342345798013,0.106060606060606,0.173630275442781,5.63539691095392,5.63539691095391
13080,0.643939393939394,0.643939393939394,0.0507789864008405,0.0825757575757576,0.182129414358085,6.09559004809112,6.09559004809112
13081,0.651515151515151,0.651515151515151,0.042069941667591,0.0931818181818182,0.196278759686043,5.34326967132158,5.34326967132158
13083,0.636363636363636,0.636363636363636,0.038508518915939,0.0803030303030303,0.193123232519652,4.96067404695904,4.96067404695904
13087,0.636363636363636,0.636363636363636,0.0414675470231716,0.0772727272727273,0.189429107315912,5.19490800347442,5.19490800347442
13088,0.651515151515151,0.651515151515151,0.0356205442103563,0.0818181818181818,0.201117789645058,5.08819221645996,5.08819221645996
13089,0.674242424242424,0.674242424242424,0.0335058457348505,0.0712121212121212,0.199010323255343,4.77679051263148,4.77679051263148
13090,0.643939393939394,0.643939393939394,0.0375606788113859,0.0939393939393939,0.184584760477635,5.82093861170137,5.82093861170137
13092,0.606060606060606,0.606060606060606,0.0309145964857726,0.0795454545454545,0.188138535220568,1.49845410540179,1.49845410540179
13095,0.613636363636364,0.613636363636364,0.0386350995718699,0.0856060606060606,0.196192483767146,2.09798160169243,2.09798160169243
13097,0.636363636363636,0.636363636363636,0.0397739678072927,0.0856060606060606,0.192991803005039,1.43136756456723,1.43136756456723
13101,0.628787878787879,0.628787878787879,0.085398523047189,0.078030303030303,0.18058914158201,2.38977176948315,2.38977176948315
13102,0.643939393939394,0.643939393939394,0.0846552260106027,0.0856060606060606,0.184589057998095,2.66638313668268,2.66638313668268
13103,0.643939393939394,0.643939393939394,0.0849965795034926,0.0856060606060606,0.181901657843926,2.79063920024466,2.79063920024466
13104,0.628787878787879,0.628787878787879,0.0854263712411179,0.0878787878787879,0.179228918746332,2.8200272439523,2.8200272439523
13105,0.628787878787879,0.628787878787879,0.0833894866779085,0.0863636363636364,0.180490996707391,2.67166569494344,2.67166569494344
13108,0.621212121212121,0.621212121212121,0.0771997378426036,0.0795454545454545,0.177462862068278,3.43391823787013,3.43391823787013
13109,0.575757575757576,0.575757575757576,0.0814164976122869,0.078030303030303,0.192426378800568,1.63422534574117,1.63422534574117
13110,0.590909090909091,0.590909090909091,0.0804625980950341,0.0840909090909091,0.204559436719519,1.48259108271042,1.48259108271042
13112,0.598484848484849,0.598484848484849,0.0816221452276695,0.0901515151515151,0.193033898739046,1.61719247145429,1.61719247145429
13115,0.621212121212121,0.621212121212121,0.0837206325391623,0.0795454545454545,0.180908521401171,3.44402733311163,3.44402733311163
13116,0.643939393939394,0.643939393939394,0.0837416643293302,0.075,0.177779746932878,3.59442590103939,3.59442590103939
13117,0.636363636363636,0.636363636363636,0.0839490744481839,0.0803030303030303,0.180796446585594,3.48937767901829,3.48937767901829
13118,0.643939393939394,0.643939393939394,0.0819294568466813,0.0840909090909091,0.177620472126118,3.70624751991062,3.70624751991062
13122,0.583333333333333,0.583333333333333,0.0793137019785673,0.0916666666666667,0.197497056314906,1.65566996689651,1.65566996689651
13125,0.598484848484849,0.598484848484849,0.0815572092872585,0.096969696969697,0.188798198772455,2.52681208157799,2.52681208157799
13126,0.621212121212121,0.621212121212121,0.0813574753282903,0.0886363636363636,0.185259707911451,2.60718656243637,2.60718656243637
13127,0.628787878787879,0.628787878787879,0.0820734716740728,0.0916666666666667,0.175940395330149,2.47099400252525,2.47099400252525
13129,0.606060606060606,0.606060606060606,0.0802133221323634,0.0795454545454545,0.19321365895271,2.36589895163954,2.36589895163954
13130,0.590909090909091,0.590909090909091,0.0804231463773803,0.0810606060606061,0.195139227005813,2.265060878024,2.265060878024
13131,0.583333333333333,0.583333333333333,0.0812512156729821,0.0893939393939394,0.193446109021203,2.35890292141854,2.35890292141854
13132,0.575757575757576,0.575757575757576,0.0792118617458905,0.0893939393939394,0.19244077773874,2.25728053972014,2.25728053972014
13133,0.553030303030303,0.553030303030303,0.0762858020087601,0.0825757575757576,0.196836956981977,2.55559154533063,2.55559154533063
13136,0.621212121212121,0.621212121212121,0.0783204929137041,0.071969696969697,0.177417321760153,3.74170747588344,3.74170747588344
13137,0.590909090909091,0.590909090909091,0.0787293973538853,0.0818181818181818,0.187593228356896,2.71342461022736,2.71342461022736
13138,0.613636363636364,0.613636363636364,0.0762662406657279,0.0977272727272727,0.180603926248804,2.68110860840983,2.68110860840983
13139,0.613636363636364,0.613636363636364,0.0763208595159025,0.0833333333333333,0.188298478336811,2.64621948046002,2.64621948046002
13140,0.613636363636364,0.613636363636364,0.0787956775111743,0.0818181818181818,0.179675323728686,3.05066038055073,3.05066038055073
13150,0.621212121212121,0.621212121212121,0.077598782016946,0.0840909090909091,0.170904074243693,3.82559764600932,3.82559764600932
13151,0.590909090909091,0.590909090909091,0.0762995729363448,0.0946969696969697,0.174100817584595,2.75491342170192,2.75491342170192
13154,0.636363636363636,0.636363636363636,0.076434781846265,0.100757575757576,0.168552536729012,3.05997881176553,3.05997881176553
13156,0.590909090909091,0.590909090909091,0.0820747171155682,0.0772727272727273,0.206340256172004,2.16592672858814,2.16592672858814
13157,0.613636363636364,0.613636363636364,0.0806600587176865,0.0992424242424242,0.176102748032367,2.27176292919972,2.27176292919972
13161,0.598484848484849,0.598484848484849,0.0826550168419909,0.0909090909090909,0.173976609490878,3.07944110457469,3.07944110457469
13165,0.590909090909091,0.590909090909091,0.0772676600886944,0.0803030303030303,0.168851738765344,2.82495541814519,2.82495541814519
13166,0.553030303030303,0.553030303030303,0.0328549087826711,0.0765151515151515,0.177921485000848,1.93408672605404,1.93408672605404
13167,0.606060606060606,0.606060606060606,0.0302444290501146,0.0863636363636364,0.191798353812831,1.87831684899505,1.87831684899505
13168,0.606060606060606,0.606060606060606,0.0274741894408638,0.0863636363636364,0.190460485615133,2.56009703986979,2.56009703986979
13171,0.636363636363636,0.636363636363636,0.0287243117097934,0.0916666666666667,0.198750865489168,2.11832659372403,2.11832659372403
13172,0.636363636363636,0.636363636363636,0.0382315493873045,0.0871212121212121,0.185494481966336,2.89449373224466,2.89449373224466
13173,0.613636363636364,0.613636363636364,0.0350811542379097,0.0757575757575758,0.18433793796728,2.78964628539614,2.78964628539614
13174,0.666666666666667,0.666666666666667,0.0431944764440506,0.075,0.192997794387008,3.30157611385782,3.30157611385782
13175,0.643939393939394,0.643939393939394,0.0408589058075454,0.078030303030303,0.197885628666916,2.55464694867364,2.55464694867364
13178,0.643939393939394,0.643939393939394,0.0401179573168259,0.0803030303030303,0.222040703336216,2.36126658188892,2.36126658188892
13179,0.598484848484849,0.598484848484849,0.0357425114195906,0.0787878787878788,0.220721539185088,1.49610491710916,1.49610491710916
13181,0.575757575757576,0.575757575757576,0.0360024844558927,0.0803030303030303,0.219741697258068,1.48396380808927,1.48396380808927
13182,0.628787878787879,0.628787878787879,0.0431311024846323,0.0712121212121212,0.200997723591444,2.74777772042251,2.74777772042251
13185,0.590909090909091,0.590909090909091,0.0314631010058125,0.078030303030303,0.2148894829232,1.74619372470049,1.74619372470049
13187,0.659090909090909,0.659090909090909,0.0355138995600676,0.0833333333333333,0.217627782636213,2.22665507739613,2.22665507739613
13189,0.583333333333333,0.583333333333333,0.0305440603785811,0.0772727272727273,0.213671391757981,1.66161511222509,1.66161511222509
13190,0.583333333333333,0.583333333333333,0.0305554602705412,0.0772727272727273,0.214799877795234,1.65106479520589,1.65106479520589
13192,0.628787878787879,0.628787878787879,0.0365371082578231,0.0787878787878788,0.218934174536051,2.41473978976142,2.41473978976142
13193,0.598484848484849,0.598484848484849,0.030520189822358,0.0734848484848485,0.210888496272415,1.56231414610139,1.56231414610139
13194,0.613636363636364,0.613636363636364,0.029765982789789,0.0848484848484848,0.199891875892501,1.81829308858509,1.81829308858509
13195,0.598484848484849,0.598484848484849,0.0326266973173345,0.0787878787878788,0.208766847966806,1.7894870568276,1.7894870568276
13196,0.583333333333333,0.583333333333333,0.0321883292635671,0.0704545454545455,0.20937719303861,1.6678258436498,1.6678258436498
13200,0.613636363636364,0.613636363636364,0.0316641141951737,0.0765151515151515,0.211682356205449,1.69539871702431,1.69539871702431
13201,0.651515151515151,0.651515151515151,0.0322007021502384,0.0818181818181818,0.223601969648964,2.57598110723413,2.57598110723413
13202,0.606060606060606,0.606060606060606,0.0260834724580542,0.0689393939393939,0.214357717992121,1.63486026078167,1.63486026078167
13203,0.621212121212121,0.621212121212121,0.0269105866909645,0.0651515151515152,0.213061703447925,1.74548592730441,1.74548592730441
13206,0.606060606060606,0.606060606060606,0.0264364103809048,0.0765151515151515,0.22831164581421,1.69478326770418,1.69478326770418
13207,0.663636363636364,0.663636363636364,0.0310080704944165,0.0787878787878788,0.207476661710259,3.11052423135607,3.11052423135607
13208,0.7,0.7,0.0307344765516173,0.0777777777777778,0.200795787146623,3.02771323513526,3.02771323513526
13209,0.645454545454545,0.645454545454545,0.0360694998054897,0.094949494949495,0.219277910835877,1.79354386867385,1.79354386867385
13210,0.654545454545455,0.654545454545455,0.0370386086862977,0.0898989898989899,0.207368083253369,2.75641163343185,2.75641163343185
13211,0.654545454545455,0.654545454545455,0.0420379639049202,0.0909090909090909,0.202298005061834,3.52701172493134,3.52701172493134
13214,0.681818181818182,0.681818181818182,0.0410600158507368,0.0878787878787879,0.210636437536381,2.7361404883805,2.7361404883805
13215,0.7,0.7,0.0418032664702994,0.0808080808080808,0.209580909758227,2.82415943773049,2.82415943773049
13217,0.763636363636364,0.763636363636364,0.204688433536767,0.0848484848484848,0.23258824792404,10.353887011331,10.353887011331
13218,0.727272727272727,0.727272727272727,0.289529627236401,0.0929292929292929,0.210120862013758,11.822198573768,11.822198573768
13220,0.736363636363636,0.736363636363636,0.21767593348885,0.0848484848484849,0.236861751833408,10.856869868788,10.856869868788
13221,0.763636363636364,0.763636363636364,0.19385055101698,0.0898989898989899,0.21803208288223,13.4500297041883,13.4500297041883
13222,0.763636363636364,0.763636363636364,0.290369866174993,0.094949494949495,0.205003282067593,11.8836712137859,11.8836712137859
13223,0.772727272727273,0.772727272727273,0.224877035649196,0.0828282828282828,0.208627944982491,11.336775554967,11.336775554967
13224,0.727272727272727,0.727272727272727,0.0517300209102381,0.0838383838383838,0.202953802904066,11.8056764637256,11.8056764637256
13227,0.763636363636364,0.763636363636364,0.392398940296268,0.094949494949495,0.19315646989624,13.4174625303026,13.4174625303026
13228,0.736363636363636,0.736363636363636,0.0620554843433407,0.0919191919191919,0.201806665370597,8.34158804832356,8.34158804832356
13229,0.690909090909091,0.690909090909091,0.0568407776615831,0.0858585858585859,0.211216316969342,9.9213503426931,9.9213503426931
13234,0.718181818181818,0.718181818181818,0.0621938034041006,0.0797979797979798,0.196541043930632,11.0136979206906,11.0136979206906
13235,0.718181818181818,0.718181818181818,0.0728307273462418,0.0898989898989899,0.203371585292682,15.940746688394,15.940746688394
13238,0.7,0.7,0.0616585768705916,0.0909090909090909,0.205312356928577,7.5644746814502,7.5644746814502
13239,0.7,0.7,0.0744573910981793,0.0919191919191919,0.208619453628118,8.14898191654119,8.14898191654119
13242,0.672727272727273,0.672727272727273,0.145251500894593,0.0888888888888889,0.20845528489435,5.78077761653177,5.78077761653177
13243,0.736363636363636,0.736363636363636,0.201779040062118,0.0888888888888889,0.20351797429664,7.2280461210201,7.2280461210201
13246,0.772727272727273,0.772727272727273,0.42960552712164,0.0909090909090909,0.194124523794043,13.8892507408572,13.8892507408572
13248,0.736363636363636,0.736363636363636,0.478705106811865,0.097979797979798,0.188045077076741,13.8412171325001,13.8412171325001
13250,0.745454545454545,0.745454545454545,0.337951687303617,0.0838383838383838,0.20517196694416,12.9115367614413,12.9115367614413
13251,0.690909090909091,0.690909090909091,0.375772685419629,0.0898989898989899,0.211292346963429,12.9078379198337,12.9078379198337
13256,0.736363636363636,0.736363636363636,0.407486323978578,0.0898989898989899,0.198215185394048,12.5143533055926,12.5143533055926
13257,0.745454545454545,0.745454545454545,0.267274592486504,0.0777777777777778,0.204657063640556,12.6495714869247,12.6495714869247
13269,0.736363636363636,0.736363636363636,0.258852441413754,0.0828282828282828,0.201067595538715,13.0160799649919,13.0160799649919
13272,0.754545454545455,0.754545454545455,0.311463818671001,0.0686868686868687,0.204815992986616,7.70082051792496,7.70082051792496
13273,0.736363636363636,0.736363636363636,0.392909658532688,0.0676767676767677,0.19767505914922,10.1963735846826,10.1963735846826
13275,0.736363636363636,0.736363636363636,0.306822427536228,0.0777777777777778,0.191508360214019,8.09285902503867,8.09285902503867
13277,0.754545454545455,0.754545454545455,0.271382199563218,0.0808080808080808,0.199776230843258,7.0253994415469,7.0253994415469
13278,0.718181818181818,0.718181818181818,0.254311204792594,0.0747474747474747,0.20520386981811,6.71585719420224,6.71585719420224
13280,0.727272727272727,0.727272727272727,0.173013760198899,0.0797979797979798,0.205545930310498,4.80341947530999,4.80341947530999
13283,0.727272727272727,0.727272727272727,0.179705574662006,0.0747474747474747,0.203032934391834,5.04039823711688,5.04039823711688
13284,0.7,0.7,0.0636634996910604,0.0797979797979798,0.212628411004359,2.57901424821609,2.57901424821609
13285,0.7,0.7,0.0278376789578586,0.0676767676767677,0.231185483227497,2.17761183815476,2.17761183815476
13286,0.709090909090909,0.709090909090909,0.0268327335997815,0.0686868686868687,0.203257536483978,3.0384188449338,3.0384188449338
13287,0.718181818181818,0.718181818181818,0.0267672640690985,0.0858585858585859,0.212851153861723,2.43291760865129,2.43291760865129
13290,0.690909090909091,0.690909090909091,0.0268507937856736,0.0656565656565656,0.211414572288158,3.00264143367028,3.00264143367028
13291,0.663636363636364,0.663636363636364,0.0308693350493181,0.0797979797979798,0.217614757489987,2.84383434292709,2.84383434292709
13292,0.672727272727273,0.672727272727273,0.0453983390817398,0.0707070707070707,0.204266953233725,3.040330655635,3.040330655635
13294,0.645454545454546,0.645454545454546,0.0416972837982158,0.0727272727272727,0.201813866361542,2.45478114699022,2.45478114699023
13298,0.6,0.6,0.0402443384482661,0.0676767676767677,0.199239026110705,2.25178143618814,2.25178143618814
13299,0.554545454545455,0.554545454545455,0.0457867687736462,0.0757575757575758,0.207928586975017,2.18026716505242,2.18026716505242
13301,0.654545454545455,0.654545454545455,0.0520339146123041,0.0727272727272727,0.195745239650603,3.87228951589687,3.87228951589687
13303,0.636363636363636,0.636363636363636,0.0377612535494675,0.0858585858585859,0.199494600723439,2.85804204340989,2.85804204340989
13305,0.6,0.6,0.036987970860136,0.0898989898989899,0.193893609026274,3.08681343419771,3.08681343419771
13306,0.645454545454546,0.645454545454546,0.0549983646559032,0.0808080808080808,0.198942049774128,2.73866945043796,2.73866945043796
13309,0.654545454545455,0.654545454545455,0.00360241997652798,0.0808080808080808,0.196111324608496,3.31620729047127,3.31620729047127
13310,0.654545454545455,0.654545454545455,0.0532622646101856,0.0767676767676768,0.195585936328544,2.61852618007088,2.61852618007088
13311,0.645454545454545,0.645454545454545,0.00340740057251871,0.0848484848484848,0.197996426059348,3.23559593431574,3.23559593431574
13312,0.672727272727273,0.672727272727273,0.0395768150654774,0.0717171717171717,0.194202336175368,4.3457293947108,4.3457293947108
13313,0.681818181818182,0.681818181818182,0.0577521912474903,0.0898989898989899,0.194799425111744,3.34305871924529,3.34305871924529
13315,0.636363636363636,0.636363636363636,0.0488109755047796,0.0808080808080808,0.198311421305588,2.60046277745164,2.60046277745164
13318,0.6,0.6,0.0504882186881946,0.0828282828282828,0.184682791526338,2.54925242199016,2.54925242199016
13319,0.609090909090909,0.609090909090909,0.0527492575819427,0.0767676767676768,0.199116443588866,2.23196087067575,2.23196087067575
13320,0.609090909090909,0.609090909090909,0.0515981299034481,0.0777777777777778,0.19387721065602,2.26669027810073,2.26669027810073
13321,0.6,0.6,0.0511077894171717,0.0707070707070707,0.189763934501791,2.38343456881333,2.38343456881333
13322,0.627272727272727,0.627272727272727,0.0555731900759102,0.101010101010101,0.184060657355803,2.44705237748274,2.44705237748274
13325,0.636363636363636,0.636363636363636,0.0553902986090197,0.0888888888888889,0.18398946832477,2.72394507655011,2.72394507655011
13326,0.563636363636364,0.563636363636364,0.0623358201545822,0.109090909090909,0.182639137139549,2.36352900521727,2.36352900521727
13327,0.609090909090909,0.609090909090909,0.0668052202486113,0.101010101010101,0.189357465890276,3.35178810511017,3.35178810511017
13328,0.681818181818182,0.681818181818182,0.165743578442869,0.0810606060606061,0.18624490700622,10.6195413363132,10.6195413363132
13329,0.689393939393939,0.689393939393939,0.149947505658592,0.0787878787878788,0.202697483731945,9.54413225201341,9.54413225201341
13331,0.727272727272727,0.727272727272727,0.363070080467543,0.0712121212121212,0.193138462242673,10.5241032988614,10.5241032988614
13332,0.681818181818182,0.681818181818182,0.276464585578687,0.0893939393939394,0.19073826376662,9.98029856975445,9.98029856975445
13333,0.75,0.75,0.294776791265214,0.1,0.173556751102494,11.2652455443119,11.2652455443119
13335,0.712121212121212,0.712121212121212,0.274939225505825,0.0848484848484849,0.186392862638372,11.575708243081,11.575708243081
13336,0.696969696969697,0.696969696969697,0.10112190881278,0.109848484848485,0.18279172324402,9.32518848968825,9.32518848968825
13337,0.734848484848485,0.734848484848485,0.183270727289384,0.078030303030303,0.179809775250773,7.48701431726849,7.48701431726849
13340,0.704545454545455,0.704545454545455,0.0771349955249575,0.0848484848484849,0.176769566739637,6.94376350472263,6.94376350472263
13341,0.71969696969697,0.71969696969697,0.258931496898845,0.0962121212121212,0.188964057141687,10.3668313356414,10.3668313356414
13342,0.681818181818182,0.681818181818182,0.235372852033863,0.0909090909090909,0.17470618903864,10.508884436488,10.508884436488
13343,0.681818181818182,0.681818181818182,0.228043131918116,0.109848484848485,0.18063217818779,9.70137808645079,9.70137808645079
13346,0.681818181818182,0.681818181818182,0.224584213053034,0.110606060606061,0.188863360768409,9.58049212648572,9.58049212648572
13347,0.727272727272727,0.727272727272727,0.188986669310765,0.0954545454545455,0.181533143113861,7.58304338483794,7.58304338483794
13348,0.681818181818182,0.681818181818182,0.171758112293319,0.113636363636364,0.176191964906076,7.42434213037562,7.42434213037562
13349,0.712121212121212,0.712121212121212,0.192989819134599,0.0803030303030303,0.174887713519979,9.93646319148456,9.93646319148456
13350,0.734848484848485,0.734848484848485,0.196121144157052,0.096969696969697,0.177793711418128,10.1588809522818,10.1588809522818
13353,0.712121212121212,0.712121212121212,0.207904370729906,0.0984848484848485,0.185173861252852,9.84766765497771,9.84766765497772
13354,0.666666666666667,0.666666666666667,0.145440302113953,0.120454545454545,0.174473799373127,6.07942492555016,6.07942492555016
13355,0.689393939393939,0.689393939393939,0.204566302508303,0.114393939393939,0.175127819929913,10.0046558163513,10.0046558163513
13356,0.674242424242424,0.674242424242424,0.169979170521445,0.109848484848485,0.184349456294837,8.98925063003827,8.98925063003827
13357,0.659090909090909,0.659090909090909,0.175190143544372,0.110606060606061,0.177013667358764,8.49999810562314,8.49999810562315
13360,0.734848484848485,0.734848484848485,0.188984593695995,0.117424242424242,0.173409825415551,9.42624538157272,9.42624538157272
13362,0.727272727272727,0.727272727272727,0.204802174467458,0.122727272727273,0.179106665732023,9.82637929137947,9.82637929137947
13363,0.704545454545455,0.704545454545455,0.177355872252947,0.109090909090909,0.17337111762979,6.3759521538403,6.3759521538403
13365,0.681818181818182,0.681818181818182,0.157731948817935,0.118939393939394,0.183729779177313,6.00924945167848,6.00924945167848
13366,0.742424242424242,0.742424242424242,0.196438623407472,0.103030303030303,0.173666337699782,7.04584488016762,7.04584488016762
13368,0.666666666666667,0.666666666666667,0.236294661475622,0.10530303030303,0.179389147617575,8.12360041306643,8.12360041306643
13371,0.712121212121212,0.712121212121212,0.270404996715338,0.0992424242424242,0.198200415473021,11.0032844784018,11.0032844784018
13374,0.628787878787879,0.628787878787879,0.208713907750023,0.0939393939393939,0.202322344992376,5.81776476768469,5.81776476768469
13376,0.643939393939394,0.643939393939394,0.223981502088667,0.103030303030303,0.204738607571751,5.81573663814586,5.81573663814586
13377,0.696969696969697,0.696969696969697,0.181022447326165,0.103787878787879,0.214044554985416,5.12202156551377,5.12202156551377
13378,0.666666666666667,0.666666666666667,0.169800614352834,0.10530303030303,0.203146287412971,5.03752621023245,5.03752621023245
13381,0.696969696969697,0.696969696969697,0.169744121851006,0.102272727272727,0.205534092725049,5.15524833254888,5.15524833254888
13382,0.674242424242424,0.674242424242424,0.165761132823334,0.109090909090909,0.200334765331854,5.1391939187354,5.1391939187354
13383,0.696969696969697,0.696969696969697,0.175719683684241,0.103787878787879,0.195506397377177,6.01499823378594,6.01499823378594
13384,0.681818181818182,0.681818181818182,0.175286712870905,0.0977272727272727,0.186112031965446,5.70781379773496,5.70781379773496
13385,0.696969696969697,0.696969696969697,0.214588001495148,0.1,0.187933666708397,5.80527336709938,5.80527336709939
13388,0.734848484848485,0.734848484848485,0.202854607173402,0.0992424242424242,0.189844255651606,6.25846576421402,6.25846576421402
13389,0.742424242424242,0.742424242424242,0.213194285410013,0.103787878787879,0.195989442993215,5.94620450140741,5.94620450140741
13390,0.712121212121212,0.712121212121212,0.213963863320537,0.0984848484848485,0.184523411759415,6.86001007831264,6.86001007831264
13391,0.734848484848485,0.734848484848485,0.220621904286585,0.1,0.184653265087315,6.89356069500433,6.89356069500433
13392,0.689393939393939,0.689393939393939,0.181701917002312,0.0992424242424242,0.18472948076718,6.95553764894605,6.95553764894605
13393,0.757575757575758,0.757575757575758,0.290371261075461,0.0893939393939394,0.183744633543659,9.24849614470677,9.24849614470676
13394,0.787878787878788,0.787878787878788,0.287112776056004,0.0962121212121212,0.186780325915206,9.08558907467922,9.08558907467922
13396,0.742424242424242,0.742424242424242,0.17081931883892,0.096969696969697,0.18860613996199,8.74418006557654,8.74418006557654
13397,0.772727272727273,0.772727272727273,0.227568146817247,0.100757575757576,0.189263407088812,8.41600802949912,8.41600802949912
13399,0.75,0.75,0.199622657149047,0.0931818181818182,0.192483643074874,8.33847392143944,8.33847392143944
13401,0.71969696969697,0.71969696969697,0.205340317670476,0.106818181818182,0.194890947356145,8.25686285403025,8.25686285403025
13402,0.765151515151515,0.765151515151515,0.23798802070423,0.102272727272727,0.197681527836266,8.16995677656326,8.16995677656326
13404,0.742424242424242,0.742424242424242,0.16767200770404,0.102272727272727,0.188854410309517,8.34981183570007,8.34981183570007
13405,0.727272727272727,0.727272727272727,0.137996789412114,0.0916666666666667,0.216029735329246,6.61999137745733,6.61999137745733
13406,0.704545454545455,0.704545454545455,0.151397809057546,0.121969696969697,0.198859056364618,7.47742374741717,7.47742374741717
13420,0.651515151515151,0.651515151515151,0.186917754316161,0.0909090909090909,0.197009840713048,7.60121681683064,7.60121681683064
13422,0.696969696969697,0.696969696969697,0.195231366075374,0.096969696969697,0.191429276242231,7.67245124843614,7.67245124843614
13423,0.674242424242424,0.674242424242424,0.180745627456111,0.116666666666667,0.198931461083847,6.74498220795933,6.74498220795933
13424,0.666666666666667,0.666666666666667,0.178764238092904,0.0977272727272727,0.193442691168791,7.06345676561761,7.06345676561761
13425,0.712121212121212,0.712121212121212,0.177763019393281,0.112121212121212,0.195290802330471,6.97552832713943,6.97552832713943
13426,0.696969696969697,0.696969696969697,0.176322151693778,0.103030303030303,0.198562556679319,7.23416439058971,7.23416439058971
13428,0.734848484848485,0.734848484848485,0.180087983384772,0.0977272727272727,0.207517770852014,7.16095535385478,7.16095535385478
13429,0.712121212121212,0.712121212121212,0.161247577985615,0.0848484848484848,0.205586045326629,7.14581588006807,7.14581588006807
13431,0.734848484848485,0.734848484848485,0.171360064438191,0.0924242424242424,0.212985589002357,7.15043002099117,7.15043002099117
13432,0.727272727272727,0.727272727272727,0.214343379429959,0.0833333333333333,0.191395330097937,8.05017430772802,8.05017430772802
13434,0.71969696969697,0.71969696969697,0.27528837578462,0.0886363636363636,0.210634936753349,9.89205916799997,9.89205916799997
13437,0.71969696969697,0.71969696969697,0.268751388873655,0.0901515151515151,0.208415929153826,9.31245492047799,9.31245492047799
13438,0.75,0.75,0.279697278864613,0.100757575757576,0.213012360317005,9.89566385690207,9.89566385690207
13439,0.75,0.75,0.178379441401256,0.0856060606060606,0.255793224368142,6.85557283012837,6.85557283012837
13440,0.772727272727273,0.772727272727273,0.262265396713979,0.0689393939393939,0.183682455800146,11.245068190847,11.245068190847
13441,0.78030303030303,0.78030303030303,0.307461491148462,0.0696969696969697,0.178617883874613,11.5466770642548,11.5466770642548
13444,0.75,0.75,0.286637311168433,0.0871212121212121,0.186824247603355,10.5111224095635,10.5111224095635
13445,0.734848484848485,0.734848484848485,0.280591986402939,0.0772727272727273,0.182738579621326,10.6058193025851,10.6058193025851
13446,0.734848484848485,0.734848484848485,0.340276225221945,0.0795454545454545,0.196623892502949,10.7748602249666,10.7748602249666
13448,0.75,0.75,0.341006046876117,0.0787878787878788,0.197972703474564,11.4339805330396,11.4339805330396
13451,0.742424242424242,0.742424242424242,0.284057622917031,0.078030303030303,0.209907588942861,11.5568913985374,11.5568913985374
13452,0.704545454545455,0.704545454545455,0.267946242530085,0.0840909090909091,0.205822451885492,11.3054878619886,11.3054878619886
13453,0.734848484848485,0.734848484848485,0.265174487383412,0.075,0.202739803216414,11.3432793296933,11.3432793296933
13456,0.795454545454545,0.795454545454545,0.42277988884009,0.0787878787878788,0.187882352211414,17.5667494971941,17.5667494971941
13457,0.742424242424242,0.742424242424242,0.442440025584296,0.0681818181818182,0.187361017312607,18.303537519835,18.303537519835
13459,0.772727272727273,0.772727272727273,0.445679549387351,0.0659090909090909,0.186865675617562,18.3391945366347,18.3391945366347
13460,0.803030303030303,0.803030303030303,0.317161375758238,0.0681818181818182,0.197029191423533,12.6090527976738,12.6090527976738
13461,0.795454545454545,0.795454545454545,0.316593045823647,0.0659090909090909,0.20545764477632,12.7342048980803,12.7342048980803
13462,0.78030303030303,0.78030303030303,0.585028237988957,0.0742424242424242,0.214817547742848,14.1472040869212,14.1472040869212
13464,0.757575757575758,0.757575757575758,0.27203445795635,0.0757575757575758,0.195637373470045,13.5724052161902,13.5724052161902
13465,0.742424242424242,0.742424242424242,0.259068466638553,0.0583333333333333,0.199061776872689,14.2760537857917,14.2760537857917
13466,0.765151515151515,0.765151515151515,0.28001756259657,0.0742424242424242,0.211698263128169,13.8732882679511,13.8732882679511
13467,0.803030303030303,0.803030303030303,0.134716747589071,0.0643939393939394,0.187582663606598,15.5673926412858,15.5673926412858
13468,0.795454545454545,0.795454545454545,0.256602383557099,0.0651515151515152,0.188963042058148,15.4313961088269,15.4313961088269
13469,0.787878787878788,0.787878787878788,0.140735362871489,0.0795454545454545,0.207470077462789,17.1360125902699,17.1360125902699
13472,0.696969696969697,0.696969696969697,0.236271748523118,0.0712121212121212,0.201243018401755,15.66777824861,15.66777824861
13473,0.71969696969697,0.71969696969697,0.227426727279911,0.0878787878787879,0.197757456163498,14.7655537075137,14.7655537075137
13474,0.854545454545455,0.854545454545454,0.248181813388886,0.0737373737373737,0.190409828944198,19.3779220261279,19.3779220261279
13476,0.8,0.8,0.306135734366408,0.0707070707070707,0.194431319799264,20.6537751841899,20.6537751841899
13479,0.781818181818182,0.781818181818182,0.299628302756475,0.0646464646464646,0.207914047436252,17.0566812886698,17.0566812886698
13480,0.754545454545455,0.754545454545455,0.345331279390041,0.0707070707070707,0.210265019466713,16.9204207760146,16.9204207760146
13481,0.809090909090909,0.809090909090909,0.490775607240838,0.0646464646464646,0.1997966408716,20.5355292503981,20.5355292503981
13482,0.8,0.8,0.503900910722376,0.0686868686868687,0.201803191213655,19.6609071597995,19.6609071597995
13483,0.772727272727273,0.772727272727273,0.12469220449279,0.0616161616161616,0.201245864480607,23.0146557796614,23.0146557796614
13486,0.736363636363636,0.736363636363636,0.448252913062446,0.0707070707070707,0.20452852007808,19.2390655281227,19.2390655281227
13487,0.763636363636364,0.763636363636364,0.449067335345088,0.0696969696969697,0.207389540637693,19.0127633321634,19.0127633321634
13489,0.718181818181818,0.718181818181818,0.460245290064491,0.0757575757575758,0.226751444563849,13.355179074127,13.355179074127
13491,0.754545454545455,0.754545454545455,0.469323059998612,0.0808080808080808,0.223316372977481,13.2171770892552,13.2171770892552
13492,0.781818181818182,0.781818181818182,0.292330504767986,0.0737373737373737,0.203721332014621,21.048924284785,21.048924284785
13494,0.781818181818182,0.781818181818182,0.0950264985213701,0.0838383838383838,0.193659595220448,20.1597393627864,20.1597393627864
13495,0.8,0.8,0.355323636426877,0.0696969696969697,0.196898242756951,19.4926168643794,19.4926168643794
13496,0.781818181818182,0.781818181818182,0.373644895872205,0.0696969696969697,0.191712586623845,20.1199131878209,20.1199131878209
13497,0.736363636363636,0.736363636363636,0.409895534096439,0.0757575757575758,0.193938412206738,16.2883323654487,16.2883323654487
13500,0.772727272727273,0.772727272727273,0.454489144026397,0.0777777777777778,0.236847818969056,15.9972919574945,15.9972919574945
13501,0.727272727272727,0.727272727272727,0.437571313437881,0.0787878787878788,0.213639771822084,14.9082690313902,14.9082690313902
13515,0.818181818181818,0.818181818181818,0.452518623280869,0.0686868686868687,0.200532822811647,18.2033099727734,18.2033099727734
13516,0.8,0.8,0.323030372766789,0.0696969696969697,0.202651488203739,22.7080887913605,22.7080887913605
13519,0.8,0.8,0.350005243865007,0.0848484848484849,0.200640727953243,20.7772609352471,20.7772609352471
13521,0.854545454545455,0.854545454545454,0.413585187577164,0.0737373737373737,0.192531050249142,21.9693547843576,21.9693547843576
13523,0.8,0.8,0.427811730273074,0.0757575757575758,0.216621033735168,14.0544902175893,14.0544902175893
13529,0.8,0.8,0.529395202379988,0.0808080808080808,0.19425667436885,19.0072855732048,19.0072855732048
13530,0.827272727272727,0.827272727272727,0.32161035118837,0.0838383838383838,0.195248307647873,16.3466235911332,16.3466235911332
13531,0.790909090909091,0.790909090909091,0.3052438147049,0.096969696969697,0.194600437735107,13.3809114793318,13.3809114793318
13532,0.790909090909091,0.790909090909091,0.241718905654139,0.0848484848484849,0.19670503113358,13.1034643377017,13.1034643377017
13535,0.781818181818182,0.781818181818182,0.262717258291888,0.0939393939393939,0.187410228857055,13.5478509561448,13.5478509561448
13538,0.772727272727273,0.772727272727273,0.102483223687914,0.0919191919191919,0.190736067428268,14.5204978045441,14.5204978045441
13539,0.745454545454545,0.745454545454545,0.0976125256792202,0.101010101010101,0.190990392209775,14.3972501910979,14.3972501910979
13542,0.745454545454545,0.745454545454545,0.14577634865841,0.0838383838383838,0.191599083249894,13.7226211497178,13.7226211497178
13543,0.790909090909091,0.790909090909091,0.114004242915953,0.0737373737373737,0.189336826540385,14.7928639031444,14.7928639031444
13544,0.772727272727273,0.772727272727273,0.0937949811447451,0.0797979797979798,0.187357724216036,14.9960529502669,14.9960529502669
13546,0.809090909090909,0.809090909090909,0.127524924943508,0.0919191919191919,0.193820122477823,14.7601015576778,14.7601015576778
13547,0.8,0.8,0.127592340230697,0.0686868686868687,0.191821552128552,14.2505342086099,14.2505342086099
13548,0.772727272727273,0.772727272727273,0.190177107940198,0.094949494949495,0.196604782548619,13.0436610308731,13.0436610308731
13551,0.727272727272727,0.727272727272727,0.184947616681261,0.101010101010101,0.194907694175315,12.7566301551425,12.7566301551425
13552,0.709090909090909,0.709090909090909,0.182364262940815,0.101010101010101,0.196648965526661,13.2549825912349,13.2549825912349
13554,0.7,0.7,0.169756197510469,0.0939393939393939,0.228210533189659,10.9020571352303,10.9020571352303
13555,0.754545454545455,0.754545454545455,0.291140154698878,0.0888888888888889,0.211326691314737,10.7916879070484,10.7916879070484
13557,0.772727272727273,0.772727272727273,0.305440005517676,0.0868686868686869,0.204440624146246,10.9558390093853,10.9558390093853
13558,0.772727272727273,0.772727272727273,0.283073555092016,0.0808080808080808,0.209817552772739,10.6864714461136,10.6864714461136
13559,0.754545454545455,0.754545454545455,0.158530292372581,0.0828282828282828,0.194976739158411,8.49795675829986,8.49795675829986
13560,0.745454545454545,0.745454545454545,0.121697995227526,0.0848484848484849,0.201157781953574,6.29910874870222,6.29910874870222
13564,0.745454545454545,0.745454545454545,0.133254091443361,0.0838383838383838,0.191988091676453,6.49933127038775,6.49933127038775
13565,0.763636363636364,0.763636363636364,0.132378452179866,0.0868686868686869,0.200534413051053,5.87162055940287,5.87162055940287
13572,0.772727272727273,0.772727272727273,0.140501082810073,0.0909090909090909,0.178494545852053,7.27991948730746,7.27991948730746
13573,0.754545454545455,0.754545454545455,0.13067105347759,0.0707070707070707,0.187941160501101,6.67722916712005,6.67722916712005
13576,0.736363636363636,0.736363636363636,0.216561623642178,0.0888888888888889,0.1963593686116,7.60964210518899,7.60964210518899
13579,0.736363636363636,0.736363636363636,0.221639492625514,0.0909090909090909,0.199459342848788,7.37021784154554,7.37021784154554
13580,0.727272727272727,0.727272727272727,0.13325943993619,0.0777777777777778,0.214250932908061,5.99200933736378,5.99200933736378
13582,0.754545454545455,0.754545454545455,0.0763024596971761,0.0838383838383838,0.198926513662573,6.70524021415971,6.70524021415971
13584,0.754545454545455,0.754545454545455,0.109320013438834,0.0797979797979798,0.198951274571101,7.09791256293744,7.09791256293744
13585,0.781818181818182,0.781818181818182,0.0999599403074365,0.0808080808080808,0.190248884357833,7.28219986442714,7.28219986442714
13586,0.763636363636364,0.763636363636364,0.0797652272847911,0.0747474747474747,0.187879402074391,7.83511427003701,7.83511427003701
13587,0.718181818181818,0.718181818181818,0.0749887706134366,0.0909090909090909,0.195511756468077,5.665712324857,5.665712324857
13588,0.727272727272727,0.727272727272727,0.10569985875108,0.0898989898989899,0.193401832923271,6.54115810625602,6.54115810625602
13591,0.727272727272727,0.727272727272727,0.0761897307056746,0.095959595959596,0.19900864229296,6.29284890339993,6.29284890339993
13592,0.754545454545455,0.754545454545455,0.0907245934524393,0.0888888888888889,0.1935787984918,6.59842838401199,6.59842838401199
13593,0.654545454545455,0.654545454545455,0.0788247724461853,0.0767676767676768,0.190216891559836,5.91384497850365,5.91384497850365
13594,0.654545454545455,0.654545454545455,0.0035927079502792,0.0878787878787879,0.192011721362381,5.82419198371817,5.82419198371817
13595,0.663636363636364,0.663636363636364,0.00320696869928658,0.0707070707070707,0.188453116445824,6.06787897002062,6.06787897002062
13598,0.654545454545455,0.654545454545455,0.00313221450858232,0.0787878787878788,0.189169169129668,5.94072730355239,5.94072730355239
13599,0.672727272727273,0.672727272727273,0.0566061572847004,0.0626262626262626,0.189109875295401,5.95796400375041,5.95796400375041
13600,0.598484848484849,0.598484848484849,0.0579520250266124,0.0681818181818182,0.188754663305178,4.60783205571621,4.60783205571621
13601,0.560606060606061,0.560606060606061,0.0469644594702768,0.0613636363636364,0.1874040824332,4.55363477013108,4.55363477013108
13602,0.628787878787879,0.628787878787879,0.0487720956545854,0.0613636363636364,0.192250066879305,4.75091507868896,4.75091507868896
13604,0.643939393939394,0.643939393939394,0.049712462266439,0.0590909090909091,0.186099732233887,5.43323608950177,5.43323608950177
13607,0.621212121212121,0.621212121212121,0.0475517936164778,0.075,0.195512764582733,4.70450349603643,4.70450349603643
13608,0.621212121212121,0.621212121212121,0.0453337342826732,0.071969696969697,0.19179731820975,4.72958622308346,4.72958622308346
13609,0.598484848484849,0.598484848484849,0.0471980487291939,0.0712121212121212,0.189069478655703,4.66137879998178,4.66137879998178
13612,0.636363636363636,0.636363636363636,0.0465292630174937,0.0621212121212121,0.18326344848496,4.62859514780415,4.62859514780415
13613,0.666666666666667,0.666666666666667,0.0583857996645249,0.0856060606060606,0.183692432562078,9.30773027005122,9.30773027005122
13615,0.628787878787879,0.628787878787879,0.0486797010089699,0.0893939393939394,0.182372444396296,8.78843883255337,8.78843883255337
13616,0.643939393939394,0.643939393939394,0.0578469744893643,0.0734848484848485,0.184811018325686,8.83647258045944,8.83647258045944
13619,0.659090909090909,0.659090909090909,0.0641669245710308,0.0742424242424242,0.177714919675346,9.79577125291585,9.79577125291585
13620,0.598484848484849,0.598484848484849,0.115777762765746,0.0787878787878788,0.185891945295417,4.75196892442064,4.75196892442064
13627,0.621212121212121,0.621212121212121,0.0842248288352977,0.0757575757575758,0.189853498157183,4.21171067553888,4.21171067553888
13634,0.621212121212121,0.621212121212121,0.0816699603678813,0.0734848484848485,0.191026800377942,4.11710544064576,4.11710544064576
13635,0.696969696969697,0.696969696969697,0.0866428148240177,0.0810606060606061,0.189266615927115,4.41163277494397,4.41163277494398
13636,0.674242424242424,0.674242424242424,0.110377552794942,0.0818181818181818,0.191336966855024,4.96924908193271,4.96924908193271
13637,0.628787878787879,0.628787878787879,0.0950097860538891,0.0825757575757576,0.189123195863954,4.61212052853976,4.61212052853976
13639,0.613636363636364,0.613636363636364,0.0765266331101031,0.0893939393939394,0.190465675306098,4.08423197961718,4.08423197961718
13640,0.613636363636364,0.613636363636364,0.0686738394642282,0.0901515151515151,0.187957911439017,3.95885979235702,3.95885979235702
13642,0.636363636363636,0.636363636363636,0.0888405285121067,0.0757575757575758,0.182678493189961,4.94228654735218,4.94228654735218
13643,0.621212121212121,0.621212121212121,0.160978014418334,0.075,0.17872385601731,7.17739653649143,7.17739653649143
13644,0.674242424242424,0.674242424242424,0.156204999850025,0.0689393939393939,0.174934598147129,8.19115119156444,8.19115119156444
13645,0.674242424242424,0.674242424242424,0.196607973691418,0.0742424242424242,0.173025799089634,8.26096829340437,8.26096829340437
13647,0.727272727272727,0.727272727272727,0.250929541553207,0.078030303030303,0.175203966327716,9.89956158149405,9.89956158149405
13648,0.742424242424242,0.742424242424242,0.241996372282506,0.0803030303030303,0.17692218293269,9.41610887810677,9.41610887810677
13649,0.734848484848485,0.734848484848485,0.228814887163986,0.0727272727272727,0.180563830401817,8.24803998272153,8.24803998272153
13651,0.71969696969697,0.71969696969697,0.226857327586828,0.071969696969697,0.179891111898857,8.55862449667164,8.55862449667164
13654,0.712121212121212,0.712121212121212,0.176088999713854,0.0795454545454545,0.176805346742152,8.40334131425803,8.40334131425803
13655,0.704545454545455,0.704545454545455,0.244333185725662,0.0742424242424242,0.177813120666757,9.28875207868854,9.28875207868854
13656,0.659090909090909,0.659090909090909,0.230267119954726,0.0893939393939394,0.177690494675008,8.80201454864813,8.80201454864813
13657,0.674242424242424,0.674242424242424,0.164149787775007,0.0757575757575758,0.174599146824453,8.11130008443437,8.11130008443437
13658,0.666666666666667,0.666666666666667,0.167766490293979,0.0803030303030303,0.163195854561601,8.25618467364371,8.25618467364371
13662,0.659090909090909,0.659090909090909,0.178701634046951,0.0856060606060606,0.183754799002768,8.04908819080822,8.04908819080822
13663,0.681818181818182,0.681818181818182,0.1397900752048,0.0992424242424242,0.181937405290188,7.70567087688468,7.70567087688468
13664,0.681818181818182,0.681818181818182,0.238389475931808,0.0833333333333333,0.180817935436329,8.71254974342141,8.71254974342141
13666,0.681818181818182,0.681818181818182,0.107787859966452,0.078030303030303,0.188142117329698,6.88623007790073,6.88623007790073
13667,0.704545454545455,0.704545454545455,0.112401237420793,0.0795454545454545,0.179519767019367,7.88549136243115,7.88549136243115
13670,0.696969696969697,0.696969696969697,0.221317519139116,0.0689393939393939,0.181595508553819,9.23744043064561,9.23744043064561
13671,0.659090909090909,0.659090909090909,0.12480650841851,0.0803030303030303,0.173785354142961,8.00518760395392,8.00518760395392
13672,0.651515151515151,0.651515151515151,0.106103711383576,0.0931818181818182,0.173631331490381,7.51955729655823,7.51955729655823
13673,0.674242424242424,0.674242424242424,0.215191278151143,0.0734848484848485,0.192198931598176,8.46645206058315,8.46645206058315
13675,0.643939393939394,0.643939393939394,0.222697247296934,0.0818181818181818,0.206896156593159,8.61593334254187,8.61593334254187
13676,0.636363636363636,0.636363636363636,0.229485468287941,0.0727272727272727,0.195364455833821,9.32462359874393,9.32462359874393
13677,0.666666666666667,0.666666666666667,0.224623739919787,0.0878787878787879,0.195859268165225,8.37363252931448,8.37363252931448
13678,0.666666666666667,0.666666666666667,0.221468876847884,0.0787878787878788,0.192599558772625,8.27004376162707,8.27004376162707
13679,0.628787878787879,0.628787878787879,0.228580415172471,0.112878787878788,0.201514769116842,8.09560990086558,8.09560990086558
13682,0.674242424242424,0.674242424242424,0.214008309609053,0.121212121212121,0.182478762469239,8.44047075552851,8.44047075552851
13683,0.651515151515151,0.651515151515151,0.258175087333613,0.0704545454545455,0.190459210844439,8.74431877161563,8.74431877161563
13684,0.643939393939394,0.643939393939394,0.258949338234157,0.0742424242424242,0.190693397171912,8.75379276245407,8.75379276245407
13685,0.643939393939394,0.643939393939394,0.116410419789042,0.0810606060606061,0.190642155477278,7.41662097078988,7.41662097078988
13686,0.659090909090909,0.659090909090909,0.105635369270936,0.078030303030303,0.190976291537769,7.37968403007324,7.37968403007324
13689,0.674242424242424,0.674242424242424,0.157265140244247,0.0810606060606061,0.189879689056681,7.0074457579811,7.0074457579811
13690,0.696969696969697,0.696969696969697,0.168188505363599,0.071969696969697,0.182375921674848,7.64083921479279,7.64083921479279
13691,0.704545454545455,0.704545454545455,0.210647586682144,0.0871212121212121,0.184187859202445,7.50362300404501,7.50362300404501
13692,0.681818181818182,0.681818181818182,0.211573098942923,0.0840909090909091,0.209314169585496,7.10426247877453,7.10426247877453
13693,0.666666666666667,0.666666666666667,0.22520205847062,0.0818181818181818,0.196236056439192,7.75866564823817,7.75866564823817
13696,0.696969696969697,0.696969696969697,0.179111915792119,0.096969696969697,0.209340176400961,6.74400401380366,6.74400401380366
13697,0.696969696969697,0.696969696969697,0.188139660702238,0.0962121212121212,0.204576211699634,6.8745438904138,6.8745438904138
13699,0.651515151515151,0.651515151515151,0.212365679757508,0.0893939393939394,0.22726035748997,6.99377736028496,6.99377736028496
13702,0.674242424242424,0.674242424242424,0.199555954498161,0.0871212121212121,0.216123830315949,6.82420464901538,6.82420464901539
13703,0.674242424242424,0.674242424242424,0.215295787428983,0.0863636363636364,0.211692428094485,8.27215217910359,8.27215217910359
13705,0.681818181818182,0.681818181818182,0.201935684568156,0.0840909090909091,0.188075457107891,7.77149300500172,7.77149300500172
13706,0.674242424242424,0.674242424242424,0.230477825775611,0.0992424242424242,0.203224836278412,8.77211026993357,8.77211026993357
13707,0.71969696969697,0.71969696969697,0.24288584451368,0.0984848484848485,0.203490695641911,8.88254082718082,8.88254082718082
13710,0.696969696969697,0.696969696969697,0.233031167924513,0.0909090909090909,0.20061309857669,10.256517242206,10.256517242206
13711,0.704545454545455,0.704545454545455,0.225810912076757,0.10530303030303,0.203432039964508,10.1551012287751,10.1551012287751
13712,0.636363636363636,0.636363636363636,0.267328689038433,0.0840909090909091,0.197613419471717,7.9927320016831,7.9927320016831
13713,0.659090909090909,0.659090909090909,0.26549222638811,0.0916666666666667,0.181640315022137,9.55827043797822,9.55827043797822
13714,0.659090909090909,0.659090909090909,0.256486065931955,0.0848484848484849,0.231442112042967,7.90671493893342,7.90671493893342
13717,0.651515151515151,0.651515151515151,0.283812718704251,0.0765151515151515,0.210818871961624,8.10638041264217,8.10638041264217
13718,0.712121212121212,0.712121212121212,0.191873501495973,0.071969696969697,0.213206976502044,5.99179782414394,5.99179782414394
13719,0.674242424242424,0.674242424242424,0.159297376998054,0.0848484848484848,0.227034867317715,4.54446942131328,4.54446942131328
13720,0.651515151515151,0.651515151515151,0.171777155671204,0.075,0.195824071608997,5.08049744187137,5.08049744187137
13721,0.666666666666667,0.666666666666667,0.131278193542207,0.0810606060606061,0.20822350489164,4.45693332193395,4.45693332193395
13724,0.590909090909091,0.590909090909091,0.0893934762410918,0.0772727272727273,0.187979521052944,3.68953530789364,3.68953530789364
13725,0.621212121212121,0.621212121212121,0.10873186555467,0.0772727272727273,0.201592476298076,4.19464464601969,4.19464464601969
13726,0.636363636363636,0.636363636363636,0.165524157586673,0.0939393939393939,0.205336922838474,5.49141062358025,5.49141062358025
13727,0.689393939393939,0.689393939393939,0.164105816697391,0.0901515151515151,0.187433152651745,5.26945538439098,5.26945538439098
13728,0.651515151515151,0.651515151515151,0.148087927966856,0.0795454545454545,0.208181694914244,3.64419924137878,3.64419924137878
13730,0.681818181818182,0.681818181818182,0.180410397386745,0.0818181818181818,0.201304662395703,5.9021859693613,5.9021859693613
13731,0.643939393939394,0.643939393939394,0.161672063268449,0.071969696969697,0.209929078011128,5.14237177825977,5.14237177825977
13733,0.659090909090909,0.659090909090909,0.174100173639567,0.104545454545455,0.230689539294074,4.877108769902,4.877108769902
13735,0.681818181818182,0.681818181818182,0.160370807181409,0.0833333333333333,0.203929757392382,5.56757572551239,5.56757572551239
13738,0.689393939393939,0.689393939393939,0.155919339693478,0.0818181818181818,0.207407038172324,5.24627638786327,5.24627638786327
13739,0.696969696969697,0.696969696969697,0.126102927781616,0.0886363636363636,0.188455109146752,4.37005536270814,4.37005536270814
13741,0.712121212121212,0.712121212121212,0.148400289787016,0.0946969696969697,0.194280069005591,3.72930309187252,3.72930309187252
13742,0.621212121212121,0.621212121212121,0.116466178463506,0.0901515151515151,0.20866091422798,2.58774674859682,2.58774674859682
13745,0.598484848484849,0.598484848484849,0.00419634705378244,0.0878787878787879,0.19462140581638,2.84286560136259,2.84286560136259
13746,0.643939393939394,0.643939393939394,0.105610309240226,0.0568181818181818,0.184704830483544,3.04888085127033,3.04888085127033
13747,0.674242424242424,0.674242424242424,0.102376466119362,0.0598484848484848,0.19206586074652,3.39019371855056,3.39019371855056
13748,0.659090909090909,0.659090909090909,0.0563006781127087,0.0598484848484849,0.174922433058866,4.66846033574036,4.66846033574036
13749,0.651515151515151,0.651515151515151,0.0529145532918748,0.0696969696969697,0.185623304900675,3.0032799347423,3.0032799347423
13752,0.674242424242424,0.674242424242424,0.051693182754495,0.0636363636363636,0.183543609873999,3.05533005593387,3.05533005593387
13753,0.621212121212121,0.621212121212121,0.0564592599900351,0.0681818181818182,0.185335162000858,3.20648862682846,3.20648862682846
13754,0.636363636363636,0.636363636363636,0.0527213883452372,0.0651515151515152,0.180514778034946,4.00133752025308,4.00133752025308
13755,0.651515151515151,0.651515151515151,0.053434272578957,0.0568181818181818,0.173020046031688,5.55735080898251,5.55735080898251
13756,0.674242424242424,0.674242424242424,0.106675063379182,0.0613636363636364,0.175834309209544,5.43617170814377,5.43617170814377
13757,0.628787878787879,0.628787878787879,0.0467301437487709,0.0598484848484848,0.178590179800848,3.98702788299705,3.98702788299705
13758,0.643939393939394,0.643939393939394,0.048217919815032,0.0606060606060606,0.182332787085836,4.06951555148233,4.06951555148233
13759,0.606060606060606,0.606060606060606,0.0456432399407981,0.0545454545454545,0.178725593229999,3.96965561284493,3.96965561284493
13761,0.598484848484849,0.598484848484849,0.0494030320737709,0.053030303030303,0.178841529072691,3.96895985064376,3.96895985064376
13763,0.576923076923077,0.576923076923077,0.0514581076404477,0.0617715617715618,0.170762469892745,6.3865609024832,6.3865609024832
13764,0.608974358974359,0.608974358974359,0.0476319992361001,0.0652680652680653,0.169156336307171,5.87467976727257,5.87467976727257
13766,0.583333333333333,0.583333333333333,0.0647574123821949,0.0571095571095571,0.164639521047759,4.68727962283552,4.68727962283552
13769,0.551282051282051,0.551282051282051,0.0640689943848127,0.0518648018648019,0.170990348383269,3.12045742001336,3.12045742001336
13770,0.564102564102564,0.564102564102564,0.0696762507043311,0.0559440559440559,0.165274386817501,3.86838112439011,3.86838112439011
13773,0.551282051282051,0.551282051282051,0.0774985477499666,0.0547785547785548,0.177826217130869,3.70694045359423,3.70694045359423
13774,0.525641025641026,0.525641025641026,0.0773841156242246,0.053030303030303,0.170296429646105,3.66344059865474,3.66344059865474
13775,0.544871794871795,0.544871794871795,0.0814868527691144,0.0571095571095571,0.188602306675641,3.23418036193238,3.23418036193238
13776,0.519230769230769,0.519230769230769,0.0906896772117702,0.0582750582750583,0.183504965412928,3.72613258125052,3.72613258125052
13777,0.506410256410256,0.506410256410256,0.0866993290023743,0.0571095571095571,0.195500894927065,2.99734897422891,2.99734897422891
13780,0.512820512820513,0.512820512820513,0.0787581966069289,0.0547785547785548,0.186568621093094,2.9613113228012,2.9613113228012
13781,0.519230769230769,0.519230769230769,0.0813276770584428,0.0576923076923077,0.177876553457051,3.70105636314311,3.70105636314311
13782,0.544871794871795,0.544871794871795,0.0631322881366164,0.0547785547785548,0.17780357917076,3.65586714021529,3.65586714021529
13783,0.519230769230769,0.519230769230769,0.0696995346863513,0.0437062937062937,0.176880655027256,3.6895510440167,3.6895510440167
13784,0.525641025641026,0.525641025641026,0.004241200169157,0.0594405594405594,0.173822418786366,3.62576239119117,3.62576239119117
13787,0.538461538461538,0.538461538461538,0.110738219362093,0.0541958041958042,0.178196429229835,3.82462617832983,3.82462617832983
13790,0.551282051282051,0.551282051282051,0.112521717367723,0.053030303030303,0.179698331223555,4.02377142138599,4.02377142138599
13791,0.576923076923077,0.576923076923077,0.0902332529538873,0.0699300699300699,0.188566462571065,6.93831905407452,6.93831905407452
13793,0.544871794871795,0.544871794871795,0.0790054398995648,0.0734265734265734,0.183286379509773,4.11724096924421,4.11724096924421
13794,0.564102564102564,0.564102564102564,0.0863856650946894,0.0722610722610723,0.18059906538999,4.21618607947912,4.21618607947912
13795,0.538461538461538,0.538461538461538,0.07248736420663,0.0932400932400932,0.184108447764253,5.76110650839702,5.76110650839702
13796,0.538461538461538,0.538461538461538,0.0811002851746652,0.0909090909090909,0.179764254195193,5.11069481721972,5.11069481721972
13798,0.512820512820513,0.512820512820513,0.0715756604790062,0.0821678321678322,0.182742434860871,4.06097382874744,4.06097382874744
13804,0.532051282051282,0.532051282051282,0.0803921079633896,0.0891608391608392,0.190127193336481,4.24834216315999,4.24834216315999
13805,0.538461538461538,0.538461538461538,0.0826303079333818,0.0909090909090909,0.178559125067425,4.90246258487443,4.90246258487443
13808,0.532051282051282,0.532051282051282,0.085552824442211,0.0903263403263403,0.182072034304823,4.93263427124014,4.93263427124014
13809,0.544871794871795,0.544871794871795,0.0771572719842925,0.0745920745920746,0.176522671931196,4.35046550674792,4.35046550674792
13810,0.538461538461538,0.538461538461538,0.070688442350315,0.0641025641025641,0.175995084728658,3.63448838175059,3.63448838175059
13811,0.557692307692308,0.557692307692308,0.0811167797586248,0.0646853146853147,0.178224265472646,3.76315721073786,3.76315721073786
13815,0.5,0.5,0.0717218648663818,0.0839160839160839,0.17501363981293,2.87560934213835,2.87560934213835
13816,0.5,0.5,0.0772109282825195,0.0804195804195804,0.182123095244595,4.41620732369473,4.41620732369473
13817,0.519230769230769,0.519230769230769,0.102777622297481,0.0763403263403263,0.177005031173559,3.56723077676103,3.56723077676103
13818,0.519230769230769,0.519230769230769,0.0972178086630088,0.0792540792540793,0.177107973860479,3.62422324580008,3.62422324580008
13821,0.551282051282051,0.551282051282051,0.062692282111365,0.0990675990675991,0.169355570243578,4.04302618802958,4.04302618802958
13822,0.564102564102564,0.564102564102564,0.0547092002590434,0.0839160839160839,0.174613408152942,4.17231961670741,4.17231961670741
13823,0.538461538461538,0.538461538461538,0.00119430512496401,0.0798368298368298,0.175134474761043,3.75729687871768,3.75729687871768
13824,0.544871794871795,0.544871794871795,0.0992318290284642,0.0681818181818182,0.174901508676954,3.67773746573303,3.67773746573303
13826,0.551282051282051,0.551282051282051,0.00682379093419212,0.0699300699300699,0.169369254711999,4.26112006854203,4.26112006854203
13827,0.538461538461538,0.538461538461538,0.0890634216457781,0.0844988344988345,0.172116228192093,3.74572495948177,3.74572495948177
13829,0.564102564102564,0.564102564102564,0.0722948634809707,0.0745920745920746,0.172908327603444,3.59427327564774,3.59427327564774
13830,0.512820512820513,0.512820512820513,0.0998629017929453,0.0734265734265734,0.197944009328246,2.717470484713,2.717470484713
13831,0.532051282051282,0.532051282051282,0.0436497439541419,0.0775058275058275,0.188925882246031,3.02445057403039,3.02445057403039
13832,0.583333333333333,0.583333333333333,0.0520894237170648,0.123543123543124,0.191591934493293,3.02402957767924,3.02402957767924
13833,0.525641025641026,0.525641025641026,0.0612988937118626,0.103146853146853,0.187321203234589,2.59860414101204,2.59860414101204
13836,0.557692307692308,0.557692307692308,0.0708613227522198,0.0885780885780886,0.180608219357847,2.76773416064166,2.76773416064166
13837,0.519230769230769,0.519230769230769,0.0739223030893474,0.0944055944055944,0.185724463628838,2.54697046147864,2.54697046147864
13838,0.58974358974359,0.58974358974359,0.0688478441274353,0.100815850815851,0.173626095655965,3.46318685964598,3.46318685964598
13840,0.519230769230769,0.519230769230769,0.00556194473649726,0.0885780885780886,0.174774065326808,2.72896576073578,2.72896576073578
13843,0.538461538461538,0.538461538461538,0.00543926235344506,0.0903263403263403,0.176280102630908,2.57107787390365,2.57107787390365
13844,0.564102564102564,0.564102564102564,0.049609976102203,0.0944055944055944,0.17252798179318,2.78730929682845,2.78730929682845
13845,0.512820512820513,0.512820512820513,0.0726819159295633,0.0874125874125874,0.17688213239372,2.49167475399215,2.49167475399215
13846,0.57051282051282,0.57051282051282,0.0813268703514178,0.103729603729604,0.203272637275964,2.52367934030105,2.52367934030105
13847,0.596153846153846,0.596153846153846,0.0799531373979776,0.113636363636364,0.203576797091026,2.65248727190955,2.65248727190955
13848,0.583333333333333,0.583333333333333,0.0816381766907223,0.104312354312354,0.183599516064723,3.33987924556419,3.33987924556419
13849,0.583333333333333,0.583333333333333,0.0879889522755148,0.110722610722611,0.185615122838409,3.2607702508545,3.2607702508545
13850,0.544871794871795,0.544871794871795,0.077334535749212,0.111305361305361,0.20300367031985,2.60151995418141,2.60151995418141
13851,0.596153846153846,0.596153846153846,0.0817924492944951,0.121212121212121,0.20418765897108,2.63492556603138,2.63492556603138
13853,0.608974358974359,0.608974358974359,0.089116339778101,0.108391608391608,0.182263073700605,3.28608643708657,3.28608643708657
13854,0.653846153846154,0.653846153846154,0.0927533453410195,0.0979020979020979,0.189831127712917,3.36929051330951,3.36929051330951
13856,0.564102564102564,0.564102564102564,0.092209017448672,0.0996503496503496,0.218818968011564,2.3744587156455,2.3744587156455
13857,0.57051282051282,0.57051282051282,0.0979320307618817,0.0944055944055944,0.188734845024779,3.18472102824131,3.18472102824131
13858,0.525641025641026,0.525641025641026,0.0873844013888754,0.0868298368298368,0.180054847426783,2.42829616988234,2.42829616988234
13859,0.621794871794872,0.621794871794872,0.0909775417959479,0.121212121212121,0.175168538804183,4.30730617056631,4.30730617056631
13860,0.608974358974359,0.608974358974359,0.0789282305689063,0.0996503496503496,0.169444950089468,5.01047903120572,5.01047903120572
13861,0.628205128205128,0.628205128205128,0.0935217658027115,0.100815850815851,0.194151723689127,3.34839445931059,3.34839445931059
13864,0.621794871794872,0.621794871794872,0.0873873150821745,0.101981351981352,0.194610989931145,3.40007705824676,3.40007705824676
13865,0.596153846153846,0.596153846153846,0.0817735040119784,0.107808857808858,0.195079493617964,3.26953243860294,3.26953243860294
13866,0.621794871794872,0.621794871794872,0.0875354526490707,0.108391608391608,0.183283501367205,3.36303146780964,3.36303146780964
13867,0.634615384615385,0.634615384615385,0.099302590746278,0.0903263403263403,0.17564143196378,4.00871419254433,4.00871419254433
13868,0.57051282051282,0.57051282051282,0.0721209015387988,0.0955710955710956,0.184378704397704,3.74172469361688,3.74172469361688
13880,0.583333333333333,0.583333333333333,0.0805186429780692,0.0839160839160839,0.194795762432432,3.31667203110967,3.31667203110967
13882,0.596153846153846,0.596153846153846,0.0544376751356622,0.0780885780885781,0.181198061273464,2.78275974497085,2.78275974497085
13885,0.615384615384615,0.615384615384615,0.0821464930458242,0.0979020979020979,0.180939488974369,3.04980511041811,3.04980511041811
13886,0.557692307692308,0.557692307692308,0.00488702075553826,0.0967365967365967,0.181256661431037,2.42519223893877,2.42519223893877
13892,0.628205128205128,0.628205128205128,0.0909957173528666,0.0909090909090909,0.17121067102709,3.66521233787193,3.66521233787193
13893,0.608974358974359,0.608974358974359,0.082580618660001,0.0885780885780886,0.172982987160326,3.33777220238124,3.33777220238124
13894,0.602564102564103,0.602564102564103,0.0765369685383235,0.0862470862470863,0.177992958588643,2.68081359968517,2.68081359968517
13895,0.58974358974359,0.58974358974359,0.0875756827503119,0.0868298368298368,0.184642227642315,2.71215251475929,2.71215251475929
13896,0.602564102564103,0.602564102564103,0.0910246742077122,0.0903263403263403,0.194887315558187,2.10028373686451,2.10028373686451
13900,0.57051282051282,0.57051282051282,0.0891721813390077,0.0920745920745921,0.218780757307892,2.17261315995969,2.17261315995969
13901,0.58974358974359,0.58974358974359,0.0068296697608968,0.0763403263403263,0.177851926599115,3.50685817226321,3.50685817226321
13902,0.628205128205128,0.628205128205128,0.0919845295420956,0.0757575757575758,0.18221684335619,3.20381896824918,3.20381896824918
13903,0.621794871794872,0.621794871794872,0.0732876788611631,0.0996503496503496,0.187455954269841,3.42855058162139,3.42855058162139
13906,0.58974358974359,0.58974358974359,4.89866968732939e-06,0.0699300699300699,0.168501204632011,3.72156089818622,3.72156089818622
13907,0.608974358974359,0.608974358974359,0.0931160418177069,0.087995337995338,0.19607172588498,1.73481217764647,1.73481217764647
13908,0.583333333333333,0.583333333333333,0.131529106106661,0.0862470862470863,0.205167087592957,3.9226271109894,3.9226271109894
13909,0.608974358974359,0.608974358974359,0.0812250519888417,0.0984848484848485,0.183602848521131,1.80361289974455,1.80361289974455
13913,0.596153846153846,0.596153846153846,0.0792869802871605,0.0967365967365967,0.196168940285429,1.87421550286075,1.87421550286075
13915,0.628205128205128,0.628205128205128,0.0575047772243257,0.0763403263403263,0.1691436206159,2.70925854681376,2.70925854681376
13916,0.583333333333333,0.583333333333333,0.0603946720827303,0.0874125874125874,0.188491785883916,2.50265227251318,2.50265227251318
13922,0.58974358974359,0.58974358974359,0.0825825608244865,0.0967365967365967,0.178875794557036,2.74938674141549,2.74938674141549
13923,0.58974358974359,0.58974358974359,0.0060209063611426,0.0798368298368298,0.17543138051141,2.69659885776667,2.69659885776667
13924,0.57051282051282,0.57051282051282,0.00627190166856415,0.0862470862470862,0.161165454796061,2.60780750885463,2.60780750885463
13928,0.506410256410256,0.506410256410256,0.00637237281667116,0.0681818181818182,0.174450877330679,2.57891265084991,2.57891265084991
13929,0.544871794871795,0.544871794871795,0.00609242809092897,0.0827505827505828,0.166971126174218,2.6244158849215,2.6244158849215
13930,0.583333333333333,0.583333333333333,0.0984607873408988,0.0681818181818182,0.172979975948894,2.68702094323905,2.68702094323905
13931,0.608974358974359,0.608974358974359,0.0708677900578957,0.0979020979020979,0.174051654693571,1.69746049960194,1.69746049960194
13934,0.58974358974359,0.58974358974359,0.056052630118253,0.0804195804195804,0.176309947103198,1.98919420860639,1.98919420860639
13935,0.647435897435897,0.647435897435897,0.137343035769526,0.0705128205128205,0.175647092449308,5.26954873292015,5.26954873292015
13936,0.628205128205128,0.628205128205128,0.133761703451058,0.0885780885780886,0.175274170043279,5.94101831611486,5.94101831611486
13937,0.641025641025641,0.641025641025641,0.13015882628524,0.0874125874125874,0.166627538040111,6.16170525252623,6.16170525252623
13938,0.634615384615385,0.634615384615385,0.152645821995143,0.0775058275058275,0.161396193411461,5.97124957840053,5.97124957840053
13939,0.596153846153846,0.596153846153846,0.128602837440213,0.0973193473193473,0.164977560166554,5.80219946906071,5.80219946906071
13941,0.634615384615385,0.634615384615385,0.114429277571449,0.0944055944055944,0.162866022742159,6.07723857329971,6.07723857329971
13942,0.602564102564103,0.602564102564103,0.106910810969053,0.106643356643357,0.164023547764384,5.65349425628836,5.65349425628836
13944,0.608974358974359,0.608974358974359,0.118784507532245,0.0722610722610723,0.174008778932705,6.2914790899743,6.2914790899743
13945,0.628205128205128,0.628205128205128,0.128847736294259,0.0920745920745921,0.168529671389012,7.20073666697113,7.20073666697113
13947,0.647435897435897,0.647435897435897,0.125989556935526,0.0944055944055944,0.180517555015062,5.98389982788001,5.98389982788001
13955,0.608974358974359,0.608974358974359,0.137734010743377,0.0763403263403263,0.18149197944598,5.59161326939626,5.59161326939626
13956,0.602564102564103,0.602564102564103,0.0989893467287026,0.0938228438228438,0.177363628461089,5.61994526678849,5.61994526678849
13957,0.583333333333333,0.583333333333333,0.0664643477421119,0.0856643356643357,0.201071892176011,3.38890687498687,3.38890687498687
13958,0.58974358974359,0.58974358974359,0.0511129230893246,0.0839160839160839,0.182082583225266,3.29387204478037,3.29387204478037
13964,0.583333333333333,0.583333333333333,0.0498027613429274,0.0926573426573427,0.182363889609623,2.4898193685907,2.4898193685907
13965,0.576923076923077,0.576923076923077,0.0532488368357958,0.0897435897435897,0.175768610200713,3.15638554267511,3.15638554267511
13966,0.583333333333333,0.583333333333333,0.048687676050857,0.0903263403263403,0.164663365138062,2.91362324439715,2.91362324439715
13969,0.58974358974359,0.58974358974359,2.44231428378068e-06,0.0885780885780886,0.195862460507324,3.29269037599113,3.29269037599113
13970,0.557692307692308,0.557692307692308,0.0522152453762943,0.0839160839160839,0.229654608896177,2.81510001822224,2.81510001822224
13971,0.551282051282051,0.551282051282051,0.0497156507264237,0.0763403263403263,0.23580540562219,2.83462736355743,2.83462736355743
13973,0.57051282051282,0.57051282051282,0.0587408991768205,0.074009324009324,0.220545022950741,2.9409002232319,2.9409002232319
13975,0.57051282051282,0.57051282051282,0.0575071521930662,0.0716783216783217,0.180908095910126,3.15734232628723,3.15734232628723
13977,0.544871794871795,0.544871794871795,0.069713592094267,0.0769230769230769,0.19570111824884,2.6640276549908,2.6640276549908
13978,0.551282051282051,0.551282051282051,0.0640541803285563,0.0897435897435897,0.241913991460558,2.47205734141535,2.47205734141535
13983,0.608974358974359,0.608974358974359,0.0546955568239281,0.0646853146853147,0.172979349012657,3.22465448976327,3.22465448976327
13984,0.583333333333333,0.583333333333333,0.0653426951305706,0.0792540792540792,0.178779166595811,3.1120322964657,3.1120322964657
13985,0.583333333333333,0.583333333333333,0.0635846454910527,0.0751748251748252,0.183214293205548,3.17060897835589,3.17060897835589
13986,0.58974358974359,0.58974358974359,0.0562247575220362,0.0955710955710956,0.184782339952555,3.10874205945245,3.10874205945245
13987,0.602564102564103,0.602564102564103,0.00327160680486892,0.0815850815850816,0.161795209696491,4.73286101664062,4.73286101664062
13990,0.628205128205128,0.628205128205128,0.0590436773237143,0.0856643356643357,0.167890535761377,3.6619760867558,3.6619760867558
13998,0.66025641025641,0.66025641025641,0.116432557865584,0.0769230769230769,0.166765689354694,9.50758476513888,9.50758476513888
13999,0.653846153846154,0.653846153846154,0.0333028525295503,0.06002331002331,0.170047370966579,6.08456368266908,6.08456368266908
14001,0.602564102564103,0.602564102564103,0.0874419452168112,0.0641025641025641,0.171613051835404,5.85893966842688,5.85893966842688
14004,0.666666666666667,0.666666666666667,0.0741469623726245,0.101981351981352,0.183138957743213,6.28125417206742,6.28125417206742
14005,0.615384615384615,0.615384615384615,0.13972540170366,0.0693473193473193,0.182111959818001,7.62668989619963,7.62668989619963
14007,0.705128205128205,0.705128205128205,0.0823817289722831,0.0885780885780886,0.180011447418268,6.54961751294955,6.54961751294955
14008,0.602564102564103,0.602564102564103,0.0543204081797471,0.0909090909090909,0.190688044701209,5.94878985449167,5.94878985449167
14012,0.621794871794872,0.621794871794872,0.0631461876866652,0.0891608391608392,0.17030069530936,5.87796692064909,5.87796692064909
14013,0.628205128205128,0.628205128205128,0.0631508236040483,0.0903263403263403,0.1754834414532,6.11417500560909,6.11417500560909
14014,0.583333333333333,0.583333333333333,0.0582057738629972,0.0833333333333333,0.193291540368352,5.58935960820006,5.58935960820006
14015,0.628205128205128,0.628205128205128,0.0786377174669452,0.0909090909090909,0.200657038301056,7.10521126826228,7.10521126826228
14018,0.583333333333333,0.583333333333333,0.0768158283134977,0.0961538461538461,0.236305941481358,6.33162150714185,6.33162150714185
14019,0.641025641025641,0.641025641025641,0.0725750696554719,0.0839160839160839,0.200458703050524,7.16152483947008,7.16152483947008
14020,0.628205128205128,0.628205128205128,0.0640983061051737,0.0804195804195804,0.229312041098439,5.35769314207779,5.35769314207779
14022,0.634615384615385,0.634615384615385,0.0915533692215201,0.0693473193473193,0.220976176997599,9.64466260799774,9.64466260799774
14026,0.634615384615385,0.634615384615385,0.104473350950969,0.0920745920745921,0.233087725469089,9.57529284811512,9.57529284811512
14027,0.628205128205128,0.628205128205128,0.135525809180682,0.0710955710955711,0.22504538269995,9.18203333142529,9.18203333142529
14028,0.653846153846154,0.653846153846154,0.18663976578713,0.0955710955710956,0.24135310030344,11.4547522596332,11.4547522596332
14029,0.653846153846154,0.653846153846154,0.216254166757577,0.0745920745920746,0.220107101889919,10.4899815532444,10.4899815532444
14032,0.666666666666667,0.666666666666667,0.190405812750446,0.0885780885780886,0.228444166874226,11.4929539009357,11.4929539009357
14033,0.685897435897436,0.685897435897436,0.191921456623268,0.0804195804195804,0.248957983045569,11.0433385830458,11.0433385830458
14035,0.602564102564103,0.602564102564103,0.0500118786980394,0.0903263403263403,0.177745773615818,2.67973995871012,2.67973995871012
14036,0.583333333333333,0.583333333333333,0.041132315808749,0.0780885780885781,0.194438711216797,1.78724328182756,1.78724328182756
14038,0.564102564102564,0.564102564102564,0.0324027170476933,0.0885780885780886,0.202608874554878,1.75143590471654,1.75143590471654
14043,0.532051282051282,0.532051282051282,0.233612846723527,0.0839160839160839,0.206376043962585,1.48781200808833,1.48781200808833
14047,0.557692307692308,0.557692307692308,0.233776951577758,0.0798368298368298,0.201614973323521,1.5205740059404,1.5205740059404
14048,0.544871794871795,0.544871794871795,0.233482901076855,0.0763403263403263,0.200570370526769,1.75728600153256,1.75728600153256
14049,0.57051282051282,0.57051282051282,0.0436808557793607,0.0844988344988345,0.204470276736739,1.89388456400462,1.89388456400462
14050,0.615384615384615,0.615384615384615,0.0478129927760507,0.0961538461538461,0.201430719242527,2.04288954274707,2.04288954274707
14053,0.602564102564103,0.602564102564103,0.0590601608394035,0.094988344988345,0.229566410884676,3.14726725964363,3.14726725964363
14054,0.615384615384615,0.615384615384615,0.0553890584546909,0.0938228438228438,0.21861755526266,5.38931106378956,5.38931106378956
14055,0.621794871794872,0.621794871794872,0.0464171454102607,0.0850815850815851,0.189567033939311,4.29459418841985,4.29459418841985
14056,0.628205128205128,0.628205128205128,0.0696375370463505,0.0914918414918415,0.213138144734168,5.19956917324787,5.19956917324787
14057,0.673076923076923,0.673076923076923,0.212838949347982,0.0868298368298368,0.215446645019878,12.9489032945056,12.9489032945056
14060,0.634615384615385,0.634615384615385,0.105711120483546,0.0827505827505828,0.199417198055849,6.08146373750827,6.08146373750827
14061,0.641025641025641,0.641025641025641,0.355886216642452,0.0728438228438228,0.18241164600886,16.7496397715388,16.7496397715388
14062,0.67948717948718,0.67948717948718,0.0959494095809089,0.0932400932400932,0.179916968016275,6.73071590707024,6.73071590707023
14063,0.647435897435897,0.647435897435897,0.101735657917706,0.0990675990675991,0.176267852814832,6.81864836954054,6.81864836954054
14064,0.66025641025641,0.66025641025641,0.232113910042108,0.0885780885780886,0.166155718980641,8.31986880979809,8.31986880979809
14065,0.596153846153846,0.596153846153846,0.274129864304729,0.0909090909090909,0.203927005661892,7.91901222517008,7.91901222517008
14067,0.602564102564103,0.602564102564103,0.162786490624314,0.0798368298368298,0.21085577899989,8.14246528992045,8.14246528992045
14068,0.634615384615385,0.634615384615385,0.0897021222209365,0.0716783216783217,0.192111217220703,7.55907793586481,7.55907793586481
14074,0.653846153846154,0.653846153846154,0.0873162570905706,0.074009324009324,0.209970956390527,7.35403843011891,7.35403843011891
14075,0.67948717948718,0.67948717948718,0.196360469972765,0.0903263403263403,0.17503490969445,8.1013949281755,8.1013949281755
14076,0.653846153846154,0.653846153846154,0.15750158707431,0.0990675990675991,0.164144591362451,7.31844451951473,7.31844451951473
14081,0.641025641025641,0.641025641025641,0.172414646991402,0.104895104895105,0.168283568335569,7.81373624897056,7.81373624897056
14082,0.634615384615385,0.634615384615385,0.183544271321578,0.081002331002331,0.184741923594237,7.50381979482897,7.50381979482897
14083,0.647435897435897,0.647435897435897,0.173908745285316,0.0891608391608392,0.17866713515487,7.35872229588264,7.35872229588264
14084,0.673076923076923,0.673076923076923,0.179716927151141,0.0751748251748252,0.179451428699339,8.60084574583777,8.60084574583778
14085,0.692307692307692,0.692307692307692,0.382364642458468,0.0944055944055944,0.175518527372156,13.2070439099386,13.2070439099386
14088,0.730769230769231,0.730769230769231,0.267272115531796,0.0844988344988345,0.167858121738814,12.0537209914276,12.0537209914276
14089,0.711538461538462,0.711538461538462,0.252304115510984,0.0874125874125874,0.168676474239123,11.9438750328266,11.9438750328266
14090,0.685897435897436,0.685897435897436,0.23800396672964,0.0862470862470863,0.172101097527816,11.3722579593209,11.3722579593209
14091,0.66025641025641,0.66025641025641,0.18298875148327,0.0990675990675991,0.179038241584744,11.1982539141257,11.1982539141257
14092,0.685897435897436,0.685897435897436,0.202229315282783,0.108974358974359,0.186154814123832,11.2235184876488,11.2235184876488
14093,0.705128205128205,0.705128205128205,0.296611528864477,0.0734265734265734,0.204017161559552,12.5881624567085,12.5881624567085
14095,0.692307692307692,0.692307692307692,0.2959908515428,0.0938228438228438,0.176699944030636,13.3043471802272,13.3043471802272
14096,0.666666666666667,0.666666666666667,0.216263109717317,0.0804195804195804,0.203718406527518,12.6126963191233,12.6126963191233
14098,0.602564102564103,0.602564102564103,0.176392224068983,0.0868298368298368,0.219331046478249,12.4437424463827,12.4437424463827
14099,0.628205128205128,0.628205128205128,0.286501814511855,0.0745920745920746,0.233464472545974,13.1007216389142,13.1007216389142
14100,0.67948717948718,0.67948717948718,0.287342339386366,0.0938228438228438,0.200752269650841,13.7262568547943,13.7262568547943
14104,0.66025641025641,0.66025641025641,0.249561996716511,0.0990675990675991,0.204942564523261,13.3029685608899,13.3029685608899
14105,0.647435897435897,0.647435897435897,0.18554734984042,0.0775058275058275,0.197748133589821,13.2906071704818,13.2906071704818
14109,0.621794871794872,0.621794871794872,0.329767794044236,0.0792540792540792,0.204309058835207,14.5971410106439,14.5971410106439
14110,0.602564102564103,0.602564102564103,0.12996518217064,0.0909090909090909,0.202774445768322,13.2276944674092,13.2276944674092
14111,0.576923076923077,0.576923076923077,0.181009208202903,0.0769230769230769,0.184297570831829,13.1482800133232,13.1482800133232
14112,0.628205128205128,0.628205128205128,0.181797135158367,0.0903263403263403,0.183152468273392,13.1603859006009,13.1603859006009
14113,0.641025641025641,0.641025641025641,0.176617778553542,0.0792540792540792,0.184570831562513,13.1581481331535,13.1581481331535
14116,0.596153846153846,0.596153846153846,0.139865594278155,0.0903263403263403,0.195983916520671,12.5388499232603,12.5388499232603
14117,0.647435897435897,0.647435897435897,0.191224764609107,0.0769230769230769,0.173203292351175,13.3925851484711,13.3925851484711
14118,0.634615384615385,0.634615384615385,0.105162840042346,0.0839160839160839,0.171075899591507,10.5137736710791,10.5137736710791
14119,0.615384615384615,0.615384615384615,0.107495653341585,0.0763403263403263,0.182230720306273,10.2601915323993,10.2601915323993
14120,0.673076923076923,0.673076923076923,0.180349223379176,0.0856643356643357,0.170845197396261,12.6378071699488,12.6378071699488
14123,0.67948717948718,0.67948717948718,0.165884107260707,0.10955710955711,0.164212814005272,12.8315357311585,12.8315357311585
14126,0.66025641025641,0.66025641025641,0.179917536446986,0.0693473193473193,0.171501127202972,10.8943997625172,10.8943997625172
14127,0.692307692307692,0.692307692307692,0.188250839520716,0.0839160839160839,0.165923871480349,11.6907252577457,11.6907252577457
14128,0.634615384615385,0.634615384615385,0.117742776332203,0.0757575757575758,0.180539705738579,11.9728910761106,11.9728910761106
14129,0.666666666666667,0.666666666666667,0.127558171793884,0.0850815850815851,0.18180029106694,14.1154110949351,14.1154110949351
14131,0.698717948717949,0.698717948717949,0.11995587522375,0.0751748251748252,0.181761032943189,12.0514034124367,12.0514034124367
14153,0.698717948717949,0.698717948717949,0.129177303139154,0.0874125874125874,0.175565091376314,9.33274663103255,9.33274663103255
14156,0.647435897435897,0.647435897435897,0.0853540362243894,0.067016317016317,0.178964901859156,7.82188899464906,7.82188899464906
14158,0.67948717948718,0.67948717948718,0.151778667213212,0.0681818181818182,0.182100890348918,8.64318336533484,8.64318336533484
14159,0.711538461538462,0.711538461538462,0.0925854592869443,0.0903263403263403,0.19006342804955,7.67173200968205,7.67173200968205
14161,0.653846153846154,0.653846153846154,0.0847331471043569,0.0967365967365967,0.175588432024282,7.57643637485537,7.57643637485537
14184,0.666666666666667,0.666666666666667,0.150830126543196,0.0868298368298368,0.185150642476211,8.8019657286516,8.8019657286516
14185,0.685897435897436,0.685897435897436,0.138654266014122,0.0868298368298368,0.180530414053597,8.12400159365966,8.12400159365966
14186,0.602564102564103,0.602564102564103,0.071485430725841,0.0710955710955711,0.187616403048686,5.09926023583612,5.09926023583612
14187,0.615384615384615,0.615384615384615,0.0750798005343002,0.0815850815850816,0.191314015782722,5.49907540878596,5.49907540878596
14189,0.621794871794872,0.621794871794872,0.0704241441445008,0.0891608391608392,0.192034084038027,5.06772411699098,5.06772411699098
14190,0.641025641025641,0.641025641025641,0.110929816922041,0.0815850815850816,0.187108980547273,6.24526786938812,6.24526786938812
14191,0.685897435897436,0.685897435897436,0.175708949094622,0.0804195804195804,0.193091344461308,11.827299322638,11.827299322638
14192,0.634615384615385,0.634615384615385,0.199619322547163,0.074009324009324,0.18638211245759,12.0233777494268,12.0233777494268
14215,0.717948717948718,0.717948717948718,0.122316832996135,0.0792540792540792,0.16394592607677,6.80542774005554,6.80542774005554
14216,0.647435897435897,0.647435897435897,0.0842451964852216,0.0728438228438228,0.171665006354442,8.5900604025492,8.5900604025492
14219,0.698717948717949,0.698717948717949,0.25648697565528,0.0757575757575758,0.171819527749643,11.9342160887129,11.9342160887129
14221,0.685897435897436,0.685897435897436,0.255052975623819,0.074009324009324,0.19813436140833,11.3012867821578,11.3012867821578
14222,0.698717948717949,0.698717948717949,0.241589464862666,0.0745920745920746,0.183247802733058,11.2437954016549,11.2437954016549
14248,0.66025641025641,0.66025641025641,0.168173462170017,0.0641025641025641,0.209921558940333,9.50280072456827,9.50280072456827
14251,0.67948717948718,0.67948717948718,0.205647665603727,0.0786713286713287,0.180672291930762,10.0758958722504,10.0758958722504
14253,0.711538461538462,0.711538461538462,0.185760712777565,0.0856643356643357,0.18109920151465,11.1569266289187,11.1569266289187
14254,0.692307692307692,0.692307692307692,0.170670552059862,0.0693473193473193,0.212631795923378,10.3561406942513,10.3561406942513
14257,0.634615384615385,0.634615384615385,0.0881042960217923,0.067016317016317,0.180832504113289,7.48307011616006,7.48307011616006
14258,0.634615384615385,0.634615384615385,0.0933824444556017,0.0652680652680653,0.180476869298179,7.57505245078395,7.57505245078395
14259,0.628205128205128,0.628205128205128,0.176542251722569,0.0687645687645688,0.179395002748381,10.1410351980146,10.1410351980146
14260,0.666666666666667,0.666666666666667,0.0875448634714536,0.0710955710955711,0.19461170352429,7.90930865592947,7.90930865592947
14264,0.666666666666667,0.666666666666667,0.131726817085213,0.0792540792540793,0.178596106664978,10.1330853909402,10.1330853909402
14265,0.634615384615385,0.634615384615385,0.20271295978265,0.0763403263403263,0.169778401728135,11.6850522634216,11.6850522634216
14266,0.641025641025641,0.641025641025641,0.221135736265151,0.0775058275058275,0.187148589286641,10.2308101320777,10.2308101320777
14267,0.653846153846154,0.653846153846154,0.219000979806344,0.081002331002331,0.183074038420265,10.5827879698274,10.5827879698274
14270,0.608974358974359,0.608974358974359,0.214160640177478,0.0716783216783217,0.183155749188057,10.745199562449,10.745199562449
14271,0.602564102564103,0.602564102564103,0.0842440647356541,0.0664335664335664,0.186176848678037,8.51645579395655,8.51645579395655
14272,0.564102564102564,0.564102564102564,0.0730198914509305,0.0675990675990676,0.191102192342865,8.89834802347247,8.89834802347247
14273,0.576923076923077,0.576923076923077,0.0782148888687483,0.0728438228438228,0.199737731633805,9.43368563371541,9.43368563371541
14274,0.621794871794872,0.621794871794872,0.0914489534298639,0.094988344988345,0.188827355790463,9.20394054211058,9.20394054211058
14277,0.634615384615385,0.634615384615385,0.0764221532085775,0.0780885780885781,0.203873679089262,8.95530555449011,8.95530555449011
14279,0.608974358974359,0.608974358974359,0.0781428691191877,0.0775058275058275,0.180967817991384,9.50420205230264,9.50420205230264
14281,0.647435897435897,0.647435897435897,0.0759205360407791,0.0769230769230769,0.187230551483827,9.47579685608995,9.47579685608995
14282,0.596153846153846,0.596153846153846,0.125657861835884,0.0757575757575758,0.194379373142748,6.62958065942909,6.62958065942909
14284,0.628205128205128,0.628205128205128,0.140660647932869,0.067016317016317,0.200587764126751,6.12374547332691,6.12374547332691
14285,0.692307692307692,0.692307692307692,0.133835057323948,0.0792540792540793,0.1909995004722,8.6257606296009,8.6257606296009
14286,0.666666666666667,0.666666666666667,0.0976652730997259,0.0821678321678322,0.19930555827737,12.8825016919693,12.8825016919693
14287,0.647435897435897,0.647435897435897,0.13556117070835,0.0716783216783217,0.185203860968679,8.78920554930438,8.78920554930437
14288,0.653846153846154,0.653846153846154,0.0973531354444483,0.087995337995338,0.193174422213437,12.9421183105099,12.9421183105099
14292,0.608974358974359,0.608974358974359,0.0772736097988175,0.0763403263403263,0.215308259085902,9.95608437636988,9.95608437636988
14293,0.641025641025641,0.641025641025641,0.186462238068664,0.0844988344988345,0.198516468016246,7.87546753948679,7.87546753948679
14294,0.596153846153846,0.596153846153846,0.0709887207100728,0.0885780885780886,0.199656742083502,10.5012670652129,10.5012670652129
14295,0.557692307692308,0.557692307692308,0.278462122495443,0.0932400932400932,0.225645085522762,16.4623590113904,16.4623590113904
14298,0.596153846153846,0.596153846153846,0.30158232546565,0.094988344988345,0.231761130014464,19.0633127824897,19.0633127824897
14299,0.583333333333333,0.583333333333333,0.310847839729194,0.094988344988345,0.228302899420554,21.495141190929,21.495141190929
14300,0.564102564102564,0.564102564102564,0.448576074707814,0.0751748251748252,0.230327494791224,17.4966285484001,17.4966285484001
14301,0.621794871794872,0.621794871794872,0.412770939615132,0.0780885780885781,0.246693198252074,20.3364446088489,20.3364446088489
14302,0.608974358974359,0.608974358974359,0.553256249341129,0.0780885780885781,0.233639963583987,21.2680478145454,21.2680478145454
14305,0.641025641025641,0.641025641025641,0.119762029136737,0.0862470862470862,0.215887196641272,21.9807948301793,21.9807948301793
14306,0.615384615384615,0.615384615384615,0.432800943264361,0.0722610722610723,0.215578916544671,20.5290724902671,20.5290724902671
14307,0.628205128205128,0.628205128205128,0.702222001289301,0.0775058275058275,0.264403578528664,28.0701720095222,28.0701720095222
14309,0.628205128205128,0.628205128205128,0.696070665639859,0.0792540792540793,0.238238217789844,27.2020311904495,27.2020311904495
14311,0.621794871794872,0.621794871794872,0.721371753304533,0.0745920745920746,0.254029987835116,26.3331555874219,26.3331555874219
14312,0.615384615384615,0.615384615384615,0.169947542716465,0.0821678321678322,0.220920810681916,15.8239794945882,15.8239794945882
14314,0.647435897435897,0.647435897435897,0.463481874828376,0.0839160839160839,0.234984702858424,15.7284884625222,15.7284884625222
14315,0.608974358974359,0.608974358974359,0.464093016271699,0.0909090909090909,0.240043209802728,15.6546963545662,15.6546963545662
14316,0.576923076923077,0.576923076923077,0.450009852945876,0.0815850815850816,0.229646857164625,15.712660149126,15.712660149126
14319,0.557692307692308,0.557692307692308,0.0993644257818126,0.106643356643357,0.218535513090855,11.6416699272631,11.6416699272631
14320,0.621794871794872,0.621794871794872,0.157247006390784,0.0944055944055944,0.202399518413322,17.4900805272226,17.4900805272226
14321,0.576923076923077,0.576923076923077,0.151689237757977,0.087995337995338,0.214825421760877,15.4872879072794,15.4872879072794
14322,0.602564102564103,0.602564102564103,0.104653205244966,0.0856643356643357,0.191790721220007,9.92194531609801,9.92194531609801
14323,0.636363636363636,0.636363636363636,0.121675531903052,0.0901515151515151,0.212133981945834,12.5448266808164,12.5448266808164
14326,0.659090909090909,0.659090909090909,0.680571464440889,0.0916666666666667,0.243710174683586,23.409409559186,23.409409559186
14327,0.643939393939394,0.643939393939394,0.0861815873995959,0.0840909090909091,0.203233517027712,10.3797267254772,10.3797267254772
14329,0.689393939393939,0.689393939393939,0.334689668777655,0.071969696969697,0.212712145035247,21.8913304414637,21.8913304414637
14330,0.704545454545455,0.704545454545455,0.388514001729828,0.0696969696969697,0.209236094455665,20.2138886731211,20.2138886731211
14333,0.674242424242424,0.674242424242424,0.191116960090074,0.0696969696969697,0.237570044466524,22.7385680244672,22.7385680244672
14334,0.681818181818182,0.681818181818182,0.206813387745387,0.0757575757575758,0.25305837592296,15.8697367465903,15.8697367465903
14336,0.636363636363636,0.636363636363636,0.226313929733189,0.0833333333333333,0.26544488027861,15.7950524546949,15.7950524546949
14337,0.681818181818182,0.681818181818182,0.617572601180691,0.071969696969697,0.252512497170204,18.5961390311164,18.5961390311164
14339,0.704545454545455,0.704545454545455,0.475494771006421,0.0696969696969697,0.293228822378377,19.4793577900889,19.4793577900889
14340,0.689393939393939,0.689393939393939,0.516545550722147,0.0863636363636364,0.272377865245723,19.5041756787246,19.5041756787246
14342,0.704545454545455,0.704545454545455,0.516509502875189,0.071969696969697,0.273517507863569,19.6347156971641,19.6347156971641
14343,0.636363636363636,0.636363636363636,0.516898783895086,0.0878787878787879,0.28714964949058,18.1778173462858,18.1778173462858
14345,0.666666666666667,0.666666666666667,0.145721401378118,0.0878787878787879,0.251459434409196,14.9545204362573,14.9545204362573
14346,0.689393939393939,0.689393939393939,0.149076642414056,0.0810606060606061,0.264782876741603,14.9608112553454,14.9608112553454
14348,0.681818181818182,0.681818181818182,0.154094955204381,0.0833333333333333,0.24882378119908,15.0247275905609,15.0247275905609
14349,0.666666666666667,0.666666666666667,0.203177777965762,0.0840909090909091,0.25962120991191,18.6294699958247,18.6294699958247
14350,0.666666666666667,0.666666666666667,0.209295594655303,0.0863636363636364,0.252729287133326,14.203438907712,14.203438907712
14355,0.651515151515151,0.651515151515151,0.209675239236264,0.0795454545454545,0.259212779893991,14.1788164872591,14.1788164872591
14356,0.659090909090909,0.659090909090909,0.356023594302121,0.0795454545454545,0.274104835450518,17.0050977910228,17.0050977910228
14357,0.674242424242424,0.674242424242424,0.305680237307574,0.0787878787878788,0.219034234371864,14.1443609525651,14.1443609525651
14358,0.651515151515151,0.651515151515151,0.316906624731731,0.0863636363636364,0.250187577304594,13.9425902504393,13.9425902504393
14361,0.674242424242424,0.674242424242424,0.310413084427716,0.0803030303030303,0.251660052118663,13.9541143716061,13.9541143716061
14362,0.674242424242424,0.674242424242424,0.30950872561961,0.0856060606060606,0.257586523057967,13.9093328009442,13.9093328009442
14366,0.674242424242424,0.674242424242424,0.324466425595974,0.0833333333333333,0.226720447524384,14.2246024911391,14.2246024911391
14367,0.696969696969697,0.696969696969697,0.242552035862808,0.0833333333333333,0.248242761374289,21.0077555028723,21.0077555028723
14369,0.696969696969697,0.696969696969697,0.209070570690706,0.0840909090909091,0.253695344789233,18.2734383317169,18.2734383317169
14370,0.681818181818182,0.681818181818182,0.169872557505998,0.0871212121212121,0.254829851463999,11.5393277418852,11.5393277418852
14372,0.636363636363636,0.636363636363636,0.168249750897669,0.0878787878787879,0.271223120112172,11.6080640957784,11.6080640957784
14374,0.643939393939394,0.643939393939394,0.170504355417986,0.0848484848484848,0.263359827790296,11.5893750263964,11.5893750263964
14375,0.643939393939394,0.643939393939394,0.157561489715455,0.0886363636363636,0.311788889739971,10.4985883333334,10.4985883333334
14377,0.643939393939394,0.643939393939394,0.561628500699199,0.0901515151515151,0.313763987770797,20.1918811988537,20.1918811988537
14378,0.712121212121212,0.712121212121212,0.67434776271852,0.0803030303030303,0.264180467327719,21.3999716221452,21.3999716221452
14379,0.666666666666667,0.666666666666667,0.211528833131679,0.0613636363636364,0.209125873332554,9.0476119054988,9.0476119054988
14382,0.651515151515151,0.651515151515151,0.221752002928324,0.0674242424242424,0.211577554284478,9.01651936647268,9.01651936647268
14383,0.621212121212121,0.621212121212121,0.138473290489695,0.0674242424242424,0.229318135374984,8.75957831196484,8.75957831196484
14384,0.636363636363636,0.636363636363636,0.142854162315748,0.071969696969697,0.220873160419071,7.63524984991952,7.63524984991952
14386,0.613636363636364,0.613636363636364,0.0733241332341195,0.0704545454545455,0.185947569392059,2.37186875476789,2.37186875476789
14390,0.628787878787879,0.628787878787879,0.0770015517063475,0.0727272727272727,0.185629702515157,2.57455292299565,2.57455292299565
14391,0.606060606060606,0.606060606060606,0.0759837617963952,0.0704545454545455,0.193015553923087,2.52120454365818,2.52120454365818
14392,0.613636363636364,0.613636363636364,0.0727703461581217,0.0727272727272727,0.192835065556545,2.34031429361945,2.34031429361945
14393,0.553030303030303,0.553030303030303,0.0743622463362457,0.0848484848484849,0.181550697728043,2.48633141244259,2.48633141244259
14397,0.666666666666667,0.666666666666667,0.0899421511724129,0.0833333333333333,0.172524698811178,3.29793535558903,3.29793535558903
14398,0.621212121212121,0.621212121212121,0.0925616283766223,0.0734848484848485,0.179500246442099,2.86733655911669,2.86733655911669
14399,0.636363636363636,0.636363636363636,0.139363211971177,0.0833333333333333,0.176184804542015,3.80527588862278,3.80527588862278
14400,0.659090909090909,0.659090909090909,0.114416601099749,0.0734848484848485,0.198917158164048,7.00270159678406,7.00270159678406
14402,0.651515151515151,0.651515151515151,0.0981123017445102,0.0734848484848485,0.209470841999242,7.63622097543392,7.63622097543391
14403,0.666666666666667,0.666666666666667,0.0917490972206197,0.0651515151515152,0.187742899337055,5.83435329801877,5.83435329801877
14405,0.621212121212121,0.621212121212121,0.0563246236669993,0.075,0.201927127950682,1.88285975157549,1.88285975157549
14406,0.606060606060606,0.606060606060606,0.0595320954682699,0.0651515151515152,0.190314635124845,2.03891070955715,2.03891070955715
14410,0.621212121212121,0.621212121212121,0.0616708052262842,0.0659090909090909,0.207935470393721,1.96790494220351,1.96790494220351
14411,0.659090909090909,0.659090909090909,0.11354201187568,0.0757575757575758,0.197014007414705,7.31053988344211,7.31053988344211
14412,0.606060606060606,0.606060606060606,0.0694145910889137,0.071969696969697,0.17919835265257,3.54608122004066,3.54608122004066
14413,0.666666666666667,0.666666666666667,0.092554238596086,0.0643939393939394,0.184862953721048,4.07000403134734,4.07000403134734
14414,0.651515151515151,0.651515151515151,0.0925652352412793,0.0643939393939394,0.201787538531047,3.16937752261616,3.16937752261616
14417,0.651515151515151,0.651515151515151,0.0894509615065019,0.0659090909090909,0.188799956601008,3.41980490999069,3.41980490999069
14418,0.575757575757576,0.575757575757576,0.0591136677050889,0.0856060606060606,0.184526113835623,1.96171616236265,1.96171616236265
14419,0.613636363636364,0.613636363636364,0.0865875799173413,0.0757575757575758,0.185981630560491,3.17308428662279,3.17308428662279
14420,0.590909090909091,0.590909090909091,0.0873159293522698,0.0840909090909091,0.190867150664356,3.03730483810675,3.03730483810675
14421,0.643939393939394,0.643939393939394,0.0869448564085741,0.0916666666666667,0.194785383504323,3.71978012668665,3.71978012668665
14424,0.651515151515151,0.651515151515151,0.0786982989927678,0.101515151515152,0.190804075047786,3.56541129934774,3.56541129934774
14425,0.666666666666667,0.666666666666667,0.0807859517358814,0.0734848484848485,0.204445742967959,8.758588578937,8.758588578937
14426,0.666666666666667,0.666666666666667,0.0699358968060179,0.0765151515151515,0.202439112066981,3.67562336373468,3.67562336373468
14429,0.602564102564103,0.602564102564103,0.0774020047598907,0.0745920745920746,0.211716757065411,3.68493913526472,3.68493913526472
14430,0.615384615384615,0.615384615384615,0.206339773447415,0.0710955710955711,0.21660235907426,6.77621774240564,6.77621774240564
14432,0.58974358974359,0.58974358974359,0.163699124368718,0.0728438228438228,0.266860873923017,6.97133768992949,6.97133768992949
14433,0.621794871794872,0.621794871794872,0.154591281703638,0.0798368298368298,0.275375940197766,7.67168809821414,7.67168809821414
14435,0.621794871794872,0.621794871794872,0.0984675698384212,0.0780885780885781,0.241092854861304,4.8259084369977,4.8259084369977
14437,0.634615384615385,0.634615384615385,0.0964694067868125,0.0757575757575758,0.238584102532523,4.75889282429487,4.75889282429487
14438,0.647435897435897,0.647435897435897,0.135568769800908,0.0693473193473193,0.189922961672284,6.11464641024012,6.11464641024012
14439,0.66025641025641,0.66025641025641,0.180679811268806,0.0844988344988345,0.231390926922372,11.4393934460215,11.4393934460215
14440,0.596153846153846,0.596153846153846,0.0935550839166615,0.0646853146853147,0.211927170551624,4.57838621976725,4.57838621976725
14441,0.615384615384615,0.615384615384615,0.11568475379571,0.0722610722610723,0.22795366442605,5.3104591097646,5.3104591097646
14442,0.66025641025641,0.66025641025641,0.207444528197048,0.0786713286713287,0.347176599973052,12.247320787361,12.247320787361
14445,0.653846153846154,0.653846153846154,0.0823706831785892,0.0769230769230769,0.224588120985542,2.45398999241748,2.45398999241748
14446,0.615384615384615,0.615384615384615,0.0741787566191961,0.0868298368298368,0.214867679457336,2.3084738596827,2.3084738596827
14447,0.583333333333333,0.583333333333333,0.0793448511859026,0.0821678321678322,0.203940768029578,2.15838944166644,2.15838944166644
14448,0.583333333333333,0.583333333333333,0.0843846460172299,0.101398601398601,0.298492893717324,2.28714291115173,2.28714291115173
14449,0.58974358974359,0.58974358974359,0.0866780123689801,0.0932400932400932,0.34513343451267,2.15419344656588,2.15419344656588
14452,0.628205128205128,0.628205128205128,0.072045380053118,0.0856643356643357,0.329363454270056,2.00520324359417,2.00520324359417
14453,0.596153846153846,0.596153846153846,0.0849326124324559,0.0920745920745921,0.317473789247855,2.04331869160518,2.04331869160518
14454,0.628205128205128,0.628205128205128,0.0795216366862323,0.0914918414918415,0.296642147015568,2.55805474549888,2.55805474549888
14455,0.615384615384615,0.615384615384615,0.0954524927433965,0.0804195804195804,0.270895244736471,2.32242454061179,2.32242454061179
14456,0.608974358974359,0.608974358974359,0.082693104461387,0.087995337995338,0.256538609539139,2.52065499767229,2.52065499767229
14457,0.608974358974359,0.608974358974359,0.0825242910920411,0.0821678321678322,0.298489239211666,2.50781725706273,2.50781725706273
14460,0.583333333333333,0.583333333333333,0.0785478737477928,0.0792540792540792,0.250933733645707,2.24022303846458,2.24022303846458
14461,0.576923076923077,0.576923076923077,0.0813282146048526,0.0821678321678322,0.236657893417793,2.27065255044141,2.27065255044141
14463,0.551282051282051,0.551282051282051,0.0803675325338523,0.0979020979020979,0.228205101717239,2.07092084428688,2.07092084428688
14465,0.519230769230769,0.519230769230769,0.073278511106761,0.0909090909090909,0.233250144868009,1.88651531381912,1.88651531381912
14466,0.57051282051282,0.57051282051282,0.0874593177577433,0.0944055944055944,0.214172534341555,2.90445527844298,2.90445527844298
14469,0.532051282051282,0.532051282051282,0.0762358712934641,0.0716783216783217,0.203015362154387,2.87194886685873,2.87194886685873
14470,0.564102564102564,0.564102564102564,0.10900460641929,0.0780885780885781,0.228350592387969,2.9814039492442,2.9814039492442
14473,0.608974358974359,0.608974358974359,0.134784764354745,0.0932400932400932,0.266441979082584,3.32024722634239,3.32024722634239
14474,0.58974358974359,0.58974358974359,0.123089406834774,0.0938228438228438,0.245088609380995,3.02621699871015,3.02621699871015
14475,0.551282051282051,0.551282051282051,0.100300064661508,0.0944055944055944,0.248421351039145,2.79097386870727,2.79097386870727
14476,0.564102564102564,0.564102564102564,0.0984654627153867,0.0722610722610723,0.221071030871578,2.74687585440181,2.74687585440181
14477,0.647435897435897,0.647435897435897,0.0969998285906844,0.0856643356643357,0.216654007315746,3.05650816738198,3.05650816738198
14480,0.615384615384615,0.615384615384615,0.111797718254861,0.0745920745920746,0.201053623839116,3.20666730211534,3.20666730211534
14481,0.634615384615385,0.634615384615385,0.120053298062492,0.0874125874125874,0.213199256827227,3.26703764946018,3.26703764946018
14482,0.564102564102564,0.564102564102564,0.084186098203278,0.0815850815850816,0.203440220168254,1.9814802501046,1.9814802501046
14483,0.583333333333333,0.583333333333333,0.0747850656327722,0.0763403263403263,0.215595815194463,1.94185990665273,1.94185990665273
14484,0.621794871794872,0.621794871794872,0.0836812742547782,0.0967365967365967,0.209549327068978,2.05172572476428,2.05172572476428
14487,0.596153846153846,0.596153846153846,0.0792120808230442,0.106060606060606,0.21211027042537,1.97100067753964,1.97100067753964
14488,0.608974358974359,0.608974358974359,0.0773455160528573,0.0973193473193473,0.214544211249522,2.1042703754141,2.1042703754141
14489,0.641025641025641,0.641025641025641,0.0803392351881164,0.11013986013986,0.1920523708201,2.94664107845301,2.94664107845301
14490,0.621794871794872,0.621794871794872,0.0803219549150199,0.114801864801865,0.203281728053986,2.8054742212351,2.8054742212351
14491,0.647435897435897,0.647435897435897,0.086074455806415,0.103729603729604,0.182762851137535,3.69028134175483,3.69028134175483
14493,0.608974358974359,0.608974358974359,0.105788352391981,0.0658508158508159,0.20535468371435,2.15940849047288,2.15940849047288
14494,0.615384615384615,0.615384615384615,0.0790486087942701,0.1002331002331,0.215464837600623,2.06583452779164,2.06583452779164
14496,0.583333333333333,0.583333333333333,0.0784606967727372,0.0751748251748252,0.236677282726708,1.82463796248051,1.82463796248051
14497,0.557692307692308,0.557692307692308,0.0769784407076611,0.0722610722610723,0.230090442268512,1.81114797679538,1.81114797679538
14498,0.544871794871795,0.544871794871795,0.0900470875827807,0.0926573426573427,0.266207374907471,1.93297093713021,1.93297093713021
14499,0.57051282051282,0.57051282051282,0.0557132440508985,0.102564102564103,0.232583803021641,1.89921669466759,1.89921669466759
14501,0.58974358974359,0.58974358974359,0.0800150696421758,0.104312354312354,0.237368895171173,1.92252654230006,1.92252654230006
14502,0.57051282051282,0.57051282051282,0.0830554756849719,0.0955710955710956,0.238661723430483,1.82477701396,1.82477701396
14503,0.58974358974359,0.58974358974359,0.0805991455169207,0.0885780885780886,0.227397350409322,1.85795072733716,1.85795072733716
14504,0.551282051282051,0.551282051282051,0.0746352312115715,0.0681818181818182,0.242799440564199,1.75194685319839,1.75194685319839
14505,0.551282051282051,0.551282051282051,0.0850900768059152,0.0856643356643357,0.234265278551823,1.87945421562393,1.87945421562393
14508,0.525641025641026,0.525641025641026,0.112855516825113,0.103729603729604,0.240245753076821,1.72997617886579,1.72997617886579
14509,0.57051282051282,0.57051282051282,0.08996335020862,0.0944055944055944,0.249841341074145,1.90289378247156,1.90289378247156
14510,0.576923076923077,0.576923076923077,0.123232889980494,0.106643356643357,0.228224367364535,1.85359409138577,1.85359409138577
14511,0.596153846153846,0.596153846153846,0.0958422427472285,0.104312354312354,0.262839707642074,1.93434740334976,1.93434740334976
14512,0.596153846153846,0.596153846153846,0.102839622753046,0.0909090909090909,0.224803128365634,3.89574220004426,3.89574220004426
14515,0.628205128205128,0.628205128205128,0.130443019207717,0.117715617715618,0.195016684455521,4.73746030838182,4.73746030838182
14516,0.583333333333333,0.583333333333333,0.153729926786287,0.105477855477855,0.249044353534762,3.80458808767689,3.80458808767689
14517,0.608974358974359,0.608974358974359,0.149208540902476,0.115384615384615,0.269976529563788,3.62645065315315,3.62645065315315
14519,0.602564102564103,0.602564102564103,0.0977974994461369,0.0990675990675991,0.224923771966463,2.5249316990606,2.5249316990606
14520,0.57051282051282,0.57051282051282,0.102218925382342,0.120629370629371,0.275717430278502,2.08037872280605,2.08037872280605
14523,0.602564102564103,0.602564102564103,0.0930556455797524,0.10955710955711,0.215078644765183,2.98328865944019,2.98328865944019
14524,0.58974358974359,0.58974358974359,0.0734888053180949,0.103146853146853,0.219806953855424,3.02805969562859,3.02805969562859
14525,0.621794871794872,0.621794871794872,0.0948963208817066,0.0955710955710956,0.206815399589037,3.00202136222471,3.00202136222471
14526,0.608974358974359,0.608974358974359,0.0902959366925333,0.0967365967365967,0.218413388227035,2.9387535920197,2.9387535920197
14528,0.608974358974359,0.608974358974359,0.0736592529018309,0.0839160839160839,0.251885182059122,2.23821337709782,2.23821337709782
14529,0.608974358974359,0.608974358974359,0.0883102327083782,0.0839160839160839,0.215706472157782,3.01295909149512,3.01295909149512
14530,0.57051282051282,0.57051282051282,0.112270420828021,0.0944055944055944,0.236782057688064,3.07152869082427,3.07152869082427
14531,0.551282051282051,0.551282051282051,0.0850924026022352,0.108974358974359,0.282814487179085,2.16821322885978,2.16821322885978
14532,0.532051282051282,0.532051282051282,0.0842595324531971,0.0938228438228438,0.287751722162773,2.05825259722574,2.05825259722574
14533,0.551282051282051,0.551282051282051,0.101895839847257,0.0856643356643357,0.190365592597679,3.61872241176334,3.61872241176334
14536,0.557692307692308,0.557692307692308,0.104849437936365,0.106060606060606,0.264824074159607,2.48543724006295,2.48543724006295
14537,0.538461538461538,0.538461538461538,0.0681810795488966,0.110722610722611,0.249443158148554,2.31894456165587,2.31894456165587
14538,0.538461538461538,0.538461538461538,0.0765055200136196,0.118881118881119,0.233672277589187,2.18717159239643,2.18717159239643
14539,0.583333333333333,0.583333333333333,0.0853220285304771,0.0798368298368298,0.23428244953218,2.59358300505031,2.59358300505031
14540,0.57051282051282,0.57051282051282,0.0922582380403747,0.125874125874126,0.204969425625434,3.14097688585645,3.14097688585645
14544,0.583333333333333,0.583333333333333,0.0897024722017699,0.108391608391608,0.218849480731794,2.62423591354651,2.62423591354651
14546,0.596153846153846,0.596153846153846,0.0931746028601315,0.116550116550117,0.208749662775239,2.69577832620342,2.69577832620342
14547,0.621794871794872,0.621794871794872,0.0416522441053491,0.120629370629371,0.182918084350305,3.24303575047282,3.24303575047282
14550,0.576923076923077,0.576923076923077,0.0468066185960912,0.0903263403263403,0.224513777424447,2.41210457845268,2.41210457845268
14551,0.58974358974359,0.58974358974359,0.0498451561257973,0.0874125874125874,0.199303369969691,2.47717297914466,2.47717297914466
14553,0.641025641025641,0.641025641025641,0.0785555734081437,0.0850815850815851,0.191679152407885,2.49510510268071,2.49510510268071
14556,0.608974358974359,0.608974358974359,0.106735571054949,0.0979020979020979,0.182796068315676,2.66274542888729,2.66274542888729
14557,0.634615384615385,0.634615384615385,0.101640659229964,0.106060606060606,0.201860209789647,2.80420036029957,2.80420036029957
14560,0.615384615384615,0.615384615384615,0.100672161897384,0.0833333333333333,0.187905808005639,2.65227144415667,2.65227144415667
14561,0.621794871794872,0.621794871794872,0.0955839673376342,0.0780885780885781,0.197053042684574,2.71163933936153,2.71163933936153
14564,0.634615384615385,0.634615384615385,0.0741464917339857,0.0716783216783217,0.179872427569775,3.69733125542461,3.69733125542461
14565,0.628205128205128,0.628205128205128,0.0607050421028139,0.0780885780885781,0.172158941584161,2.849531387668,2.849531387668
14566,0.692307692307692,0.692307692307692,0.0965760612368563,0.0850815850815851,0.170863335121256,4.56009831987916,4.56009831987916
14567,0.608974358974359,0.608974358974359,0.0571266042085335,0.0658508158508159,0.176503033321248,2.17873209029492,2.17873209029492
14568,0.647435897435897,0.647435897435897,0.0700196908494791,0.0775058275058275,0.184256265009696,4.03790766265018,4.03790766265018
14571,0.615384615384615,0.615384615384615,0.0652853950986959,0.0827505827505828,0.175925941686053,2.74751417160466,2.74751417160466
14572,0.705128205128205,0.705128205128205,0.122329606119405,0.0710955710955711,0.183182799176967,5.74902855460252,5.74902855460252
14573,0.615384615384615,0.615384615384615,0.0537079684030873,0.0606060606060606,0.175718049798972,1.96604280606202,1.96604280606202
14575,0.615384615384615,0.615384615384615,0.0647783623084958,0.081002331002331,0.176140656751242,2.78484925631038,2.78484925631038
14578,0.653846153846154,0.653846153846154,0.0844717171277993,0.0745920745920746,0.186828933777363,4.11871779303598,4.11871779303598
14579,0.596153846153846,0.596153846153846,0.0591134106705997,0.0716783216783217,0.185537591911161,1.84244992901983,1.84244992901983
14580,0.602564102564103,0.602564102564103,0.079572437639081,0.0821678321678322,0.171961083169081,4.70079300542178,4.70079300542178
14581,0.57051282051282,0.57051282051282,0.0402067868172489,0.0716783216783217,0.173871117079821,2.5753492026611,2.5753492026611
14583,0.557692307692308,0.557692307692308,0.0399214537705396,0.067016317016317,0.17336109272885,2.51047274482604,2.51047274482604
14584,0.576923076923077,0.576923076923077,0.0394113126873093,0.067016317016317,0.170124236462969,2.70126191678853,2.70126191678853
14586,0.602564102564103,0.602564102564103,0.0385532413392719,0.067016317016317,0.171330952266915,2.71548462089525,2.71548462089525
14588,0.602564102564103,0.602564102564103,0.0393903053209167,0.0588578088578089,0.170984802818363,3.30339121630425,3.30339121630425
14589,0.621794871794872,0.621794871794872,0.0359169025044491,0.0606060606060606,0.172708870242404,3.38112082091321,3.38112082091321
14593,0.628205128205128,0.628205128205128,0.0397455452234216,0.0541958041958042,0.168302291038119,3.51707326494522,3.51707326494522
14594,0.596153846153846,0.596153846153846,0.0358362023847908,0.0664335664335664,0.168968117330885,3.28679709391389,3.28679709391389
14595,0.615384615384615,0.615384615384615,0.0382822531645254,0.0606060606060606,0.168388273403632,3.3891151629561,3.3891151629561
14596,0.602564102564103,0.602564102564103,0.0399796298631484,0.0693473193473194,0.177831560807174,2.661610001982,2.661610001982
14599,0.628205128205128,0.628205128205128,0.0379658594912005,0.0646853146853147,0.184560435667694,2.85159208608489,2.85159208608489
14600,0.621794871794872,0.621794871794872,0.0404984368516586,0.0675990675990676,0.184004733743451,2.87011828074271,2.87011828074271
14601,0.628205128205128,0.628205128205128,0.0431619877586764,0.0658508158508159,0.167495925373729,3.93487558464754,3.93487558464754
14611,0.634615384615385,0.634615384615385,0.041489676370023,0.0664335664335664,0.166476298675592,3.82698163284706,3.82698163284706
14612,0.602564102564103,0.602564102564103,0.0413272535989453,0.074009324009324,0.171344252356592,3.85340766114377,3.85340766114377
14613,0.576923076923077,0.576923076923077,0.0297471864703668,0.0722610722610723,0.172097441713662,3.70246994259069,3.70246994259069
14615,0.608974358974359,0.608974358974359,0.0299382274731469,0.0705128205128205,0.174972333824792,3.69867236054163,3.69867236054163
14616,0.621794871794872,0.621794871794872,0.105581277683347,0.0827505827505828,0.179626120627583,7.20915763525829,7.20915763525829
14618,0.634615384615385,0.634615384615385,0.150415179055636,0.0780885780885781,0.170580259147131,7.09822846799107,7.09822846799107
14619,0.66025641025641,0.66025641025641,0.25236595264227,0.0815850815850816,0.20241581231792,10.8483824258277,10.8483824258277
14622,0.634615384615385,0.634615384615385,0.209348087942672,0.0821678321678322,0.193152377165907,9.48608507801567,9.48608507801567
14623,0.67948717948718,0.67948717948718,0.209963924194012,0.0763403263403263,0.178474737608391,10.5486811884963,10.5486811884963
14624,0.666666666666667,0.666666666666667,0.28585826289424,0.0722610722610723,0.180133861112212,10.9091008439235,10.9091008439235
14628,0.666666666666667,0.666666666666667,0.208018417140018,0.0705128205128205,0.17859057918631,10.9067195138413,10.9067195138413
14629,0.692307692307692,0.692307692307692,0.293880694505429,0.0623543123543124,0.198793786264452,10.5336302306789,10.5336302306789
14630,0.647435897435897,0.647435897435897,0.287217825510002,0.074009324009324,0.208253129743255,11.7609076591642,11.7609076591642
14631,0.666666666666667,0.666666666666667,0.189816241387053,0.0687645687645688,0.196000659816805,9.59246549256189,9.59246549256189
14634,0.666666666666667,0.666666666666667,0.206312757317944,0.0716783216783217,0.197720555674994,9.86877565084639,9.86877565084639
14635,0.66025641025641,0.66025641025641,0.202067818163848,0.0716783216783217,0.174440773128024,10.2467687250488,10.2467687250488
14636,0.641025641025641,0.641025641025641,0.205917473370459,0.0775058275058275,0.171513656490476,10.6347778743875,10.6347778743875
14637,0.666666666666667,0.666666666666667,0.207497098127594,0.0815850815850816,0.165499119551842,11.3583436267222,11.3583436267222
14638,0.653846153846154,0.653846153846154,0.101014773416325,0.0710955710955711,0.174388258520318,13.5731793237808,13.5731793237808
14642,0.685897435897436,0.685897435897436,0.181798416852694,0.0693473193473193,0.174651318395127,13.2318653535211,13.2318653535211
14643,0.67948717948718,0.67948717948718,0.194654923911111,0.0710955710955711,0.167794840109715,13.831849277624,13.831849277624
14646,0.692307692307692,0.692307692307692,0.193349942161886,0.0693473193473193,0.165599661786117,13.9094034492639,13.9094034492639
14647,0.692307692307692,0.692307692307692,0.144103934843265,0.0710955710955711,0.163461727537621,14.4544717748233,14.4544717748233
14648,0.66025641025641,0.66025641025641,0.128518245536685,0.0576923076923077,0.163336445573236,11.5559184697807,11.5559184697807
14649,0.666666666666667,0.666666666666667,0.179063758404222,0.0693473193473193,0.175291099322859,7.52521957087775,7.52521957087775
14651,0.673076923076923,0.673076923076923,0.254083526316058,0.0629370629370629,0.168124412910642,17.0350125140607,17.0350125140607
14652,0.647435897435897,0.647435897435897,0.181541576985785,0.0652680652680653,0.168616662707741,7.32994658836989,7.32994658836989
14656,0.673076923076923,0.673076923076923,0.196865146388231,0.0693473193473193,0.165642608378812,7.89008692984606,7.89008692984606
14657,0.66025641025641,0.66025641025641,0.207673726267361,0.0745920745920746,0.164690503291021,7.94735584015148,7.94735584015148
14658,0.67948717948718,0.67948717948718,0.230824733310919,0.0710955710955711,0.165702813937499,8.24501240925715,8.24501240925715
14659,0.705128205128205,0.705128205128205,0.36589082069984,0.0716783216783217,0.165754090389669,12.362315359698,12.362315359698
14662,0.67948717948718,0.67948717948718,0.371244836440327,0.0792540792540793,0.159063475095904,12.8341856624004,12.8341856624004
14663,0.673076923076923,0.673076923076923,0.21847875384015,0.081002331002331,0.165149619535615,7.50692365914405,7.50692365914405
14664,0.641025641025641,0.641025641025641,0.0740423089714084,0.0862470862470862,0.160133320370299,4.61252840624972,4.61252840624972
14665,0.641025641025641,0.641025641025641,0.0703744219735862,0.0885780885780886,0.167851486638932,4.00529828130468,4.00529828130468
14666,0.615384615384615,0.615384615384615,0.0695846528204135,0.0885780885780886,0.164955511003357,4.75197681204639,4.75197681204639
14670,0.641025641025641,0.641025641025641,0.0700123867388826,0.0862470862470863,0.166446958144198,4.67911046564932,4.67911046564932
14671,0.628205128205128,0.628205128205128,0.0769273379399774,0.0815850815850816,0.164266986463597,4.56161862932818,4.56161862932818
14676,0.653846153846154,0.653846153846154,0.0780833568024335,0.0815850815850816,0.16202946267901,4.83855012861546,4.83855012861546
14677,0.673076923076923,0.673076923076923,0.109968641399498,0.067016317016317,0.166274613254296,4.31217480514514,4.31217480514514
14679,0.66025641025641,0.66025641025641,0.0628243677327185,0.0675990675990676,0.166401996178149,3.42861795666768,3.42861795666768
14680,0.67948717948718,0.67948717948718,0.0848738075581875,0.0611888111888112,0.166441649160457,4.70649930266177,4.70649930266177
14683,0.647435897435897,0.647435897435897,0.0520072333110471,0.0594405594405594,0.168589781124522,4.0965263175108,4.0965263175108
14684,0.628205128205128,0.628205128205128,0.0440111825729733,0.0833333333333333,0.17035953463899,3.67906228568003,3.67906228568003
14685,0.641025641025641,0.641025641025641,0.0360889436121635,0.0833333333333333,0.16211743836118,3.99088503416638,3.99088503416638
14686,0.66025641025641,0.66025641025641,0.0382015498164874,0.0664335664335664,0.161346086043903,4.94975972418755,4.94975972418755
14687,0.692307692307692,0.692307692307692,0.0455971873616649,0.0635198135198135,0.155678248892721,6.68697239248958,6.68697239248958
14690,0.641025641025641,0.641025641025641,0.0192202684339456,0.0646853146853147,0.15677019351143,4.93597992557829,4.93597992557829
14691,0.67948717948718,0.67948717948718,0.0320347218938884,0.0606060606060606,0.158855805797551,4.37736947119801,4.37736947119801
14692,0.666666666666667,0.666666666666667,0.0317153876896221,0.0576923076923077,0.157148156988431,5.04261758380227,5.04261758380227
14694,0.653846153846154,0.653846153846154,0.031649306672789,0.0716783216783217,0.159616005307469,4.95986661413708,4.95986661413708
14697,0.67948717948718,0.67948717948718,0.0482626282212079,0.0734265734265734,0.158363510651816,5.79089184707274,5.79089184707274
14698,0.685897435897436,0.685897435897436,0.041885447701673,0.074009324009324,0.160655656532327,5.63884847209123,5.63884847209123
14699,0.705128205128205,0.705128205128205,0.0408550052540514,0.0780885780885781,0.157489023391776,6.42241214740883,6.42241214740883
14700,0.711538461538462,0.711538461538462,0.0669582180492253,0.0833333333333333,0.158675157502485,12.7743112258316,12.7743112258316
14701,0.608974358974359,0.608974358974359,0.0780518338242942,0.0693473193473193,0.163523691281208,5.67627993957789,5.67627993957789
14702,0.673076923076923,0.673076923076923,0.0779007043747546,0.0722610722610723,0.159583762989364,5.86215379816019,5.86215379816019
14704,0.673076923076923,0.673076923076923,0.0623763860703254,0.0576923076923077,0.1645095383505,5.9363878720764,5.9363878720764
14705,0.602564102564103,0.602564102564103,0.0554857032824288,0.0687645687645688,0.160398098701207,5.60836548677217,5.60836548677217
14707,0.602564102564103,0.602564102564103,0.0553865645908988,0.0623543123543124,0.175511182366604,5.43042386807098,5.43042386807098
14709,0.653846153846154,0.653846153846154,0.0891950052141848,0.0565268065268065,0.174454336275806,6.18337794307878,6.18337794307879
14710,0.608974358974359,0.608974358974359,0.0581392740089136,0.0833333333333333,0.173835307240491,5.4887006877941,5.4887006877941
14712,0.641025641025641,0.641025641025641,0.0757025371008069,0.0565268065268065,0.172390618525601,6.50853986027182,6.50853986027182
14713,0.67948717948718,0.67948717948718,0.173801248310172,0.0722610722610723,0.171638635563942,15.8185770175202,15.8185770175202
14714,0.666666666666667,0.666666666666667,0.170355722642985,0.0623543123543124,0.168858507192034,16.321090147103,16.321090147103
14715,0.685897435897436,0.685897435897436,0.150216088305905,0.0641025641025641,0.164334560861122,17.7692658731719,17.7692658731719
14718,0.647435897435897,0.647435897435897,0.156014882626336,0.0722610722610723,0.179049381484206,13.3297040197557,13.3297040197557
14719,0.628205128205128,0.628205128205128,0.101311770822041,0.0804195804195804,0.177096572769831,14.0168602928838,14.0168602928838
14720,0.608974358974359,0.608974358974359,0.00190068290546622,0.0693473193473193,0.197935673699998,11.9621474563141,11.9621474563141
14721,0.66025641025641,0.66025641025641,0.0712391501478675,0.0687645687645688,0.175190199966174,12.233290157993,12.233290157993
14722,0.634615384615385,0.634615384615385,0.00189228369309678,0.0751748251748252,0.173542128788849,5.68271164470914,5.68271164470914
14725,0.641025641025641,0.641025641025641,0.0970114028332223,0.0763403263403263,0.175336691972595,7.39234478119588,7.39234478119588
14730,0.615384615384615,0.615384615384615,0.00199791726953702,0.0641025641025641,0.17311729677164,3.25129314451141,3.25129314451141
14731,0.641025641025641,0.641025641025641,0.0279355142289197,0.0559440559440559,0.177742681030491,3.4314941396081,3.4314941396081
14732,0.596153846153846,0.596153846153846,0.0285072252625646,0.0617715617715618,0.185416912165345,3.44312663184241,3.44312663184241
14734,0.583333333333333,0.583333333333333,0.0349684212659399,0.0588578088578089,0.183933864880021,3.39150872610621,3.39150872610621
14737,0.666666666666667,0.666666666666667,0.0616089817974849,0.0897435897435897,0.190935717389172,4.88333487891545,4.88333487891545
14739,0.666666666666667,0.666666666666667,0.0694879728754624,0.0681818181818182,0.179548121017013,5.57465861533033,5.57465861533033
14740,0.602564102564103,0.602564102564103,0.0578261798913727,0.0734265734265734,0.213882759396886,1.84651316515091,1.84651316515091
14743,0.58974358974359,0.58974358974359,0.0577838314521164,0.0833333333333333,0.234595907168783,2.05050357034129,2.05050357034129
14746,0.615384615384615,0.615384615384615,0.0666323583780409,0.0932400932400932,0.204283485229123,3.12315329325387,3.12315329325387
14747,0.615384615384615,0.615384615384615,0.0726591948441495,0.0909090909090909,0.174619167690959,4.11822967165402,4.11822967165402
14748,0.66025641025641,0.66025641025641,0.0653337064529906,0.0926573426573427,0.174709016203405,3.89522228223061,3.89522228223061
14749,0.66025641025641,0.66025641025641,0.0647988627860683,0.081002331002331,0.190999009985104,3.69689169838625,3.69689169838625
14750,0.564102564102564,0.564102564102564,0.0298326950031385,0.067016317016317,0.173199850844506,2.24982322250945,2.24982322250945
14754,0.666666666666667,0.666666666666667,0.0675155872433485,0.0705128205128205,0.176999657277722,3.54347573129516,3.54347573129516
14755,0.608974358974359,0.608974358974359,0.0708330652152005,0.0675990675990676,0.177043234136775,3.50196677755642,3.50196677755642
14756,0.615384615384615,0.615384615384615,0.0662980833247978,0.0646853146853147,0.18947830795341,3.68576275154004,3.68576275154004
14757,0.628205128205128,0.628205128205128,0.0705507323528456,0.0728438228438228,0.194289063452553,3.54488852307546,3.54488852307546
14764,0.551282051282051,0.551282051282051,0.0629079034980322,0.0757575757575758,0.207158391810807,2.73069861450061,2.73069861450061
14765,0.608974358974359,0.608974358974359,0.0773255305504659,0.0792540792540792,0.20907894701652,3.5812309183576,3.5812309183576
14767,0.512820512820513,0.512820512820513,0.0575718890556703,0.0629370629370629,0.272129487565607,1.68513969732174,1.68513969732174
14768,0.596153846153846,0.596153846153846,0.0713127260981133,0.0705128205128205,0.219174144970648,2.58467656233833,2.58467656233833
14770,0.564102564102564,0.564102564102564,0.0594646635395095,0.067016317016317,0.219450272692321,1.79590858361421,1.79590858361421
14772,0.551282051282051,0.551282051282051,0.0611520483981476,0.0646853146853147,0.214099420970185,1.8466278850154,1.8466278850154
14774,0.621794871794872,0.621794871794872,0.177566898942465,0.0920745920745921,0.223535116791178,15.8358303993655,15.8358303993655
14775,0.576923076923077,0.576923076923077,0.0622064370296253,0.06002331002331,0.191737669140963,2.53691824282639,2.53691824282639
14776,0.544871794871795,0.544871794871795,0.0641939945036848,0.0705128205128205,0.198981136583637,1.69976042393563,1.69976042393563
14777,0.564102564102564,0.564102564102564,0.0648945741322674,0.0786713286713287,0.203440957311197,2.16748817598327,2.16748817598327
14778,0.538461538461538,0.538461538461538,0.0658192402652231,0.0856643356643357,0.208509457461819,2.25165225004908,2.25165225004908
14781,0.621794871794872,0.621794871794872,0.0970785246277181,0.0839160839160839,0.227089936931225,11.4135401977847,11.4135401977847
14782,0.596153846153846,0.596153846153846,0.0774470844987619,0.0839160839160839,0.20102946498993,11.874480403688,11.874480403688
14783,0.615384615384615,0.615384615384615,0.0782158345984474,0.0856643356643357,0.198253521646213,12.0816211990749,12.0816211990749
14784,0.602564102564103,0.602564102564103,0.1348836990053,0.0885780885780886,0.20374029039651,10.9082103911611,10.9082103911611
14785,0.57051282051282,0.57051282051282,0.0602752125103331,0.0769230769230769,0.180683577193915,3.68351917938022,3.68351917938022
14788,0.634615384615385,0.634615384615385,0.0654057335606213,0.0734265734265734,0.170759605369272,13.1350681414701,13.1350681414701
14789,0.641025641025641,0.641025641025641,0.0546210632613444,0.0722610722610723,0.183031727902127,13.3117073601709,13.3117073601709
14790,0.66025641025641,0.66025641025641,0.0973981502735708,0.0705128205128205,0.185617358422882,10.1228077666402,10.1228077666402
14791,0.647435897435897,0.647435897435897,0.103091051134714,0.0769230769230769,0.194759513252574,13.3581797479567,13.3581797479567
14794,0.634615384615385,0.634615384615385,0.0999382446000664,0.0722610722610723,0.20201138348814,13.5577070910047,13.5577070910047
14795,0.66025641025641,0.66025641025641,0.101133147871263,0.0635198135198135,0.191934073943322,13.624492965118,13.624492965118
14796,0.641025641025641,0.641025641025641,0.0743348545117365,0.081002331002331,0.189395157935035,9.4857050475897,9.4857050475897
14797,0.673076923076923,0.673076923076923,0.0888715213993009,0.0856643356643357,0.22805409253333,9.00028989111128,9.00028989111128
14799,0.673076923076923,0.673076923076923,0.101547265588347,0.0897435897435897,0.245620143298219,10.6372711765174,10.6372711765174
14800,0.692307692307692,0.692307692307692,0.105983766011633,0.0920745920745921,0.218870334050213,10.3851756999368,10.3851756999368
14802,0.698717948717949,0.698717948717949,0.113162422498676,0.0821678321678322,0.221130458323443,11.3722704334013,11.3722704334013
14803,0.666666666666667,0.666666666666667,0.130251689579369,0.0775058275058275,0.215953961271756,11.4213522069589,11.4213522069589
14804,0.641025641025641,0.641025641025641,0.126656382688683,0.0833333333333333,0.215804420946791,11.9162813453939,11.9162813453939
14805,0.641025641025641,0.641025641025641,0.125643499982198,0.0827505827505828,0.229853933518627,10.523048913195,10.523048913195
14806,0.653846153846154,0.653846153846154,0.0892811296631045,0.0745920745920746,0.21116039868595,8.06618011092232,8.06618011092232
14809,0.673076923076923,0.673076923076923,0.0797170364992333,0.0821678321678322,0.186669176225914,9.5847882057163,9.5847882057163
14810,0.653846153846154,0.653846153846154,0.0787145324871415,0.0798368298368298,0.185074620248918,9.4015985989325,9.4015985989325
14811,0.673076923076923,0.673076923076923,0.123485421749097,0.0635198135198135,0.197538931641401,10.7383606714839,10.7383606714839
14812,0.647435897435897,0.647435897435897,0.123236151269654,0.0827505827505828,0.196514378804373,10.288164864927,10.288164864927
14813,0.647435897435897,0.647435897435897,0.124585660402235,0.081002331002331,0.195077184766181,10.0700668158315,10.0700668158315
14816,0.66025641025641,0.66025641025641,0.135104058524898,0.0874125874125874,0.20120469069755,10.319751672121,10.319751672121
14817,0.653846153846154,0.653846153846154,0.0951621902448082,0.0745920745920746,0.191172022593986,9.38427525452426,9.38427525452426
14818,0.685897435897436,0.685897435897436,0.116652084658674,0.0786713286713287,0.192338421052232,11.766790268113,11.766790268113
14819,0.653846153846154,0.653846153846154,0.115989099485252,0.0856643356643357,0.191148572530299,8.64204020331863,8.64204020331863
14820,0.666666666666667,0.666666666666667,0.173967590498016,0.0716783216783217,0.208075563263196,10.0669215699887,10.0669215699887
14822,0.685897435897436,0.685897435897436,0.12139084288057,0.0734265734265734,0.200851779966505,11.3530332986846,11.3530332986846
14823,0.615384615384615,0.615384615384615,0.106498534656604,0.105477855477855,0.174993411213049,11.5550721410905,11.5550721410905
14824,0.628205128205128,0.628205128205128,0.107205458545926,0.0979020979020979,0.171080401793076,11.6180895351854,11.6180895351854
14825,0.641025641025641,0.641025641025641,0.112939551155079,0.0780885780885781,0.198750584802892,11.0377572063503,11.0377572063503
14827,0.596153846153846,0.596153846153846,0.0804720252448468,0.0844988344988345,0.184875799989486,10.6591204142606,10.6591204142606
14828,0.621794871794872,0.621794871794872,0.121808672714817,0.0757575757575758,0.196799341457345,9.92197238251821,9.92197238251821
14830,0.641025641025641,0.641025641025641,0.0876057222958096,0.0792540792540792,0.184133214530861,6.56807491501225,6.56807491501225
14831,0.634615384615385,0.634615384615385,0.0939836443786998,0.0798368298368298,0.208244213026274,10.6329263204037,10.6329263204037
14832,0.641025641025641,0.641025641025641,0.090321703877761,0.0786713286713287,0.218852159677586,10.6800776146864,10.6800776146864
14834,0.647435897435897,0.647435897435897,0.162354485780315,0.0786713286713287,0.200192220905664,10.0753678984483,10.0753678984483
14837,0.621794871794872,0.621794871794872,0.141205905794944,0.0850815850815851,0.210256471682996,8.48504200451691,8.48504200451691
14838,0.615384615384615,0.615384615384615,0.157139092985756,0.0827505827505828,0.215371143971652,8.56667661666997,8.56667661666997
14839,0.608974358974359,0.608974358974359,0.0829873635538587,0.0745920745920746,0.195816536464151,9.34780749641101,9.34780749641101
14840,0.628205128205128,0.628205128205128,0.161064634597217,0.0815850815850816,0.191543562479459,12.6645389928346,12.6645389928346
14841,0.666666666666667,0.666666666666667,0.167736238130447,0.087995337995338,0.180216377550021,13.3910587812491,13.3910587812491
14844,0.608974358974359,0.608974358974359,0.138905639728107,0.0839160839160839,0.188251662507623,11.0078362161811,11.0078362161811
14845,0.615384615384615,0.615384615384615,0.14686060161361,0.0827505827505828,0.191652426029873,11.5488511498414,11.5488511498414
14846,0.628205128205128,0.628205128205128,0.152133825048073,0.0769230769230769,0.196931055470131,10.9874513549492,10.9874513549492
14847,0.621794871794872,0.621794871794872,0.148413874211669,0.10955710955711,0.174140370844603,12.5410057007348,12.5410057007348
14848,0.615384615384615,0.615384615384615,0.158963189468235,0.0821678321678322,0.179069185249165,13.9350569987997,13.9350569987997
14851,0.621794871794872,0.621794871794872,0.260595959582013,0.0751748251748252,0.181311027747799,15.5448154511023,15.5448154511023
14852,0.628205128205128,0.628205128205128,0.253347059405656,0.0769230769230769,0.18504744154613,15.4713164659415,15.4713164659415
14854,0.608974358974359,0.608974358974359,0.258232414927438,0.0844988344988345,0.186374457885757,15.3965342121091,15.3965342121091
14855,0.641025641025641,0.641025641025641,0.144601634832211,0.0728438228438228,0.190165396915073,13.8691984626566,13.8691984626566
14856,0.666666666666667,0.666666666666667,0.198397447428679,0.0734265734265734,0.195385131282516,19.51250719382,19.51250719382
14858,0.634615384615385,0.634615384615385,0.421657162725708,0.0658508158508159,0.192312059456403,17.745858520957,17.745858520957
14859,0.628205128205128,0.628205128205128,0.163811678932907,0.0728438228438228,0.187576024843326,13.8583964909169,13.8583964909169
14860,0.647435897435897,0.647435897435897,0.120938579944282,0.0815850815850816,0.198810429530217,11.4727008889035,11.4727008889035
14861,0.602564102564103,0.602564102564103,0.239261312878218,0.0728438228438228,0.20730102895838,10.6982190817132,10.6982190817132
14863,0.602564102564103,0.602564102564103,0.213660772876568,0.0710955710955711,0.228525272661089,9.96464330743229,9.9646433074323
14864,0.602564102564103,0.602564102564103,0.197776412661505,0.074009324009324,0.215360521521356,13.1174117505389,13.1174117505389
14865,0.641025641025641,0.641025641025641,0.297101891305344,0.0710955710955711,0.207031543225833,11.4722383021118,11.4722383021118
14866,0.647435897435897,0.647435897435897,0.183099370951975,0.0705128205128205,0.204697477041824,10.5542857941605,10.5542857941605
14867,0.615384615384615,0.615384615384615,0.188324371872494,0.0693473193473193,0.21138655518468,9.52107830181393,9.52107830181392
14868,0.58974358974359,0.58974358974359,0.156896415263918,0.0629370629370629,0.256178951786226,8.83239331436661,8.83239331436661
14869,0.58974358974359,0.58974358974359,0.150090550101089,0.0641025641025641,0.265669321770553,9.07447159002512,9.07447159002512
14872,0.704545454545455,0.704545454545455,0.129245333761752,0.0772727272727273,0.261398493927408,12.1494007082378,12.1494007082378
14873,0.696969696969697,0.696969696969697,0.128373134139601,0.0901515151515151,0.239818788277264,12.1581779121097,12.1581779121097
14874,0.712121212121212,0.712121212121212,0.244277334744335,0.0825757575757576,0.216548609667744,11.9865624132854,11.9865624132854
14875,0.712121212121212,0.712121212121212,0.220473934210489,0.0939393939393939,0.218821768743432,13.2071704302715,13.2071704302715
14876,0.71969696969697,0.71969696969697,0.164438481355361,0.0795454545454545,0.222782583838019,12.6567782856509,12.6567782856509
14879,0.712121212121212,0.712121212121212,0.159980740467412,0.0810606060606061,0.236662637880278,12.3040854103621,12.3040854103621
14880,0.674242424242424,0.674242424242424,0.169794734635966,0.0856060606060606,0.2322153146484,10.8708734295007,10.8708734295007
14881,0.712121212121212,0.712121212121212,0.147009905225081,0.0886363636363636,0.263629142140186,11.6547522380609,11.6547522380609
14882,0.71969696969697,0.71969696969697,0.200022126204028,0.0787878787878788,0.210774681021418,12.9093525780982,12.9093525780982
14884,0.727272727272727,0.727272727272727,0.40514976024547,0.0871212121212121,0.260115814003433,18.8185568547649,18.8185568547649
14885,0.765151515151515,0.765151515151515,0.503000437856285,0.0674242424242424,0.22112806417442,19.0732861946663,19.0732861946663
14887,0.727272727272727,0.727272727272727,0.487453290698016,0.0704545454545455,0.241038675892051,18.3914930648975,18.3914930648975
14888,0.681818181818182,0.681818181818182,0.544685200907208,0.0727272727272727,0.248884417621987,17.3823874109123,17.3823874109123
14890,0.689393939393939,0.689393939393939,0.375212427998462,0.0712121212121212,0.229125350683906,17.6968452810171,17.6968452810171
14891,0.712121212121212,0.712121212121212,0.438131596423089,0.0689393939393939,0.255141120898454,20.8948205584803,20.8948205584803
14894,0.674242424242424,0.674242424242424,0.227285612681435,0.0757575757575758,0.219284848390109,13.2771950306369,13.2771950306369
14895,0.666666666666667,0.666666666666667,0.472969492972285,0.0727272727272727,0.201460449978097,17.2060854452341,17.2060854452341
14896,0.727272727272727,0.727272727272727,0.423838058607525,0.0704545454545455,0.204089294635533,16.7548227914199,16.7548227914199
14897,0.71969696969697,0.71969696969697,0.41919862264411,0.0742424242424242,0.216895905438478,16.4624428024746,16.4624428024746
14900,0.71969696969697,0.71969696969697,0.400671967879607,0.0757575757575758,0.216639789438767,17.9914628221077,17.9914628221077
14901,0.666666666666667,0.666666666666667,0.365986442999732,0.0878787878787879,0.233503414692877,18.0787236727982,18.0787236727982
14902,0.696969696969697,0.696969696969697,0.268463130285496,0.0651515151515152,0.261581711416692,14.8806212326812,14.8806212326812
14903,0.681818181818182,0.681818181818182,0.388495171760903,0.071969696969697,0.283449552243551,18.4585698928153,18.4585698928153
14904,0.681818181818182,0.681818181818182,0.272852235526705,0.0734848484848485,0.253916117089028,14.7993878076304,14.7993878076304
14907,0.689393939393939,0.689393939393939,0.262172352244628,0.0742424242424242,0.224335682039226,13.0260424051397,13.0260424051397
14909,0.71969696969697,0.71969696969697,0.498534542576518,0.0674242424242424,0.222873934185183,17.6544817007213,17.6544817007213
14911,0.704545454545455,0.704545454545455,0.472167566894577,0.0674242424242424,0.219308002261218,18.3817614020275,18.3817614020275
14914,0.681818181818182,0.681818181818182,0.506482114836383,0.0659090909090909,0.253751444517618,17.5330723132529,17.5330723132529
14915,0.696969696969697,0.696969696969697,0.295304148808585,0.0833333333333333,0.218852626780007,13.3111836466118,13.3111836466118
14916,0.787878787878788,0.787878787878788,0.351287637836901,0.0696969696969697,0.187272137747692,14.9528199617888,14.9528199617888
14918,0.803030303030303,0.803030303030303,0.361463646091731,0.0772727272727273,0.178049020787369,15.286247818899,15.286247818899
14919,0.795454545454545,0.795454545454545,0.499078092016254,0.071969696969697,0.190816891160261,19.7789032674965,19.7789032674965
14921,0.757575757575758,0.757575757575758,0.36487946395084,0.0727272727272727,0.193109977216825,18.4934852742138,18.4934852742138
14923,0.696969696969697,0.696969696969697,0.337859923842112,0.0727272727272727,0.186873532524329,18.1434093760756,18.1434093760756
14928,0.727272727272727,0.727272727272727,0.274452641570377,0.075,0.188492099499107,15.5170436763173,15.5170436763174
14929,0.674242424242424,0.674242424242424,0.174481115963632,0.0704545454545455,0.210121698877341,14.7210611168032,14.7210611168032
14930,0.681818181818182,0.681818181818182,0.178991960952306,0.0681818181818182,0.225037717321239,14.5011737911834,14.5011737911834
14931,0.666666666666667,0.666666666666667,0.156115848225827,0.0840909090909091,0.219449511975862,12.5088726442774,12.5088726442774
14932,0.643939393939394,0.643939393939394,0.160370692914749,0.0825757575757576,0.231652544977391,12.2110219802338,12.2110219802338
14935,0.643939393939394,0.643939393939394,0.164205656785067,0.0871212121212121,0.226315129092363,7.62140472359273,7.62140472359273
14936,0.636363636363636,0.636363636363636,0.171390521960012,0.0818181818181818,0.212365069582413,13.3843076935692,13.3843076935692
14937,0.689393939393939,0.689393939393939,0.244167830785949,0.0825757575757576,0.201572839926789,14.3412245923639,14.3412245923639
14939,0.704545454545455,0.704545454545455,0.27749897127479,0.0954545454545454,0.18376662499186,17.9737490340597,17.9737490340597
14942,0.696969696969697,0.696969696969697,0.224081105639635,0.106060606060606,0.215787032440584,17.4755925144609,17.4755925144609
14943,0.681818181818182,0.681818181818182,0.235838931931298,0.0810606060606061,0.243753831560039,15.3631840837913,15.3631840837913
14944,0.689393939393939,0.689393939393939,0.171841438582627,0.0765151515151515,0.246414594622585,11.7346858838841,11.7346858838841
14945,0.659090909090909,0.659090909090909,0.170523773827705,0.0871212121212121,0.246764675552428,11.5230563427811,11.5230563427811
14946,0.659090909090909,0.659090909090909,0.177726428941659,0.0901515151515151,0.241843612076061,14.0499971701532,14.0499971701532
14947,0.704545454545455,0.704545454545455,0.255427261165107,0.0689393939393939,0.216783853243098,18.3300901842782,18.3300901842782
14948,0.704545454545455,0.704545454545455,0.254626450247171,0.0818181818181818,0.257504491460713,14.4743397637558,14.4743397637558
14950,0.689393939393939,0.689393939393939,0.223749558627321,0.0946969696969697,0.208366061811754,15.048226537233,15.048226537233
14951,0.696969696969697,0.696969696969697,0.163454994472946,0.0916666666666667,0.199433909964348,15.2646880274879,15.2646880274879
14953,0.674242424242424,0.674242424242424,0.165324762030273,0.0818181818181818,0.195924042385334,15.3077548536029,15.3077548536029
14954,0.704545454545455,0.704545454545455,0.245023785859678,0.0848484848484848,0.194917939069489,15.5011472592752,15.5011472592752
14956,0.71969696969697,0.71969696969697,0.225805802900464,0.0878787878787879,0.206961648085297,15.3862683773829,15.3862683773829
14957,0.742424242424242,0.742424242424242,0.376897399504582,0.0818181818181818,0.193837078535613,13.9535262924758,13.9535262924758
14958,0.704545454545455,0.704545454545455,0.325086415413187,0.0863636363636364,0.186090724684575,12.2605719883909,12.2605719883909
14959,0.71969696969697,0.71969696969697,0.185504582046295,0.0939393939393939,0.185894741185912,15.5088143400242,15.5088143400242
14960,0.712121212121212,0.712121212121212,0.180626505689774,0.0787878787878788,0.191133280834314,7.78869845284932,7.78869845284932
14963,0.742424242424242,0.742424242424242,0.267944653601285,0.0772727272727273,0.177383673576731,9.84130811942454,9.84130811942454
14964,0.681818181818182,0.681818181818182,0.268792194908015,0.096969696969697,0.187984895568766,7.38043901997479,7.38043901997479
14965,0.696969696969697,0.696969696969697,0.206792897863335,0.0825757575757576,0.183343119572089,7.27552801704806,7.27552801704806
14966,0.674242424242424,0.674242424242424,0.140976144806445,0.0878787878787879,0.186168616863187,6.65898059013031,6.65898059013031
14970,0.674242424242424,0.674242424242424,0.140737565811576,0.0984848484848485,0.171073794499661,7.15071853876858,7.15071853876858
14971,0.681818181818182,0.681818181818182,0.159699485959925,0.0931818181818182,0.186010891380218,6.7890422545726,6.7890422545726
14972,0.681818181818182,0.681818181818182,0.155037290829544,0.1,0.186026471556002,6.74110348638521,6.74110348638521
14973,0.704545454545455,0.704545454545455,0.155388246412633,0.0863636363636364,0.182703653446475,7.34649982786877,7.34649982786877
14976,0.689393939393939,0.689393939393939,0.134087739921053,0.0863636363636364,0.183676947166245,5.98330284800265,5.98330284800265
14977,0.666666666666667,0.666666666666667,0.109096209607799,0.0893939393939394,0.180624339775946,6.35569330424589,6.35569330424589
14978,0.696969696969697,0.696969696969697,0.110597111961459,0.0871212121212121,0.176905294894982,6.46634806458997,6.46634806458997
14980,0.742424242424242,0.742424242424242,0.242427004355338,0.0946969696969697,0.178425177134505,7.76891553310526,7.76891553310526
14981,0.734848484848485,0.734848484848485,0.26573107220254,0.0856060606060606,0.188383006586033,12.2167647819934,12.2167647819934
14983,0.742424242424242,0.742424242424242,0.346898515883275,0.0818181818181818,0.176170299753744,10.5365426922315,10.5365426922315
14987,0.734848484848485,0.734848484848485,0.341220681380462,0.075,0.182942848931523,9.77923998651462,9.77923998651462
14988,0.727272727272727,0.727272727272727,0.217351264670167,0.0803030303030303,0.189995227054294,7.04702952017688,7.04702952017688
14992,0.712121212121212,0.712121212121212,0.232254527837682,0.0727272727272727,0.185642665605593,7.51046344371231,7.51046344371231
14993,0.681818181818182,0.681818181818182,0.135572211899543,0.0803030303030303,0.179361246320104,6.71800642952862,6.71800642952862
14994,0.742424242424242,0.742424242424242,0.143201345288083,0.0901515151515151,0.178481777829632,7.82643326527945,7.82643326527945
14995,0.681818181818182,0.681818181818182,0.209363995995156,0.078030303030303,0.180123723396927,7.2147479419168,7.2147479419168
14998,0.712121212121212,0.712121212121212,0.151860934626797,0.0840909090909091,0.189487162421754,5.76269468220908,5.76269468220908
14999,0.712121212121212,0.712121212121212,0.193455302896438,0.0674242424242424,0.17598215327485,7.42141680577206,7.42141680577206
15000,0.712121212121212,0.712121212121212,0.402134749053969,0.0704545454545455,0.189712981695857,20.0931500482479,20.0931500482479
15001,0.689393939393939,0.689393939393939,0.538296343328285,0.0772727272727273,0.184107654452109,14.7391796991041,14.7391796991041
15002,0.666666666666667,0.666666666666667,0.52316907894153,0.0560606060606061,0.19689742841479,13.9634204116514,13.9634204116514
15005,0.712121212121212,0.712121212121212,0.37430380404166,0.0795454545454545,0.187276412701679,14.469874399549,14.469874399549
15007,0.689393939393939,0.689393939393939,0.37852627459246,0.0795454545454545,0.191974202130158,14.2510081301757,14.2510081301757
15008,0.727272727272727,0.727272727272727,0.393241492714113,0.0840909090909091,0.180095990613144,14.9284257108437,14.9284257108437
15010,0.734848484848485,0.734848484848485,0.387159509904309,0.0795454545454545,0.187467192142507,14.1756039113668,14.1756039113668
15013,0.75,0.75,0.425330861048878,0.0848484848484848,0.189445408061915,14.305476099767,14.305476099767
15014,0.696969696969697,0.696969696969697,0.413884068931681,0.0818181818181818,0.186250007704501,13.7961049850325,13.7961049850325
15016,0.681818181818182,0.681818181818182,0.367632075619064,0.0787878787878788,0.312428752530669,12.2527529378984,12.2527529378984
15017,0.704545454545455,0.704545454545455,0.481010356589228,0.0772727272727273,0.193799792401081,13.7753328271585,13.7753328271585
15019,0.742424242424242,0.742424242424242,0.492497465650422,0.078030303030303,0.189688921906445,13.8203409738357,13.8203409738357
15020,0.704545454545455,0.704545454545455,0.480328044714338,0.0651515151515152,0.186878567263007,14.506816215852,14.506816215852
15021,0.689393939393939,0.689393939393939,0.490323755958281,0.0787878787878788,0.195573990958216,13.7134325530556,13.7134325530556
15022,0.727272727272727,0.727272727272727,0.490415193167047,0.0772727272727273,0.193538931137267,13.7600770824516,13.7600770824516
15023,0.757575757575758,0.757575757575758,0.384095829661957,0.0772727272727273,0.197347757632619,13.9003102183175,13.9003102183175
15027,0.75,0.75,0.513752241698309,0.0833333333333333,0.212623203524899,13.4114408798643,13.4114408798643
15028,0.727272727272727,0.727272727272727,0.468404429986159,0.0765151515151515,0.199292089495029,13.9639796692478,13.9639796692478
15029,0.71969696969697,0.71969696969697,0.493357797292361,0.0810606060606061,0.199133518899404,14.0280660985065,14.0280660985065
15030,0.71969696969697,0.71969696969697,0.509817326605005,0.0765151515151515,0.201296766956828,14.1103044451517,14.1103044451517
15033,0.689393939393939,0.689393939393939,0.509474216525033,0.0734848484848485,0.193363049399075,13.5520558479718,13.5520558479718
15034,0.78030303030303,0.78030303030303,0.511726044975246,0.0954545454545455,0.188301157364599,14.7981569144323,14.7981569144323
15035,0.795454545454545,0.795454545454545,0.519268127808762,0.0856060606060606,0.19089442929816,14.9378663764021,14.9378663764021
15036,0.75,0.75,0.316270081404735,0.0803030303030303,0.19643110437731,12.350014421246,12.350014421246
15039,0.75,0.75,0.473308388164726,0.0795454545454545,0.187891416104732,14.5929724690497,14.5929724690497
15041,0.734848484848485,0.734848484848485,0.10786149382875,0.0856060606060606,0.181986619085279,15.4473201305993,15.4473201305993
15043,0.742424242424242,0.742424242424242,0.178955223456701,0.0787878787878788,0.186539228834,11.9284424274976,11.9284424274976
15044,0.734848484848485,0.734848484848485,0.204515807682752,0.0878787878787879,0.190920157524928,12.0081284790638,12.0081284790638
15047,0.727272727272727,0.727272727272727,0.172510853992456,0.0742424242424242,0.181144038263147,12.6158005896016,12.6158005896016
15048,0.613636363636364,0.613636363636364,0.0567656496268021,0.0568181818181818,0.182033022463395,3.31223230582401,3.31223230582401
15049,0.689393939393939,0.689393939393939,0.211066588666868,0.0742424242424242,0.195942729724727,14.1668900884411,14.1668900884411
15050,0.704545454545455,0.704545454545455,0.0942127133744355,0.0803030303030303,0.198156428349948,12.069104126023,12.069104126023
15051,0.606060606060606,0.606060606060606,0.113271760214575,0.0712121212121212,0.188982236059755,5.72746765068677,5.72746765068677
15054,0.674242424242424,0.674242424242424,0.105665326290585,0.0848484848484849,0.185387868317769,6.05166953140792,6.05166953140792
15057,0.689393939393939,0.689393939393939,0.121880699694374,0.0909090909090909,0.186273745893005,5.84798455894634,5.84798455894634
15061,0.704545454545455,0.704545454545455,0.103884376818044,0.0893939393939394,0.188723828363228,15.6235875043854,15.6235875043854
15062,0.727272727272727,0.727272727272727,0.112598471761607,0.0818181818181818,0.186371820329269,16.1395771096646,16.1395771096646
15063,0.636363636363636,0.636363636363636,0.0683379802787044,0.0757575757575758,0.184210820331188,3.57541472506456,3.57541472506456
15064,0.636363636363636,0.636363636363636,0.233079871475911,0.0901515151515151,0.203339803115495,12.9294001124644,12.9294001124644
15065,0.651515151515151,0.651515151515151,0.251310824020405,0.103787878787879,0.195911908511102,12.1560871260819,12.1560871260819
15066,0.628787878787879,0.628787878787879,0.0831861192436309,0.0765151515151515,0.171823628340796,4.16504427326936,4.16504427326936
15067,0.666666666666667,0.666666666666667,0.0860380830327503,0.100757575757576,0.174163587296677,3.55343720711365,3.55343720711365
15068,0.628787878787879,0.628787878787879,0.0842219668103705,0.107575757575758,0.171602228900604,3.55202417045969,3.55202417045969
15069,0.598484848484849,0.598484848484849,0.0812881998683519,0.0931818181818182,0.171182495764057,3.40893881912837,3.40893881912837
15072,0.583333333333333,0.583333333333333,0.0696412496466567,0.0909090909090909,0.171480250182559,3.50856494234782,3.50856494234782
15074,0.553030303030303,0.553030303030303,0.0720039909341232,0.0901515151515151,0.209143925954507,1.73872840032907,1.73872840032907
15075,0.621212121212121,0.621212121212121,0.0531434562338003,0.103787878787879,0.17915902648494,2.89884615007539,2.89884615007539
15077,0.598484848484849,0.598484848484849,0.0617362499169536,0.0871212121212121,0.176941551578006,2.9417416340301,2.9417416340301
15079,0.613636363636364,0.613636363636364,0.0590084975878453,0.0878787878787879,0.183767815395926,3.5606637967573,3.5606637967573
15082,0.598484848484849,0.598484848484849,0.0141713080825996,0.0803030303030303,0.194002254047854,3.28820562007034,3.28820562007034
15083,0.598484848484849,0.598484848484849,0.0542247099453033,0.0833333333333333,0.220281460595375,1.76581850144544,1.76581850144544
15084,0.628787878787879,0.628787878787879,0.0204770228877403,0.0962121212121212,0.206602772630705,2.61631567962337,2.61631567962337
15085,0.643939393939394,0.643939393939394,0.0566564823126944,0.0924242424242424,0.210398369742469,2.67653710161986,2.67653710161986
15090,0.606060606060606,0.606060606060606,0.0534796218557706,0.101515151515152,0.194587404685587,2.65417121911029,2.65417121911029
15091,0.621212121212121,0.621212121212121,0.0533421775879602,0.10530303030303,0.199894493821205,1.8994917848667,1.8994917848667
15095,0.628787878787879,0.628787878787879,0.071581309531578,0.0924242424242424,0.176865498329659,3.00333434393224,3.00333434393224
15098,0.651515151515151,0.651515151515151,0.074069417527551,0.0772727272727273,0.190226874543423,2.93739085345778,2.93739085345778
15099,0.636363636363636,0.636363636363636,0.0596572995322979,0.0666666666666667,0.182179050873586,3.69959702350947,3.69959702350947
15101,0.598484848484849,0.598484848484849,0.0538406859564168,0.0689393939393939,0.190392191530523,2.85736401504796,2.85736401504796
15102,0.590909090909091,0.590909090909091,0.054198902349737,0.0734848484848485,0.191851198424945,2.64164760696873,2.64164760696873
15104,0.575757575757576,0.575757575757576,0.0745077920368672,0.0666666666666667,0.203111705302643,1.69350058855819,1.69350058855819
15106,0.568181818181818,0.568181818181818,0.0712486104667918,0.078030303030303,0.196289529549566,2.74983502697347,2.74983502697347
15107,0.590909090909091,0.590909090909091,0.0787656992313103,0.0613636363636364,0.195561094593849,2.67751903593828,2.67751903593828
15110,0.553030303030303,0.553030303030303,0.0734527760119351,0.0651515151515152,0.193130675758556,2.65201256743693,2.65201256743693
15111,0.568181818181818,0.568181818181818,0.0875864795159181,0.0659090909090909,0.178292262090668,3.34308463399494,3.34308463399494
15112,0.553030303030303,0.553030303030303,0.0789487713343364,0.0696969696969697,0.184628178317214,2.52284861516316,2.52284861516316
15113,0.553030303030303,0.553030303030303,0.0843855960674241,0.0560606060606061,0.182594909863547,3.31751092705499,3.31751092705499
15114,0.568181818181818,0.568181818181818,0.0867609799467928,0.0628787878787879,0.182217000174969,2.87836611418007,2.87836611418007
15117,0.568181818181818,0.568181818181818,0.0877634411209485,0.0575757575757576,0.180635262217845,2.88878869116804,2.88878869116804
15118,0.53030303030303,0.53030303030303,0.102711731028212,0.0636363636363636,0.17929088085299,3.56589257137691,3.56589257137691
15119,0.553030303030303,0.553030303030303,0.0875551066637539,0.0560606060606061,0.177593198575984,4.10627161205482,4.10627161205482
15120,0.568181818181818,0.568181818181818,0.0752354709297483,0.0545454545454545,0.184375888330012,3.12163907834671,3.12163907834671
15121,0.598484848484849,0.598484848484849,0.1071327487784,0.0803030303030303,0.178036442884656,3.51843383667788,3.51843383667788
15125,0.537878787878788,0.537878787878788,0.109564888692901,0.0742424242424242,0.182708297599632,2.70682283081176,2.70682283081176
15129,0.590909090909091,0.590909090909091,0.101799475550371,0.0818181818181818,0.184604431727901,2.09469987126267,2.09469987126267
15130,0.583333333333333,0.583333333333333,0.109943197660858,0.0818181818181818,0.181331703550705,2.8515410688791,2.8515410688791
15131,0.575757575757576,0.575757575757576,0.103319648787742,0.0757575757575758,0.193767240929821,1.96200554794737,1.96200554794737
15132,0.636363636363636,0.636363636363636,0.0861793056328928,0.0643939393939394,0.193482422113538,2.11115647704845,2.11115647704845
15134,0.621212121212121,0.621212121212121,0.103540511126985,0.0734848484848485,0.182125630236687,2.69206585444795,2.69206585444795
15135,0.553030303030303,0.553030303030303,0.0856478339835904,0.0613636363636364,0.174588215383009,3.02730492042153,3.02730492042153
15137,0.553030303030303,0.553030303030303,0.0797889095927368,0.0659090909090909,0.183744188803245,2.09120081653518,2.09120081653518
15139,0.553030303030303,0.553030303030303,0.0888333125963607,0.0696969696969697,0.185037563911676,2.66839505634241,2.66839505634241
15140,0.515151515151515,0.515151515151515,0.088956786711716,0.0636363636363636,0.182474233342594,1.83472363108717,1.83472363108717
15141,0.53030303030303,0.53030303030303,0.0793253978388169,0.0606060606060606,0.180007978448602,1.85350420782733,1.85350420782733
15142,0.537878787878788,0.537878787878788,0.107439814419182,0.0689393939393939,0.17451213657282,2.8776016873013,2.8776016873013
15145,0.636363636363636,0.636363636363636,0.197502077803838,0.0606060606060606,0.17645497421905,6.95408613971012,6.95408613971012
15146,0.659090909090909,0.659090909090909,0.113349163872005,0.0613636363636364,0.180988575318112,11.7152429862194,11.7152429862194
15147,0.643939393939394,0.643939393939394,0.189890173655315,0.0659090909090909,0.17548977717447,6.74596567747814,6.74596567747814
15149,0.628787878787879,0.628787878787879,0.160440140241161,0.0636363636363636,0.180630068170425,5.49403936962663,5.49403936962663
15152,0.575757575757576,0.575757575757576,0.16388896692618,0.0568181818181818,0.183629699297952,4.765494423507,4.765494423507
15153,0.613636363636364,0.613636363636364,0.173297718791034,0.0590909090909091,0.175203844169674,5.72401442367596,5.72401442367596
15154,0.575757575757576,0.575757575757576,0.167660850613871,0.0636363636363636,0.174015716906495,5.17600781083002,5.17600781083002
15155,0.568181818181818,0.568181818181818,0.137079035443851,0.0575757575757576,0.169829946986453,6.52880976737534,6.52880976737534
15156,0.568181818181818,0.568181818181818,0.181686754914795,0.0575757575757576,0.162614033947251,6.79000239623427,6.79000239623427
15157,0.598484848484849,0.598484848484849,0.18455651920402,0.0522727272727273,0.169657009934626,7.15706759851701,7.15706759851701
15159,0.568181818181818,0.568181818181818,0.166700189314896,0.0598484848484848,0.17405128988156,4.57236595135218,4.57236595135218
15161,0.575757575757576,0.575757575757576,0.17231976370354,0.0575757575757576,0.170476023331322,4.67253240764659,4.67253240764659
15162,0.568181818181818,0.568181818181818,0.184814591196099,0.0492424242424242,0.169909231499081,5.45042667163578,5.45042667163578
15164,0.560606060606061,0.560606060606061,0.177626451098598,0.053030303030303,0.172912768143754,4.5856650779344,4.5856650779344
15165,0.575757575757576,0.575757575757576,0.183926086935554,0.0613636363636364,0.173342511625621,5.13883302218102,5.13883302218102
15166,0.583333333333333,0.583333333333333,0.174657957495469,0.0575757575757576,0.173114948889067,5.75342338488425,5.75342338488425
15167,0.606060606060606,0.606060606060606,0.0965823473871851,0.0575757575757576,0.172523078481776,5.26549338117789,5.26549338117789
15168,0.659090909090909,0.659090909090909,0.116294193670346,0.0643939393939394,0.171719207215669,5.57671355327107,5.57671355327107
15169,0.606060606060606,0.606060606060606,0.15659840022909,0.053030303030303,0.172844313804469,5.29204274274008,5.29204274274008
15170,0.598484848484849,0.598484848484849,0.0910872978056687,0.0712121212121212,0.171408361758207,5.62622803827989,5.62622803827989
15173,0.636363636363636,0.636363636363636,0.164928851572878,0.0946969696969697,0.166329429387974,5.9019027752671,5.9019027752671
15174,0.643939393939394,0.643939393939394,0.10244593443683,0.0856060606060606,0.172970328015251,5.57435271912412,5.57435271912412
15175,0.583333333333333,0.583333333333333,0.148513509968497,0.071969696969697,0.170329352025769,4.62172858308898,4.62172858308898
15176,0.568181818181818,0.568181818181818,0.141385567997911,0.0886363636363636,0.17146989562355,3.86424747518199,3.86424747518199
15177,0.659090909090909,0.659090909090909,0.133934165482778,0.0628787878787879,0.171351411886086,5.16070700184821,5.16070700184821
15180,0.659090909090909,0.659090909090909,0.185040469530502,0.075,0.169633080219335,6.3857861183985,6.3857861183985
15181,0.628787878787879,0.628787878787879,0.187206807661012,0.078030303030303,0.171476996170023,6.3691762593953,6.3691762593953
15182,0.613636363636364,0.613636363636364,0.202606663194271,0.0787878787878788,0.172994921484984,6.35306712150674,6.35306712150674
15183,0.575757575757576,0.575757575757576,0.121846828304836,0.0681818181818182,0.172688550494592,4.46968083006731,4.46968083006731
15188,0.568181818181818,0.568181818181818,0.141822698319618,0.0636363636363636,0.173681117978424,4.33657297010965,4.33657297010965
15189,0.575757575757576,0.575757575757576,0.127976180520339,0.0583333333333333,0.173529359910396,4.30588410906006,4.30588410906006
15190,0.553030303030303,0.553030303030303,0.133572697509103,0.0712121212121212,0.175893421679378,3.36773197364534,3.36773197364534
15192,0.590909090909091,0.590909090909091,0.185934533766446,0.0651515151515152,0.165979317766527,4.48398002061771,4.48398002061771
15193,0.575757575757576,0.575757575757576,0.0658914221648126,0.0803030303030303,0.164432101499193,3.47208274055932,3.47208274055932
15194,0.590909090909091,0.590909090909091,0.0689512057257214,0.0712121212121212,0.163207220911903,4.34933453396855,4.34933453396855
15195,0.537878787878788,0.537878787878788,0.0390284713452836,0.0886363636363636,0.176362913453549,2.45391026402545,2.45391026402545
15197,0.560606060606061,0.560606060606061,0.100064257788032,0.0742424242424242,0.170004929462737,1.98777764726924,1.98777764726924
15202,0.568181818181818,0.568181818181818,0.0938566250641933,0.0727272727272727,0.169452348168526,2.06105920586414,2.06105920586414
15203,0.613636363636364,0.613636363636364,0.105112304683121,0.0696969696969697,0.169493751858005,3.78222739671215,3.78222739671215
15204,0.560606060606061,0.560606060606061,0.130595526690973,0.0742424242424242,0.172716346479741,3.45118207756362,3.45118207756362
15205,0.560606060606061,0.560606060606061,0.107098050580165,0.10530303030303,0.178757195113876,3.06697880235608,3.06697880235608
15208,0.522727272727273,0.522727272727273,0.0845246496554253,0.100757575757576,0.178589971597483,2.35286978149929,2.35286978149929
15209,0.568181818181818,0.568181818181818,0.126465760332736,0.100757575757576,0.178159086187451,3.72175494257705,3.72175494257705
15210,0.553030303030303,0.553030303030303,0.0896009164033403,0.0886363636363636,0.180881671722231,2.42784296523388,2.42784296523388
15211,0.553030303030303,0.553030303030303,0.104717599040782,0.0878787878787879,0.182406831123353,2.4197107145845,2.4197107145845
15212,0.484848484848485,0.484848484848485,0.0838164345093302,0.071969696969697,0.183219733172774,2.25359664011736,2.25359664011736
15215,0.53030303030303,0.53030303030303,0.1338885782129,0.0863636363636364,0.18754090181132,2.51378119273829,2.51378119273829
15216,0.5,0.5,0.131985531166677,0.0946969696969697,0.183885498004841,2.42160429372634,2.42160429372634
15217,0.492424242424242,0.492424242424242,0.133101453849194,0.0931818181818182,0.181150391710346,2.45652621074054,2.45652621074054
15219,0.492424242424242,0.492424242424242,0.109291755120952,0.0946969696969697,0.182570077042029,2.12974428966669,2.12974428966669
15220,0.53030303030303,0.53030303030303,0.105704483492972,0.0840909090909091,0.180010690413745,2.48320808148566,2.48320808148566
15222,0.560606060606061,0.560606060606061,0.128710961329031,0.0893939393939394,0.179778705944516,3.64720920524918,3.64720920524918
15223,0.590909090909091,0.590909090909091,0.127901137625366,0.0727272727272727,0.193782375062688,3.53754693544901,3.53754693544901
15225,0.621212121212121,0.621212121212121,0.126240328093157,0.0833333333333333,0.186305673228323,3.57947631546638,3.57947631546638
15226,0.606060606060606,0.606060606060606,0.130873204553702,0.0659090909090909,0.20005749576609,3.53640051357327,3.53640051357327
15228,0.560606060606061,0.560606060606061,0.125681642516007,0.0704545454545455,0.226398996782078,2.61738035687459,2.61738035687459
15229,0.560606060606061,0.560606060606061,0.121869866881408,0.0916666666666667,0.184817334132609,2.91979788446364,2.91979788446364
15230,0.522727272727273,0.522727272727273,0.15030865292406,0.0803030303030303,0.181718163914776,2.85558692372662,2.85558692372662
15231,0.545454545454545,0.545454545454545,0.145514683369482,0.0757575757575758,0.187497624436196,2.75778427391068,2.75778427391068
15232,0.522727272727273,0.522727272727273,0.149075661611567,0.0795454545454545,0.178454324052566,2.81579799370108,2.81579799370108
15233,0.560606060606061,0.560606060606061,0.148786137698648,0.0803030303030303,0.18030104213853,2.86899443847698,2.86899443847699
15236,0.560606060606061,0.560606060606061,0.151949007078369,0.0825757575757576,0.178525314767141,2.93572333954202,2.93572333954203
15237,0.537878787878788,0.537878787878788,0.149850106040395,0.115151515151515,0.18062902116142,3.0510404784293,3.0510404784293
15238,0.537878787878788,0.537878787878788,0.159763932434952,0.0818181818181818,0.17357541882106,2.94563064295733,2.94563064295733
15239,0.553030303030303,0.553030303030303,0.160231435050595,0.0787878787878788,0.174602256445092,2.93977877135967,2.93977877135967
15240,0.537878787878788,0.537878787878788,0.0287631538463099,0.0977272727272727,0.177039696823907,2.7941152036126,2.7941152036126
15243,0.575757575757576,0.575757575757576,0.122737980347294,0.0833333333333333,0.187786803193579,2.45511190791242,2.45511190791242
15244,0.53030303030303,0.53030303030303,0.060558167547717,0.0931818181818182,0.192284572321395,2.04946584410893,2.04946584410893
15245,0.522727272727273,0.522727272727273,0.127958588244953,0.0651515151515152,0.19259358423946,2.26894555424068,2.26894555424068
15246,0.537878787878788,0.537878787878788,0.135631100019766,0.0651515151515152,0.194159889847334,2.27379516074003,2.27379516074003
15247,0.537878787878788,0.537878787878788,0.126232725206671,0.0636363636363636,0.218115866307539,2.01957949017148,2.01957949017148
15248,0.537878787878788,0.537878787878788,0.121435756668425,0.0583333333333333,0.206833637047204,2.07860441483326,2.07860441483326
15249,0.515151515151515,0.515151515151515,0.115731011652793,0.0613636363636364,0.214511948735192,1.79531475619855,1.79531475619855
15250,0.53030303030303,0.53030303030303,0.121559007665203,0.0598484848484848,0.208675551947331,2.06228435372039,2.06228435372039
15252,0.537878787878788,0.537878787878788,9.24999193429577e-08,0.0795454545454545,0.22354206988257,1.85406476255877,1.85406476255877
15253,0.553030303030303,0.553030303030303,0.12572209098296,0.0757575757575758,0.208324631761462,2.45526150032549,2.45526150032549
15255,0.537878787878788,0.537878787878788,9.24999138139768e-08,0.078030303030303,0.203046448941068,2.099228564067,2.099228564067
15257,0.507575757575758,0.507575757575758,0.100979744007883,0.0613636363636364,0.183074706959501,2.16492094294592,2.16492094294592
15258,0.515151515151515,0.515151515151515,0.0471501901460686,0.0712121212121212,0.19668813025567,2.35752143272328,2.35752143272328
15260,0.5,0.5,0.112226826917583,0.0545454545454545,0.193405351314006,2.39622568019012,2.39622568019012
15261,0.5,0.5,0.120771568266048,0.0515151515151515,0.184781693517475,2.41305665830881,2.41305665830881
15264,0.492424242424242,0.492424242424242,0.111011983365173,0.0545454545454545,0.186579501201338,2.07266652862714,2.07266652862714
15265,0.5,0.5,0.11186050454166,0.0613636363636364,0.179782876068791,2.18838688263178,2.18838688263178
15266,0.575757575757576,0.575757575757576,0.173002890005195,0.0537878787878788,0.194503319823108,3.32582621965977,3.32582621965977
15267,0.537878787878788,0.537878787878788,0.153265218827357,0.0575757575757576,0.200946328998718,2.95309896064402,2.95309896064402
15268,0.560606060606061,0.560606060606061,0.174599755610406,0.0803030303030303,0.195476294807842,3.35317172363325,3.35317172363325
15271,0.583333333333333,0.583333333333333,0.180614833244895,0.108333333333333,0.195335529650907,5.35317732570561,5.35317732570561
15272,0.560606060606061,0.560606060606061,0.183126064556811,0.0674242424242424,0.181896025793228,3.77024617889373,3.77024617889373
15274,0.568181818181818,0.568181818181818,0.19342173998965,0.0674242424242424,0.183949186405737,3.83333460719332,3.83333460719332
15278,0.515151515151515,0.515151515151515,0.127402210772896,0.0575757575757576,0.180334699709392,3.01531923549193,3.01531923549193
15279,0.568181818181818,0.568181818181818,0.208576151317868,0.0575757575757576,0.180760406856042,4.76979009493032,4.76979009493032
15280,0.575757575757576,0.575757575757576,0.174773863137372,0.0825757575757576,0.183527774688074,4.00848045346064,4.00848045346064
15281,0.606060606060606,0.606060606060606,0.221341198318833,0.0689393939393939,0.181217537561889,4.64746805244052,4.64746805244052
15282,0.519230769230769,0.519230769230769,0.177084519736336,0.0728438228438228,0.177434542329012,4.27901472830388,4.27901472830388
15283,0.5,0.5,0.134251964373089,0.0920745920745921,0.178956738582693,3.18857117396376,3.18857117396376
15285,0.5,0.5,0.136749824335315,0.081002331002331,0.175764307612472,3.29709570481057,3.29709570481057
15286,0.557692307692308,0.557692307692308,0.153694383162805,0.101981351981352,0.180631257121337,4.04235260648162,4.04235260648162
15288,0.557692307692308,0.557692307692308,0.14845660991955,0.0786713286713287,0.171916255043222,3.57188622281553,3.57188622281553
15292,0.551282051282051,0.551282051282051,0.163261947989796,0.0792540792540792,0.173526009650922,4.06969488978204,4.06969488978204
15293,0.564102564102564,0.564102564102564,0.175768534439634,0.0914918414918415,0.169114096019514,4.80671421293159,4.80671421293159
15294,0.538461538461538,0.538461538461538,0.163388123443949,0.0745920745920746,0.177469664843162,4.07996606021752,4.07996606021752
15295,0.557692307692308,0.557692307692308,0.176720290781818,0.0775058275058275,0.169608197152384,4.66151830303934,4.66151830303934
15296,0.57051282051282,0.57051282051282,0.0150047723334987,0.081002331002331,0.169480534704721,4.29202056047747,4.29202056047747
15299,0.5,0.5,0.0288436110921347,0.0763403263403263,0.17906369750558,3.71674002999746,3.71674002999746
15300,0.5,0.5,0.139880537245415,0.067016317016317,0.168411379675396,4.18281303072753,4.18281303072753
15301,0.557692307692308,0.557692307692308,0.167401928574464,0.0646853146853147,0.169419075859099,4.4332389170716,4.4332389170716
15303,0.583333333333333,0.583333333333333,0.179067517284443,0.0541958041958042,0.168614623701899,4.81553765014071,4.81553765014071
15306,0.576923076923077,0.576923076923077,0.145757695669814,0.0658508158508159,0.171911821660479,4.49691229649515,4.49691229649515
15307,0.602564102564103,0.602564102564103,0.196171340020352,0.0582750582750583,0.1683385410995,4.89867841210573,4.89867841210573
15308,0.58974358974359,0.58974358974359,0.194697649097895,0.0635198135198135,0.166658042777731,4.86764430128736,4.86764430128736
15309,0.596153846153846,0.596153846153846,0.175567713640045,0.0815850815850816,0.172618002913339,4.5033524609241,4.5033524609241
15312,0.58974358974359,0.58974358974359,0.172693249616548,0.087995337995338,0.175625254366144,4.53884674348542,4.53884674348542
15313,0.564102564102564,0.564102564102564,0.18391593883102,0.0856643356643357,0.174463994194368,4.42238445850495,4.42238445850495
15315,0.564102564102564,0.564102564102564,0.131426879775105,0.0891608391608392,0.169860495864133,3.45860578966465,3.45860578966465
15316,0.57051282051282,0.57051282051282,0.167483038964709,0.0745920745920746,0.170912821487273,4.18695922170652,4.18695922170652
15317,0.58974358974359,0.58974358974359,0.188905519139707,0.0961538461538462,0.170597290344874,4.02257229569407,4.02257229569406
15318,0.583333333333333,0.583333333333333,0.170851651484035,0.0804195804195804,0.179750140410326,3.80250504218233,3.80250504218233
15320,0.532051282051282,0.532051282051282,0.163377791076462,0.0716783216783217,0.171703106589046,4.02766142539811,4.02766142539811
15321,0.538461538461538,0.538461538461538,0.152182936739849,0.0780885780885781,0.170646636677296,4.02797866806088,4.02797866806088
15322,0.583333333333333,0.583333333333333,0.180523515734116,0.0763403263403263,0.175743473945014,5.9220213213472,5.9220213213472
15323,0.576923076923077,0.576923076923077,0.14752438721277,0.0786713286713287,0.170198501745269,5.60333221576642,5.60333221576642
15324,0.557692307692308,0.557692307692308,0.137657907277143,0.0798368298368298,0.171114344582317,4.8918125394704,4.8918125394704
15327,0.576923076923077,0.576923076923077,0.149914656080092,0.0775058275058275,0.167158183751207,5.65720920489725,5.65720920489725
15328,0.557692307692308,0.557692307692308,0.157906593326957,0.0874125874125874,0.17102863716735,5.44497863904043,5.44497863904043
15329,0.551282051282051,0.551282051282051,0.142439700819767,0.0926573426573427,0.173031268009283,4.70517584784566,4.70517584784566
15330,0.557692307692308,0.557692307692308,0.121854850219618,0.0874125874125874,0.161301752230568,5.36518455968834,5.36518455968834
15331,0.532051282051282,0.532051282051282,0.154096048257514,0.0716783216783217,0.164422780407948,5.51651497759479,5.51651497759479
15335,0.525641025641026,0.525641025641026,0.133691915721107,0.0734265734265734,0.163373206813281,5.24884414583985,5.24884414583985
15336,0.544871794871795,0.544871794871795,0.122366480769155,0.0751748251748252,0.164666767103868,3.99010946996343,3.99010946996343
15337,0.551282051282051,0.551282051282051,0.15294074910291,0.0565268065268065,0.161724999975417,4.35518460142901,4.35518460142901
15341,0.544871794871795,0.544871794871795,0.115796236381073,0.0734265734265734,0.16824775329536,4.78935419576263,4.78935419576263
15342,0.57051282051282,0.57051282051282,0.116437424423785,0.0705128205128205,0.162081100023963,4.78842333771158,4.78842333771158
15345,0.544871794871795,0.544871794871795,0.135930976378124,0.0646853146853147,0.160903044766008,5.17248128693734,5.17248128693734
15347,0.666666666666667,0.666666666666667,0.14732459431386,0.0646853146853147,0.197107462542962,4.82298828709537,4.82298828709537
15349,0.608974358974359,0.608974358974359,0.175426316159532,0.0786713286713287,0.194349023804642,6.17918122304893,6.17918122304893
15352,0.673076923076923,0.673076923076923,0.167629445714444,0.0798368298368298,0.177921564167706,6.38333585642701,6.38333585642701
15356,0.653846153846154,0.653846153846154,0.233821375522203,0.0874125874125874,0.163263616953395,7.74659887861497,7.74659887861497
15357,0.66025641025641,0.66025641025641,0.190975111739534,0.0850815850815851,0.175658586717024,6.57165502432004,6.57165502432004
15358,0.685897435897436,0.685897435897436,0.189950049631719,0.0914918414918415,0.180760583613533,7.08538447103322,7.08538447103322
15359,0.615384615384615,0.615384615384615,0.128510967786196,0.0769230769230769,0.159035953525179,8.26839030853917,8.26839030853917
15362,0.647435897435897,0.647435897435897,0.11617417805114,0.0710955710955711,0.160869012379104,7.63555739803021,7.63555739803021
15363,0.673076923076923,0.673076923076923,0.137054698210704,0.0751748251748252,0.161475708975176,7.01458497320763,7.01458497320763
15364,0.628205128205128,0.628205128205128,0.115523419858004,0.074009324009324,0.16054674680533,7.70039110223909,7.70039110223909
15365,0.653846153846154,0.653846153846154,0.107625153614732,0.0705128205128205,0.16191747536042,7.73116932850795,7.73116932850795
15366,0.653846153846154,0.653846153846154,0.188818292969635,0.0990675990675991,0.162712697807276,7.16406389573256,7.16406389573256
15369,0.634615384615385,0.634615384615385,0.208405349778767,0.0938228438228438,0.161797136647339,7.79167474368509,7.79167474368509
15370,0.596153846153846,0.596153846153846,0.127239139902262,0.094988344988345,0.167419413400998,4.60279439039316,4.60279439039316
15372,0.576923076923077,0.576923076923077,0.149405997581854,0.0792540792540792,0.188532630571378,5.33662875164113,5.33662875164113
15373,0.58974358974359,0.58974358974359,0.12858004350508,0.0722610722610723,0.173895268801535,2.54288404556027,2.54288404556027
15374,0.673076923076923,0.673076923076923,0.232586818517992,0.0914918414918415,0.177535240633579,6.93945919225737,6.93945919225737
15375,0.692307692307692,0.692307692307692,0.214507699208088,0.0780885780885781,0.164926385622968,7.73823731714189,7.73823731714189
15377,0.673076923076923,0.673076923076923,0.24485339485301,0.0635198135198135,0.165127830134783,5.17261689438535,5.17261689438535
15378,0.685897435897436,0.685897435897436,0.260084970134929,0.0705128205128205,0.160290755981078,5.94662878180641,5.94662878180641
15380,0.641025641025641,0.641025641025641,0.230663022291726,0.0745920745920746,0.158367641814868,5.67412468429937,5.67412468429937
15381,0.608974358974359,0.608974358974359,0.207722498929085,0.0763403263403263,0.164186241202413,4.7417959812794,4.7417959812794
15383,0.583333333333333,0.583333333333333,0.212448227787152,0.0903263403263403,0.153936081875146,4.83018115689139,4.83018115689139
15384,0.608974358974359,0.608974358974359,0.223257289186004,0.0862470862470862,0.161086487055156,4.63461862251628,4.63461862251628
15385,0.615384615384615,0.615384615384615,0.19236241327364,0.0792540792540792,0.162911726829418,4.31953291092421,4.31953291092421
15386,0.602564102564103,0.602564102564103,0.165246920030818,0.0775058275058275,0.15571276091524,3.49056653415311,3.49056653415311
15387,0.58974358974359,0.58974358974359,0.161740241488203,0.0687645687645688,0.164003553464068,3.23846766233017,3.23846766233017
15391,0.596153846153846,0.596153846153846,0.153016497821625,0.0635198135198135,0.165585559703856,3.12230411814869,3.12230411814869
15392,0.621794871794872,0.621794871794872,0.145467686182547,0.0687645687645688,0.159017498053941,3.10826989391919,3.10826989391919
15393,0.58974358974359,0.58974358974359,0.14033901527488,0.0833333333333333,0.15035106737665,2.98650027034127,2.98650027034127
15394,0.576923076923077,0.576923076923077,0.137969517636046,0.0926573426573427,0.158310078087233,3.12408821593362,3.12408821593362
15398,0.564102564102564,0.564102564102564,0.13685988062277,0.0763403263403263,0.156805537171637,2.86003862958675,2.86003862958675
15399,0.583333333333333,0.583333333333333,0.154156353505166,0.0722610722610723,0.163944462457223,3.04074758594529,3.04074758594529
15401,0.596153846153846,0.596153846153846,0.193849729737317,0.0722610722610723,0.164903018417357,3.83394999503319,3.83394999503319
15403,0.647435897435897,0.647435897435897,0.204294688753915,0.0920745920745921,0.165561641066546,4.56322270156434,4.56322270156434
15406,0.576923076923077,0.576923076923077,0.1610548130306,0.0775058275058275,0.157716782481622,4.55457090305359,4.55457090305359
15407,0.557692307692308,0.557692307692308,0.156753274218372,0.0885780885780886,0.157096049977467,4.15702540035982,4.15702540035982
15409,0.58974358974359,0.58974358974359,0.185538099639909,0.0751748251748252,0.154694259523182,5.50807899869839,5.50807899869839
15411,0.615384615384615,0.615384615384615,0.163855013315732,0.0664335664335664,0.155507439122961,4.74867262853151,4.74867262853151
15412,0.602564102564103,0.602564102564103,0.178330827313948,0.0710955710955711,0.149353260973516,5.80057324467051,5.80057324467051
15413,0.66025641025641,0.66025641025641,0.146511408011908,0.067016317016317,0.164820844198889,4.86772541453195,4.86772541453195
15414,0.653846153846154,0.653846153846154,0.142352079348205,0.0763403263403263,0.167725886768814,5.49678111124188,5.49678111124188
15415,0.647435897435897,0.647435897435897,0.148956597095601,0.081002331002331,0.174909188276751,4.44539306379802,4.44539306379802
15418,0.67948717948718,0.67948717948718,0.226393296637846,0.0839160839160839,0.176557261244779,12.2442604227363,12.2442604227363
15419,0.685897435897436,0.685897435897436,0.161490869675822,0.0903263403263403,0.158245155449963,6.03997969126882,6.03997969126882
15420,0.67948717948718,0.67948717948718,0.123907562564271,0.0885780885780886,0.17131191745308,5.32193757152496,5.32193757152496
15421,0.653846153846154,0.653846153846154,0.129394901968343,0.0932400932400932,0.167864905110046,5.21316313078302,5.21316313078303
15422,0.57051282051282,0.57051282051282,0.119706926850249,0.0990675990675991,0.164632695806212,4.86645132136678,4.86645132136678
15425,0.641025641025641,0.641025641025641,0.131133309763039,0.0955710955710956,0.165220343309979,5.44999368458906,5.44999368458906
15426,0.647435897435897,0.647435897435897,0.144980089617906,0.106643356643357,0.161669925628536,5.23780873784209,5.23780873784209
15427,0.621794871794872,0.621794871794872,0.0836744816044194,0.0961538461538461,0.156468640663145,5.36760213310158,5.36760213310158
15428,0.602564102564103,0.602564102564103,0.0844732320547154,0.0973193473193473,0.156632344560948,5.04469296963238,5.04469296963238
15429,0.666666666666667,0.666666666666667,0.142680592400558,0.094988344988345,0.164488052375048,5.69387201371367,5.69387201371367
15431,0.596153846153846,0.596153846153846,0.162570943540351,0.107808857808858,0.1836322851239,4.9431208785859,4.9431208785859
15434,0.615384615384615,0.615384615384615,0.1584498241017,0.103146853146853,0.157099791371746,4.81283716926304,4.81283716926304
15435,0.602564102564103,0.602564102564103,0.0914800672360166,0.081002331002331,0.15190278366721,4.74519730911152,4.74519730911152
15439,0.615384615384615,0.615384615384615,0.163913318934452,0.0856643356643357,0.151599076920663,4.99183314605096,4.99183314605096
15440,0.602564102564103,0.602564102564103,0.160066704966033,0.0839160839160839,0.158749720155818,5.02355581232641,5.02355581232641
15442,0.628205128205128,0.628205128205128,0.162463676291545,0.0769230769230769,0.154316235371001,5.32288574634302,5.32288574634302
15447,0.615384615384615,0.615384615384615,0.120450864755864,0.0693473193473193,0.157145896422973,4.73915829165476,4.73915829165476
15448,0.608974358974359,0.608974358974359,0.170809775462129,0.0751748251748252,0.155872718936652,3.90525138225007,3.90525138225007
15449,0.67948717948718,0.67948717948718,0.220052343167204,0.0868298368298368,0.157313774715408,6.46625408764168,6.46625408764168
15450,0.596153846153846,0.596153846153846,0.0981534611940252,0.0780885780885781,0.155576820068226,3.31374455478981,3.31374455478981
15453,0.596153846153846,0.596153846153846,0.108122860676542,0.106060606060606,0.154678335238824,3.20295449158054,3.20295449158054
15454,0.596153846153846,0.596153846153846,0.0970424871971865,0.0734265734265734,0.156505689636178,3.39021962506955,3.39021962506955
15455,0.621794871794872,0.621794871794872,0.0959728086900296,0.0862470862470863,0.158067391875919,3.42983561774606,3.42983561774606
15461,0.641025641025641,0.641025641025641,0.107132456895011,0.123543123543124,0.156578462936011,3.38000358047607,3.38000358047607
15463,0.57051282051282,0.57051282051282,0.105839580392493,0.074009324009324,0.164367883180568,2.15743367981051,2.15743367981051
15464,0.615384615384615,0.615384615384615,0.104240280771233,0.0885780885780886,0.162132846112211,3.36177822939894,3.36177822939894
15466,0.602564102564103,0.602564102564103,0.104619001167276,0.0705128205128205,0.1551078208632,3.16677939471586,3.16677939471586
15467,0.634615384615385,0.634615384615385,0.111318752108841,0.0681818181818182,0.151722427786476,4.2411922137923,4.2411922137923
15469,0.634615384615385,0.634615384615385,0.240192739788655,0.0897435897435897,0.158641098065305,8.00440153717485,8.00440153717485
15470,0.698717948717949,0.698717948717949,0.150164317994297,0.0705128205128205,0.159326884876747,3.5714736973684,3.5714736973684
15471,0.628205128205128,0.628205128205128,0.105742108403409,0.0914918414918415,0.164080001406374,2.79487644150073,2.79487644150073
15472,0.724358974358974,0.724358974358974,0.272159533891358,0.119463869463869,0.160544869511953,9.6417317070577,9.6417317070577
15474,0.705128205128205,0.705128205128205,0.153102462435202,0.0996503496503496,0.151430172178447,5.3399170203891,5.3399170203891
15475,0.67948717948718,0.67948717948718,0.157309451662597,0.111305361305361,0.151852049982644,4.77616910601699,4.77616910601699
15476,0.685897435897436,0.685897435897436,0.162817185001174,0.0961538461538462,0.157169819235586,5.56047893955891,5.56047893955891
15478,0.717948717948718,0.717948717948718,0.155104953514568,0.1002331002331,0.157744359319982,5.62880433638712,5.62880433638712
15481,0.698717948717949,0.698717948717949,0.250001873592466,0.0862470862470863,0.182200488338574,10.7017162143576,10.7017162143576
15482,0.66025641025641,0.66025641025641,0.236797344505496,0.104312354312354,0.171949124982029,8.98153421724697,8.98153421724697
15483,0.615384615384615,0.615384615384615,0.156295135505261,0.0862470862470862,0.159059611278732,4.2463655648332,4.2463655648332
15484,0.634615384615385,0.634615384615385,0.122614949041071,0.0751748251748252,0.159057034081901,3.49282167407887,3.49282167407887
15485,0.608974358974359,0.608974358974359,0.124333754435493,0.0664335664335664,0.156875872156958,3.39446724593289,3.39446724593289
15489,0.634615384615385,0.634615384615385,0.16175447560764,0.0687645687645688,0.154949391193404,4.14065736222424,4.14065736222424
15490,0.666666666666667,0.666666666666667,0.147207190689964,0.0687645687645688,0.155470274300517,3.17408400329863,3.17408400329863
15491,0.666666666666667,0.666666666666667,0.151327915779519,0.0664335664335664,0.164522258105853,3.1860742798222,3.1860742798222
15493,0.647435897435897,0.647435897435897,0.14332808317988,0.094988344988345,0.166507717201483,2.9757919914976,2.97579199149759
15494,0.647435897435897,0.647435897435897,0.14284345264382,0.0955710955710956,0.169692570535324,3.30900913338319,3.30900913338319
15497,0.66025641025641,0.66025641025641,0.262250754911328,0.0897435897435897,0.18743347953326,9.49142952371196,9.49142952371196
15498,0.66025641025641,0.66025641025641,0.202039380016393,0.0868298368298368,0.172047304899862,5.03664729791552,5.03664729791552
15499,0.608974358974359,0.608974358974359,0.208322766224182,0.0885780885780886,0.187598710948219,5.00264464081557,5.00264464081557
15500,0.608974358974359,0.608974358974359,0.215577967052547,0.0798368298368298,0.186406185737544,5.34407714510529,5.34407714510529
15502,0.608974358974359,0.608974358974359,0.230703163926727,0.0769230769230769,0.185146353306167,5.85888599122132,5.85888599122132
15503,0.615384615384615,0.615384615384615,0.21141405951923,0.0885780885780886,0.174887266053202,4.039621169852,4.039621169852
15504,0.634615384615385,0.634615384615385,0.265312815334098,0.0815850815850816,0.184466860090686,5.89026956585995,5.89026956585995
15505,0.666666666666667,0.666666666666667,0.209878948418699,0.0780885780885781,0.175040544493037,4.58844638043284,4.58844638043284
15506,0.628205128205128,0.628205128205128,0.264240482069569,0.0792540792540792,0.187261690139555,5.6676907082381,5.6676907082381
15509,0.628205128205128,0.628205128205128,0.264707850082366,0.0745920745920746,0.185616397684062,6.03767423633422,6.03767423633422
15510,0.615384615384615,0.615384615384615,0.269984899011106,0.06002331002331,0.164875869217821,6.14148104313587,6.14148104313587
15511,0.634615384615385,0.634615384615385,0.271415786316158,0.0874125874125874,0.163130835595117,9.75385980092708,9.75385980092708
15512,0.615384615384615,0.615384615384615,0.207256547690123,0.0827505827505828,0.152725638275832,5.21973186353567,5.21973186353567
15513,0.608974358974359,0.608974358974359,0.245244842133439,0.0734265734265734,0.15319284148628,5.15774453717342,5.15774453717342
15516,0.608974358974359,0.608974358974359,0.244413230529014,0.0675990675990676,0.153303331103727,5.08503278394008,5.08503278394008
15517,0.583333333333333,0.583333333333333,0.258197180532212,0.0664335664335664,0.161346058780622,5.4231472490447,5.4231472490447
15518,0.602564102564103,0.602564102564103,0.157485263189347,0.0728438228438228,0.161897112919751,4.38687494522128,4.38687494522128
15519,0.58974358974359,0.58974358974359,0.250264718598372,0.0687645687645688,0.157255402574449,5.04974114674329,5.04974114674329
15520,0.583333333333333,0.583333333333333,0.253211460822629,0.0716783216783217,0.155443942468223,5.31148683144275,5.31148683144275
15523,0.634615384615385,0.634615384615385,0.259072324345176,0.0973193473193473,0.1621111810351,5.79513624922337,5.79513624922337
15524,0.621794871794872,0.621794871794872,0.256815500974888,0.0909090909090909,0.155327555035426,5.76559779702413,5.76559779702413
15526,0.628205128205128,0.628205128205128,0.294901090396635,0.0827505827505828,0.155988584902591,9.76114989475219,9.76114989475219
15529,0.583333333333333,0.583333333333333,0.284962454642811,0.0652680652680653,0.14620219580836,6.54723007342297,6.54723007342297
15530,0.564102564102564,0.564102564102564,0.290031092962851,0.0623543123543124,0.149027146060102,6.78696613854823,6.78696613854823
15532,0.602564102564103,0.602564102564103,0.263464882468392,0.0775058275058275,0.154309731679508,9.4854182705402,9.4854182705402
15533,0.596153846153846,0.596153846153846,0.289361632052009,0.0606060606060606,0.154375545012891,7.18794274856112,7.18794274856112
15537,0.583333333333333,0.583333333333333,0.284613906973718,0.0641025641025641,0.157386532768848,7.05131481530605,7.05131481530605
15538,0.615384615384615,0.615384615384615,0.263871894307501,0.0850815850815851,0.157884060208406,10.1543730585635,10.1543730585635
15539,0.557692307692308,0.557692307692308,0.117930511085939,0.0728438228438228,0.15024528461808,4.19526795909055,4.19526795909055
15540,0.551282051282051,0.551282051282051,0.109896398153403,0.0664335664335664,0.157897752821125,2.8055543610592,2.8055543610592
15541,0.525641025641026,0.525641025641026,0.0944669864775113,0.0769230769230769,0.159038906191109,2.66745905598018,2.66745905598018
15544,0.5,0.5,0.104998410301248,0.0710955710955711,0.163803582591964,2.39862785757629,2.39862785757629
15545,0.461538461538462,0.461538461538462,0.0937733308491216,0.0839160839160839,0.161471225840503,2.16492936380939,2.16492936380939
15546,0.455128205128205,0.455128205128205,0.10145523743401,0.0804195804195804,0.17132708156683,2.52328175984223,2.52328175984223
15547,0.480769230769231,0.480769230769231,0.0932413584551941,0.0815850815850816,0.167357721186555,2.45409567344386,2.45409567344386
15548,0.493589743589744,0.493589743589744,0.0999590896744575,0.0769230769230769,0.17221392174036,2.57873195745652,2.57873195745652
15551,0.480769230769231,0.480769230769231,0.0811447818734792,0.0798368298368298,0.169791582310731,2.41692437786047,2.41692437786047
15552,0.564102564102564,0.564102564102564,0.205870963350734,0.0757575757575758,0.175790190741107,4.63358065628071,4.63358065628071
15554,0.551282051282051,0.551282051282051,0.213290551373462,0.0681818181818182,0.169749271152293,4.74588658347523,4.74588658347523
15555,0.493589743589744,0.493589743589744,0.117925371346445,0.0705128205128205,0.167903067298684,3.08098002779406,3.08098002779406
15557,0.512820512820513,0.512820512820513,0.116941341810092,0.0710955710955711,0.179127963298977,2.72922750923142,2.72922750923142
15558,0.538461538461538,0.538461538461538,0.180274050454406,0.0641025641025641,0.182840832171854,4.05222904191708,4.05222904191708
15560,0.544871794871795,0.544871794871795,0.186816763662882,0.0757575757575758,0.191815975271771,4.33327985878601,4.33327985878601
15562,0.480769230769231,0.480769230769231,0.118744773583459,0.0751748251748252,0.179013208312578,2.38234709775647,2.38234709775647
15563,0.564102564102564,0.564102564102564,0.126444264713928,0.0775058275058275,0.191647237874397,2.59786817321646,2.59786817321646
15565,0.551282051282051,0.551282051282051,0.102169232728029,0.0815850815850816,0.165372526106461,3.49852190680716,3.49852190680716
15566,0.538461538461538,0.538461538461538,0.0946691362871133,0.0827505827505828,0.164610147299247,3.47566230865761,3.47566230865761
15568,0.557692307692308,0.557692307692308,0.0956901865179004,0.0804195804195804,0.172204153344169,3.42204551418465,3.42204551418465
15569,0.583333333333333,0.583333333333333,0.0996828382901223,0.0775058275058275,0.157277327115053,4.52552795730964,4.52552795730964
15572,0.58974358974359,0.58974358974359,0.102289711762973,0.0827505827505828,0.15539447401816,4.44914906345915,4.44914906345915
15573,0.57051282051282,0.57051282051282,0.0793323824936041,0.0839160839160839,0.158563751169379,4.31346699506526,4.31346699506526
15574,0.57051282051282,0.57051282051282,0.084054033865651,0.0780885780885781,0.164218259289359,3.54453577219145,3.54453577219145
15575,0.576923076923077,0.576923076923077,0.0870446344161474,0.0716783216783217,0.159930060680473,4.46050582677211,4.46050582677211
15576,0.576923076923077,0.576923076923077,0.10716044801412,0.0757575757575758,0.165061393697452,4.4285284663334,4.4285284663334
15579,0.636363636363636,0.636363636363636,0.0999462194370323,0.103030303030303,0.174445592010276,4.76437714010065,4.76437714010065
15580,0.643939393939394,0.643939393939394,0.0827405946923385,0.10530303030303,0.183934712215932,4.49375321410861,4.49375321410861
15581,0.666666666666667,0.666666666666667,0.105883618223004,0.0901515151515151,0.190652847418294,3.83044596237251,3.83044596237251
15582,0.666666666666667,0.666666666666667,0.105522904522476,0.0795454545454545,0.174926417942956,4.35402464745819,4.35402464745819
15583,0.636363636363636,0.636363636363636,0.100810715428488,0.0931818181818182,0.176904049583519,4.41750695828573,4.41750695828573
15584,0.598484848484849,0.598484848484849,0.00842034379287847,0.0871212121212121,0.169348466445941,4.40955772878542,4.40955772878542
15585,0.621212121212121,0.621212121212121,0.104699547736795,0.0901515151515151,0.175698850228407,3.66754286736841,3.66754286736841
15586,0.651515151515151,0.651515151515151,0.17436062610186,0.0833333333333333,0.192080186159055,4.45558033909715,4.45558033909715
15588,0.636363636363636,0.636363636363636,0.103543318473893,0.0825757575757576,0.177199526347402,3.66525360786237,3.66525360786237
15590,0.689393939393939,0.689393939393939,0.29201740576834,0.0977272727272727,0.202066418967359,14.141570505435,14.141570505435
15591,0.696969696969697,0.696969696969697,0.165069896886821,0.096969696969697,0.184268560105701,13.7543053700928,13.7543053700928
15593,0.606060606060606,0.606060606060606,0.181920777173103,0.0992424242424242,0.180931507028799,4.98054506458759,4.98054506458759
15594,0.636363636363636,0.636363636363636,0.164492292961816,0.103030303030303,0.210637434872668,5.14067529988249,5.14067529988249
15596,0.674242424242424,0.674242424242424,0.244902652834958,0.101515151515152,0.205924548077126,9.51520042075819,9.51520042075819
15597,0.651515151515151,0.651515151515151,0.215067315347966,0.106060606060606,0.193121951492096,9.58797054521058,9.58797054521058
15600,0.651515151515151,0.651515151515151,0.218325038209519,0.100757575757576,0.2032929376005,9.04192277784619,9.04192277784619
15601,0.659090909090909,0.659090909090909,0.198777229834909,0.106818181818182,0.221267072740429,7.19859178785832,7.19859178785832
15602,0.666666666666667,0.666666666666667,0.16963090839468,0.104545454545455,0.194730966359782,7.04449664217917,7.04449664217917
15603,0.666666666666667,0.666666666666667,0.204811464361764,0.104545454545455,0.207270103124673,7.12827252782355,7.12827252782355
15604,0.666666666666667,0.666666666666667,0.19696312765921,0.120454545454545,0.219115974408232,6.87791767351661,6.87791767351661
15607,0.674242424242424,0.674242424242424,0.185922368475146,0.114393939393939,0.191134137159676,7.82970906576175,7.82970906576175
15608,0.681818181818182,0.681818181818182,0.184547204584126,0.121212121212121,0.197069175272812,7.09760680435337,7.09760680435337
15609,0.674242424242424,0.674242424242424,0.20051728839745,0.104545454545455,0.204418475822254,7.06032808326639,7.06032808326639
15610,0.674242424242424,0.674242424242424,0.176990748457685,0.110606060606061,0.219857918119633,10.0411015935507,10.0411015935507
15611,0.681818181818182,0.681818181818182,0.225617392862262,0.109848484848485,0.210751109468372,11.6618388790616,11.6618388790616
15614,0.659090909090909,0.659090909090909,0.248732011406838,0.0984848484848485,0.218747798473826,11.5848255489704,11.5848255489704
15615,0.659090909090909,0.659090909090909,0.23875402443625,0.133333333333333,0.20846256479193,10.8522392454945,10.8522392454945
15617,0.674242424242424,0.674242424242424,0.248979064270646,0.0992424242424242,0.21698586316296,10.3844825752665,10.3844825752665
15618,0.689393939393939,0.689393939393939,0.216904612800574,0.104545454545455,0.294887141153163,13.0660510586794,13.0660510586794
15620,0.674242424242424,0.674242424242424,0.273392480126816,0.0946969696969697,0.312235098321124,15.3361636390669,15.3361636390669
15621,0.681818181818182,0.681818181818182,0.292444995123714,0.0878787878787879,0.318125329141806,14.119569343971,14.119569343971
15622,0.696969696969697,0.696969696969697,0.288923610976126,0.0924242424242424,0.302540078376415,14.5452981925337,14.5452981925337
15623,0.643939393939394,0.643939393939394,0.266482596569214,0.0939393939393939,0.277021966458274,14.2161537971841,14.2161537971841
15625,0.704545454545455,0.704545454545455,0.279432650055861,0.0909090909090909,0.240181305022645,9.86371827631985,9.86371827631985
15628,0.666666666666667,0.666666666666667,0.28326594777953,0.0886363636363636,0.286311894542655,8.76911312199732,8.76911312199732
15629,0.666666666666667,0.666666666666667,0.272003947465851,0.0871212121212121,0.301217458733461,13.5159378352105,13.5159378352105
15630,0.666666666666667,0.666666666666667,0.158576672348246,0.0795454545454545,0.258326427561416,18.0418064608437,18.0418064608437
15631,0.666666666666667,0.666666666666667,0.282184818376523,0.0795454545454545,0.267281291629719,12.3668728312155,12.3668728312155
15632,0.689393939393939,0.689393939393939,0.27895261830019,0.0909090909090909,0.255466221543557,13.2170567776708,13.2170567776708
15635,0.681818181818182,0.681818181818182,0.238861711208361,0.0893939393939394,0.235742536135425,12.3203874242305,12.3203874242305
15636,0.681818181818182,0.681818181818182,0.237179792976019,0.0916666666666667,0.256117862803436,13.2032629905301,13.2032629905301
15637,0.712121212121212,0.712121212121212,0.223283217529463,0.0893939393939394,0.219247274475536,13.3204518735194,13.3204518735194
15638,0.704545454545455,0.704545454545455,0.267031440446208,0.116666666666667,0.207712498292356,14.0896425775757,14.0896425775757
15644,0.727272727272727,0.727272727272727,0.266774353531723,0.103030303030303,0.217385629765441,14.065204296897,14.065204296897
15645,0.666666666666667,0.666666666666667,0.280820405570765,0.112878787878788,0.193522267366144,13.4151220970711,13.4151220970711
15648,0.689393939393939,0.689393939393939,0.280042501677833,0.0856060606060606,0.203595125539752,13.6771979657383,13.6771979657383
15649,0.643939393939394,0.643939393939394,0.20318343440993,0.0962121212121212,0.183363497728963,11.7252512852505,11.7252512852505
15650,0.628787878787879,0.628787878787879,0.19574611860025,0.114393939393939,0.171644147620145,7.48074690406103,7.48074690406103
15651,0.613636363636364,0.613636363636364,0.20296320615091,0.108333333333333,0.180835904993705,7.4302944280218,7.4302944280218
15653,0.643939393939394,0.643939393939394,0.231349767199632,0.116666666666667,0.184178473731708,9.15476298399873,9.15476298399873
15654,0.613636363636364,0.613636363636364,0.181423988082767,0.0833333333333333,0.183868845844189,6.57997186176283,6.57997186176283
15656,0.598484848484849,0.598484848484849,0.162732818971697,0.101515151515152,0.187647096461852,5.99692216687761,5.99692216687761
15657,0.606060606060606,0.606060606060606,0.185746262311243,0.112121212121212,0.190669709384462,5.9684619794346,5.9684619794346
15658,0.666666666666667,0.666666666666667,0.310385940664124,0.112878787878788,0.20706694403384,11.0650716218712,11.0650716218712
15659,0.636363636363636,0.636363636363636,0.173538296942026,0.0992424242424242,0.210044359932388,5.87103458938224,5.87103458938224
15660,0.651515151515151,0.651515151515151,0.200341994408453,0.0992424242424242,0.199707489736341,6.16265024447227,6.16265024447227
15663,0.643939393939394,0.643939393939394,0.200160367689528,0.111363636363636,0.1910008891722,6.3388839287802,6.3388839287802
15664,0.621212121212121,0.621212121212121,0.204374159565513,0.0909090909090909,0.210470923276532,6.10304218477903,6.10304218477903
15665,0.696969696969697,0.696969696969697,0.322350875767249,0.0931818181818182,0.206889208783327,12.0829849677577,12.0829849677577
15667,0.712121212121212,0.712121212121212,0.320261269479654,0.0916666666666667,0.235697083291773,11.552405171492,11.552405171492
15670,0.681818181818182,0.681818181818182,0.391435525914277,0.103030303030303,0.230374934537061,14.6136867098558,14.6136867098558
15671,0.689393939393939,0.689393939393939,0.390288178334281,0.0931818181818182,0.221588821560984,14.6052740112928,14.6052740112928
15672,0.689393939393939,0.689393939393939,0.395668752013382,0.101515151515152,0.202338080595679,15.1673351385834,15.1673351385834
15673,0.674242424242424,0.674242424242424,0.364670882154059,0.0992424242424242,0.238081247798535,13.3656497244035,13.3656497244035
15675,0.636363636363636,0.636363636363636,0.398036731160684,0.145454545454545,0.253005822276437,14.517861731755,14.517861731755
15677,0.651515151515151,0.651515151515151,0.336153371495744,0.104545454545455,0.281965070963837,12.6065485646713,12.6065485646713
15678,0.651515151515151,0.651515151515151,0.36458962316967,0.0871212121212121,0.246425990212403,13.3826890215955,13.3826890215955
15680,0.689393939393939,0.689393939393939,0.327496739004272,0.0878787878787879,0.234095077966876,11.7298679945678,11.7298679945678
15681,0.696969696969697,0.696969696969697,0.278533270387953,0.0795454545454545,0.235145515780867,11.3506330232345,11.3506330232345
15683,0.689393939393939,0.689393939393939,0.316258880093531,0.0727272727272727,0.224097333911511,11.6257474700404,11.6257474700404
15684,0.704545454545455,0.704545454545455,0.31822533376642,0.071969696969697,0.206180774239508,12.2768804122881,12.2768804122881
15685,0.689393939393939,0.689393939393939,0.421885986403947,0.0727272727272727,0.207086627641174,15.7021425440611,15.7021425440611
15686,0.704545454545455,0.704545454545454,0.419579982444289,0.0772727272727273,0.202777420560411,16.6963834453442,16.6963834453442
15687,0.696969696969697,0.696969696969697,0.326789926822637,0.0696969696969697,0.204128099636661,13.2268312976591,13.2268312976591
15688,0.727272727272727,0.727272727272727,0.360537910173164,0.101515151515152,0.183259461927984,14.8910147789392,14.8910147789392
15691,0.712121212121212,0.712121212121212,0.226250112782671,0.0772727272727273,0.275394513175838,12.4157030642072,12.4157030642072
15692,0.712121212121212,0.712121212121212,0.280251046843584,0.0863636363636364,0.190039714458886,10.1303003618665,10.1303003618665
15693,0.742424242424242,0.742424242424242,0.347839967208133,0.0787878787878788,0.188462806855093,16.0721001797795,16.0721001797795
15694,0.71969696969697,0.71969696969697,0.457732828400669,0.071969696969697,0.214958392826645,16.4899156730098,16.4899156730098
15695,0.75,0.75,0.46803303855153,0.0666666666666667,0.218633772864404,17.196939855915,17.196939855915
15701,0.681818181818182,0.681818181818182,0.193793832713233,0.0742424242424242,0.243845948438117,7.49821817944426,7.49821817944426
15702,0.674242424242424,0.674242424242424,0.206263285275465,0.0734848484848485,0.219451139524696,6.62775996474154,6.62775996474154
15707,0.712121212121212,0.712121212121212,0.211406921153093,0.0757575757575758,0.208804378452126,7.38986369831708,7.38986369831708
15708,0.71969696969697,0.71969696969697,0.309946502091737,0.0787878787878788,0.25718315808506,8.54151668522139,8.54151668522139
15712,0.681818181818182,0.681818181818182,0.215435361224275,0.0787878787878788,0.218050298837009,7.41931531381382,7.41931531381382
15713,0.704545454545455,0.704545454545455,0.261259212439537,0.0659090909090909,0.181337880250949,8.18998833460964,8.18998833460964
15715,0.712121212121212,0.712121212121212,0.213121002923572,0.0583333333333333,0.190334348683544,6.84081410609585,6.84081410609585
15719,0.772727272727273,0.772727272727273,0.309062393151702,0.0727272727272727,0.189190279115387,9.41719264633884,9.41719264633884
15720,0.734848484848485,0.734848484848485,0.313695354454918,0.0727272727272727,0.193262408036094,9.21168269274951,9.21168269274951
15721,0.71969696969697,0.71969696969697,0.323568245153945,0.0704545454545455,0.185894809564281,9.3864751385195,9.3864751385195
15722,0.681818181818182,0.681818181818182,0.365539501515308,0.0613636363636364,0.17683755663137,9.01086323838856,9.01086323838856
15723,0.712121212121212,0.712121212121212,0.15789054706985,0.075,0.180375996058422,9.10561285163341,9.10561285163341
15727,0.696969696969697,0.696969696969697,0.353947349868801,0.0590909090909091,0.177791517881095,8.95513032303533,8.95513032303533
15728,0.712121212121212,0.712121212121212,0.359816517013004,0.0643939393939394,0.172217501653999,9.8845144483642,9.8845144483642
15729,0.734848484848485,0.734848484848485,0.36595028265998,0.0681818181818182,0.171804296461224,10.1431736498793,10.1431736498793
15730,0.742424242424242,0.742424242424242,0.343646069416284,0.071969696969697,0.171547596277644,10.4639845052718,10.4639845052718
15733,0.712121212121212,0.712121212121212,0.358881286478612,0.0606060606060606,0.184977940930601,9.06887207757423,9.06887207757423
15734,0.734848484848485,0.734848484848485,0.0047399721848395,0.078030303030303,0.178914240998354,9.93608922060611,9.93608922060611
15735,0.734848484848485,0.734848484848485,0.00530203778870267,0.0772727272727273,0.184539493137996,9.61755610574994,9.61755610574994
15736,0.75,0.75,0.338388691126181,0.0818181818181818,0.195152939285396,11.520388194764,11.520388194764
15740,0.734848484848485,0.734848484848485,0.368591364884247,0.0818181818181818,0.200982581740353,21.601394591949,21.601394591949
15741,0.727272727272727,0.727272727272727,0.253034282385213,0.0787878787878788,0.194830504378125,8.88749336476889,8.88749336476889
15743,0.712121212121212,0.712121212121212,0.446468598364852,0.0795454545454545,0.232938480851858,17.7662756108214,17.7662756108214
15744,0.689393939393939,0.689393939393939,0.349869860037658,0.0871212121212121,0.221789843374178,12.5426997640809,12.5426997640809
15746,0.772727272727273,0.772727272727273,0.462415957384318,0.078030303030303,0.188541476226129,14.8457206600923,14.8457206600923
15748,0.742424242424242,0.742424242424242,0.289233413369649,0.0840909090909091,0.210000361045724,19.5373443628843,19.5373443628843
15749,0.742424242424242,0.742424242424242,0.338982249556894,0.0818181818181818,0.204777322580194,14.7386329287508,14.7386329287508
15750,0.71969696969697,0.71969696969697,0.368941780668649,0.0651515151515152,0.203109867015002,9.48723586485427,9.48723586485427
15751,0.71969696969697,0.71969696969697,0.362871530763933,0.071969696969697,0.221538443288668,9.27762519849977,9.27762519849977
15755,0.727272727272727,0.727272727272727,0.353617780379423,0.0742424242424242,0.196819059025975,9.90956190965136,9.90956190965136
15756,0.757575757575758,0.757575757575758,0.00475501061101238,0.0833333333333333,0.216342399762685,9.81081690805902,9.81081690805902
15757,0.742424242424242,0.742424242424242,0.00522412405990549,0.0931818181818182,0.207053743311359,10.9409495503677,10.9409495503677
15758,0.75,0.75,0.00543307787719218,0.0901515151515151,0.202325819741943,11.1123453439179,11.1123453439179
15761,0.712121212121212,0.712121212121212,0.188863368656602,0.0681818181818182,0.183535210002711,12.416352656497,12.416352656497
15762,0.689393939393939,0.689393939393939,0.244967529182344,0.0818181818181818,0.198071019593645,6.16342653977687,6.16342653977687
15763,0.765151515151515,0.765151515151515,0.329945268120778,0.0878787878787879,0.186210804644879,10.6315928557738,10.6315928557738
15764,0.78030303030303,0.78030303030303,0.29980116508735,0.0840909090909091,0.187331664688637,10.5334803699181,10.5334803699181
15765,0.742424242424242,0.742424242424242,0.28383415390601,0.0803030303030303,0.17221572632446,10.9564503147451,10.9564503147451
15768,0.75,0.75,0.279506206764133,0.0795454545454545,0.169812014353017,11.680668612489,11.680668612489
15770,0.742424242424242,0.742424242424242,0.148753018220489,0.0553030303030303,0.17536243177244,10.023364570183,10.023364570183
15771,0.78030303030303,0.78030303030303,0.267810304111624,0.0704545454545455,0.177506492942165,19.4246612599299,19.4246612599299
15773,0.772727272727273,0.772727272727273,0.239621667298862,0.0704545454545455,0.175318727060802,20.7030077258436,20.7030077258436
15774,0.757575757575758,0.757575757575758,0.106132889006239,0.0772727272727273,0.172722569031572,22.0817085119319,22.0817085119319
15776,0.765151515151515,0.765151515151515,0.28801641090243,0.0696969696969697,0.181725553946241,29.8552500818214,29.8552500818214
15777,0.75,0.75,0.293728160135332,0.0772727272727273,0.174392871916692,29.9651405016559,29.9651405016559
15778,0.765151515151515,0.765151515151515,0.30046338359369,0.0916666666666667,0.170820668430731,28.1568402257037,28.1568402257037
15779,0.742424242424242,0.742424242424242,0.292590864469205,0.0818181818181818,0.168580031231239,28.4373101918894,28.4373101918894
15783,0.727272727272727,0.727272727272727,0.293002447149137,0.0878787878787879,0.169454229794107,27.8856415255886,27.8856415255886
15784,0.742424242424242,0.742424242424242,0.303899894696504,0.0946969696969697,0.177554303812224,27.8703139283794,27.8703139283794
15785,0.742424242424242,0.742424242424242,0.317179075292368,0.0772727272727273,0.185568738664698,27.4522348985885,27.4522348985885
15786,0.734848484848485,0.734848484848485,0.0944288467270107,0.0727272727272727,0.181730774519634,24.6853223238016,24.6853223238016
15790,0.712121212121212,0.712121212121212,0.300782597575419,0.0833333333333333,0.185638207704468,27.4329069524069,27.4329069524069
15791,0.727272727272727,0.727272727272727,0.0938853552759572,0.0931818181818182,0.178712310827409,19.2166531094925,19.2166531094925
15792,0.734848484848485,0.734848484848485,0.0484809078152214,0.0924242424242424,0.175422782188576,20.2350350270572,20.2350350270572
15796,0.681818181818182,0.681818181818182,0.0859687605193719,0.0871212121212121,0.176067366539435,19.6586942602052,19.6586942602052
15797,0.696969696969697,0.696969696969697,0.0899046787927683,0.0787878787878788,0.177010121515404,19.0366369415972,19.0366369415972
15798,0.734848484848485,0.734848484848485,0.0668768436428129,0.0848484848484849,0.173578269114927,20.137619815852,20.137619815852
15799,0.742424242424242,0.742424242424242,0.0839405808936471,0.0893939393939394,0.181678406983247,19.5588152913415,19.5588152913415
15801,0.674242424242424,0.674242424242424,0.0888289999338237,0.1,0.203269065827611,13.9015951679346,13.9015951679346
15804,0.71969696969697,0.71969696969697,0.07400178108246,0.0704545454545455,0.204978423964615,18.3565146200498,18.3565146200498
15805,0.75,0.75,0.0862407461440682,0.0924242424242424,0.210801874717624,18.6686541084157,18.6686541084157
15806,0.734848484848485,0.734848484848485,0.0827794954129938,0.0803030303030303,0.193673289550222,18.7188516900333,18.7188516900333
15807,0.689393939393939,0.689393939393939,0.467182180417699,0.0901515151515151,0.200120717187322,20.8597624207512,20.8597624207512
15810,0.742424242424242,0.742424242424242,0.480367057845258,0.0840909090909091,0.179317628352991,22.1305769035869,22.1305769035869
15812,0.696969696969697,0.696969696969697,0.447877186999404,0.0962121212121212,0.199629545468966,20.7380990204914,20.7380990204914
15813,0.704545454545455,0.704545454545455,0.301919290669347,0.101515151515152,0.212683384701152,22.9918959496303,22.9918959496303
15814,0.696969696969697,0.696969696969697,0.312401269344289,0.0886363636363636,0.20449897984506,23.2931414149914,23.2931414149914
15817,0.734848484848485,0.734848484848485,0.411909809151216,0.078030303030303,0.218766387175703,20.4683108778378,20.4683108778378
15818,0.704545454545455,0.704545454545455,0.384134554935709,0.0856060606060606,0.240875801530402,20.1225097569472,20.1225097569472
15819,0.704545454545455,0.704545454545455,0.416353889908789,0.0901515151515151,0.241619167973754,20.425264110843,20.425264110843
15820,0.727272727272727,0.727272727272727,0.412807279721494,0.0795454545454545,0.223006677049743,23.0626780656793,23.0626780656793
15821,0.734848484848485,0.734848484848485,0.508071298936733,0.0825757575757576,0.215868866426298,20.3152599176135,20.3152599176135
15827,0.712121212121212,0.712121212121212,0.524020373070203,0.0856060606060606,0.202567193247352,20.9709150469843,20.9709150469843
15828,0.704545454545455,0.704545454545455,0.492207311027846,0.0856060606060606,0.218262995828567,20.160045156429,20.160045156429
15829,0.704545454545455,0.704545454545455,0.393850826805789,0.0954545454545455,0.221383954294175,22.7996145131831,22.7996145131831
15831,0.742424242424242,0.742424242424242,0.394471856626853,0.0931818181818182,0.203282320880651,23.0218722538831,23.0218722538831
15832,0.712121212121212,0.712121212121212,0.0851198517087283,0.0787878787878788,0.192106501859607,9.69898159159801,9.69898159159801
15833,0.712121212121212,0.712121212121212,0.145601475439957,0.0689393939393939,0.189261993907249,10.48736820668,10.48736820668
15834,0.712121212121212,0.712121212121212,0.150522658634635,0.0583333333333333,0.220645205296402,10.402660874558,10.402660874558
15836,0.712121212121212,0.712121212121212,0.173233621154648,0.0856060606060606,0.200100083133677,20.6090321596081,20.6090321596081
15837,0.71969696969697,0.71969696969697,0.378617487157631,0.0704545454545455,0.18686767545891,12.4080359804899,12.4080359804899
15838,0.696969696969697,0.696969696969697,0.00394798952856305,0.0818181818181818,0.181531509513681,13.0757333956779,13.0757333956779
15839,0.651515151515151,0.651515151515151,0.0879371210419094,0.0946969696969697,0.195551048628391,5.86994738594338,5.86994738594338
15840,0.704545454545455,0.704545454545455,0.0909422495603023,0.0651515151515152,0.190158258698359,6.30638719352084,6.30638719352083
15841,0.651515151515151,0.651515151515151,0.0860655932567892,0.0727272727272727,0.187564660774586,5.69300194953576,5.69300194953576
15842,0.643939393939394,0.643939393939394,0.091328024020053,0.0757575757575758,0.18340509851488,6.51145315929533,6.51145315929533
15846,0.621212121212121,0.621212121212121,0.0898383074165773,0.0787878787878788,0.193440565783423,5.87015835414726,5.87015835414726
15847,0.651515151515151,0.651515151515151,0.10123495293172,0.0939393939393939,0.21744764927819,5.28406859234179,5.28406859234179
15848,0.651515151515151,0.651515151515151,0.0863975048357785,0.0674242424242424,0.209583126107388,4.61898724388276,4.61898724388276
15849,0.636363636363636,0.636363636363636,0.111090388427444,0.0757575757575758,0.198594379251191,5.34722298872693,5.34722298872693
15853,0.643939393939394,0.643939393939394,0.110484293795471,0.078030303030303,0.208724101872736,5.25636021737376,5.25636021737376
15854,0.681818181818182,0.681818181818182,0.11243731120977,0.0757575757575758,0.181875599880601,7.01055930512146,7.01055930512146
15856,0.651515151515151,0.651515151515151,0.117141457645804,0.078030303030303,0.202493107316142,6.72321809809664,6.72321809809664
15858,0.681818181818182,0.681818181818182,0.12023970922337,0.0840909090909091,0.200844078360615,6.05717248565051,6.05717248565051
15859,0.659090909090909,0.659090909090909,0.125310061523369,0.0916666666666667,0.198379206321673,5.98235505849838,5.98235505849838
15862,0.659090909090909,0.659090909090909,0.12586612543217,0.0931818181818182,0.182763110091376,6.05050376070958,6.05050376070958
15864,0.666666666666667,0.666666666666667,0.114084508818311,0.0939393939393939,0.192114809126575,5.90350365132954,5.90350365132954
15865,0.71969696969697,0.71969696969697,0.00351187414777525,0.0863636363636364,0.175440925823663,10.0137777575646,10.0137777575646
15867,0.704545454545455,0.704545454545455,0.131882276490316,0.0916666666666667,0.206097127512394,8.4105867498572,8.4105867498572
15868,0.71969696969697,0.71969696969697,0.253905273090491,0.0962121212121212,0.199268315917782,9.80722483101331,9.80722483101331
15869,0.689393939393939,0.689393939393939,0.0688793732646139,0.0863636363636364,0.181015896981484,5.10420753316894,5.10420753316894
15870,0.659090909090909,0.659090909090909,0.0694415260281133,0.0856060606060606,0.192921028152156,4.49866804791886,4.49866804791886
15873,0.674242424242424,0.674242424242424,0.126560411460289,0.0886363636363636,0.187049024560918,6.48533069759009,6.48533069759008
15874,0.659090909090909,0.659090909090909,0.0676031430497975,0.0962121212121212,0.176784033537051,4.62605475497972,4.62605475497972
15875,0.734848484848485,0.734848484848485,0.499208933011129,0.0916666666666667,0.1939225334819,11.7826981871486,11.7826981871486
15876,0.704545454545455,0.704545454545455,0.290026784084887,0.0909090909090909,0.202332043282025,10.2123816024089,10.2123816024089
15877,0.643939393939394,0.643939393939394,0.0682415071889244,0.106060606060606,0.184202711900112,5.37041520528662,5.37041520528662
15881,0.628787878787879,0.628787878787879,0.0698344187490755,0.0992424242424242,0.203028632633984,4.82648655694803,4.82648655694803
15882,0.606060606060606,0.606060606060606,0.0685029709484807,0.109848484848485,0.203313209502474,3.92970786462543,3.92970786462543
15883,0.590909090909091,0.590909090909091,0.0663001346026009,0.121969696969697,0.23929558046212,3.45050956551769,3.45050956551769
15884,0.590909090909091,0.590909090909091,0.0649813882443729,0.106818181818182,0.218944308158421,4.3070013018517,4.3070013018517
15887,0.583333333333333,0.583333333333333,0.0647955810562814,0.115151515151515,0.212034846398877,3.33819039920001,3.33819039920001
15888,0.583333333333333,0.583333333333333,0.0632612764182714,0.112878787878788,0.210568746046715,3.35851861468556,3.35851861468556
15889,0.544871794871795,0.544871794871795,0.230621403448018,0.0827505827505828,0.246680185837071,9.55030082418978,9.55030082418978
15892,0.576923076923077,0.576923076923077,0.264981923033835,0.0979020979020979,0.214768061608189,9.72863883142134,9.72863883142134
15894,0.519230769230769,0.519230769230769,0.0647946261838995,0.0868298368298368,0.245654321549882,4.31960677529678,4.31960677529678
15896,0.58974358974359,0.58974358974359,0.461916155804378,0.087995337995338,0.256638879412115,14.3053906573572,14.3053906573572
15897,0.551282051282051,0.551282051282051,0.476146990827619,0.0914918414918415,0.268601200167516,17.8966981972152,17.8966981972152
15901,0.5,0.5,0.0614009497668046,0.11013986013986,0.182758644188609,3.50756487432113,3.50756487432113
15902,0.5,0.5,0.0613681739008119,0.100815850815851,0.191618897894603,3.48682855435881,3.48682855435881
15903,0.506410256410256,0.506410256410256,0.0692735431560108,0.0909090909090909,0.174860059931696,3.80110854026861,3.80110854026861
15904,0.525641025641026,0.525641025641026,0.146911162138022,0.0979020979020979,0.175301441122656,5.63822629565056,5.63822629565056
15905,0.564102564102564,0.564102564102564,0.144363678970456,0.0844988344988345,0.181207918492988,6.26009860253291,6.26009860253291
15908,0.538461538461538,0.538461538461538,0.186458440949682,0.081002331002331,0.212953330875164,5.45538799744565,5.45538799744565
15910,0.576923076923077,0.576923076923077,0.00534695120376122,0.0792540792540792,0.18491500081619,6.03127354880739,6.03127354880739
15911,0.57051282051282,0.57051282051282,0.103440115544228,0.0710955710955711,0.194129633902038,5.9679276761223,5.9679276761223
15912,0.544871794871795,0.544871794871795,0.153774233471006,0.0798368298368298,0.184651221364774,6.20058794877606,6.20058794877606
15915,0.557692307692308,0.557692307692308,0.153600231836187,0.0821678321678322,0.188268997532515,6.19107794949628,6.19107794949628
15916,0.544871794871795,0.544871794871795,0.158628318270987,0.074009324009324,0.205442860284098,6.13287988303531,6.13287988303531
15917,0.557692307692308,0.557692307692308,0.157292039392035,0.0804195804195804,0.187468269814389,6.10276107008346,6.10276107008346
15918,0.557692307692308,0.557692307692308,0.148834836385696,0.0769230769230769,0.187798753316749,6.13115785831418,6.13115785831418
15919,0.557692307692308,0.557692307692308,0.15245404208131,0.0885780885780886,0.192878921622428,6.11548058127793,6.11548058127793
15920,0.564102564102564,0.564102564102564,0.152116786131843,0.0775058275058275,0.197735709692706,6.15384309408719,6.15384309408719
15921,0.538461538461538,0.538461538461538,0.154599636015793,0.0617715617715618,0.181662600894177,5.60728147566959,5.60728147566959
15922,0.583333333333333,0.583333333333333,0.133757015703995,0.0798368298368298,0.191712543769155,19.6733928693648,19.6733928693648
15924,0.576923076923077,0.576923076923077,0.137324202078794,0.0804195804195804,0.213086439282476,19.4472989281001,19.4472989281001
15925,0.564102564102564,0.564102564102564,0.13829322115269,0.0815850815850816,0.225572796616108,18.1344999726993,18.1344999726993
15927,0.557692307692308,0.557692307692308,0.147405713415033,0.0821678321678322,0.226350494048472,18.9954756100689,18.9954756100689
15928,0.615384615384615,0.615384615384615,0.109073879602078,0.0751748251748252,0.173409447045166,16.5465784347685,16.5465784347685
15930,0.583333333333333,0.583333333333333,0.1393541930798,0.0938228438228438,0.174776996260105,6.60882285791027,6.60882285791027
15931,0.557692307692308,0.557692307692308,0.14575885910919,0.0973193473193473,0.174414355053017,6.55363005962778,6.55363005962778
15933,0.608974358974359,0.608974358974359,0.191585370463786,0.104312354312354,0.17106901602552,14.9642308772895,14.9642308772895
15936,0.615384615384615,0.615384615384615,0.176164594502541,0.113053613053613,0.168517540487471,15.9037296060659,15.9037296060659
15937,0.602564102564103,0.602564102564103,0.192656212927117,0.0850815850815851,0.185242328122346,14.4510663296671,14.4510663296671
15938,0.583333333333333,0.583333333333333,0.154154403700828,0.0944055944055944,0.176499185575074,6.49445517217317,6.49445517217317
15939,0.58974358974359,0.58974358974359,0.143140952467891,0.107808857808858,0.163773938539628,6.43550896192351,6.43550896192351
15940,0.666666666666667,0.666666666666667,0.235883316566771,0.0868298368298368,0.17387229226296,15.3999030402924,15.3999030402924
15943,0.641025641025641,0.641025641025641,0.23815462875663,0.087995337995338,0.164371010611285,15.9270111289161,15.9270111289161
15944,0.615384615384615,0.615384615384615,0.163097345901762,0.103729603729604,0.163280417282957,6.66947460575483,6.66947460575483
15945,0.621794871794872,0.621794871794872,0.165549660735181,0.0844988344988345,0.171024107853148,7.31350109429368,7.31350109429368
15946,0.653846153846154,0.653846153846154,0.246456059286057,0.0850815850815851,0.165818302905529,16.7082105780451,16.7082105780451
15947,0.647435897435897,0.647435897435897,0.238203273081774,0.0716783216783217,0.167013587194752,15.8301477800581,15.8301477800581
15949,0.641025641025641,0.641025641025641,0.173750343522153,0.0734265734265734,0.172579642456408,7.96558035190047,7.96558035190047
15952,0.698717948717949,0.698717948717949,0.201713202493551,0.0769230769230769,0.181294609842588,11.9847301919169,11.9847301919169
15955,0.673076923076923,0.673076923076923,0.166914348558817,0.0821678321678322,0.168661122551088,12.3390318453776,12.3390318453776
15956,0.647435897435897,0.647435897435897,0.172431328171133,0.0623543123543124,0.174627801555642,12.4518084232966,12.4518084232966
15957,0.615384615384615,0.615384615384615,0.168196486775665,0.0716783216783217,0.192394852532527,11.3247958990781,11.3247958990781
15958,0.628205128205128,0.628205128205128,0.178137642864589,0.0815850815850816,0.180720824011688,8.02013892368191,8.02013892368191
15960,0.641025641025641,0.641025641025641,0.159960944166255,0.0798368298368298,0.187187752299126,7.48727213833004,7.48727213833004
15961,0.647435897435897,0.647435897435897,0.279131019394681,0.0734265734265734,0.180544270997445,10.4923161534533,10.4923161534533
15964,0.647435897435897,0.647435897435897,0.281773283256782,0.0693473193473193,0.181535346826227,10.5603956237944,10.5603956237944
15965,0.628205128205128,0.628205128205128,0.286385577026152,0.0769230769230769,0.179670275031001,10.4774495853026,10.4774495853026
15966,0.621794871794872,0.621794871794872,0.281869842740017,0.067016317016317,0.180639175257107,10.5956006776611,10.5956006776611
15967,0.583333333333333,0.583333333333333,0.254888702656513,0.0658508158508159,0.171167842366692,9.94399865237899,9.94399865237899
15968,0.647435897435897,0.647435897435897,0.220047901192989,0.0792540792540793,0.173891223245924,9.51530470398972,9.51530470398972
15971,0.647435897435897,0.647435897435897,0.256928379630201,0.0862470862470862,0.167659232380293,10.293977010477,10.293977010477
15972,0.634615384615385,0.634615384615385,0.250432574353126,0.0775058275058275,0.174032655831946,10.0713232425635,10.0713232425635
15973,0.67948717948718,0.67948717948718,0.262373074508889,0.0844988344988345,0.175079588243215,9.85855719300298,9.85855719300298
15974,0.66025641025641,0.66025641025641,0.247848882793473,0.0874125874125874,0.169713296037847,9.96693602903264,9.96693602903264
15975,0.685897435897436,0.685897435897436,0.265079502133486,0.0716783216783217,0.167600947703193,11.192379134776,11.192379134776
15978,0.705128205128205,0.705128205128205,0.418735495407424,0.0606060606060606,0.173933751660409,12.8157260045772,12.8157260045772
15979,0.653846153846154,0.653846153846154,0.0814500494025688,0.0786713286713287,0.168589298252955,7.43792734843403,7.43792734843402
15982,0.724358974358974,0.724358974358974,0.313349559773535,0.0839160839160839,0.182599703301786,9.39579492045617,9.39579492045617
15983,0.711538461538462,0.711538461538462,0.312259039438527,0.0897435897435897,0.207820737976862,8.75000682441426,8.75000682441426
15984,0.756410256410256,0.756410256410256,0.26556830556934,0.0705128205128205,0.212340131876095,13.655750684375,13.655750684375
15985,0.743589743589744,0.743589743589744,0.465226698513882,0.0716783216783217,0.212493057732724,14.0354146551078,14.0354146551078
15987,0.75,0.75,0.468758462768402,0.0734265734265734,0.245662999047405,14.1288090448951,14.1288090448951
15988,0.737179487179487,0.737179487179487,0.449141584166317,0.0699300699300699,0.207341529549003,13.8868152432643,13.8868152432643
15990,0.711538461538462,0.711538461538462,0.443023055536179,0.0868298368298368,0.195210578504636,13.6897880242355,13.6897880242355
15992,0.737179487179487,0.737179487179487,0.459895554973628,0.0705128205128205,0.218103770726367,13.8377898313933,13.8377898313933
15993,0.737179487179487,0.737179487179487,0.44634314998792,0.087995337995338,0.220761839458963,13.740345394237,13.740345394237
15994,0.724358974358974,0.724358974358974,0.447694387107586,0.0705128205128205,0.194321629125298,14.2591202076827,14.2591202076827
15995,0.730769230769231,0.730769230769231,0.452552396804962,0.0722610722610723,0.23435352141264,13.6215579940576,13.6215579940576
15996,0.692307692307692,0.692307692307692,0.449621162644316,0.0914918414918415,0.198186087177815,13.3833889163511,13.3833889163511
15999,0.711538461538462,0.711538461538462,0.45485388946493,0.0868298368298368,0.19532922621921,13.5282379556269,13.5282379556269
16000,0.692307692307692,0.692307692307692,0.452679408201273,0.0868298368298368,0.217082730599242,13.4021738202426,13.4021738202426
16001,0.67948717948718,0.67948717948718,0.438854251840179,0.0874125874125874,0.224442788681804,12.8917391065927,12.8917391065927
16002,0.634615384615385,0.634615384615385,0.426114951792548,0.0984848484848485,0.233588115719289,12.1167939912861,12.1167939912861
16003,0.641025641025641,0.641025641025641,0.340200247425833,0.0804195804195804,0.213236592612156,6.88959838631347,6.88959838631347
16007,0.615384615384615,0.615384615384615,0.150333907117044,0.0979020979020979,0.214919619061443,5.42842369528756,5.42842369528756
16008,0.634615384615385,0.634615384615385,0.193385394539468,0.0891608391608392,0.202028287579481,5.43225348306676,5.43225348306676
16009,0.666666666666667,0.666666666666667,0.0955601932674068,0.0885780885780886,0.184363882607182,4.96641052663464,4.96641052663464
16010,0.67948717948718,0.67948717948718,0.0935863440002666,0.0891608391608392,0.196618481461723,6.1510206624037,6.1510206624037
16011,0.673076923076923,0.673076923076923,0.0908825535444248,0.087995337995338,0.184541924044788,6.04589850111849,6.04589850111849
16012,0.647435897435897,0.647435897435897,0.0944131356856373,0.0868298368298368,0.208670373254649,6.27150849673982,6.27150849673982
16013,0.666666666666667,0.666666666666667,0.126408308398406,0.0868298368298368,0.211011154879122,6.6187630778798,6.6187630778798
16015,0.67948717948718,0.67948717948718,0.154162508312508,0.0897435897435897,0.199569287629348,4.98786952522062,4.98786952522062
16016,0.602564102564103,0.602564102564103,0.147675208576594,0.0827505827505828,0.166122212919093,5.50378839540926,5.50378839540926
16018,0.634615384615385,0.634615384615385,0.119035288378339,0.0885780885780886,0.169334297764832,5.50501693349245,5.50501693349245
16019,0.628205128205128,0.628205128205128,0.15383211983626,0.0932400932400932,0.165070093244466,6.21377343938943,6.21377343938943
16021,0.641025641025641,0.641025641025641,0.141775227655179,0.108974358974359,0.186720883984875,5.36092720906929,5.3609272090693
16022,0.628205128205128,0.628205128205128,0.167165845054424,0.107808857808858,0.198956390265834,5.10389338042503,5.10389338042503
16023,0.596153846153846,0.596153846153846,0.179010806282854,0.0920745920745921,0.173294401928741,5.02938363628166,5.02938363628166
16024,0.653846153846154,0.653846153846154,0.199818947999935,0.104895104895105,0.205375301017254,5.8178305932726,5.8178305932726
16027,0.634615384615385,0.634615384615385,0.166256094947604,0.0798368298368298,0.193377406418842,4.91867440030269,4.91867440030269
16028,0.621794871794872,0.621794871794872,0.160135298447356,0.0850815850815851,0.188041897099601,3.55332761769702,3.55332761769702
16029,0.621794871794872,0.621794871794872,0.151371591488444,0.0885780885780886,0.188246910893604,3.64454321675795,3.64454321675795
16030,0.576923076923077,0.576923076923077,0.142866453193836,0.0751748251748252,0.184141143672391,3.56492978787242,3.56492978787242
16031,0.583333333333333,0.583333333333333,0.11939191862842,0.0815850815850816,0.204631500182902,3.16064644343132,3.16064644343132
16034,0.5,0.5,0.104065459245809,0.0944055944055944,0.188952052881525,1.96789716324936,1.96789716324936
16035,0.525641025641026,0.525641025641026,0.105210774895388,0.103729603729604,0.213935286644949,1.90457160363143,1.90457160363143
16036,0.525641025641026,0.525641025641026,0.105027339652495,0.0926573426573427,0.197070520379518,1.93094201179982,1.93094201179982
16038,0.506410256410256,0.506410256410256,0.103032176805238,0.11013986013986,0.198245852482991,1.86134722136979,1.86134722136979
16041,0.493589743589744,0.493589743589744,0.0937442418768377,0.106643356643357,0.24843414371521,1.71777482540613,1.71777482540613
16042,0.506410256410256,0.506410256410256,0.103107686877451,0.116550116550117,0.250762656522023,1.79458195574327,1.79458195574327
16043,0.512820512820513,0.512820512820513,0.101646478990909,0.114219114219114,0.226670118070899,1.78072449944711,1.78072449944711
16045,0.564102564102564,0.564102564102564,0.115387773634295,0.101981351981352,0.192894884014118,2.16582752999822,2.16582752999822
16046,0.525641025641026,0.525641025641026,0.105563297314197,0.106643356643357,0.182949674937702,2.14019884277776,2.14019884277776
16047,0.557692307692308,0.557692307692308,0.098057790400886,0.104895104895105,0.171041388315015,2.14353335602268,2.14353335602268
16048,0.615384615384615,0.615384615384615,0.11793564174389,0.0996503496503496,0.183763907283341,2.60322738279624,2.60322738279624
16050,0.58974358974359,0.58974358974359,0.108480748903151,0.0973193473193473,0.174858865481102,2.17990435747279,2.17990435747279
16051,0.564102564102564,0.564102564102564,0.136956534524318,0.114801864801865,0.168705023904887,2.96866512018,2.96866512018
16052,0.615384615384615,0.615384615384615,0.150275464438309,0.0932400932400932,0.180339115476845,2.89134353009052,2.89134353009052
16055,0.653846153846154,0.653846153846154,0.162285121717085,0.0763403263403263,0.166552604047902,3.49374911271814,3.49374911271814
16056,0.685897435897436,0.685897435897436,0.0346240840624601,0.0932400932400932,0.1761509847122,3.90882565378674,3.90882565378674
16057,0.653846153846154,0.653846153846154,0.189846480871604,0.0792540792540792,0.162810533296396,4.45597422716538,4.45597422716538
16058,0.647435897435897,0.647435897435897,0.187478669752036,0.0926573426573427,0.19015481242843,9.98100841959506,9.98100841959506
16059,0.685897435897436,0.685897435897436,0.192315080644176,0.0891608391608392,0.183255557846029,10.1108394360782,10.1108394360782
16062,0.634615384615385,0.634615384615385,0.119579950351683,0.0979020979020979,0.189610826318039,9.32632550495532,9.32632550495532
16066,0.692307692307692,0.692307692307692,0.137450518544542,0.0862470862470862,0.198578649134818,12.9290766975738,12.9290766975738
16069,0.724358974358974,0.724358974358974,0.19030793636096,0.0955710955710956,0.209134354367083,11.7182769840977,11.7182769840977
16074,0.634615384615385,0.634615384615385,0.173564358362594,0.0955710955710956,0.174690499115912,9.07982283257563,9.07982283257563
16077,0.628205128205128,0.628205128205128,0.234975368245963,0.0914918414918415,0.196008545793781,14.8832646398827,14.8832646398827
16078,0.698717948717949,0.698717948717949,0.16715425924431,0.106643356643357,0.19422421227382,6.33439193228448,6.33439193228448
16080,0.698717948717949,0.698717948717949,0.194459318192212,0.0728438228438228,0.189902164058791,4.83696244502351,4.83696244502351
16083,0.730769230769231,0.730769230769231,0.229027191125491,0.0920745920745921,0.21235637298476,8.71548812864324,8.71548812864324
16084,0.685897435897436,0.685897435897436,0.205530734528342,0.0745920745920746,0.177038496376516,5.33131802947325,5.33131802947325
16085,0.666666666666667,0.666666666666667,0.158989821116701,0.0984848484848485,0.177653692996092,3.70400456905368,3.70400456905368
16086,0.673076923076923,0.673076923076923,0.191811809100447,0.0856643356643357,0.184989790542927,6.94059158062263,6.94059158062263
16087,0.685897435897436,0.685897435897436,0.231120406290334,0.0769230769230769,0.16272008389557,6.20014638664322,6.20014638664322
16091,0.66025641025641,0.66025641025641,0.161671292381066,0.0821678321678322,0.192985527623728,6.42449897586849,6.42449897586849
16092,0.653846153846154,0.653846153846154,0.11720957681001,0.0815850815850816,0.167179169341432,7.05461527329653,7.05461527329653
16093,0.66025641025641,0.66025641025641,0.142862301690631,0.0815850815850816,0.174560808057426,7.10683405043728,7.10683405043728
16094,0.634615384615385,0.634615384615385,0.16699503995378,0.0856643356643357,0.207370716521423,6.1429812790148,6.1429812790148
16097,0.653846153846154,0.653846153846154,0.157978726972132,0.081002331002331,0.194128821587012,6.12782954153899,6.12782954153899
16098,0.608974358974359,0.608974358974359,0.132548826391114,0.0885780885780886,0.182391810788178,2.53235353424136,2.53235353424136
16099,0.634615384615385,0.634615384615385,0.315225830184103,0.0827505827505828,0.178463131035608,9.13345591662487,9.13345591662487
16100,0.641025641025641,0.641025641025641,0.269215586657479,0.0775058275058275,0.194785627017391,8.24780107548173,8.24780107548173
16101,0.666666666666667,0.666666666666667,0.313925092320664,0.0909090909090909,0.176214397976619,9.28147293505067,9.28147293505067
16105,0.692307692307692,0.692307692307692,0.316969619203464,0.0821678321678322,0.178189483167835,9.14018303261192,9.14018303261192
16106,0.641025641025641,0.641025641025641,0.309394914720256,0.0804195804195804,0.180563623005634,8.96365610000878,8.96365610000879
16107,0.673076923076923,0.673076923076923,0.156224093765533,0.087995337995338,0.170710003061129,4.91766570547237,4.91766570547237
16108,0.641025641025641,0.641025641025641,0.150148722480557,0.101398601398601,0.29091443961614,3.86774786427459,3.86774786427459
16110,0.628205128205128,0.628205128205128,0.152676154537069,0.0984848484848485,0.211239866548401,2.63896823002867,2.63896823002867
16111,0.58974358974359,0.58974358974359,0.114358483831362,0.0920745920745921,0.185182604703724,2.1298991773708,2.1298991773708
16113,0.653846153846154,0.653846153846154,0.151857260686679,0.0804195804195804,0.196311617071159,2.62828389905534,2.62828389905534
16114,0.621794871794872,0.621794871794872,0.12976216165449,0.0792540792540792,0.183816933246684,3.24274092195613,3.24274092195613
16115,0.698717948717949,0.698717948717949,0.17535374905498,0.0745920745920746,0.183813921511968,4.50398242583076,4.50398242583076
16119,0.685897435897436,0.685897435897436,0.194024215925546,0.0763403263403263,0.180431317278726,4.55011013433382,4.55011013433382
16120,0.666666666666667,0.666666666666667,0.21833706703112,0.0914918414918415,0.174447152990606,4.72056989380736,4.72056989380736
16121,0.666666666666667,0.666666666666667,0.200925572368232,0.081002331002331,0.162806683975175,5.22900985954193,5.22900985954194
16122,0.698717948717949,0.698717948717949,0.210294275401553,0.0804195804195804,0.169823950854026,5.43167656029912,5.43167656029912
16125,0.67948717948718,0.67948717948718,0.104689211884865,0.0804195804195804,0.180592558776161,4.40790947008146,4.40790947008146
16126,0.685897435897436,0.685897435897436,0.110902770570857,0.0716783216783217,0.186336989161175,3.7886846159558,3.7886846159558
16127,0.66025641025641,0.66025641025641,0.105370309492052,0.0932400932400932,0.182717263965002,4.56539699355432,4.56539699355432
16128,0.685897435897436,0.685897435897436,0.130736297534485,0.0751748251748252,0.163183601320998,5.06720565510947,5.06720565510947
16129,0.685897435897436,0.685897435897436,0.110340184555239,0.0920745920745921,0.17682478435623,4.58537090116432,4.58537090116432
16130,0.641025641025641,0.641025641025641,0.113192392814142,0.087995337995338,0.166547287297546,3.63221054853153,3.63221054853153
16131,0.717948717948718,0.717948717948718,0.123280441467889,0.107226107226107,0.171473071786666,4.95152095296681,4.95152095296681
16133,0.705128205128205,0.705128205128205,0.115137981670544,0.103146853146853,0.162688493538195,5.13103220793709,5.13103220793709
16135,0.685897435897436,0.685897435897436,0.0992205543309368,0.102564102564103,0.165312516806905,4.97337024988181,4.97337024988181
16136,0.711538461538462,0.711538461538462,0.102463819582845,0.0996503496503496,0.161637696060987,5.24195914103756,5.24195914103756
16138,0.653846153846154,0.653846153846154,0.121611662891451,0.0839160839160839,0.158088283470753,4.5128067589665,4.5128067589665
16139,0.628205128205128,0.628205128205128,0.126389887741208,0.0780885780885781,0.164189342985662,3.88986253947713,3.88986253947713
16140,0.641025641025641,0.641025641025641,0.106921670062457,0.0827505827505828,0.173879976928565,4.35122131476255,4.35122131476255
16141,0.647435897435897,0.647435897435897,0.123171490002501,0.0786713286713287,0.181984697545213,4.1442477808438,4.1442477808438
16142,0.67948717948718,0.67948717948718,0.114832057827786,0.0745920745920746,0.164344206605921,4.88776702384434,4.88776702384434
16143,0.647435897435897,0.647435897435897,0.108554296879726,0.0909090909090909,0.197560196083052,4.3668392720389,4.3668392720389
16146,0.685897435897436,0.685897435897436,0.102077009907386,0.0891608391608392,0.159789895130823,4.92622948320088,4.92622948320088
16147,0.653846153846154,0.653846153846154,0.113872900353169,0.0897435897435897,0.17754557677747,4.58014141790594,4.58014141790594
16148,0.66025641025641,0.66025641025641,0.105957366678185,0.0821678321678322,0.179069746813793,4.70383103917781,4.70383103917781
16149,0.673076923076923,0.673076923076923,0.102996721975147,0.0798368298368298,0.183181713947053,4.77097480580128,4.77097480580128
16150,0.621794871794872,0.621794871794872,0.103585067632504,0.0903263403263403,0.173665567527255,4.69043478528932,4.69043478528932
16153,0.628205128205128,0.628205128205128,0.0605205913882424,0.0914918414918415,0.168974902424834,4.36141733609366,4.36141733609366
16155,0.641025641025641,0.641025641025641,0.101074244534805,0.0885780885780886,0.18792464087432,4.44223936737786,4.44223936737786
16156,0.647435897435897,0.647435897435897,0.113591030619528,0.0722610722610723,0.177445903814344,3.94556378360885,3.94556378360885
16157,0.634615384615385,0.634615384615385,0.114209107742348,0.0839160839160839,0.172457689403751,3.93763595556165,3.93763595556165
16160,0.58974358974359,0.58974358974359,0.0995011735696296,0.0885780885780886,0.160212216116001,5.32557406559874,5.32557406559874
16162,0.602564102564103,0.602564102564103,0.0985003508353171,0.0920745920745921,0.162979240242752,4.66681081240746,4.66681081240746
16163,0.634615384615385,0.634615384615385,0.0889103726413727,0.0973193473193473,0.153401554679612,4.8014899111289,4.8014899111289
16164,0.641025641025641,0.641025641025641,0.101768428397567,0.0990675990675991,0.169283517372631,4.36990274519841,4.36990274519841
16166,0.634615384615385,0.634615384615385,0.0886508061827839,0.0850815850815851,0.178498185482276,4.20891560514811,4.20891560514811
16168,0.628205128205128,0.628205128205128,0.10107998883394,0.0990675990675991,0.181157979738272,4.10130237596894,4.10130237596894
16169,0.602564102564103,0.602564102564103,0.0850329042948889,0.0984848484848485,0.176650233672336,3.79380742965677,3.79380742965677
16171,0.608974358974359,0.608974358974359,0.0822682225906141,0.0984848484848485,0.173435668365161,3.91590101260887,3.91590101260887
16172,0.641025641025641,0.641025641025641,0.099834643067309,0.0722610722610723,0.171585271278293,5.20086901953621,5.20086901953621
16174,0.621794871794872,0.621794871794872,0.0846811327514346,0.0763403263403263,0.167596329661589,4.03977275357104,4.03977275357104
16175,0.628205128205128,0.628205128205128,0.084171156298441,0.0652680652680653,0.170514851742723,4.23105031307001,4.23105031307001
16176,0.641025641025641,0.641025641025641,0.0855676233759989,0.0699300699300699,0.170560869118309,4.87507442135999,4.87507442135999
16177,0.615384615384615,0.615384615384615,0.0850049229846835,0.0699300699300699,0.169395779175657,4.87115730661031,4.87115730661031
16182,0.641025641025641,0.641025641025641,0.0844405222912353,0.0641025641025641,0.176941483414418,4.76429499985439,4.76429499985439
16183,0.647435897435897,0.647435897435897,0.0868132604679254,0.0652680652680653,0.175109696544551,4.30334205613869,4.30334205613869
16184,0.647435897435897,0.647435897435897,0.0840219545049049,0.0699300699300699,0.172554942329219,4.80538529916661,4.80538529916661
16185,0.66025641025641,0.66025641025641,0.0799557237280911,0.0664335664335664,0.170790941988851,5.47302852849192,5.47302852849192
16188,0.634615384615385,0.634615384615385,0.0794606975303239,0.0693473193473193,0.172622301279259,4.8427969785538,4.8427969785538
16190,0.621794871794872,0.621794871794872,0.0764931777800029,0.0769230769230769,0.167707145345732,4.7766715212968,4.7766715212968
16192,0.653846153846154,0.653846153846154,0.101628486541863,0.0996503496503496,0.174211874522816,7.90245619153909,7.90245619153909
16193,0.634615384615385,0.634615384615385,0.0988907007591862,0.0734265734265734,0.189558425174738,6.12726672660291,6.12726672660291
16195,0.634615384615385,0.634615384615385,0.114072802447029,0.0897435897435897,0.178636555984206,7.88840269519067,7.88840269519067
16196,0.628205128205128,0.628205128205128,0.108251982832571,0.0769230769230769,0.166503083700931,5.25808363626312,5.25808363626312
16198,0.692307692307692,0.692307692307692,0.116673503946427,0.0769230769230769,0.191818316338259,7.29453053658219,7.29453053658218
16199,0.634615384615385,0.634615384615385,0.0914647046486599,0.0827505827505828,0.212929233104524,5.103163921998,5.103163921998
16201,0.653846153846154,0.653846153846154,0.110601129513144,0.0757575757575758,0.186530461753324,5.36879732770224,5.36879732770224
16202,0.634615384615385,0.634615384615385,0.175612050929578,0.0611888111888112,0.181700526247102,6.11560518617961,6.11560518617961
16203,0.666666666666667,0.666666666666667,0.119800716007953,0.0716783216783217,0.18274603187716,11.0155636426706,11.0155636426706
16204,0.67948717948718,0.67948717948718,0.110052333134527,0.0728438228438228,0.200054460344483,10.3912055279886,10.3912055279886
16205,0.634615384615385,0.634615384615385,0.0984664010778689,0.0722610722610723,0.197564122367251,10.4588420402942,10.4588420402942
16206,0.628205128205128,0.628205128205128,0.0905099716215574,0.0751748251748252,0.219655185347569,11.8740120585318,11.8740120585318
16209,0.596153846153846,0.596153846153846,0.0993143408986705,0.0716783216783217,0.225357975971472,11.7304412973333,11.7304412973333
16210,0.608974358974359,0.608974358974359,0.110920386830813,0.0734265734265734,0.208646110159377,12.340840341591,12.340840341591
16211,0.628205128205128,0.628205128205128,0.0954667327838189,0.0798368298368298,0.225237044428481,9.62071204202853,9.62071204202853
16212,0.647435897435897,0.647435897435897,0.113234894179276,0.0821678321678322,0.170500028450879,11.0289073843069,11.0289073843069
16213,0.628205128205128,0.628205128205128,0.19984911011201,0.0745920745920746,0.182489591072529,9.10102424594256,9.10102424594256
16217,0.641025641025641,0.641025641025641,0.111668404300365,0.0804195804195804,0.161000027749976,12.5083829664234,12.5083829664234
16218,0.641025641025641,0.641025641025641,0.125086948558084,0.0798368298368298,0.167560265943328,11.7885200092291,11.7885200092291
16220,0.641025641025641,0.641025641025641,0.109570863751287,0.0798368298368298,0.160584571273036,12.5490814913676,12.5490814913676
16223,0.615384615384615,0.615384615384615,0.113019467177716,0.0757575757575758,0.165919242121682,11.9714729666279,11.9714729666279
16224,0.596153846153846,0.596153846153846,0.133189261665708,0.0786713286713287,0.181325996058884,11.8343368789528,11.8343368789528
16226,0.641025641025641,0.641025641025641,0.121472114851905,0.0775058275058275,0.175191991876391,11.0079741399227,11.0079741399227
16227,0.634615384615385,0.634615384615385,0.119004576471768,0.0815850815850816,0.17619734431696,11.0568623499236,11.0568623499236
16229,0.653846153846154,0.653846153846154,0.224364651843323,0.0606060606060606,0.164887849652557,8.13190991475575,8.13190991475575
16231,0.673076923076923,0.673076923076923,0.225354795281439,0.0611888111888112,0.163790456946366,7.86096762757169,7.86096762757168
16232,0.66025641025641,0.66025641025641,0.178745120778867,0.0641025641025641,0.163638984625821,8.53246098582295,8.53246098582295
16234,0.66025641025641,0.66025641025641,0.19787597511205,0.0693473193473193,0.163182340279053,8.82629589008383,8.82629589008383
16237,0.647435897435897,0.647435897435897,0.134208191810745,0.0675990675990676,0.16847982637583,8.98338440546282,8.98338440546282
16238,0.615384615384615,0.615384615384615,0.136961603714672,0.0728438228438228,0.171184280812682,9.9267848542176,9.9267848542176
16239,0.628205128205128,0.628205128205128,0.312367979255739,0.0693473193473193,0.17477198883747,12.441971348121,12.441971348121
16241,0.666666666666667,0.666666666666667,0.401748709130233,0.067016317016317,0.193052365336771,18.3162390224717,18.3162390224717
16244,0.641025641025641,0.641025641025641,0.395183325866368,0.0710955710955711,0.184461153608704,17.1854342240613,17.1854342240613
16245,0.628205128205128,0.628205128205128,0.398219207953835,0.0623543123543124,0.172720310567025,18.9679633749812,18.9679633749812
16246,0.673076923076923,0.673076923076923,0.41253271066364,0.0687645687645688,0.17293345511072,18.0897165936449,18.0897165936449
16247,0.75,0.75,0.387332619755651,0.0795454545454545,0.187137028190692,21.8719182214828,21.8719182214828
16248,0.727272727272727,0.727272727272727,0.349852388394162,0.0931818181818182,0.181768366401361,21.3696431356421,21.3696431356421
16251,0.757575757575758,0.757575757575758,0.317568828697886,0.0909090909090909,0.180882649534276,15.5853444448565,15.5853444448565
16252,0.742424242424242,0.742424242424242,0.341279862574527,0.0916666666666667,0.183010999806437,22.0620439201043,22.0620439201043
16253,0.727272727272727,0.727272727272727,0.321946791523512,0.10530303030303,0.172495856433616,15.1858089641165,15.1858089641165
16254,0.666666666666667,0.666666666666667,0.4205479559806,0.0977272727272727,0.190330071990613,15.9232311159168,15.9232311159168
16255,0.696969696969697,0.696969696969697,0.418540797955004,0.107575757575758,0.175878667061637,16.9237831125514,16.9237831125514
16256,0.704545454545455,0.704545454545455,0.390878305126341,0.0833333333333333,0.175131235646545,17.1384541031714,17.1384541031714
16258,0.681818181818182,0.681818181818182,0.393519276655696,0.078030303030303,0.178526484355919,16.3330452041818,16.3330452041818
16259,0.689393939393939,0.689393939393939,0.30350070222307,0.0840909090909091,0.17791828960656,16.0309879655912,16.0309879655912
16261,0.712121212121212,0.712121212121212,0.405900166165466,0.0954545454545455,0.165945427271847,17.7905116884862,17.7905116884862
16262,0.674242424242424,0.674242424242424,0.402466750055383,0.0992424242424242,0.176314223398271,16.3267296949642,16.3267296949642
16265,0.704545454545455,0.704545454545455,0.346441691658714,0.0803030303030303,0.174560416676618,17.6255249964801,17.6255249964801
16266,0.704545454545455,0.704545454545455,0.365040862371454,0.101515151515152,0.171105441465639,18.0722905379704,18.0722905379704
16267,0.704545454545455,0.704545454545455,0.365376162475791,0.101515151515152,0.18042103391852,17.2618866076505,17.2618866076505
16268,0.75,0.75,0.37341373429921,0.0992424242424242,0.172196895193758,17.3345292107459,17.3345292107459
16269,0.712121212121212,0.712121212121212,0.3416733488427,0.1,0.175431476520753,14.1304061818557,14.1304061818557
16272,0.689393939393939,0.689393939393939,0.328442024248809,0.0931818181818182,0.190840526688935,13.3980135813393,13.3980135813393
16273,0.757575757575758,0.757575757575758,0.373619934138637,0.0878787878787879,0.173700458501097,14.812633488905,14.812633488905
16274,0.734848484848485,0.734848484848485,0.370975046138253,0.0977272727272727,0.17052732178404,14.6961366596081,14.6961366596081
16275,0.71969696969697,0.71969696969697,0.223624420090338,0.0772727272727273,0.171995673901746,7.85360711654477,7.85360711654477
16276,0.674242424242424,0.674242424242424,0.216289155856343,0.0757575757575758,0.170960705618794,7.06800702251665,7.06800702251665
16279,0.689393939393939,0.689393939393939,0.228059471741685,0.0848484848484848,0.177815592238373,7.20858664498169,7.20858664498169
16280,0.674242424242424,0.674242424242424,0.244465486862285,0.0757575757575758,0.165225481528,8.44223744708028,8.44223744708028
16281,0.704545454545455,0.704545454545455,0.283753644644195,0.0992424242424242,0.16807413112497,9.94648235061491,9.94648235061491
16282,0.712121212121212,0.712121212121212,0.21414552343957,0.0962121212121212,0.172427091651506,15.3356819412757,15.3356819412757
16283,0.712121212121212,0.712121212121212,0.214904073637607,0.0825757575757576,0.168649845889696,10.2897537785382,10.2897537785382
16286,0.674242424242424,0.674242424242424,0.0902718955646934,0.0931818181818182,0.165694346081423,9.29700186629067,9.29700186629067
16287,0.666666666666667,0.666666666666667,0.228666902443981,0.078030303030303,0.164815344424127,9.59107315016445,9.59107315016445
16289,0.647435897435897,0.647435897435897,0.215598065999373,0.0769230769230769,0.156745488612933,9.09649164393609,9.09649164393609
16290,0.615384615384615,0.615384615384615,0.196893251573866,0.0798368298368298,0.164425084256051,8.5094662538534,8.5094662538534
16291,0.596153846153846,0.596153846153846,0.204075841162048,0.100815850815851,0.156502468834448,8.62765347293216,8.62765347293216
16292,0.634615384615385,0.634615384615385,0.240886793912503,0.0827505827505828,0.153967786635575,9.33847361602535,9.33847361602535
16295,0.608974358974359,0.608974358974359,0.228773775451197,0.0844988344988345,0.159091488838802,9.1461353738427,9.1461353738427
16296,0.596153846153846,0.596153846153846,0.234075782929181,0.0926573426573427,0.162255938817462,8.84810036291948,8.84810036291948
16300,0.608974358974359,0.608974358974359,0.234140401744287,0.0926573426573427,0.160467385684476,9.04909188894731,9.04909188894731
16301,0.583333333333333,0.583333333333333,0.212883411078002,0.100815850815851,0.167607671998822,8.26691899918102,8.26691899918102
16302,0.608974358974359,0.608974358974359,0.257239194942807,0.0833333333333333,0.157289961280974,9.87965351824842,9.87965351824842
16303,0.608974358974359,0.608974358974359,0.154211364342577,0.0850815850815851,0.183273492340327,6.96825255880412,6.96825255880412
16304,0.628205128205128,0.628205128205128,0.180104041829552,0.0815850815850816,0.176401468258512,8.40547153657668,8.40547153657668
16307,0.615384615384615,0.615384615384615,0.151726670234796,0.0804195804195804,0.185594031849545,7.24519610990949,7.24519610990949
16308,0.628205128205128,0.628205128205128,0.1746284096444,0.087995337995338,0.168723736304841,8.0933108266409,8.0933108266409
16309,0.621794871794872,0.621794871794872,0.211344450728316,0.0839160839160839,0.166351048532638,9.25113973330683,9.25113973330683
16310,0.634615384615385,0.634615384615385,0.295552857679723,0.0926573426573427,0.177733696540751,10.3158731523947,10.3158731523947
16311,0.621794871794872,0.621794871794872,0.185276606172372,0.0844988344988345,0.169919447008688,10.068221017317,10.068221017317
16314,0.641025641025641,0.641025641025641,0.133589923787773,0.0856643356643357,0.16109358591751,14.4640518056222,14.4640518056222
16317,0.608974358974359,0.608974358974359,0.115954350078807,0.1002331002331,0.196651346528002,10.6151170222116,10.6151170222116
16318,0.628205128205128,0.628205128205128,0.130017273674772,0.0885780885780886,0.174932853366831,10.8010681308374,10.8010681308374
16320,0.621794871794872,0.621794871794872,0.126147640475331,0.0891608391608392,0.169705977691196,10.3856007325354,10.3856007325354
16322,0.67948717948718,0.67948717948718,0.131076271082067,0.0850815850815851,0.161382133547588,11.1485985150269,11.1485985150269
16323,0.666666666666667,0.666666666666667,0.132940367771352,0.0932400932400932,0.171981008947223,10.9675889997532,10.9675889997532
16325,0.66025641025641,0.66025641025641,0.130469678662922,0.0804195804195804,0.159304841771368,12.4420591473695,12.4420591473695
16328,0.634615384615385,0.634615384615385,0.139499185404801,0.106643356643357,0.182999590516489,10.3265599665845,10.3265599665845
16329,0.628205128205128,0.628205128205128,0.140011329709826,0.105477855477855,0.159688091243989,11.0902585703999,11.0902585703999
16330,0.673076923076923,0.673076923076923,0.316977099338999,0.0804195804195804,0.155518103254329,13.564796284865,13.564796284865
16331,0.66025641025641,0.66025641025641,0.281737202691409,0.0839160839160839,0.159065845249188,14.4514076659518,14.4514076659518
16332,0.621794871794872,0.621794871794872,0.233238936393032,0.0973193473193473,0.168407475533875,13.2018497887276,13.2018497887276
16335,0.66025641025641,0.66025641025641,0.27535130928959,0.0973193473193473,0.155752603427782,14.3908440517609,14.3908440517609
16336,0.685897435897436,0.685897435897436,0.27662181893886,0.0856643356643357,0.158212788394626,14.3499625090799,14.3499625090799
16337,0.653846153846154,0.653846153846154,0.28560729801596,0.081002331002331,0.161246726558191,14.7576776237729,14.7576776237729
16338,0.66025641025641,0.66025641025641,0.294140523142148,0.0757575757575758,0.161349278663199,14.9455826194395,14.9455826194395
16339,0.653846153846154,0.653846153846154,0.107231885283892,0.0757575757575758,0.162172112107724,12.3325039166307,12.3325039166307
16342,0.602564102564103,0.602564102564103,0.188523382897843,0.067016317016317,0.169664490284297,10.4624144782488,10.4624144782488
16343,0.596153846153846,0.596153846153846,0.197986045671557,0.0734265734265734,0.164180354098142,7.65832717540683,7.65832717540683
16344,0.596153846153846,0.596153846153846,0.202242240205665,0.0821678321678322,0.161170602161962,6.639763531355,6.639763531355
16345,0.634615384615385,0.634615384615385,0.125026017777178,0.0839160839160839,0.158643274605372,6.34703322264308,6.34703322264308
16346,0.66025641025641,0.66025641025641,0.170969769974143,0.087995337995338,0.1607409284982,7.936664381217,7.936664381217
16347,0.66025641025641,0.66025641025641,0.143343648500937,0.0903263403263403,0.163490380101932,9.45105644988678,9.45105644988678
16349,0.608974358974359,0.608974358974359,0.140805566559955,0.0833333333333333,0.159259602512744,5.70088103223944,5.70088103223944
16350,0.602564102564103,0.602564102564103,0.171152069393112,0.0856643356643357,0.152914845868653,8.80106455029812,8.80106455029812
16352,0.596153846153846,0.596153846153846,0.154322985877827,0.0856643356643357,0.158914401391181,6.17473324364786,6.17473324364786
16353,0.621794871794872,0.621794871794872,0.161825995339398,0.100815850815851,0.165146053522626,6.36013728616131,6.36013728616131
16354,0.621794871794872,0.621794871794872,0.146011352328824,0.1002331002331,0.162845689360621,5.96488065847915,5.96488065847915
16355,0.628205128205128,0.628205128205128,0.206101857005947,0.0856643356643357,0.161264247602107,7.0819707538342,7.0819707538342
16356,0.647435897435897,0.647435897435897,0.15221148520615,0.087995337995338,0.161548420771262,7.9101573932887,7.9101573932887
16357,0.608974358974359,0.608974358974359,0.152676143074298,0.087995337995338,0.16518629535942,7.10973878281151,7.10973878281151
16358,0.698717948717949,0.698717948717949,0.189181967376973,0.0856643356643357,0.200769600007168,9.18644924779123,9.18644924779123
16359,0.576923076923077,0.576923076923077,0.135832825506464,0.0757575757575758,0.165947943638889,6.82514058444707,6.82514058444707
16360,0.602564102564103,0.602564102564103,0.152108559440496,0.0751748251748252,0.173887040897375,7.82500334657552,7.82500334657552
16363,0.621794871794872,0.621794871794872,0.148929243289163,0.0891608391608392,0.174559839403521,7.42611595337798,7.42611595337798
16364,0.647435897435897,0.647435897435897,0.152035425596748,0.0839160839160839,0.263447387990927,8.58053955051964,8.58053955051965
16365,0.628205128205128,0.628205128205128,0.145556427375557,0.0827505827505828,0.234171309345561,8.13950145311998,8.13950145311998
16366,0.692307692307692,0.692307692307692,0.215100546818438,0.0699300699300699,0.234277004117632,5.96426701979479,5.9642670197948
16367,0.647435897435897,0.647435897435897,0.164778359807641,0.0710955710955711,0.217505099806676,5.25178212135557,5.25178212135557
16370,0.596153846153846,0.596153846153846,0.151149842215052,0.0798368298368298,0.203981429242629,5.11985427888202,5.11985427888202
16372,0.608974358974359,0.608974358974359,0.150763001835853,0.114801864801865,0.174492938361713,5.69696110019457,5.69696110019457
16373,0.583333333333333,0.583333333333333,0.172399639685749,0.0932400932400932,0.210353644542315,6.72296293790338,6.72296293790338
16374,0.602564102564103,0.602564102564103,0.177992101180759,0.0996503496503496,0.207735850805684,6.62461615102604,6.62461615102604
16376,0.608974358974359,0.608974358974359,0.178129689862406,0.102564102564103,0.199451891077567,6.91461263365022,6.91461263365022
16377,0.58974358974359,0.58974358974359,0.159225575157916,0.124708624708625,0.183156670249147,7.0187011630858,7.0187011630858
16378,0.647435897435897,0.647435897435897,0.164864325242985,0.0944055944055944,0.169610758855136,7.74138826157889,7.74138826157889
16380,0.647435897435897,0.647435897435897,0.198366761949923,0.0728438228438228,0.200943807771504,7.79980224688098,7.79980224688098
16381,0.608974358974359,0.608974358974359,0.21020923663955,0.0874125874125874,0.176602243963002,8.23984337279035,8.23984337279035
16382,0.602564102564103,0.602564102564103,0.164801919187606,0.074009324009324,0.189288200433399,7.58787832599982,7.58787832599982
16383,0.628205128205128,0.628205128205128,0.18602366645072,0.0926573426573427,0.206004896233593,6.99516107119897,6.99516107119898
16386,0.647435897435897,0.647435897435897,0.193988309643716,0.0932400932400932,0.208434471602616,7.28800836968957,7.28800836968957
16387,0.647435897435897,0.647435897435897,0.189949526402777,0.0617715617715618,0.247716870616266,7.00968498613065,7.00968498613065
16388,0.641025641025641,0.641025641025641,0.131157813081686,0.0687645687645688,0.213324127698882,6.67627143966714,6.67627143966714
16391,0.602564102564103,0.602564102564103,0.0945937848675506,0.0716783216783217,0.217222939776092,6.69358718765852,6.69358718765852
16392,0.653846153846154,0.653846153846154,0.142620416176933,0.0728438228438228,0.254104287726156,7.30536151423071,7.30536151423071
16393,0.647435897435897,0.647435897435897,0.0958871893909872,0.0699300699300699,0.216464972293768,6.39737601569164,6.39737601569164
16394,0.647435897435897,0.647435897435897,0.168573130441549,0.0839160839160839,0.257478992381486,6.84580433376351,6.84580433376351
16395,0.621794871794872,0.621794871794872,0.152981259707024,0.0868298368298368,0.303666252205802,6.34476535939582,6.34476535939582
16398,0.641025641025641,0.641025641025641,0.156403655025847,0.0920745920745921,0.235216965675795,6.65143419078301,6.65143419078301
16399,0.621794871794872,0.621794871794872,0.149072530028255,0.0699300699300699,0.310181953470435,5.93953347903307,5.93953347903307
16400,0.621794871794872,0.621794871794872,0.123571802596005,0.0850815850815851,0.283083035879089,5.84051736547964,5.84051736547964
16402,0.583333333333333,0.583333333333333,0.110440584008322,0.0780885780885781,0.231961761880894,4.68046701536257,4.68046701536257
16406,0.628205128205128,0.628205128205128,0.120912783035223,0.0722610722610723,0.198290471251419,3.51169356738348,3.51169356738348
16407,0.615384615384615,0.615384615384615,0.101101597126382,0.0705128205128205,0.188420102661367,3.64552406639458,3.64552406639458
16409,0.634615384615385,0.634615384615385,0.109114411643348,0.0769230769230769,0.165422738544559,5.37459339230245,5.37459339230245
16410,0.628205128205128,0.628205128205128,0.0981016684255054,0.0909090909090909,0.16434966207739,5.24714457583141,5.24714457583141
16412,0.653846153846154,0.653846153846154,0.110362645158703,0.0920745920745921,0.163233327709892,5.26294369973228,5.26294369973228
16413,0.647435897435897,0.647435897435897,0.119332458705189,0.0909090909090909,0.159826585145747,5.93994157957884,5.93994157957884
16415,0.653846153846154,0.653846153846154,0.156422251011551,0.0938228438228438,0.158636924319176,6.04481176011653,6.04481176011653
16416,0.602564102564103,0.602564102564103,0.115135389925537,0.104312354312354,0.156637546425891,3.66358748369662,3.66358748369662
16419,0.57051282051282,0.57051282051282,0.0985786874045506,0.0693473193473193,0.187039264187112,2.06234018478716,2.06234018478716
16420,0.58974358974359,0.58974358974359,0.109302101071099,0.0751748251748252,0.173126358172844,2.26195364704967,2.26195364704967
16421,0.57051282051282,0.57051282051282,0.106216173983258,0.0926573426573427,0.202099076184131,1.9150962841834,1.9150962841834
16422,0.57051282051282,0.57051282051282,0.0839319140505549,0.0722610722610723,0.212828297492988,3.59969275699368,3.59969275699368
16423,0.564102564102564,0.564102564102564,0.0804266892452703,0.0722610722610723,0.177363474058336,3.45642070254264,3.45642070254264
16426,0.583333333333333,0.583333333333333,0.0676399327534215,0.0710955710955711,0.187832068760885,2.9255085825573,2.9255085825573
16427,0.596153846153846,0.596153846153846,0.064933450719306,0.0751748251748252,0.181307058810101,2.99366844803231,2.99366844803231
16433,0.583333333333333,0.583333333333333,0.0640712743399534,0.0728438228438228,0.196524439857287,2.8616508504761,2.8616508504761
16434,0.58974358974359,0.58974358974359,0.0697957505270043,0.0710955710955711,0.194829523107141,3.51744921370484,3.51744921370484
16439,0.608974358974359,0.608974358974359,0.0763709444144283,0.0909090909090909,0.186848502372166,3.98930618791182,3.98930618791182
16444,0.615384615384615,0.615384615384615,0.0728730094452234,0.074009324009324,0.183067894078674,3.99544221677511,3.99544221677511
16445,0.621794871794872,0.621794871794872,0.0739347583294776,0.0775058275058275,0.180069662142734,3.9745384442768,3.9745384442768
16448,0.576923076923077,0.576923076923077,0.0914948183959138,0.081002331002331,0.185515844835956,4.46524990669088,4.46524990669088
16449,0.532051282051282,0.532051282051282,0.0894015313252836,0.0833333333333333,0.237809294148567,3.97502376957204,3.97502376957204
16450,0.576923076923077,0.576923076923077,0.105590432498741,0.0693473193473193,0.212447468461837,4.3790871521127,4.3790871521127
16451,0.641025641025641,0.641025641025641,0.107175075638264,0.0652680652680653,0.187271581510052,5.35446818831658,5.35446818831658
16455,0.596153846153846,0.596153846153846,0.109045885287629,0.0745920745920746,0.203718830274454,4.41673996568903,4.41673996568903
16456,0.608974358974359,0.608974358974359,0.0943588386021728,0.0792540792540792,0.191268242608566,4.96645044370603,4.96645044370603
16457,0.58974358974359,0.58974358974359,0.0893098647101814,0.0821678321678322,0.181046881135992,5.59668821310803,5.59668821310803
16458,0.615384615384615,0.615384615384615,0.0479559750283601,0.0611888111888112,0.183049605776202,4.67740083839481,4.67740083839481
16461,0.596153846153846,0.596153846153846,0.0613873493406676,0.0710955710955711,0.172922863938825,4.1322629525997,4.1322629525997
16462,0.519230769230769,0.519230769230769,0.054377375713925,0.0792540792540792,0.182081895227065,4.11713925626336,4.11713925626335
16463,0.58974358974359,0.58974358974359,0.0571169585179574,0.0658508158508159,0.15950793283127,3.13153561750459,3.13153561750459
16464,0.583333333333333,0.583333333333333,0.0877852180448223,0.0646853146853147,0.155641785735584,3.58036354391699,3.58036354391699
16465,0.57051282051282,0.57051282051282,0.0867086808450709,0.0553613053613054,0.161125774204882,3.36909396762287,3.36909396762287
16468,0.557692307692308,0.557692307692308,0.0759913768967941,0.0722610722610723,0.174646689173863,3.39012303910421,3.39012303910421
16469,0.519230769230769,0.519230769230769,0.0852287027414365,0.0594405594405594,0.154476363933015,3.41829700766479,3.41829700766479
16470,0.519230769230769,0.519230769230769,0.075908172779484,0.0594405594405594,0.154587425808818,2.04651300259712,2.04651300259712
16472,0.596153846153846,0.596153846153846,0.0858886392757401,0.0658508158508159,0.157789157390986,3.64032830696796,3.64032830696796
16475,0.557692307692308,0.557692307692308,0.109904765453144,0.0844988344988345,0.161852967370391,3.23979110715399,3.23979110715399
16476,0.634615384615385,0.634615384615385,0.0748453713187533,0.0646853146853147,0.18387242371483,4.45850956444871,4.45850956444871
16477,0.628205128205128,0.628205128205128,0.0779763401385104,0.0710955710955711,0.184853466339944,4.32995140002844,4.32995140002844
16479,0.58974358974359,0.58974358974359,0.0877436917171956,0.0734265734265734,0.171536281025189,3.18741872566044,3.18741872566044
16483,0.602564102564103,0.602564102564103,0.0976512643164325,0.0815850815850816,0.164457958782054,3.87901262023685,3.87901262023685
16484,0.666666666666667,0.666666666666667,0.138751638051227,0.0699300699300699,0.18781550904106,3.8102875806052,3.8102875806052
16485,0.641025641025641,0.641025641025641,0.137896470111017,0.074009324009324,0.162929712524439,4.84656242206279,4.84656242206279
16486,0.621794871794872,0.621794871794872,0.137791615498006,0.074009324009324,0.160716786460418,4.65671506241008,4.65671506241008
16490,0.634615384615385,0.634615384615385,0.0952644205615617,0.0833333333333333,0.160758688166994,3.98031253819594,3.98031253819594
16491,0.576923076923077,0.576923076923077,0.0568191979490807,0.0664335664335664,0.165605749677899,4.36151607747683,4.36151607747683
16492,0.58974358974359,0.58974358974359,0.0708755511249671,0.0722610722610723,0.169523452068255,4.30588655368527,4.30588655368527
16493,0.666666666666667,0.666666666666667,0.10276713402042,0.0803030303030303,0.181572192511742,4.53592748857944,4.53592748857944
16496,0.689393939393939,0.689393939393939,0.0758694823269196,0.0825757575757576,0.185693600735891,4.83499056043239,4.83499056043239
16497,0.696969696969697,0.696969696969697,0.0734062702214383,0.0863636363636364,0.180426867055884,4.80914091765014,4.80914091765014
16500,0.681818181818182,0.681818181818182,0.124363655483728,0.0962121212121212,0.179903834805141,4.43891626586648,4.43891626586648
16502,0.666666666666667,0.666666666666667,0.115994105371,0.0962121212121212,0.180246648805176,4.32125045482058,4.32125045482058
16503,0.674242424242424,0.674242424242424,0.129978366679712,0.0909090909090909,0.178160745240118,4.82105928550744,4.82105928550744
16505,0.696969696969697,0.696969696969697,0.152584397335488,0.0803030303030303,0.175208401609386,4.42296444946992,4.42296444946992
16506,0.659090909090909,0.659090909090909,0.14067430699603,0.0674242424242424,0.175849813224008,4.1879257300679,4.1879257300679
16507,0.704545454545455,0.704545454545455,0.179985708715092,0.0848484848484849,0.179366615534052,4.31949379487755,4.31949379487755
16510,0.704545454545455,0.704545454545455,0.180461100890129,0.0810606060606061,0.179887257962221,4.28985851384468,4.28985851384468
16511,0.712121212121212,0.712121212121212,0.175571002480958,0.103787878787879,0.17559480552535,5.12675727444183,5.12675727444183
16512,0.71969696969697,0.71969696969697,0.175060327023138,0.0833333333333333,0.173920890453191,5.15583592817469,5.15583592817469
16513,0.757575757575758,0.757575757575758,0.114960346468567,0.075,0.178410977116059,5.65029160227948,5.65029160227948
16514,0.727272727272727,0.727272727272727,0.157306415484009,0.0803030303030303,0.165701595159703,5.00997582623624,5.00997582623624
16517,0.689393939393939,0.689393939393939,0.137729874191664,0.0696969696969697,0.178571700325031,5.50620538285126,5.50620538285126
16518,0.71969696969697,0.71969696969697,0.131252570689278,0.0916666666666667,0.178535420635951,4.64064775880845,4.64064775880845
16520,0.651515151515151,0.651515151515151,0.140606022021525,0.0856060606060606,0.190498507588221,3.02983832095188,3.02983832095188
16521,0.674242424242424,0.674242424242424,0.149058844177578,0.0840909090909091,0.191728248331056,3.94955634109599,3.94955634109599
16524,0.696969696969697,0.696969696969697,0.126316977700494,0.0992424242424242,0.183546170319282,4.05229061881279,4.05229061881279
16525,0.696969696969697,0.696969696969697,0.129220903337566,0.0946969696969697,0.182863168041815,4.11936382539907,4.11936382539907
16527,0.674242424242424,0.674242424242424,0.113012417397037,0.0666666666666667,0.187294112752184,3.74610823066959,3.74610823066959
16528,0.659090909090909,0.659090909090909,0.128347424460293,0.0871212121212121,0.168073151698431,3.72596483331439,3.72596483331439
16530,0.689393939393939,0.689393939393939,0.151317949254158,0.0984848484848485,0.176030789231068,4.0769826334451,4.0769826334451
16533,0.712121212121212,0.712121212121212,0.164439588433412,0.0840909090909091,0.173253986550118,5.32775593310612,5.32775593310612
16534,0.674242424242424,0.674242424242424,0.137833298081481,0.0840909090909091,0.183280243402008,3.40469987155022,3.40469987155022
16536,0.704545454545455,0.704545454545455,0.15424488962742,0.0954545454545454,0.171620334407079,4.6486621625465,4.6486621625465
16537,0.689393939393939,0.689393939393939,0.159710585829887,0.0810606060606061,0.179833649888844,3.71444832128425,3.71444832128425
16539,0.613636363636364,0.613636363636364,0.158920050558653,0.10530303030303,0.161206673840328,3.41786520291291,3.41786520291291
16540,0.674242424242424,0.674242424242424,0.179205532710637,0.0909090909090909,0.176189294628734,3.98306682383405,3.98306682383405
16541,0.674242424242424,0.674242424242424,0.168895255672046,0.0909090909090909,0.203713340664894,4.35500630357953,4.35500630357953
16542,0.651515151515151,0.651515151515151,0.136061552532985,0.0916666666666667,0.181572109209453,3.72614456760757,3.72614456760757
16545,0.636363636363636,0.636363636363636,0.201459350795644,0.0863636363636364,0.177651788712594,5.24553870056514,5.24553870056514
16546,0.666666666666667,0.666666666666667,0.184601680875775,0.0818181818181818,0.170995257185729,5.77942731320423,5.77942731320423
16547,0.621212121212121,0.621212121212121,0.128842876956032,0.106060606060606,0.175979456573615,4.60366149812175,4.60366149812175
16548,0.666666666666667,0.666666666666667,0.158240651804027,0.0992424242424242,0.175203124660685,5.50725451744167,5.50725451744167
16549,0.651515151515151,0.651515151515151,0.156772618591029,0.103787878787879,0.173368381039272,4.66663160155805,4.66663160155805
16552,0.666666666666667,0.666666666666667,0.14874336292858,0.106060606060606,0.175266174429655,5.38958418693347,5.38958418693347
16553,0.659090909090909,0.659090909090909,0.177174170943686,0.0818181818181818,0.161341120830339,5.0406041869506,5.0406041869506
16554,0.666666666666667,0.666666666666667,0.167697006344117,0.0946969696969697,0.17715349869238,5.52905482137103,5.52905482137103
16555,0.643939393939394,0.643939393939394,0.131228937335333,0.0939393939393939,0.172467784102499,4.30747466567721,4.30747466567721
16556,0.659090909090909,0.659090909090909,0.164039520839057,0.0871212121212121,0.178214181991019,4.66095153146103,4.66095153146103
16557,0.643939393939394,0.643939393939394,0.141414657273511,0.0893939393939394,0.185939151508955,3.81834355024229,3.81834355024229
16558,0.696969696969697,0.696969696969697,0.272208303982467,0.100757575757576,0.16815078293285,9.06277435676746,9.06277435676746
16560,0.689393939393939,0.689393939393939,0.229018016296711,0.107575757575758,0.168287249962198,8.86752994717478,8.86752994717478
16561,0.742424242424242,0.742424242424242,0.266721907930153,0.0810606060606061,0.177452377563718,8.77502431083132,8.77502431083132
16563,0.71969696969697,0.71969696969697,0.247750352798516,0.109848484848485,0.163170700090319,8.50620878763595,8.50620878763595
16565,0.757575757575758,0.757575757575758,0.288513688157351,0.0856060606060606,0.17653800474587,9.10792502295137,9.10792502295137
16566,0.613636363636364,0.613636363636364,0.113087220300233,0.0931818181818182,0.16897501293197,4.5718086156359,4.5718086156359
16568,0.681818181818182,0.681818181818182,0.274200491053913,0.112878787878788,0.18337727293762,7.80163609698297,7.80163609698297
16570,0.696969696969697,0.696969696969697,0.324636961142152,0.117424242424242,0.169165240947338,11.5099353463739,11.5099353463739
16573,0.674242424242424,0.674242424242424,0.294414708188704,0.0946969696969697,0.171005158973884,9.44476877377902,9.44476877377902
16574,0.681818181818182,0.681818181818182,0.227334269459445,0.103030303030303,0.163046999658433,5.59792844036234,5.59792844036234
16575,0.734848484848485,0.734848484848485,0.270713761938202,0.104545454545455,0.163579217226553,7.34842483041582,7.34842483041582
16576,0.696969696969697,0.696969696969697,0.260756351525167,0.0863636363636364,0.15934985525163,5.75965956789779,5.75965956789779
16577,0.696969696969697,0.696969696969697,0.294587656383493,0.0962121212121212,0.153561445825288,9.35644899318614,9.35644899318614
16581,0.727272727272727,0.727272727272727,0.253651868311276,0.0901515151515151,0.152667053014261,7.65747103529076,7.65747103529076
16582,0.71969696969697,0.71969696969697,0.240035753533885,0.0893939393939394,0.157286598635851,7.0313001793159,7.0313001793159
16583,0.727272727272727,0.727272727272727,0.25121564791534,0.0924242424242424,0.160838240100462,5.93064893706921,5.93064893706921
16584,0.704545454545455,0.704545454545455,0.258996838960931,0.1,0.16561151517922,5.99891616031483,5.99891616031483
16588,0.666666666666667,0.666666666666667,0.205610759691683,0.0893939393939394,0.178845495346255,4.92119858478825,4.92119858478825
16589,0.696969696969697,0.696969696969697,0.228523930712163,0.0954545454545455,0.16846892087382,5.70189471015393,5.70189471015393
16591,0.689393939393939,0.689393939393939,0.207666729981562,0.0840909090909091,0.164686634411314,5.79590617681935,5.79590617681935
16594,0.727272727272727,0.727272727272727,0.223386193371578,0.0840909090909091,0.167993879102914,5.95456663987516,5.95456663987516
16596,0.704545454545455,0.704545454545455,0.213025237005054,0.0795454545454545,0.166065371266063,6.05590373972512,6.05590373972512
16597,0.696969696969697,0.696969696969697,0.211367044166635,0.0825757575757576,0.179671200021483,5.7394727976417,5.7394727976417
16601,0.712121212121212,0.712121212121212,0.220514261519493,0.0818181818181818,0.192438787190766,6.03386814040571,6.03386814040571
16602,0.78030303030303,0.78030303030303,0.268044722917932,0.0848484848484848,0.169106609719188,7.84668738304153,7.84668738304153
16603,0.803030303030303,0.803030303030303,0.273628018299941,0.0765151515151515,0.169391231667534,7.97067148902479,7.97067148902479
16604,0.803030303030303,0.803030303030303,0.210455056483344,0.0946969696969697,0.168605373944576,7.62715254022092,7.62715254022092
16605,0.795454545454545,0.795454545454545,0.258767964225644,0.0893939393939394,0.177252966140527,7.48827457325674,7.48827457325674
16608,0.795454545454546,0.795454545454545,0.258683384068319,0.0856060606060606,0.173697503702233,7.02777209055313,7.02777209055313
16609,0.78030303030303,0.78030303030303,0.246374966197717,0.0818181818181818,0.173417560265927,6.98556104880777,6.98556104880777
16610,0.78030303030303,0.78030303030303,0.279410735598233,0.0871212121212121,0.175893243006934,7.83473193055447,7.83473193055447
16611,0.734848484848485,0.734848484848485,0.187205054056074,0.0795454545454545,0.163079085502017,7.52341358101803,7.52341358101803
16612,0.75,0.75,0.197891036485561,0.0962121212121212,0.167343669824188,7.71906737637779,7.71906737637779
16617,0.734848484848485,0.734848484848485,0.181323008596942,0.0931818181818182,0.168027072853295,7.61986072664933,7.61986072664933
16620,0.757575757575758,0.757575757575758,0.202980323676778,0.1,0.173028688760681,7.11087168683432,7.11087168683432
16621,0.757575757575758,0.757575757575758,0.219213551558877,0.096969696969697,0.172063021013624,7.352434299863,7.352434299863
16624,0.71969696969697,0.71969696969697,0.186483848313521,0.110606060606061,0.167903393802867,7.37791013738338,7.37791013738338
16626,0.765151515151515,0.765151515151515,0.190545697272132,0.0734848484848485,0.169635806603835,8.28589657116477,8.28589657116477
16628,0.734848484848485,0.734848484848485,0.169404905062344,0.0878787878787879,0.174594625186006,7.23119546449483,7.23119546449483
16648,0.772727272727273,0.772727272727273,0.141349965581795,0.0757575757575758,0.168933401247827,8.64402915472865,8.64402915472865
16651,0.772727272727273,0.772727272727273,0.162170799365337,0.0795454545454545,0.16746253977364,7.50380068621708,7.50380068621708
16652,0.75,0.75,0.173690580445183,0.0810606060606061,0.165014085437745,7.02386196725868,7.02386196725868
16653,0.742424242424242,0.742424242424242,0.198882531143315,0.0704545454545455,0.170973579942208,7.1266761534982,7.1266761534982
16656,0.71969696969697,0.71969696969697,0.179106236499308,0.0931818181818182,0.175275413322783,6.94776913287259,6.94776913287259
16657,0.742424242424242,0.742424242424242,0.177386146041214,0.0757575757575758,0.176236977883199,7.71906437687345,7.71906437687345
16660,0.742424242424242,0.742424242424242,0.172612178916541,0.0818181818181818,0.173345367937969,6.72314982142004,6.72314982142004
16661,0.75,0.75,0.179006873995865,0.0893939393939394,0.173617044108361,7.46826198471253,7.46826198471253
16664,0.727272727272727,0.727272727272727,0.190195494480907,0.0795454545454545,0.173207816807193,6.82344228070856,6.82344228070856
16665,0.734848484848485,0.734848484848485,0.175243501540899,0.0833333333333333,0.178185070706923,6.6591065467789,6.6591065467789
16666,0.757575757575758,0.757575757575758,0.205153557814832,0.1,0.176571688265772,6.94355517802855,6.94355517802855
16667,0.704545454545455,0.704545454545455,0.146789172657307,0.0984848484848485,0.173529134713199,6.53822816750084,6.53822816750084
16668,0.712121212121212,0.712121212121212,0.146220276111187,0.0893939393939394,0.180978001019011,6.34416933853054,6.34416933853054
16671,0.712121212121212,0.712121212121212,0.146777738916674,0.0878787878787879,0.178341223502903,6.55059873951698,6.55059873951698
16672,0.643939393939394,0.643939393939394,0.197601112227341,0.128787878787879,0.214131344984491,4.80856013413511,4.80856013413511
16673,0.636363636363636,0.636363636363636,0.20916484622505,0.126515151515152,0.210875124808032,4.57328469598166,4.57328469598166
16674,0.636363636363636,0.636363636363636,0.221639716465035,0.122727272727273,0.218885050223471,5.41793901943181,5.41793901943181
16675,0.636363636363636,0.636363636363636,0.244842149425478,0.116666666666667,0.199171768062563,4.8848780704025,4.8848780704025
16678,0.628787878787879,0.628787878787879,0.244962229178376,0.120454545454545,0.181423086535848,5.01406733192683,5.01406733192683
16679,0.636363636363636,0.636363636363636,0.239295747135909,0.101515151515152,0.181529731533475,5.10224991166954,5.10224991166954
16680,0.613636363636364,0.613636363636364,0.262452222477829,0.11969696969697,0.198665820532693,5.08387848602816,5.08387848602816
16681,0.628787878787879,0.628787878787879,0.24654417802203,0.114393939393939,0.190494095221115,5.19142953226282,5.19142953226282
16682,0.621212121212121,0.621212121212121,0.254537790676361,0.10530303030303,0.19455717690016,5.0942953320581,5.0942953320581
16684,0.696969696969697,0.696969696969697,0.288805588065651,0.106818181818182,0.18315715660626,6.15622475660608,6.15622475660608
16687,0.681818181818182,0.681818181818182,0.255696000852745,0.0931818181818182,0.179739684637779,6.72691200677486,6.72691200677486
16688,0.659090909090909,0.659090909090909,0.232417873168745,0.096969696969697,0.205897097270771,5.35738479808352,5.35738479808352
16689,0.696969696969697,0.696969696969697,0.256283308845588,0.1,0.179510865628263,6.11121748419595,6.11121748419595
16690,0.666666666666667,0.666666666666667,0.203151884512738,0.129545454545455,0.211173639776408,5.79556662070612,5.79556662070612
16692,0.651515151515151,0.651515151515151,0.232372699121347,0.115151515151515,0.239297417428773,6.61148309191301,6.61148309191301
16693,0.628787878787879,0.628787878787879,0.211521906062585,0.118939393939394,0.250923546601472,6.0944082890095,6.0944082890095
16694,0.651515151515151,0.651515151515151,0.236528753993122,0.121969696969697,0.215359389318596,6.87017268739653,6.87017268739653
16695,0.666666666666667,0.666666666666667,0.236121549905437,0.124242424242424,0.215075422951455,6.87342839145071,6.87342839145071
16696,0.666666666666667,0.666666666666667,0.199929351195706,0.0909090909090909,0.215096502854112,7.06198896275053,7.06198896275053
16699,0.681818181818182,0.681818181818182,0.196625943886327,0.0818181818181818,0.22421002125486,6.55350704199273,6.55350704199273
16700,0.621212121212121,0.621212121212121,0.197583122929918,0.0856060606060606,0.24132618774077,5.45984504289534,5.45984504289534
16701,0.666666666666667,0.666666666666667,0.187358350717895,0.0818181818181818,0.20648436883516,6.29794603710309,6.29794603710309
16702,0.659090909090909,0.659090909090909,0.245901730420505,0.0643939393939394,0.195442537522011,5.01461068776755,5.01461068776755
16703,0.613636363636364,0.613636363636364,0.206463643970882,0.0712121212121212,0.261058226817168,3.84287513391064,3.84287513391064
16706,0.598484848484849,0.598484848484849,0.206191055301208,0.0871212121212121,0.303587781939431,4.71514568790635,4.71514568790635
16707,0.628787878787879,0.628787878787879,0.23455502170035,0.108333333333333,0.241525455652051,5.76688213101203,5.76688213101203
16708,0.606060606060606,0.606060606060606,0.215919612232679,0.0931818181818182,0.237448218531859,5.48475279956457,5.48475279956457
16710,0.606060606060606,0.606060606060606,0.209954749008128,0.1,0.260955577102134,5.25422716091582,5.25422716091582
16711,0.613636363636364,0.613636363636364,0.206380958198879,0.0977272727272727,0.258653096278844,4.97925701249312,4.97925701249312
16714,0.643939393939394,0.643939393939394,0.233678061766158,0.0878787878787879,0.236313290222818,5.73782825546972,5.73782825546972
16716,0.628787878787879,0.628787878787879,0.234728334709513,0.0962121212121212,0.234293141774079,5.05936048664322,5.05936048664322
16717,0.666666666666667,0.666666666666667,0.271432878288702,0.0916666666666667,0.233511564064564,5.24510787455729,5.24510787455729
16719,0.681818181818182,0.681818181818182,0.243509381498136,0.0924242424242424,0.236239590006531,5.01749476638183,5.01749476638183
16720,0.643939393939394,0.643939393939394,0.278385820368354,0.0946969696969697,0.235698171356483,4.99355074184943,4.99355074184943
16721,0.689393939393939,0.689393939393939,0.233181803934262,0.0742424242424242,0.33072759987139,5.97481407112137,5.97481407112136
16722,0.712121212121212,0.712121212121212,0.249927226139236,0.0757575757575758,0.359165634942972,6.05324190242733,6.05324190242733
16723,0.712121212121212,0.712121212121212,0.253403406548744,0.0878787878787879,0.253802691250919,5.59119856485843,5.59119856485843
16724,0.674242424242424,0.674242424242424,0.190717327160686,0.0840909090909091,0.341650355820399,4.26069725158555,4.26069725158555
16727,0.689393939393939,0.689393939393939,0.213334413918228,0.0787878787878788,0.285871244623539,5.7770367956679,5.77703679566791
16728,0.681818181818182,0.681818181818182,0.190603447104443,0.0833333333333333,0.297086228064524,3.51258526380742,3.51258526380742
16729,0.712121212121212,0.712121212121212,0.228755767314233,0.0871212121212121,0.248141312346498,6.13333335445689,6.13333335445689
16730,0.696969696969697,0.696969696969697,0.238362147598435,0.0954545454545455,0.227317224823113,5.70661644132994,5.70661644132994
16731,0.727272727272727,0.727272727272727,0.231589491947792,0.0886363636363636,0.230266176046514,6.37369925389933,6.37369925389933
16735,0.742424242424242,0.742424242424242,0.258647991331979,0.0704545454545455,0.198472322195209,5.72304558141315,5.72304558141315
16737,0.75,0.75,0.256658105041718,0.0712121212121212,0.194856084781137,5.67553867293826,5.67553867293826
16738,0.704545454545455,0.704545454545455,0.238904427220049,0.0886363636363636,0.194136466265119,5.73704948163529,5.73704948163529
16741,0.727272727272727,0.727272727272727,0.250210584909111,0.0825757575757576,0.230380845462509,5.45852325765877,5.45852325765877
16742,0.727272727272727,0.727272727272727,0.257594591486912,0.0795454545454545,0.229237497095382,5.35822520342477,5.35822520342477
16744,0.727272727272727,0.727272727272727,0.247445806223257,0.0848484848484848,0.295225040374656,5.33049435961008,5.33049435961008
16745,0.75,0.75,0.253162559832434,0.0681818181818182,0.251061371570315,5.55213257955558,5.55213257955558
16747,0.734848484848485,0.734848484848485,0.270258187957389,0.0727272727272727,0.256006598465693,5.98515850253339,5.98515850253339
16748,0.75,0.75,0.245250849777566,0.0712121212121212,0.25653308603216,5.32603918383013,5.32603918383013
16751,0.696969696969697,0.696969696969697,0.245329175814812,0.0840909090909091,0.234148315913098,5.39570200992185,5.39570200992185
16752,0.727272727272727,0.727272727272727,0.232952867623359,0.0916666666666667,0.239060951466117,5.29967972819388,5.29967972819388
16755,0.704545454545455,0.704545454545455,0.188447089670776,0.0757575757575758,0.311563070281604,4.41931852504786,4.41931852504786
16756,0.696969696969697,0.696969696969697,0.247485304577787,0.1,0.247790003478539,6.82222174899261,6.82222174899261
16757,0.712121212121212,0.712121212121212,0.252421820206935,0.118939393939394,0.254768780717348,6.79034987032238,6.79034987032238
16758,0.734848484848485,0.734848484848485,0.215857600601442,0.078030303030303,0.21637360175903,6.67437328833647,6.67437328833646
16759,0.71969696969697,0.71969696969697,0.189254301207325,0.0946969696969697,0.218941696719941,6.03401412713437,6.03401412713437
16762,0.666666666666667,0.666666666666667,0.182398388779006,0.0878787878787879,0.195863109882422,5.45991561045843,5.45991561045843
16763,0.666666666666667,0.666666666666667,0.186183718543228,0.0848484848484848,0.195619636018516,4.27791874375335,4.27791874375335
16764,0.704545454545455,0.704545454545455,0.194419485543445,0.0924242424242424,0.19795822930645,4.51734387981207,4.51734387981207
16770,0.674242424242424,0.674242424242424,0.204291738475282,0.0848484848484849,0.168723953842856,4.76249423729036,4.76249423729036
16771,0.696969696969697,0.696969696969697,0.222272690411171,0.0977272727272727,0.170470110572754,5.58584731430324,5.58584731430324
16772,0.704545454545455,0.704545454545455,0.18456643582491,0.0818181818181818,0.182858301441092,6.04527683821295,6.04527683821295
16774,0.643939393939394,0.643939393939394,0.178592134257172,0.0916666666666667,0.19343830425678,4.81823578013145,4.81823578013145
16775,0.674242424242424,0.674242424242424,0.199505648071811,0.0977272727272727,0.238269008232445,4.85297396287165,4.85297396287165
16777,0.666666666666667,0.666666666666667,0.192663296861553,0.0977272727272727,0.212076021244449,4.80747281563538,4.80747281563538
16779,0.651515151515151,0.651515151515151,0.200797304086692,0.0924242424242424,0.205830528990684,5.47556910225009,5.47556910225009
16780,0.689393939393939,0.689393939393939,0.220310320842115,0.0977272727272727,0.196248323061909,5.67577029651111,5.6757702965111
16783,0.71969696969697,0.71969696969697,0.233043200547388,0.0840909090909091,0.230322792480351,5.69999690013461,5.69999690013461
16784,0.681818181818182,0.681818181818182,0.237858882946958,0.0840909090909091,0.226379625069988,5.65689008976273,5.65689008976273
16785,0.681818181818182,0.681818181818182,0.118953989344731,0.0734848484848485,0.206852976342937,4.45008305578347,4.45008305578347
16786,0.621212121212121,0.621212121212121,0.125606920276625,0.0795454545454545,0.230727628185753,3.58522793458398,3.58522793458398
16787,0.568181818181818,0.568181818181818,0.115404590940204,0.0909090909090909,0.250788980949248,2.65513657343512,2.65513657343512
16790,0.613636363636364,0.613636363636364,0.11474574497084,0.0886363636363636,0.277631818874671,2.40355214845155,2.40355214845155
16791,0.545454545454545,0.545454545454545,0.119660449974889,0.123484848484848,0.331981022580101,2.31969294593223,2.31969294593223
16792,0.606060606060606,0.606060606060606,0.120458532473739,0.121212121212121,0.310227860938442,2.43395970545305,2.43395970545305
16797,0.553030303030303,0.553030303030303,0.121471395195729,0.0871212121212121,0.230943005809057,2.6396034586761,2.6396034586761
16798,0.568181818181818,0.568181818181818,0.172390368169548,0.0901515151515151,0.212868110376942,3.33415418898597,3.33415418898597
16799,0.575757575757576,0.575757575757576,0.173954934899921,0.071969696969697,0.21050408381614,3.54295823288982,3.54295823288982
16802,0.613636363636364,0.613636363636364,0.197923732606048,0.0742424242424242,0.187475179153039,4.15134033763957,4.15134033763957
16803,0.590909090909091,0.590909090909091,0.187950103185142,0.078030303030303,0.181341948900682,4.29809629827422,4.29809629827422
16804,0.659090909090909,0.659090909090909,0.208607896459477,0.0863636363636364,0.180014330840001,4.89039132850329,4.89039132850329
16806,0.606060606060606,0.606060606060606,0.22732878983716,0.096969696969697,0.181499445367014,5.43800732193145,5.43800732193145
16807,0.704545454545455,0.704545454545455,0.226743703123642,0.0833333333333333,0.178301039106514,5.82388175557221,5.82388175557221
16808,0.666666666666667,0.666666666666667,0.218217596664257,0.0863636363636364,0.190672476839433,5.55107820638006,5.55107820638006
16809,0.689393939393939,0.689393939393939,0.228570802227799,0.078030303030303,0.184817801493628,6.02995021001606,6.02995021001606
16813,0.651515151515151,0.651515151515151,0.256402762838858,0.0848484848484849,0.188710805820943,7.13380526385969,7.13380526385969
16814,0.666666666666667,0.666666666666667,0.229463276640542,0.075,0.193248940283768,6.19559972881998,6.19559972881997
16815,0.704545454545455,0.704545454545455,0.257581054602498,0.0810606060606061,0.19795946123158,7.37052181111933,7.37052181111933
16819,0.727272727272727,0.727272727272727,0.219357945203711,0.101515151515152,0.193939475436957,7.23047644917223,7.23047644917223
16820,0.71969696969697,0.71969696969697,0.180528791571906,0.096969696969697,0.224933154568237,5.09023567704982,5.09023567704982
16821,0.704545454545455,0.704545454545455,0.161486001290871,0.101515151515152,0.219780247604553,5.1358594425487,5.1358594425487
16822,0.704545454545455,0.704545454545455,0.177961285129934,0.0916666666666667,0.208005916722548,5.80524821484204,5.80524821484204
16825,0.712121212121212,0.712121212121212,0.155077497145584,0.0878787878787879,0.229562694123861,6.32404776252467,6.32404776252467
16826,0.689393939393939,0.689393939393939,0.176147798068276,0.0931818181818182,0.240273929700499,5.54604206195228,5.54604206195228
16827,0.704545454545455,0.704545454545455,0.186075902839577,0.0893939393939394,0.225291344171285,5.48611336212439,5.48611336212439
16828,0.696969696969697,0.696969696969697,0.193990004793722,0.0856060606060606,0.209594465204577,5.30818498852452,5.30818498852452
16829,0.689393939393939,0.689393939393939,0.160758398194059,0.0962121212121212,0.214070005711194,4.36369517309658,4.36369517309658
16833,0.666666666666667,0.666666666666667,0.160896218484502,0.0962121212121212,0.202253889684508,4.13997183419092,4.13997183419092
16834,0.712121212121212,0.712121212121212,0.214434270349585,0.0787878787878788,0.206154006931654,4.87962734395174,4.87962734395174
16837,0.75,0.75,0.174828348469107,0.0939393939393939,0.210536559831398,7.30584523363204,7.30584523363204
16839,0.727272727272727,0.727272727272727,0.196665581041678,0.0977272727272727,0.198717087337859,7.7856743827218,7.7856743827218
16840,0.704545454545455,0.704545454545455,0.16889745506145,0.110606060606061,0.22250988785652,4.58370001361852,4.58370001361852
16842,0.681818181818182,0.681818181818182,0.165234455559884,0.106818181818182,0.216813497427875,6.13113058002265,6.13113058002265
16843,0.689393939393939,0.689393939393939,0.197129305561312,0.103787878787879,0.194327971565002,6.99993956419362,6.99993956419362
16847,0.71969696969697,0.71969696969697,0.195428131588105,0.0916666666666667,0.190548551720669,7.91751702324244,7.91751702324244
16848,0.712121212121212,0.712121212121212,0.187687595500593,0.0992424242424242,0.20538752778499,5.53258581946044,5.53258581946044
16849,0.689393939393939,0.689393939393939,0.140011623703882,0.0984848484848485,0.185992471078419,3.67366577635689,3.67366577635689
16850,0.643939393939394,0.643939393939394,0.143418006623171,0.0871212121212121,0.1876048765368,3.62062325269581,3.62062325269581
16853,0.590909090909091,0.590909090909091,0.0909844643266508,0.0825757575757576,0.222200071776998,2.5518407680938,2.5518407680938
16854,0.689393939393939,0.689393939393939,0.126434542547152,0.0863636363636364,0.249133727549728,6.22890671486819,6.22890671486819
16855,0.560606060606061,0.560606060606061,0.0957536562480767,0.0924242424242424,0.224089349626505,2.28609418926303,2.28609418926303
16856,0.621212121212121,0.621212121212121,0.0987854496860003,0.0848484848484849,0.216148786959695,2.34450248167689,2.34450248167689
16857,0.636363636363636,0.636363636363636,0.102418063132689,0.0909090909090909,0.212420376867695,2.37279520236336,2.37279520236336
16860,0.598484848484849,0.598484848484849,0.108257792678506,0.0825757575757576,0.222014096067083,2.2854266142069,2.2854266142069
16862,0.659090909090909,0.659090909090909,0.107789638525445,0.0818181818181818,0.196291692347517,2.72922879871525,2.72922879871524
16863,0.651515151515151,0.651515151515151,0.0993980345208425,0.0613636363636364,0.19463315635081,3.09441214200177,3.09441214200177
16866,0.621212121212121,0.621212121212121,0.108272603663468,0.0575757575757576,0.206114876695564,2.34979483745183,2.34979483745183
16868,0.568181818181818,0.568181818181818,0.111096167489182,0.0666666666666667,0.223619391158822,2.13807409955589,2.13807409955589
16870,0.606060606060606,0.606060606060606,0.0948327117679576,0.0636363636363636,0.204294123831719,2.96483006928224,2.96483006928224
16871,0.636363636363636,0.636363636363636,0.0849843229854601,0.0628787878787879,0.188947479829737,3.36739315258046,3.36739315258046
16875,0.606060606060606,0.606060606060606,0.101044574769828,0.0598484848484848,0.202294820184193,2.58006228819745,2.58006228819745
16876,0.643939393939394,0.643939393939394,0.104346139700959,0.075,0.208579051332728,2.79266790615601,2.79266790615601
16877,0.636363636363636,0.636363636363636,0.106199247718278,0.0856060606060606,0.213459777913414,2.53612157603543,2.53612157603543
16878,0.651515151515151,0.651515151515151,0.120593006811858,0.0924242424242424,0.187268653059065,3.72233598350224,3.72233598350224
16881,0.643939393939394,0.643939393939394,0.11363948919316,0.0712121212121212,0.184129008793348,3.84484039916659,3.84484039916659
16882,0.643939393939394,0.643939393939394,0.107467980053987,0.0712121212121212,0.182443295111667,3.76223103263804,3.76223103263804
16883,0.613636363636364,0.613636363636364,0.104938787389959,0.0696969696969697,0.190946024193346,3.06043817239933,3.06043817239933
16884,0.628787878787879,0.628787878787879,0.110778653005196,0.0704545454545455,0.179792619902673,3.9711428956894,3.9711428956894
16889,0.666666666666667,0.666666666666667,0.122533897886499,0.0833333333333333,0.175588656695414,4.59703904855796,4.59703904855796
16890,0.666666666666667,0.666666666666667,0.114971163740824,0.0840909090909091,0.181601067805203,3.78966253515102,3.78966253515102
16891,0.636363636363636,0.636363636363636,0.114827818692293,0.0916666666666667,0.182960117321379,3.83494749033328,3.83494749033328
16892,0.659090909090909,0.659090909090909,0.115218753856574,0.0848484848484848,0.186316625442753,3.76109432092364,3.76109432092364
16893,0.666666666666667,0.666666666666667,0.141397534277414,0.0901515151515151,0.181919652722949,3.35543964007788,3.35543964007787
16894,0.666666666666667,0.666666666666667,0.115105477130466,0.0848484848484849,0.176876213908618,4.09774944640618,4.09774944640618
16895,0.666666666666667,0.666666666666667,0.125082219257506,0.0886363636363636,0.174492798804845,4.08934719437761,4.08934719437761
16896,0.666666666666667,0.666666666666667,0.126918941312845,0.0833333333333333,0.180277599183559,3.39155495355933,3.39155495355933
16899,0.659090909090909,0.659090909090909,0.132941111746404,0.0848484848484849,0.180000647045175,3.91624737443364,3.91624737443364
16901,0.643939393939394,0.643939393939394,0.113185263301315,0.0704545454545455,0.176513612781306,3.79906155251284,3.79906155251284
16902,0.636363636363636,0.636363636363636,0.0813851045838237,0.0643939393939394,0.176853650715907,3.74368452459566,3.74368452459566
16904,0.643939393939394,0.643939393939394,0.138327662771711,0.0818181818181818,0.18089887536746,3.63542781543876,3.63542781543876
16905,0.666666666666667,0.666666666666667,0.0808088922967247,0.0742424242424242,0.173385477438009,4.09639431005712,4.09639431005712
16906,0.666666666666667,0.666666666666667,0.0792702495381184,0.0795454545454545,0.173824736916034,3.83346010266162,3.83346010266162
16909,0.696969696969697,0.696969696969697,0.0954067044577386,0.0818181818181818,0.168906695369114,5.37524488073722,5.37524488073722
16910,0.689393939393939,0.689393939393939,0.105112621763375,0.0734848484848485,0.169508320436603,5.45853220715647,5.45853220715647
16911,0.674242424242424,0.674242424242424,0.0827029660171474,0.0704545454545455,0.168461649983528,5.22173796873633,5.22173796873633
16912,0.712121212121212,0.712121212121212,0.122941928967421,0.0856060606060606,0.165752896526291,5.36680789655029,5.36680789655029
16913,0.666666666666667,0.666666666666667,0.105919216363888,0.0977272727272727,0.167829057645585,3.6722289901192,3.6722289901192
16916,0.666666666666667,0.666666666666667,0.0659732634010639,0.0856060606060606,0.163355723981838,3.78016435439442,3.78016435439442
16917,0.659090909090909,0.659090909090909,0.0873539159480677,0.0863636363636364,0.163267287167595,3.63881501313258,3.63881501313258
16918,0.628787878787879,0.628787878787879,0.115636830981114,0.0659090909090909,0.167975850867929,3.34359704426651,3.34359704426651
16919,0.628787878787879,0.628787878787879,0.13903284878393,0.0727272727272727,0.173377636996792,3.28292985670785,3.28292985670785
16922,0.628787878787879,0.628787878787879,0.133979392650279,0.0734848484848485,0.16690012311752,3.04589986188652,3.04589986188652
16923,0.636363636363636,0.636363636363636,0.139228692169758,0.0666666666666667,0.168489466246065,3.6946210976356,3.6946210976356
16925,0.560606060606061,0.560606060606061,0.134006585718848,0.0681818181818182,0.167856118006395,3.58200513333753,3.58200513333753
16928,0.628787878787879,0.628787878787879,0.0922691411775081,0.103030303030303,0.173382985112628,4.11415573572668,4.11415573572668
16929,0.628787878787879,0.628787878787879,0.102626647058603,0.123484848484848,0.17424633955866,4.20670466031136,4.20670466031136
16931,0.613636363636364,0.613636363636364,0.0841617960844779,0.126515151515152,0.174284578564117,3.73588617140143,3.73588617140143
16933,0.651515151515151,0.651515151515151,0.135292878784026,0.0962121212121212,0.181055635816543,4.84245673104933,4.84245673104933
16934,0.681818181818182,0.681818181818182,0.141965532236932,0.0734848484848485,0.178147774571372,3.65548621521746,3.65548621521746
16938,0.689393939393939,0.689393939393939,0.137312652582604,0.075,0.178321374162669,3.71288978400887,3.71288978400887
16939,0.689393939393939,0.689393939393939,0.130439873736747,0.0803030303030303,0.18402608574876,4.36820613272038,4.36820613272038
16940,0.659090909090909,0.659090909090909,0.137715952820649,0.0984848484848485,0.181422936887731,4.12894223305288,4.12894223305288
16941,0.71969696969697,0.71969696969697,0.186579097231147,0.0946969696969697,0.175885767639983,5.39987479610426,5.39987479610426
16944,0.651515151515151,0.651515151515151,0.166661663323543,0.103030303030303,0.180089153426178,4.24661275086826,4.24661275086826
16945,0.71969696969697,0.71969696969697,0.166588998177238,0.0833333333333333,0.179290967891018,5.16410180518257,5.16410180518257
16946,0.742424242424242,0.742424242424242,0.172935230118918,0.0916666666666667,0.184766488173385,4.84114383845711,4.84114383845711
16948,0.742424242424242,0.742424242424242,0.165369480381652,0.0803030303030303,0.185358024088891,4.90594541173643,4.90594541173643
16952,0.75,0.75,0.196535835083981,0.0863636363636364,0.178850726538367,5.33282301353416,5.33282301353416
16956,0.757575757575758,0.757575757575758,0.20437547583724,0.0946969696969697,0.17089594450819,6.61571754034001,6.61571754034001
16957,0.734848484848485,0.734848484848485,0.198168857673662,0.0886363636363636,0.170730911019951,6.6162618522364,6.6162618522364
16958,0.757575757575758,0.757575757575758,0.205102871575772,0.0939393939393939,0.171334141974617,6.64327637519419,6.64327637519419
16959,0.681818181818182,0.681818181818182,0.200037887616232,0.0787878787878788,0.166582547412437,4.38652834811568,4.38652834811568
16961,0.681818181818182,0.681818181818182,0.208820451845154,0.0787878787878788,0.1677207011871,4.98799756752806,4.98799756752806
16962,0.727272727272727,0.727272727272727,0.199162349630166,0.0681818181818182,0.170825866772723,5.08997006724853,5.08997006724853
16964,0.734848484848485,0.734848484848485,0.213546772829271,0.0818181818181818,0.176463379985299,5.77033260395463,5.77033260395463
16965,0.71969696969697,0.71969696969697,0.205288433490929,0.0848484848484848,0.17792334876775,6.36882962689491,6.36882962689491
16966,0.689393939393939,0.689393939393939,0.194387170793675,0.0772727272727273,0.182739974288054,6.13857859227811,6.13857859227811
16967,0.712121212121212,0.712121212121212,0.203851044725279,0.0810606060606061,0.182438819123553,5.49530993345743,5.49530993345743
16968,0.742424242424242,0.742424242424242,0.188255463193609,0.0848484848484848,0.178737114764091,6.14632746417062,6.14632746417062
16969,0.734848484848485,0.734848484848485,0.20188865697091,0.0825757575757576,0.18275760335779,6.11408121922026,6.11408121922026
16973,0.757575757575758,0.757575757575758,0.186408210583032,0.0984848484848485,0.176542812953365,6.07388540701083,6.07388540701083
16974,0.734848484848485,0.734848484848485,0.200464939633612,0.0931818181818182,0.177798124825197,5.97049478232812,5.97049478232812
16975,0.696969696969697,0.696969696969697,0.201504302794731,0.0742424242424242,0.180362761663082,6.24952822150088,6.24952822150088
16976,0.71969696969697,0.71969696969697,0.22199162479228,0.0803030303030303,0.171708470206996,6.12139423013307,6.12139423013307
16979,0.696969696969697,0.696969696969697,0.219596488333744,0.0916666666666667,0.187748439313502,5.28585522798225,5.28585522798225
16980,0.734848484848485,0.734848484848485,0.248421993292989,0.0757575757575758,0.198458407919285,5.98831980950248,5.98831980950248
16981,0.727272727272727,0.727272727272727,0.213196911640507,0.0939393939393939,0.191677380479625,4.49052551253767,4.49052551253767
16982,0.71969696969697,0.71969696969697,0.235287583530698,0.0818181818181818,0.190732743368275,4.65500004827657,4.65500004827657
16983,0.727272727272727,0.727272727272727,0.23605682036702,0.0909090909090909,0.182027407324202,5.37725678395714,5.37725678395714
16985,0.681818181818182,0.681818181818182,0.208083069449449,0.0871212121212121,0.195335466599956,4.2289174314965,4.2289174314965
16986,0.734848484848485,0.734848484848485,0.240868802325118,0.0803030303030303,0.198781062334709,4.78101894563376,4.78101894563376
16988,0.734848484848485,0.734848484848485,0.244089832316415,0.0810606060606061,0.197198960803175,4.70245940587726,4.70245940587726
16989,0.696969696969697,0.696969696969697,0.239704223279468,0.0893939393939394,0.195673890897602,4.4675687672422,4.4675687672422
16991,0.666666666666667,0.666666666666667,0.243319986150699,0.0803030303030303,0.186609330816282,5.34564692406621,5.34564692406621
16992,0.704545454545455,0.704545454545455,0.232085237610584,0.0840909090909091,0.196971433829112,5.44541504747226,5.44541504747226
16993,0.651515151515151,0.651515151515151,0.214212773719765,0.0893939393939394,0.212921319458064,4.98954540328851,4.98954540328851
16994,0.674242424242424,0.674242424242424,0.180160941427776,0.0863636363636364,0.249164339369681,3.85107314430088,3.85107314430088
16995,0.666666666666667,0.666666666666667,0.200274634279241,0.0833333333333333,0.196749350861313,4.69906570586195,4.69906570586195
16996,0.681818181818182,0.681818181818182,0.18221938347584,0.0984848484848485,0.198483817060385,4.4239896025266,4.4239896025266
16997,0.681818181818182,0.681818181818182,0.187627571605005,0.0818181818181818,0.187438917054203,4.07745842915825,4.07745842915825
17000,0.696969696969697,0.696969696969697,0.185264227699317,0.0810606060606061,0.188361388952965,4.47692984461127,4.47692984461127
17001,0.666666666666667,0.666666666666667,0.181294187428411,0.096969696969697,0.185279603586006,4.3170548567276,4.3170548567276
17002,0.651515151515151,0.651515151515151,0.173132699647677,0.0939393939393939,0.184578204990655,4.17096043280292,4.17096043280292
17003,0.659090909090909,0.659090909090909,0.200049460185746,0.0893939393939394,0.178395739015039,5.18215779185556,5.18215779185556
17004,0.628787878787879,0.628787878787879,0.169855322170803,0.0909090909090909,0.185497393298416,4.05435910085319,4.05435910085319
17007,0.659090909090909,0.659090909090909,0.168762213366219,0.0825757575757576,0.198677666211667,3.92242205423502,3.92242205423502
17008,0.674242424242424,0.674242424242424,0.189098884418137,0.0946969696969697,0.19730116632658,4.02819706020278,4.02819706020278
17009,0.621212121212121,0.621212121212121,0.182541270365341,0.107575757575758,0.200891491248514,3.77063537954167,3.77063537954167
17010,0.606060606060606,0.606060606060606,0.187066308041752,0.113636363636364,0.198517247650271,3.69873994005999,3.69873994005999
17011,0.643939393939394,0.643939393939394,0.184648985932886,0.104545454545455,0.210423984577687,4.42913500951638,4.42913500951638
17014,0.628787878787879,0.628787878787879,0.182250452795282,0.096969696969697,0.204871713683423,4.24375249181116,4.24375249181116
17015,0.666666666666667,0.666666666666667,0.200560777265974,0.111363636363636,0.197188860198476,5.25515279685341,5.25515279685341
17016,0.628787878787879,0.628787878787879,0.205056994414731,0.112121212121212,0.23469762553697,4.82059586386384,4.82059586386384
17017,0.636363636363636,0.636363636363636,0.194104608293216,0.112878787878788,0.22005878791612,4.56636653646374,4.56636653646374
17019,0.659090909090909,0.659090909090909,0.195698693404107,0.0893939393939394,0.210073257352047,4.26661900083558,4.26661900083558
17020,0.636363636363636,0.636363636363636,0.203895316307559,0.100757575757576,0.192743899525832,5.11243767392383,5.11243767392383
17021,0.651515151515151,0.651515151515151,0.201412832479037,0.0977272727272727,0.205316958557802,5.07332796362459,5.07332796362459
17022,0.681818181818182,0.681818181818182,0.208830218416213,0.101515151515152,0.208147965684496,4.94175784440147,4.94175784440147
17024,0.659090909090909,0.659090909090909,0.198188351897962,0.0909090909090909,0.201553160631456,4.75553694763119,4.75553694763119
17029,0.659090909090909,0.659090909090909,0.206881734929199,0.0856060606060606,0.218157234014768,5.96790010569823,5.96790010569823
17030,0.666666666666667,0.666666666666667,0.225551864125482,0.0924242424242424,0.252941058402547,7.18486284452145,7.18486284452145
17031,0.628787878787879,0.628787878787879,0.182445814974005,0.0909090909090909,0.233347488569581,4.79423159763402,4.79423159763402
17032,0.696969696969697,0.696969696969697,0.199769595728412,0.0810606060606061,0.246379764869426,6.47923646124931,6.47923646124931
17035,0.636363636363636,0.636363636363636,0.185472268123298,0.075,0.257227716507886,6.17161332831079,6.17161332831079
17036,0.689393939393939,0.689393939393939,0.203393893961503,0.0856060606060606,0.259301260477322,5.82064480278765,5.82064480278765
17037,0.621212121212121,0.621212121212121,0.184294519074447,0.0871212121212121,0.247465823270363,6.08545006168616,6.08545006168616
17038,0.643939393939394,0.643939393939394,0.215035391477603,0.0893939393939394,0.281147090646407,5.42892813900187,5.42892813900187
17039,0.651515151515151,0.651515151515151,0.212760149605434,0.0856060606060606,0.279923053582687,5.89650458409103,5.89650458409103
17042,0.628787878787879,0.628787878787879,0.191312508261821,0.0909090909090909,0.2663601783484,5.62605148171263,5.62605148171263
17043,0.636363636363636,0.636363636363636,0.192539457638333,0.0931818181818182,0.281424831122514,4.97419922844274,4.97419922844274
17044,0.636363636363636,0.636363636363636,0.189171535095094,0.0954545454545454,0.241357810123067,4.19493314641034,4.19493314641034
17046,0.613636363636364,0.613636363636364,0.184359510573008,0.0878787878787879,0.294599015447019,4.21199500156105,4.21199500156105
17047,0.666666666666667,0.666666666666667,0.169860343917529,0.0863636363636364,0.200041086918425,5.26458076160137,5.26458076160137
17049,0.636363636363636,0.636363636363636,0.131371550842907,0.0795454545454545,0.194422810919915,4.85642755251403,4.85642755251403
17050,0.628787878787879,0.628787878787879,0.114290052250401,0.0878787878787879,0.191335571708727,4.1308218725856,4.1308218725856
17052,0.613636363636364,0.613636363636364,0.202325767580617,0.0901515151515151,0.207949094884258,5.76116654847227,5.76116654847227
17053,0.628787878787879,0.628787878787879,0.203771312323021,0.0886363636363636,0.214470692284239,5.96533905109015,5.96533905109015
17055,0.606060606060606,0.606060606060606,0.154594323580482,0.0992424242424242,0.234371341873481,4.21912720544487,4.21912720544487
17056,0.628787878787879,0.628787878787879,0.160751617141049,0.0984848484848485,0.208627125595833,3.6218795638852,3.6218795638852
17057,0.643939393939394,0.643939393939394,0.172101702571248,0.096969696969697,0.201858267071526,4.39624563409014,4.39624563409014
17058,0.621212121212121,0.621212121212121,0.181794382778097,0.0946969696969697,0.203659975188086,4.66676295468307,4.66676295468307
17059,0.628787878787879,0.628787878787879,0.178396902362943,0.0886363636363636,0.213840859587778,4.1374622674934,4.1374622674934
17060,0.659090909090909,0.659090909090909,0.161443694816726,0.0810606060606061,0.227673551193838,5.58690952372038,5.58690952372038
17063,0.636363636363636,0.636363636363636,0.211912804087632,0.0863636363636364,0.275011886372994,5.84206947066799,5.84206947066799
17064,0.628787878787879,0.628787878787879,0.221542953180592,0.0946969696969697,0.282787079311248,5.84684522611188,5.84684522611188
17065,0.583333333333333,0.583333333333333,0.184947917142716,0.0901515151515151,0.274713644421843,4.96741887094079,4.96741887094079
17066,0.621212121212121,0.621212121212121,0.176802092980188,0.0825757575757576,0.257820466288829,4.16980804591952,4.16980804591952
17067,0.628787878787879,0.628787878787879,0.173623225464292,0.0909090909090909,0.280561804440349,4.42581191354826,4.42581191354826
17070,0.621212121212121,0.621212121212121,0.200238826546839,0.096969696969697,0.260649657388855,5.56966656805681,5.56966656805681
17071,0.636363636363636,0.636363636363636,0.199146488222801,0.0954545454545455,0.249448417886939,5.28087217239353,5.28087217239353
17072,0.636363636363636,0.636363636363636,0.200058860385388,0.0931818181818182,0.245870114934414,5.18370620771153,5.18370620771153
17073,0.613636363636364,0.613636363636364,0.205307060081828,0.0916666666666667,0.259153018610511,4.59033825283499,4.59033825283499
17074,0.628787878787879,0.628787878787879,0.189498888710561,0.0924242424242424,0.267362429808139,4.44963908062332,4.44963908062332
17076,0.583333333333333,0.583333333333333,0.163031567013609,0.0992424242424242,0.220550889982751,3.92365939443187,3.92365939443187
17077,0.590909090909091,0.590909090909091,0.159502749584853,0.0992424242424242,0.255525227362036,5.10037012725923,5.10037012725923
17079,0.651515151515151,0.651515151515151,0.193547431042771,0.0977272727272727,0.251245705220939,5.25465167017982,5.25465167017982
17080,0.636363636363636,0.636363636363636,0.168514288218159,0.10530303030303,0.210008820699026,4.95237144572237,4.95237144572237
17082,0.643939393939394,0.643939393939394,0.166893722208549,0.0939393939393939,0.213216922007783,3.62184017080596,3.62184017080596
17084,0.621212121212121,0.621212121212121,0.161669630123995,0.0984848484848485,0.212315973555294,3.62471593358839,3.62471593358839
17085,0.666666666666667,0.666666666666667,0.166313012902456,0.0795454545454545,0.19448817812061,4.42470261736788,4.42470261736788
17087,0.659090909090909,0.659090909090909,0.159425769639643,0.0810606060606061,0.205462129972084,5.66692819680215,5.66692819680215
17088,0.704545454545455,0.704545454545455,0.15790696465577,0.0742424242424242,0.206203506796381,5.4259221684586,5.4259221684586
17091,0.689393939393939,0.689393939393939,0.164202279486696,0.0840909090909091,0.202191643989057,5.99506301543057,5.99506301543057
17092,0.681818181818182,0.681818181818182,0.184024464354424,0.0818181818181818,0.218209048312364,5.50788708542167,5.50788708542167
17093,0.696969696969697,0.696969696969697,0.22989512509066,0.078030303030303,0.195341694651169,6.56388568840956,6.56388568840956
17094,0.674242424242424,0.674242424242424,0.181294156726283,0.0878787878787879,0.218491651283312,5.50425869300433,5.50425869300433
17095,0.689393939393939,0.689393939393939,0.184029252338096,0.0787878787878788,0.216171331342342,5.56096302722529,5.56096302722529
17098,0.704545454545455,0.704545454545455,0.18029916951916,0.0757575757575758,0.218490678037329,5.49282540195957,5.49282540195957
17099,0.71969696969697,0.71969696969697,0.204440042052689,0.071969696969697,0.202549677008216,5.98337727270564,5.98337727270564
17101,0.734848484848485,0.734848484848485,0.2284845024038,0.0636363636363636,0.185164736357381,6.87723515665061,6.87723515665061
17105,0.71969696969697,0.71969696969697,0.196004423518741,0.0787878787878788,0.21511626928026,5.24806053967659,5.24806053967659
17106,0.757575757575758,0.757575757575758,0.23755677432013,0.0727272727272727,0.181450489623121,7.03748799655934,7.03748799655934
17107,0.734848484848485,0.734848484848485,0.19543742717247,0.0628787878787879,0.201698476103784,4.98138450079915,4.98138450079915
17108,0.651515151515151,0.651515151515151,0.167940772427739,0.071969696969697,0.1862020251744,3.99404491801052,3.99404491801052
17109,0.757575757575758,0.757575757575758,0.200528337332273,0.0772727272727273,0.179451734495611,5.92240396787552,5.92240396787552
17110,0.734848484848485,0.734848484848485,0.18922965746219,0.0871212121212121,0.174404013846705,4.95751376285561,4.95751376285561
17112,0.727272727272727,0.727272727272727,0.180236047977376,0.0795454545454545,0.182395703285789,4.61370583481413,4.61370583481413
17113,0.734848484848485,0.734848484848485,0.204827462542227,0.0651515151515152,0.175110621680841,4.57177946423568,4.57177946423568
17115,0.734848484848485,0.734848484848485,0.193988716986196,0.0734848484848485,0.177099531655452,5.28017874299499,5.28017874299499
17119,0.696969696969697,0.696969696969697,0.195424205316461,0.0681818181818182,0.176047493774609,4.40009184512243,4.40009184512243
17120,0.696969696969697,0.696969696969697,0.177930686617772,0.0712121212121212,0.178227468382607,3.71728773046291,3.71728773046291
17121,0.621212121212121,0.621212121212121,0.148063966483162,0.0681818181818182,0.179661845834443,3.29366710776082,3.29366710776082
17122,0.621212121212121,0.621212121212121,0.147691161618789,0.0696969696969697,0.186883626153323,3.19286438078082,3.19286438078082
17123,0.621212121212121,0.621212121212121,0.150653377260687,0.0575757575757576,0.186301491571383,3.30212622202548,3.30212622202548
17126,0.628787878787879,0.628787878787879,0.15312919273255,0.0545454545454545,0.187231749664965,3.31830658123266,3.31830658123266
17127,0.681818181818182,0.681818181818182,0.167153816210188,0.0628787878787879,0.185779655858727,3.59359627402163,3.59359627402163
17128,0.666666666666667,0.666666666666667,0.178540977823334,0.0621212121212121,0.179485222421721,4.17074101564874,4.17074101564874
17130,0.636363636363636,0.636363636363636,0.165890536116885,0.0606060606060606,0.183147613265941,4.05192459349866,4.05192459349866
17133,0.712121212121212,0.712121212121212,0.195486173844096,0.0825757575757576,0.182077373463445,3.73075000636165,3.73075000636165
17134,0.704545454545455,0.704545454545455,0.223032084041944,0.0734848484848485,0.173120992660288,4.5854535648627,4.5854535648627
17136,0.689393939393939,0.689393939393939,0.222414425613836,0.0810606060606061,0.173444963328657,4.47463341858146,4.47463341858146
17137,0.704545454545455,0.704545454545455,0.189310016031916,0.0727272727272727,0.185677545745707,3.69898721769406,3.69898721769406
17139,0.734848484848485,0.734848484848485,0.217402313064384,0.0765151515151515,0.175485342807194,4.58534736436757,4.58534736436757
17140,0.71969696969697,0.71969696969697,0.211463112013712,0.0712121212121212,0.179041825246172,4.43181652697011,4.43181652697011
17142,0.742424242424242,0.742424242424242,0.220400394754933,0.0666666666666667,0.175420363698457,4.51121069868491,4.51121069868491
17143,0.71969696969697,0.71969696969697,0.220431171017881,0.0696969696969697,0.177088343599187,4.47704280489637,4.47704280489637
17144,0.727272727272727,0.727272727272727,0.223121693531608,0.0643939393939394,0.172860814022957,4.42501436376074,4.42501436376074
17145,0.681818181818182,0.681818181818182,0.189905857253337,0.0696969696969697,0.181005423743503,3.44239216833558,3.44239216833558
17147,0.727272727272727,0.727272727272727,0.210329576159358,0.0833333333333333,0.170920170058933,5.50073135983716,5.50073135983716
17148,0.704545454545455,0.704545454545455,0.224440080577333,0.0666666666666667,0.174113764585651,4.25008708716454,4.25008708716454
17149,0.681818181818182,0.681818181818182,0.212586614805451,0.0628787878787879,0.177137836808804,4.12768162168466,4.12768162168466
17150,0.727272727272727,0.727272727272727,0.201308597754828,0.0893939393939394,0.182454199367008,4.74490366488374,4.74490366488374
17151,0.765151515151515,0.765151515151515,0.198861188463654,0.0916666666666667,0.181086990702823,4.10436376485746,4.10436376485746
17154,0.772727272727273,0.772727272727273,0.261063904101769,0.0848484848484848,0.176299970590368,6.75397051004349,6.75397051004349
17155,0.75,0.75,0.240691769133305,0.0962121212121212,0.174645858161275,5.74032452099991,5.74032452099991
17156,0.765151515151515,0.765151515151515,0.227839271101656,0.0810606060606061,0.180357500612812,5.02367411435654,5.02367411435654
17157,0.772727272727273,0.772727272727273,0.247114666239895,0.078030303030303,0.174336625818442,5.91735762725716,5.91735762725716
17158,0.78030303030303,0.78030303030303,0.267107631727218,0.0643939393939394,0.178131943177552,7.19278878813408,7.19278878813408
17162,0.772727272727273,0.772727272727273,0.264739595899271,0.0636363636363636,0.176902453867102,7.14753311732076,7.14753311732076
17163,0.765151515151515,0.765151515151515,0.212127059643115,0.0643939393939394,0.183191648769238,6.3339492734086,6.3339492734086
17164,0.772727272727273,0.772727272727273,0.216752961143096,0.0674242424242424,0.180728048014151,6.43451643864616,6.43451643864616
17165,0.757575757575758,0.757575757575758,0.216901520444933,0.0636363636363636,0.18527192576766,6.18519959048861,6.18519959048861
17168,0.75,0.75,0.211765793364496,0.0659090909090909,0.186488381510467,6.3557159630527,6.35571596305269
17169,0.772727272727273,0.772727272727273,0.211418230805461,0.0757575757575758,0.185208707506619,6.22509461448271,6.22509461448271
17174,0.803030303030303,0.803030303030303,0.238300215138157,0.0727272727272727,0.174089568819081,7.04238035760164,7.04238035760164
17175,0.787878787878788,0.787878787878788,0.218452791989148,0.075,0.191810124818739,5.58579535065534,5.58579535065534
17179,0.757575757575758,0.757575757575758,0.205088722416575,0.0651515151515152,0.178004650472353,5.42876854350146,5.42876854350146
17183,0.765151515151515,0.765151515151515,0.176676925093081,0.0825757575757576,0.179057501963548,3.92065981942525,3.92065981942525
17184,0.78030303030303,0.78030303030303,0.00386892048258484,0.075,0.1775065854294,5.34123736148923,5.34123736148923
17185,0.757575757575758,0.757575757575758,0.173780571611474,0.0727272727272727,0.181122581772825,4.08827823879909,4.08827823879909
17186,0.78030303030303,0.78030303030303,0.203950999156916,0.0727272727272727,0.186863437675409,4.54466196192122,4.54466196192122
17189,0.787878787878788,0.787878787878788,0.205568863445451,0.0765151515151515,0.18484245829685,6.12380194732222,6.12380194732222
17191,0.727272727272727,0.727272727272727,0.216366609009505,0.0704545454545455,0.177995289315761,6.36271713599576,6.36271713599576
17192,0.810606060606061,0.810606060606061,0.224983121184844,0.0712121212121212,0.170556551317412,7.89329969649445,7.89329969649445
17193,0.803030303030303,0.803030303030303,0.232979022620128,0.075,0.175239440280032,7.15067658523449,7.15067658523449
17196,0.787878787878788,0.787878787878788,0.211174887186841,0.0727272727272727,0.176988342704668,6.9279048981426,6.92790489814261
17197,0.772727272727273,0.772727272727273,0.187374191998174,0.0681818181818182,0.183846183809557,6.0068463000225,6.0068463000225
17199,0.810606060606061,0.810606060606061,0.252758718342271,0.0863636363636364,0.173843453811877,7.68885181324186,7.68885181324187
17200,0.772727272727273,0.772727272727273,0.194877494366313,0.0704545454545455,0.179628884391015,6.18510046909855,6.18510046909855
17202,0.795454545454545,0.795454545454545,0.159217838061179,0.0878787878787879,0.169752197345699,6.63290504138638,6.63290504138638
17205,0.78030303030303,0.78030303030303,0.245719228163831,0.0803030303030303,0.164506242655836,7.53699914292952,7.53699914292952
17207,0.78030303030303,0.78030303030303,0.258612359788066,0.0787878787878788,0.166185330414181,7.74173063145888,7.74173063145888
17208,0.681818181818182,0.681818181818182,0.217810357042921,0.0795454545454545,0.165796483168841,5.55157201908235,5.55157201908235
17210,0.666666666666667,0.666666666666667,0.204352495502321,0.0651515151515152,0.1828706463313,6.53212332895813,6.53212332895813
17211,0.651515151515151,0.651515151515151,0.175953984078877,0.0643939393939394,0.201016856690412,4.9877473845596,4.9877473845596
17212,0.628787878787879,0.628787878787879,0.180239059930507,0.075,0.199164496513748,5.11412151053184,5.11412151053184
17213,0.613636363636364,0.613636363636364,0.121525950100849,0.0787878787878788,0.1789105159087,3.3757354675185,3.3757354675185
17214,0.628787878787879,0.628787878787879,0.126465005797913,0.0742424242424242,0.183860965778156,4.10722363786382,4.10722363786382
17218,0.606060606060606,0.606060606060606,0.117943906637854,0.0856060606060606,0.174218469701576,3.28630961839222,3.28630961839222
17219,0.628787878787879,0.628787878787879,0.123831164885877,0.0742424242424242,0.172916359676539,4.28114821299235,4.28114821299235
17220,0.681818181818182,0.681818181818182,0.140131192227481,0.0689393939393939,0.179301788754538,5.59281539703954,5.59281539703954
17221,0.704545454545455,0.704545454545455,0.165066119265739,0.0886363636363636,0.171819215535076,6.6405147222334,6.6405147222334
17225,0.696969696969697,0.696969696969697,0.155630329364871,0.0886363636363636,0.170593229486376,5.49553454714806,5.49553454714806
17226,0.712121212121212,0.712121212121212,0.163057021092884,0.0924242424242424,0.174386803068737,5.2772759038499,5.2772759038499
17227,0.727272727272727,0.727272727272727,0.158945782948568,0.0924242424242424,0.1790248899,5.73781631306946,5.73781631306946
17228,0.734848484848485,0.734848484848485,0.169662846279516,0.0810606060606061,0.178172743855972,5.58463755925385,5.58463755925385
17229,0.71969696969697,0.71969696969697,0.147510881331338,0.0833333333333333,0.17378879803958,4.88373164381866,4.88373164381866
17232,0.727272727272727,0.727272727272727,0.14969181695746,0.071969696969697,0.186854059364634,4.31890922122691,4.31890922122691
17233,0.727272727272727,0.727272727272727,0.176461352528747,0.075,0.181827855569948,5.35710097025182,5.35710097025182
17235,0.757575757575758,0.757575757575758,0.17962593356115,0.0833333333333333,0.181790021087619,5.43756036876212,5.43756036876212
17236,0.772727272727273,0.772727272727273,0.175516444543505,0.0840909090909091,0.181335765425899,5.46043109200683,5.46043109200683
17238,0.734848484848485,0.734848484848485,0.125526657567425,0.075,0.19331412158446,4.03321438978721,4.03321438978721
17239,0.742424242424242,0.742424242424242,0.127976214049123,0.0803030303030303,0.181887264100573,4.20586540550034,4.20586540550034
17240,0.765151515151515,0.765151515151515,0.135512057400488,0.0742424242424242,0.175520675977888,4.57439227354686,4.57439227354686
17241,0.742424242424242,0.742424242424242,0.135354042250469,0.0803030303030303,0.175752023192937,4.46050787509148,4.46050787509148
17242,0.765151515151515,0.765151515151515,0.115714459506602,0.0833333333333333,0.17312470055374,5.93213664185632,5.93213664185632
17245,0.78030303030303,0.78030303030303,0.181236347267461,0.0712121212121212,0.174182265574485,6.08022918027296,6.08022918027296
17246,0.727272727272727,0.727272727272727,0.166294086837608,0.0871212121212121,0.169700890194331,5.08951744842255,5.08951744842255
17247,0.757575757575758,0.757575757575758,0.154330787562003,0.0810606060606061,0.168782702347592,5.02997507023286,5.02997507023286
17248,0.75,0.75,0.14562237466123,0.078030303030303,0.166184891269225,4.92107874960872,4.92107874960872
17249,0.75,0.75,0.141125223788267,0.0840909090909091,0.164803406960883,5.1764000995041,5.1764000995041
17252,0.712121212121212,0.712121212121212,0.141163066010593,0.0810606060606061,0.171642445347904,4.55110378487637,4.55110378487637
17253,0.71969696969697,0.71969696969697,0.133421624681355,0.0795454545454545,0.177655752489464,4.91870200353171,4.91870200353171
17254,0.704545454545455,0.704545454545455,0.11264122585052,0.0818181818181818,0.185571545566597,4.85008657670362,4.85008657670362
17255,0.734848484848485,0.734848484848485,0.119445730222829,0.0840909090909091,0.17747869065568,4.86933946231509,4.86933946231509
17256,0.712121212121212,0.712121212121212,0.109817395614232,0.0924242424242424,0.179549993086528,4.83347322975113,4.83347322975113
17257,0.674242424242424,0.674242424242424,0.10729647054235,0.0931818181818182,0.188746232477196,4.41874862328858,4.41874862328858
17260,0.734848484848485,0.734848484848485,0.137761261631387,0.0810606060606061,0.181282214066991,5.45640202701345,5.45640202701345
17261,0.75,0.75,0.13513257978946,0.0840909090909091,0.178381822661107,5.50567322688694,5.50567322688694
17264,0.803030303030303,0.803030303030303,0.148391719811084,0.0871212121212121,0.171990254344619,7.13445616118745,7.13445616118745
17266,0.765151515151515,0.765151515151515,0.120372494504629,0.0871212121212121,0.180694791014494,6.18142844731096,6.18142844731096
17268,0.78030303030303,0.78030303030303,0.0913990882690999,0.0939393939393939,0.168873952982451,5.74674035136503,5.74674035136503
17269,0.71969696969697,0.71969696969697,0.0858758539549825,0.096969696969697,0.175966055071441,3.67451424316206,3.67451424316206
17274,0.772727272727273,0.772727272727273,0.0922908767793851,0.0863636363636364,0.170781513938002,5.34513818379248,5.34513818379248
17275,0.734848484848485,0.734848484848485,0.0869954363909532,0.0810606060606061,0.168810228297949,5.25996424592994,5.25996424592994
17276,0.727272727272727,0.727272727272727,0.0898468100609693,0.0825757575757576,0.168572343094461,5.31182425863911,5.31182425863911
17277,0.765151515151515,0.765151515151515,0.12222486525648,0.0909090909090909,0.166716117302835,6.46245628357576,6.46245628357576
17280,0.772727272727273,0.772727272727273,0.104574240105569,0.0742424242424242,0.171415673320005,5.74056328791712,5.74056328791712
17281,0.772727272727273,0.772727272727273,0.124690652012318,0.0924242424242424,0.168466614159161,7.69758153403833,7.69758153403833
17282,0.78030303030303,0.78030303030303,0.124647219917375,0.0795454545454545,0.181887557062469,6.07024113382753,6.07024113382753
17283,0.75,0.75,0.118451596542209,0.0825757575757576,0.202359886188563,5.36127410172782,5.36127410172782
17284,0.742424242424242,0.742424242424242,0.115415936864137,0.0871212121212121,0.171603861333636,5.39555529902347,5.39555529902347
17287,0.704545454545455,0.704545454545455,0.107706142945209,0.0954545454545454,0.174113904029279,6.02298582932032,6.02298582932032
17290,0.742424242424242,0.742424242424242,0.100664738836812,0.0893939393939394,0.186292658008133,4.5780768417883,4.5780768417883
17291,0.742424242424242,0.742424242424242,0.00322540007606445,0.0757575757575758,0.174326048413724,5.70365505251594,5.70365505251594
17293,0.689393939393939,0.689393939393939,0.104625195072738,0.0863636363636364,0.183326909861242,3.12448932441662,3.12448932441662
17295,0.742424242424242,0.742424242424242,0.00330404398042132,0.0772727272727273,0.17509444605579,5.10202662809081,5.10202662809081
17296,0.696969696969697,0.696969696969697,0.0809666820077227,0.0840909090909091,0.169944872782144,4.54275031248588,4.54275031248588
17298,0.704545454545455,0.704545454545455,0.0747051312294067,0.0734848484848485,0.167570245247821,5.12308478489603,5.12308478489604
17301,0.674242424242424,0.674242424242424,0.00354099926588312,0.0765151515151515,0.177229813726751,3.78098130241134,3.78098130241134
17302,0.727272727272727,0.727272727272727,0.0959058352619478,0.0848484848484849,0.170307020689293,5.10560596470595,5.10560596470595
17303,0.727272727272727,0.727272727272727,0.0853374585913019,0.0977272727272727,0.171010809250113,4.25466167017723,4.25466167017723
17304,0.636363636363636,0.636363636363636,0.0716839269011402,0.0772727272727273,0.171247314807,1.93099224389707,1.93099224389707
17305,0.659090909090909,0.659090909090909,0.0810593306622234,0.0765151515151515,0.167585750349887,2.09937890359982,2.09937890359982
17308,0.659090909090909,0.659090909090909,0.077094356066914,0.096969696969697,0.174094919675606,4.12851654860082,4.12851654860082
17309,0.712121212121212,0.712121212121212,0.0755476565452753,0.0931818181818182,0.172183722582407,4.24445162426579,4.24445162426579
17310,0.704545454545455,0.704545454545455,0.0773331405412694,0.0909090909090909,0.172252836155979,4.25360426871321,4.25360426871321
17312,0.727272727272727,0.727272727272727,0.0748524390691767,0.0818181818181818,0.165071085228776,5.1028574663668,5.1028574663668
17316,0.689393939393939,0.689393939393939,0.08236818901547,0.0984848484848485,0.173005209047034,4.90774984225139,4.90774984225139
17317,0.734848484848485,0.734848484848485,0.0838036237288494,0.0893939393939394,0.186264784907628,5.5981656381773,5.5981656381773
17319,0.742424242424242,0.742424242424242,0.0841801667979352,0.0893939393939394,0.187866910071811,4.98398269609922,4.98398269609922
17320,0.704545454545455,0.704545454545455,0.0868100558219773,0.1,0.182755212947741,4.74390486155075,4.74390486155075
17321,0.659090909090909,0.659090909090909,0.0731824623280931,0.0901515151515151,0.18089084465693,4.04929455776784,4.04929455776784
17323,0.666666666666667,0.666666666666667,0.072364183936804,0.0901515151515151,0.178921748016611,4.13051860187457,4.13051860187457
17324,0.674242424242424,0.674242424242424,0.05925166341368,0.0818181818181818,0.18294130083707,3.79975761455333,3.79975761455333
17326,0.643939393939394,0.643939393939394,0.0551627458830665,0.0962121212121212,0.185122121352869,3.78299445457208,3.78299445457208
17327,0.689393939393939,0.689393939393939,0.0633497760189808,0.101515151515152,0.177009028493955,4.94759951884505,4.94759951884505
17328,0.666666666666667,0.666666666666667,0.0638009359460724,0.0924242424242424,0.169673193515713,5.34005228333017,5.34005228333017
17329,0.651515151515151,0.651515151515151,0.0542453213399426,0.0939393939393939,0.170154457975224,4.59276402836657,4.59276402836657
17330,0.689393939393939,0.689393939393939,0.0600602052859462,0.0924242424242424,0.175934713752227,3.5436477044616,3.5436477044616
17331,0.666666666666667,0.666666666666667,0.0672181321428699,0.0992424242424242,0.197031850963667,2.46875825047284,2.46875825047284
17333,0.674242424242424,0.674242424242424,0.0568305515476936,0.0992424242424242,0.204955086440154,2.50811848160658,2.50811848160658
17336,0.628787878787879,0.628787878787879,0.0571321394227887,0.107575757575758,0.188865216928623,2.70968432206541,2.70968432206541
17337,0.666666666666667,0.666666666666667,0.060189689699631,0.1,0.182622495479985,3.50490414905394,3.50490414905394
17338,0.666666666666667,0.666666666666667,0.0594678640390888,0.0939393939393939,0.18260799741517,3.87147993669038,3.87147993669038
17339,0.674242424242424,0.674242424242424,0.0779741397361643,0.0901515151515151,0.220213292934579,3.92134795059567,3.92134795059567
17340,0.704545454545455,0.704545454545455,0.0625416546736665,0.0954545454545455,0.202003571182363,4.08044538115236,4.08044538115236
17343,0.674242424242424,0.674242424242424,0.0651103388405498,0.0954545454545454,0.187507980811587,4.03525891988612,4.03525891988612
17344,0.643939393939394,0.643939393939394,0.0930836565634867,0.0840909090909091,0.189044628944227,5.12892674472014,5.12892674472014
17345,0.643939393939394,0.643939393939394,0.0880993248053095,0.0825757575757576,0.215201675255138,3.5999106804719,3.5999106804719
17346,0.704545454545455,0.704545454545455,0.0892352730288746,0.071969696969697,0.196094069533958,4.29123227528854,4.29123227528854
17347,0.666666666666667,0.666666666666667,0.0831951326076478,0.0893939393939394,0.181765818457602,4.89845768996978,4.89845768996978
17349,0.643939393939394,0.643939393939394,0.0712658989459469,0.103787878787879,0.176089739190051,4.16328849155846,4.16328849155846
17350,0.674242424242424,0.674242424242424,0.0543624481171531,0.0916666666666667,0.177198917907177,3.75174944358602,3.75174944358601
17351,0.666666666666667,0.666666666666667,0.0631960921724868,0.0863636363636364,0.175669493782238,3.79142072566503,3.79142072566503
17353,0.674242424242424,0.674242424242424,0.0733505647778676,0.0803030303030303,0.167706098268048,5.47503098131612,5.47503098131612
17354,0.651515151515151,0.651515151515151,0.063770116726271,0.0840909090909091,0.179377833652724,4.73230327355182,4.73230327355182
17355,0.606060606060606,0.606060606060606,0.0478937610511125,0.0886363636363636,0.168642146146187,3.62113260533933,3.62113260533933
17356,0.636363636363636,0.636363636363636,0.0868704824046647,0.106060606060606,0.175943783092816,3.99370352432568,3.99370352432568
17358,0.621212121212121,0.621212121212121,0.0897959512069822,0.10530303030303,0.172725590273848,5.05587666195758,5.05587666195758
17359,0.651515151515151,0.651515151515151,0.085727346987359,0.0909090909090909,0.169177843666221,3.81667877353775,3.81667877353775
17360,0.636363636363636,0.636363636363636,0.0804705788660507,0.0916666666666667,0.170577620366133,3.42052736529382,3.42052736529383
17361,0.643939393939394,0.643939393939394,0.0845844690912165,0.0977272727272727,0.161399087590431,3.98145436809396,3.98145436809396
17364,0.666666666666667,0.666666666666667,0.0847638847982668,0.0909090909090909,0.164133805825076,4.92980728674319,4.92980728674319
17365,0.651515151515151,0.651515151515151,0.06917362299339,0.0954545454545454,0.163629598989236,3.55603582355611,3.55603582355611
17366,0.704545454545455,0.704545454545455,0.0757862269876599,0.0787878787878788,0.165384432839917,4.94115265973566,4.94115265973566
17367,0.651515151515151,0.651515151515151,0.0689310926163957,0.0856060606060606,0.164881408700599,4.01390565486914,4.01390565486914
17368,0.681818181818182,0.681818181818182,0.0728307303640555,0.0856060606060606,0.173433744121175,3.84519158632077,3.84519158632077
17371,0.674242424242424,0.674242424242424,0.0812455775416845,0.0924242424242424,0.172746450218125,3.62752628339299,3.62752628339299
17372,0.651515151515151,0.651515151515151,0.0746293268503976,0.0962121212121212,0.172825762331941,3.82771727429417,3.82771727429417
17373,0.651515151515151,0.651515151515151,0.0753157375326357,0.0954545454545455,0.173536126978375,3.81429084632566,3.81429084632566
17374,0.666666666666667,0.666666666666667,0.106661177165656,0.0833333333333333,0.182559427030714,4.16493217146269,4.16493217146269
17375,0.636363636363636,0.636363636363636,0.0941173042779466,0.0825757575757576,0.169085154113377,4.61707117796261,4.61707117796261
17378,0.651515151515151,0.651515151515151,0.0886788604557438,0.0803030303030303,0.181401321403072,3.61648534507049,3.61648534507049
17380,0.659090909090909,0.659090909090909,0.095494034006588,0.0696969696969697,0.190558497428937,3.98663772930192,3.98663772930192
17381,0.666666666666667,0.666666666666667,0.0936764727289449,0.0712121212121212,0.176218729747246,4.92858330271341,4.92858330271341
17383,0.666666666666667,0.666666666666667,0.0830370362820476,0.0871212121212121,0.176734663088049,5.34615327421235,5.34615327421235
17384,0.636363636363636,0.636363636363636,0.0988424446585561,0.0818181818181818,0.163580857409853,5.50860394549014,5.50860394549014
17386,0.636363636363636,0.636363636363636,0.090643123339886,0.0924242424242424,0.170686714189434,4.72214755549413,4.72214755549413
17387,0.659090909090909,0.659090909090909,0.0922648638957003,0.0825757575757576,0.165438232127712,5.10723099243866,5.10723099243866
17389,0.659090909090909,0.659090909090909,0.0904967384801192,0.0909090909090909,0.165670517444045,4.91154366523796,4.91154366523796
17392,0.666666666666667,0.666666666666667,0.0935627167076735,0.0901515151515151,0.16556315878405,4.92290304072849,4.92290304072849
17394,0.651515151515151,0.651515151515151,0.0833732801391948,0.0863636363636364,0.170834938929201,3.90932905359057,3.90932905359057
17395,0.659090909090909,0.659090909090909,0.0879877039614521,0.0772727272727273,0.17225375971383,3.71448547779258,3.71448547779258
17396,0.651515151515151,0.651515151515151,0.0807396342937731,0.0848484848484848,0.1686394360798,4.09802358256563,4.09802358256563
17399,0.636363636363636,0.636363636363636,0.0877100159253563,0.0848484848484849,0.172458075136731,4.64069277699585,4.64069277699585
17400,0.681818181818182,0.681818181818182,0.0849491594041996,0.0977272727272727,0.169334503125784,5.95779111013186,5.95779111013186
17401,0.681818181818182,0.681818181818182,0.085824625841775,0.0848484848484848,0.1735038100562,4.33590269188062,4.33590269188063
17402,0.696969696969697,0.696969696969697,0.0740586964594989,0.0848484848484849,0.167675261576888,5.06608573445819,5.06608573445819
17403,0.674242424242424,0.674242424242424,0.0912972538330849,0.0984848484848485,0.163137097254057,4.95961062387413,4.95961062387412
17406,0.666666666666667,0.666666666666667,0.0821858168863461,0.0946969696969697,0.160964762525733,4.96205530457828,4.96205530457828
17407,0.689393939393939,0.689393939393939,0.103945203381193,0.0856060606060606,0.168471476987957,3.76390020188268,3.76390020188268
17408,0.689393939393939,0.689393939393939,0.117762272905296,0.0856060606060606,0.169642250085221,4.2371404162591,4.2371404162591
17409,0.674242424242424,0.674242424242424,0.117068557952264,0.0893939393939394,0.167941265860727,4.75588899472646,4.75588899472646
17410,0.696969696969697,0.696969696969697,0.118415271142681,0.0795454545454545,0.17675160703432,4.75788929325802,4.75788929325802
17411,0.681818181818182,0.681818181818182,0.116637946091368,0.0893939393939394,0.168147957780403,4.7413442128706,4.7413442128706
17412,0.696969696969697,0.696969696969697,0.119166287106637,0.0825757575757576,0.168712242750165,5.45764986936694,5.45764986936694
17414,0.681818181818182,0.681818181818182,0.123015553588637,0.0909090909090909,0.170491685551409,5.03663662373346,5.03663662373346
17415,0.704545454545455,0.704545454545455,0.120318978733506,0.0818181818181818,0.170283373972111,4.91835822749901,4.91835822749901
17417,0.689393939393939,0.689393939393939,0.106211879050548,0.0878787878787879,0.167412554040568,5.74207422174368,5.74207422174368
17419,0.689393939393939,0.689393939393939,0.0796418860681804,0.071969696969697,0.168449852853479,5.66660175814839,5.66660175814839
17420,0.674242424242424,0.674242424242424,0.083561856691678,0.0734848484848485,0.169926459556285,5.6017147261887,5.6017147261887
17422,0.696969696969697,0.696969696969697,0.0837026787662363,0.0704545454545455,0.171976980842319,5.52838995280983,5.52838995280983
17423,0.696969696969697,0.696969696969697,0.0819842793970014,0.0696969696969697,0.168823408812409,5.73924414724334,5.73924414724334
17424,0.71969696969697,0.71969696969697,0.0730209975456696,0.0734848484848485,0.16800578577866,5.89597372950608,5.89597372950608
17427,0.659090909090909,0.659090909090909,0.0679141574902668,0.0810606060606061,0.168794804402986,5.48707788551269,5.48707788551269
17428,0.674242424242424,0.674242424242424,0.073496653465499,0.0803030303030303,0.16974933923516,5.6218079425465,5.6218079425465
17429,0.704545454545455,0.704545454545455,0.10246490607611,0.0757575757575758,0.170357471163515,5.61035559414181,5.61035559414181
17430,0.696969696969697,0.696969696969697,0.0902822889427925,0.0772727272727273,0.168641477200802,5.73527941090809,5.73527941090809
17431,0.689393939393939,0.689393939393939,0.0867065137094964,0.075,0.167869465337366,5.88356125044666,5.88356125044666
17434,0.681818181818182,0.681818181818182,0.0808720964393236,0.0787878787878788,0.166846927942821,5.68043170832564,5.68043170832564
17435,0.71969696969697,0.71969696969697,0.0752222834077122,0.0742424242424242,0.166406470366609,6.64818849522335,6.64818849522335
17436,0.71969696969697,0.71969696969697,0.0967601801444627,0.0742424242424242,0.166505826228032,6.75355575610606,6.75355575610606
17437,0.704545454545455,0.704545454545455,0.0958879910225532,0.0621212121212121,0.170257105466789,6.56546623326544,6.56546623326544
17438,0.696969696969697,0.696969696969697,0.0893900333936477,0.0727272727272727,0.172570182152585,5.71158828588395,5.71158828588395
17440,0.689393939393939,0.689393939393939,0.0797263191417714,0.0628787878787879,0.168022214775909,5.37455223745942,5.37455223745942
17441,0.689393939393939,0.689393939393939,0.0649479614699935,0.0712121212121212,0.169717164312606,6.65839759672661,6.65839759672661
17442,0.674242424242424,0.674242424242424,0.0940646029281773,0.0840909090909091,0.17151845206315,5.31616903755293,5.31616903755293
17443,0.689393939393939,0.689393939393939,0.066436820372407,0.0583333333333333,0.168123442323343,6.85607518317739,6.85607518317739
17444,0.641025641025641,0.641025641025641,0.0729880695903001,0.0641025641025641,0.156345891082023,5.35294722194588,5.35294722194588
17446,0.653846153846154,0.653846153846154,0.0904215922185429,0.0687645687645688,0.156614570314537,5.44950072913025,5.44950072913025
17447,0.628205128205128,0.628205128205128,0.0958320437018858,0.0687645687645688,0.166211223029678,3.85277789343186,3.85277789343186
17449,0.608974358974359,0.608974358974359,0.0789289242084612,0.0722610722610723,0.167547603420734,3.63594282501373,3.63594282501373
17450,0.608974358974359,0.608974358974359,0.0655256886035249,0.067016317016317,0.162215449958813,4.38861940170405,4.38861940170405
17452,0.653846153846154,0.653846153846154,0.0467435757360509,0.0594405594405594,0.1562582512102,6.00344451884897,6.00344451884897
17455,0.647435897435897,0.647435897435897,0.0637755957868336,0.0687645687645688,0.161007997336655,4.7220593487521,4.7220593487521
17456,0.608974358974359,0.608974358974359,0.0542643530079489,0.0681818181818182,0.163829354170242,4.50623306246485,4.50623306246485
17457,0.615384615384615,0.615384615384615,0.0531148364343701,0.0716783216783217,0.161114588559052,4.45783306726787,4.45783306726787
17458,0.634615384615385,0.634615384615385,0.0743494998100037,0.0763403263403263,0.160856128096915,3.95408780929259,3.95408780929259
17459,0.608974358974359,0.608974358974359,0.0664064453869657,0.0850815850815851,0.165660010896329,3.62605232778094,3.62605232778094
17462,0.621794871794872,0.621794871794872,0.0626605101206879,0.0967365967365967,0.163030820963575,3.76305323713532,3.76305323713532
17463,0.647435897435897,0.647435897435897,0.0693929789805057,0.0909090909090909,0.159162842001918,4.6301617446347,4.6301617446347
17464,0.621794871794872,0.621794871794872,0.065690432105269,0.0751748251748252,0.156358415331523,3.4188356850858,3.4188356850858
17466,0.621794871794872,0.621794871794872,0.0671551839606916,0.0862470862470862,0.15812982455664,3.31084100720981,3.31084100720981
17469,0.564102564102564,0.564102564102564,0.0425939477218131,0.0792540792540792,0.14881071665461,3.15115757169862,3.15115757169862
17470,0.576923076923077,0.576923076923077,0.038784613159466,0.0710955710955711,0.149085555459361,3.38042781847174,3.38042781847174
17471,0.576923076923077,0.576923076923077,0.055751247895089,0.0716783216783217,0.167342199429459,2.94093070607147,2.94093070607147
17474,0.596153846153846,0.596153846153846,0.0511926558518806,0.0658508158508159,0.152839764361094,3.64197345703605,3.64197345703605
17475,0.538461538461538,0.538461538461538,0.0505350966069715,0.0658508158508159,0.165817606414564,3.44044441315483,3.44044441315483
17477,0.557692307692308,0.557692307692308,0.0500744345060497,0.06002331002331,0.16263574090145,3.58924881890462,3.58924881890462
17478,0.602564102564103,0.602564102564103,0.0493423722757891,0.0780885780885781,0.162652952301587,3.61193973822376,3.61193973822376
17479,0.621794871794872,0.621794871794872,0.0481190362774764,0.0664335664335664,0.157472274252212,4.39506307524412,4.39506307524412
17480,0.596153846153846,0.596153846153846,0.0561261394781259,0.0571095571095571,0.166354103893328,3.54150329509703,3.54150329509703
17482,0.564102564102564,0.564102564102564,0.0432150469347428,0.0629370629370629,0.170615603899989,2.86384407546206,2.86384407546206
17483,0.615384615384615,0.615384615384615,0.0555132171609463,0.0780885780885781,0.175659675660179,3.25491854369473,3.25491854369473
17484,0.596153846153846,0.596153846153846,0.0385726562758737,0.0786713286713287,0.168408164600058,2.92984564926613,2.92984564926613
17485,0.602564102564103,0.602564102564103,0.00667331296462181,0.087995337995338,0.186629267338636,2.76426160209512,2.76426160209512
17486,0.58974358974359,0.58974358974359,0.0682370588000195,0.0815850815850816,0.180441333416322,2.81788242915129,2.81788242915129
17487,0.596153846153846,0.596153846153846,0.035058801488566,0.0745920745920746,0.175259520974427,3.58615678491287,3.58615678491287
17490,0.596153846153846,0.596153846153846,0.0362125115835626,0.067016317016317,0.168816419776324,3.63279670281972,3.63279670281972
17491,0.621794871794872,0.621794871794872,0.0665081901965754,0.107226107226107,0.166261154069427,4.50885431969947,4.50885431969947
17492,0.583333333333333,0.583333333333333,0.0486410910911809,0.0821678321678322,0.168331397460056,3.53741184701013,3.53741184701013
17494,0.576923076923077,0.576923076923077,0.0326861038947774,0.0664335664335664,0.168739569047074,3.12415434514448,3.12415434514448
17497,0.596153846153846,0.596153846153846,0.0468406258625985,0.06002331002331,0.166799475735609,3.69388885272525,3.69388885272525
17498,0.615384615384615,0.615384615384615,0.0575253564452436,0.0582750582750583,0.160570301187953,4.44666507316608,4.44666507316608
17499,0.596153846153846,0.596153846153846,0.0622475498046529,0.0594405594405594,0.164631099301371,3.82249260467797,3.82249260467797
17501,0.615384615384615,0.615384615384615,0.0591522371350427,0.0844988344988345,0.157915525640907,3.76082588944031,3.76082588944031
17504,0.66025641025641,0.66025641025641,0.0984208796974411,0.0763403263403263,0.165843600907129,4.07574813009151,4.07574813009151
17505,0.57051282051282,0.57051282051282,0.0678135982653314,0.0594405594405594,0.166035506460717,4.00731395866328,4.00731395866328
17506,0.621794871794872,0.621794871794872,0.0653960794672537,0.0594405594405594,0.162009152371607,4.12928858694603,4.12928858694603
17507,0.576923076923077,0.576923076923077,0.0592101740024155,0.0547785547785548,0.182898320379587,3.67211755102127,3.67211755102127
17509,0.551282051282051,0.551282051282051,0.0811488175912933,0.0617715617715618,0.164461031142316,3.54812554947522,3.54812554947522
17510,0.551282051282051,0.551282051282051,0.0274933345531615,0.0547785547785548,0.177186189136561,2.23806582508774,2.23806582508774
17512,0.551282051282051,0.551282051282051,0.0591692314053497,0.0483682983682984,0.162495267376501,2.20965142683029,2.20965142683029
17513,0.57051282051282,0.57051282051282,0.0639319278649742,0.06002331002331,0.193193948184221,2.62418360584472,2.62418360584472
17514,0.576923076923077,0.576923076923077,0.0525654560303465,0.0716783216783217,0.172923397294718,2.69144377304536,2.69144377304536
17515,0.564102564102564,0.564102564102564,0.0813264670815681,0.0576923076923077,0.192281425435307,2.89098964211401,2.89098964211401
17518,0.602564102564103,0.602564102564103,0.0691921616440285,0.0675990675990676,0.173122267542742,2.95989934842099,2.95989934842099
17519,0.564102564102564,0.564102564102564,0.0573080626960091,0.0512820512820513,0.17070364081313,3.52761051676716,3.52761051676716
17520,0.576923076923077,0.576923076923077,0.0752676101573439,0.0664335664335664,0.18796813436673,3.46248648380878,3.46248648380878
17521,0.615384615384615,0.615384615384615,0.0689300997490567,0.06002331002331,0.171063937740971,4.54085122251707,4.54085122251707
17522,0.615384615384615,0.615384615384615,0.0681280902193489,0.0606060606060606,0.17047412717628,4.31964286825587,4.31964286825587
17527,0.608974358974359,0.608974358974359,0.0543403779584967,0.0571095571095571,0.164631475700074,3.57009952319027,3.57009952319027
17528,0.615384615384615,0.615384615384615,0.0537485411650086,0.0611888111888112,0.171391694839031,3.36029331928028,3.36029331928028
17529,0.583333333333333,0.583333333333333,0.0624664050103781,0.0623543123543124,0.17752762507994,3.14879800710134,3.14879800710134
17533,0.557692307692308,0.557692307692308,0.0562607938007656,0.0611888111888112,0.177788123196023,3.06487651750433,3.06487651750433
17534,0.596153846153846,0.596153846153846,0.0555584650588498,0.0652680652680653,0.170469524118874,3.91344998897025,3.91344998897025
17539,0.58974358974359,0.58974358974359,0.055031988143737,0.0681818181818182,0.170586332278786,3.96723763081875,3.96723763081875
17541,0.602564102564103,0.602564102564103,0.0392135755128331,0.0594405594405594,0.158235013048277,4.27734103811286,4.27734103811286
17547,0.621794871794872,0.621794871794872,0.0389144061899509,0.0780885780885781,0.1585842720254,4.33454368872092,4.33454368872092
17548,0.564102564102564,0.564102564102564,0.042642618172521,0.0623543123543124,0.157977976596968,4.32752744723435,4.32752744723435
17549,0.615384615384615,0.615384615384615,0.0500520571508622,0.0722610722610723,0.157631903503177,4.04505549112856,4.04505549112856
17550,0.596153846153846,0.596153846153846,0.0515066933079064,0.0728438228438228,0.159334754957081,4.08289932809879,4.08289932809879
17553,0.602564102564103,0.602564102564103,0.051274350748393,0.0821678321678322,0.169224539125355,3.47818006151878,3.47818006151878
17554,0.602564102564103,0.602564102564103,0.0642625188663364,0.0827505827505828,0.156881042253885,3.12356510577298,3.12356510577298
17556,0.602564102564103,0.602564102564103,0.0593907280848221,0.0769230769230769,0.162708588316748,3.10871186716476,3.10871186716476
17557,0.628205128205128,0.628205128205128,0.0743255867193205,0.0897435897435897,0.163836763508969,3.85693554237859,3.85693554237859
17560,0.596153846153846,0.596153846153846,0.0640539164533588,0.0757575757575758,0.157879251607668,2.40653802922179,2.40653802922179
17561,0.615384615384615,0.615384615384615,0.0714482755945484,0.0874125874125874,0.156008433967543,2.77953036029187,2.77953036029186
17562,0.596153846153846,0.596153846153846,0.0680834001150886,0.0675990675990676,0.156643969917611,2.31215049109211,2.31215049109211
17564,0.66025641025641,0.66025641025641,0.0713270684683044,0.0815850815850816,0.156418304843546,4.03525990521697,4.03525990521697
17565,0.621794871794872,0.621794871794872,0.0670755584035434,0.0792540792540792,0.164342781538482,2.91426720747741,2.91426720747741
17567,0.596153846153846,0.596153846153846,0.0680936298193611,0.0909090909090909,0.153219446786184,4.14115392695712,4.14115392695712
17569,0.596153846153846,0.596153846153846,0.0721734044503892,0.0944055944055944,0.152579806999105,3.91016783874978,3.91016783874978
17570,0.583333333333333,0.583333333333333,0.0594856863498234,0.0909090909090909,0.150196378083281,4.12234708550695,4.12234708550695
17572,0.576923076923077,0.576923076923077,0.0656095519321,0.0780885780885781,0.149379074452736,1.93747646468312,1.93747646468312
17573,0.615384615384615,0.615384615384615,0.0667336277218174,0.0815850815850816,0.160007497352374,4.13486173440544,4.13486173440544
17575,0.602564102564103,0.602564102564103,0.0525764742852083,0.0815850815850816,0.16270190728005,4.00507064520559,4.00507064520559
17576,0.602564102564103,0.602564102564103,0.0517950329539237,0.0850815850815851,0.162734461230721,3.87880453317999,3.87880453317999
17577,0.602564102564103,0.602564102564103,0.0571845327296103,0.067016317016317,0.161055078996908,3.34493656228222,3.34493656228222
17578,0.602564102564103,0.602564102564103,0.0627744589453949,0.0652680652680653,0.162374794937966,3.36462845527377,3.36462845527377
17582,0.58974358974359,0.58974358974359,0.0543472241340728,0.0775058275058275,0.159002188655119,4.02518749136844,4.02518749136844
17583,0.608974358974359,0.608974358974359,0.063120822281449,0.0652680652680653,0.170797221256819,3.60757184037439,3.60757184037439
17584,0.608974358974359,0.608974358974359,0.0507928548348895,0.0675990675990676,0.155644633842213,4.26094351665052,4.26094351665052
17585,0.608974358974359,0.608974358974359,0.0467559945037567,0.0815850815850816,0.156960475091237,4.59427999758279,4.59427999758279
17588,0.57051282051282,0.57051282051282,0.0280219971916458,0.0757575757575758,0.160997499338067,2.9599502055818,2.9599502055818
17589,0.564102564102564,0.564102564102564,0.0537482261092119,0.0891608391608392,0.149038538947053,2.99678008957167,2.99678008957167
17590,0.621794871794872,0.621794871794872,0.072251442916101,0.0926573426573427,0.161779003533589,3.54008071490767,3.54008071490767
17591,0.647435897435897,0.647435897435897,0.0711153989457893,0.0844988344988345,0.159303051173334,4.90633780532058,4.90633780532058
17594,0.67948717948718,0.67948717948718,0.0643512999559812,0.0979020979020979,0.153369239966815,3.51308458148746,3.51308458148746
17597,0.698717948717949,0.698717948717949,0.0922799703140676,0.0955710955710956,0.154861791782988,4.04266067494651,4.04266067494651
17598,0.711538461538462,0.711538461538462,0.114377810066572,0.0938228438228438,0.152007017333515,6.41516623927065,6.41516623927065
17600,0.692307692307692,0.692307692307692,0.0787917657518065,0.102564102564103,0.159262520956428,4.16803732508627,4.16803732508627
17602,0.737179487179487,0.737179487179487,0.167645669300782,0.101981351981352,0.15942952316922,7.02151353323702,7.02151353323701
17603,0.666666666666667,0.666666666666667,0.105676289432452,0.0914918414918415,0.154183913694131,3.62245665845069,3.62245665845069
17604,0.705128205128205,0.705128205128205,0.244801261314833,0.0862470862470863,0.156696167390083,7.46777486029835,7.46777486029835
17605,0.66025641025641,0.66025641025641,0.267372428880879,0.0909090909090909,0.156965415501421,6.85823346573546,6.85823346573546
17606,0.641025641025641,0.641025641025641,0.340854634709611,0.0914918414918415,0.161547857870487,9.57230050334617,9.57230050334617
17609,0.705128205128205,0.705128205128205,0.323949882553885,0.081002331002331,0.161763296968357,9.92251675377971,9.92251675377971
17610,0.67948717948718,0.67948717948718,0.21820049052981,0.0833333333333333,0.168444895835953,7.96406977332296,7.96406977332296
17611,0.685897435897436,0.685897435897436,0.264439022891616,0.0734265734265734,0.16789952330703,8.57074729886124,8.57074729886124
17612,0.692307692307692,0.692307692307692,0.268258228629271,0.0763403263403263,0.165990390991839,9.09382854243827,9.09382854243828
17613,0.628205128205128,0.628205128205128,0.232295727971846,0.0868298368298368,0.170988949621157,7.9269722459944,7.9269722459944
17616,0.634615384615385,0.634615384615385,0.230178206156901,0.0786713286713287,0.170203781289046,7.88450843837752,7.88450843837752
17617,0.634615384615385,0.634615384615385,0.175749970736966,0.0909090909090909,0.160870913477548,7.46725415978481,7.46725415978481
17618,0.692307692307692,0.692307692307692,0.210208352884386,0.0955710955710956,0.160369311541434,8.20878220859256,8.20878220859256
17619,0.647435897435897,0.647435897435897,0.150932140055075,0.0792540792540792,0.162042984373277,4.6442747006896,4.6442747006896
17622,0.57051282051282,0.57051282051282,0.0627761081121195,0.081002331002331,0.159754124637838,2.31445182175806,2.31445182175806
17625,0.653846153846154,0.653846153846154,0.369761753380667,0.0850815850815851,0.173315987933756,9.97702864484976,9.97702864484976
17626,0.615384615384615,0.615384615384615,0.207021387271334,0.0780885780885781,0.185860908336265,6.82178168993029,6.82178168993029
17627,0.596153846153846,0.596153846153846,0.15511883093823,0.067016317016317,0.205784889272674,8.22523632174717,8.22523632174716
17630,0.67948717948718,0.67948717948718,0.320594161338915,0.0984848484848485,0.177835242223936,17.707716506543,17.707716506543
17631,0.673076923076923,0.673076923076923,0.291878090964037,0.0909090909090909,0.170054062759053,19.3610693409718,19.3610693409718
17633,0.717948717948718,0.717948717948718,0.278806977149073,0.0745920745920746,0.186750671736481,17.622160728431,17.622160728431
17634,0.717948717948718,0.717948717948718,0.135179363495561,0.0833333333333333,0.182716177662884,9.97157956320966,9.97157956320966
17637,0.692307692307692,0.692307692307692,0.109137830530479,0.101981351981352,0.177116580558894,10.4976873550775,10.4976873550775
17638,0.673076923076923,0.673076923076923,0.24519149067294,0.0973193473193473,0.183364304083658,13.1424271081808,13.1424271081808
17639,0.685897435897436,0.685897435897436,0.238495530912551,0.111305361305361,0.179479735389785,12.4427017662509,12.4427017662509
17640,0.698717948717949,0.698717948717949,0.240287647594674,0.0844988344988345,0.171476672365105,12.3605744518586,12.3605744518586
17641,0.66025641025641,0.66025641025641,0.220460681384833,0.0792540792540793,0.201254265798343,10.7290438569228,10.7290438569228
17644,0.666666666666667,0.666666666666667,0.186909713504041,0.0885780885780886,0.187268750970702,9.74364720909743,9.74364720909743
17645,0.67948717948718,0.67948717948718,0.217274013077988,0.0868298368298368,0.207126946379303,10.5925970151835,10.5925970151835
17646,0.692307692307692,0.692307692307692,0.228239873616301,0.0763403263403263,0.203823003610927,10.5667400294641,10.5667400294641
17647,0.692307692307692,0.692307692307692,0.222631878219854,0.0745920745920746,0.208287271079986,10.5869642172943,10.5869642172943
17648,0.673076923076923,0.673076923076923,0.185715438314347,0.0850815850815851,0.192529189112436,9.65435477401716,9.65435477401716
17651,0.692307692307692,0.692307692307692,0.218944476212089,0.0996503496503496,0.206183872620168,11.2067800269878,11.2067800269878
17652,0.615384615384615,0.615384615384615,0.175341802689845,0.0856643356643357,0.197409836865958,9.7128750900875,9.7128750900875
17653,0.717948717948718,0.717948717948718,0.218127379427448,0.0932400932400932,0.180877289599909,11.9903131245609,11.9903131245609
17654,0.692307692307692,0.692307692307692,0.45950035117329,0.0804195804195804,0.164744546455974,11.8255370177558,11.8255370177558
17655,0.717948717948718,0.717948717948718,0.201867704407983,0.0623543123543124,0.159301071622294,8.20225792286548,8.20225792286548
17657,0.628205128205128,0.628205128205128,0.0876496036387322,0.0821678321678322,0.159500713174913,5.74258784737383,5.74258784737383
17658,0.634615384615385,0.634615384615385,0.11648776502345,0.0833333333333333,0.18810908600534,5.2543422218532,5.2543422218532
17660,0.544871794871795,0.544871794871795,0.0714667278716278,0.0629370629370629,0.179884228331575,2.02199295449554,2.02199295449554
17661,0.608974358974359,0.608974358974359,0.0560340339089351,0.0944055944055944,0.179330029927552,2.31471625401087,2.31471625401087
17662,0.615384615384615,0.615384615384615,0.0819002509777819,0.0967365967365967,0.164942258595676,2.65838423851965,2.65838423851965
17665,0.641025641025641,0.641025641025641,0.0820988123788782,0.087995337995338,0.164327159850691,2.91455504922221,2.91455504922221
17666,0.596153846153846,0.596153846153846,0.0726388337640468,0.0804195804195804,0.169167494501855,2.43529444917557,2.43529444917557
17667,0.596153846153846,0.596153846153846,0.0731726268254334,0.104312354312354,0.167060214978984,2.46720426260447,2.46720426260447
17668,0.67948717948718,0.67948717948718,0.0776995620463396,0.103729603729604,0.173213926939348,2.56217552518915,2.56217552518915
17669,0.641025641025641,0.641025641025641,0.080129171613318,0.0734265734265734,0.17732670772543,2.50484326593281,2.50484326593281
17673,0.615384615384615,0.615384615384615,0.0735062451505105,0.0775058275058275,0.179500500979952,2.51435537386213,2.51435537386213
17674,0.621794871794872,0.621794871794872,0.0705146507295525,0.0780885780885781,0.165676558244649,2.45447430038031,2.45447430038031
17675,0.608974358974359,0.608974358974359,0.0557673270806708,0.0862470862470862,0.177810924694731,1.72736229054799,1.72736229054799
17676,0.602564102564103,0.602564102564103,0.0699423517994964,0.0658508158508159,0.169559995452761,2.58715407252184,2.58715407252184
17680,0.583333333333333,0.583333333333333,0.0808575579557801,0.0885780885780886,0.161743203929552,2.45388251767355,2.45388251767355
17681,0.538461538461538,0.538461538461538,0.0642275117566076,0.074009324009324,0.186243589494509,1.64548004473823,1.64548004473823
17684,0.615384615384615,0.615384615384615,0.0752520668882535,0.0856643356643357,0.171298569246834,2.70999727685795,2.70999727685795
17685,0.647435897435897,0.647435897435897,0.0717610843805579,0.0745920745920746,0.180565449453664,2.15734396178553,2.15734396178553
17688,0.58974358974359,0.58974358974359,0.0667343286861706,0.0693473193473193,0.194118738554198,1.66488621955887,1.66488621955887
17689,0.641025641025641,0.641025641025641,0.0727712351375732,0.0722610722610723,0.179691231192013,2.06877816050057,2.06877816050057
17690,0.653846153846154,0.653846153846154,0.0791547216899276,0.0804195804195804,0.171060920694789,3.45573002625636,3.45573002625636
17691,0.698717948717949,0.698717948717949,0.0908272299076907,0.0961538461538462,0.174655948941636,4.92070510665137,4.92070510665137
17693,0.628205128205128,0.628205128205128,0.071628844232034,0.0775058275058275,0.173461239461463,2.59744426785282,2.59744426785282
17694,0.596153846153846,0.596153846153846,0.0759746915577933,0.067016317016317,0.17059177001746,2.24041664222064,2.24041664222064
17695,0.641025641025641,0.641025641025641,0.0732397248038001,0.0979020979020979,0.174865042173652,4.00830305372184,4.00830305372184
17696,0.615384615384615,0.615384615384615,0.0659759100548495,0.0681818181818182,0.162478612038678,3.21443403439128,3.21443403439128
17697,0.551282051282051,0.551282051282051,0.0677306778504665,0.0506993006993007,0.161890602207543,3.37789536754978,3.37789536754978
17700,0.641025641025641,0.641025641025641,0.0819048255739628,0.0757575757575758,0.164535844045416,3.03019679131823,3.03019679131823
17701,0.653846153846154,0.653846153846154,0.0828932957584648,0.087995337995338,0.167775544354421,3.61408897254294,3.61408897254294
17702,0.596153846153846,0.596153846153846,0.0782751312509345,0.0716783216783217,0.166116951763447,2.94746386607239,2.94746386607239
17703,0.57051282051282,0.57051282051282,0.0659297076016108,0.0821678321678322,0.172059382984629,2.2663037212303,2.2663037212303
17704,0.57051282051282,0.57051282051282,0.0612171405551156,0.0914918414918415,0.169319872931328,2.75713257364597,2.75713257364597
17707,0.641025641025641,0.641025641025641,0.0719502586956467,0.0792540792540792,0.169235374676188,3.15156782818079,3.15156782818079
17708,0.608974358974359,0.608974358974359,0.0688394443300847,0.11013986013986,0.167883637722027,2.31880456427433,2.31880456427433
17709,0.608974358974359,0.608974358974359,0.0644061312304656,0.0903263403263403,0.165919975300008,3.80140535723145,3.80140535723145
17710,0.606060606060606,0.606060606060606,0.0814594811130585,0.0833333333333333,0.189391977883794,4.60769805888533,4.60769805888533
17711,0.606060606060606,0.606060606060606,0.0819040512502708,0.0977272727272727,0.187959613793443,4.80435491741225,4.80435491741225
17714,0.560606060606061,0.560606060606061,0.070732091944004,0.0810606060606061,0.185137432835442,4.8613288885166,4.8613288885166
17715,0.636363636363636,0.636363636363636,0.0652620496220779,0.0954545454545454,0.177190230193088,3.6794049348077,3.6794049348077
17717,0.598484848484849,0.598484848484849,0.0554057300940276,0.096969696969697,0.174841773529599,2.54059003975926,2.54059003975926
17718,0.606060606060606,0.606060606060606,0.05841295138371,0.101515151515152,0.182719711772158,2.60834415196013,2.60834415196013
17720,0.545454545454545,0.545454545454545,0.0636280337393113,0.075,0.179299038639233,2.67656647414967,2.67656647414967
17721,0.628787878787879,0.628787878787879,0.0610396637792522,0.108333333333333,0.17334717766504,3.68687580274755,3.68687580274755
17723,0.606060606060606,0.606060606060606,0.0618869007529054,0.0810606060606061,0.17457677639902,2.83515842304303,2.83515842304303
17724,0.568181818181818,0.568181818181818,0.0703814357475543,0.0696969696969697,0.179937667363113,3.01017497029776,3.01017497029776
17725,0.575757575757576,0.575757575757576,0.0697885960115918,0.0628787878787879,0.183445251305931,3.13310363393804,3.13310363393804
17728,0.636363636363636,0.636363636363636,0.0653741863717376,0.0643939393939394,0.180366846854236,3.31509001532626,3.31509001532626
17729,0.613636363636364,0.613636363636364,0.0642718450954482,0.0643939393939394,0.179007217794306,2.66358953850765,2.66358953850765
17730,0.575757575757576,0.575757575757576,0.059423146858867,0.0674242424242424,0.179110003961214,2.86738860736995,2.86738860736995
17731,0.651515151515151,0.651515151515151,0.0618884075790761,0.071969696969697,0.175990895245892,3.24086534756409,3.24086534756409
17732,0.621212121212121,0.621212121212121,0.0679305726728981,0.0871212121212121,0.179766117812873,3.13360760539565,3.13360760539565
17735,0.613636363636364,0.613636363636364,0.0707616804181707,0.0659090909090909,0.186261003757127,3.2275138939475,3.2275138939475
17736,0.598484848484849,0.598484848484849,0.0653225019799299,0.0742424242424242,0.176051536903194,2.15666034304619,2.15666034304619
17737,0.568181818181818,0.568181818181818,0.061119093767761,0.0818181818181818,0.178770114938103,2.08498149954269,2.08498149954269
17738,0.636363636363636,0.636363636363636,0.0671063016965319,0.0848484848484849,0.171289195831276,2.78780089449526,2.78780089449526
17739,0.636363636363636,0.636363636363636,0.0740392246825567,0.0848484848484849,0.175728654487623,3.96189536382311,3.96189536382311
17742,0.606060606060606,0.606060606060606,0.0666696809542311,0.0878787878787879,0.189264020120121,3.49530301919857,3.49530301919857
17743,0.628787878787879,0.628787878787879,0.0692332370089711,0.104545454545455,0.170152252285,3.47470361137603,3.47470361137603
17744,0.636363636363636,0.636363636363636,0.0608857867794213,0.0818181818181818,0.165303063295951,3.55870497403691,3.55870497403691
17745,0.621212121212121,0.621212121212121,0.0812901760729496,0.0916666666666667,0.167239140596919,3.96849778153711,3.96849778153711
17746,0.643939393939394,0.643939393939394,0.0992217068432883,0.0984848484848485,0.181374498570548,3.93035963902411,3.93035963902411
17748,0.636363636363636,0.636363636363636,0.0955240014225276,0.100757575757576,0.170258228144104,3.24829375072591,3.24829375072591
17749,0.606060606060606,0.606060606060606,0.0942639354119297,0.111363636363636,0.173608156693972,3.050502964007,3.050502964007
17751,0.590909090909091,0.590909090909091,0.095619319307052,0.0787878787878788,0.193981024363726,3.07641245282612,3.07641245282612
17753,0.613636363636364,0.613636363636364,0.0924294872275799,0.0863636363636364,0.18052967900426,4.3244841995674,4.3244841995674
17754,0.659090909090909,0.659090909090909,0.184819511231419,0.0818181818181818,0.190336966823348,8.83066746525141,8.83066746525141
17756,0.643939393939394,0.643939393939394,0.125598225711605,0.0909090909090909,0.218006746526891,5.44213447299037,5.44213447299037
17757,0.659090909090909,0.659090909090909,0.267098534185353,0.0840909090909091,0.209540431597343,7.78012548470202,7.78012548470202
17759,0.666666666666667,0.666666666666667,0.134404140989165,0.0833333333333333,0.200843255511007,5.29751849730387,5.29751849730387
17760,0.681818181818182,0.681818181818182,0.209596775348367,0.0795454545454545,0.185852560501065,8.36775722829483,8.36775722829483
17763,0.674242424242424,0.674242424242424,0.263083988269405,0.0803030303030303,0.187478569186287,9.42195353555337,9.42195353555337
17764,0.659090909090909,0.659090909090909,0.208304533405541,0.0909090909090909,0.190151328960853,8.13953618002693,8.13953618002693
17765,0.651515151515151,0.651515151515151,0.182615540000975,0.0893939393939394,0.205058099964529,7.36512066215802,7.36512066215802
17766,0.681818181818182,0.681818181818182,0.272528233543478,0.0833333333333333,0.182114694662531,10.3423481421274,10.3423481421274
17767,0.674242424242424,0.674242424242424,0.197409791342512,0.078030303030303,0.183095674505762,9.0027844924217,9.0027844924217
17770,0.681818181818182,0.681818181818182,0.248475528299489,0.0757575757575758,0.185087001658258,9.70332636468918,9.70332636468918
17771,0.659090909090909,0.659090909090909,0.273398395779747,0.0924242424242424,0.196517309980688,9.60910880450038,9.60910880450038
17772,0.651515151515151,0.651515151515151,0.239003306770894,0.0909090909090909,0.194457239563806,9.47585467285821,9.47585467285821
17773,0.621212121212121,0.621212121212121,0.188482169994125,0.0886363636363636,0.185154510258769,9.82469421641988,9.82469421641988
17774,0.613636363636364,0.613636363636364,0.209734487743249,0.078030303030303,0.187953419582104,10.527576774206,10.527576774206
17775,0.643939393939394,0.643939393939394,0.23475466441745,0.0795454545454545,0.183511487126452,10.6231469186646,10.6231469186646
17776,0.613636363636364,0.613636363636364,0.210685255302488,0.0848484848484849,0.179807228581818,10.510300971721,10.510300971721
17777,0.613636363636364,0.613636363636364,0.232377731435179,0.0871212121212121,0.188454844513903,9.95464055023127,9.95464055023127
17779,0.651515151515151,0.651515151515151,0.266774613305177,0.0810606060606061,0.181078001621629,8.96881269813517,8.96881269813517
17781,0.651515151515151,0.651515151515151,0.267318789838568,0.075,0.176145071154282,9.2813726807583,9.2813726807583
17782,0.674242424242424,0.674242424242424,0.262811646397103,0.0727272727272727,0.180966458867218,9.13146499862021,9.13146499862021
17784,0.651515151515151,0.651515151515151,0.260155293717972,0.0810606060606061,0.190459254127404,8.13089037061602,8.13089037061602
17785,0.643939393939394,0.643939393939394,0.253746570450886,0.0871212121212121,0.190234778360187,7.65649036365326,7.65649036365326
17787,0.659090909090909,0.659090909090909,0.259188652844139,0.0863636363636364,0.184152590265248,7.94175454822622,7.94175454822622
17788,0.681818181818182,0.681818181818182,0.164338124784704,0.0924242424242424,0.1787591988505,9.41484573857953,9.41484573857953
17791,0.727272727272727,0.727272727272727,0.2791723858794,0.096969696969697,0.177410123142815,11.0149305450516,11.0149305450516
17792,0.71969696969697,0.71969696969697,0.248337107176611,0.0924242424242424,0.173755128021943,11.3119326875951,11.3119326875951
17793,0.704545454545455,0.704545454545455,0.157817681669412,0.0810606060606061,0.173004127003954,10.9205984307578,10.9205984307578
17794,0.712121212121212,0.712121212121212,0.167954780467447,0.0795454545454545,0.175995911994088,10.8376163131582,10.8376163131582
17795,0.712121212121212,0.712121212121212,0.153221624309217,0.0901515151515151,0.177251109243347,10.7104978811027,10.7104978811027
17798,0.666666666666667,0.666666666666667,0.233218676763205,0.109090909090909,0.171594193448709,7.64162989189181,7.64162989189181
17799,0.651515151515151,0.651515151515151,0.354956693022185,0.109090909090909,0.187232019224807,8.83410571055164,8.83410571055164
17800,0.598484848484849,0.598484848484849,0.0581568765346773,0.0856060606060606,0.177195608195982,7.98136833358788,7.98136833358788
17801,0.598484848484849,0.598484848484849,0.145371265207548,0.101515151515152,0.188964652764136,7.72087763488766,7.72087763488766
17802,0.628787878787879,0.628787878787879,0.418297953971935,0.100757575757576,0.179700749190254,10.4662906446585,10.4662906446585
17805,0.659090909090909,0.659090909090909,0.395943882745756,0.125757575757576,0.191051677997006,10.2611099168764,10.2611099168764
17808,0.666666666666667,0.666666666666667,0.39563590992615,0.0909090909090909,0.187592607904164,9.71339305859373,9.71339305859373
17811,0.636363636363636,0.636363636363636,0.365301936107266,0.0886363636363636,0.199782751495491,8.71965750688653,8.71965750688653
17812,0.621212121212121,0.621212121212121,0.368929700801141,0.0939393939393939,0.202557377225725,8.56011232498017,8.56011232498017
17813,0.621212121212121,0.621212121212121,0.22399540914964,0.096969696969697,0.194783360400946,7.13558122762338,7.13558122762338
17814,0.674242424242424,0.674242424242424,0.42312521865916,0.075,0.18657610667117,10.1553742836073,10.1553742836073
17816,0.666666666666667,0.666666666666667,0.377252778376468,0.0901515151515151,0.207178203556319,9.63138886210315,9.63138886210315
17819,0.659090909090909,0.659090909090909,0.27204463877337,0.0916666666666667,0.19046945253229,8.25386140126144,8.25386140126144
17820,0.666666666666667,0.666666666666667,0.324806115547249,0.0886363636363636,0.185932639813748,8.50049691154758,8.50049691154758
17821,0.681818181818182,0.681818181818182,0.370140802328459,0.0931818181818182,0.192794750124105,9.17883455038222,9.17883455038222
17822,0.636363636363636,0.636363636363636,0.308760111415549,0.0984848484848485,0.189323386564711,8.30096617990258,8.30096617990258
17823,0.674242424242424,0.674242424242424,0.214711305006918,0.0840909090909091,0.183471501690726,9.1721159633893,9.1721159633893
17826,0.689393939393939,0.689393939393939,0.316632847311457,0.0909090909090909,0.182484197128479,9.32243263049887,9.32243263049886
17827,0.71969696969697,0.71969696969697,0.379073078274192,0.0848484848484848,0.182572369417177,9.79346038889057,9.79346038889057
17828,0.636363636363636,0.636363636363636,0.402154742386572,0.0666666666666667,0.180919773114266,9.33062307754346,9.33062307754346
17829,0.674242424242424,0.674242424242424,0.462674335077527,0.0621212121212121,0.180540146013844,9.7278845504645,9.7278845504645
17833,0.71969696969697,0.71969696969697,0.429359427716704,0.0825757575757576,0.19713398861718,10.3128636975876,10.3128636975876
17834,0.704545454545455,0.704545454545455,0.426201636335979,0.0681818181818182,0.188079351404019,11.1625217141987,11.1625217141987
17835,0.704545454545455,0.704545454545455,0.497325577321294,0.0537878787878788,0.183333868152776,10.6035616479131,10.6035616479131
17836,0.727272727272727,0.727272727272727,0.398980945743427,0.0977272727272727,0.176646981186447,11.5614608279926,11.5614608279926
17839,0.71969696969697,0.71969696969697,0.33608853085381,0.075,0.181828167746602,11.3218167337821,11.3218167337821
17840,0.704545454545455,0.704545454545455,0.375167578255197,0.0757575757575758,0.176537981246487,10.6028121640437,10.6028121640437
17841,0.757575757575758,0.757575757575758,0.441840905748592,0.0916666666666667,0.171885707550551,12.5723143553053,12.5723143553053
17842,0.742424242424242,0.742424242424242,0.426694591916748,0.0621212121212121,0.177478978278298,10.6573314475511,10.6573314475511
17844,0.681818181818182,0.681818181818182,0.305954762627298,0.0893939393939394,0.178399056216148,9.53377233863404,9.53377233863404
17845,0.681818181818182,0.681818181818182,0.341083433900037,0.0666666666666667,0.177476100186134,9.28285991224634,9.28285991224634
17847,0.666666666666667,0.666666666666667,0.332203907925889,0.0696969696969697,0.177647268328523,8.58409738715138,8.58409738715138
17848,0.659090909090909,0.659090909090909,0.332417747270266,0.0696969696969697,0.17560687797096,8.64028513667867,8.64028513667867
17849,0.643939393939394,0.643939393939394,0.333148939303409,0.0659090909090909,0.176129825836127,8.65938024634901,8.65938024634901
17850,0.689393939393939,0.689393939393939,0.318163129375184,0.0878787878787879,0.180636512421628,8.82743157563293,8.82743157563293
17851,0.704545454545455,0.704545454545455,0.313471929587269,0.071969696969697,0.179933503276307,9.3434558707208,9.3434558707208
17854,0.696969696969697,0.696969696969697,0.314742578716008,0.0742424242424242,0.174225154737996,9.51216607217017,9.51216607217017
17855,0.71969696969697,0.71969696969697,0.323477045253733,0.0803030303030303,0.179275406101693,9.43394195798174,9.43394195798174
17856,0.71969696969697,0.71969696969697,0.307274389734889,0.0871212121212121,0.170697958517322,10.3212849543746,10.3212849543746
17858,0.712121212121212,0.712121212121212,0.271603083810328,0.0803030303030303,0.168304274128438,10.5135437861056,10.5135437861056
17861,0.712121212121212,0.712121212121212,0.264157646338731,0.0727272727272727,0.168332417782504,10.4008031662916,10.4008031662916
17862,0.742424242424242,0.742424242424242,0.303308143877439,0.075,0.16988127951693,11.1256658916384,11.1256658916384
17863,0.772727272727273,0.772727272727273,0.336510775819384,0.0712121212121212,0.17307225886184,11.2325350162932,11.2325350162932
17864,0.734848484848485,0.734848484848485,0.316092633433438,0.0643939393939394,0.168783209781994,11.2587369924581,11.2587369924581
17866,0.71969696969697,0.71969696969697,0.334862245107411,0.0696969696969697,0.175396618759429,10.3787155460566,10.3787155460566
17867,0.71969696969697,0.71969696969697,0.272781852945977,0.0825757575757576,0.174908377666711,9.23299558272827,9.23299558272827
17868,0.712121212121212,0.712121212121212,0.284068254284566,0.0568181818181818,0.173735199205106,9.63529420293372,9.63529420293372
17869,0.712121212121212,0.712121212121212,0.275682021540356,0.0712121212121212,0.177210803137244,9.52778045235866,9.52778045235866
17871,0.71969696969697,0.71969696969697,0.30188535119769,0.0742424242424242,0.179094885508958,8.7405487813065,8.7405487813065
17872,0.696969696969697,0.696969696969697,0.320196171067802,0.0787878787878788,0.173866351578438,9.57505867814856,9.57505867814856
17874,0.689393939393939,0.689393939393939,0.318233844782193,0.0818181818181818,0.174806019487304,9.22196267258428,9.22196267258428
17875,0.71969696969697,0.71969696969697,0.317359319349733,0.0856060606060606,0.176013376023777,8.95294254409164,8.95294254409164
17877,0.742424242424242,0.742424242424242,0.30901787103816,0.0757575757575758,0.173518247696329,9.58731154141567,9.58731154141567
17878,0.765151515151515,0.765151515151515,0.299829552865068,0.0863636363636364,0.177259573754528,8.86949749596107,8.86949749596107
17879,0.696969696969697,0.696969696969697,0.183659387434166,0.0810606060606061,0.175705617805496,6.69658865876804,6.69658865876804
17882,0.704545454545455,0.704545454545455,0.260361395705592,0.0803030303030303,0.179524162878493,7.91576172253965,7.91576172253965
17883,0.696969696969697,0.696969696969697,0.315483115043862,0.0636363636363636,0.183140075682223,8.03201149923153,8.03201149923153
17884,0.75,0.75,0.272271710876152,0.0848484848484849,0.169742135017376,9.17363081824147,9.17363081824147
17885,0.742424242424242,0.742424242424242,0.280778184284127,0.0628787878787879,0.184455180590638,7.94986419456224,7.94986419456224
17886,0.704545454545455,0.704545454545455,0.108349893694356,0.0863636363636364,0.194920357256316,8.03494828207699,8.03494828207699
17892,0.734848484848485,0.734848484848485,0.284536789097419,0.0742424242424242,0.188775936232146,7.9878181266672,7.9878181266672
17893,0.696969696969697,0.696969696969697,0.263540536019952,0.0742424242424242,0.186784024070153,7.4898766801214,7.4898766801214
17898,0.704545454545455,0.704545454545455,0.244792235860319,0.0628787878787879,0.186893522279595,7.68939734950814,7.68939734950814
17899,0.742424242424242,0.742424242424242,0.250711059091525,0.0659090909090909,0.185559290738731,7.92171037120551,7.92171037120551
17900,0.712121212121212,0.712121212121212,0.224394981853187,0.0810606060606061,0.184045299809136,7.88432385410526,7.88432385410526
17903,0.704545454545455,0.704545454545455,0.24218936109545,0.0871212121212121,0.186483248719922,7.97811287069564,7.97811287069563
17904,0.712121212121212,0.712121212121212,0.238873634279776,0.0856060606060606,0.186356426353521,7.87107763220472,7.87107763220472
17906,0.734848484848485,0.734848484848485,0.0871750490488862,0.0772727272727273,0.189615491669442,7.76851834779072,7.76851834779072
17910,0.71969696969697,0.71969696969697,0.217819175410147,0.0787878787878788,0.191463039375547,7.89577550493227,7.89577550493227
17911,0.659090909090909,0.659090909090909,0.228606906488912,0.0916666666666667,0.208466078193979,7.2536983334679,7.2536983334679
17912,0.659090909090909,0.659090909090909,0.243779165120423,0.0696969696969697,0.187492627362216,7.11431214644522,7.11431214644522
17913,0.659090909090909,0.659090909090909,0.139978790106145,0.0893939393939394,0.217239691699467,6.42049605955869,6.42049605955869
17914,0.734848484848485,0.734848484848485,0.253938911162978,0.0878787878787879,0.179949147809036,9.49616910549852,9.49616910549852
17918,0.734848484848485,0.734848484848485,0.242115796509965,0.0909090909090909,0.182229777361313,8.83908988545095,8.83908988545095
17919,0.712121212121212,0.712121212121212,0.214644220330532,0.0886363636363636,0.184462845381117,8.6533200072359,8.6533200072359
17921,0.696969696969697,0.696969696969697,0.213572062676519,0.0825757575757576,0.205156528554829,7.48073668960417,7.48073668960417
17924,0.643939393939394,0.643939393939394,0.260365084350428,0.0840909090909091,0.198154326670609,8.23372277059974,8.23372277059974
17925,0.689393939393939,0.689393939393939,0.201120640278796,0.0931818181818182,0.194326472084485,7.67294990779316,7.67294990779316
17926,0.674242424242424,0.674242424242424,0.189877012587915,0.103030303030303,0.193549930589849,7.42882335091053,7.42882335091053
17927,0.659090909090909,0.659090909090909,0.161931184043079,0.0886363636363636,0.194125362788882,7.23771890638762,7.23771890638762
17931,0.651515151515151,0.651515151515151,0.172912388888299,0.0939393939393939,0.186580591190261,7.57477687985366,7.57477687985366
17932,0.681818181818182,0.681818181818182,0.176363713594003,0.111363636363636,0.187131819927331,7.68928869954854,7.68928869954854
17934,0.666666666666667,0.666666666666667,0.166189836183765,0.0825757575757576,0.169859061529713,7.84931214344419,7.84931214344419
17935,0.643939393939394,0.643939393939394,0.163953508627062,0.0810606060606061,0.182891151430503,7.56757629400679,7.56757629400679
17937,0.643939393939394,0.643939393939394,0.155213486796892,0.0871212121212121,0.170237284719663,7.45708686546099,7.45708686546099
17939,0.651515151515151,0.651515151515151,0.151866049858946,0.0893939393939394,0.170811671408092,7.36407839254016,7.36407839254016
17940,0.636363636363636,0.636363636363636,0.137146125882692,0.0871212121212121,0.187082605744144,6.57192727686628,6.57192727686628
17941,0.621212121212121,0.621212121212121,0.145673676519949,0.100757575757576,0.180025015272547,5.91026577291639,5.91026577291639
17942,0.636363636363636,0.636363636363636,0.142956596230206,0.0734848484848485,0.184930081994975,7.0912574212661,7.0912574212661
17946,0.689393939393939,0.689393939393939,0.201708568434322,0.0810606060606061,0.169537717246494,7.82693485679232,7.82693485679232
17947,0.659090909090909,0.659090909090909,0.194070986246481,0.0818181818181818,0.172366882770718,6.90446248074396,6.90446248074396
17948,0.659090909090909,0.659090909090909,0.187113003102589,0.0742424242424242,0.169663837148071,8.2700637193794,8.2700637193794
17949,0.651515151515151,0.651515151515151,0.191375332749902,0.0787878787878788,0.17246210624392,8.06672585696083,8.06672585696083
17952,0.606060606060606,0.606060606060606,0.190820903277317,0.0803030303030303,0.172996337924852,7.88362558666421,7.88362558666421
17953,0.643939393939394,0.643939393939394,0.225316763099888,0.0810606060606061,0.193423757226669,6.54655047359466,6.54655047359466
17954,0.666666666666667,0.666666666666667,0.231050735298402,0.0727272727272727,0.186538854958187,6.80609573069964,6.80609573069964
17955,0.598484848484849,0.598484848484849,0.25781079019287,0.0681818181818182,0.191373282690078,6.80529541142075,6.80529541142075
17956,0.651515151515151,0.651515151515151,0.233232753711715,0.0666666666666667,0.194607300698114,7.67888763476995,7.67888763476995
17959,0.628787878787879,0.628787878787879,0.157268864330999,0.0803030303030303,0.214412969794239,6.63883612126218,6.63883612126218
17961,0.575757575757576,0.575757575757576,0.252434434038802,0.0795454545454545,0.184988788179226,7.11241039180005,7.11241039180005
17962,0.613636363636364,0.613636363636364,0.271052867550392,0.0818181818181818,0.181976762942972,6.98692464008642,6.98692464008642
17964,0.583333333333333,0.583333333333333,0.266910805827015,0.0818181818181818,0.18533769049419,6.94716794497263,6.94716794497263
17965,0.598484848484849,0.598484848484849,0.272159498297955,0.0848484848484849,0.187190624054602,6.93485391021507,6.93485391021507
17967,0.621212121212121,0.621212121212121,0.264286287222746,0.0833333333333333,0.174948073513702,7.58517703854847,7.58517703854847
17968,0.659090909090909,0.659090909090909,0.251548844301189,0.0818181818181818,0.173120771637939,7.39625058273917,7.39625058273917
17969,0.659090909090909,0.659090909090909,0.245957504331782,0.0840909090909091,0.173293663354755,7.94952260523376,7.94952260523376
17970,0.681818181818182,0.681818181818182,0.247377518617918,0.0712121212121212,0.172031711517925,8.15097820546747,8.15097820546747
17973,0.674242424242424,0.674242424242424,0.247261739162209,0.0712121212121212,0.172132870889922,8.14244166126451,8.14244166126451
17974,0.696969696969697,0.696969696969697,0.250330553813432,0.075,0.171527644271242,8.19333338928568,8.19333338928568
17975,0.696969696969697,0.696969696969697,0.244722779424694,0.071969696969697,0.188136113531629,7.85122832307648,7.85122832307648
17976,0.659090909090909,0.659090909090909,0.254704253729864,0.0909090909090909,0.196299172513624,7.13698169634805,7.13698169634805
17977,0.659090909090909,0.659090909090909,0.254677396475216,0.0840909090909091,0.195871555036969,7.1036246017984,7.1036246017984
17981,0.659090909090909,0.659090909090909,0.266208813951758,0.0848484848484848,0.178877379239471,7.44106335690154,7.44106335690154
17982,0.666666666666667,0.666666666666667,0.259954912944574,0.0878787878787879,0.199967066817497,7.03183919908509,7.03183919908509
17983,0.681818181818182,0.681818181818182,0.263512610685662,0.0878787878787879,0.193917852218192,6.96301961256674,6.96301961256674
17984,0.696969696969697,0.696969696969697,0.463898036175466,0.0818181818181818,0.216048249211053,8.59704760247485,8.59704760247485
17987,0.643939393939394,0.643939393939394,0.236191560434268,0.0954545454545455,0.209381018654487,7.10801724126804,7.10801724126804
17988,0.628787878787879,0.628787878787879,0.249907841480885,0.0886363636363636,0.188880628673068,7.30147176952541,7.30147176952541
17989,0.643939393939394,0.643939393939394,0.221549331448751,0.0893939393939394,0.184348865276083,7.49947022690419,7.49947022690419
17990,0.643939393939394,0.643939393939394,0.248057060294079,0.107575757575758,0.22378799621271,7.97030985725663,7.97030985725663
17992,0.628787878787879,0.628787878787879,0.238992794232676,0.0916666666666667,0.176682094739795,8.27352781343214,8.27352781343214
17995,0.666666666666667,0.666666666666667,0.341633784963489,0.0772727272727273,0.189453069492319,13.0745057436221,13.0745057436221
17996,0.681818181818182,0.681818181818182,0.344930628715878,0.109090909090909,0.209014452320737,12.1262529625607,12.1262529625607
17997,0.674242424242424,0.674242424242424,0.352266254180697,0.0924242424242424,0.214499075240988,12.0684103290503,12.0684103290503
17998,0.643939393939394,0.643939393939394,0.192953949295391,0.075,0.206351758404553,5.50694282028217,5.50694282028217
18001,0.666666666666667,0.666666666666667,0.210840064311894,0.0712121212121212,0.198384266188307,5.69054691791304,5.69054691791304
18002,0.696969696969697,0.696969696969697,0.20036638670371,0.0689393939393939,0.200546622020469,7.17551302746147,7.17551302746147
18003,0.674242424242424,0.674242424242424,0.202986629286853,0.075,0.206436368258429,5.5951957617458,5.5951957617458
18004,0.696969696969697,0.696969696969697,0.213578555773442,0.0704545454545455,0.200851976977782,5.60758514695409,5.60758514695409
18009,0.651515151515151,0.651515151515151,0.19902543332713,0.0803030303030303,0.190525522395556,5.68280816263738,5.68280816263738
18010,0.681818181818182,0.681818181818182,0.329244479547571,0.103787878787879,0.212558606337421,11.919580831115,11.919580831115
18011,0.636363636363636,0.636363636363636,0.169984739037756,0.0742424242424242,0.234130737472205,6.01031516993285,6.01031516993285
18016,0.636363636363636,0.636363636363636,0.177994148853141,0.0765151515151515,0.204607746979409,7.02622950907836,7.02622950907836
18018,0.628787878787879,0.628787878787879,0.179510814706321,0.0787878787878788,0.203294495774019,7.0586118248831,7.0586118248831
18019,0.643939393939394,0.643939393939394,0.175673374950399,0.075,0.198161006672793,7.2151355210965,7.2151355210965
18020,0.651515151515151,0.651515151515151,0.153526324415051,0.0621212121212121,0.190676072634647,7.96550437900778,7.96550437900778
18022,0.621212121212121,0.621212121212121,0.171618169534997,0.0810606060606061,0.201474585444273,4.5761981562921,4.5761981562921
18023,0.636363636363636,0.636363636363636,0.162375760750817,0.0924242424242424,0.21686059435948,4.20755773372393,4.20755773372393
18024,0.666666666666667,0.666666666666667,0.189970398399246,0.0916666666666667,0.207127129626492,5.4148053177497,5.4148053177497
18025,0.636363636363636,0.636363636363636,0.150762469369472,0.104545454545455,0.224391861093624,4.30780498500516,4.30780498500516
18027,0.643939393939394,0.643939393939394,0.151039681109091,0.109848484848485,0.231516919788049,4.28371789976082,4.28371789976082
18028,0.628787878787879,0.628787878787879,0.142324416532786,0.100757575757576,0.214849289074471,4.48143059121592,4.48143059121592
18029,0.666666666666667,0.666666666666667,0.140958165376108,0.103030303030303,0.214194778698385,4.25683216724648,4.25683216724648
18030,0.674242424242424,0.674242424242424,0.125589977830685,0.13030303030303,0.207431821434892,4.80768116661979,4.80768116661979
18031,0.659090909090909,0.659090909090909,0.154948738962913,0.103787878787879,0.221413783342687,4.0970111079326,4.0970111079326
18032,0.681818181818182,0.681818181818182,0.119775945544667,0.102272727272727,0.208514915553126,4.6678018195753,4.6678018195753
18033,0.674242424242424,0.674242424242424,0.150348858149215,0.103030303030303,0.220951364248034,4.10895246395118,4.10895246395118
18036,0.674242424242424,0.674242424242424,0.151047208767381,0.108333333333333,0.217941126279045,4.13981361090377,4.13981361090377
18037,0.651515151515151,0.651515151515151,0.147366892001109,0.0984848484848485,0.220383526045073,4.12483015562181,4.12483015562181
18038,0.712121212121212,0.712121212121212,0.175512659450153,0.0772727272727273,0.227899255959454,4.97842427663782,4.97842427663782
18039,0.689393939393939,0.689393939393939,0.150889621777992,0.0916666666666667,0.230870316424719,5.33938004033604,5.33938004033604
18040,0.712121212121212,0.712121212121212,0.171247628426863,0.0924242424242424,0.241703419570527,5.4372667314873,5.4372667314873
18044,0.704545454545455,0.704545454545455,0.171232849586666,0.0901515151515151,0.241588633338839,6.20855252737686,6.20855252737686
18045,0.651515151515151,0.651515151515151,0.167690371626412,0.104545454545455,0.245575686586909,5.59913847417066,5.59913847417066
18046,0.681818181818182,0.681818181818182,0.162078055305348,0.106818181818182,0.227250739856479,5.8435958540557,5.8435958540557
18047,0.71969696969697,0.71969696969697,0.157446925895693,0.0984848484848485,0.217249812503912,5.84278676806161,5.84278676806161
18049,0.689393939393939,0.689393939393939,0.162091704436753,0.0909090909090909,0.232806023700811,5.7420420561754,5.7420420561754
18050,0.681818181818182,0.681818181818182,0.148148639375516,0.0931818181818182,0.247775158164266,6.49099203732091,6.49099203732091
18052,0.696969696969697,0.696969696969697,0.200866041286838,0.1,0.245779607723871,6.08859857930078,6.08859857930078
18053,0.689393939393939,0.689393939393939,0.189146778898484,0.0886363636363636,0.227755497955356,5.78466786656411,5.78466786656411
18055,0.734848484848485,0.734848484848485,0.157322925778615,0.0909090909090909,0.185177710047262,5.84793011618582,5.84793011618582
18056,0.659090909090909,0.659090909090909,0.203109410476158,0.107575757575758,0.201933476584354,5.20404940906164,5.20404940906164
18058,0.727272727272727,0.727272727272727,0.20160135496836,0.125757575757576,0.194742568975407,4.86261283321707,4.86261283321707
18059,0.689393939393939,0.689393939393939,0.20361512394115,0.117424242424242,0.203967493312633,5.1871618595272,5.1871618595272
18060,0.666666666666667,0.666666666666667,0.210233630413771,0.0727272727272727,0.206022447361177,3.65498592603118,3.65498592603118
18061,0.659090909090909,0.659090909090909,0.23236851805679,0.0840909090909091,0.207261901855821,3.67955909290208,3.67955909290208
18065,0.636363636363636,0.636363636363636,0.230348114484055,0.0992424242424242,0.2061626552082,3.48565265460648,3.48565265460648
18066,0.666666666666667,0.666666666666667,0.22120174219955,0.096969696969697,0.197452326450346,3.42749999086873,3.42749999086873
18068,0.666666666666667,0.666666666666667,0.22831104851458,0.0939393939393939,0.183521253490994,3.83381403096658,3.83381403096658
18071,0.689393939393939,0.689393939393939,0.232203043139424,0.0939393939393939,0.199823341480907,3.68323073514428,3.68323073514428
18072,0.696969696969697,0.696969696969697,0.197332723357515,0.0893939393939394,0.181710317751214,3.78988496155215,3.78988496155215
18073,0.71969696969697,0.71969696969697,0.216489940470923,0.0901515151515151,0.183003326872213,3.80145757362709,3.80145757362709
18074,0.727272727272727,0.727272727272727,0.214134135313246,0.0916666666666667,0.192064404867574,3.7843049043155,3.7843049043155
18075,0.712121212121212,0.712121212121212,0.209597165655905,0.0871212121212121,0.180913760513395,4.05776611945737,4.05776611945737
18078,0.689393939393939,0.689393939393939,0.197952335228637,0.0757575757575758,0.193262221337533,3.69851352352608,3.69851352352608
18079,0.674242424242424,0.674242424242424,0.202145645446488,0.0886363636363636,0.196318472190713,4.35384956076753,4.35384956076753
18080,0.689393939393939,0.689393939393939,0.207902156121768,0.0954545454545455,0.215811267179979,4.11742519429791,4.11742519429791
18082,0.71969696969697,0.71969696969697,0.203344356146892,0.0878787878787879,0.187553510459519,4.73935685564975,4.73935685564975
18083,0.71969696969697,0.71969696969697,0.187729979534286,0.0795454545454545,0.181895789016876,5.1016507896587,5.1016507896587
18085,0.742424242424242,0.742424242424242,0.196876692843806,0.0757575757575757,0.17499594970417,5.84606186532407,5.84606186532407
18087,0.71969696969697,0.71969696969697,0.150466283953238,0.0954545454545455,0.181481229531971,5.70864122113684,5.70864122113684
18088,0.689393939393939,0.689393939393939,0.178781469957376,0.078030303030303,0.177008959209137,4.51145554568613,4.51145554568613
18092,0.696969696969697,0.696969696969697,0.214746871661856,0.0901515151515151,0.177174457646926,4.46834806424027,4.46834806424027
18093,0.674242424242424,0.674242424242424,0.180477939387506,0.071969696969697,0.184724232357699,3.68863073024665,3.68863073024665
18094,0.681818181818182,0.681818181818182,0.189740144950765,0.0659090909090909,0.187260392775006,3.50634845153439,3.50634845153439
18095,0.681818181818182,0.681818181818182,0.182457471725942,0.075,0.192410320129597,3.24841076573998,3.24841076573998
18096,0.666666666666667,0.666666666666667,0.162614265626959,0.0681818181818182,0.202823858148821,3.47302133760095,3.47302133760095
18099,0.696969696969697,0.696969696969697,0.223769950925227,0.0893939393939394,0.175869282081726,4.32551751564411,4.32551751564411
18100,0.681818181818182,0.681818181818182,0.198546618678865,0.0848484848484849,0.176403540912513,4.03423516465287,4.03423516465287
18101,0.727272727272727,0.727272727272727,0.21222425388711,0.0962121212121212,0.186598435509604,4.12293339180319,4.12293339180319
18102,0.712121212121212,0.712121212121212,0.20035297671577,0.0803030303030303,0.175744111519908,4.03254490790619,4.03254490790619
18103,0.71969696969697,0.71969696969697,0.19605748171938,0.0825757575757576,0.177573423500453,4.11063357281271,4.11063357281271
18106,0.727272727272727,0.727272727272727,0.199841897480355,0.0810606060606061,0.176834866619831,4.13659963328729,4.13659963328729
18107,0.71969696969697,0.71969696969697,0.18491565234934,0.114393939393939,0.178444002162987,4.58785808655034,4.58785808655034
18108,0.71969696969697,0.71969696969697,0.198932017799889,0.0886363636363636,0.178692143963477,3.87182928950071,3.87182928950071
18109,0.727272727272727,0.727272727272727,0.223261575145557,0.0765151515151515,0.1751729859676,4.22348020505879,4.22348020505879
18110,0.757575757575758,0.757575757575758,0.209799690949894,0.0871212121212121,0.213309088807064,8.19290401966385,8.19290401966385
18111,0.757575757575758,0.757575757575758,0.170651148295145,0.0909090909090909,0.192744918865516,8.2041984912188,8.2041984912188
18112,0.734848484848485,0.734848484848485,0.161699306745445,0.0909090909090909,0.242998015301045,6.65456832335344,6.65456832335344
18113,0.727272727272727,0.727272727272727,0.176900399016923,0.0924242424242424,0.21750919823183,7.9221670593953,7.9221670593953
18115,0.704545454545455,0.704545454545455,0.166851816963237,0.0939393939393939,0.231788837257461,6.84651411851934,6.84651411851934
18116,0.71969696969697,0.71969696969697,0.16275638364029,0.0939393939393939,0.202211336673857,5.92676765560685,5.92676765560685
18118,0.712121212121212,0.712121212121212,0.179469970164837,0.096969696969697,0.208931274670499,6.27349807376478,6.27349807376478
18119,0.689393939393939,0.689393939393939,0.202692466678202,0.0818181818181818,0.195391547234261,3.76578928597623,3.76578928597623
18121,0.75,0.75,0.180457043729457,0.107575757575758,0.191582934489024,8.92756768629214,8.92756768629214
18122,0.765151515151515,0.765151515151515,0.174817193473064,0.0886363636363636,0.250232664235198,11.2187197169839,11.2187197169839
18124,0.75,0.75,0.159294167982154,0.0833333333333333,0.240627191510624,10.8016168735264,10.8016168735264
18127,0.75,0.75,0.149625860448473,0.0795454545454545,0.269858228086189,11.0240813781906,11.0240813781906
18128,0.757575757575758,0.757575757575758,0.197257856261277,0.0787878787878788,0.230252734477657,9.41714819743837,9.41714819743837
18129,0.787878787878788,0.787878787878788,0.210027416678611,0.0696969696969697,0.269719067485455,8.16050570164269,8.16050570164269
18130,0.712121212121212,0.712121212121212,0.172511556329029,0.0833333333333333,0.246648780997039,6.59215659198418,6.59215659198418
18131,0.674242424242424,0.674242424242424,0.176329532914325,0.100757575757576,0.18998149776147,4.77154752733717,4.77154752733717
18134,0.712121212121212,0.712121212121212,0.175259051222392,0.0893939393939394,0.22961601920162,5.81974495182228,5.81974495182228
18135,0.727272727272727,0.727272727272727,0.173962618846084,0.0833333333333333,0.237335082306994,5.74341659706621,5.74341659706621
18136,0.765151515151515,0.765151515151515,0.17180218087924,0.078030303030303,0.223592051757936,6.53642701051705,6.53642701051705
18137,0.772727272727273,0.772727272727273,0.18516232423332,0.0795454545454545,0.18882711770831,7.81970767724371,7.81970767724371
18138,0.78030303030303,0.78030303030303,0.191541729033216,0.0878787878787879,0.18710926197411,8.31264386006326,8.31264386006326
18140,0.734848484848485,0.734848484848485,0.168654184544214,0.0909090909090909,0.178934325896578,7.06705737068994,7.06705737068994
18143,0.78030303030303,0.78030303030303,0.143973519541719,0.0734848484848485,0.195844524968765,6.3686919018791,6.3686919018791
18144,0.71969696969697,0.71969696969697,0.159820618162065,0.0818181818181818,0.201595811015538,6.18264992678521,6.18264992678521
18146,0.757575757575758,0.757575757575758,0.194101788419545,0.0886363636363636,0.185667077356568,7.41210051058775,7.41210051058775
18147,0.787878787878788,0.787878787878788,0.212120570748439,0.0863636363636364,0.172516647820135,8.13848884508171,8.13848884508171
18148,0.75,0.75,0.199219295791892,0.1,0.183873067009146,7.56991840294622,7.56991840294622
18149,0.78030303030303,0.78030303030303,0.192176400027736,0.0840909090909091,0.179336160060502,8.27171962479613,8.27171962479613
18151,0.772727272727273,0.772727272727273,0.194092743786709,0.0878787878787879,0.187219483190253,8.22905252587126,8.22905252587126
18152,0.78030303030303,0.78030303030303,0.213560533303307,0.0848484848484848,0.171448812135092,9.33931176287066,9.33931176287066
18155,0.757575757575758,0.757575757575758,0.198477055689028,0.0803030303030303,0.183193722219136,8.83531452273332,8.83531452273332
18156,0.75,0.75,0.207895592310544,0.0901515151515151,0.178190350046891,8.29459674792058,8.29459674792058
18157,0.75,0.75,0.208240951380552,0.075,0.166397199259961,9.45593475947125,9.45593475947125
18158,0.75,0.75,0.185230040459803,0.0916666666666667,0.173456731178923,9.67309151538754,9.67309151538754
18159,0.742424242424242,0.742424242424242,0.182956709681446,0.0893939393939394,0.174556146938593,9.73859689025007,9.73859689025007
18162,0.734848484848485,0.734848484848485,0.22318204332824,0.0871212121212121,0.170326098377942,9.93638171862656,9.93638171862656
18163,0.757575757575758,0.757575757575758,0.226436283222794,0.0856060606060606,0.171227478454807,11.1611017100064,11.1611017100064
18164,0.704545454545455,0.704545454545455,0.18632585716449,0.0878787878787879,0.201115703280792,9.54216415330045,9.54216415330046
18165,0.696969696969697,0.696969696969697,0.172317201045769,0.0909090909090909,0.195181647628158,8.96946387574084,8.96946387574084
18166,0.71969696969697,0.71969696969697,0.179006280050225,0.0848484848484849,0.197538542195298,9.44466005910363,9.44466005910363
18169,0.742424242424242,0.742424242424242,0.181873229727678,0.0818181818181818,0.19194307707497,9.99877464630774,9.99877464630774
18170,0.727272727272727,0.727272727272727,0.190831513029973,0.0856060606060606,0.191325544474225,10.0901014516146,10.0901014516146
18173,0.666666666666667,0.666666666666667,0.181672650302595,0.0734848484848485,0.222280090819872,9.32744931133105,9.32744931133105
18174,0.704545454545455,0.704545454545455,0.198201697678999,0.0704545454545455,0.205670199785901,9.2872190482236,9.2872190482236
18176,0.734848484848485,0.734848484848485,0.188128757767413,0.0825757575757576,0.195483815769561,10.5177859583784,10.5177859583784
18178,0.757575757575758,0.757575757575758,0.174936225519644,0.0856060606060606,0.18767365461626,9.46073407701427,9.46073407701427
18179,0.742424242424242,0.742424242424242,0.181026959007564,0.0825757575757576,0.184938025829774,7.95278778963679,7.95278778963679
18181,0.765151515151515,0.765151515151515,0.193595241359939,0.0848484848484848,0.191933234412507,9.8186930438217,9.8186930438217
18183,0.75,0.75,0.208160339802216,0.0803030303030303,0.178204641560334,8.09795614868235,8.09795614868235
18184,0.734848484848485,0.734848484848485,0.186635021963789,0.0840909090909091,0.190933349010517,7.6107440559413,7.6107440559413
18185,0.742424242424242,0.742424242424242,0.198983479613599,0.0977272727272727,0.200707935690677,6.96109637276367,6.96109637276367
18186,0.742424242424242,0.742424242424242,0.204159027529264,0.100757575757576,0.191693002021636,7.54679526804621,7.54679526804621
18187,0.734848484848485,0.734848484848485,0.18882047780334,0.0810606060606061,0.199408182285161,8.15463636827557,8.15463636827557
18190,0.734848484848485,0.734848484848485,0.196366292390018,0.0954545454545455,0.181822366704713,9.69647737280921,9.69647737280921
18191,0.704545454545455,0.704545454545455,0.16897665684105,0.0992424242424242,0.188133433461544,8.33182313798378,8.33182313798378
18192,0.734848484848485,0.734848484848485,0.188513210751201,0.0878787878787879,0.186546800309414,9.36905088278667,9.36905088278667
18193,0.734848484848485,0.734848484848485,0.188703066817371,0.0825757575757576,0.182011121488866,7.96809005535479,7.96809005535479
18194,0.75,0.75,0.175085027407176,0.0916666666666667,0.189194742938547,7.9145832750616,7.9145832750616
18198,0.757575757575758,0.757575757575758,0.199486418326568,0.0984848484848485,0.191539501854592,8.77439067779379,8.77439067779379
18199,0.71969696969697,0.71969696969697,0.192725927496019,0.0901515151515151,0.183549121574862,6.82822060272937,6.82822060272937
18200,0.742424242424242,0.742424242424242,0.226777059582847,0.0962121212121212,0.212465577198617,8.90076696212241,8.90076696212241
18201,0.666666666666667,0.666666666666667,0.2056395901749,0.0856060606060606,0.204396133715172,7.8965645707562,7.8965645707562
18202,0.71969696969697,0.71969696969697,0.228305588089333,0.0863636363636364,0.20763395540042,5.85010519714234,5.85010519714234
18204,0.659090909090909,0.659090909090909,0.213412279666957,0.103030303030303,0.225621172252227,6.37653669158371,6.37653669158371
18206,0.689393939393939,0.689393939393939,0.189993033450305,0.100757575757576,0.206977105523371,6.8313959987546,6.8313959987546
18207,0.674242424242424,0.674242424242424,0.229718504046309,0.0878787878787879,0.198724404846607,9.1852515509703,9.18525155097029
18209,0.689393939393939,0.689393939393939,0.206243187386932,0.0871212121212121,0.190303128446554,7.70334718002984,7.70334718002984
18210,0.704545454545455,0.704545454545455,0.209615127880824,0.0893939393939394,0.192753671719762,7.37890541285026,7.37890541285026
18212,0.712121212121212,0.712121212121212,0.22334047338944,0.0840909090909091,0.20252667823898,8.47509651132277,8.47509651132277
18213,0.659090909090909,0.659090909090909,0.165181171932189,0.0742424242424242,0.183748537922921,6.65308936131654,6.65308936131654
18214,0.681818181818182,0.681818181818182,0.198291533277936,0.118939393939394,0.202970419123169,7.91096541979468,7.91096541979468
18215,0.689393939393939,0.689393939393939,0.209906682473183,0.0984848484848485,0.190816375565473,8.26904753737371,8.26904753737371
18218,0.71969696969697,0.71969696969697,0.21847405526771,0.118939393939394,0.196897866655275,7.23170826694555,7.23170826694555
18219,0.772727272727273,0.772727272727273,0.228758197859213,0.0825757575757576,0.185744353814243,8.59056571473925,8.59056571473925
18220,0.75,0.75,0.23354515250546,0.0787878787878788,0.203594843561432,7.45959393355457,7.45959393355457
18221,0.727272727272727,0.727272727272727,0.243529240767534,0.0765151515151515,0.209038504949495,7.22882247716025,7.22882247716025
18222,0.71969696969697,0.71969696969697,0.215424741743151,0.0825757575757576,0.192037572248442,7.09626248368646,7.09626248368646
18225,0.704545454545455,0.704545454545455,0.198814956485505,0.0818181818181818,0.20016316133489,6.51340460481747,6.51340460481747
18226,0.681818181818182,0.681818181818182,0.206831072189013,0.078030303030303,0.198384436072532,6.16965764341078,6.16965764341078
18227,0.696969696969697,0.696969696969697,0.212527482338101,0.0886363636363636,0.195048721198073,6.39480258205768,6.39480258205768
18229,0.681818181818182,0.681818181818182,0.217035936128056,0.0810606060606061,0.202168673568506,5.32144941624367,5.32144941624367
18232,0.666666666666667,0.666666666666667,0.162312997268495,0.0962121212121212,0.178722751075725,5.42219030784604,5.42219030784604
18233,0.651515151515151,0.651515151515151,0.168484611642501,0.104545454545455,0.186844411677341,4.18715989834623,4.18715989834623
18234,0.704545454545455,0.704545454545455,0.185709125525095,0.0962121212121212,0.184618356887147,4.8646994328652,4.8646994328652
18236,0.681818181818182,0.681818181818182,0.181106344491193,0.0931818181818182,0.185811306487776,4.8237649974341,4.8237649974341
18237,0.689393939393939,0.689393939393939,0.165967743814342,0.0886363636363636,0.198214138414738,3.95584831482931,3.95584831482931
18238,0.674242424242424,0.674242424242424,0.149383903089318,0.0909090909090909,0.202349745157333,3.25327774812287,3.25327774812287
18239,0.681818181818182,0.681818181818182,0.204501335809012,0.0825757575757576,0.195164838301438,5.26241102631408,5.26241102631408
18241,0.621212121212121,0.621212121212121,0.150041287747818,0.078030303030303,0.240141818598805,3.30036119697814,3.30036119697814
18242,0.636363636363636,0.636363636363636,0.136907809627214,0.0909090909090909,0.269071347315545,3.15170432450329,3.15170432450329
18243,0.674242424242424,0.674242424242424,0.199079719066386,0.0795454545454545,0.274590783358632,4.37896144463574,4.37896144463574
18246,0.674242424242424,0.674242424242424,0.196889157850759,0.075,0.217660975945,4.17677070251322,4.17677070251322
18247,0.681818181818182,0.681818181818182,0.195345874729888,0.071969696969697,0.241461398904056,4.26632050982742,4.26632050982742
18248,0.674242424242424,0.674242424242424,0.208795881637416,0.0825757575757576,0.217027629823338,5.1140745922481,5.1140745922481
18249,0.598484848484849,0.598484848484849,0.189713224666093,0.0674242424242424,0.230793286585472,4.23719505170157,4.23719505170157
18250,0.606060606060606,0.606060606060606,0.195111535247489,0.0878787878787879,0.230975325434391,4.19548145710749,4.19548145710749
18253,0.568181818181818,0.568181818181818,0.18026281555519,0.0765151515151515,0.227952128620012,4.13806656992218,4.13806656992218
18257,0.590909090909091,0.590909090909091,0.186582551815355,0.0878787878787879,0.214720079407355,4.01083235340986,4.01083235340986
18260,0.628787878787879,0.628787878787879,0.194634703036976,0.0893939393939394,0.229153983691127,4.14583606625035,4.14583606625035
18265,0.553030303030303,0.553030303030303,0.188931509983256,0.0984848484848485,0.271158263214923,3.81440138322339,3.81440138322339
18268,0.462121212121212,0.462121212121212,0.124333972417748,0.0810606060606061,0.251882154404135,1.94470034263184,1.94470034263184
18270,0.553030303030303,0.553030303030303,0.159994292223954,0.0833333333333333,0.284400359619179,3.97851075763184,3.97851075763184
18271,0.454545454545455,0.454545454545455,0.106631944123628,0.0825757575757576,0.213002077664166,2.0951583212881,2.0951583212881
18274,0.545454545454545,0.545454545454545,0.123156761921207,0.123484848484848,0.302277726566929,8.05971354004457,8.05971354004457
18275,0.537878787878788,0.537878787878788,0.159121884404958,0.0901515151515151,0.237430167220032,5.22437751262833,5.22437751262833
18276,0.575757575757576,0.575757575757576,0.174798239484657,0.114393939393939,0.303352483464669,9.78324781058785,9.78324781058785
18277,0.606060606060606,0.606060606060606,0.102479491547052,0.0848484848484849,0.259422915631201,8.80551235690651,8.80551235690651
18278,0.598484848484849,0.598484848484849,0.110677926847977,0.0924242424242424,0.277585523598393,8.73924813609838,8.73924813609838
18282,0.568181818181818,0.568181818181818,0.11094371578514,0.0931818181818182,0.278734460357381,8.65324378166137,8.65324378166137
18283,0.643939393939394,0.643939393939394,0.113333951728859,0.0916666666666667,0.228367369183566,9.67242816397532,9.67242816397532
18284,0.621212121212121,0.621212121212121,0.104939907159479,0.0946969696969697,0.22627916752739,9.49776952023649,9.49776952023649
18288,0.583333333333333,0.583333333333333,0.103168827064815,0.0848484848484849,0.276532232392106,9.36818972254591,9.36818972254591
18289,0.643939393939394,0.643939393939394,0.158007667224414,0.0954545454545454,0.241512707441255,11.4115368743345,11.4115368743345
18290,0.636363636363636,0.636363636363636,0.123226942703852,0.096969696969697,0.215931376042417,11.1039494692904,11.1039494692904
18291,0.666666666666667,0.666666666666667,0.163065369115613,0.106818181818182,0.32165777924819,8.30197257257517,8.30197257257517
18292,0.681818181818182,0.681818181818182,0.161174856339361,0.0848484848484849,0.274166497458626,8.59666456371854,8.59666456371854
18296,0.621212121212121,0.621212121212121,0.121777688081749,0.0886363636363636,0.287346763434139,7.89252319317373,7.89252319317373
18298,0.704545454545455,0.704545454545455,0.259569629214138,0.0931818181818182,0.268917951259006,9.24013578454379,9.24013578454379
18299,0.674242424242424,0.674242424242424,0.266472755125663,0.106818181818182,0.26323289697201,7.60341150272981,7.60341150272981
18301,0.689393939393939,0.689393939393939,0.320247855180264,0.107575757575758,0.318113106313482,9.29057276154882,9.29057276154882
18302,0.696969696969697,0.696969696969697,0.371950327829558,0.0886363636363636,0.337342409861249,15.1916084942589,15.1916084942589
18303,0.696969696969697,0.696969696969697,0.343615226123696,0.0931818181818182,0.309817487660036,19.1791999216715,19.1791999216715
18304,0.674242424242424,0.674242424242424,0.280510122754708,0.0878787878787879,0.405727674374723,17.4223674470935,17.4223674470935
18305,0.696969696969697,0.696969696969697,0.233102604958194,0.0856060606060606,0.378017925440137,12.6356862191172,12.6356862191172
18306,0.712121212121212,0.712121212121212,0.290365546662565,0.0810606060606061,0.311890995607283,14.2239129683813,14.2239129683813
18310,0.651515151515151,0.651515151515151,0.278555623670818,0.0871212121212121,0.433826227041862,12.0585221406451,12.0585221406451
18311,0.659090909090909,0.659090909090909,0.22989984891237,0.0992424242424242,0.418143438290976,12.6750714670888,12.6750714670887
18312,0.636363636363636,0.636363636363636,0.240663849556022,0.0977272727272727,0.404410294004496,12.1924447677356,12.1924447677356
18313,0.621212121212121,0.621212121212121,0.231513195858362,0.108333333333333,0.449973056908756,12.764731140155,12.764731140155
18316,0.636363636363636,0.636363636363636,0.356628290720512,0.116666666666667,0.346927627943797,18.3194335933488,18.3194335933488
18317,0.598484848484849,0.598484848484849,0.290281742649479,0.104545454545455,0.309214500038475,16.3821819526037,16.3821819526037
18318,0.606060606060606,0.606060606060606,0.220794342146965,0.0924242424242424,0.270203581194675,17.2693153109618,17.2693153109618
18319,0.621212121212121,0.621212121212121,0.138794200712119,0.101515151515152,0.28280008634551,17.1131204387653,17.1131204387653
18320,0.674242424242424,0.674242424242424,0.334176837933311,0.0893939393939394,0.306153158493459,17.6843127861389,17.6843127861389
18322,0.666666666666667,0.666666666666667,0.391696210399674,0.0931818181818182,0.2984707315768,15.8137920936721,15.8137920936721
18323,0.628787878787879,0.628787878787879,0.307755715601179,0.0863636363636364,0.363386657157134,14.9142952299014,14.9142952299014
18324,0.643939393939394,0.643939393939394,0.310688768076496,0.104545454545455,0.333855789571184,14.8600150897634,14.8600150897634
18325,0.666666666666667,0.666666666666667,0.444084052064586,0.0818181818181818,0.255181383200397,19.1090116676099,19.1090116676099
18327,0.636363636363636,0.636363636363636,0.417129129896384,0.0742424242424242,0.265860152458177,18.4463743310712,18.4463743310712
18329,0.651515151515151,0.651515151515151,0.337375301133656,0.0893939393939394,0.332796996860604,18.0727098155315,18.0727098155315
18330,0.659090909090909,0.659090909090909,0.315471076676842,0.0787878787878788,0.250091357300205,19.5720303285584,19.5720303285584
18332,0.621212121212121,0.621212121212121,0.116914359531953,0.1,0.286200606598157,12.3354751812343,12.3354751812343
18333,0.628787878787879,0.628787878787879,0.0967622111942127,0.096969696969697,0.277923105788047,12.0401253605865,12.0401253605865
18334,0.666666666666667,0.666666666666667,0.228049244698742,0.0916666666666667,0.28394386442416,15.3408374753101,15.3408374753101
18337,0.689393939393939,0.689393939393939,0.307911257333922,0.0818181818181818,0.229689915651053,10.5477513881475,10.5477513881475
18338,0.681818181818182,0.681818181818182,0.295036497070688,0.0916666666666667,0.406486729572401,10.1331663420325,10.1331663420325
18339,0.696969696969697,0.696969696969697,0.316261748681088,0.0696969696969697,0.222475704156055,11.0423732150981,11.0423732150981
18340,0.659090909090909,0.659090909090909,0.158919873279664,0.0954545454545455,0.293796203965216,4.66946429801315,4.66946429801316
18341,0.643939393939394,0.643939393939394,0.119871482955777,0.111363636363636,0.280906049328568,4.40951162914671,4.40951162914671
18344,0.659090909090909,0.659090909090909,0.132815514810491,0.112121212121212,0.254507320662483,4.40209578210999,4.40209578210999
18345,0.628205128205128,0.628205128205128,0.125888411435142,0.108974358974359,0.257386729896352,4.16228388166413,4.16228388166413
18347,0.596153846153846,0.596153846153846,0.115904972776517,0.0844988344988345,0.242676038499852,4.65839587285893,4.65839587285893
18348,0.628205128205128,0.628205128205128,0.197332295869674,0.101398601398601,0.276828198568271,4.71756312251567,4.71756312251567
18351,0.602564102564103,0.602564102564103,0.148639358090966,0.0856643356643357,0.295645649243251,4.27324681470642,4.27324681470642
18352,0.583333333333333,0.583333333333333,0.101444639177232,0.0967365967365967,0.230211817632841,2.72155227677792,2.72155227677792
18354,0.596153846153846,0.596153846153846,0.16192088698466,0.0792540792540792,0.270131428056185,4.43713750061426,4.43713750061426
18355,0.576923076923077,0.576923076923077,0.124150987710145,0.0897435897435897,0.228159074853759,2.50025533623221,2.50025533623221
18357,0.58974358974359,0.58974358974359,0.0855643709139477,0.111305361305361,0.21776822237634,2.60360435061149,2.60360435061149
18358,0.557692307692308,0.557692307692308,0.151620857530169,0.0926573426573427,0.259602302149987,4.02436351548638,4.02436351548638
18360,0.57051282051282,0.57051282051282,0.163156615731373,0.0652680652680653,0.252883771074498,3.80863493470878,3.80863493470879
18361,0.564102564102564,0.564102564102564,0.153242861675076,0.0512820512820513,0.259143858434567,3.71214963753308,3.71214963753308
18363,0.583333333333333,0.583333333333333,0.129646558409645,0.0844988344988345,0.25327290998045,4.21587507254327,4.21587507254327
18364,0.538461538461538,0.538461538461538,0.0887908345932831,0.0652680652680653,0.256938288440581,2.35436666595546,2.35436666595546
18366,0.608974358974359,0.608974358974359,0.108191051548483,0.106060606060606,0.259754978740808,2.60637655507631,2.60637655507631
18367,0.596153846153846,0.596153846153846,0.138906847443165,0.0833333333333333,0.261507489165229,4.39151049334241,4.39151049334241
18368,0.576923076923077,0.576923076923077,0.0964314671778198,0.118298368298368,0.266995134361165,3.17808233657741,3.17808233657741
18373,0.628205128205128,0.628205128205128,0.107773069102524,0.0914918414918415,0.242513131551388,3.42484783993021,3.42484783993021
18374,0.583333333333333,0.583333333333333,0.0929525496346833,0.108974358974359,0.229168348774344,3.37959788258555,3.37959788258555
18375,0.551282051282051,0.551282051282051,0.101841722265199,0.0652680652680653,0.204205494465186,2.36127411631474,2.36127411631474
18376,0.583333333333333,0.583333333333333,0.0107202397265573,0.113053613053613,0.194412719890086,2.57120615299918,2.57120615299918
18379,0.596153846153846,0.596153846153846,0.147092223152267,0.0722610722610723,0.201683969572904,3.84842298901437,3.84842298901437
18380,0.602564102564103,0.602564102564103,0.160816368540397,0.0646853146853147,0.198847361698571,3.91465752806633,3.91465752806633
18381,0.583333333333333,0.583333333333333,0.160061294055988,0.0629370629370629,0.199888596342646,3.98238168768903,3.98238168768903
18382,0.615384615384615,0.615384615384615,0.165926605824994,0.0734265734265734,0.185554019448348,4.58335267632253,4.58335267632253
18384,0.596153846153846,0.596153846153846,0.167227551960418,0.0862470862470862,0.194707326053436,4.67182780663041,4.67182780663041
18385,0.564102564102564,0.564102564102564,0.185836531544542,0.0769230769230769,0.18930791202052,4.61286215241812,4.61286215241812
18387,0.602564102564103,0.602564102564103,0.178508235757392,0.0932400932400932,0.202229714361477,3.91793150103988,3.91793150103988
18388,0.557692307692308,0.557692307692308,0.168785569322494,0.0745920745920746,0.195401846659333,3.83988528672031,3.83988528672031
18390,0.615384615384615,0.615384615384615,0.186475584007074,0.0757575757575758,0.186479512191452,4.54319188485278,4.54319188485278
18392,0.551282051282051,0.551282051282051,0.119158727707741,0.0757575757575758,0.182746052210738,3.15973757892488,3.15973757892488
18393,0.551282051282051,0.551282051282051,0.121084880581424,0.0734265734265734,0.182271926783593,3.13237554508443,3.13237554508443
18395,0.564102564102564,0.564102564102564,0.105636100003009,0.0705128205128205,0.180818106755147,3.15019216701842,3.15019216701842
18396,0.525641025641026,0.525641025641026,0.104319695771704,0.0815850815850816,0.189162971809386,2.89687844340644,2.89687844340644
18397,0.557692307692308,0.557692307692308,0.0988388983930684,0.0792540792540792,0.201203974391455,2.25798712947866,2.25798712947866
18400,0.576923076923077,0.576923076923077,0.104364750759047,0.074009324009324,0.188584271157084,2.37293803961368,2.37293803961368
18401,0.564102564102564,0.564102564102564,0.096596393460025,0.0664335664335664,0.183814809459792,2.45931696758949,2.45931696758949
18402,0.57051282051282,0.57051282051282,0.0990712698957139,0.0635198135198135,0.189891284472711,2.3604600655401,2.3604600655401
18403,0.628205128205128,0.628205128205128,0.113478012944949,0.0722610722610723,0.222038071801584,5.49323447687143,5.49323447687143
18404,0.608974358974359,0.608974358974359,0.105171255957912,0.081002331002331,0.2277952148238,5.52719092530179,5.52719092530179
18408,0.673076923076923,0.673076923076923,0.126614145518853,0.0804195804195804,0.231333487334721,5.95947387307542,5.95947387307542
18409,0.615384615384615,0.615384615384615,0.118871901283871,0.0769230769230769,0.244704495816996,7.63575935310767,7.63575935310767
18410,0.608974358974359,0.608974358974359,0.115295795987571,0.0728438228438228,0.238784488121053,6.02912059815771,6.02912059815771
18411,0.583333333333333,0.583333333333333,0.15800178679266,0.0617715617715618,0.2187503056247,4.70873008869628,4.70873008869628
18415,0.608974358974359,0.608974358974359,0.133490936594454,0.0839160839160839,0.212535387540814,5.38923787945594,5.38923787945594
18416,0.653846153846154,0.653846153846154,0.143841013686319,0.0710955710955711,0.283136762384667,5.24156173185592,5.24156173185592
18417,0.615384615384615,0.615384615384615,0.114099188439138,0.074009324009324,0.212270509500271,3.76357577300663,3.76357577300663
18418,0.666666666666667,0.666666666666667,0.152724499861061,0.094988344988345,0.226813793591328,3.91796656478807,3.91796656478807
18420,0.58974358974359,0.58974358974359,0.118454195095573,0.0687645687645688,0.238308140912338,3.49903598176841,3.49903598176841
18421,0.666666666666667,0.666666666666667,0.115129834045003,0.104312354312354,0.215832625573169,3.50259200433264,3.50259200433264
18423,0.628205128205128,0.628205128205128,0.128541153894623,0.0897435897435897,0.255702664163449,3.38395507590383,3.38395507590383
18424,0.647435897435897,0.647435897435897,0.138577992916932,0.0891608391608392,0.272676977034707,3.57739194203666,3.57739194203666
18428,0.608974358974359,0.608974358974359,0.11192945559471,0.0897435897435897,0.216561608238744,2.4576626113742,2.4576626113742
18429,0.596153846153846,0.596153846153846,0.0979459779019604,0.0926573426573427,0.214708622095406,2.27679846386066,2.27679846386066
18430,0.544871794871795,0.544871794871795,0.0988187802964363,0.0833333333333333,0.208051759791411,2.09594150699289,2.09594150699289
18431,0.564102564102564,0.564102564102564,0.126823325811147,0.074009324009324,0.209158941087674,2.41613361038345,2.41613361038345
18432,0.621794871794872,0.621794871794872,0.12946058158974,0.0606060606060606,0.223208627751956,2.94482869698829,2.94482869698829
18435,0.628205128205128,0.628205128205128,0.118166179823888,0.0734265734265734,0.211183040667268,2.81159715228495,2.81159715228495
18436,0.628205128205128,0.628205128205128,0.130045102438624,0.06002331002331,0.224069274039638,2.94525378254421,2.94525378254421
18437,0.621794871794872,0.621794871794872,0.134002846851478,0.0646853146853147,0.239534105547161,2.97391192283957,2.97391192283957
18438,0.621794871794872,0.621794871794872,0.132040758692364,0.0693473193473193,0.235374313997643,2.79924835066377,2.79924835066377
18439,0.628205128205128,0.628205128205128,0.131626915463442,0.0652680652680653,0.253545361175743,2.8445060955857,2.8445060955857
18442,0.628205128205128,0.628205128205128,0.121564364041251,0.0745920745920746,0.243296908869984,2.42126905460285,2.42126905460285
18443,0.596153846153846,0.596153846153846,0.117394809261967,0.0716783216783217,0.221031052730697,2.63841085089111,2.63841085089111
18444,0.615384615384615,0.615384615384615,0.135185112653927,0.0699300699300699,0.252222857246772,2.66837910157332,2.66837910157332
18445,0.628205128205128,0.628205128205128,0.139623821000417,0.0850815850815851,0.319143688201441,6.42529814916265,6.42529814916265
18447,0.634615384615385,0.634615384615385,0.145709669069096,0.0763403263403263,0.309003555211203,6.72354215998606,6.72354215998606
18448,0.634615384615385,0.634615384615385,0.118987660444577,0.0844988344988345,0.275790359822552,6.41906273691285,6.41906273691285
18450,0.647435897435897,0.647435897435897,0.14692241233418,0.0775058275058275,0.274034025951566,6.63614236384607,6.63614236384607
18451,0.634615384615385,0.634615384615385,0.148839150137456,0.0862470862470863,0.316130784035923,5.20737416958363,5.20737416958363
18453,0.58974358974359,0.58974358974359,0.138625641653528,0.0775058275058275,0.338001586546452,2.9979325060295,2.9979325060295
18455,0.583333333333333,0.583333333333333,0.130531922567941,0.0844988344988345,0.268881015776381,6.9658179910846,6.9658179910846
18456,0.551282051282051,0.551282051282051,0.126993719953718,0.0903263403263403,0.238555388893769,7.22052574544305,7.22052574544305
18457,0.564102564102564,0.564102564102564,0.125808503867798,0.0815850815850816,0.194312569561603,7.22283729947499,7.22283729947499
18458,0.557692307692308,0.557692307692308,0.124260218287622,0.0850815850815851,0.234742565560498,6.15373818581962,6.15373818581962
18459,0.583333333333333,0.583333333333333,0.138655929231708,0.087995337995338,0.183638480977134,7.5687775541009,7.5687775541009
18460,0.557692307692308,0.557692307692308,0.128204551590594,0.0938228438228438,0.161966133578535,7.23206326597579,7.23206326597579
18463,0.557692307692308,0.557692307692308,0.143768550364181,0.094988344988345,0.359471929407167,3.26993154234887,3.26993154234887
18464,0.634615384615385,0.634615384615385,0.15167154739319,0.0722610722610723,0.290388418003873,4.75554210024263,4.75554210024263
18465,0.615384615384615,0.615384615384615,0.144226697114481,0.0617715617715618,0.282108039395134,2.27252029336612,2.27252029336612
18466,0.58974358974359,0.58974358974359,0.14852922908238,0.0635198135198135,0.277083699788565,2.30165509296192,2.30165509296192
18467,0.596153846153846,0.596153846153846,0.143469761820555,0.0693473193473193,0.24715752972924,2.27061868529759,2.27061868529759
18470,0.583333333333333,0.583333333333333,0.152147234753404,0.0792540792540792,0.233890971538167,5.7552441549348,5.7552441549348
18471,0.557692307692308,0.557692307692308,0.13692797589639,0.0850815850815851,0.373068357770901,3.56768592676093,3.56768592676093
18472,0.544871794871795,0.544871794871795,0.129384094057363,0.0705128205128205,0.277395918593563,1.99036575155124,1.99036575155124
18473,0.519230769230769,0.519230769230769,0.114870150086322,0.0856643356643357,0.302043148997977,2.51057180320236,2.51057180320236
18474,0.641025641025641,0.641025641025641,0.134875793409751,0.1002331002331,0.206961669120495,2.48960987214203,2.48960987214203
18475,0.641025641025641,0.641025641025641,0.132966108076691,0.111305361305361,0.19997526114075,5.05499622618669,5.05499622618669
18478,0.621794871794872,0.621794871794872,0.124089111529588,0.0926573426573427,0.227802219372494,4.36662078147645,4.36662078147645
18479,0.596153846153846,0.596153846153846,0.129709618741702,0.103146853146853,0.276235484751743,4.17618370809425,4.17618370809425
18481,0.596153846153846,0.596153846153846,0.118159242584635,0.101398601398601,0.324625210540645,4.32408931229603,4.32408931229603
18483,0.596153846153846,0.596153846153846,0.0968980179222843,0.0664335664335664,0.350709840437331,4.33518117186241,4.33518117186241
18484,0.544871794871795,0.544871794871795,0.0997072352887256,0.115967365967366,0.259040322410641,5.39300647785129,5.39300647785129
18486,0.532051282051282,0.532051282051282,0.10374168609553,0.0751748251748252,0.317339146050108,2.23821439293128,2.23821439293128
18487,0.596153846153846,0.596153846153846,0.132801840221241,0.0897435897435897,0.327287614323067,4.5394511837186,4.5394511837186
18488,0.557692307692308,0.557692307692308,0.147944736975367,0.0815850815850816,0.307580220064517,4.25636015752205,4.25636015752205
18491,0.532051282051282,0.532051282051282,0.14027934270433,0.0722610722610723,0.296569560983484,4.65898769480234,4.65898769480234
18492,0.551282051282051,0.551282051282051,0.131070507662378,0.0745920745920746,0.311927206618764,4.17652171514943,4.17652171514943
18493,0.544871794871795,0.544871794871795,0.125528093452,0.0903263403263403,0.2853923796124,2.71119682879181,2.71119682879181
18494,0.564102564102564,0.564102564102564,0.144854332977586,0.0769230769230769,0.288798091959759,6.34931889847956,6.34931889847956
18495,0.544871794871795,0.544871794871795,0.126105523886004,0.0629370629370629,0.189766574844969,2.22077557284346,2.22077557284347
18498,0.519230769230769,0.519230769230769,0.11822766613216,0.0827505827505828,0.269308926220157,6.30301998702895,6.30301998702895
18499,0.576923076923077,0.576923076923077,0.152681639585838,0.0775058275058275,0.26282569455063,2.43052100635378,2.43052100635378
18500,0.538461538461538,0.538461538461538,0.146748860092244,0.0792540792540792,0.257379997089548,2.35218627989631,2.35218627989631
18501,0.557692307692308,0.557692307692308,0.137944463687948,0.0728438228438228,0.281795788403329,2.15530579626265,2.15530579626265
18502,0.544871794871795,0.544871794871795,0.154850080600824,0.0984848484848485,0.240078346701684,2.47999254263676,2.47999254263676
18505,0.487179487179487,0.487179487179487,0.0874320183798412,0.0716783216783217,0.170930704777349,1.24203433852524,1.24203433852524
18506,0.5,0.5,0.0976475028128916,0.081002331002331,0.205745322294626,1.37735067550107,1.37735067550107
18508,0.474358974358974,0.474358974358974,0.0973512703603122,0.0990675990675991,0.185215917844268,1.36121297779616,1.36121297779616
18509,0.423076923076923,0.423076923076923,0.0704578151951653,0.0967365967365967,0.287772738726739,0.963928014992395,0.963928014992395
18511,0.41025641025641,0.41025641025641,0.0746111964474599,0.102564102564103,0.267175057097445,0.958630531122991,0.958630531122991
18512,0.42948717948718,0.429487179487179,0.0871614561994194,0.0757575757575758,0.208258008330085,0.949306375393993,0.949306375393993
18514,0.519230769230769,0.519230769230769,0.0929166913336009,0.0722610722610723,0.227084480451319,1.32973288630505,1.32973288630505
18515,0.487179487179487,0.487179487179487,0.0815432491930623,0.0798368298368298,0.219608692931707,1.03377069459126,1.03377069459126
18516,0.474358974358974,0.474358974358974,0.0347577227510055,0.0909090909090909,0.211028910489449,0.963715364951899,0.963715364951899
18517,0.467948717948718,0.467948717948718,0.0850574841604727,0.0844988344988345,0.235639745780647,1.12515740289003,1.12515740289003
18519,0.564102564102564,0.564102564102564,0.100170213184242,0.0914918414918415,0.250364097539299,1.37761184880987,1.37761184880987
18520,0.525641025641026,0.525641025641026,0.111171142738488,0.0815850815850816,0.208689262221868,1.38790067246774,1.38790067246774
18521,0.480769230769231,0.480769230769231,0.102218172639938,0.10955710955711,0.177083204362361,1.27925476655399,1.27925476655399
18522,0.57051282051282,0.57051282051282,0.143830743552632,0.0967365967365967,0.205094241138869,2.05824388763425,2.05824388763425
18523,0.57051282051282,0.57051282051282,0.136261721100154,0.115384615384615,0.216547870135565,1.86991694452108,1.86991694452108
18526,0.551282051282051,0.551282051282051,0.129907663277367,0.0996503496503496,0.196056058957533,1.51961249122374,1.51961249122374
18527,0.602564102564103,0.602564102564103,0.152441204987559,0.0885780885780886,0.217652849759941,2.01272133035174,2.01272133035174
18528,0.57051282051282,0.57051282051282,0.128419516647463,0.103146853146853,0.235592457289164,1.9062514751123,1.9062514751123
18529,0.544871794871795,0.544871794871795,0.12425826654923,0.117715617715618,0.241326462281401,1.87495900986358,1.87495900986358
18530,0.557692307692308,0.557692307692308,0.133211040381898,0.113053613053613,0.190678646876053,2.58918845845433,2.58918845845433
18533,0.551282051282051,0.551282051282051,0.153020985933479,0.110722610722611,0.195554835166614,2.59580865018826,2.59580865018826
18534,0.57051282051282,0.57051282051282,0.165050021434874,0.0973193473193473,0.198455871640779,2.64915826823956,2.64915826823956
18535,0.544871794871795,0.544871794871795,0.159381718890752,0.10955710955711,0.195290426270808,2.57626690194659,2.57626690194659
18536,0.557692307692308,0.557692307692308,0.138181056228848,0.127622377622378,0.18258556688179,2.53491761960056,2.53491761960056
18537,0.583333333333333,0.583333333333333,0.151027641144256,0.110722610722611,0.186585102757471,2.63954425119866,2.63954425119866
18538,0.538461538461538,0.538461538461538,0.124524496962796,0.119463869463869,0.185028034643542,2.4583979476966,2.4583979476966
18541,0.532051282051282,0.532051282051282,0.133352908213932,0.128205128205128,0.189429150526725,2.44031853532272,2.44031853532272
18542,0.5,0.5,0.142817658574175,0.127622377622378,0.194910224595127,2.15803762195233,2.15803762195233
18543,0.596153846153846,0.596153846153846,0.147853626063305,0.10955710955711,0.207944701240582,2.70735794105389,2.70735794105389
18544,0.537878787878788,0.537878787878788,0.120493736526623,0.112878787878788,0.209670775568297,2.29627512828837,2.29627512828837
18546,0.575757575757576,0.575757575757576,0.13046164175001,0.102272727272727,0.202010105138228,2.6591019703508,2.6591019703508
18547,0.545454545454545,0.545454545454545,0.115880123937306,0.108333333333333,0.236848441406446,2.42648332511954,2.42648332511954
18548,0.545454545454545,0.545454545454545,0.104343781259068,0.125,0.277824651669773,1.56792290706019,1.56792290706019
18549,0.560606060606061,0.560606060606061,0.131973118129444,0.110606060606061,0.220862256845489,2.49220833085347,2.49220833085347
18550,0.560606060606061,0.560606060606061,0.124228961952856,0.103787878787879,0.214296745754407,2.63865864100839,2.63865864100839
18551,0.568181818181818,0.568181818181818,0.129159080469728,0.0962121212121212,0.197419373309793,3.46986177305632,3.46986177305632
18554,0.575757575757576,0.575757575757576,0.110114996900298,0.0818181818181818,0.201571009029247,2.35886563008915,2.35886563008915
18555,0.560606060606061,0.560606060606061,0.122104010409459,0.0946969696969697,0.222635846152036,2.18887906749028,2.18887906749028
18556,0.545454545454545,0.545454545454545,0.117925218669687,0.0916666666666667,0.221163016097086,2.24859104303636,2.24859104303636
18557,0.560606060606061,0.560606060606061,0.00686025761022108,0.106818181818182,0.238130454478986,2.31943393851496,2.31943393851496
18558,0.568181818181818,0.568181818181818,0.125246098105336,0.0939393939393939,0.225810959629417,2.32756534390968,2.32756534390968
18562,0.522727272727273,0.522727272727273,0.120623651273268,0.096969696969697,0.248048666652274,2.19481167922945,2.19481167922945
18564,0.575757575757576,0.575757575757576,0.1065522293435,0.171969696969697,0.29797766431298,3.92942744572004,3.92942744572004
18565,0.575757575757576,0.575757575757576,0.0907786178933751,0.117424242424242,0.276860792917739,3.92718585800645,3.92718585800645
18568,0.590909090909091,0.590909090909091,0.087751125913093,0.125,0.325961358245727,3.14457512747773,3.14457512747773
18569,0.575757575757576,0.575757575757576,0.00516431641323125,0.111363636363636,0.242998856719387,3.56963028078511,3.56963028078511
18571,0.568181818181818,0.568181818181818,0.0899431136605784,0.122727272727273,0.254187000730959,3.89225649541602,3.89225649541602
18574,0.560606060606061,0.560606060606061,0.0530425090687928,0.134090909090909,0.232192970682943,3.6821216559,3.6821216559
18575,0.568181818181818,0.568181818181818,0.0490375414456566,0.137878787878788,0.231246158754368,3.53996138155853,3.53996138155853
18578,0.575757575757576,0.575757575757576,0.0542661283073143,0.125757575757576,0.264718408267002,3.55464271085616,3.55464271085616
18579,0.575757575757576,0.575757575757576,0.00629925742456018,0.101515151515152,0.244966424506172,3.78218873312357,3.78218873312357
18582,0.636363636363636,0.636363636363636,0.104127827151162,0.114393939393939,0.218825398508077,3.76713487169794,3.76713487169794
18583,0.598484848484849,0.598484848484849,0.095459158375471,0.128030303030303,0.247151860504142,3.50007735292282,3.50007735292282
18584,0.628787878787879,0.628787878787879,0.0981191474603352,0.125757575757576,0.242276790677139,3.53398818026411,3.53398818026411
18585,0.575757575757576,0.575757575757576,0.1342050821868,0.151515151515152,0.268847439968464,3.72129896660581,3.72129896660581
18586,0.628787878787879,0.628787878787879,0.11050563927992,0.131060606060606,0.441971551672281,3.83366275712279,3.83366275712279
18589,0.643939393939394,0.643939393939394,0.10617800765694,0.121212121212121,0.353971606567902,3.35601168955312,3.35601168955312
18590,0.606060606060606,0.606060606060606,0.114371800020546,0.128030303030303,0.412612218202871,3.92714742967998,3.92714742967998
18591,0.583333333333333,0.583333333333333,0.0966549216273214,0.143939393939394,0.306106806762292,2.89247045406346,2.89247045406346
18593,0.575757575757576,0.575757575757576,0.0957519135653836,0.140151515151515,0.307852010296521,2.81445318165338,2.81445318165338
18598,0.575757575757576,0.575757575757576,0.0988135096625324,0.140909090909091,0.314629289530257,2.87574508808377,2.87574508808377
18599,0.651515151515151,0.651515151515151,0.0886164884011607,0.132575757575758,0.359312656181707,3.36975170106863,3.36975170106863
18601,0.598484848484849,0.598484848484849,0.0868963134061649,0.121212121212121,0.316154958709944,2.40125771001405,2.40125771001405
18602,0.575757575757576,0.575757575757576,0.0977309934470653,0.136363636363636,0.355221215920424,2.17655820148955,2.17655820148955
18604,0.537878787878788,0.537878787878788,0.106263815094154,0.0939393939393939,0.277368401785253,1.30557328098641,1.30557328098641
18606,0.537878787878788,0.537878787878788,0.103730517440655,0.141666666666667,0.401482669726955,2.25991893701211,2.25991893701211
18607,0.537878787878788,0.537878787878788,0.109554264452663,0.0893939393939394,0.293502303023526,1.27066545856457,1.27066545856457
18610,0.53030303030303,0.53030303030303,0.106592512079977,0.121969696969697,0.403258982711253,2.14665580781737,2.14665580781737
18611,0.553030303030303,0.553030303030303,0.102209468682856,0.136363636363636,0.359110419988738,2.2607782765629,2.2607782765629
18612,0.545454545454545,0.545454545454545,0.106050013862212,0.123484848484848,0.216214962465022,3.06069029386949,3.06069029386949
18613,0.560606060606061,0.560606060606061,0.116346911673524,0.115151515151515,0.199077106924699,3.57948659816344,3.57948659816344
18614,0.583333333333333,0.583333333333333,0.115699964667203,0.110606060606061,0.197986478654345,3.56169813014451,3.56169813014451
18617,0.553030303030303,0.553030303030303,0.104975815875249,0.122727272727273,0.288988155829507,2.46313387785951,2.46313387785951
18618,0.598484848484849,0.598484848484849,0.113144604071536,0.125757575757576,0.224156368727042,4.66176270011811,4.66176270011811
18619,0.575757575757576,0.575757575757576,0.106679674426919,0.126515151515152,0.233098865063065,4.65864681991092,4.65864681991092
18624,0.53030303030303,0.53030303030303,0.0996398709452423,0.128030303030303,0.370578009349569,3.52295207285693,3.52295207285693
18625,0.583333333333333,0.583333333333333,0.0965291053545847,0.112878787878788,0.375294448789878,3.02754094669335,3.02754094669335
18626,0.537878787878788,0.537878787878788,0.0968286468300835,0.113636363636364,0.365821136071966,3.02402605961059,3.02402605961059
18629,0.575757575757576,0.575757575757576,0.1055745040096,0.112121212121212,0.347059178410327,2.86757879955438,2.86757879955438
18630,0.568181818181818,0.568181818181818,0.107845014386731,0.118181818181818,0.297621727804681,2.197400055777,2.197400055777
18631,0.568181818181818,0.568181818181818,0.160277601797853,0.122727272727273,0.389470560988987,5.22778228507519,5.22778228507519
18634,0.553030303030303,0.553030303030303,0.180910460863281,0.104545454545455,0.369911984061532,5.13768443622132,5.13768443622132
18636,0.545454545454545,0.545454545454545,0.239086009656692,0.106818181818182,0.311258663898872,6.56289477119733,6.56289477119733
18637,0.537878787878788,0.537878787878788,0.205715558941239,0.109090909090909,0.326406068485569,6.63856246043933,6.63856246043933
18640,0.515151515151515,0.515151515151515,0.178932516128077,0.137121212121212,0.360923281099812,4.60833569248266,4.60833569248266
18641,0.537878787878788,0.537878787878788,0.172088108464078,0.127272727272727,0.361077942052068,4.60498130161428,4.60498130161428
18642,0.507575757575758,0.507575757575758,0.114643360111396,0.147727272727273,0.393744798957511,3.44990247371477,3.44990247371477
18646,0.484848484848485,0.484848484848485,0.160135707446524,0.147727272727273,0.415138868767728,3.40572750390718,3.40572750390718
18647,0.515151515151515,0.515151515151515,0.184334534461857,0.148484848484848,0.370464411747028,4.40840157324744,4.40840157324744
18648,0.53030303030303,0.53030303030303,0.176813709502736,0.141666666666667,0.355926365425589,4.36313490538445,4.36313490538445
18649,0.537878787878788,0.537878787878788,0.195085752736966,0.138636363636364,0.313170291680148,3.89459447394422,3.89459447394422
18652,0.53030303030303,0.53030303030303,0.157909554554737,0.131060606060606,0.310582636579469,3.25185552417861,3.25185552417862
18653,0.613636363636364,0.613636363636364,0.151317729405182,0.117424242424242,0.293035216790152,4.49838300542845,4.49838300542845
18654,0.583333333333333,0.583333333333333,0.14170293114042,0.114393939393939,0.259362482783127,3.62459410697781,3.62459410697781
18655,0.613636363636364,0.613636363636364,0.153830213226361,0.0992424242424242,0.336771496039548,3.87179621037864,3.87179621037864
18656,0.636363636363636,0.636363636363636,0.192022166342456,0.0962121212121212,0.329418415115364,4.06444934371819,4.06444934371819
18660,0.606060606060606,0.606060606060606,0.173281841065168,0.0863636363636364,0.292284578071178,4.20132774089226,4.20132774089226
18661,0.636363636363636,0.636363636363636,0.181251162567519,0.112878787878788,0.217685499515676,4.28780265943028,4.28780265943028
18664,0.560606060606061,0.560606060606061,0.118557673851269,0.0984848484848485,0.23919161960909,2.09918413694311,2.09918413694311
18665,0.568181818181818,0.568181818181818,0.105027513191235,0.0825757575757576,0.239904208755454,1.9183603958921,1.9183603958921
18666,0.560606060606061,0.560606060606061,0.102716031605108,0.0931818181818182,0.236757974195758,2.03750297946776,2.03750297946776
18667,0.583333333333333,0.583333333333333,0.0903442586822443,0.0871212121212121,0.219642121211232,1.99038066937496,1.99038066937496
18669,0.560606060606061,0.560606060606061,0.0829182934059321,0.0954545454545455,0.219024150509827,1.90572118732824,1.90572118732824
18670,0.598484848484849,0.598484848484849,0.0938279431086583,0.0833333333333333,0.232270405935419,1.96135423519442,1.96135423519442
18674,0.553030303030303,0.553030303030303,0.0849223865768984,0.0803030303030303,0.244781559956828,1.94301417272179,1.94301417272179
18675,0.53030303030303,0.53030303030303,0.0835786513911513,0.0871212121212121,0.247162019347561,1.85725983855173,1.85725983855173
18676,0.613636363636364,0.613636363636364,0.0974358143300704,0.118181818181818,0.250869001498757,2.99963522790225,2.99963522790225
18677,0.606060606060606,0.606060606060606,0.0953877672334529,0.1,0.233392885068604,2.96895532104695,2.96895532104695
18680,0.636363636363636,0.636363636363636,0.0984053702825218,0.120454545454545,0.222072701975655,2.98244916311072,2.98244916311072
18681,0.598484848484849,0.598484848484849,0.0815732736537351,0.1,0.268412664960817,2.84474267736623,2.84474267736623
18682,0.568181818181818,0.568181818181818,0.0884936249506549,0.0931818181818182,0.283381980201719,2.13920052842727,2.13920052842727
18683,0.568181818181818,0.568181818181818,0.0925662158914171,0.0863636363636364,0.232915995421352,2.30857155872717,2.30857155872717
18684,0.590909090909091,0.590909090909091,0.0923138798690668,0.0962121212121212,0.245041944533461,2.35226092717781,2.35226092717781
18688,0.613636363636364,0.613636363636364,0.0928928700377866,0.0909090909090909,0.226501580711728,2.59409558485341,2.59409558485341
18689,0.560606060606061,0.560606060606061,0.0849656307902319,0.109090909090909,0.235349112340726,2.30353590472744,2.30353590472744
18694,0.613636363636364,0.613636363636364,0.0913625529333433,0.0939393939393939,0.21625388999368,3.03789923781264,3.03789923781264
18695,0.590909090909091,0.590909090909091,0.0983716725799261,0.075,0.273278337276702,2.19277334987826,2.19277334987826
18697,0.598484848484849,0.598484848484849,0.0947306342197589,0.0833333333333333,0.284033635410866,2.2034689607824,2.2034689607824
18698,0.598484848484849,0.598484848484849,0.10182992280521,0.0810606060606061,0.293016232386281,2.79714578514348,2.79714578514348
18702,0.553030303030303,0.553030303030303,0.0987853367901344,0.0840909090909091,0.286546634945268,2.64768755783713,2.64768755783713
18703,0.560606060606061,0.560606060606061,0.0887322384721501,0.0901515151515151,0.245739778522602,2.61379302652402,2.61379302652402
18704,0.560606060606061,0.560606060606061,0.0869332510150285,0.0901515151515151,0.281103095989531,2.07275981196355,2.07275981196355
18705,0.575757575757576,0.575757575757576,0.0896475772354546,0.0833333333333333,0.208031197581181,2.74794113238955,2.74794113238955
18708,0.598484848484849,0.598484848484849,0.0718259745118457,0.0833333333333333,0.224638011692394,2.13380213357935,2.13380213357935
18709,0.598484848484849,0.598484848484849,0.0687773610353385,0.0727272727272727,0.20923717057149,2.36099064660359,2.36099064660359
18710,0.598484848484849,0.598484848484849,0.0748040008031868,0.0825757575757576,0.3042659551199,1.72537906670996,1.72537906670996
18712,0.575757575757576,0.575757575757576,0.0768920426557942,0.0757575757575758,0.320952737294803,1.80750429207806,1.80750429207806
18715,0.553030303030303,0.553030303030303,0.0763382679355348,0.075,0.333675414926105,1.70320077825848,1.70320077825848
18716,0.560606060606061,0.560606060606061,0.0773140307964965,0.0742424242424242,0.242430337469615,1.98645038217321,1.98645038217321
18717,0.583333333333333,0.583333333333333,0.0485696627972825,0.0681818181818182,0.220626542003156,1.9474759846485,1.9474759846485
18718,0.568181818181818,0.568181818181818,0.0476748165003428,0.0621212121212121,0.249217512525379,1.80855533620639,1.80855533620639
18719,0.583333333333333,0.583333333333333,0.0573038251303406,0.075,0.257641062772269,1.82653097185499,1.82653097185499
18720,0.560606060606061,0.560606060606061,0.0501030441599399,0.0962121212121212,0.262331440082673,1.69780433625684,1.69780433625684
18723,0.560606060606061,0.560606060606061,0.0729601454686071,0.0984848484848485,0.277547493014682,1.43656823271978,1.43656823271978
18725,0.568181818181818,0.568181818181818,0.0703421820211291,0.109090909090909,0.263569066225542,1.48884683270127,1.48884683270127
18727,0.560606060606061,0.560606060606061,0.0712965450139452,0.112121212121212,0.242884898047928,1.68027450713189,1.68027450713189
18728,0.568181818181818,0.568181818181818,0.06793429216142,0.096969696969697,0.213494742677525,1.55423335830091,1.55423335830091
18730,0.545454545454545,0.545454545454545,0.0685327125480244,0.0931818181818182,0.255380001305876,1.54753450793731,1.54753450793731
18731,0.53030303030303,0.53030303030303,0.0686864561170936,0.107575757575758,0.234294036044836,1.60802261307155,1.60802261307155
18732,0.522727272727273,0.522727272727273,0.0564878190492963,0.0848484848484848,0.217717567503546,1.33387072810573,1.33387072810573
18733,0.484848484848485,0.484848484848485,0.0585375685787081,0.0810606060606061,0.203162001862872,1.31407061015986,1.31407061015986
18736,0.537878787878788,0.537878787878788,0.0755642331437905,0.120454545454545,0.242471936234952,2.39654790757299,2.39654790757299
18737,0.553030303030303,0.553030303030303,0.0600372581317073,0.108333333333333,0.243202547134532,2.18462329270558,2.18462329270558
18738,0.560606060606061,0.560606060606061,0.0586106842835254,0.0848484848484848,0.204490594914191,1.32711597856998,1.32711597856998
18739,0.492424242424242,0.492424242424242,0.0683724936156607,0.0712121212121212,0.22786889726399,1.257333001033,1.257333001033
18740,0.5,0.5,0.0628730203583825,0.0818181818181818,0.313934031673472,1.14856587313882,1.14856587313882
18743,0.515151515151515,0.515151515151515,0.0565541585364195,0.0818181818181818,0.219336400908598,1.21890574781006,1.21890574781006
18744,0.515151515151515,0.515151515151515,0.062644315954216,0.071969696969697,0.196514209248424,1.43155273904909,1.43155273904909
18745,0.522727272727273,0.522727272727273,0.0697596667482237,0.0840909090909091,0.198595005871777,1.5766444001245,1.5766444001245
18746,0.553030303030303,0.553030303030303,0.0708775920585581,0.0946969696969697,0.195757416366215,1.43134655877882,1.43134655877882
18748,0.545454545454545,0.545454545454545,0.0699121570565488,0.0840909090909091,0.186097032675993,1.37050995552776,1.37050995552776
18749,0.583333333333333,0.583333333333333,0.0748046317647319,0.0772727272727273,0.181408494162313,1.65233796328172,1.65233796328172
18750,0.621212121212121,0.621212121212121,0.0124744322348097,0.0795454545454545,0.162197789094371,4.70448515622584,4.70448515622584
18752,0.613636363636364,0.613636363636364,0.0680342469118215,0.0878787878787879,0.167254904512114,4.70442468662798,4.70442468662798
18755,0.598484848484849,0.598484848484849,0.0777365315168777,0.0856060606060606,0.175528456904675,3.15308968642224,3.15308968642224
18757,0.590909090909091,0.590909090909091,0.0730106506336166,0.0833333333333333,0.180967283057218,2.90428790711627,2.90428790711627
18758,0.590909090909091,0.590909090909091,0.0785172283251667,0.0606060606060606,0.171049756476725,2.71277457581603,2.71277457581603
18760,0.621212121212121,0.621212121212121,0.0749341248975638,0.0818181818181818,0.187014711449959,2.92823717779565,2.92823717779565
18761,0.628787878787879,0.628787878787879,0.10179423420088,0.0856060606060606,0.185110651703546,4.19611116431374,4.19611116431374
18764,0.636363636363636,0.636363636363636,0.11304664085602,0.0621212121212121,0.186605483097255,4.14658948297803,4.14658948297803
18765,0.621212121212121,0.621212121212121,0.110007650823639,0.0787878787878788,0.174883584848546,4.52772671216397,4.52772671216397
18766,0.621212121212121,0.621212121212121,0.110002042584554,0.0666666666666667,0.172649230951629,4.23139784066773,4.23139784066773
18767,0.613636363636364,0.613636363636364,0.111815202889039,0.0901515151515151,0.171662878818056,4.57786859544084,4.57786859544084
18768,0.621212121212121,0.621212121212121,0.0743939373269653,0.0583333333333333,0.163903171972333,4.59420831080973,4.59420831080973
18772,0.674242424242424,0.674242424242424,0.131501535546308,0.0810606060606061,0.165795996864107,7.01895761273168,7.01895761273168
18773,0.681818181818182,0.681818181818182,0.117727063821692,0.0772727272727273,0.16676983312965,6.83993843215454,6.83993843215454
18774,0.636363636363636,0.636363636363636,0.11835410967485,0.0795454545454545,0.16874685539483,6.19237317169707,6.19237317169707
18775,0.674242424242424,0.674242424242424,0.107875974044882,0.0803030303030303,0.166893032054488,6.21363827410297,6.21363827410297
18782,0.666666666666667,0.666666666666667,0.106804501772822,0.0833333333333333,0.169866415108767,6.81345059001972,6.81345059001972
18783,0.674242424242424,0.674242424242424,0.118361110373195,0.0765151515151515,0.165523660807875,7.6900549033333,7.6900549033333
18785,0.674242424242424,0.674242424242424,0.104361927564466,0.078030303030303,0.184158350945912,7.13855289729023,7.13855289729023
18786,0.666666666666667,0.666666666666667,0.105394436350127,0.0878787878787879,0.184724794886799,6.9560420769263,6.9560420769263
18788,0.659090909090909,0.659090909090909,0.0961730587293283,0.0674242424242424,0.174868411220768,4.16195533704522,4.16195533704522
18790,0.666666666666667,0.666666666666667,0.0805471775145321,0.0712121212121212,0.175212669948543,4.55002456173184,4.55002456173184
18792,0.696969696969697,0.696969696969697,0.118674292970346,0.0871212121212121,0.178349453756304,7.3830990903423,7.3830990903423
18793,0.666666666666667,0.666666666666667,0.113068296479829,0.0833333333333333,0.179508560005731,7.20364417796379,7.20364417796379
18794,0.659090909090909,0.659090909090909,0.112902235542855,0.0909090909090909,0.174268203222731,7.33287795108515,7.33287795108515
18795,0.674242424242424,0.674242424242424,0.113983147883686,0.0863636363636364,0.173095458014496,7.30041440169073,7.30041440169073
18796,0.681818181818182,0.681818181818182,0.110553745829305,0.0878787878787879,0.171432292699834,7.29863249912265,7.29863249912265
18800,0.621212121212121,0.621212121212121,0.127029084214407,0.0916666666666667,0.187383514942599,7.05174728334523,7.05174728334523
18801,0.666666666666667,0.666666666666667,0.130812240613373,0.0863636363636364,0.185873653495431,7.93998504904095,7.93998504904095
18802,0.659090909090909,0.659090909090909,0.124930621409516,0.0871212121212121,0.184979014169922,7.89267697382527,7.89267697382527
18803,0.666666666666667,0.666666666666667,0.095274202491274,0.0666666666666667,0.190829055155319,6.50063168780866,6.50063168780866
18806,0.765151515151515,0.765151515151515,0.105034178851054,0.0856060606060606,0.176287648723913,8.35318088577444,8.35318088577444
18807,0.696969696969697,0.696969696969697,0.0468651352852491,0.05,0.180900766808577,4.32244632252923,4.32244632252923
18808,0.696969696969697,0.696969696969697,0.0776314202406612,0.0734848484848485,0.173886301873691,5.9139096536174,5.9139096536174
18809,0.659090909090909,0.659090909090909,0.0750234096393666,0.1,0.168680265007732,5.83453783034067,5.83453783034067
18812,0.689393939393939,0.689393939393939,0.0628452256178186,0.096969696969697,0.173935870121483,5.85543014302076,5.85543014302076
18813,0.674242424242424,0.674242424242424,0.0718582840279809,0.0871212121212121,0.175811801362928,6.9329612406466,6.9329612406466
18814,0.666666666666667,0.666666666666667,0.061547985820405,0.0810606060606061,0.173722962189842,4.79457133943153,4.79457133943153
18815,0.674242424242424,0.674242424242424,0.0815185006136223,0.0727272727272727,0.178141471244488,3.61313544792677,3.61313544792677
18817,0.651515151515151,0.651515151515151,0.101017400153285,0.0825757575757576,0.18154588571288,4.18644843919437,4.18644843919437
18818,0.651515151515151,0.651515151515151,0.0770113038018035,0.0757575757575758,0.176224508009633,4.90477704886813,4.90477704886812
18820,0.659090909090909,0.659090909090909,0.0985530532981271,0.0681818181818182,0.178517120741204,4.87715343254071,4.87715343254071
18821,0.674242424242424,0.674242424242424,0.0723060241471878,0.0742424242424242,0.170406243389232,8.12959403560393,8.12959403560393
18822,0.681818181818182,0.681818181818182,0.0795325222811553,0.0833333333333333,0.168396034813755,8.39001169025065,8.39001169025065
18823,0.674242424242424,0.674242424242424,0.0857115424624964,0.0901515151515151,0.17187998000016,8.06551159137011,8.06551159137011
18824,0.696969696969697,0.696969696969697,0.0988600595454924,0.0878787878787879,0.178796628855053,7.14037892933078,7.14037892933078
18827,0.651515151515151,0.651515151515151,0.0946593030732219,0.10530303030303,0.188868657226554,6.18409925857868,6.18409925857868
18828,0.651515151515151,0.651515151515151,0.0858219351971964,0.096969696969697,0.184974081068103,7.32329646902634,7.32329646902634
18829,0.666666666666667,0.666666666666667,0.0975482498721311,0.0840909090909091,0.195353268562527,6.55866327571119,6.55866327571119
18830,0.606060606060606,0.606060606060606,0.103104600980069,0.0962121212121212,0.205748918079989,6.44639523925726,6.44639523925726
18831,0.621212121212121,0.621212121212121,0.0957134698239989,0.115909090909091,0.19850887090252,6.28887406438051,6.28887406438051
18834,0.621212121212121,0.621212121212121,0.0928490459849839,0.109848484848485,0.202535966131582,6.20737080060272,6.20737080060272
18835,0.621212121212121,0.621212121212121,0.0734890366817035,0.0909090909090909,0.19407203059968,6.55554905235731,6.55554905235731
18836,0.636363636363636,0.636363636363636,0.0767276939377264,0.0946969696969697,0.195959687168711,6.48887693525048,6.48887693525048
18837,0.636363636363636,0.636363636363636,0.0839720520469818,0.107575757575758,0.196666124286167,6.55461525420757,6.55461525420757
18838,0.575757575757576,0.575757575757576,0.0816265913606666,0.104545454545455,0.197580222288728,7.34357240795778,7.34357240795778
18840,0.613636363636364,0.613636363636364,0.0749983088160257,0.103030303030303,0.194438669477708,7.35127926057655,7.35127926057655
18841,0.651515151515151,0.651515151515151,0.0735453801830996,0.0924242424242424,0.17564687881719,9.12200679245381,9.12200679245381
18842,0.643939393939394,0.643939393939394,0.0795597890191374,0.0924242424242424,0.175126298681899,9.03451205567936,9.03451205567936
18843,0.674242424242424,0.674242424242424,0.0838723631468187,0.096969696969697,0.17861159574044,5.82179580796063,5.82179580796063
18845,0.666666666666667,0.666666666666667,0.0582280687745668,0.0871212121212121,0.171949455440759,7.17798273601492,7.17798273601492
18846,0.689393939393939,0.689393939393939,0.082063094975601,0.0893939393939394,0.180872885767307,7.0361594418494,7.0361594418494
18848,0.712121212121212,0.712121212121212,0.0831906704758576,0.0871212121212121,0.179725418138734,8.47385494481871,8.47385494481871
18849,0.704545454545455,0.704545454545455,0.0990401370910406,0.0795454545454545,0.182047769662975,8.41455318713392,8.41455318713392
18850,0.689393939393939,0.689393939393939,0.106574079531539,0.0810606060606061,0.187020026886421,8.78595536799815,8.78595536799815
18851,0.704545454545455,0.704545454545455,0.104247683968413,0.0772727272727273,0.184752056023882,9.11839503548015,9.11839503548015
18852,0.696969696969697,0.696969696969697,0.106502896506242,0.0727272727272727,0.177547924539959,9.29256036201112,9.29256036201111
18855,0.643939393939394,0.643939393939394,0.114044300017548,0.0901515151515151,0.209139677260368,8.24228846205201,8.24228846205201
18856,0.651515151515151,0.651515151515151,0.109565656079477,0.0818181818181818,0.191584800846647,9.54657468169478,9.54657468169478
18857,0.590909090909091,0.590909090909091,0.105673445223665,0.0704545454545455,0.191126068945996,9.47344665758601,9.47344665758601
18858,0.689393939393939,0.689393939393939,0.112375034334848,0.0712121212121212,0.189575120343888,9.67947099377099,9.67947099377099
18859,0.583333333333333,0.583333333333333,0.103161151783752,0.0712121212121212,0.188993184806093,8.72189757320348,8.72189757320348
18862,0.598484848484849,0.598484848484849,0.108338197744334,0.0772727272727273,0.189548257374499,7.91384798971675,7.91384798971675
18863,0.598484848484849,0.598484848484849,0.0967785145381104,0.0704545454545455,0.187453094130789,6.1163762612011,6.1163762612011
18864,0.621212121212121,0.621212121212121,0.103996285840618,0.0681818181818182,0.186525773344305,7.3327923659946,7.3327923659946
18865,0.598484848484849,0.598484848484849,0.111252804380661,0.0772727272727273,0.179053139883407,8.58455608645828,8.58455608645828
18866,0.606060606060606,0.606060606060606,0.100503809580096,0.0681818181818182,0.190527994324758,7.12105402852885,7.12105402852885
18869,0.568181818181818,0.568181818181818,0.0790589436461777,0.0560606060606061,0.176432886696618,5.245730481816,5.245730481816
18870,0.598484848484849,0.598484848484849,0.0763624861282303,0.0515151515151515,0.179462676116572,5.28581480689852,5.28581480689852
18872,0.575757575757576,0.575757575757576,7.39039662511019e-06,0.0553030303030303,0.179003974174687,5.29920039674845,5.29920039674845
18873,0.568181818181818,0.568181818181818,0.0760676721352768,0.0613636363636364,0.188895174195162,3.90765035623894,3.90765035623894
18874,0.613636363636364,0.613636363636364,0.00113876286845639,0.0515151515151515,0.180053162973235,4.57686769700963,4.57686769700963
18876,0.621212121212121,0.621212121212121,0.0801270066533142,0.0575757575757576,0.181418096189823,4.71213079539998,4.71213079539998
18877,0.621212121212121,0.621212121212121,0.0800703331012831,0.0575757575757576,0.177932148116714,4.74517158117184,4.74517158117183
18878,0.636363636363636,0.636363636363636,0.0503444613917281,0.0522727272727273,0.178127924231125,4.63722690548561,4.63722690548561
18879,0.598484848484849,0.598484848484849,0.0660939699304909,0.0560606060606061,0.178417638470107,4.6716291769407,4.6716291769407
18881,0.613636363636364,0.613636363636364,0.0844503327576424,0.0553030303030303,0.185218711232861,3.96466797867723,3.96466797867723
18882,0.583333333333333,0.583333333333333,0.0689723245838815,0.0636363636363636,0.183777356569668,4.36654677175224,4.36654677175224
18883,0.583333333333333,0.583333333333333,0.0783051227901717,0.0628787878787879,0.18994100703427,4.59593791924882,4.59593791924882
18884,0.583333333333333,0.583333333333333,0.0856892726219596,0.0765151515151515,0.20035953363844,3.72078704652929,3.72078704652929
18885,0.583333333333333,0.583333333333333,0.0817930919318,0.0606060606060606,0.202072492615009,3.92926316747702,3.92926316747702
18886,0.575757575757576,0.575757575757576,0.0563056526528394,0.0583333333333333,0.196808136430266,3.20744095903662,3.20744095903662
18887,0.568181818181818,0.568181818181818,0.0856566068766584,0.0583333333333333,0.199202041748574,3.97175957696654,3.97175957696654
18890,0.590909090909091,0.590909090909091,0.0563054709202843,0.0583333333333333,0.193914813060204,3.78213223970757,3.78213223970757
18891,0.583333333333333,0.583333333333333,0.0827709554282925,0.0651515151515152,0.201191890255208,3.78223659486132,3.78223659486132
18892,0.583333333333333,0.583333333333333,0.0864597012538328,0.0712121212121212,0.197289494773848,3.80007135988736,3.80007135988736
18893,0.583333333333333,0.583333333333333,0.098917926053955,0.071969696969697,0.190097531207935,3.51167234491471,3.51167234491471
18894,0.583333333333333,0.583333333333333,0.00155221193197163,0.0628787878787879,0.193091173197297,3.58401134193458,3.58401134193458
18897,0.590909090909091,0.590909090909091,0.11340987102839,0.0681818181818182,0.200959185108287,3.58335784560487,3.58335784560487
18898,0.598484848484849,0.598484848484849,0.120280761699347,0.0643939393939394,0.190367587455135,4.6258505001996,4.62585050019959
18899,0.606060606060606,0.606060606060606,0.119013145503335,0.0598484848484848,0.188009916120455,4.39642271224993,4.39642271224993
18900,0.598484848484849,0.598484848484849,0.117703833773809,0.0575757575757576,0.188271982716967,4.60139995101637,4.60139995101637
18902,0.560606060606061,0.560606060606061,0.102147300537603,0.0583333333333333,0.18632685865068,4.49447415684849,4.49447415684849
18903,0.553030303030303,0.553030303030303,0.101963826862079,0.0643939393939394,0.187469846472327,4.5429802945617,4.5429802945617
18905,0.575757575757576,0.575757575757576,0.110377770622875,0.0643939393939394,0.199053733506595,3.67397803904477,3.67397803904477
18906,0.545454545454545,0.545454545454545,0.0717271349061923,0.0537878787878788,0.186943650272318,4.03073914821319,4.03073914821319
18908,0.602564102564103,0.602564102564103,0.0907538106166907,0.0710955710955711,0.176002692145267,4.04221565819607,4.04221565819607
18909,0.551282051282051,0.551282051282051,0.0929352492007399,0.0780885780885781,0.180002567445729,3.14271214946589,3.14271214946589
18911,0.596153846153846,0.596153846153846,0.0992667054768693,0.0745920745920746,0.170300420945233,4.72997753804078,4.72997753804078
18912,0.666666666666667,0.666666666666667,0.112199716962616,0.0681818181818182,0.166904762549839,4.83635498923263,4.83635498923263
18913,0.596153846153846,0.596153846153846,0.0924163216722179,0.0606060606060606,0.175616790971317,4.12370267504934,4.12370267504933
18914,0.596153846153846,0.596153846153846,0.0851876121646092,0.0687645687645688,0.173272528112491,3.88161140225702,3.88161140225702
18915,0.564102564102564,0.564102564102564,0.0847733899981653,0.0745920745920746,0.190928176613242,2.43365137350277,2.43365137350277
18918,0.596153846153846,0.596153846153846,0.085027168240427,0.0699300699300699,0.179646132793314,3.26600501512109,3.26600501512109
18919,0.551282051282051,0.551282051282051,0.0758408023535244,0.0833333333333333,0.181731190919778,2.99624194329042,2.99624194329042
18920,0.602564102564103,0.602564102564103,0.0762261183103743,0.0874125874125874,0.190537660215409,3.04892788537233,3.04892788537233
18921,0.532051282051282,0.532051282051282,0.0743021114430069,0.0856643356643357,0.209102409913412,2.17653611119563,2.17653611119563
18922,0.583333333333333,0.583333333333333,0.0791208990852733,0.0646853146853147,0.177015558074804,3.04135834553839,3.04135834553839
18925,0.544871794871795,0.544871794871795,0.0791539668294176,0.0705128205128205,0.180350494814621,3.42641646173775,3.42641646173775
18927,0.544871794871795,0.544871794871795,0.0705297162026947,0.0839160839160839,0.233287645916535,1.35543835630367,1.35543835630367
18929,0.564102564102564,0.564102564102564,0.0737005962685093,0.0827505827505828,0.200089663119008,2.1238246041473,2.1238246041473
18932,0.576923076923077,0.576923076923077,0.0784929836867599,0.081002331002331,0.199415528812485,2.53400009300418,2.53400009300418
18933,0.608974358974359,0.608974358974359,0.079195946458675,0.0757575757575758,0.182572267780719,3.27234680103712,3.27234680103712
18934,0.596153846153846,0.596153846153846,0.0756336358473866,0.0798368298368298,0.17266428013677,2.63892945337523,2.63892945337523
18936,0.615384615384615,0.615384615384615,0.0735127424969369,0.0850815850815851,0.178822281634313,2.66956595369567,2.66956595369567
18937,0.551282051282051,0.551282051282051,0.0726707000881317,0.074009324009324,0.214233139769396,1.80465975602826,1.80465975602826
18939,0.576923076923077,0.576923076923077,0.0741886464382609,0.0710955710955711,0.203805136062499,1.89624723800862,1.89624723800862
18941,0.628205128205128,0.628205128205128,0.0807289283015741,0.0763403263403263,0.290167298457643,5.2937595942536,5.2937595942536
18946,0.621794871794872,0.621794871794872,0.0743743955794891,0.0909090909090909,0.250193788376238,5.11497961489596,5.11497961489596
18947,0.634615384615385,0.634615384615385,0.0708857976783594,0.0815850815850816,0.230816700065959,4.7384569294291,4.7384569294291
18948,0.615384615384615,0.615384615384615,0.0765694880904879,0.074009324009324,0.248953056865263,4.38721679399225,4.38721679399225
18949,0.564102564102564,0.564102564102564,0.0723756812688446,0.0693473193473193,0.211018012135722,4.64103109424761,4.64103109424761
18950,0.628205128205128,0.628205128205128,0.0730852755663302,0.0798368298368298,0.216563559721866,4.18701695088599,4.18701695088599
18953,0.634615384615385,0.634615384615385,0.0751929591491428,0.0699300699300699,0.213472835927459,4.63759596059388,4.63759596059388
18954,0.628205128205128,0.628205128205128,0.062934100253411,0.0675990675990676,0.195663920914756,6.14205550748182,6.14205550748182
18955,0.596153846153846,0.596153846153846,0.0572290805160099,0.0734265734265734,0.192607655155522,5.34427571407954,5.34427571407954
18957,0.583333333333333,0.583333333333333,0.0553851432551067,0.0617715617715618,0.176789774686499,2.97264337833072,2.97264337833072
18960,0.583333333333333,0.583333333333333,0.0685691575001315,0.0763403263403263,0.247715595692261,5.65700982159766,5.65700982159766
18962,0.621794871794872,0.621794871794872,0.0910354473603931,0.0973193473193473,0.184346768913142,5.89875217694587,5.89875217694587
18963,0.621794871794872,0.621794871794872,0.0879377416400533,0.0938228438228438,0.199754867653645,4.7562753281074,4.7562753281074
18964,0.666666666666667,0.666666666666667,0.101735068948779,0.101398601398601,0.184151068266256,6.00819296241901,6.00819296241901
18965,0.685897435897436,0.685897435897436,0.116839756900526,0.0932400932400932,0.182853280281078,8.24580076843228,8.24580076843228
18966,0.685897435897436,0.685897435897436,0.0967573063401872,0.0932400932400932,0.184556364248444,6.56465317767891,6.56465317767891
18968,0.653846153846154,0.653846153846154,0.0986217134890076,0.0786713286713287,0.181625290479649,6.34542678633209,6.34542678633209
18969,0.641025641025641,0.641025641025641,0.109463732251826,0.0926573426573427,0.183720863607015,5.7425112023812,5.7425112023812
18971,0.692307692307692,0.692307692307692,0.108702518671616,0.0938228438228438,0.184520827115631,6.1068931737287,6.1068931737287
18972,0.673076923076923,0.673076923076923,0.117304316869535,0.0967365967365967,0.18930323816746,6.04151046976014,6.04151046976014
18974,0.58974358974359,0.58974358974359,0.0870694524594863,0.0885780885780886,0.192434950728168,3.53229106315169,3.53229106315169
18975,0.673076923076923,0.673076923076923,0.0841517123728138,0.0961538461538461,0.188299318856442,2.77517240728886,2.77517240728886
18976,0.698717948717949,0.698717948717949,0.0888103190197347,0.0926573426573427,0.220901165222771,5.62075581958227,5.62075581958227
18977,0.641025641025641,0.641025641025641,0.108913652050893,0.0734265734265734,0.190809447677132,7.02789579837323,7.02789579837323
18978,0.705128205128205,0.705128205128205,0.0992998447510155,0.0710955710955711,0.181392986602465,7.96327155252981,7.96327155252981
18981,0.666666666666667,0.666666666666667,0.111031907104599,0.0914918414918415,0.194186307228963,8.66491719678932,8.66491719678932
18982,0.58974358974359,0.58974358974359,0.0906658790627506,0.0961538461538462,0.24981233782921,4.04011988394625,4.04011988394625
18983,0.602564102564103,0.602564102564103,0.0915213894142535,0.0979020979020979,0.253884570341795,4.0159473312037,4.0159473312037
18984,0.564102564102564,0.564102564102564,0.0806377843591146,0.0979020979020979,0.226033429948949,2.31078891504262,2.31078891504262
18988,0.628205128205128,0.628205128205128,0.0832161715984151,0.12004662004662,0.250883211359277,4.29093281678133,4.29093281678133
18989,0.621794871794872,0.621794871794872,0.0800104649166064,0.0990675990675991,0.3319405268603,3.94711612170557,3.94711612170557
18990,0.583333333333333,0.583333333333333,0.0720803100955744,0.105477855477855,0.303407290943695,3.91172073298277,3.91172073298277
18991,0.602564102564103,0.602564102564103,0.0807229937427182,0.1002331002331,0.281335555372744,3.90487454370155,3.90487454370155
18994,0.557692307692308,0.557692307692308,0.0480081691863658,0.0786713286713287,0.222579625444665,2.0801064485236,2.0801064485236
18995,0.583333333333333,0.583333333333333,0.0716622112785296,0.0792540792540793,0.265438459321108,3.31518263991847,3.31518263991847
18996,0.57051282051282,0.57051282051282,0.087566588841962,0.104895104895105,0.194242273275258,2.62281964643697,2.62281964643697
18999,0.608974358974359,0.608974358974359,0.0776131430226379,0.0961538461538462,0.209559843391802,2.58931891806067,2.58931891806067
19000,0.557692307692308,0.557692307692308,0.0689069517639764,0.118298368298368,0.222322279140366,2.1384515074104,2.1384515074104
19001,0.583333333333333,0.583333333333333,0.0406879690433653,0.0897435897435897,0.187006850713844,1.84041104694133,1.84041104694133
19005,0.551282051282051,0.551282051282051,0.0574100031721329,0.0710955710955711,0.221810603233311,2.37928819662259,2.37928819662259
19006,0.551282051282051,0.551282051282051,0.0576109070990891,0.0675990675990676,0.1920798487809,2.38486251898736,2.38486251898736
19010,0.564102564102564,0.564102564102564,0.0841038045211321,0.0693473193473193,0.179542074728356,3.11774989962743,3.11774989962743
19011,0.519230769230769,0.519230769230769,0.0361552895964182,0.0821678321678322,0.174211394634506,2.81428456107185,2.81428456107185
19012,0.544871794871795,0.544871794871795,0.0462373970634042,0.0775058275058275,0.186205221668687,1.45475015520386,1.45475015520386
19013,0.512820512820513,0.512820512820513,0.0562375209587466,0.0716783216783217,0.203400848573975,1.72972293503981,1.72972293503981
19017,0.532051282051282,0.532051282051282,0.0335811921600857,0.0798368298368298,0.190042651042904,1.44249517596639,1.44249517596639
19018,0.519230769230769,0.519230769230769,0.0338075134703449,0.0891608391608392,0.203819220776301,1.63889195305016,1.63889195305016
19019,0.525641025641026,0.525641025641026,0.039488540268933,0.0728438228438228,0.18652902782913,1.38799428923613,1.38799428923613
19020,0.538461538461538,0.538461538461538,0.00451703392845056,0.0856643356643357,0.175985813818606,1.38844857535346,1.38844857535346
19023,0.525641025641026,0.525641025641026,0.0418743848036466,0.0693473193473193,0.171610347662912,1.54033613111836,1.54033613111836
19025,0.538461538461538,0.538461538461538,0.0402842026807464,0.0646853146853147,0.182936208579542,1.42429345515692,1.42429345515692
19026,0.57051282051282,0.57051282051282,0.0429342713442454,0.0839160839160839,0.195626796538428,1.58428848651727,1.58428848651727
19029,0.544871794871795,0.544871794871795,0.0440416244901671,0.0641025641025641,0.163588128166385,2.36659827380379,2.36659827380379
19031,0.532051282051282,0.532051282051282,0.0470988909966022,0.0693473193473193,0.188734208684619,1.58478975114085,1.58478975114085
19032,0.512820512820513,0.512820512820513,0.0457146473913954,0.0885780885780886,0.179635508622336,1.32365935009664,1.32365935009664
19034,0.525641025641026,0.525641025641026,0.045518022747339,0.0681818181818182,0.180609016089025,1.402864995533,1.402864995533
19035,0.5,0.5,0.0450839184095946,0.0844988344988345,0.167340817677996,1.661890003109,1.661890003109
19037,0.596153846153846,0.596153846153846,0.0376586481280673,0.0926573426573427,0.165882481871792,2.36340501752023,2.36340501752023
19038,0.564102564102564,0.564102564102564,0.031002478660592,0.0687645687645688,0.172497869642823,2.25385475867297,2.25385475867297
19039,0.532051282051282,0.532051282051282,0.0420868054975027,0.0664335664335664,0.179369417825082,1.40192857436067,1.40192857436067
19040,0.525641025641026,0.525641025641026,0.0342327718651439,0.0699300699300699,0.169710268090498,2.77000833022562,2.77000833022562
19041,0.551282051282051,0.551282051282051,0.0365738920520347,0.101981351981352,0.177990786996415,2.65482533220541,2.65482533220541
19045,0.551282051282051,0.551282051282051,0.0357821481822368,0.0967365967365967,0.190427657072355,2.48964848932774,2.48964848932774
19046,0.544871794871795,0.544871794871795,0.0352709341461595,0.106643356643357,0.189912716828837,2.46006930669801,2.46006930669801
19047,0.532051282051282,0.532051282051282,0.0371974776410298,0.0903263403263403,0.195995728999018,2.51157672302601,2.51157672302601
19048,0.557692307692308,0.557692307692308,0.0378569477488867,0.101398601398601,0.185646100925022,2.30252213350367,2.30252213350367
19051,0.493589743589744,0.493589743589744,0.0363898754935253,0.108974358974359,0.178290314932036,2.10823616363581,2.10823616363581
19052,0.474358974358974,0.474358974358974,0.0265588301654156,0.0932400932400932,0.178770203168591,1.12892315211267,1.12892315211267
19053,0.544871794871795,0.544871794871795,0.0990572685257827,0.107808857808858,0.197481365251092,4.95210083872232,4.95210083872232
19054,0.532051282051282,0.532051282051282,0.0961060395371123,0.104895104895105,0.181076898940854,5.08153902868171,5.08153902868171
19057,0.461538461538462,0.461538461538462,0.034446828319415,0.101398601398601,0.179655405575558,1.6003231770831,1.6003231770831
19059,0.551282051282051,0.551282051282051,0.147144255767537,0.0938228438228438,0.18933273684691,6.97505562243359,6.97505562243359
19061,0.557692307692308,0.557692307692308,0.185629752823009,0.0862470862470862,0.183611581884909,7.12638140808424,7.12638140808424
19062,0.551282051282051,0.551282051282051,0.15239728815176,0.0914918414918415,0.194880020372302,6.52044563406548,6.52044563406548
19065,0.576923076923077,0.576923076923077,0.286879299949151,0.0751748251748252,0.181190207271269,7.74607813600192,7.74607813600192
19066,0.525641025641026,0.525641025641026,0.0678713826350201,0.0675990675990676,0.165662459748817,5.83299756813978,5.83299756813978
19067,0.551282051282051,0.551282051282051,0.0908019431866835,0.0827505827505828,0.167843835725926,5.73259826375241,5.73259826375241
19068,0.525641025641026,0.525641025641026,0.00449287838984469,0.0775058275058275,0.162667646480105,3.20965150814127,3.20965150814127
19069,0.532051282051282,0.532051282051282,0.0451577675428479,0.0757575757575758,0.174307611534882,1.80137769933701,1.80137769933701
19072,0.525641025641026,0.525641025641026,0.0464568899828405,0.0914918414918415,0.172948353381505,2.38378608700607,2.38378608700607
19073,0.512820512820513,0.512820512820513,0.0459650062031309,0.0716783216783217,0.164055300858386,2.57447847158641,2.57447847158641
19074,0.564102564102564,0.564102564102564,0.0477205963391404,0.0780885780885781,0.172274790402738,2.53331596405694,2.53331596405694
19075,0.532051282051282,0.532051282051282,0.0433012066751875,0.0745920745920746,0.164510225885973,2.00170196071564,2.00170196071564
19079,0.58974358974359,0.58974358974359,0.0439084334667084,0.110722610722611,0.169740569467969,2.12121017479358,2.12121017479358
19080,0.57051282051282,0.57051282051282,0.0382691343724384,0.0827505827505828,0.163382753876868,2.06431445853378,2.06431445853378
19081,0.576923076923077,0.576923076923077,0.0410163728053204,0.0745920745920746,0.172775386965367,1.87727912986756,1.87727912986756
19082,0.634615384615385,0.634615384615385,0.166853705126325,0.0967365967365967,0.183338059923165,7.73228247627335,7.73228247627335
19083,0.602564102564103,0.602564102564103,0.163796463464595,0.104312354312354,0.205091250148572,7.4860795633878,7.4860795633878
19084,0.58974358974359,0.58974358974359,0.105924370301159,0.0874125874125874,0.212753790930098,5.93904122216776,5.93904122216776
19085,0.621794871794872,0.621794871794872,0.0962385953158315,0.0885780885780886,0.216213423238074,4.66824452390495,4.66824452390495
19086,0.538461538461538,0.538461538461538,0.0831803866544947,0.0862470862470863,0.186918983419723,4.31249530451995,4.31249530451995
19087,0.659090909090909,0.659090909090909,0.150438877020798,0.0954545454545455,0.221545439312458,6.40304255165456,6.40304255165456
19090,0.628787878787879,0.628787878787879,0.125933282657159,0.0787878787878788,0.216128046846555,6.20504136728834,6.20504136728834
19092,0.651515151515151,0.651515151515151,0.12799014392626,0.0840909090909091,0.201260689211751,7.12604296468511,7.12604296468511
19093,0.598484848484849,0.598484848484849,0.0738588430481687,0.075,0.203505548649076,4.64761870327073,4.64761870327073
19095,0.598484848484849,0.598484848484849,0.0784827006372713,0.0651515151515152,0.21324083265517,4.31586117880244,4.31586117880244
19096,0.606060606060606,0.606060606060606,0.0683866982551938,0.0643939393939394,0.206607801962388,4.18747214645537,4.18747214645537
19101,0.553030303030303,0.553030303030303,0.071620062886072,0.0704545454545455,0.199642571480695,4.07423278027319,4.07423278027319
19102,0.575757575757576,0.575757575757576,0.0764937284910142,0.071969696969697,0.22022098433809,5.47550874704042,5.47550874704042
19103,0.583333333333333,0.583333333333333,0.0823199331445995,0.0742424242424242,0.21669931735454,5.48643084053103,5.48643084053103
19108,0.553030303030303,0.553030303030303,0.0857572298111403,0.0712121212121212,0.211656447901064,5.52470065585256,5.52470065585256
19109,0.545454545454545,0.545454545454545,0.0945226716701147,0.0787878787878788,0.204129161919963,5.28537403840298,5.28537403840298
19110,0.545454545454545,0.545454545454545,0.0837706289541064,0.0878787878787879,0.206671721613906,5.31648144621977,5.31648144621977
19111,0.568181818181818,0.568181818181818,0.109268621223389,0.121212121212121,0.272840886556138,63.0444429182128,63.0444429182128
19113,0.537878787878788,0.537878787878788,0.0865124049123593,0.0856060606060606,0.209846379727073,4.90579791008941,4.90579791008941
19116,0.537878787878788,0.537878787878788,0.101310520272411,0.0886363636363636,0.218638003253244,6.16365031817349,6.16365031817349
19117,0.522727272727273,0.522727272727273,0.0443985358015531,0.0734848484848485,0.192666134861749,1.31587031293671,1.31587031293671
19119,0.583333333333333,0.583333333333333,0.0769429971549067,0.103030303030303,0.171971344756902,3.03281878313525,3.03281878313525
19120,0.651515151515151,0.651515151515151,0.0935089425399423,0.0795454545454545,0.201494892456078,4.85391428674811,4.85391428674811
19122,0.545454545454545,0.545454545454545,0.0586428246072941,0.0962121212121212,0.195027238638454,2.54983887130127,2.54983887130127
19124,0.560606060606061,0.560606060606061,0.0566950108547314,0.0954545454545454,0.198776613497804,1.3424324955392,1.3424324955392
19125,0.568181818181818,0.568181818181818,0.0469580942174649,0.0803030303030303,0.208418178658815,1.26256059714541,1.26256059714541
19128,0.522727272727273,0.522727272727273,0.048464180237152,0.075,0.180394073980126,1.52606359526875,1.52606359526875
19129,0.507575757575758,0.507575757575758,0.0358363111896399,0.0825757575757576,0.1769709681154,1.59747462744872,1.59747462744872
19130,0.545454545454545,0.545454545454545,0.0465603848545263,0.0765151515151515,0.177706818763445,1.49192115216194,1.49192115216194
19131,0.53030303030303,0.53030303030303,0.045847567157594,0.0954545454545455,0.195207514265092,1.31298420055026,1.31298420055026
19132,0.515151515151515,0.515151515151515,0.0467097360985862,0.0871212121212121,0.209963387208838,1.17095861716628,1.17095861716628
19135,0.5,0.5,0.0474416583155031,0.0825757575757576,0.208924757345778,1.2707956305339,1.2707956305339
19136,0.560606060606061,0.560606060606061,0.0323114761361936,0.0833333333333333,0.226961449620821,1.49923621260532,1.49923621260532
19137,0.568181818181818,0.568181818181818,0.032600192186227,0.078030303030303,0.222192220826325,1.42459377198734,1.42459377198734
19138,0.545454545454545,0.545454545454545,0.0300713929250626,0.0727272727272727,0.190625295567555,1.38001203733781,1.38001203733781
19139,0.560606060606061,0.560606060606061,0.0305942320388164,0.0765151515151515,0.184360116575433,1.54361213977269,1.54361213977269
19143,0.507575757575758,0.507575757575758,0.0298714883748906,0.078030303030303,0.205800105604181,1.11083782584896,1.11083782584896
19147,0.553030303030303,0.553030303030303,0.0464898858053886,0.0795454545454545,0.198936449617863,1.63343330867491,1.63343330867491
19148,0.537878787878788,0.537878787878788,0.0284769923706463,0.0689393939393939,0.194473979113865,1.4091970573047,1.4091970573047
19150,0.553030303030303,0.553030303030303,0.028249557386484,0.0666666666666667,0.184783904332821,1.46673529279208,1.46673529279208
19152,0.553030303030303,0.553030303030303,0.0285615890886988,0.0666666666666667,0.183776198836433,1.48303233952005,1.48303233952005
19153,0.515151515151515,0.515151515151515,0.0291182832607553,0.0651515151515152,0.185259853354747,1.49534105583637,1.49534105583637
19155,0.545454545454545,0.545454545454545,0.0295040809177999,0.0757575757575758,0.177892467603501,2.32815566620458,2.32815566620458
19157,0.53030303030303,0.53030303030303,0.0314593816030448,0.0810606060606061,0.174951784370728,2.24450010183228,2.24450010183228
19158,0.5,0.5,0.0307335357373631,0.0810606060606061,0.18036877157654,1.45414355044362,1.45414355044362
19160,0.53030303030303,0.53030303030303,0.0258180409682812,0.0666666666666667,0.186056138861733,1.71129258860244,1.71129258860244
19164,0.515151515151515,0.515151515151515,0.0367089935246653,0.0727272727272727,0.197415425584018,1.63620964825799,1.63620964825799
19165,0.5,0.5,0.0361675824742674,0.0772727272727273,0.178356616660922,1.65219862925663,1.65219862925663
19166,0.462121212121212,0.462121212121212,0.0358537670767529,0.0939393939393939,0.183420415021218,1.49980859268855,1.49980859268855
19167,0.515151515151515,0.515151515151515,0.0393755797846993,0.0939393939393939,0.185190849318931,2.50881989138412,2.50881989138412
19170,0.515151515151515,0.515151515151515,0.0377363362104164,0.0984848484848485,0.169452307455085,1.8466074983076,1.8466074983076
19171,0.553030303030303,0.553030303030303,0.0363394517934472,0.0946969696969697,0.194849075294391,1.79624371630081,1.79624371630081
19172,0.560606060606061,0.560606060606061,0.0505685992326524,0.0765151515151515,0.172634044370727,3.83411171860488,3.83411171860488
19173,0.492424242424242,0.492424242424242,0.0280591852919334,0.0886363636363636,0.189706478716972,1.75673179978935,1.75673179978935
19174,0.560606060606061,0.560606060606061,0.0936690527311431,0.0916666666666667,0.183700496276276,3.91005596777218,3.91005596777218
19175,0.606060606060606,0.606060606060606,0.265921860926593,0.104545454545455,0.196775607765233,17.8451498250032,17.8451498250032
19177,0.613636363636364,0.613636363636364,0.662701268340097,0.112121212121212,0.188392275395845,23.3945601053803,23.3945601053803
19179,0.583333333333333,0.583333333333333,0.662502946435929,0.113636363636364,0.186402148057976,23.2356296101532,23.2356296101532
19180,0.636363636363636,0.636363636363636,0.627525967122664,0.106060606060606,0.186834407882673,22.2987677835507,22.2987677835507
19182,0.634615384615385,0.634615384615385,0.411058827260404,0.117715617715618,0.175750328673076,24.0269451618284,24.0269451618284
19183,0.692307692307692,0.692307692307692,0.37963857731962,0.103729603729604,0.1862428996059,23.8562563209269,23.8562563209269
19184,0.628205128205128,0.628205128205128,0.43276506132962,0.132284382284382,0.179280749716022,21.5991638899523,21.5991638899523
19185,0.564102564102564,0.564102564102564,0.13912610631001,0.125874125874126,0.19002587796089,23.0286440337496,23.0286440337496
19186,0.58974358974359,0.58974358974359,0.208591485413857,0.103146853146853,0.200497352212858,23.1227875234239,23.1227875234239
19187,0.557692307692308,0.557692307692308,0.215480901930255,0.111888111888112,0.214535996014751,37.1941607629349,37.1941607629349
19188,0.615384615384615,0.615384615384615,0.0997365286156222,0.0961538461538462,0.230032006710987,21.0421049270844,21.0421049270844
19191,0.576923076923077,0.576923076923077,0.111464898174898,0.0874125874125874,0.21531313705916,15.1835071866269,15.1835071866269
19192,0.583333333333333,0.583333333333333,0.188435556784933,0.0944055944055944,0.223811119788783,30.563302098318,30.563302098318
19193,0.634615384615385,0.634615384615385,0.35557654393244,0.0955710955710956,0.245778810970299,42.5204614748939,42.5204614748939
19194,0.58974358974359,0.58974358974359,0.368590947183431,0.103729603729604,0.299200130251023,28.4957453316909,28.4957453316909
19195,0.634615384615385,0.634615384615385,0.44857532934769,0.10955710955711,0.245957361630423,44.6865430335653,44.6865430335653
19198,0.602564102564103,0.602564102564103,0.240810716422476,0.120629370629371,0.255145989822917,69.5189210499885,69.5189210499885
19199,0.628205128205128,0.628205128205128,0.268663924306344,0.104312354312354,0.210466598298831,64.4707356623711,64.4707356623711
19200,0.653846153846154,0.653846153846154,0.292075004966927,0.0914918414918415,0.214899360830718,69.7581541311942,69.7581541311942
19201,0.653846153846154,0.653846153846154,0.208812730325739,0.0833333333333333,0.273894868747008,55.7663208026465,55.7663208026465
19202,0.628205128205128,0.628205128205128,0.233747653454034,0.101398601398601,0.23488057949206,55.5645070807502,55.5645070807502
19206,0.647435897435897,0.647435897435897,0.221371178663784,0.115967365967366,0.296800931972928,55.820292575599,55.820292575599
19207,0.615384615384615,0.615384615384615,0.235323589853022,0.117132867132867,0.226043886683598,46.4453249060501,46.4453249060501
19208,0.602564102564103,0.602564102564103,0.108996912001812,0.110722610722611,0.321776443342861,30.8540173348771,30.8540173348771
19210,0.608974358974359,0.608974358974359,0.122745588533343,0.0938228438228438,0.33333211712877,31.6828372239965,31.6828372239965
19211,0.615384615384615,0.615384615384615,0.120472960317086,0.111888111888112,0.282008089286068,30.8779003045196,30.8779003045196
19212,0.628205128205128,0.628205128205128,0.12147175746328,0.1002331002331,0.286520032367374,30.9875312545613,30.9875312545613
19213,0.58974358974359,0.58974358974359,0.10153868259827,0.117132867132867,0.247377883912378,31.0315368936358,31.0315368936358
19215,0.628205128205128,0.628205128205128,0.179504134437568,0.0897435897435897,0.241534871761955,54.4272338760333,54.4272338760333
19216,0.628205128205128,0.628205128205128,0.102484300363326,0.103729603729604,0.209890048807425,10.3870411626119,10.3870411626119
19223,0.615384615384615,0.615384615384615,0.104626829057173,0.0990675990675991,0.216277350142222,10.2849373405346,10.2849373405346
19226,0.628205128205128,0.628205128205128,0.115894408527019,0.104895104895105,0.186895088892625,11.1926764862184,11.1926764862184
19227,0.66025641025641,0.66025641025641,0.301684199718657,0.094988344988345,0.242079798501417,49.7782403593798,49.7782403593798
19228,0.641025641025641,0.641025641025641,0.0934715425954664,0.0909090909090909,0.197169897418016,10.9902405224458,10.9902405224458
19229,0.628205128205128,0.628205128205128,0.132511639568357,0.0821678321678322,0.223093773866016,55.465506216957,55.465506216957
19230,0.621794871794872,0.621794871794872,0.116994364541458,0.0844988344988345,0.216110495233927,10.1355589239944,10.1355589239944
19233,0.608974358974359,0.608974358974359,0.101580222192093,0.0815850815850816,0.225070530974528,10.1649852808626,10.1649852808626
19234,0.66025641025641,0.66025641025641,0.107669370003398,0.100815850815851,0.232082892560258,51.1133422607527,51.1133422607527
19235,0.615384615384615,0.615384615384615,0.231023688052423,0.107226107226107,0.211597167545916,35.0872691352293,35.0872691352293
19237,0.711538461538462,0.711538461538462,0.270643994244746,0.0903263403263403,0.180879636997521,43.2794816401641,43.2794816401641
19238,0.67948717948718,0.67948717948718,0.311775541164814,0.0973193473193473,0.179153846651083,38.2750990907368,38.2750990907368
19240,0.717948717948718,0.717948717948718,0.161616615957005,0.0944055944055944,0.201249219120596,64.8257793554115,64.8257793554115
19241,0.673076923076923,0.673076923076923,0.2470971755748,0.0734265734265734,0.182889085442591,40.5808855467044,40.5808855467044
19243,0.653846153846154,0.653846153846154,0.244285320367883,0.0786713286713287,0.181380470958557,43.0742186998227,43.0742186998227
19244,0.666666666666667,0.666666666666667,0.280432429731535,0.0874125874125874,0.190729309752494,59.9795125439329,59.9795125439329
19246,0.653846153846154,0.653846153846154,0.0955347670213293,0.0559440559440559,0.165869037638625,10.9420378134776,10.9420378134776
19247,0.653846153846154,0.653846153846154,0.0905142591380707,0.0693473193473193,0.165276342132232,10.9254178220185,10.9254178220185
19248,0.628205128205128,0.628205128205128,0.0851500900203376,0.0559440559440559,0.164535312245547,10.9369599695087,10.9369599695087
19249,0.608974358974359,0.608974358974359,0.0872708625888945,0.0675990675990676,0.178639348002918,9.39821199321854,9.39821199321854
19250,0.634615384615385,0.634615384615385,0.091848491785696,0.0588578088578089,0.172747556792471,10.0372339637243,10.0372339637243
19251,0.647435897435897,0.647435897435897,0.0702215935511369,0.074009324009324,0.173299851683471,9.3798770982561,9.3798770982561
19254,0.608974358974359,0.608974358974359,0.0865252689566907,0.0833333333333333,0.171869413708212,9.44408532742247,9.44408532742247
19255,0.596153846153846,0.596153846153846,0.0868268500061298,0.0792540792540792,0.161145635013695,10.236616621423,10.236616621423
19256,0.602564102564103,0.602564102564103,0.368037873708383,0.0751748251748252,0.16435509339591,16.2107926888806,16.2107926888806
19257,0.608974358974359,0.608974358974359,0.0788673411800348,0.0757575757575758,0.160591484963742,7.4398420721505,7.4398420721505
19258,0.583333333333333,0.583333333333333,0.239917049739617,0.0844988344988345,0.167833300999023,10.8034108573237,10.8034108573237
19261,0.57051282051282,0.57051282051282,0.0832510552598298,0.0775058275058275,0.170231974224212,8.57130575509553,8.57130575509553
19262,0.564102564102564,0.564102564102564,0.0770961798590902,0.074009324009324,0.182534966301753,13.1443412927334,13.1443412927334
19263,0.602564102564103,0.602564102564103,0.0971088003994591,0.0903263403263403,0.199004375143445,16.1948590447463,16.1948590447463
19264,0.608974358974359,0.608974358974359,0.0956427895445343,0.0745920745920746,0.200770647436084,16.31207187925,16.31207187925
19265,0.596153846153846,0.596153846153846,0.0949881202207868,0.0629370629370629,0.199002484571474,15.8901286241802,15.8901286241802
19266,0.615384615384615,0.615384615384615,0.110831401226061,0.0611888111888112,0.197473434649869,16.3826971040138,16.3826971040138
19267,0.615384615384615,0.615384615384615,0.23754675272236,0.0798368298368298,0.205083625659146,14.3469378523772,14.3469378523772
19268,0.58974358974359,0.58974358974359,0.108734359998061,0.0687645687645688,0.195092248477035,14.8561743742186,14.8561743742186
19270,0.576923076923077,0.576923076923077,0.0821050167745439,0.0938228438228438,0.217634895485395,12.0855187297995,12.0855187297995
19271,0.583333333333333,0.583333333333333,0.0684230380308125,0.101398601398601,0.209670065276757,8.39582668989372,8.39582668989372
19273,0.557692307692308,0.557692307692308,0.0935185349233547,0.0909090909090909,0.20265663160644,5.65673622647769,5.65673622647769
19275,0.538461538461538,0.538461538461538,0.064093821522451,0.0926573426573427,0.18902816342011,3.89696526745997,3.89696526745997
19276,0.564102564102564,0.564102564102564,0.103991962740553,0.0926573426573427,0.194448849661897,5.90632428293278,5.90632428293278
19278,0.576923076923077,0.576923076923077,0.126255407196098,0.0973193473193473,0.208075142391096,7.00171428440293,7.00171428440294
19279,0.583333333333333,0.583333333333333,0.129291504832887,0.0961538461538461,0.184308012536684,7.02631940896747,7.02631940896747
19282,0.583333333333333,0.583333333333333,0.0838149980199085,0.0833333333333333,0.202311749378476,8.83872766119979,8.83872766119979
19283,0.583333333333333,0.583333333333333,0.223554040220083,0.0815850815850816,0.297562415613427,47.6747468029689,47.6747468029689
19284,0.621794871794872,0.621794871794872,0.176262873804048,0.0903263403263403,0.262625808617296,18.1794425281438,18.1794425281438
19285,0.628205128205128,0.628205128205128,0.204896880628456,0.0815850815850816,0.257931763324956,21.6464715464988,21.6464715464988
19286,0.608974358974359,0.608974358974359,0.0832205565873598,0.0745920745920746,0.216647707988218,11.6794710609856,11.6794710609856
19289,0.608974358974359,0.608974358974359,0.085027539208345,0.0716783216783217,0.223374152613175,11.6992563613613,11.6992563613613
19290,0.615384615384615,0.615384615384615,0.174832582480741,0.0716783216783217,0.260618479864707,18.3173252044361,18.3173252044361
19292,0.602564102564103,0.602564102564103,0.202646238615322,0.0874125874125874,0.212043810892204,19.5190653741048,19.5190653741048
19296,0.576923076923077,0.576923076923077,0.076832101178952,0.103729603729604,0.233705643358507,17.0370188186406,17.0370188186406
19297,0.58974358974359,0.58974358974359,0.171355982029002,0.103146853146853,0.284347087720287,21.2663854108826,21.2663854108826
19298,0.602564102564103,0.602564102564103,0.156148244093745,0.101398601398601,0.235277674481909,18.7436953692974,18.7436953692974
19299,0.583333333333333,0.583333333333333,0.0711705446126961,0.0990675990675991,0.231392787214938,17.2209708834017,17.2209708834017
19300,0.628205128205128,0.628205128205128,0.158573472113297,0.114219114219114,0.259619859684261,43.3139488837084,43.3139488837084
19301,0.58974358974359,0.58974358974359,0.155097424099729,0.0909090909090909,0.272930561776024,43.2799925034736,43.2799925034736
19303,0.512820512820513,0.512820512820513,0.0381914917437524,0.094988344988345,0.22357044287288,2.57244428408692,2.57244428408692
19304,0.57051282051282,0.57051282051282,0.0567987485290468,0.10955710955711,0.20026472780368,2.96120686722791,2.96120686722791
19306,0.57051282051282,0.57051282051282,0.0572049917932823,0.0990675990675991,0.217752912985627,3.06100499823707,3.06100499823707
19310,0.58974358974359,0.58974358974359,0.0623309583211294,0.124708624708625,0.208359723029488,3.03523535462476,3.03523535462476
19311,0.596153846153846,0.596153846153846,0.0622906597313361,0.12004662004662,0.17532255775094,3.48067756071899,3.48067756071899
19312,0.596153846153846,0.596153846153846,0.0611480235892703,0.107808857808858,0.183765989414573,3.4880284418397,3.4880284418397
19313,0.621794871794872,0.621794871794872,0.180348477195354,0.0897435897435897,0.190981799617973,8.41517249701838,8.41517249701838
19314,0.628205128205128,0.628205128205128,0.180736864515349,0.0839160839160839,0.200038709650341,8.44913101681061,8.44913101681061
19317,0.628205128205128,0.628205128205128,0.187597808862724,0.0728438228438228,0.208424269537866,8.35532580119935,8.35532580119935
19318,0.641025641025641,0.641025641025641,0.209058785028929,0.0891608391608392,0.198136329178696,8.61503313400437,8.61503313400437
19319,0.608974358974359,0.608974358974359,0.186760023800102,0.0874125874125874,0.205726779511432,8.33163130708416,8.33163130708416
19321,0.576923076923077,0.576923076923077,0.183847026445888,0.0804195804195804,0.238528130266171,8.23925891430293,8.23925891430293
19324,0.628205128205128,0.628205128205128,0.184973363501271,0.0891608391608392,0.212881822156166,8.53412978006167,8.53412978006167
19325,0.583333333333333,0.583333333333333,0.158345787114079,0.0804195804195804,0.21298223067071,8.30877771821225,8.30877771821225
19327,0.628205128205128,0.628205128205128,0.162639630687569,0.087995337995338,0.236974013880331,8.37460601960085,8.37460601960085
19330,0.621794871794872,0.621794871794872,0.11786081930521,0.101398601398601,0.221595465867567,5.2588133158583,5.2588133158583
19331,0.647435897435897,0.647435897435897,0.122167543470582,0.114219114219114,0.228696883868328,5.2484415428355,5.2484415428355
19333,0.602564102564103,0.602564102564103,0.119752840304053,0.0979020979020979,0.246138025217005,4.93220744107999,4.93220744107999
19334,0.602564102564103,0.602564102564103,0.123286909494678,0.0938228438228438,0.234851134142754,4.97478372258493,4.97478372258493
19335,0.641025641025641,0.641025641025641,0.131073518310498,0.0862470862470862,0.205476458762182,5.51061148586592,5.51061148586592
19336,0.724358974358974,0.724358974358974,0.132230030862574,0.0990675990675991,0.216064076421671,5.72849126165516,5.72849126165516
19338,0.666666666666667,0.666666666666667,0.128800633652484,0.111888111888112,0.194691444812371,5.6632488135756,5.6632488135756
19339,0.653846153846154,0.653846153846154,0.140625503685191,0.116550116550117,0.206195157758447,5.94788568090532,5.94788568090532
19340,0.692307692307692,0.692307692307692,0.133197516394023,0.106060606060606,0.182478408969482,6.04136113685898,6.04136113685898
19341,0.602564102564103,0.602564102564103,0.133356846046592,0.105477855477855,0.190529897246736,5.89214516611402,5.89214516611402
19342,0.666666666666667,0.666666666666667,0.1361356074469,0.0804195804195804,0.220865685600677,5.25213698718556,5.25213698718556
19345,0.641025641025641,0.641025641025641,0.116560548241803,0.0874125874125874,0.22397018809044,10.8671176250183,10.8671176250183
19346,0.58974358974359,0.58974358974359,0.24130962965072,0.0798368298368298,0.219025492172151,6.55580045955025,6.55580045955025
19347,0.564102564102564,0.564102564102564,0.110968881176676,0.0868298368298368,0.249700514775271,4.8993341930054,4.8993341930054
19348,0.621794871794872,0.621794871794872,0.106529366244078,0.102564102564103,0.267129736330901,5.03715058018603,5.03715058018603
19349,0.615384615384615,0.615384615384615,0.108775724150572,0.0979020979020979,0.217011122545753,5.15959803084575,5.15959803084575
19353,0.615384615384615,0.615384615384615,0.10739805876522,0.101981351981352,0.249821337190721,4.9854784143952,4.9854784143952
19354,0.608974358974359,0.608974358974359,0.0855588044232656,0.0885780885780886,0.203186430047653,5.29169112596776,5.29169112596776
19355,0.621794871794872,0.621794871794872,0.0738163383778522,0.101398601398601,0.203267293214331,5.33475032484024,5.33475032484024
19356,0.602564102564103,0.602564102564103,0.0856529421398875,0.0885780885780886,0.223162224412051,4.75822157697978,4.75822157697978
19359,0.647435897435897,0.647435897435897,0.0856719999068109,0.0874125874125874,0.185751914793928,5.58218710446343,5.58218710446343
19360,0.608974358974359,0.608974358974359,0.086962843716233,0.0967365967365967,0.243647862547936,4.55274489364691,4.55274489364691
19365,0.551282051282051,0.551282051282051,0.0848124290681234,0.0850815850815851,0.203663001492771,4.54696354135562,4.54696354135562
19366,0.596153846153846,0.596153846153846,0.0860153245081162,0.106060606060606,0.206199685284811,4.6455653414387,4.6455653414387
19370,0.576923076923077,0.576923076923077,0.0767214534682651,0.108391608391608,0.184932965022846,5.26858678577974,5.26858678577974
19374,0.557692307692308,0.557692307692308,0.0685501871985976,0.12004662004662,0.197254674181498,4.97827974757355,4.97827974757355
19375,0.576923076923077,0.576923076923077,0.0769743597580997,0.12004662004662,0.19847094725744,5.29505986771431,5.29505986771431
19376,0.58974358974359,0.58974358974359,0.0829810145872544,0.112470862470862,0.201262447899983,5.28420562985511,5.28420562985511
19377,0.602564102564103,0.602564102564103,0.0830714792514163,0.107808857808858,0.201469047828496,5.43301624526733,5.43301624526733
19380,0.576923076923077,0.576923076923077,0.0698767732502023,0.0967365967365967,0.191505339350401,5.45377322126058,5.45377322126058
19382,0.602564102564103,0.602564102564103,0.260282876181383,0.104312354312354,0.205367405184859,15.7134070071483,15.7134070071483
19383,0.641025641025641,0.641025641025641,0.224790165394766,0.0850815850815851,0.220395224770125,15.2806598317374,15.2806598317374
19384,0.608974358974359,0.608974358974359,0.15975000357711,0.102564102564103,0.235072314482753,15.0237983151661,15.0237983151661
19387,0.647435897435897,0.647435897435897,0.208461813778362,0.0920745920745921,0.237543496888763,15.0551295346475,15.0551295346475
19388,0.653846153846154,0.653846153846154,0.172797212971129,0.0979020979020979,0.234566357981683,15.0404820919035,15.0404820919035
19390,0.634615384615385,0.634615384615385,0.143835954887087,0.107808857808858,0.220645435701545,15.0221939026255,15.0221939026255
19391,0.634615384615385,0.634615384615385,0.265246319908174,0.103146853146853,0.202081584513889,17.6651378550365,17.6651378550365
19393,0.705128205128205,0.705128205128205,0.277675731502595,0.0967365967365967,0.205462995194071,17.9206065558385,17.9206065558384
19394,0.641025641025641,0.641025641025641,0.275587154687328,0.111888111888112,0.206394146381637,17.6894905111178,17.6894905111178
19396,0.602564102564103,0.602564102564103,0.161394199232824,0.111305361305361,0.200491762716871,15.7525947165746,15.7525947165746
19398,0.67948717948718,0.67948717948718,0.340908094690865,0.10955710955711,0.203213078008119,21.3213650620123,21.3213650620123
19399,0.666666666666667,0.666666666666667,0.257780108116609,0.114801864801865,0.222592232124846,20.4110928678859,20.4110928678859
19401,0.666666666666667,0.666666666666667,0.25117181836247,0.103146853146853,0.202129832995721,20.6625334787732,20.6625334787732
19402,0.634615384615385,0.634615384615385,0.188941039454426,0.117715617715618,0.209532287049564,16.9163080308113,16.9163080308113
19403,0.628205128205128,0.628205128205128,0.171533312275681,0.107226107226107,0.204754127779307,15.0913637218206,15.0913637218206
19404,0.58974358974359,0.58974358974359,0.161459094126358,0.0856643356643357,0.261612585415607,14.9774101167375,14.9774101167375
19405,0.621794871794872,0.621794871794872,0.130622171025247,0.0973193473193473,0.227519005352343,15.1295983688483,15.1295983688483
19409,0.641025641025641,0.641025641025641,0.19285879139605,0.112470862470862,0.213167757239755,14.9509740715726,14.9509740715726
19410,0.641025641025641,0.641025641025641,0.192240332873936,0.0990675990675991,0.187398008781275,15.7410243551174,15.7410243551174
19411,0.647435897435897,0.647435897435897,0.160108586688378,0.103146853146853,0.194883905832328,14.9232901219465,14.9232901219465
19412,0.647435897435897,0.647435897435897,0.165972353395704,0.106060606060606,0.183749328273241,15.9724678463349,15.9724678463349
19416,0.653846153846154,0.653846153846154,0.19531605873361,0.107226107226107,0.211998261592407,15.4107581279166,15.4107581279166
19417,0.67948717948718,0.67948717948718,0.17742407287089,0.107808857808858,0.208655328177468,15.1532904590934,15.1532904590934
19418,0.673076923076923,0.673076923076923,0.134126940182823,0.0874125874125874,0.176561171247902,15.897952586241,15.897952586241
19419,0.634615384615385,0.634615384615385,0.0620335192919124,0.0821678321678322,0.200621230715821,9.4156988302103,9.4156988302103
19420,0.653846153846154,0.653846153846154,0.0624092235374204,0.0868298368298368,0.170823821695654,10.1607420885695,10.1607420885695
19423,0.681818181818182,0.681818181818182,0.0731274376849312,0.0795454545454545,0.178925478284794,15.6292128935017,15.6292128935017
19424,0.689393939393939,0.689393939393939,0.0797230730590641,0.0840909090909091,0.18424699709841,15.5869048195462,15.5869048195462
19426,0.636363636363636,0.636363636363636,0.0972259658005913,0.109848484848485,0.208102903152753,9.84309670313278,9.84309670313278
19427,0.643939393939394,0.643939393939394,0.0927107847944997,0.0878787878787879,0.211768826534774,11.4084900574072,11.4084900574072
19429,0.621212121212121,0.621212121212121,0.0705061059292628,0.0787878787878788,0.204212362985767,11.8680464064031,11.8680464064031
19430,0.606060606060606,0.606060606060606,0.0977955328232046,0.0992424242424242,0.284877399209499,65.9940168118612,65.9940168118612
19431,0.636363636363636,0.636363636363636,0.0762114510375475,0.104545454545455,0.197503159784501,10.2603893033518,10.2603893033518
19432,0.613636363636364,0.613636363636364,0.0679407919736227,0.0984848484848485,0.212638874413271,10.2772521419577,10.2772521419577
19433,0.583333333333333,0.583333333333333,0.0703409482434001,0.0977272727272727,0.235785275138836,9.37400430137435,9.37400430137435
19436,0.575757575757576,0.575757575757576,0.0766942735312912,0.107575757575758,0.221859915585093,9.4911459928489,9.4911459928489
19437,0.560606060606061,0.560606060606061,0.0704721647167653,0.103030303030303,0.210499837069668,10.1537049050032,10.1537049050032
19438,0.575757575757576,0.575757575757576,0.0667025110150911,0.0840909090909091,0.203931364769484,10.2167911440831,10.2167911440831
19439,0.545454545454545,0.545454545454545,0.0685234177251902,0.0810606060606061,0.196473966756596,10.2165521112744,10.2165521112744
19440,0.545454545454545,0.545454545454545,0.085983858280425,0.0901515151515151,0.205098537673957,9.61390023517234,9.61390023517234
19443,0.598484848484849,0.598484848484849,0.0761393420777285,0.0795454545454545,0.212210252432884,10.2437226459857,10.2437226459857
19444,0.613636363636364,0.613636363636364,0.0449627784607816,0.0795454545454545,0.194872487866741,12.0316056738797,12.0316056738797
19445,0.606060606060606,0.606060606060606,0.107895822010627,0.0795454545454545,0.217054428922077,9.57488722844821,9.57488722844821
19446,0.590909090909091,0.590909090909091,0.127896103484221,0.0878787878787879,0.261127064661243,12.3811543112775,12.3811543112775
19447,0.598484848484849,0.598484848484849,0.126684046889055,0.0681818181818182,0.217806410779852,10.2606218161312,10.2606218161312
19448,0.621212121212121,0.621212121212121,0.127373948201874,0.0742424242424242,0.273490885663131,11.8689663938484,11.8689663938484
19451,0.560606060606061,0.560606060606061,0.074890185602827,0.0803030303030303,0.288667118622802,7.33004917366764,7.33004917366764
19452,0.568181818181818,0.568181818181818,0.0738790660295197,0.0734848484848485,0.271065523075946,7.39245245378071,7.39245245378071
19455,0.583333333333333,0.583333333333333,0.110476098101776,0.0863636363636364,0.270820139144721,7.86485518768982,7.86485518768982
19457,0.636363636363636,0.636363636363636,0.139208207452976,0.0765151515151515,0.278566513735102,11.0422649912605,11.0422649912605
19459,0.636363636363636,0.636363636363636,0.152191954764085,0.0795454545454545,0.290650468604551,13.8137717168251,13.8137717168251
19460,0.583333333333333,0.583333333333333,0.10660352856286,0.0878787878787879,0.276068726057015,5.92845005698692,5.92845005698692
19465,0.628787878787879,0.628787878787879,0.10882988832822,0.0924242424242424,0.295367653559894,7.75828550577772,7.75828550577772
19466,0.613636363636364,0.613636363636364,0.0966598294056623,0.0977272727272727,0.282994742486385,7.83102446266585,7.83102446266585
19467,0.590909090909091,0.590909090909091,0.0962006540604966,0.0931818181818182,0.286702630030164,5.93208259201181,5.93208259201181
19468,0.613636363636364,0.613636363636364,0.102198450533769,0.0825757575757576,0.268751824499516,6.09694193137985,6.09694193137985
19471,0.628787878787879,0.628787878787879,0.105198554438711,0.0734848484848485,0.238189258521041,6.28139405690418,6.28139405690418
19472,0.651515151515151,0.651515151515151,0.115051278520832,0.0962121212121212,0.205823347257828,7.11726255753794,7.11726255753794
19473,0.659090909090909,0.659090909090909,0.125416654354284,0.0893939393939394,0.204826589041041,7.12771361621269,7.12771361621269
19474,0.606060606060606,0.606060606060606,0.131285867897172,0.0848484848484849,0.208657483131944,7.01962925156651,7.01962925156651
19475,0.621212121212121,0.621212121212121,0.178661672206064,0.0810606060606061,0.206440474416677,4.81516936578528,4.81516936578528
19478,0.575757575757576,0.575757575757576,0.110586163583851,0.100757575757576,0.201993979468647,3.92448378183331,3.92448378183331
19481,0.628787878787879,0.628787878787879,0.0824134459338238,0.142424242424242,0.203491003825358,7.292678734681,7.292678734681
19482,0.613636363636364,0.613636363636364,0.0645382038222667,0.135606060606061,0.199337810457963,7.03915138497518,7.03915138497518
19484,0.674242424242424,0.674242424242424,0.101092125909119,0.115151515151515,0.203092875909048,6.19237973391832,6.19237973391832
19486,0.666666666666667,0.666666666666667,0.155788027794533,0.0757575757575758,0.208702762350928,5.17012933939431,5.17012933939431
19487,0.689393939393939,0.689393939393939,0.134776501050876,0.0727272727272727,0.297758960859315,4.15184426762531,4.15184426762531
19489,0.636363636363636,0.636363636363636,0.120787869301792,0.0946969696969697,0.200251823413809,5.13030523511491,5.13030523511491
19492,0.613636363636364,0.613636363636364,0.109528491834214,0.0939393939393939,0.222645574556919,4.10457845530084,4.10457845530084
19493,0.628787878787879,0.628787878787879,0.117229668805553,0.0787878787878788,0.249327056153077,4.08465320239722,4.08465320239722
19494,0.666666666666667,0.666666666666667,0.115601556297624,0.0734848484848485,0.223664642468922,4.36791882941059,4.36791882941059
19495,0.636363636363636,0.636363636363636,0.119893256199812,0.0772727272727273,0.18990355106793,4.65739538836645,4.65739538836645
19496,0.643939393939394,0.643939393939394,0.0893310003378481,0.109090909090909,0.180686218850716,5.10433519345748,5.10433519345748
19499,0.643939393939394,0.643939393939394,0.10792108765279,0.128030303030303,0.205059635581696,4.18833932848252,4.18833932848252
19500,0.659090909090909,0.659090909090909,0.138338965026258,0.0818181818181818,0.207101968082813,2.74938487764179,2.74938487764179
19501,0.636363636363636,0.636363636363636,0.140210740966237,0.096969696969697,0.201907436459911,2.86199486337523,2.86199486337523
19502,0.666666666666667,0.666666666666667,0.153606735489505,0.0863636363636364,0.21188031592633,2.79706168402707,2.79706168402707
19503,0.696969696969697,0.696969696969697,0.168236510368231,0.0712121212121212,0.193654731068443,3.21665870473051,3.21665870473051
19507,0.643939393939394,0.643939393939394,0.151121932850346,0.0734848484848485,0.195208150071722,3.0887240776864,3.0887240776864
19508,0.666666666666667,0.666666666666667,0.165436264389899,0.0696969696969697,0.206685108361754,3.88536407561286,3.88536407561286
19510,0.651515151515151,0.651515151515151,0.146437555799533,0.0916666666666667,0.208355395344217,2.92744498122472,2.92744498122472
19511,0.659090909090909,0.659090909090909,0.194029410812604,0.0757575757575758,0.196198626182217,3.69046453675307,3.69046453675307
19512,0.621212121212121,0.621212121212121,0.158071829894791,0.0886363636363636,0.194036632503517,2.79145515478872,2.79145515478872
19514,0.628787878787879,0.628787878787879,0.189868444820319,0.0856060606060606,0.208288188368033,3.23083290358465,3.23083290358465
19515,0.636363636363636,0.636363636363636,0.190736282938212,0.0840909090909091,0.192681369070803,3.48696786961088,3.48696786961088
19517,0.621212121212121,0.621212121212121,0.195125767226188,0.0803030303030303,0.186092241439106,4.12782907745998,4.12782907745998
19518,0.643939393939394,0.643939393939394,0.226206870591786,0.0848484848484848,0.186142366853487,4.70435793215339,4.70435793215339
19519,0.674242424242424,0.674242424242424,0.129055640128347,0.0803030303030303,0.188629204063733,6.74276658694352,6.74276658694352
19520,0.681818181818182,0.681818181818182,0.255722613269749,0.0939393939393939,0.191571925707373,5.5683304144869,5.5683304144869
19521,0.651515151515151,0.651515151515151,0.2608382721427,0.096969696969697,0.19781097914311,5.63025140494431,5.63025140494432
19522,0.651515151515151,0.651515151515151,0.206587703417377,0.0712121212121212,0.205815155216719,3.71362986737841,3.71362986737841
19523,0.643939393939394,0.643939393939394,0.249227368539424,0.0704545454545455,0.216231977914574,4.24010134087577,4.24010134087577
19524,0.636363636363636,0.636363636363636,0.224270605994126,0.096969696969697,0.215568425733629,4.62061928442219,4.62061928442219
19528,0.651515151515151,0.651515151515151,0.238401381370022,0.0787878787878788,0.210262713389657,4.75656890559292,4.75656890559292
19529,0.659090909090909,0.659090909090909,0.241705988798121,0.075,0.194243714748091,4.98229601098989,4.98229601098989
19530,0.689393939393939,0.689393939393939,0.150862630886503,0.096969696969697,0.202283334017678,6.35625670827122,6.35625670827122
19531,0.628787878787879,0.628787878787879,0.171539811045429,0.0666666666666667,0.206663555432747,3.99015349767299,3.99015349767299
19534,0.689393939393939,0.689393939393939,0.182306972487964,0.0787878787878788,0.202474683031527,4.04242408082522,4.04242408082522
19535,0.681818181818182,0.681818181818182,0.178002284095445,0.0727272727272727,0.207305566391378,3.36827204546356,3.36827204546356
19536,0.659090909090909,0.659090909090909,0.17936903255393,0.0772727272727273,0.210012166639003,3.37571342648478,3.37571342648478
19537,0.659090909090909,0.659090909090909,0.180060284410318,0.0795454545454545,0.200999914745832,3.99395147742753,3.99395147742753
19538,0.628787878787879,0.628787878787879,0.166659018093331,0.0984848484848485,0.204374317966883,3.78632340167563,3.78632340167563
19540,0.636363636363636,0.636363636363636,0.171359432073893,0.0696969696969697,0.217427796198921,3.04212644723976,3.04212644723976
19541,0.659090909090909,0.659090909090909,0.192501022319252,0.0810606060606061,0.214932008489033,3.82214854518059,3.82214854518059
19544,0.628787878787879,0.628787878787879,0.158919896496494,0.0893939393939394,0.237852127300228,4.01062316633348,4.01062316633348
19545,0.636363636363636,0.636363636363636,0.152889572500054,0.108333333333333,0.214760154041927,4.81850389734478,4.81850389734478
19546,0.636363636363636,0.636363636363636,0.165046373164118,0.0757575757575758,0.243957134412899,2.82012920188065,2.82012920188065
19547,0.606060606060606,0.606060606060606,0.131735665629943,0.0931818181818182,0.257004892073868,4.09198538092657,4.09198538092657
19549,0.651515151515151,0.651515151515151,0.126944786286162,0.108333333333333,0.213627351974642,5.01871526536989,5.01871526536989
19550,0.651515151515151,0.651515151515151,0.115162563310172,0.106818181818182,0.220372605239509,4.51415953893399,4.51415953893399
19551,0.606060606060606,0.606060606060606,0.0954826126942933,0.1,0.236827550111862,2.88017979143484,2.88017979143484
19552,0.606060606060606,0.606060606060606,0.131298150215578,0.116666666666667,0.249561615326554,5.15900011096744,5.15900011096744
19555,0.636363636363636,0.636363636363636,0.141134284930267,0.0901515151515151,0.221178956014921,3.38721777836738,3.38721777836738
19556,0.674242424242424,0.674242424242424,0.154770359120049,0.0878787878787879,0.220517747461693,3.43804196384905,3.43804196384905
19557,0.674242424242424,0.674242424242424,0.155174844431339,0.0893939393939394,0.234112090543454,3.42622387411823,3.42622387411823
19558,0.696969696969697,0.696969696969697,0.176564488988146,0.0787878787878788,0.185246450482805,3.8691503101371,3.8691503101371
19559,0.651515151515151,0.651515151515151,0.167409665400994,0.0833333333333333,0.199392546990354,3.49590236895861,3.49590236895861
19562,0.666666666666667,0.666666666666667,0.166634995678533,0.104545454545455,0.201230421515006,3.84339610964214,3.84339610964214
19563,0.689393939393939,0.689393939393939,0.189096943507439,0.0924242424242424,0.190992176475967,4.58099727018472,4.58099727018472
19564,0.727272727272727,0.727272727272727,0.204921935394348,0.0916666666666667,0.188354551512561,4.91373780789221,4.91373780789221
19565,0.674242424242424,0.674242424242424,0.181330647321244,0.0954545454545454,0.181580290941737,4.26610284668846,4.26610284668846
19566,0.651515151515151,0.651515151515151,0.194327511695854,0.0689393939393939,0.184726829598888,4.6212017023518,4.6212017023518
19569,0.681818181818182,0.681818181818182,0.174378956567826,0.0893939393939394,0.186282083997184,4.50111531642317,4.50111531642317
19571,0.681818181818182,0.681818181818182,0.173648904516821,0.0840909090909091,0.175208774454432,5.50643059943048,5.50643059943048
19572,0.666666666666667,0.666666666666667,0.165052133828798,0.075,0.188195428462096,4.54394076367181,4.54394076367181
19574,0.651515151515151,0.651515151515151,0.166306214424503,0.0848484848484849,0.189328389123856,4.54575004990139,4.54575004990139
19577,0.689393939393939,0.689393939393939,0.171671228160417,0.0765151515151515,0.177918693558979,5.5084806750533,5.5084806750533
19578,0.712121212121212,0.712121212121212,0.164947887159135,0.0704545454545455,0.177488176465519,5.52565615701536,5.52565615701536
19580,0.696969696969697,0.696969696969697,0.208048677580927,0.0757575757575758,0.189267218291771,4.89820640071671,4.89820640071671
19581,0.704545454545455,0.704545454545455,0.180398466049985,0.0681818181818182,0.187282178871866,4.5704103802917,4.5704103802917
19583,0.689393939393939,0.689393939393939,0.176839939614187,0.0628787878787879,0.176859819175399,5.51307999926496,5.51307999926496
19585,0.666666666666667,0.666666666666667,0.191692401168335,0.071969696969697,0.173126991936421,5.98251317692576,5.98251317692576
19586,0.666666666666667,0.666666666666667,0.107477308557674,0.071969696969697,0.178539285556443,4.27497345871836,4.27497345871836
19587,0.666666666666667,0.666666666666667,0.140598773647452,0.0871212121212121,0.184756753011256,3.96501984248557,3.96501984248556
19590,0.651515151515151,0.651515151515151,0.135381116986511,0.0901515151515151,0.202764048485806,3.31956871943774,3.31956871943774
19591,0.681818181818182,0.681818181818182,0.107598083859534,0.0939393939393939,0.174989624102723,3.91763656134089,3.91763656134089
19592,0.651515151515151,0.651515151515151,0.103448465192281,0.0924242424242424,0.185000306221992,3.98275806580936,3.98275806580936
19593,0.674242424242424,0.674242424242424,0.139820905832888,0.0787878787878788,0.183338315806753,4.0540939498123,4.0540939498123
19594,0.659090909090909,0.659090909090909,0.117059204943258,0.0704545454545455,0.181931343127715,3.93674558135643,3.93674558135643
19597,0.659090909090909,0.659090909090909,0.183004483654922,0.0651515151515152,0.186534642980411,3.97068146962855,3.97068146962855
19598,0.628787878787879,0.628787878787879,0.143281594783774,0.0643939393939394,0.183779402499708,3.3369167949538,3.3369167949538
19599,0.643939393939394,0.643939393939394,0.138242055347386,0.0878787878787879,0.19020406297721,3.72571867818313,3.72571867818313
19600,0.621212121212121,0.621212121212121,0.113332293869164,0.0924242424242424,0.183636047185693,3.66882938640054,3.66882938640054
19601,0.613636363636364,0.613636363636364,0.0887766939877703,0.0795454545454545,0.181223349146451,3.74549966863207,3.74549966863207
19602,0.621212121212121,0.621212121212121,0.145076346793507,0.11969696969697,0.187082044674336,4.83854572735783,4.83854572735783
19603,0.636363636363636,0.636363636363636,0.131746608241682,0.0977272727272727,0.180584376736025,3.8927513513486,3.8927513513486
19605,0.651515151515151,0.651515151515151,0.156924065854921,0.0962121212121212,0.181749836892169,3.87515802210737,3.87515802210737
19606,0.636363636363636,0.636363636363636,0.161129842490294,0.0848484848484849,0.178127503760822,3.86952015487705,3.86952015487705
19608,0.666666666666667,0.666666666666667,0.136995415044013,0.0696969696969697,0.173858447928983,4.14155506449389,4.14155506449389
19610,0.727272727272727,0.727272727272727,0.198253016039191,0.0916666666666667,0.181211484159669,6.8393592406822,6.8393592406822
19611,0.727272727272727,0.727272727272727,0.189523265746671,0.106818181818182,0.182748894489642,6.01622405075013,6.01622405075013
19613,0.681818181818182,0.681818181818182,0.171754997031289,0.0977272727272727,0.184873540790607,4.07867859422769,4.07867859422769
19614,0.712121212121212,0.712121212121212,0.199372895153846,0.0886363636363636,0.189023028605907,5.75693989269221,5.75693989269221
19615,0.696969696969697,0.696969696969697,0.188608712265201,0.0931818181818182,0.183650313613099,5.92576018488619,5.92576018488619
19618,0.727272727272727,0.727272727272727,0.192268117987209,0.109090909090909,0.172045611977148,6.77071070863664,6.77071070863664
19619,0.757575757575758,0.757575757575758,0.191671406445589,0.0833333333333333,0.173428063979272,7.47431082341743,7.47431082341743
19620,0.734848484848485,0.734848484848485,0.217336607042659,0.0628787878787879,0.170120175377824,6.50755679473952,6.50755679473952
19621,0.734848484848485,0.734848484848485,0.195562624958461,0.0651515151515152,0.170099708675637,5.94042875770424,5.94042875770424
19622,0.757575757575758,0.757575757575758,0.19980351185597,0.0840909090909091,0.173636485335375,7.70831406213689,7.70831406213689
19625,0.75,0.75,0.195992777238093,0.0803030303030303,0.173894947070561,7.55975583728993,7.55975583728993
19626,0.727272727272727,0.727272727272727,0.190888744858855,0.0863636363636364,0.174752292693877,5.19431582523014,5.19431582523014
19627,0.712121212121212,0.712121212121212,0.225659768129482,0.0931818181818182,0.170453241434756,5.96385146682755,5.96385146682755
19628,0.727272727272727,0.727272727272727,0.220895627719029,0.0840909090909091,0.167530630606274,6.8149476166673,6.8149476166673
19629,0.727272727272727,0.727272727272727,0.199483314537615,0.0901515151515151,0.169750572578147,7.77404902804469,7.77404902804469
19631,0.75,0.75,0.221342637016999,0.0924242424242424,0.170310648266645,7.28452677490284,7.28452677490284
19632,0.734848484848485,0.734848484848485,0.143858522413981,0.0856060606060606,0.170058855570058,8.35285086199143,8.35285086199143
19633,0.75,0.75,0.114960975015655,0.0666666666666667,0.170725696074649,6.31367006533849,6.31367006533849
19635,0.734848484848485,0.734848484848485,0.107127975884629,0.0757575757575758,0.172090164991598,8.02185843760991,8.02185843760991
19637,0.727272727272727,0.727272727272727,0.132777335773221,0.0871212121212121,0.170928490610251,8.35876122370414,8.35876122370414
19638,0.757575757575758,0.757575757575758,0.128540468906086,0.0825757575757576,0.169764479225389,8.42548045249367,8.42548045249367
19640,0.757575757575758,0.757575757575758,0.103163628000771,0.0893939393939394,0.171677342851606,7.58786448214231,7.58786448214231
19641,0.712121212121212,0.712121212121212,0.109790614110993,0.0674242424242424,0.171299484552991,6.16772201200578,6.16772201200578
19643,0.734848484848485,0.734848484848485,0.137934286551734,0.0863636363636364,0.172998377696397,5.74925884811375,5.74925884811375
19646,0.727272727272727,0.727272727272727,0.130834917427656,0.0681818181818182,0.176515058923415,5.52421223526566,5.52421223526566
19647,0.742424242424242,0.742424242424242,0.101598918943514,0.0954545454545455,0.174483650645455,6.55957957650282,6.55957957650282
19648,0.734848484848485,0.734848484848485,0.092893945062977,0.106818181818182,0.172068281350419,6.82371948790343,6.82371948790343
19649,0.712121212121212,0.712121212121212,0.0935391550861835,0.102272727272727,0.170197429224981,6.00842483530249,6.00842483530249
19650,0.742424242424242,0.742424242424242,0.0920068070158493,0.0939393939393939,0.170806884199234,6.93589162541359,6.93589162541359
19655,0.734848484848485,0.734848484848485,0.0922181963870365,0.102272727272727,0.17221101493258,6.22912485918487,6.22912485918487
19657,0.674242424242424,0.674242424242424,0.0850594500093948,0.0803030303030303,0.173711930203139,4.54912780880232,4.54912780880232
19660,0.712121212121212,0.712121212121212,0.0764580303896124,0.0924242424242424,0.173881621722374,5.45025346218048,5.45025346218048
19661,0.651515151515151,0.651515151515151,0.0709911033888641,0.109090909090909,0.171721095456011,5.28553471627435,5.28553471627435
19662,0.704545454545455,0.704545454545455,0.13214928201261,0.0954545454545455,0.174101724439172,6.69299018598601,6.69299018598601
19665,0.712121212121212,0.712121212121212,0.126634519543834,0.0984848484848485,0.170082400938082,6.48739651606442,6.48739651606442
19666,0.727272727272727,0.727272727272727,0.129002055895894,0.0901515151515151,0.170183858037637,7.2628813482004,7.2628813482004
19668,0.712121212121212,0.712121212121212,0.130892234949199,0.0954545454545454,0.17020346565744,6.64974721585143,6.64974721585143
19669,0.674242424242424,0.674242424242424,0.132000075608696,0.0886363636363636,0.174798555675505,6.37081785294269,6.37081785294269
19670,0.590909090909091,0.590909090909091,0.0895448545766202,0.113636363636364,0.173064183253232,5.01100356328506,5.01100356328506
19671,0.674242424242424,0.674242424242424,0.112493327448619,0.0931818181818182,0.171181362086696,5.6985115949183,5.6985115949183
19673,0.621212121212121,0.621212121212121,0.10539309967777,0.0825757575757576,0.172139177434869,4.787877680246,4.787877680246
19674,0.606060606060606,0.606060606060606,0.0750993807931085,0.123484848484848,0.172748146531934,5.05041782065115,5.05041782065115
19675,0.666666666666667,0.666666666666667,0.125400251002826,0.0818181818181818,0.171200403633523,7.86082980344112,7.86082980344112
19676,0.666666666666667,0.666666666666667,0.105478797964254,0.0810606060606061,0.171301524297053,7.20286740302941,7.20286740302941
19677,0.696969696969697,0.696969696969697,0.131244593951068,0.0962121212121212,0.173529290479513,6.64341961323778,6.64341961323778
19678,0.666666666666667,0.666666666666667,0.0874005928583545,0.123484848484848,0.171683337682215,5.55985692823779,5.55985692823779
19681,0.651515151515151,0.651515151515151,0.114637110593559,0.112121212121212,0.169963479459734,6.12117564199736,6.12117564199736
19682,0.689393939393939,0.689393939393939,0.167200937271564,0.0878787878787879,0.171734210755346,7.41381331243247,7.41381331243247
19683,0.643939393939394,0.643939393939394,0.125202107939329,0.112878787878788,0.169885688659862,5.99658065223635,5.99658065223635
19685,0.704545454545455,0.704545454545455,0.180718860471316,0.0931818181818182,0.179357781266401,7.24971607536771,7.24971607536771
19688,0.712121212121212,0.712121212121212,0.192034800843548,0.0856060606060606,0.179197956638422,7.8887249257274,7.8887249257274
19689,0.598484848484849,0.598484848484849,0.00670328457367035,0.0818181818181818,0.176096536394718,4.9477979670761,4.9477979670761
19690,0.621212121212121,0.621212121212121,0.00713194971911194,0.0727272727272727,0.17589491574994,5.42854514841283,5.42854514841283
19692,0.628787878787879,0.628787878787879,0.0840552336420304,0.075,0.179392605820945,4.76787594315515,4.76787594315515
19695,0.590909090909091,0.590909090909091,0.0902486408019973,0.053030303030303,0.178522146545271,4.93164513424011,4.93164513424011
19696,0.575757575757576,0.575757575757576,0.0783183045098488,0.0537878787878788,0.175254916857938,5.03659153024096,5.03659153024096
19697,0.575757575757576,0.575757575757576,0.0793927680303373,0.0560606060606061,0.181536825021399,4.26193280645853,4.26193280645853
19698,0.621212121212121,0.621212121212121,0.00593406211732586,0.071969696969697,0.182442145600494,4.76274986276194,4.76274986276194
19700,0.621212121212121,0.621212121212121,0.132429678416294,0.0598484848484848,0.181454095907503,4.9370147329136,4.9370147329136
19701,0.659090909090909,0.659090909090909,0.133720573131619,0.0636363636363636,0.182465423289594,4.79773878257864,4.79773878257864
19703,0.659090909090909,0.659090909090909,0.00703606545648732,0.0727272727272727,0.182231324097249,4.81720081093544,4.81720081093544
19704,0.659090909090909,0.659090909090909,0.00752549932002546,0.075,0.181623373033419,4.90215672084447,4.90215672084447
19705,0.606060606060606,0.606060606060606,0.00628736921849309,0.0734848484848485,0.178882854798037,4.25857864536017,4.25857864536017
19706,0.628787878787879,0.628787878787879,0.00717341454770868,0.0696969696969697,0.175655353848252,5.11880070334991,5.11880070334991
19709,0.643939393939394,0.643939393939394,0.0756178140384269,0.0590909090909091,0.174260665066933,5.17223495914487,5.17223495914487
19710,0.643939393939394,0.643939393939394,0.0691148966343171,0.0545454545454545,0.169564892202471,5.38644741545277,5.38644741545277
19711,0.666666666666667,0.666666666666667,0.0703747659920583,0.0431818181818182,0.170192366431669,5.3428303145437,5.3428303145437
19712,0.636363636363636,0.636363636363636,0.0705802444284834,0.0439393939393939,0.169849598351787,5.35380138805318,5.35380138805318
19713,0.613636363636364,0.613636363636364,0.0660384570572126,0.0575757575757576,0.173138866122155,3.73901092915513,3.73901092915513
19718,0.590909090909091,0.590909090909091,0.00573958505806746,0.0666666666666667,0.174678784724539,3.73729999728841,3.73729999728841
19719,0.613636363636364,0.613636363636364,0.0883538866149521,0.0560606060606061,0.171534647446064,4.66240583778672,4.66240583778672
19720,0.643939393939394,0.643939393939394,0.0733631100677538,0.05,0.17396718177161,3.86462498143981,3.86462498143981
19724,0.628787878787879,0.628787878787879,0.0736153134172852,0.0507575757575758,0.173391757192378,3.73838645504097,3.73838645504097
19725,0.643939393939394,0.643939393939394,0.0059129607683068,0.0696969696969697,0.176390770035428,3.77037085436436,3.77037085436436
19729,0.681818181818182,0.681818181818182,0.0847618153512815,0.0757575757575758,0.17831398907242,5.12138069441082,5.12138069441082
19730,0.681818181818182,0.681818181818182,0.119909994352357,0.0636363636363636,0.178278120093075,4.44048674403124,4.44048674403124
19732,0.696969696969697,0.696969696969697,0.087411907562757,0.0833333333333333,0.177430973342219,11.959491886609,11.959491886609
19738,0.704545454545455,0.704545454545455,0.316774761726686,0.0628787878787879,0.191349280024802,7.32238674276423,7.32238674276423
19739,0.71969696969697,0.71969696969697,0.237079142376132,0.0628787878787879,0.19365261569634,6.89932991406641,6.89932991406641
19740,0.71969696969697,0.71969696969697,0.236772959846768,0.0742424242424242,0.1900650646268,7.45899873040713,7.45899873040713
19741,0.704545454545455,0.704545454545455,0.181322610535663,0.0727272727272727,0.189062480129279,8.50148100023678,8.50148100023678
19744,0.727272727272727,0.727272727272727,0.213372658006261,0.0598484848484848,0.187792592251385,7.20542132068212,7.20542132068212
19745,0.712121212121212,0.712121212121212,0.228777459547232,0.075,0.190405917482885,7.46505242187771,7.46505242187772
19747,0.689393939393939,0.689393939393939,0.23183934467616,0.0803030303030303,0.191063715419299,7.27950314974008,7.27950314974008
19748,0.689393939393939,0.689393939393939,0.217717722786792,0.078030303030303,0.187865264483978,7.11145792669162,7.11145792669162
19751,0.681818181818182,0.681818181818182,0.227330231231598,0.0757575757575758,0.191267697937835,7.23952270264677,7.23952270264677
19752,0.674242424242424,0.674242424242424,0.224622624844912,0.078030303030303,0.201328152602649,6.54841979807528,6.54841979807528
19753,0.681818181818182,0.681818181818182,0.221698865075628,0.0742424242424242,0.189624343329592,7.26040307456552,7.26040307456552
19755,0.666666666666667,0.666666666666667,0.213568381075448,0.0765151515151515,0.19041562090387,7.0580937093261,7.0580937093261
19757,0.689393939393939,0.689393939393939,0.21956614209405,0.0742424242424242,0.18844344143703,7.19332052006836,7.19332052006836
19758,0.666666666666667,0.666666666666667,0.175945237150271,0.0901515151515151,0.188675703069688,5.67279756263306,5.67279756263306
19760,0.704545454545455,0.704545454545455,0.166641656224834,0.0545454545454545,0.181568887908132,6.35111316851936,6.35111316851937
19761,0.727272727272727,0.727272727272727,0.183960338908096,0.0651515151515152,0.189064934305121,6.61368128579281,6.61368128579281
19763,0.689393939393939,0.689393939393939,0.180671469352362,0.0818181818181818,0.19584548591343,5.7247164261206,5.7247164261206
19765,0.696969696969697,0.696969696969697,0.153536782621059,0.075,0.196201539550007,5.49948394908592,5.49948394908592
19766,0.696969696969697,0.696969696969697,0.178043638003545,0.0621212121212121,0.183993656004832,6.19475954762603,6.19475954762603
19767,0.727272727272727,0.727272727272727,0.181385559559035,0.0598484848484848,0.189234675802586,6.53034163841268,6.53034163841268
19768,0.734848484848485,0.734848484848485,0.185097227103251,0.0545454545454545,0.175517666636008,7.96010905297546,7.96010905297546
19769,0.734848484848485,0.734848484848485,0.120542590974936,0.0742424242424242,0.196973526441388,5.22908215920149,5.22908215920149
19773,0.704545454545455,0.704545454545455,0.151940171516564,0.0886363636363636,0.194021050742558,5.39481597258622,5.39481597258622
19774,0.734848484848485,0.734848484848485,0.153807073819366,0.0787878787878788,0.185854816139491,6.21114297471155,6.21114297471155
19775,0.727272727272727,0.727272727272727,0.164223195673214,0.0681818181818182,0.187063040485351,5.59390625292346,5.59390625292346
19776,0.659090909090909,0.659090909090909,0.104133081692047,0.0757575757575758,0.196882716548024,4.3397974167641,4.3397974167641
19779,0.681818181818182,0.681818181818182,0.107596680979318,0.0909090909090909,0.202597482875153,4.5486047185492,4.5486047185492
19780,0.643939393939394,0.643939393939394,0.115760122522546,0.0772727272727273,0.186410498399367,4.89394445562684,4.89394445562684
19781,0.681818181818182,0.681818181818182,0.122958561875327,0.0787878787878788,0.187351719522172,5.07731779673622,5.07731779673622
19782,0.659090909090909,0.659090909090909,0.138552738926277,0.0734848484848485,0.183210115122288,5.29817935127056,5.29817935127056
19783,0.681818181818182,0.681818181818182,0.133342175556001,0.0825757575757576,0.190382546006294,4.55060521102048,4.55060521102048
19786,0.651515151515151,0.651515151515151,0.126451119464919,0.0772727272727273,0.210055700273031,3.88926114504731,3.88926114504731
19788,0.674242424242424,0.674242424242424,0.181975355994418,0.0946969696969697,0.18394551772722,4.89141512827314,4.89141512827314
19789,0.704545454545455,0.704545454545455,0.143687199227723,0.0909090909090909,0.186918747101405,5.18778131675664,5.18778131675664
19791,0.666666666666667,0.666666666666667,0.177893503118948,0.0840909090909091,0.208620176593731,4.27265984237459,4.27265984237459
19792,0.621212121212121,0.621212121212121,0.191621750084481,0.0840909090909091,0.199746317887548,3.70786035293468,3.70786035293468
19794,0.666666666666667,0.666666666666667,0.180716613134922,0.0765151515151515,0.221624797565251,4.39376789366007,4.39376789366007
19795,0.689393939393939,0.689393939393939,0.243606145956718,0.0757575757575758,0.189418203905811,5.52528017466136,5.52528017466136
19796,0.621212121212121,0.621212121212121,0.177926388223205,0.0871212121212121,0.229733117046269,4.09966515813314,4.09966515813314
19797,0.613636363636364,0.613636363636364,0.171829689578352,0.0916666666666667,0.248150866095289,4.15286569829172,4.15286569829172
19801,0.606060606060606,0.606060606060606,0.17669334273316,0.0727272727272727,0.247093320908517,4.01593972099541,4.01593972099541
19802,0.628787878787879,0.628787878787879,0.177002037750345,0.0734848484848485,0.253787346859702,4.02471857839554,4.02471857839554
19803,0.643939393939394,0.643939393939394,0.167114217022213,0.0772727272727273,0.253261253091141,4.03628603971493,4.03628603971493
19804,0.689393939393939,0.689393939393939,0.162481504226799,0.103787878787879,0.203764999504427,4.32102973837903,4.32102973837903
19808,0.659090909090909,0.659090909090909,0.168308596821467,0.121212121212121,0.199441544919542,4.23285138845098,4.23285138845098
19809,0.659090909090909,0.659090909090909,0.176211268827979,0.0742424242424242,0.20841887317486,4.16230504186873,4.16230504186873
19810,0.613636363636364,0.613636363636364,0.183786781451998,0.078030303030303,0.201138614303694,3.98490647224285,3.98490647224285
19814,0.636363636363636,0.636363636363636,0.207302869864951,0.0810606060606061,0.199674186676247,3.99611090699828,3.99611090699828
19816,0.689393939393939,0.689393939393939,0.219537214600319,0.0727272727272727,0.192665925721499,4.05323677569884,4.05323677569884
19817,0.666666666666667,0.666666666666667,0.249188366687104,0.0734848484848485,0.172859079108897,5.71031014376048,5.71031014376048
19819,0.666666666666667,0.666666666666667,0.205311376248195,0.0772727272727273,0.169215965675093,5.26012253779301,5.26012253779301
19822,0.651515151515151,0.651515151515151,0.182897152826417,0.0939393939393939,0.191956418702976,4.03997944901149,4.03997944901149
19823,0.659090909090909,0.659090909090909,0.211219926301764,0.10530303030303,0.216519831774185,5.57252791820266,5.57252791820266
19824,0.681818181818182,0.681818181818182,0.23018543139136,0.110606060606061,0.225502630421371,16.4956206175295,16.4956206175295
19825,0.659090909090909,0.659090909090909,0.253303954062422,0.101515151515152,0.213558548713379,13.2128495858715,13.2128495858715
19828,0.651515151515151,0.651515151515151,0.206989640269369,0.0856060606060606,0.18177084862778,5.9197956344424,5.9197956344424
19829,0.659090909090909,0.659090909090909,0.189575370660127,0.0848484848484849,0.181806235692604,6.31881668410341,6.31881668410341
19830,0.681818181818182,0.681818181818182,0.283519750839212,0.096969696969697,0.185782019909973,6.67164042798323,6.67164042798322
19831,0.696969696969697,0.696969696969697,0.271037156079171,0.0840909090909091,0.204726026621695,5.96402604804654,5.96402604804654
19832,0.659090909090909,0.659090909090909,0.229408439829299,0.0931818181818182,0.182895934391582,6.57493648718736,6.57493648718736
19835,0.712121212121212,0.712121212121212,0.27029100042818,0.0984848484848485,0.190687604212095,21.8390775576714,21.8390775576714
19836,0.727272727272727,0.727272727272727,0.185039131040311,0.0901515151515151,0.17386386948596,8.98824480966621,8.98824480966621
19837,0.712121212121212,0.712121212121212,0.192624581718806,0.0863636363636364,0.179179209288093,8.1267210405062,8.1267210405062
19838,0.712121212121212,0.712121212121212,0.161373529991539,0.0939393939393939,0.172875863583777,9.31784066977992,9.31784066977992
19839,0.712121212121212,0.712121212121212,0.152434248969953,0.0939393939393939,0.1845462093165,8.29175404332046,8.29175404332046
19842,0.696969696969697,0.696969696969697,0.204927590405552,0.0901515151515151,0.17875893071691,9.23330546363591,9.23330546363591
19843,0.71969696969697,0.71969696969697,0.200673850585126,0.0916666666666667,0.17885959205244,8.38127613058838,8.38127613058838
19844,0.734848484848485,0.734848484848485,0.154115455461132,0.0772727272727273,0.220808256390007,7.25341641049336,7.25341641049336
19845,0.75,0.75,0.142861987757109,0.0765151515151515,0.189902813135902,8.71860136764893,8.71860136764893
19846,0.734848484848485,0.734848484848485,0.18151686362343,0.071969696969697,0.186066841332475,8.02531562137312,8.02531562137312
19847,0.734848484848485,0.734848484848485,0.186185811929822,0.0772727272727273,0.173417327219472,9.63608933631089,9.63608933631089
19849,0.727272727272727,0.727272727272727,0.101603408610922,0.0818181818181818,0.171019952733674,12.3135075079239,12.3135075079239
19850,0.666666666666667,0.666666666666667,0.184828032124652,0.0659090909090909,0.166372162487472,7.2762570735584,7.2762570735584
19851,0.689393939393939,0.689393939393939,0.183669358413521,0.0575757575757576,0.167655979838685,7.41089247261817,7.41089247261818
19852,0.636363636363636,0.636363636363636,0.124277315240314,0.0734848484848485,0.172017417500857,6.45081654215151,6.45081654215151
19854,0.643939393939394,0.643939393939394,0.11985376244219,0.0651515151515152,0.168570306648726,6.38157062370595,6.38157062370595
19855,0.560606060606061,0.560606060606061,0.143504389854245,0.0871212121212121,0.177481415208813,4.33012573454563,4.33012573454563
19856,0.537878787878788,0.537878787878788,0.131141625336221,0.0818181818181818,0.176196846120955,4.17350570944075,4.17350570944075
19857,0.537878787878788,0.537878787878788,0.131058045070512,0.0810606060606061,0.177949610319847,4.16950022574957,4.16950022574957
19858,0.545454545454545,0.545454545454545,0.134526090224496,0.0757575757575758,0.174954484124717,5.04785004791143,5.04785004791143
19859,0.560606060606061,0.560606060606061,0.139282124728295,0.0712121212121212,0.174303985426084,5.17231370555911,5.17231370555911
19860,0.560606060606061,0.560606060606061,0.13467398773952,0.0931818181818182,0.166819551198232,4.21935158452474,4.21935158452474
19863,0.583333333333333,0.583333333333333,0.135768265619281,0.0833333333333333,0.165900856657826,5.1588539379535,5.1588539379535
19864,0.583333333333333,0.583333333333333,0.123409246698772,0.0765151515151515,0.162394702147011,5.39749297500835,5.39749297500835
19865,0.590909090909091,0.590909090909091,0.147587555054924,0.0712121212121212,0.160721842574951,5.38342321615088,5.38342321615088
19866,0.606060606060606,0.606060606060606,0.155501138074379,0.0909090909090909,0.161674872973328,4.57871427579627,4.57871427579627
19867,0.606060606060606,0.606060606060606,0.126170771373754,0.0765151515151515,0.162420497736307,5.11633104872076,5.11633104872076
19871,0.636363636363636,0.636363636363636,0.130878260883492,0.0810606060606061,0.165157571232174,5.04262751231929,5.04262751231929
19872,0.651515151515151,0.651515151515151,0.151119193786343,0.0840909090909091,0.16394722754192,5.15885586495158,5.15885586495158
19874,0.636363636363636,0.636363636363636,0.146958525962897,0.0659090909090909,0.16964400009583,5.02487508177192,5.02487508177192
19876,0.689393939393939,0.689393939393939,0.161006517695558,0.071969696969697,0.166408372937646,6.09881610430485,6.09881610430485
19877,0.681818181818182,0.681818181818182,0.163582848707707,0.0636363636363636,0.167733884500282,6.01850449275573,6.01850449275573
19880,0.704545454545455,0.704545454545455,0.153588354582989,0.0628787878787879,0.165908643514944,7.04380008943286,7.04380008943286
19882,0.659090909090909,0.659090909090909,0.153310161198337,0.0674242424242424,0.172676433437383,6.6501562332284,6.6501562332284
19883,0.659090909090909,0.659090909090909,0.147094769268391,0.0696969696969697,0.169942851382048,6.16188321735178,6.16188321735178
19885,0.696969696969697,0.696969696969697,0.158977539528934,0.0606060606060606,0.169427491362094,6.80837070499017,6.80837070499017
19886,0.704545454545455,0.704545454545455,0.156486353628938,0.0681818181818182,0.178158741049913,4.86362648882687,4.86362648882687
19887,0.712121212121212,0.712121212121212,0.199384823387284,0.0636363636363636,0.172973981553474,6.29024569557597,6.29024569557597
19888,0.727272727272727,0.727272727272727,0.181225492255829,0.0674242424242424,0.173725183983678,5.80030264091411,5.80030264091411
19891,0.689393939393939,0.689393939393939,0.156447400010384,0.0666666666666667,0.178894249098256,4.60730853050039,4.60730853050039
19892,0.674242424242424,0.674242424242424,0.143707978511322,0.0659090909090909,0.173350378234939,4.29884924090322,4.29884924090322
19894,0.674242424242424,0.674242424242424,0.167569679161926,0.0659090909090909,0.173312872542261,4.91399834854476,4.91399834854476
19895,0.71969696969697,0.71969696969697,0.142721026236635,0.0818181818181818,0.174396054858231,8.88359290101727,8.88359290101727
19899,0.651515151515151,0.651515151515151,0.118111543775089,0.0696969696969697,0.171065989631134,4.62585492321398,4.62585492321398
19900,0.636363636363636,0.636363636363636,0.113593772936526,0.0810606060606061,0.173248010372459,3.72290368081517,3.72290368081517
19901,0.643939393939394,0.643939393939394,0.113892859006192,0.0810606060606061,0.173599241015753,3.79935230367245,3.79935230367245
19902,0.659090909090909,0.659090909090909,0.15646101285946,0.0560606060606061,0.165526763661292,6.39268256671178,6.39268256671178
19906,0.674242424242424,0.674242424242424,0.186854103145467,0.0522727272727273,0.165717841937552,7.08589511331059,7.08589511331059
19907,0.704545454545455,0.704545454545455,0.140997195969196,0.0643939393939394,0.168168849973288,6.23782577228393,6.23782577228393
19910,0.681818181818182,0.681818181818182,0.139319249640004,0.0628787878787879,0.169505813044403,6.12958809320847,6.12958809320847
19912,0.704545454545455,0.704545454545455,0.00722108945522219,0.0621212121212121,0.169652283350703,6.09157334008312,6.09157334008312
19914,0.653846153846154,0.653846153846154,0.0152297634841175,0.0675990675990676,0.15860901371647,5.66063695451597,5.66063695451597
19915,0.628205128205128,0.628205128205128,0.0933489293222246,0.0547785547785548,0.156541738805449,3.66504481328949,3.66504481328949
19919,0.641025641025641,0.641025641025641,0.0442891244601685,0.0518648018648019,0.157713188703855,4.74588552601528,4.74588552601528
19920,0.634615384615385,0.634615384615385,0.0483596332107135,0.0506993006993007,0.15774780111261,4.79002972675245,4.79002972675245
19921,0.647435897435897,0.647435897435897,0.0479968544572357,0.0524475524475524,0.157450737552806,4.82498692147046,4.82498692147046
19922,0.621794871794872,0.621794871794872,0.135838243494345,0.0588578088578089,0.157873038136287,4.80945824845341,4.80945824845341
19923,0.608974358974359,0.608974358974359,0.129015646667367,0.0611888111888112,0.157629804110823,4.10715857254022,4.10715857254022
19926,0.596153846153846,0.596153846153846,0.029799074448432,0.0687645687645688,0.156796491213911,3.46686757217585,3.46686757217585
19927,0.596153846153846,0.596153846153846,0.12303175550176,0.074009324009324,0.157167300429746,4.0977306294452,4.0977306294452
19928,0.602564102564103,0.602564102564103,0.126797389156845,0.0623543123543124,0.159509744257154,3.25285135119154,3.25285135119154
19929,0.628205128205128,0.628205128205128,0.119852087897987,0.0565268065268065,0.157582850681729,4.23686969222707,4.23686969222707
19930,0.634615384615385,0.634615384615385,0.121296787661887,0.0594405594405594,0.156726194230261,5.2267635336521,5.2267635336521
19933,0.583333333333333,0.583333333333333,0.121880008855561,0.06002331002331,0.15746484194835,4.40217708401432,4.40217708401432
19934,0.608974358974359,0.608974358974359,0.123341814104268,0.0623543123543124,0.157287470608421,4.73351916215934,4.73351916215934
19935,0.58974358974359,0.58974358974359,0.117175768962453,0.0611888111888112,0.151273713979279,3.69779156530735,3.69779156530735
19936,0.58974358974359,0.58974358974359,0.118811772219142,0.0716783216783217,0.151532337451513,4.17969157712619,4.17969157712619
19937,0.641025641025641,0.641025641025641,0.128460114314852,0.0553613053613054,0.154353545622155,4.68065826036238,4.68065826036238
19938,0.621794871794872,0.621794871794872,0.122446314148311,0.0536130536130536,0.155559966742276,3.97561692228888,3.97561692228888
19939,0.628205128205128,0.628205128205128,0.121358571162643,0.0565268065268065,0.156397895599925,4.62381959020384,4.62381959020384
19940,0.602564102564103,0.602564102564103,0.117062280662208,0.0477855477855478,0.158328378576272,3.31008379217986,3.31008379217986
19942,0.628205128205128,0.628205128205128,0.112701791372422,0.0734265734265734,0.158769911878009,3.054967304923,3.054967304923
19943,0.634615384615385,0.634615384615385,0.115126350430993,0.0664335664335664,0.158790816769207,3.26204576711516,3.26204576711516
19945,0.647435897435897,0.647435897435897,0.166656696394665,0.067016317016317,0.162584932587385,3.65160039498029,3.65160039498029
19946,0.602564102564103,0.602564102564103,0.157474460846701,0.0675990675990676,0.157634416983222,3.39463397823348,3.39463397823348
19948,0.608974358974359,0.608974358974359,0.17359677690161,0.0792540792540792,0.159682331375042,3.75075391722595,3.75075391722595
19949,0.602564102564103,0.602564102564103,0.137226582053378,0.0512820512820513,0.155666335075277,4.0004152799568,4.0004152799568
19951,0.66025641025641,0.66025641025641,0.202674549833586,0.0582750582750583,0.158102401080689,4.47506611762163,4.47506611762163
19954,0.621794871794872,0.621794871794872,0.182814109759391,0.0716783216783217,0.159644198448559,3.93206710246831,3.93206710246831
19955,0.608974358974359,0.608974358974359,0.195398485326214,0.0652680652680653,0.160923887315841,4.01494167356121,4.01494167356121
19956,0.551282051282051,0.551282051282051,0.110886867529509,0.0594405594405594,0.15773972683997,3.86700129738049,3.86700129738049
19957,0.621794871794872,0.621794871794872,0.174010382612126,0.0815850815850816,0.157342952870462,4.45480509802595,4.45480509802595
19958,0.628205128205128,0.628205128205128,0.177689576302493,0.0722610722610723,0.15981397577297,4.85212479547309,4.85212479547309
19961,0.615384615384615,0.615384615384615,0.17276711645117,0.0804195804195804,0.164294032481278,3.87655622046676,3.87655622046676
19962,0.641025641025641,0.641025641025641,0.170244285601792,0.0722610722610723,0.161570722709921,4.36413370684392,4.36413370684392
19963,0.653846153846154,0.653846153846154,0.161774289054888,0.0955710955710956,0.162533236511958,4.0106645726171,4.0106645726171
19964,0.564102564102564,0.564102564102564,0.115733907218763,0.0565268065268065,0.161141669890869,3.83379462360342,3.83379462360342
19965,0.647435897435897,0.647435897435897,0.166717623950285,0.0635198135198135,0.158554844329667,5.17902565450702,5.17902565450702
19967,0.647435897435897,0.647435897435897,0.159913760407672,0.074009324009324,0.163629172672277,4.51945312445668,4.51945312445668
19968,0.66025641025641,0.66025641025641,0.154257250242329,0.0798368298368298,0.159819549844169,5.0909291197208,5.0909291197208
19970,0.557692307692308,0.557692307692308,0.111045545805405,0.0681818181818182,0.162582642895705,3.10426258783768,3.10426258783768
19971,0.544871794871795,0.544871794871795,0.0574909891350011,0.0687645687645688,0.165820194514517,2.3161541529086,2.3161541529086
19973,0.538461538461538,0.538461538461538,0.0571623838401652,0.0693473193473193,0.167079245094963,2.83725634217865,2.83725634217865
19974,0.608974358974359,0.608974358974359,0.141208981432458,0.067016317016317,0.166339891966186,3.86951997931878,3.86951997931878
19975,0.634615384615385,0.634615384615385,0.147178957942986,0.0786713286713287,0.199763335047388,4.97946990515713,4.97946990515713
19976,0.608974358974359,0.608974358974359,0.141824629568862,0.067016317016317,0.162857406336273,3.8586773556133,3.8586773556133
19978,0.66025641025641,0.66025641025641,0.183869118025954,0.0891608391608392,0.181205641465417,7.42082942261637,7.42082942261637
19979,0.583333333333333,0.583333333333333,0.0615950289508178,0.0716783216783217,0.157561081912381,4.05549699788659,4.05549699788659
19982,0.58974358974359,0.58974358974359,0.0849885386277626,0.0699300699300699,0.159208414231605,3.20817655125141,3.20817655125141
19983,0.596153846153846,0.596153846153846,0.0973959204448261,0.0635198135198135,0.157216494421218,3.41331535213864,3.41331535213864
19984,0.653846153846154,0.653846153846154,0.126206101954804,0.0815850815850816,0.161839920324524,3.79971457574864,3.79971457574864
19985,0.557692307692308,0.557692307692308,0.0895728211162074,0.0786713286713287,0.162852263793842,2.57271744014408,2.57271744014408
19986,0.583333333333333,0.583333333333333,0.090712316028954,0.081002331002331,0.160557760389282,2.57800290064228,2.57800290064228
19989,0.557692307692308,0.557692307692308,0.0977364618130134,0.0553613053613054,0.157545956048274,2.54749283674832,2.54749283674832
19990,0.557692307692308,0.557692307692308,0.0562978440606772,0.067016317016317,0.159267771393547,2.27054773980342,2.27054773980342
19991,0.576923076923077,0.576923076923077,0.0646623128669505,0.0582750582750583,0.156965746643453,3.01482995960942,3.01482995960942
19992,0.519230769230769,0.519230769230769,0.0580021399112016,0.0501165501165501,0.158558215558698,3.0070710121928,3.0070710121928
19993,0.57051282051282,0.57051282051282,0.117767437271302,0.0856643356643357,0.165866248863507,2.64027807761821,2.64027807761821
19996,0.512820512820513,0.512820512820513,0.0900353044876063,0.0466200466200466,0.161835238581347,2.05272673534579,2.05272673534579
19997,0.602564102564103,0.602564102564103,0.137708323097748,0.0827505827505828,0.167072537712008,2.9826094466417,2.9826094466417
20000,0.615384615384615,0.615384615384615,0.13275372916599,0.0751748251748252,0.163198865489287,2.90020161954287,2.90020161954287
20001,0.551282051282051,0.551282051282051,0.127302387310244,0.0792540792540792,0.164216976348436,2.77725916023595,2.77725916023595
20002,0.506410256410256,0.506410256410256,0.0811522133801031,0.067016317016317,0.157286197795808,2.99974518220032,2.99974518220032
20003,0.615384615384615,0.615384615384615,0.140918318303481,0.087995337995338,0.16511326638526,3.10270585194437,3.10270585194437
20005,0.57051282051282,0.57051282051282,0.0870857631931014,0.0641025641025641,0.160321584080745,2.41967743530165,2.41967743530165
20006,0.596153846153846,0.596153846153846,0.145430545665755,0.0775058275058275,0.164488703320725,3.63998500963875,3.63998500963875
20008,0.57051282051282,0.57051282051282,0.0993806177028902,0.0652680652680653,0.160038654627588,2.48792094265526,2.48792094265526
20010,0.525641025641026,0.525641025641026,0.0806130717132066,0.06002331002331,0.15813467929364,2.03861670130586,2.03861670130586
20011,0.551282051282051,0.551282051282051,0.0923275251195691,0.048951048951049,0.158709124331156,3.89723603072253,3.89723603072253
20012,0.608974358974359,0.608974358974359,0.109100590090364,0.0658508158508159,0.15584451966336,4.73601779513027,4.73601779513027
20013,0.608974358974359,0.608974358974359,0.00582966730513792,0.0611888111888112,0.155368840546433,4.48022046502679,4.48022046502679
20014,0.66025641025641,0.66025641025641,0.146218574304636,0.0862470862470862,0.171872411233372,4.62783872552723,4.62783872552723
20017,0.57051282051282,0.57051282051282,0.00365897453054968,0.0442890442890443,0.16071762573407,3.43516451236263,3.43516451236263
20018,0.544871794871795,0.544871794871795,0.0989252590390019,0.0407925407925408,0.156766207634961,3.17607633393344,3.17607633393344
20019,0.602564102564103,0.602564102564103,0.143951051999615,0.074009324009324,0.158983750074079,4.41798945810767,4.41798945810767
20020,0.621794871794872,0.621794871794872,0.0918311775209391,0.0821678321678322,0.156853994077359,4.43023444883085,4.43023444883085
20021,0.551282051282051,0.551282051282051,0.121952494399979,0.0413752913752914,0.15851163748051,4.25280262191199,4.25280262191199
20025,0.57051282051282,0.57051282051282,0.1037774880655,0.0454545454545455,0.157547272002307,4.82229397447255,4.82229397447255
20026,0.621794871794872,0.621794871794872,0.137584907713492,0.0681818181818182,0.158892435986009,4.45368044578574,4.45368044578574
20027,0.608974358974359,0.608974358974359,0.130189551316747,0.0798368298368298,0.15442407797472,4.29417608216361,4.29417608216361
20028,0.634615384615385,0.634615384615385,0.129269088990657,0.0716783216783217,0.155219897203358,5.97221119384004,5.97221119384004
20030,0.608974358974359,0.608974358974359,0.0911926278906496,0.0687645687645688,0.154720447280012,5.12759349040091,5.12759349040091
20031,0.602564102564103,0.602564102564103,0.120706692861531,0.0734265734265734,0.154780992020995,5.8992450693258,5.8992450693258
20033,0.538461538461538,0.538461538461538,0.103668988473117,0.0448717948717949,0.155972514270982,4.94795726011107,4.94795726011107
20034,0.602564102564103,0.602564102564103,0.125218867636258,0.0681818181818182,0.157253619279321,4.9877588296478,4.9877588296478
20036,0.544871794871795,0.544871794871795,0.002596775589265,0.0472027972027972,0.156860565973188,4.16755680915321,4.16755680915321
20037,0.532051282051282,0.532051282051282,0.00259723713371923,0.0559440559440559,0.156437392216656,4.94751499300392,4.94751499300392
20039,0.551282051282051,0.551282051282051,0.00351792627350201,0.0641025641025641,0.150273338237764,4.87971513209744,4.87971513209744
20040,0.557692307692308,0.557692307692308,0.0026037584680411,0.0483682983682984,0.15575966652027,5.46315584398871,5.46315584398871
20041,0.576923076923077,0.576923076923077,0.122341861661491,0.0775058275058275,0.157375909934506,4.53579114183932,4.53579114183932
20042,0.519230769230769,0.519230769230769,0.102504807251565,0.048951048951049,0.158094945238909,3.43776979422618,3.43776979422618
20045,0.551282051282051,0.551282051282051,4.43680064796017e-07,0.0681818181818182,0.156549096437011,4.12593952132494,4.12593952132494
20046,0.525641025641026,0.525641025641026,0.00215576669834302,0.0501165501165501,0.156458305941649,4.72722455638831,4.72722455638831
20047,0.551282051282051,0.551282051282051,0.00104977103474722,0.0524475524475524,0.156200123170823,4.18920986304755,4.18920986304755
20048,0.512820512820513,0.512820512820513,0.0960273017831679,0.0448717948717949,0.157594967438861,3.54930025235162,3.54930025235162
20049,0.532051282051282,0.532051282051282,0.108086240129183,0.0506993006993007,0.156150064602639,4.193977620487,4.193977620487
20052,0.525641025641026,0.525641025641026,0.107507103059465,0.0588578088578089,0.158988357666349,2.88588590824593,2.88588590824593
20053,0.525641025641026,0.525641025641026,0.085281668784494,0.0477855477855478,0.158558690070608,3.25490758478418,3.25490758478418
20054,0.493589743589744,0.493589743589744,0.0813196908424144,0.0559440559440559,0.160927241076582,2.48828044121373,2.48828044121373
20056,0.551282051282051,0.551282051282051,0.104454214381122,0.0524475524475524,0.158876166147632,3.34450871845517,3.34450871845517
20058,0.583333333333333,0.583333333333333,0.106575367346172,0.0483682983682984,0.157211316169543,3.61501458657093,3.61501458657093
20059,0.564102564102564,0.564102564102564,0.0898593410263646,0.0454545454545455,0.158252764741942,2.761229061062,2.761229061062
20060,0.564102564102564,0.564102564102564,0.0873620136497657,0.0541958041958042,0.158456628498176,3.50821044154425,3.50821044154425
20061,0.532051282051282,0.532051282051282,0.06782516148658,0.046037296037296,0.157604432866697,3.66544739022931,3.66544739022931
20063,0.551282051282051,0.551282051282051,0.0803386192074067,0.0541958041958042,0.157054313550377,3.59665487683818,3.59665487683818
20064,0.557692307692308,0.557692307692308,0.0799650938088192,0.0472027972027972,0.157801823584191,3.5799325785966,3.5799325785966
20065,0.532051282051282,0.532051282051282,0.109579966463127,0.0536130536130536,0.162260294561872,3.31866020005746,3.31866020005746
20066,0.519230769230769,0.519230769230769,0.085329023248656,0.053030303030303,0.160744393427418,2.85994762565147,2.85994762565147
20068,0.525641025641026,0.525641025641026,0.0735038768728939,0.0454545454545455,0.157486879087417,3.58460800583628,3.58460800583628
20069,0.506410256410256,0.506410256410256,0.073386179001538,0.0641025641025641,0.156140507505309,2.87041270162587,2.87041270162587
20070,0.576923076923077,0.576923076923077,0.0760868374248866,0.0629370629370629,0.15761387490978,2.91468588330229,2.91468588330229
20073,0.544871794871795,0.544871794871795,0.0805274702333845,0.048951048951049,0.155743434780471,3.48179888882684,3.48179888882684
20074,0.551282051282051,0.551282051282051,0.0809665887895599,0.0431235431235431,0.155952015670208,3.66516245709537,3.66516245709537
20075,0.598484848484849,0.598484848484849,0.0908452605879019,0.0560606060606061,0.167556990298768,4.00020080195752,4.00020080195752
20076,0.575757575757576,0.575757575757576,0.000753194531700433,0.053030303030303,0.167348016049399,4.72995758213774,4.72995758213774
20077,0.590909090909091,0.590909090909091,0.0801604064107004,0.0606060606060606,0.167710542484842,5.08030889170326,5.08030889170326
20080,0.606060606060606,0.606060606060606,0.0755673148126221,0.0507575757575758,0.168522956310221,4.50104692502839,4.50104692502839
20084,0.621212121212121,0.621212121212121,0.00497961085186217,0.0621212121212121,0.168390598855113,4.49891991574163,4.49891991574163
20087,0.583333333333333,0.583333333333333,0.0607003302311794,0.0560606060606061,0.165552945644934,4.63988971336939,4.63988971336939
20092,0.583333333333333,0.583333333333333,0.078988350078196,0.0515151515151515,0.167896070267313,3.88295501964681,3.88295501964681
20095,0.606060606060606,0.606060606060606,0.00520920139798316,0.0590909090909091,0.168222224637361,4.42066061248562,4.42066061248562
20096,0.643939393939394,0.643939393939394,0.00401706934141438,0.0643939393939394,0.165314675861309,5.2497585165676,5.2497585165676
20098,0.666666666666667,0.666666666666667,0.0366226708852415,0.0477272727272727,0.167167135835677,5.58718681891917,5.58718681891916
20101,0.651515151515151,0.651515151515151,0.00414756726873697,0.0628787878787879,0.165300590697723,4.74436145219538,4.74436145219538
20102,0.628787878787879,0.628787878787879,0.00453370388187805,0.0628787878787879,0.166096416270571,4.68748704848321,4.68748704848322
20103,0.636363636363636,0.636363636363636,0.0041401298831421,0.0613636363636364,0.166001163617739,4.73452003477784,4.73452003477784
20104,0.674242424242424,0.674242424242424,0.0953270888177013,0.0787878787878788,0.170238754544235,11.8111780612995,11.8111780612995
20105,0.666666666666667,0.666666666666667,0.0978328804798811,0.078030303030303,0.170097336763412,11.8735538910482,11.8735538910482
20109,0.659090909090909,0.659090909090909,0.093986312322497,0.0818181818181818,0.170649457520223,11.0893750513195,11.0893750513195
20110,0.636363636363636,0.636363636363636,0.0922365493504436,0.0833333333333333,0.171191424005994,11.0039196861475,11.0039196861475
20111,0.666666666666667,0.666666666666667,0.0943794696505576,0.0787878787878788,0.171515768489433,11.1241101354609,11.1241101354609
20115,0.628787878787879,0.628787878787879,0.0723385233605591,0.0598484848484848,0.168154834712465,3.27200729142412,3.27200729142412
20116,0.628787878787879,0.628787878787879,0.0039161792084926,0.0651515151515152,0.166199087871941,3.87599512874075,3.87599512874075
20117,0.636363636363636,0.636363636363636,0.00628189359037034,0.0583333333333333,0.167485616433743,5.26660071514261,5.26660071514261
20118,0.606060606060606,0.606060606060606,0.00411522848164983,0.0651515151515151,0.171256442281623,4.17502627840677,4.17502627840677
20119,0.643939393939394,0.643939393939394,0.103839508591195,0.0712121212121212,0.175317025206961,4.27085829911368,4.27085829911368
20123,0.659090909090909,0.659090909090909,0.0927420805407725,0.0856060606060606,0.207893896407039,10.9157921353077,10.9157921353077
20124,0.628787878787879,0.628787878787879,0.00480095115279534,0.0659090909090909,0.175234268132203,4.04511074385317,4.04511074385317
20125,0.613636363636364,0.613636363636364,0.0748301809520347,0.0871212121212121,0.18760913412987,9.81628218756931,9.81628218756931
20126,0.613636363636364,0.613636363636364,0.042697192588669,0.0878787878787879,0.184662410063654,10.0200992487403,10.0200992487403
20128,0.628787878787879,0.628787878787879,0.038557567029102,0.096969696969697,0.177440207057249,7.07771523130892,7.07771523130892
20129,0.636363636363636,0.636363636363636,0.00548479743195559,0.0674242424242424,0.172511173513109,5.75376127921941,5.75376127921941
20131,0.643939393939394,0.643939393939394,0.0423399543636659,0.0606060606060606,0.170781468381766,5.76941428252324,5.76941428252324
20132,0.568181818181818,0.568181818181818,0.0359983365780012,0.053030303030303,0.1712691841397,4.8748746760246,4.8748746760246
20133,0.659090909090909,0.659090909090909,0.047118683404943,0.0568181818181818,0.169814379979926,6.30006432413202,6.30006432413202
20137,0.689393939393939,0.689393939393939,0.0478181178055848,0.0689393939393939,0.17063622076482,6.12581330606612,6.12581330606612
20138,0.628787878787879,0.628787878787879,0.0811628762277177,0.0507575757575758,0.165211492546862,6.14954486175522,6.14954486175522
20139,0.636363636363636,0.636363636363636,0.0904936775661063,0.0484848484848485,0.168267269831711,6.86988090166262,6.86988090166262
20140,0.681818181818182,0.681818181818182,0.0865344813217277,0.0674242424242424,0.167736720175449,6.56737226345961,6.56737226345961
20143,0.598484848484849,0.598484848484849,0.0913204498454031,0.0553030303030303,0.164633449359225,6.60632134850507,6.60632134850507
20144,0.598484848484849,0.598484848484849,0.133665216330319,0.0636363636363636,0.168523316916368,5.38161426031987,5.38161426031987
20145,0.598484848484849,0.598484848484849,0.13222856548658,0.0621212121212121,0.169990108727925,4.7806710420157,4.7806710420157
20146,0.598484848484849,0.598484848484849,0.0694222748004028,0.0537878787878788,0.167375333497309,6.0563570925628,6.0563570925628
20147,0.628787878787879,0.628787878787879,0.109003659727508,0.0522727272727273,0.176281194894004,5.34809593611877,5.34809593611877
20148,0.598484848484849,0.598484848484849,0.140132785584183,0.0606060606060606,0.178667571981621,4.37864566365104,4.37864566365104
20149,0.545454545454545,0.545454545454545,0.0707746079765932,0.053030303030303,0.175046136137194,4.29410668687528,4.29410668687528
20151,0.613636363636364,0.613636363636364,0.151761996323727,0.0651515151515152,0.171799631883607,5.26538069246132,5.26538069246132
20153,0.621212121212121,0.621212121212121,0.134433395564693,0.0931818181818182,0.180280976710443,3.63826018825427,3.63826018825427
20154,0.613636363636364,0.613636363636364,0.114338020303204,0.078030303030303,0.183633070546733,3.71732318506473,3.71732318506473
20156,0.621212121212121,0.621212121212121,0.116432653068401,0.0931818181818182,0.19275387634336,3.50134076982706,3.50134076982706
20157,0.628787878787879,0.628787878787879,0.118294117730527,0.0803030303030303,0.186108149857912,3.56140834054448,3.56140834054448
20158,0.613636363636364,0.613636363636364,0.118170452122038,0.0765151515151515,0.189817034043556,3.3737446675546,3.3737446675546
20159,0.659090909090909,0.659090909090909,0.127869069091373,0.0765151515151515,0.183901329559105,4.299083176049,4.299083176049
20160,0.681818181818182,0.681818181818182,0.13362023867392,0.0734848484848485,0.184167429683934,4.83891796069046,4.83891796069046
20161,0.696969696969697,0.696969696969697,0.1269184149502,0.0651515151515152,0.181201671344582,4.97595859472714,4.97595859472714
20164,0.666666666666667,0.666666666666667,0.116719188200118,0.0757575757575758,0.189335029336022,3.53732696742539,3.53732696742539
20165,0.651515151515151,0.651515151515151,0.119285368423904,0.075,0.185058851998892,4.68443585364272,4.68443585364272
20166,0.598484848484849,0.598484848484849,0.118429887643263,0.0681818181818182,0.201528260874843,3.200817377717,3.200817377717
20167,0.621212121212121,0.621212121212121,0.0881339835172017,0.0583333333333333,0.192600399573432,3.97265557875829,3.97265557875829
20168,0.575757575757576,0.575757575757576,0.0898029087146437,0.0795454545454545,0.185420661989784,2.7783592127668,2.7783592127668
20171,0.568181818181818,0.568181818181818,0.0924213191402086,0.0909090909090909,0.186818529332805,2.53495469264888,2.53495469264888
20173,0.560606060606061,0.560606060606061,0.0985458751482377,0.0939393939393939,0.186188270287067,2.55185227787562,2.55185227787562
20174,0.575757575757576,0.575757575757576,0.0868165783435365,0.0871212121212121,0.189949146030393,2.61012741087257,2.61012741087257
20175,0.590909090909091,0.590909090909091,0.0927255623584788,0.0946969696969697,0.184669421558547,3.39001168407834,3.39001168407834
20178,0.545454545454545,0.545454545454545,0.0888559440045213,0.101515151515152,0.180607499112726,3.39987779114218,3.39987779114218
20180,0.583333333333333,0.583333333333333,0.0988067961907979,0.125757575757576,0.177550999892235,3.2334835954984,3.2334835954984
20181,0.575757575757576,0.575757575757576,0.115625353240371,0.115151515151515,0.176978369872808,4.3924896492835,4.3924896492835
20182,0.575757575757576,0.575757575757576,0.111191601068589,0.112878787878788,0.175634804175808,4.42230783782596,4.42230783782596
20184,0.537878787878788,0.537878787878788,0.074570716675061,0.0787878787878788,0.203570454180005,1.65613100223489,1.65613100223489
20186,0.613636363636364,0.613636363636364,0.124996476582133,0.102272727272727,0.194005313522336,3.34063121657422,3.34063121657422
20187,0.628787878787879,0.628787878787879,0.117486854358493,0.0886363636363636,0.201888761778601,3.91056029676814,3.91056029676814
20189,0.598484848484849,0.598484848484849,0.0925332021655107,0.0946969696969697,0.20288174294728,3.98018865488001,3.98018865488001
20190,0.613636363636364,0.613636363636364,0.177923896641168,0.0818181818181818,0.210524712686439,3.85812689685218,3.85812689685218
20192,0.598484848484849,0.598484848484849,0.0951390245050556,0.104545454545455,0.193693451638169,2.81175784947711,2.81175784947711
20193,0.621212121212121,0.621212121212121,0.132543736799856,0.108333333333333,0.208906559280988,3.45741149198701,3.45741149198701
20194,0.651515151515151,0.651515151515151,0.136153721683167,0.112121212121212,0.212436095626765,3.57682777077123,3.57682777077123
20195,0.666666666666667,0.666666666666667,0.1264256209385,0.0916666666666667,0.205508032944701,3.7509527233264,3.7509527233264
20200,0.651515151515151,0.651515151515151,0.136241710851057,0.0984848484848485,0.22922869185124,3.23580732803272,3.23580732803272
20201,0.681818181818182,0.681818181818182,0.137538859674043,0.0962121212121212,0.243972341330345,3.71182241724353,3.71182241724353
20202,0.628787878787879,0.628787878787879,0.133647621520658,0.0954545454545455,0.215371750441157,3.17297823074819,3.17297823074819
20203,0.606060606060606,0.606060606060606,0.127116621145731,0.0871212121212121,0.222668649210625,3.14809800232352,3.14809800232352
20206,0.598484848484849,0.598484848484849,0.136316430163372,0.108333333333333,0.211277297153931,3.29779718568065,3.29779718568065
20207,0.621212121212121,0.621212121212121,0.131650174956189,0.0886363636363636,0.202213221282497,3.45263486621426,3.45263486621426
20208,0.621212121212121,0.621212121212121,0.124470797817909,0.0939393939393939,0.210029149695977,3.32130757778008,3.32130757778008
20210,0.606060606060606,0.606060606060606,0.138498528985762,0.0901515151515151,0.227995201584954,3.28375002513267,3.28375002513267
20211,0.598484848484849,0.598484848484849,0.140676201840188,0.096969696969697,0.206108304103972,3.24792418040983,3.24792418040983
20213,0.553030303030303,0.553030303030303,0.111922090830711,0.113636363636364,0.205287186842916,2.43823072052656,2.43823072052656
20214,0.5,0.5,0.0826234617089835,0.0954545454545455,0.222525907795755,1.36980219874031,1.36980219874031
20216,0.515151515151515,0.515151515151515,0.0813107473204547,0.106060606060606,0.236217801110627,1.48661374488674,1.48661374488674
20217,0.545454545454545,0.545454545454545,0.0886460362930362,0.116666666666667,0.227487910958031,1.59568539088293,1.59568539088293
20219,0.537878787878788,0.537878787878788,0.0859409251136732,0.118181818181818,0.234927086640843,1.47524933460364,1.47524933460364
20220,0.537878787878788,0.537878787878788,0.0863711473579576,0.121969696969697,0.245792251395025,1.55007990751117,1.55007990751117
20221,0.553030303030303,0.553030303030303,0.0867679373875221,0.121212121212121,0.238689883584735,1.55343644789643,1.55343644789643
20222,0.568181818181818,0.568181818181818,0.0988145599022802,0.100757575757576,0.230448377470757,1.89720733925416,1.89720733925416
20223,0.590909090909091,0.590909090909091,0.103915044011387,0.096969696969697,0.229973946262728,1.97295762974434,1.97295762974434
20224,0.598484848484849,0.598484848484849,0.0898191862491219,0.0878787878787879,0.261037246186543,3.64307596718052,3.64307596718052
20227,0.606060606060606,0.606060606060606,0.0956234903710288,0.0856060606060606,0.198633727246896,2.32335500360263,2.32335500360263
20228,0.613636363636364,0.613636363636364,0.0878450935604419,0.0704545454545455,0.200667190989256,1.81598348292914,1.81598348292914
20229,0.590909090909091,0.590909090909091,0.0930762911552253,0.071969696969697,0.2002575164122,1.85316178837767,1.85316178837767
20230,0.606060606060606,0.606060606060606,0.0868935242141833,0.0734848484848485,0.185809978496505,1.93598995492132,1.93598995492132
20231,0.583333333333333,0.583333333333333,0.0844754955012479,0.0681818181818182,0.206910937377363,1.49473815660838,1.49473815660838
20235,0.568181818181818,0.568181818181818,0.0875047629774139,0.0704545454545455,0.216670969830574,1.63308754583387,1.63308754583387
20236,0.621212121212121,0.621212121212121,0.0826260875742529,0.075,0.268051764802297,3.55331513067654,3.55331513067654
20237,0.598484848484849,0.598484848484849,0.0766216728731763,0.0893939393939394,0.268055913061116,3.44635715716244,3.44635715716244
20238,0.583333333333333,0.583333333333333,0.0630683774544191,0.096969696969697,0.301204833874222,2.23922598121172,2.23922598121172
20241,0.583333333333333,0.583333333333333,0.054571570951861,0.0712121212121212,0.210621215629538,1.51766112286199,1.51766112286199
20242,0.628787878787879,0.628787878787879,0.0872928337815738,0.0863636363636364,0.220278321690415,3.37211186210023,3.37211186210023
20244,0.553030303030303,0.553030303030303,0.0875476270047166,0.0916666666666667,0.217945003980711,3.39193873235769,3.39193873235769
20245,0.590909090909091,0.590909090909091,0.0913452025463992,0.0757575757575758,0.203050351837774,2.11206805012003,2.11206805012003
20247,0.606060606060606,0.606060606060606,0.0511129242387174,0.075,0.202783987748993,2.72298592730484,2.72298592730484
20249,0.590909090909091,0.590909090909091,0.0533802688942321,0.0787878787878788,0.233226633576346,2.21508329817926,2.21508329817926
20250,0.659090909090909,0.659090909090909,0.0486994917823278,0.0871212121212121,0.189976782138082,3.26448131999546,3.26448131999546
20252,0.590909090909091,0.590909090909091,0.0636890632506014,0.0893939393939394,0.191317269553406,3.31303836135079,3.31303836135079
20255,0.568181818181818,0.568181818181818,0.0509404952410879,0.102272727272727,0.18118556342008,2.42245026745985,2.42245026745985
20256,0.560606060606061,0.560606060606061,0.0519481277094148,0.102272727272727,0.196706060977772,3.07128540385461,3.07128540385461
20257,0.575757575757576,0.575757575757576,0.0557391781955284,0.0818181818181818,0.195835478156932,3.23560188037633,3.23560188037633
20259,0.606060606060606,0.606060606060606,0.0573848317580448,0.0818181818181818,0.200645966092323,3.16189404060733,3.16189404060733
20262,0.621212121212121,0.621212121212121,0.0614750045154361,0.0803030303030303,0.24290599820559,2.33265485737573,2.33265485737573
20263,0.621212121212121,0.621212121212121,0.0505843876749304,0.0742424242424242,0.218294650939864,2.31607450943173,2.31607450943173
20269,0.583333333333333,0.583333333333333,0.0542425741478349,0.0886363636363636,0.204859152357133,1.83944651510244,1.83944651510244
20271,0.621212121212121,0.621212121212121,0.0594312311007526,0.075,0.182329528485204,3.37742349462752,3.37742349462752
20272,0.606060606060606,0.606060606060606,0.0653199477741302,0.0939393939393939,0.19390439840052,3.86344885653484,3.86344885653484
20273,0.553030303030303,0.553030303030303,0.061801198510758,0.0909090909090909,0.200586861500108,3.0216881415224,3.0216881415224
20274,0.575757575757576,0.575757575757576,0.0656745471081751,0.0757575757575758,0.184608410811717,3.32346725586653,3.32346725586653
20276,0.628787878787879,0.628787878787879,0.0622890588022914,0.0704545454545455,0.188792903395641,3.39346335609014,3.39346335609014
20277,0.636363636363636,0.636363636363636,0.065887886584491,0.0628787878787879,0.172701916449546,3.91630001614227,3.91630001614227
20279,0.643939393939394,0.643939393939394,0.0696066737093364,0.0598484848484848,0.180125166182596,3.71362460628592,3.71362460628592
20280,0.621212121212121,0.621212121212121,0.0704708105098656,0.0621212121212121,0.178812692427482,3.77471641271365,3.77471641271365
20283,0.636363636363636,0.636363636363636,0.0737271676428236,0.0651515151515152,0.176817542174032,3.84278449116689,3.84278449116689
20284,0.628787878787879,0.628787878787879,0.0753235997665846,0.0636363636363636,0.174644176447382,3.66596156268166,3.66596156268166
20285,0.659090909090909,0.659090909090909,0.06941903186078,0.0795454545454545,0.184006499552192,4.35778334840671,4.35778334840671
20286,0.628787878787879,0.628787878787879,0.0705218750669501,0.0863636363636364,0.182936351036242,4.4107388415302,4.4107388415302
20287,0.598484848484849,0.598484848484849,0.072455781559455,0.0848484848484848,0.181593185857264,4.43240208092934,4.43240208092934
20290,0.598484848484849,0.598484848484849,0.0699725028463241,0.0954545454545455,0.186648117746642,3.72546884703781,3.72546884703781
20291,0.575757575757576,0.575757575757576,0.0655242075847786,0.0893939393939394,0.246247211723198,2.37757111935216,2.37757111935216
20292,0.583333333333333,0.583333333333333,0.0559630350769881,0.0696969696969697,0.183277856551484,1.70724534290897,1.70724534290897
20293,0.560606060606061,0.560606060606061,0.05747596452646,0.078030303030303,0.180453066091045,2.51058527008936,2.51058527008936
20294,0.583333333333333,0.583333333333333,0.0606393338584039,0.071969696969697,0.170826436607626,2.62820714197166,2.62820714197166
20297,0.583333333333333,0.583333333333333,0.0624682066432699,0.0727272727272727,0.170660534774277,2.56639769006908,2.56639769006908
20298,0.598484848484849,0.598484848484849,0.0622119020215909,0.0742424242424242,0.169696148211112,2.59749942629535,2.59749942629535
20299,0.560606060606061,0.560606060606061,0.0598634648001697,0.0848484848484849,0.172323928732167,2.61435664755908,2.61435664755908
20300,0.575757575757576,0.575757575757576,0.0584608719416371,0.0901515151515151,0.172012051626007,2.74106312585829,2.74106312585829
20301,0.606060606060606,0.606060606060606,0.0572473257905308,0.0946969696969697,0.172257648027653,3.92207420393786,3.92207420393786
20304,0.643939393939394,0.643939393939394,0.0561991111775997,0.0878787878787879,0.172443562223005,3.99650130678385,3.99650130678385
20305,0.545454545454545,0.545454545454545,0.0523821143177266,0.0863636363636364,0.186211894708792,1.53873645744074,1.53873645744074
20307,0.560606060606061,0.560606060606061,0.0478147882875421,0.0840909090909091,0.18359759393632,1.81457159541829,1.81457159541829
20308,0.568181818181818,0.568181818181818,0.0481234549442204,0.0818181818181818,0.197911005682005,1.63951127117548,1.63951127117548
20309,0.545454545454545,0.545454545454545,0.0475032655516904,0.0772727272727273,0.189776802343898,1.56773948805601,1.56773948805601
20310,0.598484848484849,0.598484848484849,0.0463663095172433,0.0681818181818182,0.187304438176946,1.97424956683763,1.97424956683763
20312,0.575757575757576,0.575757575757576,0.0505779533886118,0.0916666666666667,0.214832251301895,2.00431153752293,2.00431153752293
20313,0.575757575757576,0.575757575757576,0.0500019433411354,0.0803030303030303,0.195424883034171,1.69659534846501,1.69659534846501
20314,0.590909090909091,0.590909090909091,0.0523354997374032,0.0871212121212121,0.219990453693789,1.9948086233963,1.9948086233963
20318,0.598484848484849,0.598484848484849,0.0522931456652764,0.0878787878787879,0.219963262092677,1.96234931484845,1.96234931484845
20319,0.590909090909091,0.590909090909091,0.0603796021854571,0.0954545454545455,0.226765412605514,2.40271279846872,2.40271279846872
20320,0.560606060606061,0.560606060606061,0.0582231768954758,0.0863636363636364,0.223418724153261,2.37291520000605,2.37291520000605
20321,0.590909090909091,0.590909090909091,0.0517036921439472,0.0946969696969697,0.212444331951388,2.37764222445659,2.37764222445659
20322,0.590909090909091,0.590909090909091,0.0479684731098955,0.112121212121212,0.224559675786232,2.20261146603041,2.20261146603041
20325,0.575757575757576,0.575757575757576,0.0554972398674673,0.10530303030303,0.225893466506792,2.42579919863888,2.42579919863888
20326,0.568181818181818,0.568181818181818,0.0718606544140496,0.0840909090909091,0.18073669799547,4.51681401767302,4.51681401767302
20327,0.636363636363636,0.636363636363636,0.0668144906050693,0.0712121212121212,0.191027227232708,4.20693296270884,4.20693296270884
20328,0.621212121212121,0.621212121212121,0.0675703186808265,0.0696969696969697,0.188492854703286,4.20538009704031,4.20538009704031
20329,0.621212121212121,0.621212121212121,0.069504674774548,0.0772727272727273,0.180927546100791,5.06763057378496,5.06763057378496
20335,0.598484848484849,0.598484848484849,0.0678673286484125,0.075,0.181998515388001,5.03774379794824,5.03774379794824
20336,0.590909090909091,0.590909090909091,0.117854912821825,0.0787878787878788,0.195295265578447,4.56043062876189,4.56043062876189
20338,0.598484848484849,0.598484848484849,0.107282132122038,0.0681818181818182,0.191524150389718,4.44914283326663,4.44914283326663
20340,0.606060606060606,0.606060606060606,0.0723448027715427,0.0590909090909091,0.182787847000707,4.0030193942747,4.0030193942747
20341,0.590909090909091,0.590909090909091,0.0740670343564484,0.0606060606060606,0.18806555493842,3.80594384689682,3.80594384689682
20343,0.590909090909091,0.590909090909091,0.0761649339804107,0.0575757575757576,0.188036649030939,4.33187558098974,4.33187558098974
20346,0.545454545454545,0.545454545454545,0.0921837375659391,0.0674242424242424,0.203751239458048,2.92453593405376,2.92453593405376
20347,0.537878787878788,0.537878787878788,0.0551859959694965,0.0606060606060606,0.195700469164249,3.92899505541843,3.92899505541843
20348,0.590909090909091,0.590909090909091,0.0562410201655535,0.0590909090909091,0.19122309287778,3.97576252479213,3.97576252479213
20349,0.568181818181818,0.568181818181818,0.0570965556259501,0.0568181818181818,0.200219171503907,4.20714353708822,4.20714353708822
20350,0.583333333333333,0.583333333333333,0.0639525192755857,0.0598484848484848,0.177136929476585,4.14509982094366,4.14509982094366
20353,0.583333333333333,0.583333333333333,0.058636929954606,0.0681818181818182,0.183756085400663,4.06825543990637,4.06825543990637
20354,0.590909090909091,0.590909090909091,0.0460277254979272,0.078030303030303,0.18100338534959,3.62968839117457,3.62968839117457
20355,0.590909090909091,0.590909090909091,9.23781579469624e-06,0.0590909090909091,0.186826274915851,3.63068814022454,3.63068814022454
20356,0.598484848484849,0.598484848484849,0.041826035268803,0.0727272727272727,0.178397861931414,5.22969498540518,5.22969498540518
20357,0.651515151515151,0.651515151515151,0.311592945576815,0.0863636363636364,0.204380553930901,10.4407141319705,10.4407141319705
20360,0.643939393939394,0.643939393939394,0.328588701821136,0.0621212121212121,0.209152440686153,10.0540629547051,10.0540629547051
20361,0.651515151515151,0.651515151515151,0.324347644346745,0.0583333333333333,0.205346624695773,10.1291888436847,10.1291888436847
20362,0.636363636363636,0.636363636363636,0.327362109684094,0.0606060606060606,0.212465893005033,10.1142833659196,10.1142833659196
20363,0.643939393939394,0.643939393939394,0.35362017307957,0.0553030303030303,0.196993766707823,9.38386206669323,9.38386206669323
20364,0.736363636363636,0.736363636363636,0.325037715081147,0.0717171717171717,0.250177448360531,8.40608926205464,8.40608926205464
20365,0.781818181818182,0.781818181818182,0.20170901326399,0.096969696969697,0.215506136850343,15.5113330533452,15.5113330533452
20367,0.781818181818182,0.781818181818182,0.260226166591007,0.0888888888888889,0.225697736162763,12.1382254450474,12.1382254450474
20368,0.727272727272727,0.727272727272727,0.290576169200414,0.0898989898989899,0.273366412560018,12.6432955725722,12.6432955725722
20370,0.754545454545455,0.754545454545455,0.296528368531532,0.0868686868686869,0.270551439483951,12.215314983381,12.215314983381
20371,0.745454545454545,0.745454545454545,0.298984749091512,0.0727272727272727,0.252839738830649,10.665935429792,10.665935429792
20372,0.672727272727273,0.672727272727273,0.277123275431006,0.0848484848484849,0.271735296105039,11.163225251832,11.163225251832
20373,0.681818181818182,0.681818181818182,0.243057817757779,0.106060606060606,0.247271547246159,11.4283077409819,11.4283077409819
20374,0.654545454545455,0.654545454545455,0.26361358959115,0.114141414141414,0.242401204324136,11.3821637302907,11.3821637302907
20375,0.636363636363636,0.636363636363636,0.241322139085825,0.0878787878787879,0.240007769410131,10.5568732120058,10.5568732120058
20376,0.636363636363636,0.636363636363636,0.255137101521434,0.106060606060606,0.238888955224114,11.0289428526086,11.0289428526086
20377,0.663636363636364,0.663636363636364,0.240452532880366,0.098989898989899,0.236028474476758,10.7883991950958,10.7883991950958
20378,0.681818181818182,0.681818181818182,0.27264052833186,0.0848484848484849,0.240216019649555,10.8619699432241,10.8619699432241
20381,0.681818181818182,0.681818181818182,0.191182060433942,0.0818181818181818,0.202226147821759,6.2904517464255,6.2904517464255
20382,0.7,0.7,0.167143686437621,0.0909090909090909,0.22411319998988,6.7787010862053,6.7787010862053
20383,0.709090909090909,0.709090909090909,0.204710471072242,0.0777777777777778,0.22692145768129,10.8782358606273,10.8782358606273
20384,0.727272727272727,0.727272727272727,0.188457455744023,0.0818181818181818,0.211880619252946,8.68166988741796,8.68166988741796
20385,0.7,0.7,0.200516371201832,0.0868686868686869,0.214455882397709,8.69162106331014,8.69162106331014
20388,0.690909090909091,0.690909090909091,0.196814798200972,0.1,0.20425164232684,8.82515046133777,8.82515046133777
20390,0.709090909090909,0.709090909090909,0.196265359072012,0.101010101010101,0.213299192168582,8.64746619579991,8.64746619579991
20391,0.690909090909091,0.690909090909091,0.206076164756146,0.1,0.216574003388139,8.70333060366272,8.70333060366272
20392,0.763636363636364,0.763636363636364,0.227548093788522,0.0686868686868687,0.195774378806367,10.6723112271801,10.6723112271801
20394,0.727272727272727,0.727272727272727,0.20406362719195,0.0626262626262626,0.194921191376673,11.5482317867382,11.5482317867382
20395,0.745454545454545,0.745454545454545,0.226937571167709,0.0636363636363636,0.197957659051398,6.83164760113201,6.83164760113201
20396,0.745454545454545,0.745454545454545,0.223940229987118,0.0686868686868687,0.194215447850051,6.8178020703819,6.8178020703819
20398,0.672727272727273,0.672727272727273,0.083990893969009,0.0707070707070707,0.195213210756192,3.33248210677459,3.33248210677459
20399,0.672727272727273,0.672727272727273,0.0867454353157963,0.0575757575757576,0.196784990226118,4.03029154570887,4.03029154570887
20400,0.654545454545455,0.654545454545455,0.0871241092037943,0.0626262626262626,0.190714188646476,4.3308801742207,4.3308801742207
20401,0.681818181818182,0.681818181818182,0.0885223277775911,0.0555555555555556,0.1847923468646,5.18267570615737,5.18267570615737
20404,0.663636363636364,0.663636363636364,0.0971807666926087,0.0595959595959596,0.206038713718468,3.9309075787393,3.9309075787393
20405,0.718181818181818,0.718181818181818,0.179821454021014,0.0606060606060606,0.211870840772726,6.87515739540904,6.87515739540904
20406,0.745454545454545,0.745454545454545,0.225247573029432,0.0626262626262626,0.200749645562394,7.95117047212483,7.95117047212483
20409,0.709090909090909,0.709090909090909,0.2076360495125,0.0595959595959596,0.193197473448792,7.2924885061114,7.2924885061114
20410,0.690909090909091,0.690909090909091,0.191174631946837,0.0656565656565656,0.196718511364971,6.53464817884529,6.53464817884529
20411,0.754545454545455,0.754545454545455,0.160303605520432,0.0727272727272727,0.197665342479835,8.60907413874779,8.60907413874779
20412,0.763636363636364,0.763636363636364,0.261722938169087,0.0575757575757576,0.188180711229463,8.08554435264208,8.08554435264208
20413,0.754545454545455,0.754545454545455,0.131249343869902,0.0909090909090909,0.189460240416356,7.95661402224808,7.95661402224808
20416,0.754545454545455,0.754545454545455,0.154251642920612,0.0636363636363636,0.191464045272371,6.56881386350028,6.56881386350028
20417,0.718181818181818,0.718181818181818,0.195043163281919,0.0636363636363636,0.186911066511495,5.66384209820102,5.66384209820102
20418,0.763636363636364,0.763636363636364,0.220177764829242,0.0686868686868687,0.18396062530275,7.42217990869821,7.42217990869821
20420,0.781818181818182,0.781818181818182,0.133209696385078,0.0838383838383838,0.18336477616437,11.2947145037446,11.2947145037446
20424,0.718181818181818,0.718181818181818,0.17282613922966,0.0939393939393939,0.203731560311994,9.00811886535964,9.00811886535964
20425,0.645454545454546,0.645454545454546,0.110140089573854,0.0676767676767677,0.18928133499687,5.01628600423387,5.01628600423387
20427,0.645454545454545,0.645454545454546,0.109287789688453,0.0686868686868687,0.187650605875666,4.93989554346876,4.93989554346876
20428,0.663636363636364,0.663636363636364,0.119324168451747,0.0656565656565656,0.189018388784762,5.67407615536049,5.67407615536049
20430,0.636363636363636,0.636363636363636,0.120580828657458,0.0838383838383838,0.216479284853836,4.34722799657145,4.34722799657145
20431,0.618181818181818,0.618181818181818,0.117730064973114,0.0777777777777778,0.208798294182994,4.29639620261165,4.29639620261165
20433,0.636363636363636,0.636363636363636,0.109629392720191,0.0797979797979798,0.209803669275153,4.35225854952706,4.35225854952706
20434,0.681818181818182,0.681818181818182,0.087268622455355,0.0646464646464646,0.189372617813607,5.73146413451681,5.73146413451681
20437,0.709090909090909,0.709090909090909,0.0834211741383573,0.0575757575757576,0.182089212526404,5.18918028147263,5.18918028147263
20438,0.681818181818182,0.681818181818182,0.0553148389555415,0.0737373737373737,0.187531296185513,6.90487823243497,6.90487823243496
20439,0.7,0.7,0.0744369627819298,0.0494949494949495,0.186587637752543,5.16173924132018,5.16173924132018
20440,0.690909090909091,0.690909090909091,0.110212838029261,0.0696969696969697,0.185274799251271,4.12928662912714,4.12928662912714
20441,0.690909090909091,0.690909090909091,0.109258610616655,0.0535353535353535,0.183338473171992,5.29235789284518,5.29235789284518
20444,0.754545454545455,0.754545454545455,0.194546123828008,0.101010101010101,0.216222464825933,27.6226892311568,27.6226892311568
20445,0.754545454545455,0.754545454545455,0.176773377809372,0.0727272727272727,0.221454581603065,27.8464684628282,27.8464684628282
20451,0.754545454545455,0.754545454545455,0.17803595852904,0.0767676767676768,0.227051845120294,27.8783920145608,27.8783920145608
20452,0.772727272727273,0.772727272727273,0.184103565685698,0.0868686868686869,0.213928603510479,35.7516737798715,35.7516737798715
