"Date","ALPHABANK","BNPPARIBAS","BRD","BT","ERSTE","ING","UNICREDIT"
2001-01-03,0.142857142857143,0.142857142857143,0.142857142857143,0.142857142857143,0.142857142857143,0.142857142857143,0.142857142857143
2001-01-06,0.142857142857143,0.142857142857143,0.142857142857143,0.142857142857143,0.142857142857143,0.142857142857143,0.142857142857143
2001-01-08,0.142857142857143,0.142857142857143,0.142857142857143,0.142857142857143,0.142857142857143,0.142857142857143,0.142857142857143
2001-01-10,0.142857142857143,0.142857142857143,0.142857142857143,0.142857142857143,0.142857142857143,0.142857142857143,0.142857142857143
2001-01-16,0.142857142857143,0.142857142857143,0.142857142857143,0.142857142857143,0.142857142857143,0.142857142857143,0.142857142857143
2001-01-19,0.142857142857143,0.142857142857143,0.142857142857143,0.142857142857143,0.142857142857143,0.142857142857143,0.142857142857143
2001-01-22,0.142857142857143,0.142857142857143,0.142857142857143,0.142857142857143,0.142857142857143,0.142857142857143,0.142857142857143
2001-01-23,0.142857142857143,0.142857142857143,0.142857142857143,0.142857142857143,0.142857142857143,0.142857142857143,0.142857142857143
2001-01-24,0.142857142857143,0.142857142857143,0.142857142857143,0.142857142857143,0.142857142857143,0.142857142857143,0.142857142857143
2001-01-25,0.142857142857143,0.142857142857143,0.142857142857143,0.142857142857143,0.142857142857143,0.142857142857143,0.142857142857143
2001-01-26,0.142857142857143,0.142857142857143,0.142857142857143,0.142857142857143,0.142857142857143,0.142857142857143,0.142857142857143
2001-01-29,0.142857142857143,0.142857142857143,0.142857142857143,0.142857142857143,0.142857142857143,0.142857142857143,0.142857142857143
2001-01-30,0.142857142857143,0.142857142857143,0.142857142857143,0.142857142857143,0.142857142857143,0.142857142857143,0.142857142857143
2001-01-31,0.142857142857143,0.142857142857143,0.142857142857143,0.142857142857143,0.142857142857143,0.142857142857143,0.142857142857143
2001-02-03,0.142857142857143,0.142857142857143,0.142857142857143,0.142857142857143,0.142857142857143,0.142857142857143,0.142857142857143
2001-02-07,0.142857142857143,0.142857142857143,0.142857142857143,0.142857142857143,0.142857142857143,0.142857142857143,0.142857142857143
2001-02-08,0.142857142857143,0.142857142857143,0.142857142857143,0.142857142857143,0.142857142857143,0.142857142857143,0.142857142857143
2001-02-10,0.142857142857143,0.142857142857143,0.142857142857143,0.142857142857143,0.142857142857143,0.142857142857143,0.142857142857143
2001-02-11,0.142857142857143,0.142857142857143,0.142857142857143,0.142857142857143,0.142857142857143,0.142857142857143,0.142857142857143
2001-02-13,0.142857142857143,0.142857142857143,0.142857142857143,0.142857142857143,0.142857142857143,0.142857142857143,0.142857142857143
2001-02-14,0.142857142857143,0.142857142857143,0.142857142857143,0.142857142857143,0.142857142857143,0.142857142857143,0.142857142857143
2001-02-20,0.142857142857143,0.142857142857143,0.142857142857143,0.142857142857143,0.142857142857143,0.142857142857143,0.142857142857143
2001-02-21,0.142857142857143,0.142857142857143,0.142857142857143,0.142857142857143,0.142857142857143,0.142857142857143,0.142857142857143
2001-02-22,0.142857142857143,0.142857142857143,0.142857142857143,0.142857142857143,0.142857142857143,0.142857142857143,0.142857142857143
2001-02-23,0.142857142857143,0.142857142857143,0.142857142857143,0.142857142857143,0.142857142857143,0.142857142857143,0.142857142857143
2001-02-27,0.142857142857143,0.142857142857143,0.142857142857143,0.142857142857143,0.142857142857143,0.142857142857143,0.142857142857143
2001-02-28,0.142857142857143,0.142857142857143,0.142857142857143,0.142857142857143,0.142857142857143,0.142857142857143,0.142857142857143
2001-03-07,0.142857142857143,0.142857142857143,0.142857142857143,0.142857142857143,0.142857142857143,0.142857142857143,0.142857142857143
2001-03-08,0.142857142857143,0.142857142857143,0.142857142857143,0.142857142857143,0.142857142857143,0.142857142857143,0.142857142857143
2001-03-10,0.142857142857143,0.142857142857143,0.142857142857143,0.142857142857143,0.142857142857143,0.142857142857143,0.142857142857143
2001-03-12,0.142857142857143,0.142857142857143,0.142857142857143,0.142857142857143,0.142857142857143,0.142857142857143,0.142857142857143
2001-03-13,0.142857142857143,0.142857142857143,0.142857142857143,0.142857142857143,0.142857142857143,0.142857142857143,0.142857142857143
2001-03-14,0.142857142857143,0.142857142857143,0.142857142857143,0.142857142857143,0.142857142857143,0.142857142857143,0.142857142857143
2001-03-15,0.142857142857143,0.142857142857143,0.142857142857143,0.142857142857143,0.142857142857143,0.142857142857143,0.142857142857143
2001-03-16,0.142857142857143,0.142857142857143,0.142857142857143,0.142857142857143,0.142857142857143,0.142857142857143,0.142857142857143
2001-03-19,0.142857142857143,0.142857142857143,0.142857142857143,0.142857142857143,0.142857142857143,0.142857142857143,0.142857142857143
2001-03-20,0.142857142857143,0.142857142857143,0.142857142857143,0.142857142857143,0.142857142857143,0.142857142857143,0.142857142857143
2001-03-21,0.142857142857143,0.142857142857143,0.142857142857143,0.142857142857143,0.142857142857143,0.142857142857143,0.142857142857143
2001-03-22,0.142857142857143,0.142857142857143,0.142857142857143,0.142857142857143,0.142857142857143,0.142857142857143,0.142857142857143
2001-03-23,0.142857142857143,0.142857142857143,0.142857142857143,0.142857142857143,0.142857142857143,0.142857142857143,0.142857142857143
2001-03-26,0.142857142857143,0.142857142857143,0.142857142857143,0.142857142857143,0.142857142857143,0.142857142857143,0.142857142857143
2001-03-27,0.142857142857143,0.142857142857143,0.142857142857143,0.142857142857143,0.142857142857143,0.142857142857143,0.142857142857143
2001-03-28,0.142857142857143,0.142857142857143,0.142857142857143,0.142857142857143,0.142857142857143,0.142857142857143,0.142857142857143
2001-03-29,0.142857142857143,0.142857142857143,0.142857142857143,0.142857142857143,0.142857142857143,0.142857142857143,0.142857142857143
2001-04-05,0.142857142857143,0.142857142857143,0.142857142857143,0.142857142857143,0.142857142857143,0.142857142857143,0.142857142857143
2001-04-09,0.142857142857143,0.142857142857143,0.142857142857143,0.142857142857143,0.142857142857143,0.142857142857143,0.142857142857143
2001-04-10,0.142857142857143,0.142857142857143,0.142857142857143,0.142857142857143,0.142857142857143,0.142857142857143,0.142857142857143
2001-04-12,0.142857142857143,0.142857142857143,0.142857142857143,0.142857142857143,0.142857142857143,0.142857142857143,0.142857142857143
2001-04-17,0.142857142857143,0.142857142857143,0.142857142857143,0.142857142857143,0.142857142857143,0.142857142857143,0.142857142857143
2001-04-18,0.142857142857143,0.142857142857143,0.142857142857143,0.142857142857143,0.142857142857143,0.142857142857143,0.142857142857143
2001-04-19,0.142857142857143,0.142857142857143,0.142857142857143,0.142857142857143,0.142857142857143,0.142857142857143,0.142857142857143
2001-04-20,0.142857142857143,0.142857142857143,0.142857142857143,0.142857142857143,0.142857142857143,0.142857142857143,0.142857142857143
2001-04-23,0.142857142857143,0.142857142857143,0.142857142857143,0.142857142857143,0.142857142857143,0.142857142857143,0.142857142857143
2001-04-24,0.142857142857143,0.142857142857143,0.142857142857143,0.142857142857143,0.142857142857143,0.142857142857143,0.142857142857143
2001-04-25,0.142857142857143,0.142857142857143,0.142857142857143,0.142857142857143,0.142857142857143,0.142857142857143,0.142857142857143
2001-04-26,0.142857142857143,0.142857142857143,0.142857142857143,0.142857142857143,0.142857142857143,0.142857142857143,0.142857142857143
2001-04-27,0.142857142857143,0.142857142857143,0.142857142857143,0.142857142857143,0.142857142857143,0.142857142857143,0.142857142857143
2001-05-03,0.142857142857143,0.142857142857143,0.142857142857143,0.142857142857143,0.142857142857143,0.142857142857143,0.142857142857143
2001-05-06,0.142857142857143,0.142857142857143,0.142857142857143,0.142857142857143,0.142857142857143,0.142857142857143,0.142857142857143
2001-05-07,0.142857142857143,0.142857142857143,0.142857142857143,0.142857142857143,0.142857142857143,0.142857142857143,0.142857142857143
2001-05-09,0.142857142857143,0.142857142857143,0.142857142857143,0.142857142857143,0.142857142857143,0.142857142857143,0.142857142857143
2001-05-10,0.142857142857143,0.142857142857143,0.142857142857143,0.142857142857143,0.142857142857143,0.142857142857143,0.142857142857143
2001-05-12,0.142857142857143,0.142857142857143,0.142857142857143,0.142857142857143,0.142857142857143,0.142857142857143,0.142857142857143
2001-05-14,0.142857142857143,0.142857142857143,0.142857142857143,0.142857142857143,0.142857142857143,0.142857142857143,0.142857142857143
2001-05-15,0.142857142857143,0.142857142857143,0.142857142857143,0.142857142857143,0.142857142857143,0.142857142857143,0.142857142857143
2001-05-16,0.142857142857143,0.142857142857143,0.142857142857143,0.142857142857143,0.142857142857143,0.142857142857143,0.142857142857143
2001-05-17,0.142857142857143,0.142857142857143,0.142857142857143,0.142857142857143,0.142857142857143,0.142857142857143,0.142857142857143
2001-05-18,0.142857142857143,0.142857142857143,0.142857142857143,0.142857142857143,0.142857142857143,0.142857142857143,0.142857142857143
2001-05-21,0.142857142857143,0.142857142857143,0.142857142857143,0.142857142857143,0.142857142857143,0.142857142857143,0.142857142857143
2001-05-22,0.142857142857143,0.142857142857143,0.142857142857143,0.142857142857143,0.142857142857143,0.142857142857143,0.142857142857143
2001-05-23,0.142857142857143,0.142857142857143,0.142857142857143,0.142857142857143,0.142857142857143,0.142857142857143,0.142857142857143
2001-05-25,0.142857142857143,0.142857142857143,0.142857142857143,0.142857142857143,0.142857142857143,0.142857142857143,0.142857142857143
2001-05-29,0.142857142857143,0.142857142857143,0.142857142857143,0.142857142857143,0.142857142857143,0.142857142857143,0.142857142857143
2001-05-30,0.142857142857143,0.142857142857143,0.142857142857143,0.142857142857143,0.142857142857143,0.142857142857143,0.142857142857143
2001-05-31,0.142857142857143,0.142857142857143,0.142857142857143,0.142857142857143,0.142857142857143,0.142857142857143,0.142857142857143
2001-06-03,0.142857142857143,0.142857142857143,0.142857142857143,0.142857142857143,0.142857142857143,0.142857142857143,0.142857142857143
2001-06-07,0.142857142857143,0.142857142857143,0.142857142857143,0.142857142857143,0.142857142857143,0.142857142857143,0.142857142857143
2001-06-08,0.142857142857143,0.142857142857143,0.142857142857143,0.142857142857143,0.142857142857143,0.142857142857143,0.142857142857143
2001-06-09,0.142857142857143,0.142857142857143,0.142857142857143,0.142857142857143,0.142857142857143,0.142857142857143,0.142857142857143
2001-06-12,0.142857142857143,0.142857142857143,0.142857142857143,0.142857142857143,0.142857142857143,0.142857142857143,0.142857142857143
2001-06-13,0.142857142857143,0.142857142857143,0.142857142857143,0.142857142857143,0.142857142857143,0.142857142857143,0.142857142857143
2001-06-15,0.142857142857143,0.142857142857143,0.142857142857143,0.142857142857143,0.142857142857143,0.142857142857143,0.142857142857143
2001-06-18,0.142857142857143,0.142857142857143,0.142857142857143,0.142857142857143,0.142857142857143,0.142857142857143,0.142857142857143
2001-06-19,0.142857142857143,0.142857142857143,0.142857142857143,0.142857142857143,0.142857142857143,0.142857142857143,0.142857142857143
2001-06-20,0.142857142857143,0.142857142857143,0.142857142857143,0.142857142857143,0.142857142857143,0.142857142857143,0.142857142857143
2001-06-21,0.142857142857143,0.142857142857143,0.142857142857143,0.142857142857143,0.142857142857143,0.142857142857143,0.142857142857143
2001-06-22,0.142857142857143,0.142857142857143,0.142857142857143,0.142857142857143,0.142857142857143,0.142857142857143,0.142857142857143
2001-06-25,0.142857142857143,0.142857142857143,0.142857142857143,0.142857142857143,0.142857142857143,0.142857142857143,0.142857142857143
2001-06-26,0.142857142857143,0.142857142857143,0.142857142857143,0.142857142857143,0.142857142857143,0.142857142857143,0.142857142857143
2001-06-27,0.120803042161975,0.122744772116109,0.0295240520007044,0.133852841095976,0.385763053811181,0.149018279270862,0.0582939595431931
2001-06-28,0.117475227896989,0.121068203200728,0.0276612493545977,0.132439703773618,0.382285617950409,0.158090434850266,0.060979562973393
2001-06-29,0.116935797739951,0.123685945745221,0.0278075081709108,0.13196940255915,0.379846713049285,0.160212853085216,0.0595417796502661
2001-07-03,0.152821023059536,0.100235234881361,0.0321456131298657,0.151845039683091,0.382951542695186,0.119985819428525,0.0600157271224342
2001-07-05,0.151871307973383,0.0946586491483179,0.0303727110246008,0.154830663197321,0.365273830024429,0.120114533210618,0.0828783054213307
2001-07-08,0.150073413860889,0.0966852885620044,0.0305276659534719,0.158095010180204,0.36209421623621,0.119142684701432,0.083381720505788
2001-07-12,0.148310311880108,0.0888953277156352,0.0336162664877534,0.150201075985909,0.366005126941905,0.132040081926198,0.0809318090624923
2001-07-13,0.144067150210813,0.0792480860790115,0.0357190790398646,0.15830409815414,0.359870622128117,0.134834908577028,0.087956055811026
2001-07-16,0.143690181399584,0.0803446697190423,0.0358997721700678,0.161146526573917,0.357909544190814,0.13173276047574,0.0892765454708337
2001-07-17,0.143750888535949,0.0773843646796619,0.0374450203322627,0.160927682385877,0.36182904453445,0.13176420879399,0.0868987907378094
2001-07-18,0.145007844715775,0.076742808864892,0.0374817797490295,0.160753403432547,0.362211951457789,0.131033448195611,0.0867687635843568
2001-07-19,0.100969310603632,0.0814213747082763,0.0322062730628124,0.167188190612697,0.378648838912271,0.146259920954752,0.0933060911455584
2001-07-20,0.0987262223024762,0.0799222526062916,0.0338135818468416,0.168545049859879,0.379855675716176,0.145759743161916,0.0933774745064206
2001-07-23,0.0968758214926334,0.0814840736909087,0.0330029270926698,0.16486547408962,0.378861343756745,0.150801688398472,0.0941086714789514
2001-07-24,0.0974851605653929,0.0839082197743586,0.0307573044790763,0.16234700827563,0.381186526042259,0.149259704671273,0.0950560761920101
2001-07-25,0.0939852860174749,0.0917023399439395,0.0300025844551239,0.168617650167599,0.380991774671815,0.137950908377306,0.0967494563667423
2001-07-26,0.093124760286259,0.0883180996364112,0.0303810452383561,0.158878220004848,0.38582579579808,0.143667917712217,0.0998041613238285
2001-07-27,0.0880090964931893,0.0861811693238333,0.0300092890730293,0.16425590542993,0.389421648545207,0.138352028885395,0.103770862249417
2001-07-30,0.0803990545611571,0.0968996315367602,0.0285049810169464,0.162781792692198,0.388847089663013,0.13266059172108,0.109906858808845
2001-07-31,0.0877079395214088,0.0722168301280425,0.0259953388309701,0.161669222137869,0.39684521383876,0.140973295083698,0.114592160459252
2001-08-02,0.0859617445307492,0.0722301452488155,0.0263295742771072,0.161620712976022,0.397649505372958,0.140154243697185,0.116054073897163
2001-08-03,0.0824114398416195,0.0620081006129421,0.0267362967498735,0.158431669033021,0.407056614492948,0.147302948799654,0.116052930469941
2001-08-05,0.0795656140950507,0.062623894596458,0.0260478607118004,0.162379063531274,0.406677578137187,0.144508278083441,0.118197710844789
2001-08-08,0.0855665978489683,0.0712842116649494,0.023215699207077,0.159875164725892,0.391893676681938,0.146933991665127,0.121230658206049
2001-08-10,0.083780094902846,0.0854931812816778,0.023545619227263,0.168642935598227,0.385814835926427,0.131493783202111,0.121229549861449
2001-08-11,0.0847072804767584,0.08596696326212,0.0236126282061058,0.167275712688863,0.387038451158365,0.129158939773689,0.122240024434099
2001-08-13,0.0876940284669298,0.0772364722120841,0.0236908726941157,0.163367127868726,0.383677593627121,0.137567073649819,0.126766831481204
2001-08-14,0.0895235089355945,0.0840078599730869,0.0227956769989741,0.164836384641696,0.379026989651828,0.139066396386291,0.120743183412529
2001-08-16,0.0901081141976098,0.0851322676075746,0.0226183625779654,0.165465135628094,0.378258016580542,0.137736363508671,0.120681739899543
2001-08-17,0.0934845479087291,0.0763081700725841,0.0212444609088844,0.156414288268194,0.383313911277673,0.148434428096429,0.120800193467507
2001-08-20,0.0918122425394474,0.072136929267053,0.0223653601940111,0.156644712553536,0.386698937140251,0.145973751898821,0.12436806640688
2001-08-21,0.0837764146299273,0.0730873749394403,0.0247998960254836,0.158759834194519,0.400025977647183,0.131383902054065,0.128166600509383
2001-08-22,0.0820755409314311,0.0649344228052216,0.0254758969549476,0.1568326335639,0.402896634147973,0.136381714146236,0.131403157450291
2001-08-23,0.0825783814429618,0.0820054192213623,0.0224074028504874,0.158844704966471,0.408594613526649,0.121244031259443,0.124325446732625
2001-08-24,0.0833298835108617,0.0823077476011556,0.0215964274061446,0.157265257243757,0.405754044748439,0.126488530167101,0.123258109322541
2001-08-27,0.0842549917575227,0.0865002085264029,0.0205571269967604,0.156337239332418,0.402895128697262,0.125987682865662,0.123467621823972
2001-08-28,0.0889573517791195,0.0797968902184579,0.0168863792722484,0.157177685201278,0.415180415159874,0.120312087035508,0.121689191333514
2001-08-29,0.0861196436637211,0.0709470329825921,0.0212035950134347,0.155004090944994,0.414804739890865,0.126049885812264,0.125871011692129
2001-08-30,0.0895710954750419,0.0763452159308155,0.0277656681027951,0.154569758877854,0.413701139435808,0.120238808485296,0.117808313692389
2001-08-31,0.0814893257389515,0.136921549051407,0.062984232205652,0.137369810992456,0.41389937135962,0.0814922131783066,0.0858434974736062
2001-09-02,0.0785844116196521,0.147208567898162,0.0665231162370823,0.136001076250599,0.410671875295304,0.0772284531068053,0.0837824995923955
2001-09-03,0.0793294869736407,0.174193670229873,0.0726857987537545,0.133691642488313,0.408016671672931,0.0498794852662767,0.0822032446152113
2001-09-05,0.0760009865857607,0.189713226457861,0.055564098013973,0.134980956674931,0.405945749489821,0.046222143483721,0.0915728392939328
2001-09-07,0.0657315296614452,0.198808349771145,0.0563745408600171,0.136238770403615,0.406946220748247,0.0390095602072838,0.0968910283482467
2001-09-08,0.0646124179997519,0.178378446628739,0.0818914789047265,0.132147788560773,0.412523069685222,0.0351553815598808,0.0952914166609066
2001-09-10,0.0648041929365837,0.181501940213641,0.0763699519507546,0.144056953635905,0.405592582240244,0.0345096560445169,0.0931647229783548
2001-09-11,0.0652030508894371,0.187549379186357,0.0819753099298821,0.146763742654695,0.39982561336131,0.0336258838242194,0.0850570201541002
2001-09-17,0.0777951075320102,0.211838643167932,0.0667221234422756,0.115779249063024,0.345947969232584,0.0458601973308413,0.136056710231334
2001-09-18,0.0768582939569994,0.191158127328978,0.059297562489188,0.11973785653868,0.359322232963162,0.0480785366421652,0.145547390080828
2001-09-19,0.0757262008143566,0.185579613318156,0.0645908924840128,0.119968446734792,0.362630468742811,0.0471295717283769,0.144374806177494
2001-09-20,0.0652985968484536,0.122122615043102,0.0821629579023303,0.0961411884312348,0.434883204278677,0.0693949280699476,0.129996509426255
2001-09-21,0.107411064673563,0.131781630027923,0.0578585279811778,0.117301790159487,0.310579095145608,0.11745988939717,0.157608002615071
2001-09-24,0.117893048337346,0.12493455519037,0.109637350995136,0.119026716419762,0.33580379260604,0.121865919748616,0.0708386167027293
2001-09-25,0.119294010184321,0.0935900274366944,0.0962688123555421,0.13055645628903,0.354515977814343,0.131416884929925,0.0743578309901442
2001-09-26,0.122074636846639,0.083372260429322,0.0989706845937923,0.122159858534054,0.360577929903887,0.138230881132045,0.0746137485602601
2001-09-27,0.122941848746929,0.0835010879887752,0.100451838503345,0.123627237648357,0.357069171403944,0.13929981808561,0.0731089976230404
2001-09-28,0.123132862286525,0.0966735426268366,0.0946776601109007,0.128966631388029,0.364189813230383,0.136184050896129,0.056175439461197
2001-10-05,0.127396325283749,0.0718837632644619,0.0993111732293175,0.13784573202926,0.356040778685623,0.139257060670141,0.0682651668374473
2001-10-07,0.12735143328062,0.0785233544320149,0.100122373954907,0.134605933361001,0.363282761220995,0.135357558580503,0.0607565851699586
2001-10-08,0.125676517681418,0.0902208636943446,0.0849231097483044,0.127179943118939,0.373281585941122,0.136752002373196,0.061965977442676
2001-10-09,0.115923010579566,0.0781404331034276,0.0824472893989114,0.125151944639302,0.377171879606338,0.145321758867007,0.0758436838054471
2001-10-10,0.113043622651635,0.0877560424247048,0.0824818008974799,0.129967186209915,0.386106714613342,0.137732932346976,0.0629117008559465
2001-10-12,0.108690729478291,0.0551225783456159,0.0734077514803062,0.124225582072843,0.420383318078873,0.140732156006454,0.0774378845376155
2001-10-15,0.111100129139492,0.0495781556829528,0.0649686151306999,0.129512898048879,0.418425609090269,0.142860272985143,0.0835543199225651
2001-10-16,0.106530976760353,0.0739539360227646,0.052028585849021,0.136246446245344,0.430237956649133,0.129919710856665,0.0710823876167197
2001-10-17,0.0998075420628348,0.0714042549660642,0.0484483107762898,0.143868205713006,0.441967461020953,0.123636205979476,0.0708680194813762
2001-10-18,0.107094264229643,0.0950725355717835,0.0461618446342515,0.1505523522524,0.401444375067072,0.126345872132779,0.0733287561120718
2001-10-19,0.114194695691313,0.120848985516181,0.061941883454693,0.14835427437986,0.37276756514541,0.129971794460181,0.0519208013523623
2001-10-22,0.121198560704911,0.106276397058174,0.0689789139103192,0.148421488708211,0.363221073831208,0.130324811672398,0.0615787541147782
2001-10-23,0.129020878567052,0.139740924100973,0.0590898603542946,0.147189366436235,0.370104376460904,0.129441548416662,0.0254130456638802
2001-10-24,0.126560896420395,0.140023150127317,0.054901398862515,0.155082900338183,0.361638904050426,0.128044464113907,0.0337482860872578
2001-10-25,0.131597567774425,0.152717112074997,0.0553800967575813,0.151801291432265,0.355346250682833,0.133626879476128,0.0195308018017712
2001-10-29,0.127937707568583,0.160206856392839,0.0475532476824605,0.15224356974526,0.367629622337446,0.129448227193432,0.0149807690799786
2001-10-30,0.127500749324727,0.174072293334599,0.0426248673556784,0.157772519586698,0.372383210445061,0.123289811054445,0.00235654889879216
2001-10-31,0.109828820144739,0.208696507461405,0.0486790438012246,0.179055733115103,0.348114109483341,0.105625785994188,0
2001-11-04,0.115003980452227,0.208612572802014,0.0534460307844381,0.175211190974438,0.339334706133439,0.108391518853444,0
2001-11-05,0.115723006352227,0.210417956825509,0.0522431970811873,0.176196998897244,0.337220873679299,0.108197967164533,0
2001-11-06,0.106096745677035,0.216834233296671,0.0528287660585833,0.182368839678128,0.3216445758953,0.120226839394283,0
2001-11-07,0.099026253726742,0.214416377758874,0.0549426160940883,0.190028602084646,0.322588942859582,0.117817654482687,0.00117955299337982
2001-11-10,0.0985074725256353,0.217360997627159,0.0643469392290117,0.187816572882032,0.311132228691258,0.120835789044904,0
2001-11-12,0.0980617331418348,0.213719734479269,0.0674521646464282,0.190040504294262,0.307142262561439,0.120748556248327,0.00283504462844023
2001-11-13,0.11342335871394,0.213454111373521,0.0643987588942254,0.199952621620766,0.293293331883979,0.115477817513568,0
2001-11-14,0.117892293314353,0.224313960209801,0.0836398882220074,0.223816330734791,0.24527297929671,0.105064548222337,0
2001-11-15,0.115932937109011,0.225966872537091,0.0872326868489994,0.233956724537316,0.227517178250563,0.109393600717019,0
2001-11-16,0.110145882394158,0.230040534249032,0.0870266922741483,0.233841013328933,0.228343080042145,0.110602797711584,0
2001-11-19,0.109852685035342,0.229574008100086,0.0874884962038852,0.233849618732659,0.228252706603248,0.11098248532478,0
2001-11-20,0.110921625181519,0.228785635341882,0.0876399113457821,0.233791018113654,0.228090049712992,0.110771760304171,0
2001-11-21,0.110646947552497,0.229298653750965,0.0876245894678417,0.233974273611662,0.228076179549486,0.110379356067548,0
2001-11-23,0.113606700072468,0.217798104992007,0.087618141372935,0.236406613647183,0.231580598031692,0.112989841883715,0
2001-11-26,0.118306899510313,0.217244531672817,0.0917227164241705,0.235902067156595,0.22729980361384,0.109523981622265,0
2001-11-27,0.120556309033206,0.215568340101664,0.0953725295190179,0.23482065047774,0.223817234835459,0.109864936032913,0
2001-11-28,0.118424500066926,0.217648817095,0.0974674788674724,0.232881889845087,0.223548051968653,0.110029262156862,0
2001-11-29,0.116256022837267,0.221075802849392,0.0972412681798863,0.234147933783237,0.220199895553925,0.111079076796293,0
2001-11-30,0.0974363711965745,0.243411726916907,0.087960696921882,0.221434296490492,0.226526608050113,0.123230300424032,0
2001-12-02,0.0982953031972157,0.246745120437553,0.0875328870345885,0.223564271333386,0.221986630127259,0.121875787869997,0
2001-12-03,0.0929393252935171,0.239278204283479,0.0922215291908626,0.226181378121719,0.229316588793375,0.120062974317047,0
2001-12-04,0.0907351329577309,0.2383658619865,0.089829584618051,0.232084752390305,0.230090695972604,0.118893972074809,0
2001-12-06,0.100700453523988,0.231414192286355,0.0882984050483201,0.220935332491645,0.238534494426278,0.120117122223414,0
2001-12-07,0.0972580922272262,0.232144202617431,0.0942744322901798,0.223144429635004,0.239368671474791,0.113810171755368,0
2001-12-10,0.0946191803005561,0.233353955439106,0.0927944550900908,0.222092756044447,0.241047691777301,0.1160919613485,0
2001-12-11,0.0737075733521283,0.242449915169651,0.0958448290559355,0.225963319123725,0.23908497441588,0.122949388882679,0
2001-12-12,0.110104991745281,0.224532727679608,0.104319605834988,0.216826101574785,0.229208009543205,0.115008563622133,0
2001-12-13,0.107728986555706,0.222900477168473,0.105088415744707,0.218309857518915,0.231209853307931,0.114762409704268,3.46944695195361e-18
2001-12-14,0.118066287650451,0.218360974223074,0.105567043430937,0.21823735538541,0.22747768452136,0.112290654788769,3.46944695195361e-18
2001-12-17,0.128798462139192,0.196979083261508,0.113315497446111,0.216990785894423,0.229548409728579,0.114367761530186,0
2001-12-18,0.125674195493468,0.201533100313872,0.112815828931249,0.212244006162546,0.228866003738255,0.11886686536061,0
2002-01-02,0.126003713147124,0.198427257272453,0.110811920009447,0.218979149741366,0.229045260198594,0.116732699631016,0
2002-01-03,0.126562608453734,0.234735373025909,0.0626206128444971,0.240741578776698,0.219502523728345,0.115837303170817,0
2002-01-07,0.146273639703586,0.219196311299496,0.0679515890392054,0.239937184554276,0.211975451536149,0.114665823867288,0
2002-01-10,0.151850118854672,0.217428179952222,0.0706892072737641,0.242099723365569,0.206424769651579,0.111508000902194,0
2002-01-14,0.143671838017159,0.220047704351041,0.0703541861456512,0.243548453608459,0.211600973561702,0.110776844315988,0
2002-01-15,0.148809746399687,0.235237286215623,0.0692649559579211,0.247329536749467,0.193862133224953,0.105496341452348,0
2002-01-16,0.15039159530394,0.233743857079257,0.0679204859747222,0.248659727127127,0.194758173659202,0.104526160855752,0
2002-01-17,0.129369613866984,0.225422542056586,0.06226569504457,0.258830926394098,0.200787795929343,0.123323426708419,0
2002-01-18,0.129983809301673,0.220107274334159,0.064376977729857,0.255383497655797,0.200746244142543,0.129402196835971,0
2002-01-22,0.138621242420859,0.219741763468923,0.0682959878561937,0.254651568546788,0.180528193655471,0.138161244051765,0
2002-01-23,0.140486403644531,0.217384872282783,0.0602139310130398,0.255229692521329,0.18939481744694,0.137290283091376,0
2002-01-24,0.141009281697278,0.214387268071858,0.0613959756522684,0.256447102075183,0.189474417275826,0.137285955227586,0
2002-01-25,0.141731505272858,0.216595380158098,0.058844714885093,0.259474401401407,0.188511717983534,0.134842280299009,0
2002-01-28,0.142174750232718,0.211716894586977,0.0659522669955836,0.261569241036829,0.183546960317723,0.13503988683017,0
2002-01-29,0.14302902978433,0.20776192413813,0.0652233476901349,0.260332339659972,0.187375094283175,0.136278264444257,0
2002-01-30,0.143016031940171,0.2053859272634,0.0659020757203455,0.262045068224541,0.18696935927337,0.136681537578173,0
2002-01-31,0.147076217153559,0.194957298269697,0.0654090811807923,0.263993839628666,0.193559239313469,0.135004324453817,0
2002-02-04,0.141649062548706,0.196060668386706,0.0661202460830331,0.263711658656382,0.19799639044164,0.134461973883533,0
2002-02-07,0.1520218785238,0.161818503796997,0.0707183278478228,0.284626868969065,0.206118767406278,0.124695653456038,0
2002-02-08,0.155978553085953,0.169474855641472,0.0733736986157934,0.293367561832361,0.180992703832379,0.126812626992042,0
2002-02-10,0.148259261096226,0.173297566910856,0.0734638866232053,0.292448686326638,0.180539804903332,0.131990794139743,6.93889390390723e-18
2002-02-12,0.1445013761281,0.195698801164366,0.0709920420561386,0.294871578322792,0.163252313719381,0.130683888609223,0
2002-02-13,0.142117365635407,0.198154912396574,0.0753489060822438,0.292493816323372,0.158131731878139,0.133753267684264,0
2002-02-14,0.146506484620859,0.197478675776773,0.075142660499968,0.29311506026537,0.155786012262657,0.131971106574373,0
2002-02-15,0.146116993299441,0.197605633405667,0.0757331885274927,0.293268698828704,0.155564384533517,0.131711101405178,0
2002-02-19,0.11074335789963,0.171983824277996,0.0686265906784948,0.280688767168192,0.156479949020654,0.211477510955033,0
2002-02-20,0.113542414550887,0.17322868038669,0.0706749264442159,0.277898140272064,0.154574286675898,0.210081551670246,0
2002-02-21,0.141592634511527,0.147158238928728,0.0736124698615878,0.269098057549588,0.146684777561405,0.221853821587165,0
2002-02-22,0.141258962636329,0.147199980038368,0.0728762109897937,0.268804209548572,0.148426555543754,0.221434081243184,0
2002-02-25,0.142730666795975,0.147494132112472,0.0719050110753518,0.270098797185267,0.146795441592918,0.220975951238015,0
2002-02-26,0.139651366465685,0.144473322109569,0.0701313065680349,0.268085047521763,0.153603465007647,0.224055492327302,0
2002-02-27,0.124441252783735,0.142361176547003,0.0667493579477193,0.317287970828036,0.155173400520039,0.193986841373468,0
2002-02-28,0.120129936417372,0.149654203577235,0.0725102232838223,0.312287195705505,0.151033053236059,0.194385387780007,0
2002-03-01,0.124053082116297,0.14255119621213,0.0692341708542643,0.315753811972115,0.156400279026935,0.192007459818259,0
2002-03-04,0.167475835134883,0.160665538786057,0.0631841343554049,0.326435183362976,0.134850088658769,0.147389219701909,1.38777878078145e-17
2002-03-06,0.135989513073983,0.17276355098901,0.0750923806796794,0.316195455319972,0.187945236297492,0.112013863639863,0
2002-03-07,0.141797905839746,0.190191352312102,0.0599773120570138,0.315611851810519,0.183267628979424,0.109153949001195,0
2002-03-10,0.134934876972795,0.186135883977219,0.0710149387014971,0.324752451606915,0.17271634712117,0.110445501620403,0
2002-03-12,0.117682656090671,0.205405166490665,0.0616455830697711,0.349411847405654,0.162162937440568,0.103691809502671,0
2002-03-13,0.11827317204481,0.174268732259522,0.150289991929587,0.0929904298473295,0.236161468132591,0.228016205786161,0
2002-03-14,0.125741502945075,0.176753952830222,0.150302412028832,0.088042281796072,0.230995234512022,0.228164615887777,0
2002-03-15,0.11638333868403,0.192276882581472,0.14905951537554,0.07855407604143,0.231801894464379,0.231924292853149,0
2002-03-20,0.138731641852146,0.182285197932576,0.091738868425025,0.0804410831791792,0.245370845950702,0.261432362660372,0
2002-03-21,0.148372074387196,0.195477236968165,0.0264383106480961,0.0816289402330325,0.26272495899304,0.28535847877047,0
2002-03-22,0.188792184462253,0.189564501672645,0.027265567388871,0.0846082806165805,0.236880341170363,0.272889124689287,0
2002-03-28,0.176631698429564,0.179448794566313,0.0247260309666988,0.0808420162191365,0.218570044254081,0.319781415564208,0
2002-04-01,0.180939625019059,0.178292418422891,0.0252384792528392,0.0818708177826842,0.220898755608255,0.309780793252095,0.00297911066217569
2002-04-02,0.177834328226968,0.179172128298578,0.0275005768862696,0.0811916826121259,0.226266589768581,0.30136408773409,0.00667060647338724
2002-04-03,0.181260106024913,0.162769467813315,0.0317107532971345,0.0804960288892675,0.208974577795057,0.329770277533462,0.00501878864685114
2002-04-06,0.195223938058432,0.145505703204122,0.0318690351179485,0.0764712584526288,0.189839350782118,0.354387231845226,0.00670348253952511
2002-04-10,0.252955465273969,0.0735660574736752,0.0349443098986481,0.0729059560822269,0.165431187093546,0.393058922769204,0.0071381014087306
2002-04-11,0.238478514448283,0.0555911837084609,0.0344929883883371,0.0720378354345835,0.181218455395289,0.406506476679225,0.011674545945821
2002-04-12,0.241135138028794,0.0489372690551596,0.0351980511520504,0.0712026014041068,0.182410056222861,0.403619430917194,0.017497453219834
2002-04-15,0.253758624609694,0.0361466073966679,0.0339206389958222,0.068294233347836,0.178924867547706,0.388059057693208,0.0408959704090656
2002-04-17,0.245026162606513,0.0418596422337587,0.0387833372079019,0.0694204471062926,0.184336306677049,0.389934853706402,0.0306392504620824
2002-04-18,0.24563907913458,0.0381423491512114,0.0388184901646826,0.0691703684346938,0.186700431370972,0.385449138198576,0.036080143545284
2002-04-19,0.223109897045719,0.0370132177687217,0.0393787934594557,0.0683575114293208,0.182315569940846,0.413910227978584,0.0359147823773529
2002-04-22,0.210295149261835,0.0196685526466683,0.0402082132658815,0.0668669367346078,0.173845132996239,0.434564386686768,0.0545516284079999
2002-04-23,0.232138562514665,1.73472347597681e-18,0.0353540159649906,0.0610121766349879,0.170624310052327,0.450309884716925,0.0505610501161045
2002-04-24,0.23563121552117,0,0.0345683775837118,0.0612750700781769,0.168490927844353,0.448529591076616,0.0515048178959717
2002-04-25,0.232344073509629,0,0.0348617791638668,0.0610672899864959,0.172625275948145,0.449938076167058,0.0491635052248053
2002-04-26,0.242790786049269,0,0.034648259457982,0.0612459703117407,0.175945974184441,0.44506896299248,0.0403000470040877
2002-04-29,0.252407367762523,0.00534239306458494,0.0281729238433511,0.0570153186786245,0.146127817902536,0.470552494785899,0.0403816839624818
2002-04-30,0.249679621103149,3.61300824134982e-06,0.0273835431677388,0.0566190981869304,0.145033970701286,0.467410311155048,0.0538698426776061
2002-05-02,0.24628315256333,0,0.0281579539967183,0.056305333246893,0.15206300744039,0.465141450236017,0.0520491025166519
2002-05-03,0.211067509186485,0,0.0286253592399815,0.0539806213776055,0.149281705756478,0.488278870987899,0.068765933451551
2002-05-06,0.180973283261666,0,0.0195935230829931,0.0478609826968403,0.171666059078411,0.522630541317034,0.0572756105630559
2002-05-07,0.185064488875459,0,0.0199584680016112,0.0467100765236939,0.178439313478876,0.505070914799633,0.0647567383207268
2002-05-08,0.198432409742246,3.46944695195361e-18,0.0213454777435867,0.0486123050696899,0.17792530166876,0.487693858205939,0.0659906475697793
2002-05-11,0.197670285608735,0,0.0213019382158397,0.0480598729042359,0.174355151601997,0.486792612567789,0.071820139101403
2002-05-12,0.196142605192889,0,0.0212091037491935,0.0480786820107854,0.169292502087601,0.488627540267549,0.076649566691982
2002-05-13,0.196926491285429,0,0.0210034355696135,0.0478110192913187,0.168704570609166,0.487985657842637,0.0775688254018353
2002-05-14,0.211064913766889,0,0.019995826426652,0.0473031204151185,0.165525841065267,0.48020584030696,0.0759044580191135
2002-05-15,0.211228534725082,0,0.0197507155924451,0.0477610752377691,0.165708531024683,0.490516450550383,0.065034692869638
2002-05-16,0.211182624924134,0,0.0198457756883315,0.0476195230681798,0.165691406143086,0.490721588773678,0.0649390814025907
2002-05-17,0.212559460004766,0,0.0199208144732219,0.0470620366174966,0.163370685966265,0.490086747665352,0.067000255272898
2002-05-21,0.213960185596894,0,0.0200715455288629,0.0462618958341939,0.156457789624107,0.49049004436374,0.0727585390522029
2002-05-22,0.209761506906126,0,0.0198319786042085,0.0460789216389973,0.157117658296698,0.49243135536163,0.0747785791923402
2002-05-23,0.211193972689018,0,0.0195482605466168,0.0469458991837184,0.157618761022416,0.494886494356239,0.0698066122019918
2002-05-24,0.206858630281807,0,0.0193907534054255,0.0461459553603234,0.153506701436999,0.499379341698812,0.0747186178166331
2002-05-28,0.222942078001041,0,0.0195706907697931,0.0460820064520633,0.147532287559613,0.491633322612626,0.0722396146048632
2002-05-29,0.220349159006066,0,0.0197357782702879,0.0456420622862657,0.145953907454189,0.494497230094492,0.0738218628887
2002-05-31,0.233304533700123,0,0.0159697102705348,0.0468149469211941,0.144016097441572,0.511308321584415,0.0485863900821607
2002-06-02,0.241283981804345,0,0.0166991145337527,0.0482641670517513,0.14308628501368,0.502305670667032,0.0483607809294399
2002-06-03,0.242787782889104,0,0.0167086779150484,0.047915308876724,0.138836969315324,0.496231499202343,0.0575197618014567
2002-06-06,0.248786549626465,0,0.0151949868490018,0.0478713673603653,0.136341395829234,0.494824778759268,0.0569809215756655
2002-06-08,0.241749207645534,0,0.0154636306232679,0.0456093960861335,0.131704887755326,0.502583513974068,0.0628893639156708
2002-06-11,0.243350047780931,0,0.0154189649129308,0.045724864682253,0.132043783669569,0.502548387969587,0.0609139509847295
2002-06-12,0.236892784185272,0,0.0146276229446473,0.04404785884863,0.118390079045335,0.507385189805551,0.0786564651705647
2002-06-13,0.238117976819607,0,0.0146654819940964,0.0448093666431606,0.120912309504182,0.510484840729257,0.0710100243096964
2002-06-14,0.233910591135106,0,0.0132923645859026,0.0450860289518416,0.124200773885052,0.519379535885677,0.0641307055564206
2002-06-28,0.234552825336897,0,0.0236599660615766,0.0385025313902496,0.126542313649365,0.479212425138979,0.0975299384229329
2002-07-01,0.200422279510704,0,0.0213266836090049,0.0374256068338356,0.122590199234897,0.509408342122904,0.108826888688655
2002-07-02,0.198595890999801,0,0.020810788778631,0.0371772333770019,0.123241519836318,0.510533853895012,0.109640713113237
2002-07-06,0.2090961711996,0,0.0210573429248588,0.0369280010861933,0.118599328038872,0.501439891642642,0.112879265107833
2002-07-08,0.187232605589226,0,0.0181445821136359,0.0365995736687004,0.124129522826985,0.517770268935374,0.116123446866079
2002-07-10,0.176622663181648,6.93889390390723e-18,0.0214942773353007,0.035496873331459,0.0825261510021171,0.52577730318929,0.158082731960185
2002-07-11,0.186668665867451,0,0.0225803684523126,0.0356551790296606,0.0806580986688939,0.517464756256663,0.156972931725019
2002-07-15,0.209319198290301,0,0.019044523242889,0.038348309226601,0.0972583821458929,0.508869298895926,0.12716028819839
2002-07-16,0.207818466784323,0,0.0191268075024894,0.0384872026451246,0.101087690158589,0.505874018149641,0.127605814759833
2002-07-17,0.211939880273059,0,0.0236079043256417,0.0373813470782319,0.0982650861267699,0.497541063096724,0.131264719099573
2002-07-18,0.214213852879741,0,0.0234117075894029,0.0371313032742584,0.0976388731875829,0.497268767455298,0.130335495613716
2002-07-19,0.220166046925416,0,0.0293878529670181,0.0388680244900323,0.0983636183217535,0.490239863883067,0.122974593412713
2002-07-22,0.212224447866426,0,0.0294309083128532,0.0385806260008718,0.0981580048579179,0.501160771409813,0.120445241552118
2002-07-23,0.200132246181605,0,0.0280475221168671,0.0359572367493879,0.115764554370305,0.479297239350091,0.140801201231745
2002-07-24,0.220431060151288,0,0.0327413997222587,0.0380221805327678,0.0888033635234288,0.471888324295544,0.148113671774712
2002-07-25,0.220960118145519,0,0.0330087538688743,0.0380393153718407,0.0878739196032906,0.474364833406462,0.145753059604014
2002-07-26,0.249140189481894,0,0.0347666854585808,0.040312084850362,0.0765779688405887,0.437760778005031,0.161442293363543
2002-07-29,0.24191936972341,0,0.0320188235551986,0.0401862489931956,0.0775464585144126,0.461406845176294,0.146922254037489
2002-08-01,0.233669458690589,0,0.0315026595095228,0.0389162146910438,0.0823454227593302,0.456123361397612,0.157442882951902
2002-08-02,0.234479408371099,0,0.0316467507349127,0.0391735716976543,0.0796548222973825,0.456212656234525,0.158832790664426
2002-08-03,0.241522089364294,0,0.0314242928442959,0.0405506268086544,0.0880344952586246,0.449640788999388,0.148827706724743
2002-08-05,0.223552356933198,0,0.0310199236239618,0.0406428344717047,0.0923455174805291,0.456180698578335,0.156258668912272
2002-08-07,0.232548968061679,0,0.0317516673204784,0.0391811352443519,0.0875115352381387,0.44894289734101,0.160063796794343
2002-08-08,0.232571381902227,0,0.0312795578611449,0.0392933853740656,0.0876004586042044,0.449593578772929,0.159661637485429
2002-08-10,0.243556394013892,0,0.0307243951393153,0.0391439577711719,0.0774059359046196,0.454484906378444,0.154684410792558
2002-08-11,0.239448535483048,0,0.0305814724719132,0.0394543723464086,0.0787955736234846,0.459321728057402,0.152398318017744
2002-08-13,0.236829273937696,0,0.0296750486929707,0.0393760341723903,0.0779611142792786,0.46199731413366,0.154161214784005
2002-08-14,0.234927926915396,0,0.0298990471878509,0.0387337133159664,0.0741551004011631,0.46137181368485,0.160912398494774
2002-08-16,0.235356767479402,0,0.0294459471921027,0.0388454261451185,0.076990768076776,0.466569385871384,0.152791705235217
2002-08-19,0.244664461530714,0,0.0292746525616856,0.0386643298181152,0.0843023242285148,0.460015110309722,0.143079121551249
2002-08-20,0.243057102319489,0,0.0294891346452772,0.0383209394565914,0.0823757966469973,0.460115681623052,0.146641345308593
2002-08-21,0.228450227600193,0,0.0293308238164205,0.038035413447995,0.0815983069876451,0.474133087719868,0.148452140427879
2002-08-22,0.216668637771801,0,0.0311053314088721,0.0344428749021475,0.0747927353003978,0.480930316736208,0.162060103880574
2002-08-23,0.23786545227494,0,0.0296763811748511,0.0339851580644312,0.0716842655195842,0.469668509835697,0.157120233130496
2002-08-26,0.242236150017762,0,0.029273951665606,0.0339141230637671,0.06937251786459,0.469540083432562,0.155663173955713
2002-08-27,0.240783942337476,0,0.0293854459318041,0.0335848120245901,0.0618429256482181,0.479932861637966,0.154470012419946
2002-08-28,0.253611634643904,0,0.028533262958906,0.0312275051316699,0.0616927549541597,0.463218298043607,0.161716544267753
2002-08-29,0.240941538244974,0,0.0295788191359917,0.029951229698036,0.0660971046140401,0.470760574904707,0.162670733402251
2002-08-30,0.257222656788478,0,0.0228106170047869,0.0777669889353316,0.0443203680854373,0.437419383228676,0.16045998595729
2002-09-01,0.25697084222993,0,0.0239807457988279,0.0698467146139763,0.0440047839192139,0.441168217793717,0.164028695644335
2002-09-07,0.256266980525726,0,0.0202640461404343,0.0928291050193202,0.0420279506223055,0.425145301257902,0.163466616434312
2002-09-08,0.251332479309248,0,0.0231847285530739,0.0942062152106357,0.0442975308108456,0.422948602001308,0.164030444114889
2002-09-09,0.262655583135672,0,0.109189691338147,0.0571727094080358,0.03986548842523,0.37527914427849,0.155837383414425
2002-09-10,0.257967861195508,0,0.111395218149833,0.0518928596683715,0.0486914294774992,0.378908157632169,0.151144473876619
2002-09-12,0.24704317756505,0,0.108455687106254,0.0488180626186905,0.0516890074910639,0.385007070493121,0.15898699472582
2002-09-13,0.246657021068876,0,0.106462691540539,0.043730021474132,0.050393393338636,0.400736258664854,0.152020613912963
2002-09-16,0.237466995771312,0,0.101882388065645,0.0424931780521349,0.0500185556284169,0.409517875775919,0.158621006706572
2002-09-17,0.239919008348586,0,0.0927968149618497,0.0416083269657747,0.0553992907644401,0.411601610136643,0.158674948822707
2002-09-18,0.234952728442573,0,0.0970305386639105,0.0389943570069499,0.0567037351288144,0.413096375433473,0.15922226532428
2002-09-19,0.21189724655503,0,0.0791308867971983,0.0590866177510957,0.0681636511093783,0.405418871059764,0.176302726727534
2002-09-20,0.22547955326268,0,0.074838024848832,0.061562803053978,0.0633746809183451,0.386920735649246,0.187824202266918
2002-09-23,0.222813246162082,0,0.0716956975525271,0.0726152559199126,0.0608158453851059,0.388174666773744,0.183885288206628
2002-09-24,0.191246046618612,0,0.084640811903234,0.0649644339673993,0.0636411630337453,0.418619895115623,0.176887649361387
2002-09-25,0.197388449277453,0,0.0720768618267002,0.0661966832891876,0.0652905648216415,0.423227392346173,0.175820048438844
2002-09-26,0.193521021951209,0,0.0771049726632628,0.0622512736125775,0.0692475073609708,0.445719036495199,0.15215618791678
2002-09-27,0.194773294449785,0,0.0789521634802036,0.0612514108999818,0.0686425722324829,0.444310811426593,0.152069747510954
2002-09-30,0.185278891200979,0,0.0777853056692192,0.0615625771146801,0.0709269159869002,0.452250192124029,0.152196117904192
2002-10-01,0.197597103392601,0,0.0846632254010033,0.0686868215464127,0.0734342574346473,0.424295860226536,0.1513227319988
2002-10-05,0.198480151441059,0,0.0855611444287859,0.0676392112687249,0.0731753237481674,0.424559551772459,0.150584617340804
2002-10-06,0.198195305922506,0,0.084680953454186,0.0682181159102924,0.0734003371487314,0.427357819804786,0.148147467759498
2002-10-07,0.190484046720042,0,0.091412409550554,0.0667804255861598,0.0768495526890072,0.426401430248055,0.148072135206183
2002-10-09,0.207935893769917,0,0.107957542899094,0.0800243015813657,0.0909509802169941,0.384277960024593,0.128853321508036
2002-10-10,0.206539644050821,0,0.108182349993473,0.0845560364308963,0.0895938671535377,0.38732396787007,0.123804134501202
2002-10-12,0.208482408688446,0,0.10442728120741,0.0862699757760283,0.0875125915600012,0.388633953751669,0.124673789016446
2002-10-14,0.208190890255314,0,0.0952627393852462,0.0862324824999689,0.0850361358774226,0.402517067618617,0.12276068436343
2002-10-15,0.250671268817211,0,0.0856229728637355,0.0927689656004591,0.0814972026999255,0.407258825294049,0.0821807647246196
2002-10-16,0.251688134372555,0,0.0846289918527282,0.0919713771515593,0.0806500464918327,0.409528565095593,0.081532885035732
2002-10-17,0.257503489641665,0,0.074077986620416,0.0881986191703355,0.0635202206889323,0.434943986224462,0.081755697654189
2002-10-18,0.252807858257966,0,0.07747733787758,0.0844086349486666,0.0656159895779249,0.436371520847794,0.0833186584900688
2002-10-21,0.252772141516632,0,0.0775782583086162,0.0844799361034094,0.0657708957567994,0.436294064408777,0.0831047039057663
2002-10-22,0.254857601711285,0,0.0775719781623432,0.0859799348252016,0.0653642566205245,0.434271955883339,0.0819542727973069
2002-10-23,0.247579728724399,0,0.080444757183936,0.0916589040110122,0.0663396957210126,0.433527245314134,0.0804496690455058
2002-10-24,0.251139136595723,0,0.0822809223980333,0.0844135879378541,0.0660273780314542,0.436201850906638,0.0799371241302982
2002-10-25,0.257924645753885,0,0.08185090312018,0.0861573756955923,0.0660277108840294,0.428767976871035,0.0792713876752786
2002-10-29,0.25726963979316,0,0.0821388895376405,0.0864109110887494,0.0663634678128857,0.42777004654728,0.0800470452202846
2002-10-30,0.239046003758491,0,0.0846908488134399,0.0922915600746242,0.0817612841729077,0.4272619005767,0.0749484026038374
2002-11-01,0.239601426474526,0,0.0858010508765787,0.0910407252553656,0.0797144060910164,0.429663106431271,0.0741792848712415
2002-11-02,0.236304768780144,0,0.0904581113877659,0.0954774078383143,0.080714178612106,0.422661753374955,0.0743837800067157
2002-11-03,0.237525691229442,0,0.0987589850493395,0.0861554681937381,0.0812875714598984,0.423362785047332,0.0729094990202497
2002-11-04,0.237554880360496,0,0.0983830432340299,0.0872283393010922,0.0812911789123778,0.422116391753839,0.073426166438165
2002-11-06,0.236913317139794,0,0.0972140708828835,0.0886485580400447,0.0814674143851778,0.419788284922638,0.0759683546294618
2002-11-07,0.240180585953797,0,0.101661067263335,0.0846706584784371,0.0840037544960336,0.424018681389712,0.065465252418685
2002-11-09,0.236022472851205,0,0.0985955984882047,0.0783038821767779,0.0844152502624624,0.438318558176831,0.0643442380445191
2002-11-10,0.205932429128102,0,0.108258664407709,0.0885682763377927,0.0901362585918216,0.444980719957937,0.0621236515766376
2002-11-12,0.206729411364152,0,0.103858035562569,0.0893586710186073,0.0905974897048919,0.44878756244591,0.0606688299038708
2002-11-13,0.213093727851646,0,0.0986034089797516,0.106585416957389,0.0911749378480392,0.428205151165495,0.0623373571976789
2002-11-18,0.212576347784607,0,0.0976989638802864,0.107077053154121,0.09100258480636,0.428629168658224,0.0630158817164025
2002-11-29,0.215185166311975,0,0.112330824380962,0.109414892968168,0.0973343645998472,0.410760465471757,0.054974286267291
2002-12-02,0.216502036191412,0,0.115050556913029,0.109784763132254,0.0947200345197418,0.404587680513671,0.0593549287298931
2002-12-03,0.213078726631176,0,0.108601102522842,0.119274197879851,0.0929487628030173,0.401284978303518,0.0648122318595967
2002-12-04,0.226730534598903,0,0.108454676437579,0.119939895019199,0.082898050971186,0.435656805409865,0.0263200375632673
2002-12-06,0.227747892528011,0,0.116246120023493,0.118269912068824,0.0835165049993658,0.430855154413411,0.023364415966895
2002-12-07,0.235260067392049,0,0.127529121043611,0.119728811287474,0.0755562361294879,0.411461462130686,0.0304643020166919
2002-12-09,0.23145714142832,0,0.120730823113628,0.134733462813012,0.076093856264614,0.407771950931629,0.0292127654487969
2002-12-11,0.258104432673806,0,0.13925181368594,0.122808335568018,0.0750047550194037,0.385889275378201,0.0189413876746298
2002-12-12,0.261662993072674,1.92187776456769e-19,0.138547758006718,0.111897473934908,0.10695918572604,0.380932589259661,0
2002-12-13,0.259711646781695,0,0.134907846405508,0.109475220540389,0.112109761976742,0.383795524295665,0
2002-12-16,0.247756179791684,0,0.158751682953551,0.104167559826153,0.0984038316231623,0.384720523038899,0.00620022276655133
2002-12-19,0.253040822942371,0,0.155636984518707,0.102067910204961,0.098252132715346,0.386873785812596,0.00412836380601954
2003-01-04,0.244695657771216,0,0.142165134358027,0.108140811979051,0.0958201525355864,0.399774512882002,0.00940373047411795
2003-01-08,0.248650918363138,0,0.140241362512833,0.117615759736552,0.0986517248148381,0.385342446728755,0.00949778784388358
2003-01-10,0.243460735879323,0,0.1216631303132,0.117735513258469,0.0972541316808513,0.400854989995832,0.0190314988723252
2003-01-13,0.238225901406914,0,0.104625753752161,0.118031452261552,0.0980382286215347,0.411416002131044,0.0296626618267938
2003-01-14,0.267989094803164,7.24054776199863e-18,0.125970161913167,0.116001005451331,0.052872958453735,0.437166779378603,0
2003-01-15,0.244796066019223,0,0.103021316934958,0.109154289668661,0.0887061415345441,0.452633441475512,0.00168874436710088
2003-01-16,0.258222560628332,0,0.103688732477497,0.106843597757793,0.0873576125371737,0.443887496599205,0
2003-01-17,0.230386357060979,2.56659770439901e-18,0.0965298659881041,0.0844252565018303,0.0807635075550233,0.507895012894063,0
2003-01-21,0.256455266365239,3.95920755288352e-19,0.108591642016639,0.0913576565504325,0.112380389456992,0.431215045610699,0
2003-01-22,0.267782495873599,0,0.114545635224941,0.0911109230753486,0.113040645127739,0.413520300698372,0
2003-01-23,0.272973541276081,1.64480084992465e-18,0.113420205536182,0.0909386741095761,0.114389190138596,0.408278388939564,0
2003-01-24,0.268095428324782,0,0.115208360778744,0.087650582617595,0.114915150713361,0.414130477565519,0
2003-01-27,0.268285395007215,6.31661079267158e-18,0.123610123872736,0.09358583204085,0.112477976608226,0.402040672470973,0
2003-02-04,0.246922418485003,9.14392132732121e-18,0.114051684912022,0.108096295490208,0.119764493584575,0.411165107528193,0
2003-02-06,0.233942821421014,8.09368671354925e-20,0.116935559877776,0.107402782682507,0.114733891232015,0.426984944786688,0
2003-02-07,0.197373603422824,5.47560251722974e-18,0.108925434505908,0.120754425539776,0.134259663075937,0.438686873455555,0
2003-02-09,0.203376215247894,3.24292721413678e-18,0.110017174935712,0.120077767700342,0.130785580532893,0.435743261583159,3.46944695195361e-18
2003-02-10,0.201700471679493,1.67246495029223e-18,0.108448020768959,0.12244615192178,0.131481182405544,0.435924173224224,0
2003-02-12,0.19893940859182,3.24702505505377e-17,0.099491853413095,0.127100955848144,0.135393467213028,0.439074314933913,0
2003-02-20,0.201070836870942,4.69342287705805e-19,0.0994053468612007,0.12893846716746,0.134126593428411,0.436458755671986,0
2003-02-21,0.212019453621525,0,0.0972107102449653,0.141223697794706,0.129887099854537,0.419659038484267,0
2003-02-24,0.210027668201809,2.69858687619044e-18,0.0789338661911461,0.156229042144937,0.142508997419732,0.412300426042376,0
2003-02-25,0.206925382568503,2.77688923923199e-17,0.0629498310691823,0.163844181034134,0.152736883813345,0.413543721514836,0
2003-02-26,0.205407170262523,2.34318043040821e-18,0.0634858702549681,0.166385344341006,0.154437563927624,0.410284051213879,0
2003-02-27,0.205391672008128,2.1906472603701e-18,0.0724525300312744,0.171629927904461,0.156210294400973,0.394315575655164,0
2003-02-28,0.20904352024034,0,0.0719259219158601,0.178971950002147,0.152015965964998,0.388042641876655,0
2003-03-03,0.207222486839792,0,0.0576756341991631,0.182154170772624,0.17706217426291,0.375885533925511,0
2003-03-04,0.202735064792424,0,0.0548363744385263,0.186759361224543,0.177617629267411,0.378051570277095,0
2003-03-06,0.207965592066616,5.72092998207632e-18,0.0528073394003723,0.194902291151301,0.172717958023173,0.371606819358538,0
2003-03-07,0.196363221194744,0,0.0465301053303082,0.189547177526058,0.186553985632486,0.381005510316403,3.46944695195361e-18
2003-03-09,0.199552991223085,0,0.0455358958895634,0.192958267097938,0.184751133671615,0.377201712117799,3.46944695195361e-18
2003-03-10,0.193869154452729,0,0.0484911285837888,0.196815002523719,0.186993737961568,0.373830976478196,0
2003-03-11,0.191245700113623,0,0.0485013425939134,0.198686520600018,0.185975653446336,0.375590783246109,0
2003-03-12,0.174847505204888,0,0.0325007997554481,0.226743215966463,0.197010889439143,0.368897589634057,0
2003-03-13,0.192137440574988,0,0.0746737317659935,0.223786660794924,0.166559277487261,0.342842889376833,6.93889390390723e-18
2003-03-14,0.192798408830158,3.67477480116335e-18,0.0712350592828284,0.231894726957447,0.165331086184563,0.338740718745003,3.46944695195361e-18
2003-03-18,0.176526499869014,0,0.0839359789519428,0.222798516980649,0.178516586592982,0.338222417605412,0
2003-03-19,0.185408062988526,0,0.0854740905657729,0.228643030271046,0.177035287772657,0.323439528401998,3.46944695195361e-18
2003-03-20,0.185094996105138,0,0.0852175174821203,0.230569082457178,0.17762411085329,0.321494293102273,0
2003-03-21,0.180220935033979,4.24184916865209e-19,0.079157522514012,0.238693500650354,0.185089006127137,0.316839035674518,0
2003-03-24,0.181030713969492,0,0.0837250896858633,0.231223766941921,0.189348929062074,0.31467150034065,0
2003-03-26,0.178137628949375,1.74066335590358e-18,0.0855474854434987,0.233694095836504,0.189729589517852,0.312891200252771,0
2003-03-27,0.181724289722362,3.02637969666491e-18,0.0890068902945769,0.226394708934234,0.197349895266707,0.30552421578212,0
2003-03-28,0.182803679636861,6.31455832984653e-19,0.0842304561322544,0.241601463353749,0.19704687345134,0.294317527425796,0
2003-03-31,0.166745016484242,1.27863860824069e-19,0.0837752785954043,0.245419614422463,0.213425120727485,0.290634969770406,0
2003-04-03,0.166861979972713,0,0.0786193031398101,0.256613562876715,0.212830561426038,0.284381651837916,0.000692940746807466
2003-04-04,0.163901080216846,0,0.0757690988404378,0.262299007981863,0.213197372360224,0.282673839599714,0.00215960100091542
2003-04-06,0.151758350683289,0,0.0739195116255755,0.25774161200794,0.219138078993783,0.284553588111305,0.0128888585781075
2003-04-08,0.146609625970112,0,0.0710601351238882,0.252833207863743,0.216216722006692,0.301412980981558,0.0118673280540068
2003-04-09,0.141623471992279,0,0.0696567730620539,0.264173080296824,0.220509383748101,0.289382015500974,0.0146552753997681
2003-04-11,0.142174520627901,0,0.0699762887718064,0.264348948155484,0.219599295904211,0.289361347756003,0.014539598784595
2003-04-12,0.145331044981326,0,0.0612473464965097,0.27261064024212,0.212336427174601,0.288746485765699,0.0197280553397442
2003-04-14,0.139122786801337,0,0.0682516904567131,0.268290433747733,0.212119181332709,0.287587500634323,0.024628407027186
2003-04-15,0.138148458899069,0,0.0686602118004035,0.265257199626957,0.214893406741789,0.286927201440757,0.0261135214910256
2003-04-16,0.141033173691372,0,0.0611847094596784,0.273008999960291,0.207455254830109,0.291018873285169,0.0262989887733815
2003-04-17,0.149763472066499,0,0.0803706351624437,0.253171775659943,0.209578200704155,0.279595904956914,0.0275200114500463
2003-04-22,0.140679003505211,0,0.082466015210046,0.252648380049115,0.203759437040683,0.248314598310299,0.0721325658846458
2003-05-03,0.137672285005896,0,0.0827407118753164,0.253421283529658,0.204361286603126,0.248307881626895,0.0734965513591082
2003-05-06,0.115512504677209,0,0.0863246791313198,0.24048374424368,0.256198296764044,0.221874834412329,0.0796059407714191
2003-05-08,0.11453408493886,0,0.0855514861577983,0.241257971275354,0.256027114994686,0.221617478345828,0.0810118642874744
2003-05-09,0.114564202037647,0,0.0864719160519624,0.243354468969292,0.256796711761683,0.215013364212347,0.0837993369670689
2003-05-11,0.115540704099453,0,0.0863560392047393,0.24153552449301,0.256462992743893,0.218062310344758,0.0820424291141474
2003-05-12,0.115041455252736,0,0.0860615298866299,0.239178281158967,0.257151232032413,0.217873391412627,0.0846941102566275
2003-05-13,0.108523277157107,0,0.0894324489893918,0.240974673041438,0.255093381096923,0.212048042797957,0.0939281769171826
2003-05-14,0.116088651466419,6.93889390390723e-18,0.0865616054273329,0.247107786528452,0.239389715831719,0.220964023221097,0.0898882175249798
2003-05-15,0.112003519281525,0,0.0881162448788682,0.248904796090965,0.241656730242156,0.210704722975414,0.0986139865310729
2003-05-16,0.101368207122721,0,0.0864878629122982,0.251559790428619,0.251950569180181,0.201712114970268,0.106921455385914
2003-05-19,0.104047219919038,0,0.0822952333359087,0.266779523798445,0.265848206245366,0.193586617817184,0.0874431988840594
2003-05-20,0.105057532985804,0,0.082109859723362,0.267281006096942,0.264904900738074,0.193741395779519,0.0869053046762987
2003-05-21,0.106020191394349,6.93889390390723e-18,0.0616737784765655,0.300489496818147,0.259643773840422,0.187840103106336,0.0843326563641798
2003-05-22,0.105477093950903,6.93889390390723e-18,0.0626423762241199,0.291714292629943,0.259850351963801,0.192937496027397,0.0873783892038374
2003-05-23,0.110993227335527,0,0.060383962584796,0.298134765548442,0.25779519721688,0.1983566284563,0.0743362188580539
2003-05-27,0.117052313822507,6.93889390390723e-18,0.0611120538105777,0.297482190614683,0.250363312859441,0.194336881517658,0.0796532473751331
2003-05-28,0.120095957398655,0,0.0648788543477554,0.303741503951055,0.247847992562345,0.172523008188133,0.0909126835520567
2003-05-30,0.126325994381772,0,0.0659702809900232,0.293224635876295,0.238381383468821,0.178712527805331,0.097385177477758
2003-06-03,0.129364782416299,0,0.0698859327016693,0.295715561375102,0.240814505742851,0.17556975314893,0.0886494646151494
2003-06-06,0.119162538455374,0,0.0729179431887266,0.301083595578331,0.243094336836467,0.173159515558466,0.0905820703826357
2003-06-08,0.118859942946893,0,0.0792644773815117,0.29582069443441,0.246881945384469,0.169762419120378,0.0894105207323379
2003-06-10,0.113371039341567,0,0.0843046464783085,0.294101885113588,0.251213333633799,0.161412852167139,0.0955962432655973
2003-06-11,0.116425950165684,0,0.0844804555874719,0.298448418424926,0.247054978741084,0.155888898166809,0.0977012989140255
2003-06-13,0.117303035077989,0,0.0875610418893251,0.29204430043434,0.245708311266147,0.154337916065566,0.103045395266632
2003-06-17,0.0991599043908566,0,0.124786134036018,0.282534553173217,0.239162488952656,0.138999667881687,0.115357251565565
2003-06-18,0.094214834045994,0,0.126347030416502,0.277361890268768,0.242386416674993,0.135536206464865,0.124153622128878
2003-06-20,0.0856677465011334,0,0.14266418276998,0.269336949726404,0.244035715102758,0.142880724059943,0.115414681839782
2003-06-23,0.0887436442732501,0,0.146238665007404,0.258195526528764,0.246558145306773,0.141446370196594,0.118817648687214
2003-06-24,0.0905783897908004,0,0.137586585406351,0.26288861913699,0.249157121298782,0.143649271599103,0.116140012767974
2003-06-25,0.0848755100983346,0,0.128518134394074,0.273007056923602,0.251221400709608,0.14713072828347,0.115247169590911
2003-06-26,0.0857687556092813,0,0.130528154043975,0.271514698125917,0.247933426398943,0.144188342149363,0.120066623672521
2003-06-27,0.0838178018850578,0,0.130472360848872,0.26401543505837,0.249195842127513,0.150931120113659,0.121567439966528
2003-07-01,0.0760780439161469,0,0.137106736384718,0.268723082405782,0.239257135419775,0.139941624147618,0.13889337772596
2003-07-03,0.0748734654871875,0,0.13932995812767,0.273363433769206,0.239775693511665,0.141312834808592,0.13134461429568
2003-07-04,0.0788773110602195,0,0.15607526191028,0.275779069910511,0.211733738396797,0.159034542453915,0.118500076268278
2003-07-07,0.0536380029134383,0,0.162511009282627,0.273162930529347,0.230013713745619,0.147196958873959,0.133477384655009
2003-07-08,0.0489069746538053,0,0.218656168429613,0.282002854000532,0.212102180326205,0.10231696559553,0.136014856994316
2003-07-10,0.0452468285677879,0,0.218101123628357,0.280527448139934,0.214325765430717,0.104031499533368,0.137767334699837
2003-07-11,0.0463074694555735,0,0.218721853069692,0.280516534173634,0.210363003111831,0.100437821588999,0.14365331860027
2003-07-14,0.0356981823872412,0,0.216671795743884,0.287726915212651,0.20419958806635,0.11494223976663,0.140761278823243
2003-07-15,0.0370933375480131,0.00984759140434877,0.205618037663593,0.288419795820349,0.213362125478991,0.117230923550081,0.128428188534624
2003-07-16,0.0389064651181635,0.0127120311287116,0.198892789835355,0.290709519639005,0.202083601397085,0.13278587410969,0.123909718771989
2003-07-17,0.0287662737615117,0.0240828011358886,0.202914640855371,0.278702482238462,0.20964158504408,0.146850287541858,0.109041929422828
2003-07-18,0.0181647346967032,0.0185674574879337,0.201440557876993,0.284540162699185,0.198115092775208,0.166847375554084,0.112324618909894
2003-07-21,0.0163793633242345,0.00585812036405594,0.200577881734019,0.286837922418536,0.198843805782417,0.168106185673923,0.123396720702815
2003-07-22,0.0178054027432113,0.00935901340290873,0.204723625614497,0.283289427953967,0.197137011688882,0.166003164974018,0.121682353622516
2003-07-23,0.0182307383634657,0.0223210784396897,0.214939922707567,0.279576404392958,0.197720774587494,0.154749941341863,0.112461140166962
2003-07-24,0.0267811807689384,0.018609795628043,0.212667221163845,0.277084420622357,0.206650509331466,0.146362472142654,0.111844400342696
2003-07-25,0.0415304681960813,0.017198540243273,0.212042333854995,0.277477604366528,0.200807018507848,0.140452837920576,0.110491196910698
2003-07-28,0.0286621933205768,0.0164507971002736,0.209779412482118,0.276297060627691,0.212565642180134,0.14545735096732,0.110787543321886
2003-07-29,0.0308430201675625,0.0180085436130289,0.21338624012481,0.272711448677636,0.212059663459401,0.14525845248479,0.107732631472771
2003-07-30,0.0297050021813108,0.0174792671402244,0.211531561568348,0.273395420086408,0.212483661624318,0.146664163594501,0.10874092380489
2003-07-31,0.0319176344790636,0.0140615543537623,0.210013405310307,0.275600838076831,0.211781467791359,0.146616628827688,0.110008471160989
2003-08-01,0.00830091384035103,0.0197643929032306,0.218196762640267,0.264633620690892,0.218797652639788,0.164897779968172,0.105408877317299
2003-08-05,0,0.0160862448943228,0.253925068590739,0.251517034778582,0.206663349500063,0.179457235839256,0.0923510663970374
2003-08-07,0,0.0267753651299746,0.266798087713582,0.245457470005404,0.199942954068851,0.173194629594767,0.087831493487422
2003-08-08,0,0.0284880335495959,0.266213612954999,0.249604381449657,0.202536401112894,0.168038686830166,0.0851188841026882
2003-08-09,0,0.0274732608673721,0.259755778643206,0.252034584322894,0.193119342562472,0.178946716870802,0.0886703167332535
2003-08-10,0,0.0293497512572085,0.260383170183311,0.251144436000674,0.190934197914457,0.182338904583281,0.0858495400610685
2003-08-13,0,0,0.262819436425325,0.243281767155985,0.164090375832399,0.181612991120527,0.148195429465765
2003-08-14,0,0,0.278061039190486,0.229874929184214,0.17455311104581,0.163680099710369,0.15383082086912
2003-08-18,0,0,0.283326857278919,0.229107606617491,0.170511305911083,0.15677847497461,0.160275755217897
2003-08-19,0,0,0.281673643038538,0.228148646539259,0.164038582589598,0.163949323951746,0.16218980388086
2003-08-20,0,3.11234084278665e-18,0.278768857025931,0.229591939964054,0.163929844841431,0.161358542034794,0.16635081613379
2003-08-21,0,1.43145682285933e-18,0.281921276120284,0.226714211531942,0.162959814638586,0.162465794137092,0.165938903572096
2003-08-22,0,0,0.280285625949197,0.22599280951501,0.166210560882943,0.161752948488774,0.165758055164076
2003-08-25,0,1.29848590784512e-18,0.28051794454609,0.227635364984342,0.161290819901329,0.159838266250602,0.170717604317636
2003-08-26,0,0,0.213673883731915,0.23084372177772,0.194529154628268,0.184681766283596,0.176271473578501
2003-08-27,0,3.42559618152595e-19,0.193645741675849,0.238502105778384,0.198935721210287,0.188835195804619,0.180081235530862
2003-08-28,0.00592157715105191,0,0.180087450626832,0.249431346446436,0.194186805573555,0.194568496817859,0.175804323384266
2003-08-29,2.16840434497101e-19,8.83689116228817e-20,0.182388733490939,0.241627218753021,0.198958643779186,0.20295960788294,0.174065796093914
2003-09-01,2.16840434497101e-19,1.20606404480793e-19,0.188155771434939,0.24000282005839,0.195709132768816,0.199901953497427,0.176230322240428
2003-09-05,0,0,0.189909729496354,0.234776156186066,0.1870718538055,0.195493099265643,0.192749161246438
2003-09-07,0,0.00786495928320222,0.183948254977099,0.238441690095809,0.168114689998624,0.199541457848578,0.202088947796688
2003-09-09,0,0.00338175732347419,0.189176182554353,0.232373169610323,0.170874595175723,0.203561804314889,0.200632491021239
2003-09-10,0,0,0.190542802128816,0.235279276137246,0.162544892560602,0.213622745081922,0.198010284091413
2003-09-12,0,0,0.195413803890476,0.23679954649711,0.16419818673986,0.200394432840376,0.203194030032178
2003-09-15,0,0.0156940285741875,0.191321145243892,0.239385498179938,0.139142000242828,0.218097764963924,0.19635956279523
2003-09-16,0,0.0250874185431793,0.192107384113122,0.227682095331148,0.133234866858627,0.213583506530954,0.20830472862297
2003-09-17,0,0.0277837158113284,0.194410615795214,0.226022382006634,0.132772828993286,0.21499289774145,0.204017559652088
2003-09-18,0.00852902064752853,0.0334532539209611,0.206626511365466,0.223659737392864,0.129136838516023,0.202688502495705,0.195906135661452
2003-09-19,0.00627668416801497,0.0396993506186537,0.207883771145029,0.222462844094794,0.128538240332184,0.204358242140223,0.190780867501101
2003-09-22,0.00431424607902937,0.0401682041965162,0.197117739115436,0.227036837683723,0.123788293450319,0.220790069549938,0.186784609925037
2003-09-23,0.00393847409620181,0.0403260058276131,0.197190372589075,0.226944638211693,0.124708425146617,0.220362755094006,0.186529329034794
2003-09-24,0.00373920414121531,0.0401551957132834,0.196920907043165,0.226865599156049,0.124649668504919,0.220666477811433,0.187002947629936
2003-09-25,0.00237114681613153,0.038949183565823,0.198124743773974,0.228202312625276,0.124426779931722,0.217493015164056,0.190432818123018
2003-09-26,0.00222815617696134,0.0465804415559239,0.200536205600475,0.232667003083797,0.118089550088345,0.217725243478805,0.182173400015692
2003-09-29,0,0.0456589185253948,0.236319620077422,0.207178618575246,0.13667483157865,0.203990730787693,0.170177280455595
2003-09-30,0,0.0178835533658868,0.21611911979652,0.228790577863097,0.146306014171957,0.196169877853169,0.19473085694937
2003-10-01,0,0.00393505894520593,0.227713481745379,0.20600634438011,0.158545789954167,0.229650422937233,0.174148902037905
2003-10-06,0,0.00804577020011937,0.235661800110161,0.207810988528097,0.148774014262508,0.236820117636399,0.162887309262716
2003-10-07,0,0.00844255626638191,0.236301541302497,0.207633848630554,0.148710828823052,0.236598551214177,0.162312673763338
2003-10-09,0,0.0074621005453527,0.236399022740728,0.208472418614876,0.14850534108785,0.236597501456898,0.162563615554295
2003-10-10,0,0.00944003207646522,0.235343613404215,0.205823958110266,0.145421957973048,0.249584405673714,0.154386032762291
2003-10-11,0,0.0215521540241101,0.241433305242129,0.204621296412719,0.139309048650492,0.241756890237849,0.151327305432702
2003-10-12,0,0.0286208828966709,0.250347808172632,0.203375580012399,0.166977874966444,0.177360732105372,0.173317121846483
2003-10-13,0,0.0294071231462555,0.24986412179777,0.203643786421471,0.167122202932686,0.178906894764743,0.171055870937074
2003-10-14,0,0.0167923446833419,0.260849799127818,0.187813270987753,0.192126728423272,0.165643376338921,0.176774480438894
2003-10-15,0,0.0301125532910547,0.270550902229074,0.193326518045451,0.183587054628128,0.150833460737327,0.171589511068966
2003-10-16,0,0.0314277573871088,0.286812816930561,0.182003118176373,0.175830198761328,0.166364419442849,0.15756168930178
2003-10-17,0.00564432670575233,0.0143465203688323,0.278039282359337,0.153224407595165,0.121852654913433,0.172370754546452,0.254522053511028
2003-10-20,0.00308437863337511,0.0142212242776942,0.280515547889637,0.146561140856562,0.127474184702961,0.176008324659505,0.252135198980265
2003-10-21,0.00972097952677616,0.00317170693429877,0.296142685843692,0.140236282574481,0.116334929236841,0.165502672486247,0.268890743397664
2003-10-22,0.0101726946110652,0,0.299669194898281,0.142237906806684,0.117782308107979,0.162015530792088,0.268122364783903
2003-10-23,0.0048809730247792,0,0.301083538715987,0.132027475435163,0.129969473846337,0.153795521134703,0.27824301784303
2003-10-24,0.000634097919564745,0,0.299698464793593,0.137755553071894,0.122987121119067,0.153026454898726,0.285898308197155
2003-10-27,0.00272578690678629,0,0.300837591024658,0.135453422830038,0.121421026223949,0.152617531813907,0.286944641200661
2003-10-29,0.00445131065286762,0,0.307778310670346,0.12920270461765,0.105272803740529,0.158238467890402,0.295056402428205
2003-10-30,0.00230249335511024,0,0.284418091633475,0.140002750838785,0.0773743718790735,0.144790072383285,0.351112219910271
2003-10-31,0.00670690217752893,3.46944695195361e-18,0.28524788432592,0.135243212679916,0.0794876876143531,0.144731514640473,0.348582798561808
2003-11-03,0.0090116904007838,0,0.283824545725563,0.132280134312459,0.0845729305049205,0.145726376962591,0.344584322093683
2003-11-06,0.00732560385366383,0,0.286081973150227,0.132850404546014,0.0879678163335215,0.146624025258763,0.339150176857812
2003-11-07,0.0101310340031422,0,0.286367830229638,0.133022092659855,0.0823381649230082,0.144514446556312,0.343626431628044
2003-11-08,0.0106278224986365,0,0.287082737080827,0.128660622273323,0.0785148111913456,0.144826132577165,0.350287874378703
2003-11-09,0.0130726934325856,0,0.277028423979469,0.132225170404192,0.082610890948318,0.146806518181544,0.348256303053891
2003-11-12,0.0147232398097803,0,0.27530927818163,0.136912358869215,0.0895801464707418,0.145949142538344,0.33752583413029
2003-11-14,0.0175322184524413,0,0.274720910330435,0.129800693131032,0.0877263373708261,0.146423579435038,0.343796261280228
2003-11-17,0.0171529068317484,0,0.280073819283,0.129499193706118,0.0910388078835011,0.142615173989316,0.339620098306316
2003-11-18,0.0151083675266465,0,0.282228084852033,0.132597049583841,0.0915206778455719,0.141285472805242,0.337260347386666
2003-11-19,0.0150928393357634,0,0.281873995835109,0.132744039491115,0.0915765460087408,0.141618713459469,0.337093865869803
2003-11-20,0.0190099803847858,0,0.285793270862985,0.139398305889205,0.0858862455481692,0.136328044435484,0.333584152879371
2003-11-21,0.0183981548888519,0,0.286477303220407,0.144983413643978,0.0879862916317409,0.133167587689061,0.328987248925961
2003-11-24,0.00619019651330676,0,0.295236081952758,0.159389541772871,0.108606826077305,0.138352403684883,0.292224949998876
2003-11-25,0.00798871629335366,0,0.276054124845881,0.138167508077365,0.0856310151077056,0.136749379775316,0.355409255900379
2003-11-26,0.0144052982034024,0,0.227566068252743,0.142191925421736,0.122136546040518,0.118183312930595,0.375516849151006
2003-11-28,0.039866952827739,0,0.20944884573745,0.139563430448945,0.116347446285133,0.130480318307985,0.364293006392748
2003-12-03,0.0407503573801404,0,0.202398501491246,0.144643901500366,0.118901023005999,0.131557214761881,0.361749001860368
2003-12-05,0.0383179457511489,0,0.200681804308659,0.14678826785731,0.127891898498527,0.140073024805614,0.346247058778742
2003-12-06,0.0399277402411406,0,0.201538444757452,0.146391811466709,0.125058040875377,0.141967070439486,0.345116892219835
2003-12-08,0.0477084325303673,0,0.198482555436573,0.131540083416256,0.128681138439345,0.150630465594093,0.342957324583365
2003-12-09,0.0483781204930362,0,0.2000677702832,0.130409623155299,0.129773152245604,0.149102094380159,0.342269239442701
2003-12-11,0.0440982444639895,0,0.198055808814699,0.129028576967227,0.138786187161545,0.150162064103961,0.339869118488579
2003-12-12,0.0438232690460113,0,0.202961214994456,0.111737373966974,0.123327139723113,0.155470660168,0.362680342101446
2003-12-15,0.044204274561489,0,0.2025851319384,0.113957221667563,0.124728073852998,0.151936017158496,0.362589280821054
2003-12-16,0.0468735012213963,3.46944695195361e-18,0.207160043055403,0.117143024762499,0.121995776480062,0.147651070361678,0.359176584118961
2003-12-17,0.0423210456877073,0,0.205831238758236,0.122884787726302,0.126827890885034,0.146104858399302,0.356030178543419
2003-12-18,0.0443845417592856,0,0.215423791385897,0.11569819865278,0.122884451762782,0.150276944154116,0.35133207228514
2003-12-19,0.0378919018196443,0,0.202365725687627,0.12331976089314,0.107306830374872,0.148855058406969,0.380260722817748
2004-01-03,0.038393153981913,3.46944695195361e-18,0.200150590764774,0.122177764081149,0.108479772498196,0.142209772261788,0.38858894641218
2004-01-04,0.0390334248930924,0,0.211408129651448,0.116174085309892,0.0987404662426728,0.149154857972046,0.385489035930849
2004-01-06,0.035948410184065,0,0.222143578917613,0.117008342216103,0.086125554973525,0.144678787806279,0.394095325902416
2004-01-07,0.0339642331701794,0,0.222884737624392,0.116664539295885,0.0862538898812412,0.144981705052097,0.395250894976206
2004-01-09,0.0327284247532425,0,0.22895841548577,0.106673601099276,0.0806824720626352,0.145195624209605,0.405761462389472
2004-01-10,0.035457554702636,0,0.236773501659867,0.107064858214688,0.0828794483199547,0.145770487024945,0.392054150077909
2004-01-13,0.0438431486056262,0,0.248725386727082,0.0989443566176606,0.0922305530874805,0.130183386421521,0.386073168540629
2004-01-14,0.0402700662041341,0,0.253496969595238,0.0908237145069308,0.0957912217795169,0.133158252263446,0.386459775650735
2004-01-15,0.0399605135342029,0,0.252190118402637,0.0892980756186328,0.097124067176638,0.135724549020458,0.385702676247431
2004-01-16,0.0396520196389858,0,0.255107623581053,0.0958256687780655,0.0963887035403152,0.127362960181511,0.38566302428007
2004-01-20,0.0341106606475093,0,0.24744842573879,0.099940302316815,0.0902024176276652,0.137152952536576,0.391145241132645
2004-01-21,0.0404520995332487,0,0.225251346292432,0.102796351373544,0.0906940547557181,0.137765867821988,0.40304028022307
2004-01-22,0.0591516275164698,0,0.204292780418512,0.0987501574573877,0.0904432530485398,0.125287797513288,0.422074384045804
2004-01-26,0.065620901073643,0,0.193964357232187,0.0961939580184577,0.0917642667590672,0.127196174484089,0.425260342432556
2004-01-27,0.0660697980190406,0,0.196317367442597,0.0939007313371141,0.0924250504514916,0.120639527785977,0.43064752496378
2004-01-28,0.067470329334811,0,0.196256463471781,0.0922760347752439,0.0917644093420404,0.120998273800979,0.431234489275145
2004-01-29,0.0740647557845043,0,0.179405364478441,0.0849398364458296,0.0782165631509161,0.115876084184649,0.467497395955659
2004-01-30,0.0825382152044884,0,0.172362736974614,0.0840587194945635,0.0753716412471177,0.117833606209182,0.467835080870035
2004-02-02,0.0774790099696592,0,0.155174758570786,0.089752458474542,0.0721054604012337,0.120344942948107,0.485143369635672
2004-02-03,0.0742763302790942,0,0.161611233985424,0.0895049623532835,0.0724251112672159,0.121184299555549,0.480998062559433
2004-02-04,0.0685968298932376,0,0.189165260346481,0.0958471701985286,0.0799106098498144,0.120002379600403,0.446477750111536
2004-02-06,0.0686040184929954,0,0.192926554783764,0.0916174493431464,0.0811922027489209,0.12163390144238,0.444025873188793
2004-02-07,0.0700319715831485,0,0.184095770648145,0.100358443736397,0.0718478054974173,0.118307742489323,0.45535826604557
2004-02-08,0.0678636485858346,0,0.186521229332124,0.101648300874593,0.0755496417077496,0.11684104843911,0.451576131060589
2004-02-09,0.0863656984462717,0,0.191441903184648,0.0938879745986244,0.0761116685118498,0.115220889059375,0.43697186619923
2004-02-11,0.0740941279724918,0,0.169001382110751,0.104421006938734,0.0489745851870309,0.11433399229208,0.489174905498912
2004-02-12,0.0802586339612139,0,0.130172887047239,0.124144271985323,0.0564216939422055,0.107742260673357,0.501260252390662
2004-02-13,0.0841520355428288,0,0.118255342127699,0.120342463069503,0.0493325526316904,0.107295785005621,0.520621821622657
2004-02-17,0.083297826782449,0,0.114878849656328,0.11820094616145,0.0514609597351949,0.114467262548612,0.517694155115966
2004-02-18,0.0903928684792926,0,0.11520632652853,0.11332751232944,0.0634487127216395,0.108138029732003,0.509486550209095
2004-02-19,0.0863611876746535,0,0.10655302987304,0.109093472920004,0.0618967212130928,0.101990430105662,0.534105158213548
2004-02-20,0.0806488661002998,0,0.089034487344605,0.112863256883299,0.0682974162850081,0.106177640492935,0.542978332893853
2004-02-24,0.0820853408431968,0,0.0951326368002753,0.115779781971355,0.0686721831542631,0.105463166758367,0.532866890472543
2004-02-25,0.0790881613924322,0,0.0930418253683735,0.117286431539078,0.0689626107669482,0.106064929193876,0.535556041739292
2004-02-26,0.0754576574815177,0,0.103949115752951,0.107745676997256,0.0773868519350816,0.0994293521386086,0.536031345694585
2004-02-27,0.073525805971602,0,0.104845175461426,0.107190472791375,0.0828058117906415,0.10144226100223,0.530190472982726
2004-03-02,0.0711201380311015,3.46944695195361e-18,0.109521624748485,0.106354408434407,0.0825254312005596,0.101277108752054,0.529201288833393
2004-03-03,0.0720078207113389,0,0.104974469047857,0.110676550768183,0.0836783342911545,0.102300562929186,0.526362262252281
2004-03-06,0.0746125035032576,0,0.105226111543046,0.111329696035182,0.0826120853632905,0.103381205766643,0.522838397788581
2004-03-08,0.0746839469088983,0,0.0980095650037759,0.109246917135839,0.0830064556333395,0.103784513265492,0.531268602052655
2004-03-09,0.0758607958807283,0,0.0954323207271725,0.119080205310316,0.074355919943287,0.0968835739590053,0.538387184179491
2004-03-11,0.0775707050567797,0,0.0944588600996672,0.112654701788859,0.0792313887491437,0.101076253610734,0.535008090694816
2004-03-12,0.0553558399119105,0,0.0801405399348827,0.107498985080953,0.0841339693832072,0.0903746362357806,0.582496029453266
2004-03-15,0.0575024126159182,0,0.103776448640286,0.130566598252291,0.0945813681627374,0.131430060468087,0.48214311186068
2004-03-16,0.051512911126968,0,0.103989030837641,0.131536037729971,0.0952260181705326,0.130564618245248,0.487171383889639
2004-03-17,0.055495193759091,0,0.105459008937741,0.127113261610855,0.0996544090033954,0.13235924163761,0.479918885051308
2004-03-19,0.0558562609653828,0,0.103219605705589,0.131385427141096,0.102527341705995,0.137442203390829,0.469569161091108
2004-03-22,0.0446373159498217,0,0.0968551232728791,0.131610069585106,0.0873659674820474,0.176941808505999,0.462589715204146
2004-03-23,0.0441387899798681,0,0.0987092290100836,0.130762293050255,0.0743378593926575,0.176942788725922,0.475109039841213
2004-03-24,0.0435932231070763,0,0.0978821010311996,0.133996319971998,0.0707477498408507,0.180008933658719,0.473771672390157
2004-03-26,0.0461227630272294,0,0.0857695233875984,0.135452554620967,0.0628789793561614,0.18880504987034,0.480971129737704
2004-03-29,0.0409504907954281,0,0.084044731487791,0.140859352517038,0.0674431770648127,0.180290911341238,0.486411336793693
2004-03-30,0.039318021314962,0,0.0842643953917292,0.14977673721856,0.0643691729540543,0.17786098538244,0.484410687738254
2004-03-31,0.0288580284081974,0,0.0919553198551961,0.137902565280704,0.0795572975039267,0.178559144617778,0.483167644334198
2004-04-02,0.0277904320261543,0,0.0901999251712961,0.129371437908002,0.0876108088319102,0.187868375089855,0.477159020972783
2004-04-03,0.0261924032736458,0.00147389792899666,0.0816896876097413,0.127374242538381,0.0828393992641859,0.199944285500257,0.480486083884793
2004-04-05,0.0311678503330344,0.00109911304380507,0.0843489755170587,0.136749246753181,0.0781786707927049,0.208593932471273,0.459862211088942
2004-04-06,0.0310520958127751,0.00195215389195542,0.0813847080514586,0.138248355344916,0.0780002372606984,0.209011181875102,0.460351267763094
2004-04-08,0.0277714276762562,0.00647196239944112,0.0808169499102499,0.139046023500189,0.0783900233124185,0.209909215446764,0.457594397754682
2004-04-10,0.0255438697841618,0,0.0737600757517121,0.138677402767261,0.0850780087518465,0.209995848567176,0.466944794377842
2004-04-11,0.0243620391348077,0.00125792520200386,0.0724455689061818,0.133406210491621,0.086320388820241,0.216192966265611,0.466014901179534
2004-04-13,0.0214216642026953,0.00173821874610377,0.0633279091461794,0.13765733194135,0.0918274177622724,0.217634305304877,0.466393152896522
2004-04-14,0.0145118566947175,0,0.0649483460247119,0.144841820078701,0.0853820250691227,0.213010101224668,0.477305850908079
2004-04-15,0.0129646866529725,0,0.058061731292093,0.146341952256002,0.083656803034273,0.209527036900061,0.489447789864599
2004-04-16,0.012855053090236,0.00011015263925194,0.059230133805996,0.144422344770452,0.0863068638344907,0.211013821208388,0.486061630651186
2004-04-19,0.018670036408446,0.000821051840760593,0.0695582636250757,0.121462841507802,0.0860002377035882,0.217696876477776,0.485790692436552
2004-04-20,0.0198386220280761,0.00502302384923385,0.0666354444896208,0.118768919105969,0.08594080713609,0.222335079347934,0.481458104043077
2004-04-21,0.0194887768698556,0,0.0668407783775691,0.121777607352555,0.0888950077230381,0.221704351371927,0.481293478305056
2004-04-22,0.0262082619612961,0.000475898882759191,0.0656024705466053,0.108822095583831,0.0870831589786512,0.233750344249726,0.478057769797131
2004-04-23,0.0250897741033872,0.0267951605081425,0.0513043807266803,0.117811846904511,0.0840479864321681,0.22145659214151,0.473494259183601
2004-04-30,0.0233902202243204,0.026376928984509,0.0484798015383914,0.118955614997733,0.0833669437514204,0.221497841686598,0.477932648817027
2004-05-02,0.0309329360743198,0.0197384772690357,0.0501936133629152,0.115366726618674,0.0867137689848893,0.23050552517506,0.466548952515106
2004-05-03,0.026922965181009,0.0205490904125319,0.0511887487515197,0.111782670566844,0.0926078162291737,0.241822611956157,0.455126096902764
2004-05-05,0.0277332332132397,0.0197699455338591,0.052591184005083,0.113764098066697,0.0923531649374787,0.241062514252248,0.452725859991394
2004-05-08,0.0303888496118231,0.0222760966657105,0.0515817042330693,0.110687179736286,0.0910087695254291,0.240257853774191,0.453799546453492
2004-05-10,0.0303424954105219,0.0292484651538634,0.0570870414556826,0.11630266176629,0.0892033057242394,0.226506414549291,0.451309615940112
2004-05-11,0.0322964953628559,0.0282613365508421,0.0567868194764118,0.113485740432582,0.0858715946290277,0.23000854697599,0.453289466572291
2004-05-13,0.0275795162273869,0.0244524547181119,0.0602194047705682,0.114059444355823,0.0851527781113402,0.234459158386948,0.454077243429822
2004-05-14,0.0311976051578224,0.0332787246184653,0.0568563788217789,0.11711150003007,0.0777478491535454,0.233906188386827,0.449901753831491
2004-05-17,0.0279942376227854,0.0182703421099197,0.0656187016529022,0.117248007469707,0.0686372499233253,0.230896807503272,0.471334653718088
2004-05-18,0.0307386515522945,0.0121351623833689,0.0669147200788841,0.118913586310486,0.0662655919361894,0.227637775829135,0.477394511909642
2004-05-19,0.0467956772550762,0,0.0568938716391559,0.128065180195384,0.0490189550387895,0.236213579681788,0.483012736189807
2004-05-21,0.0415472837934001,0.0118549655561327,0.0589615251847292,0.13374979408426,0.0463355139884557,0.23262476813923,0.474926149253792
2004-05-24,0.0429752182621978,0.0440822763596401,0.0478424424833672,0.135376115686335,0.0518267041329175,0.24740394698623,0.430493296089312
2004-05-25,0.0419373174025675,0.0450994406017374,0.0505585909537391,0.138933567791388,0.0512570427337645,0.24154068303827,0.430673357478534
2004-05-26,0.0303322288109107,0.0480109752579378,0.0638664046950224,0.137833294231543,0.0509326247931591,0.232359594138765,0.436664878072661
2004-05-27,0.0300233423184804,0.0468894466791379,0.0639564657333896,0.137287564193111,0.0523228338719285,0.232503694440976,0.437016652762977
2004-05-28,0.0313925928987017,0.0569341674615177,0.0657495442248359,0.137713128458308,0.0490437707417151,0.234261968538398,0.424904827676523
2004-06-02,0.0267275581046238,0.0612787781013902,0.0619639918439212,0.142089342703416,0.0510542878160296,0.228070621320589,0.42881542011003
2004-06-05,0.0377514403383866,0.0280146149353407,0.0695394531023084,0.139283057397861,0.0405548757259488,0.24264303072762,0.442213527772534
2004-06-07,0.0436550739084679,0.0260918247222256,0.0743983801054669,0.139895295237395,0.031998415133107,0.257761370613556,0.426199640279782
2004-06-08,0.0447840828213983,0.00886878333923871,0.0629084794035939,0.139011668501026,0.0377337737506151,0.255567356912086,0.451125855272041
2004-06-10,0.0478456699801048,0.0106040928980259,0.0564789294744316,0.136364398643562,0.0469485685983338,0.261088319697353,0.44067002070819
2004-06-12,0.0524226128321363,0.00414915702147267,0.0236325833334626,0.117368692885126,0.0538407467099263,0.265590029228156,0.48299617798972
2004-06-14,0.050950947858251,0.00385979263740024,0.0226211359412234,0.116855708480427,0.0542281113207225,0.263156749257454,0.488327554504522
2004-06-15,0.052677334439349,0.0176848915759644,0.0221586321065224,0.112464815116871,0.0488095232392662,0.266473091833546,0.479731711688481
2004-06-16,0.0509648815943323,0.0179819811081578,0.0277921900897788,0.110078158518813,0.0409130220687037,0.276356828961607,0.475912937658607
2004-06-17,0.0643846215322551,0.0126674332249051,0.0279836047020637,0.11590950900929,0.0331357664948688,0.282852609141358,0.463066455895259
2004-06-18,0.0674674099352126,0.0107514050589685,0.0266787686587482,0.114545937489107,0.0378178224037558,0.282680722065337,0.460057934388871
2004-06-21,0.0600620183473679,0.00629007010698239,0.024337317898828,0.10682848576322,0.0387376734610146,0.302788265578097,0.46095616884449
2004-06-22,0.0637171285015193,0.00346714823260071,0.0259226326122812,0.10613403636318,0.0390498473609508,0.2977668235214,0.463942383408068
2004-06-23,0.0644607755849395,0,0.0324086513687204,0.104270489147059,0.0348325293144624,0.297972620229255,0.466054934355564
2004-06-24,0.0485008268781416,0,0.041980850766021,0.0996127912608342,0.0278199206704802,0.327274518476112,0.454811091948411
2004-06-25,0.0506836822932769,0,0.0399970647557639,0.0992214221844043,0.0286494410333203,0.327617532152475,0.45383085758076
2004-06-28,0.0414643863839901,0,0.0309974858745347,0.0989620457004995,0.0268723671003815,0.361199213071223,0.440504501869372
2004-06-29,0.0434728066739508,0,0.0311950034114024,0.0954298638513428,0.0304842322510643,0.355217756132575,0.444200337679665
2004-06-30,0.0404317531608952,0,0.0353146072666568,0.0982914161981165,0.0349121495287424,0.365137180463398,0.425912893382192
2004-07-01,0.0376668993848202,0.00608367494672076,0.0443507335999459,0.101633319210606,0.0442061856655479,0.372494140833929,0.39356504635843
2004-07-05,0.0385970728958235,0.0146590868836114,0.0489576696479311,0.0988381628294738,0.0426701078709713,0.370226931281609,0.38605096859058
2004-07-06,0.0421285024432838,0.0263327594516444,0.0536801936650535,0.103428089482614,0.0390146609816918,0.358555602070888,0.376860191904825
2004-07-07,0.0406833395615497,0.0311146105861203,0.0476821318501875,0.0877158553467813,0.0396026882128104,0.359226297962236,0.393975076480315
2004-07-09,0.0392769820109075,0.0332466974003129,0.0469245502614384,0.0862593488325,0.0392069169364466,0.360384789161442,0.394700715396952
2004-07-10,0.0351633115767188,0.0398095143002147,0.0488586715573464,0.0860297924184546,0.0427422865750514,0.352937199102818,0.394459224469396
2004-07-12,0.0391462739572809,0.0361335673195081,0.0410163340528067,0.0768976918231276,0.0397828541014206,0.367958207693165,0.399065071052691
2004-07-13,0.0390713890768446,0.0367569733956722,0.0396286874968588,0.0783308010066215,0.0403719652179725,0.367089818655146,0.398750365150885
2004-07-14,0.0490296568681374,0.0225323733447086,0.0443571522045648,0.0753912223910588,0.0525647158504123,0.366000502236938,0.39012437710418
2004-07-15,0.0542001537358218,0.00867033243553699,0.0548005515451476,0.0685198720711758,0.0524904653324249,0.36217389848767,0.399144726392223
2004-07-16,0.0512713907342375,0.0126599441186488,0.0604236703805259,0.0707999765751505,0.0525623413484051,0.356321214167245,0.395961462675787
2004-07-19,0.0532124008148712,0.0131595081331855,0.0603479012201701,0.0711344375412351,0.0504578945455444,0.351911024112291,0.399776833632703
2004-07-20,0.0542363844371195,0.00535194212305948,0.0615037143307465,0.0735145684246208,0.0493728030622564,0.354337533089918,0.401683054532279
2004-07-21,0.0582131074496564,0,0.0645569468650702,0.0759724463692112,0.0490305095822601,0.363525376471016,0.388701613262787
2004-07-22,0.0569019251593556,0,0.068668865950021,0.0760314595690598,0.046492289541224,0.358548133345964,0.393357326434376
2004-07-23,0.0593575001397045,0,0.0653297969956448,0.0757749217808047,0.0454218127979284,0.362017060185289,0.392098908100629
2004-07-26,0.0525068155888462,0,0.0660641444405591,0.0746054583874684,0.0458770965877587,0.366205903205307,0.394740581790061
2004-07-27,0.0519485168583901,0,0.0655638245163031,0.0754144675366357,0.0446122711616609,0.366599418110835,0.395861501816175
2004-07-28,0.0516833455231838,1.73472347597681e-18,0.0669782420998661,0.076068929211307,0.043799186059459,0.360378027348951,0.401092269757233
2004-07-29,0.0571179609626511,0,0.0652587121604608,0.077669011950994,0.0483494519167995,0.352935671925172,0.398669191083922
2004-07-30,0.0578069451972451,0,0.0653746149890657,0.0775961649363109,0.0482085815709666,0.352947452594291,0.39806624071212
2004-08-03,0.0516297013499546,0,0.0756581012903607,0.0790345841042885,0.0502235854418333,0.355371769522965,0.388082258290598
2004-08-06,0.0514278715990336,0,0.0795393484710323,0.0811138384953421,0.0498232071379864,0.358165761359816,0.37992997293679
2004-08-07,0.0531512100044187,0,0.0764720675506785,0.0824169627616166,0.0474783179692521,0.356758990688684,0.38372245102535
2004-08-09,0.0542114026953532,0,0.0766826599035439,0.080948452067344,0.0473491860429351,0.359637308741229,0.381170990549595
2004-08-10,0.0550189817564783,0,0.0757985424751729,0.0851540481361657,0.0451182559687837,0.358415732888456,0.380494438774944
2004-08-11,0.0525488253896673,0,0.0590638597770183,0.0693568009141886,0.0444710887860106,0.311532016779395,0.46302740835372
2004-08-16,0.0516091956126975,0,0.0587660387522204,0.0701511899496229,0.0433650044153167,0.311623338960042,0.464485232310101
2004-08-17,0.0492829232463762,0,0.0580828844808148,0.0716940881900237,0.045925779465867,0.304636879290971,0.470377445325947
2004-08-18,0.0484162774767903,0,0.0577204771969859,0.0691700984263682,0.0438470327892826,0.295252995623801,0.485593118486772
2004-08-19,0.0563884281580431,0,0.0568498903469002,0.0698651513471999,0.0454896451443038,0.292501561040156,0.478905323963397
2004-08-20,0.0606349564315935,0,0.0559093765729197,0.0716932856742873,0.0535317176284048,0.291544779029385,0.46668588466341
2004-08-23,0.0589010176431418,0,0.0543189334088894,0.0721191871534858,0.0548372297496447,0.296711038606224,0.463112593438614
2004-08-24,0.0577295018932732,0,0.0571326140940678,0.0718219722790372,0.0553626972531525,0.29598943608407,0.4619637783964
2004-08-25,0.0596334626426902,0,0.0535797163432744,0.0745419335257878,0.0528732418806577,0.295491375923054,0.463880269684536
2004-08-26,0.0602582272553612,0,0.0537327258486811,0.07263698145268,0.0527736531775399,0.290522910044511,0.470075502221227
2004-08-27,0.0773908547090211,0,0.0417938185621377,0.0871504387173338,0.0358263429404678,0.280585172731194,0.477253372339845
2004-08-30,0.0788535323525059,0,0.0422179153008964,0.088064024943702,0.0310432287445628,0.282275014992664,0.477546283665669
2004-08-31,0.0803787320516104,0,0.0444319968763638,0.0889862928263644,0.0327401218327018,0.275897841819646,0.477565014593314
2004-09-02,0.0836576193325004,0,0.0388797010246063,0.0931489887933263,0.0297118251440009,0.26958600605792,0.485015859647646
2004-09-03,0.0852594532168777,0,0.0360751812708391,0.0908596304057714,0.0269537445859461,0.273333031499146,0.48751895902142
2004-09-06,0.0921818962582482,0,0.0309013546594553,0.091630199628576,0.0247061940476168,0.268828672559364,0.491751682846739
2004-09-07,0.0967547474393386,0,0.030777167654368,0.0899608163823315,0.0229114270659087,0.266705442902797,0.492890398555257
2004-09-08,0.102824044329893,0,0.0333767791385634,0.0904319075592332,0.0222422073041707,0.266253113997182,0.484871947670958
2004-09-09,0.107316743829078,0.00132481493486093,0.040765583559586,0.0897441663905705,0.0180254123840265,0.262196267100198,0.48062701180168
2004-09-11,0.109291710663747,0.00772717734037361,0.0377484096338391,0.0869138865291556,0.0200602599826718,0.268423699252649,0.469834856597564
2004-09-12,0.112060792950497,0.0161594250185862,0.0395594172144599,0.0850992866475747,0.0164393259744936,0.268435786967444,0.462245965226944
2004-09-13,0.110080323505535,0.0140709106904743,0.0369433774503343,0.0922757148151815,0.0187144708400082,0.279276010472125,0.448639192226343
2004-09-14,0.108400169764879,0.0179566313330189,0.0311654961498335,0.101137271552944,0.0177675864863055,0.281112750399541,0.442460094313479
2004-09-15,0.108315155612567,0.0225412078748494,0.0294441379093592,0.100833879906837,0.0172467452839788,0.283120280149356,0.438498593263052
2004-09-16,0.108821956631986,0.0322352190155718,0.02974292970766,0.0899827762918534,0.0115056548884726,0.293751400824255,0.433960062640202
2004-09-17,0.0986928931844635,0.0135230018556499,0.0284243427270428,0.111127186347269,0.00650719596818362,0.290586749197529,0.451138630719862
2004-09-23,0.0950374412697188,0.0113183625797245,0.0539692980606695,0.0862181254594411,0.00798705165131372,0.303606499717875,0.441863221261257
2004-09-24,0.100345123774669,0.0233732702256244,0.0553023755413849,0.0867907425533991,0.00405296735071999,0.297789438895713,0.43234608165849
2004-09-27,0.0915159053174386,0.0260155570490942,0.0482547930795235,0.0932622859809853,0.000697599999908383,0.294115435933091,0.446138422639959
2004-09-28,0.0970939401317388,0.0201218006194609,0.038919133159934,0.102231041114957,0,0.283067509021298,0.458566575952611
2004-09-29,0.0962763323677448,0.0220296482451332,0.0397464772780946,0.0975940184181213,0,0.284630040697332,0.459723482993574
2004-09-30,0.0868165183820215,0.024977577077107,0.0526041694039526,0.0871791266013907,0,0.296271284303249,0.45215132423228
2004-10-02,0.0825009077066297,0.0162934388208685,0.0443592013411646,0.084159564380709,0,0.31780210977533,0.454884777975299
2004-10-03,0.0837585263551702,0.0169114600434933,0.0451890763802944,0.0815536459712554,0,0.316688086097117,0.45589920515267
2004-10-05,0.077660534744812,0.0204125475000372,0.0359158175417027,0.0970966658105795,0,0.318657438350751,0.450256996052117
2004-10-08,0.0773001142916294,0.0165055907896517,0.0347530836146923,0.0974767822704605,0,0.32485293147896,0.449111497554606
2004-10-09,0.0856297480414687,0.0288199609872758,0.0266006089637147,0.102984377390294,0,0.318247352106487,0.43771795251076
2004-10-11,0.082120906616053,0.0375656743647531,0.0258588037204566,0.100644973913815,0,0.327064709271143,0.42674493211378
2004-10-12,0.071563380059405,0.0485960142664416,0.0405072693011409,0.0860368574828574,0,0.322755960808706,0.430540518081449
2004-10-13,0.0724354950886433,0.0402298613147416,0.0346258038473217,0.079503327984222,1.0842021724855e-19,0.349508654310094,0.423696857454977
2004-10-14,0.071940768394238,0,0.0589733731145208,0.0629326108890594,1.68133945972312e-19,0.316921033382473,0.489232214219709
2004-10-15,0.0741746353937207,0,0.0522252459981475,0.0640058861261608,0,0.331469803550285,0.478124428931686
2004-10-18,0.0921705057983622,0.0207459639814798,0.0153616124400871,0.0868802557446759,0,0.356446730450207,0.428394931585188
2004-10-19,0.096424793285351,0.0187011422272571,0.0105027875035154,0.085052350314156,0,0.362495890641663,0.426823036028058
2004-10-20,0.097173550749367,0.00442125612911061,0.0313505896997839,0.0667998543861007,0,0.363168736085638,0.43708601295
2004-10-21,0.0953052459402718,0,0.0269391939397388,0.0733476183457087,3.60252147982875e-19,0.370960041575965,0.433447900198316
2004-10-22,0.0819195688768797,0.0366815878548318,0.0213172638782316,0.074871002645104,0,0.361062765141149,0.424147811603804
2004-10-25,0.0619124234594097,0.0139342433446174,0.0280536087785762,0.0900453229313904,0.00161058134482904,0.339363037610432,0.465080782530746
2004-10-27,0.060713909127444,0.0336373954955772,0.0181655961080838,0.0991484395801672,0,0.323388256515239,0.464946403173489
2004-10-29,0.0533761628025413,0.0630985912839218,0.0151324679754256,0.112176599403414,0,0.269516847171695,0.486699331363002
2004-11-02,0.0521394377230282,0.0635538611676893,0.0456583092700963,0.136686892509764,0,0.257558826889278,0.444402672440145
2004-11-03,0.0424221236604408,0.0355110026830852,0.0514687572873661,0.140421172706111,0.00224568053583569,0.255843448130418,0.472087814996743
2004-11-05,0.0415778789171045,0.048129572000845,0.0474185239185027,0.156002424037521,0.00267946678691881,0.244781989281122,0.459410145057986
2004-11-08,0.0478685847462735,0.0488186866667581,0.0434375315183718,0.156516408785513,0.00324442814613354,0.24312338927905,0.4569909708579
2004-11-10,0.0400456144264809,0.0392016685872399,0.0418525177415952,0.160904541357259,0.0134599430886343,0.227374671255408,0.477161043543383
2004-11-15,0.0467758011456046,0.0642502444371199,0.0515977790721872,0.15872855783845,1.00533821439553e-05,0.237614062105387,0.441023502019108
2004-11-16,0.047351427277895,0.0565412312981532,0.059031637759758,0.159066441836255,0.0129298352935611,0.239803957045406,0.425275469488972
2004-11-17,0.0443860176559741,0.0567555013488688,0.0636204155934811,0.162214088358106,0.014377377553005,0.239977047381946,0.41866955210862
2004-11-18,0.0445790104650431,0.0590253912133063,0.0600336541835533,0.16392799163134,0.014662820808976,0.235069175134246,0.422701956563535
2004-11-19,0.0422646684907673,0.056067579537882,0.0565899041496892,0.173186607992992,0.0147416244343973,0.236786699574441,0.420362915819831
2004-11-22,0.0369889242728026,0.0557053660687577,0.0559533920621772,0.176769385924336,0.0142696795166635,0.234811914623083,0.42550133753218
2004-11-23,0.0540107673575939,0.0505282113967888,0.06416637954117,0.186273023173308,0.0132586379171342,0.220487185217151,0.411275795396854
2004-11-24,0.0524579262461606,0.0549243462810562,0.0517890722248662,0.206159130502617,0.00806718795078604,0.234572018374279,0.392030318420235
2004-11-26,0.0439167604353367,0.0673892249913372,0.0450772605960397,0.211746521052253,0.00772628605351536,0.231367015567051,0.392776931304467
2004-11-29,0.0375329977314699,0.0371774992035322,0.0480185448611116,0.184597620510034,0,0.219668416475284,0.473004921218568
2004-11-30,0.0349517836587827,0.0408100190514526,0.0454795607849747,0.190868363755611,0,0.218840252720997,0.469050020028182
2004-12-01,0.0291577291157359,0.0358072477830309,0.0403811234411248,0.185929027955867,0,0.22980997692137,0.478914894782871
2004-12-02,0.0277694967029854,0.0220437012515053,0.0436850108010315,0.184614754748345,0,0.226187096045818,0.495699940450314
2004-12-03,0.0273885897580355,0.0138092509485053,0.0478150980332161,0.183090196679055,0,0.224069625838832,0.503827238742356
2004-12-05,0.032550583272391,0.0113598505679497,0.0434897433274554,0.18359786552038,0,0.230295304991437,0.498706652320387
2004-12-07,0.0393705963954019,0.00775173817979687,0.0517039793666598,0.203957029298992,0,0.209177275886788,0.488039380872362
2004-12-08,0.0355854621802599,0.0192394889423659,0.0496641767623201,0.200415756144507,0,0.210318636106131,0.484776479864416
2004-12-10,0.0352706288229443,0.0200742024255798,0.0505833433754218,0.199192982782692,0,0.209782311978068,0.485096530615294
2004-12-11,0.0294721351316292,0.0411975389322038,0.0549054180746655,0.194423928400868,0,0.212429959168621,0.467571020292013
2004-12-13,0.0298498673012998,0.0429917652090863,0.0533347510076583,0.195348109848737,0,0.213258389734799,0.46521711689842
2004-12-14,0.0290523922819864,0.0412156892444586,0.0533585665785419,0.195738053844281,0,0.217280367867859,0.463354930182873
2004-12-15,0.0272236676224246,0.0471887688336384,0.050501832914045,0.187387768060904,0,0.214587574688953,0.473110387880035
2004-12-16,0.0277806969311852,0.0408968741682401,0.0483980524872982,0.192212954359246,0,0.213987540007804,0.476723882046226
2004-12-17,0.0264289196788233,0.049008010861453,0.0471265448581659,0.192637036401649,0,0.214478874288133,0.470320613911776
2004-12-20,0.0237163208668526,0.047848450266373,0.0540604464743816,0.172016469435587,0,0.208401181328351,0.493957131628454
2004-12-21,0.0280866446793168,0.0459205038004123,0.0571394812413024,0.174316654461009,0,0.196900751455345,0.497635964362614
2004-12-22,0.0301028535096899,0.0416865408876193,0.0548219819055065,0.170072291665162,0,0.201669474112056,0.501646857919966
2004-12-23,0.0304963375798494,0.0445861947799386,0.0524947467520084,0.169511876667535,0,0.202595832764068,0.5003150114566
2005-01-02,0.0327470034664958,0.0646453402028229,0.0465029590281235,0.161412467753549,0,0.230114569705889,0.464577659843119
2005-01-03,0.0319134908116514,0.0597406765979196,0.0438905868355536,0.155341967844148,3.46944695195361e-18,0.231126742818785,0.477986535091942
2005-01-04,0.0410660403229778,0.0307484996050918,0.0337629257827176,0.146390859980013,0,0.235818412357113,0.512213261952087
2005-01-09,0.0340779638742905,0.0692560149410737,0.0280476281264027,0.165449103123514,0,0.225872074114153,0.477297215820566
2005-01-13,0.031464694485891,0.0766960775592334,0.0202519355471137,0.162516074795551,0,0.236943426916504,0.472127790695706
2005-01-14,0.0315927438811387,0.0861021444954339,0.0186325649049057,0.168188052884943,0,0.233359215854376,0.462125277979203
2005-01-18,0.0326544291592786,0.0850294493732695,0.0214034716127586,0.159906685915853,0,0.235690150732778,0.465315813206062
2005-01-19,0.0309461967560775,0.0975604063437598,0.0259199627561477,0.157909916469162,0,0.244557337512976,0.443106180161877
2005-01-20,0.031579457710692,0.099001235989617,0.0256551090040395,0.160519288992361,0,0.243762617574581,0.43948229072871
2005-01-21,0.0258726353271928,0.104248359673504,0.0202030857828955,0.157137901650082,0,0.256655525171284,0.435882492395042
2005-01-24,0.0228129470897861,0.113352895750349,0.029132654748851,0.132622967096905,0,0.262344599752107,0.439733935562002
2005-01-25,0.0245880066264289,0.111138569067906,0.0307522476246192,0.132347326112686,0,0.26210093759511,0.439072912973249
2005-01-26,0.0323185904911542,0.103267024318288,0.0279859254748405,0.128985076363816,0,0.263765916995428,0.443677466356473
2005-01-27,0.0317668894507921,0.112863280846189,0.027716971465538,0.127487436710101,0,0.258775686778917,0.441389734748464
2005-01-28,0.0301832230999016,0.112071011368095,0.0285342139892741,0.128383993728179,3.46944695195361e-18,0.259911836333881,0.44091572148067
2005-01-31,0.0348254664340737,0.105944301869353,0.0295978433653754,0.129015379473808,0,0.257441518391764,0.443175490465627
2005-02-02,0.054072735082425,0.105691307244608,0.0355634469025057,0.124853183827656,0,0.216764371034166,0.46305495590864
2005-02-08,0.05743502863162,0.107212470547782,0,0.141660150116444,7.08943138949689e-22,0.228816901837167,0.464875448866987
2005-02-11,0.0575617940561125,0.10765600106846,0.000834066878735595,0.14112574261536,0.012199722775239,0.209110904035751,0.471511768570341
2005-02-14,0.0433558727728601,0.131794846765545,0,0.117011045250875,0.00442131142417959,0.231014148896094,0.472402774890446
2005-02-15,0.0371778757148244,0.138928568167832,2.16840434497101e-19,0.122244566248643,0.0059691480602896,0.236726539846538,0.458953301961873
2005-02-16,0.0437078572088276,0.141137367914059,0,0.105349499483641,0.00306697260088162,0.26508922783058,0.44164907496201
2005-02-17,0.0547684307766548,0.200868756391166,0,0.102264444054452,0.0181104354477863,0.174226546862603,0.449761386467338
2005-02-18,0.0502344224133881,0.203709407340388,0,0.102000813094871,0.0158329622020992,0.175014550259362,0.453207844689892
2005-02-22,0.0305445005972874,0.206538823999076,0,0.101627116350907,0.018662342378,0.16957702472868,0.473050191946049
2005-02-23,0.0431985657876455,0.203405514276251,0,0.106933073350423,0.0210403401931911,0.156752813559875,0.468669692832615
2005-02-24,0.027405309435364,0.223001484910019,0,0.102664036146518,0.0152461177040045,0.166686836349648,0.464996215454446
2005-02-25,0.0241734494246227,0.216828880574883,0.00199285951151117,0.104762174833612,0.0152153779326028,0.161090701640796,0.475936556081972
2005-02-28,0.0269660966049779,0.219764537698639,0.00235218354594422,0.0979236200852579,0.00824477271876111,0.149765694100663,0.494983095245757
2005-03-01,0.0248539862874438,0.217830298879654,0.00298552624783463,0.0832149543074381,0.00567687351540551,0.148672561886577,0.516765798875647
2005-03-02,0.0190290390906565,0.226952857628379,0.00273320043631982,0.0821484776767112,0.00592894352457879,0.1449886691343,0.518218812509055
2005-03-08,0.0191067234020158,0.220321007697932,0.00391563221694458,0.0813431691175998,0.0122965431578642,0.140300101358783,0.52271682304886
2005-03-10,0.0170150904142091,0.218828247064241,0.00227191726781333,0.0794532295317869,0.0278197299123695,0.13837006102869,0.51624172478089
2005-03-11,0.0235176946705998,0.213279251540454,0.00164884783946237,0.0967569141702386,0.0368445527535778,0.169057243211868,0.4588954958138
2005-03-15,0.0254283536114294,0.225840191788091,0.0014344416852051,0.102559855033819,0.0427299566339178,0.196204779195589,0.405802422051949
2005-03-16,0.0266787990147615,0.220652266924652,0,0.108527527552168,0.0186293767662985,0.193092978854874,0.432419050887246
2005-03-17,0.00633296979433575,0.251589945317465,0,0.0912206557190148,0.0169563866478887,0.182984340451658,0.450915702069638
2005-03-18,0.00647142714727581,0.252445093137053,0,0.0915629654627855,0.01605205975602,0.183575558276691,0.449892896220175
2005-03-21,0.00606381046711272,0.262819885003764,0,0.089351652631987,0.00723386441019924,0.171979681508071,0.462551105978866
2005-03-22,0.00588885453634459,0.267627025363359,0,0.0886444846011562,0.00211276529929399,0.17794328405955,0.457783586140297
2005-03-23,0.0163825222068851,0.257130813726126,3.46381263098075e-21,0.0937189246901727,0,0.152275476352873,0.480492263023943
2005-03-24,0.0442699547203542,0.223056351698739,0.000831963705558622,0.0768490732509182,0.0355334676295872,0.0984181624997551,0.521041026495087
2005-03-29,0.0428807548630004,0.235377843948952,0.000703654022839525,0.075170522838347,0.030835446556169,0.0971893684758873,0.517842409294805
2005-03-30,0.0345024142799702,0.235009916692347,0.00191053022530435,0.0801463772358316,0.028700160470894,0.101412684822519,0.518317916273134
2005-03-31,0.0337591751455412,0.235342012061749,0.00220698241394559,0.0799979103817969,0.029046676111203,0.101079536471449,0.518567707414316
2005-04-01,0.0289131800009202,0.24131739365515,0.00232940065613707,0.0767389661574049,0.0268285570551181,0.107144452374785,0.516728050100485
2005-04-02,0.0266388026173178,0.244851202749404,0.00176302911834985,0.0773816680687412,0.0260955068591248,0.106666124291042,0.51660366629602
2005-04-04,0.0444014833430318,0.251374357403087,0.00171579382305309,0.073409419866602,0.0299515889448519,0.0858867796084645,0.51326057701091
2005-04-08,0.04406721943237,0.250906226567253,0.00149543903948868,0.0738207897456272,0.0308209972721118,0.0855697061282095,0.51331962181494
2005-04-10,0.0432064369100368,0.252470816276773,0.00127326126410828,0.0736896209282482,0.0315424434843493,0.0847731528416592,0.513044268294825
2005-04-11,0.0422028671562484,0.26196403119254,0.00192668610547372,0.0733710609359279,0.028373121099135,0.0856667676017774,0.506495465908897
2005-04-18,0.0461159191911635,0.249879838886947,0,0.0797589913164871,0.0108891721325578,0.0796546488410568,0.533701429631788
2005-04-19,0.0479243390560761,0.251569581346157,0,0.0771134201296463,0.0138516668666812,0.0781866001187217,0.531354392482718
2005-04-20,0.0371557392000825,0.252977930378749,0,0.0630291974413197,0.0400071120266636,0.0846702249612303,0.522159795991955
2005-04-21,0.0492740136118096,0.258296902616958,8.67361737988404e-19,0.0562831962703681,0.0456070843557163,0.0864878061640094,0.504050996981139
2005-04-22,0.0452679599068794,0.254712446750386,0,0.0550733245693512,0.0459713622647698,0.0912188764792081,0.507756030029406
2005-04-25,0.047665913154662,0.247728096866305,0,0.0525441460923379,0.0469460573437178,0.0968784007725737,0.508237385770404
2005-04-26,0.0435566362552676,0.25426528430726,0,0.0521777849737416,0.0507809635889641,0.0970552472977088,0.502164083577058
2005-04-27,0.0517240327713399,0.27996368777612,0,0.0502018182372391,0.0369407787956746,0.0942005971133302,0.486969085306296
2005-04-28,0.0581992215630652,0.291418536865902,0,0.0478862210072528,0.0294535436377332,0.0835678793931011,0.489474597532946
2005-05-01,0.0497147168800486,0.291033744985601,0,0.0504557054639068,0.0316467068664378,0.0845126796751692,0.492636446128837
2005-05-04,0.0419067094056674,0.288780442171396,0,0.0561301264374635,0.0329341213376989,0.0771627768444819,0.503085823803292
2005-05-08,0.025446984185029,0.265962846737901,0,0.0604648979008049,0.043946768687867,0.0781741514656854,0.526004351022713
2005-05-10,0.0317070556210645,0.275896458650132,0,0.058799130597681,0.0173927297758544,0.0807637525747203,0.535440872780548
2005-05-13,0.0406996454437944,0.281951191387389,0,0.052153642238937,0.0274758941724802,0.0739052071244867,0.523814419632912
2005-05-17,0.0428925336186725,0.323149632139874,0,0.051427999980529,0.0114657726164775,0.0750440498606915,0.496020011783756
2005-05-18,0.0753604961321747,0.313426336486114,0,0.0567982157190362,0.0202416161188205,0.0834055748407049,0.450767760703149
2005-05-19,0.0773269144207239,0.308128746262671,0,0.0551830086191569,0.0304003833368422,0.085916717562258,0.443044229798348
2005-05-20,0.084729814016067,0.298845704287458,0,0.0525354977633284,0.036034511736544,0.0863372331694956,0.441517239027107
2005-05-23,0.104469051033683,0.350217421798136,0,0.0484936170490653,0.035773745110106,0.0801011341850512,0.380945030823958
2005-05-24,0.1027309446458,0.347332050313061,0,0.0492238526874606,0.0426589130504807,0.079520961642509,0.37853327766069
2005-05-25,0.102389532962542,0.361890527476299,0,0.046028460483554,0.04158823521041,0.0857185058640493,0.362384738003146
2005-05-27,0.106347869284656,0.355766107702462,0,0.0477581992229105,0.0374588136432213,0.0846443944870885,0.368024615659662
2005-06-04,0.100149148760012,0.36614820675221,0,0.0497921604094753,0.0399890489516783,0.0836880642982397,0.360233370828385
2005-06-05,0.100221788675134,0.370514068384663,0,0.0507654497284142,0.0401349843911802,0.08335495047555,0.355008758345059
2005-06-10,0.0986404412427143,0.374279371255288,0,0.0552204109041904,0.0320618389423605,0.077467595832319,0.362330341823128
2005-06-12,0.0988244178329097,0.386722775690859,0,0.0533872674479602,0.0265580767659116,0.0752121380108191,0.359295324251541
2005-07-01,0.0983260047325685,0.382241414085265,0,0.0529852493119833,0.0273077383197934,0.0764261979768892,0.3627133955735
2005-07-02,0.0982881575328714,0.38563651374099,0,0.0524266640673755,0.0278363233334242,0.0749612273508471,0.360851113974492
2005-07-03,0.100946931288225,0.393088484329933,0,0.0529948584213537,0.0293680577921416,0.0667400270811488,0.356861641087198
2005-07-04,0.102675471284372,0.395997796237406,0,0.0530007954334819,0.0308392885540153,0.0631136120404041,0.354373036450321
2005-07-10,0.108729460777426,0.404373379929106,0,0.0486729128459825,0.0343291873994322,0.0634652915810514,0.340429767467001
2005-07-11,0.111158448080916,0.41068785549051,0,0.0469448232559101,0.03875022295483,0.0602992682177753,0.332159382000059
2005-07-12,0.114302759463731,0.420214936719439,0,0.0443910487058281,0.0376752697755702,0.0535920985788122,0.32982388675662
2005-08-02,0.114363070761036,0.419972762613229,0,0.0405478719587313,0.0382970825315381,0.0526254275874027,0.334193784548063
2005-08-03,0.111424823709304,0.436175148482597,0,0.0419391498243743,0.0367966016665142,0.050851143097928,0.322813133219283
2005-08-08,0.111207044016587,0.434512349047162,0,0.0438229543130268,0.0360019995002084,0.0529086914429521,0.321546961680064
2005-08-09,0.112984228226125,0.435604676064723,0,0.0431506086864034,0.0356279190057716,0.0518949280696642,0.320737639947313
2005-08-11,0.111612522965814,0.438604304471613,0,0.0440416864045668,0.0345821587426082,0.0511754852372612,0.319983842178137
2005-08-16,0.107833996392107,0.429884248679302,0,0.0447341006702631,0.0358753268130094,0.0545338138068459,0.327138513638473
2005-08-17,0.0999376928569087,0.437770836650849,0,0.0465643156193627,0.0314548658146648,0.0529988006802572,0.331273488377957
2005-08-18,0.100920384272336,0.438820262972711,0,0.0471412134250744,0.0327362635197794,0.0516838680071008,0.328698007802999
2005-08-19,0.0979783110986868,0.43740934672879,0,0.048103868741041,0.0347034032431129,0.0570094384656979,0.324795631722671
2005-08-22,0.100739454302015,0.423209940151849,0,0.0460883621217403,0.0374115275400306,0.0606932420708266,0.331857473813539
2005-08-23,0.0974744527326547,0.420865038188805,0,0.0479740871001659,0.0343844098021386,0.0636839784778332,0.335618033698403
2005-08-24,0.0961215192360415,0.422025193405022,0,0.0482518447299878,0.0337950257835984,0.0637969430182612,0.336009473827089
2005-08-29,0.097843546209828,0.421407362615548,0,0.0476678401843575,0.0341535264544332,0.0628160305636268,0.336111693972206
2005-08-30,0.102669194392846,0.420857161085634,0,0.0491433880474987,0.0281253319268071,0.0586425711502863,0.340562353396929
2005-08-31,0.0803169893131375,0.419504775049681,0,0.0550507286464445,0.0394700048095823,0.0615051351162869,0.344152367064868
2005-09-02,0.0797114886056557,0.421842058689827,0,0.0491584338583668,0.0449472790294917,0.0608599770379938,0.343480762778665
2005-09-03,0.0806688381990537,0.420747421905239,0,0.0486613076290784,0.0446474402929789,0.0608959448908536,0.344379047082796
2005-09-05,0.0789123170534709,0.418508330344084,0,0.0489522495814847,0.0551353859283586,0.0561123726799627,0.342379344412639
2005-09-08,0.0758769712382019,0.427880317458647,0,0.0514063153060111,0.057054448780936,0.0587033183352809,0.329078628880923
2005-09-09,0.0775320855260187,0.423533055297938,0,0.0507938670795446,0.0579200494509065,0.0580811239240516,0.33213981872154
2005-09-11,0.0796049625814709,0.42888892868048,0,0.049425588429943,0.0615279879292633,0.0553874410591046,0.325165091319738
2005-09-12,0.0752580465074203,0.436637886208802,0,0.0493047010003236,0.0560915284645465,0.0562456901137518,0.326462147705156
2005-09-13,0.0740350846104752,0.427524201928977,0,0.0530004225018512,0.0549406117797795,0.0676129218786348,0.322886757300282
2005-09-14,0.069369874227662,0.444239455603287,0.0141850883420098,0.0408954529081731,0.052428072447877,0.0685477435563497,0.310334312914642
2005-09-15,0.0671869329869702,0.442674444987608,0.0151036681706644,0.0409871453032517,0.0489593424380954,0.0744791076933951,0.310609358420015
2005-09-16,0.0666596002925909,0.438043657209096,0.0195668544867291,0.0457821211715732,0.0518675926504245,0.0701591143098499,0.307921059879736
2005-09-19,0.0702370404063397,0.433225125082005,0.0156199077346909,0.0446625869777274,0.0464945149497392,0.0746370842134067,0.315123740636091
2005-09-20,0.0627084334297104,0.430525681003031,0.015416642507901,0.0536559188764761,0.0533066772257356,0.0685167203513701,0.315869926605776
2005-09-21,0.0654892774312298,0.397986368320152,0.0106892063867611,0.0555109612984561,0.0404690050769438,0.0964921383632947,0.333363043123163
2005-09-22,0.067543767385357,0.403501481616236,0.0109633370733857,0.0543645077335803,0.0394839382221441,0.0943118281831727,0.329831139786124
2005-09-23,0.0666585533995244,0.400658150172091,0.0112532495188014,0.0514530297357103,0.0426262631182606,0.0992905549237906,0.328060199131821
2005-09-26,0.0534295598197533,0.36755479113386,0.0153642631893261,0.0447679123212879,0.060743384780733,0.120392673178603,0.337747415576438
2005-09-27,0.0664721607469963,0.35279924024874,0.0102311295064783,0.04986778209096,0.0662843173688778,0.115644071202685,0.338701298835262
2005-09-28,0.0617206974684056,0.328346637471038,0.00787740429323977,0.0495100155430356,0.0826904470964988,0.123634213849797,0.346220584277985
2005-09-29,0.0714484655898691,0.317845604628499,0.00743031099231846,0.0461779792610322,0.0854661896265747,0.127195635321152,0.344435814580554
2005-09-30,0.0649001220028076,0.321474561301706,0.00974920387655289,0.0591694790226208,0.0878867011448324,0.122535094557197,0.334284838094283
2005-10-01,0.0749892255764377,0.304961105223273,0.00881075747494085,0.0577002932499056,0.0885426818328689,0.127309220456774,0.3376867161858
2005-10-02,0.0834601132394287,0.291120282815624,0.0114530070006969,0.0479819070793672,0.0964815189136059,0.129774291099419,0.339728879851858
2005-10-03,0.0932268067284836,0.297589404300964,0.0176845319345445,0.0396315132685059,0.0918910745140316,0.129531855729221,0.330444813524249
2005-10-05,0.0883976197977186,0.317222694603903,0.0189912853549811,0.0299467598007795,0.0805603181438228,0.119038877400135,0.34584244489866
2005-10-08,0.0677351317500013,0.332285387379342,0.0287172115762011,0.0258937375298549,0.0709970566818124,0.113201727784259,0.36116974729853
2005-10-10,0.0669101070459394,0.340743772990477,0.0344798325326116,0.0196706853567339,0.0901282459939879,0.110047703327512,0.338019652752738
2005-10-11,0.13563254690671,0.267722448339474,0.0482397069855988,0.0249543532342955,0.112569051965389,0.129865709900012,0.28101618266852
2005-10-13,0.137642116974414,0.268800056147298,0.0484945322514977,0.0229426321836125,0.109950185725574,0.128451943496488,0.283718533221116
2005-10-14,0.159982519423834,0.22638756892566,0.0540658067703774,0.0260688465907276,0.125918984938729,0.134676374443805,0.272899898906867
2005-10-17,0.157628836638568,0.226573647056882,0.0531737657453457,0.0257098699866726,0.13309625158694,0.125619714737038,0.278197914248554
2005-10-18,0.147650886425804,0.240435199066969,0.056341170170825,0.0169597469240865,0.128902749248099,0.149543905652549,0.260166342511668
2005-10-19,0.166396406097069,0.228789571441654,0.0252972800397931,0.046454174376333,0.122015874075004,0.209651980022811,0.201394713947337
2005-10-20,0.167868511890951,0.2230802705164,0.0269691141046909,0.0478086815509692,0.124603393910113,0.206173310728922,0.203496717297953
2005-10-21,0.17407978480601,0.218987496254426,0.0232953642967039,0.045605192594307,0.123447460182217,0.204071543299032,0.210513158567304
2005-10-24,0.173298851757321,0.223184014011434,0.0256154729802191,0.043662022272709,0.123168756266493,0.206456684162188,0.204614198549637
2005-10-25,0.178276657860128,0.220541982025084,0.025883595432682,0.0486361047541778,0.12401307470675,0.198210131737746,0.204438453483432
2005-10-27,0.184174037216325,0.212400788842733,0.0272065257436558,0.0480074703144283,0.136382411720138,0.193733438097066,0.198095328065654
2005-10-31,0.161704025694029,0.234457932765889,0.0304071879190897,0.0537405455071674,0.118938935320479,0.236399273595855,0.164352099197491
2005-11-01,0.164388157990437,0.241282817342311,0.0242117359515991,0.054997342633587,0.116064754442005,0.24233820319326,0.156716988446801
2005-11-02,0.162819906818802,0.223799080699378,0.0151176962059211,0.0515647322438724,0.125254928716256,0.246206178111083,0.175237477204687
2005-11-03,0.162918257079064,0.223366857217356,0.0150159260274394,0.0517160803865458,0.125559749056114,0.24579187690974,0.17563125332374
2005-11-05,0.131502942058797,0.276655241916133,0.0240435508680079,0.0459694852545504,0.135892284731055,0.261242725328755,0.124693769842702
2005-11-08,0.133182475320034,0.274026651294845,0.0244410697884652,0.0459967849379615,0.13337204121672,0.26287555509536,0.126105422346615
2005-11-10,0.148748277403642,0.270008546953503,0.0356839658160976,0.0496305305573479,0.118491634818758,0.252256737813061,0.12518030663759
2005-11-14,0.151765936244807,0.27325690820178,0.0335430158676731,0.0518190018007097,0.115675187972069,0.25543725542622,0.118502694486742
2005-11-15,0.154880096323625,0.285588754822677,0.0328888565902887,0.0552571116278901,0.116430202824163,0.247656175916957,0.107298801894398
2005-11-16,0.156325101149622,0.285164613821408,0.0343429565122068,0.0580267225590294,0.116009824261932,0.249795530048126,0.100335251647676
2005-11-17,0.162093101086405,0.279712644158598,0.0313293128423733,0.0586930632986879,0.113200952710262,0.249702013543739,0.105268912359935
2005-11-18,0.163486485919942,0.297284514469376,0.0375670204009937,0.0474734105134128,0.114349967670075,0.255725656624442,0.0841129444017583
2005-11-21,0.16485197850467,0.296277637923552,0.0317799987689222,0.0502743322368856,0.121545918074129,0.257632673097944,0.0776374613938964
2005-11-22,0.169160228276964,0.292430661605269,0.0298525263118785,0.0498672864271252,0.122332828464833,0.255706826130772,0.0806496427831572
2005-11-23,0.199541842016585,0.272368399590847,0.0480369627169855,0.0256415523970537,0.10586733141755,0.280224738307051,0.0683191735539269
2005-11-25,0.200200684009473,0.270723903468359,0.0476056251356469,0.0214216339410465,0.103264550466519,0.283180964591022,0.073602638387933
2005-11-28,0.193819332971919,0.27209967254847,0.0512978829637975,0.0215801157943053,0.109994461717524,0.276456842846083,0.0747516911579021
2005-11-29,0.193811518553119,0.270660566765819,0.0490060976726897,0.023538498752354,0.109355521664032,0.276657083205954,0.0769707133860315
2005-11-30,0.189372278660835,0.245242254950325,0.038038379764022,0.029191123254497,0.122397704642401,0.278386984686387,0.097371274041533
2005-12-01,0.175721996024575,0.257030186423048,0.0399958074045313,0.0178763853831959,0.124283132266325,0.265267484678714,0.119825007819611
2005-12-05,0.176253898948734,0.234345996990662,0.0439934177834965,0.0179844111017658,0.133118984980254,0.271530870914425,0.122772419280663
2005-12-08,0.176823551017468,0.227190737832663,0.0511858671235546,0.0138835720189495,0.141826147990646,0.265804836098865,0.123285287917854
2005-12-09,0.16677312202058,0.203072860404492,0.0541487680385314,0.012701095908381,0.14366136698935,0.261713836917765,0.157928949720901
2005-12-10,0.164609711338954,0.208548059430012,0.0539692866658933,0.0121321796427019,0.142864284401662,0.265201606740674,0.152674871780103
2005-12-12,0.163079832732664,0.195222394628324,0.0559307127942622,0.0150526782654489,0.148933090678041,0.252063045437658,0.169718245463603
2005-12-13,0.149970961762114,0.212970464687216,0.0512609666913461,0.0154055809252086,0.167524340747282,0.247921166928853,0.15494651825798
2005-12-14,0.163740617100109,0.19367626116833,0.0449455645212126,0.0150561320769294,0.164982136459169,0.244811651109467,0.172787637564783
2005-12-15,0.152978581758046,0.209769231221135,0.0465149443241268,0.0179475156612038,0.169403869383446,0.247565765227096,0.155820092424946
2005-12-16,0.154177728482016,0.237857962202622,0.0469488347847312,0.00719327161613934,0.167624920532296,0.271705092052781,0.114492190329415
2005-12-19,0.156416124346167,0.248161292470333,0.0448216805680431,0.0094845004051357,0.167790151864686,0.272000575074775,0.10132567527086
2005-12-20,0.152349542592995,0.25855582424152,0.0533264454512795,0.00702387392203677,0.169329271817901,0.268826034702794,0.090589007271474
2005-12-21,0.155382837713328,0.245623429385364,0.0528904423859766,0.0100572600255135,0.176260447806456,0.263811550981185,0.0959740317021772
2005-12-22,0.145181233068393,0.244681893991141,0.0239750512102106,0.0146321244082874,0.179841309341873,0.308727510626556,0.082960877353539
2005-12-23,0.146575369306477,0.238347336678012,0.028958031419701,0.0117058244177449,0.176001792319055,0.303620589698046,0.0947910561609641
2006-01-02,0.151342854614141,0.226811624731085,0.0183553662341479,0.0165564423520059,0.179384804150139,0.318926926938562,0.0886219809799195
2006-01-03,0.143745802308818,0.232858064899524,0.0135698395509162,0.0193160644995489,0.168502891474632,0.323040968146394,0.0989663691201669
2006-01-06,0.127806621753428,0.225254958847456,0.0142970636864871,0.0218201542480092,0.169355280515973,0.339326911947414,0.102139009001232
2006-01-08,0.133415274333619,0.220340343614457,0.0209799224420834,0.0276395899447182,0.169677204175236,0.342104853517815,0.0858428119720717
2006-01-09,0.133052045018994,0.219666582971263,0.0141093481607711,0.0340273682758892,0.175706654570883,0.342805683684599,0.0806323173176013
2006-01-13,0.13675989749146,0.200656010968476,0.0201496890200927,0.0316250946194314,0.167381006965459,0.36567289228527,0.0777554086498118
2006-01-17,0.141174804372386,0.200055300796696,0.0230336682727031,0.0295794455103554,0.167499712627646,0.363259950243253,0.0753971181769602
2006-01-18,0.135926806794341,0.209002881496763,0,0.0342853729479929,0.194161555612934,0.365071122969051,0.0615522601789175
2006-01-19,0.138688294988898,0.212876635135817,0,0.0270887514409185,0.187244881113423,0.345143657260213,0.0889577800607298
2006-01-20,0.145084808345447,0.204471992206512,0,0.0273796559373455,0.190642190283095,0.342065491869781,0.0903558613578206
2006-01-23,0.140047948475554,0.20160647437095,0.00696111435124797,0.0266590614168031,0.199298857369863,0.325705216706875,0.0997213273087067
2006-01-24,0.139043512755475,0.198221046350097,0.0095382945817045,0.0254166422129585,0.198645853548914,0.318926811085284,0.110207839465567
2006-01-25,0.137271851841301,0.198380104327316,0.00884802482077489,0.026609646819486,0.201551307307704,0.320624972988775,0.106714091894642
2006-01-26,0.147730735718676,0.193995288908109,0.0022984612443824,0.0288436496869192,0.20023559439687,0.330759222884691,0.0961370471603532
2006-01-27,0.154372625522944,0.190112172156343,0,0.0298804320018657,0.199418878076561,0.329277305699047,0.0969385865432388
2006-01-30,0.140630256110805,0.188091650304232,0,0.0283673088372352,0.20048104126876,0.349050881834185,0.0933788616447839
2006-01-31,0.142331114590915,0.172280079854386,0,0.0266342677735029,0.19822743408159,0.3705787586205,0.0899483450791062
2006-02-02,0.158904511921875,0.189486288741848,0.00481401067322442,0.0239670288199245,0.173370425331819,0.342382854175284,0.107074880336025
2006-02-03,0.158184318515883,0.178413155745706,0,0.0405988795229942,0.171008355632611,0.348989613130193,0.102805677452613
2006-02-06,0.169253910441916,0.172102668807401,0,0.0422271782094307,0.153109148767462,0.341794990147206,0.121512103626585
2006-02-08,0.164125697895292,0.125813417846393,0,0.04955232085797,0.151417986036892,0.358966298328125,0.150124279035328
2006-02-10,0.163459939897697,0.128113017670916,1.73472347597681e-18,0.0472239963369628,0.152367902566251,0.358622705350447,0.150212438177725
2006-02-11,0.163674300010088,0.110397703321473,0,0.04129038618894,0.145046027986461,0.371967052307177,0.167624530185861
2006-02-13,0.158633066307709,0.120112430054876,0,0.0412298559305338,0.142281326531168,0.373036401304637,0.164706919871076
2006-02-14,0.157648855850566,0.124916287574677,0,0.0429054154164118,0.14651768895057,0.369959058774545,0.158052693433231
2006-02-15,0.156789714262564,0.121828395795819,0.000228815173491439,0.0413644303619012,0.14561295728072,0.369824314794584,0.16435137233092
2006-02-16,0.168923027315581,0.12461112213484,0,0.0418364386542065,0.122818738154061,0.381811678123091,0.159998995618221
2006-02-17,0.140913228393715,0.136121009258581,0.0222998753406548,0.0365996177446148,0.151161809020949,0.367329998108829,0.145574462132656
2006-02-21,0.134697980932257,0.136036598264217,0.0287716849663239,0.0332615061290111,0.14957642406097,0.373148713765261,0.14450709188196
2006-02-22,0.154912363796659,0.134732864705473,0.025279651811341,0.0496282885875578,0.161712483222479,0.343432106158542,0.130302241717948
2006-02-23,0.163858268609504,0.123343587819682,0.0169516457543443,0.0515617596684839,0.169574867647948,0.341260322203153,0.133449548296885
2006-02-24,0.153267720389662,0.128684996523941,0.0201958759110271,0.0521112775422135,0.188007004464494,0.327950576314502,0.129782548854162
2006-02-27,0.144310563313242,0.128068856986316,0.0252087071683391,0.0529301448141611,0.182086977463018,0.329454793849436,0.137939956405488
2006-02-28,0.164662290550291,0.122182311956177,0.0347192935090665,0.0551120675438997,0.173645370088517,0.322861086335143,0.126817580016906
2006-03-01,0.157418349086555,0.131060259299326,0.0328018519073148,0.0429089204553513,0.171787815868352,0.313096867125419,0.150925936257681
2006-03-02,0.154510817711697,0.128213481676823,0.0394475950613201,0.0435161850580077,0.171410186070914,0.311971519888189,0.150930214533049
2006-03-03,0.145785774118296,0.131898332527351,0.0515472491321609,0.0418742420135938,0.17900793835908,0.300964700508989,0.148921763340529
2006-03-04,0.147827143014571,0.136777746354124,0.0473290228344271,0.0481388539251675,0.192473694697736,0.287766362756167,0.139687176417807
2006-03-07,0.181824653992525,0.132914119699471,0.0356613196973752,0.0387431763001683,0.176239224718234,0.264431346191261,0.170186159400965
2006-03-08,0.1835640219074,0.13165487529311,0.0443547563687601,0.0289244319174995,0.170608735182696,0.268737047962804,0.172156131367731
2006-03-10,0.185825574901033,0.131386128347024,0.0490903520791924,0.0185080530012884,0.172030168652408,0.269030366692142,0.174129356326912
2006-03-11,0.177868557623036,0.135602275220938,0.0506476974007751,0.0222920725063542,0.170526906301467,0.268290354892969,0.174772136054462
2006-03-13,0.168647012475394,0.137024034641619,0.0601544232491804,0.0173571681508951,0.172469026905855,0.273474905115949,0.170873429461107
2006-03-14,0.166597532447492,0.132486027844393,0.0290709344276588,0.0187704275034782,0.191319803007732,0.2660391126204,0.195716162148845
2006-03-15,0.165476437243187,0.135254215358149,0.0323026549462021,0.0134779247336433,0.191346048795162,0.274000513713058,0.188142205210598
2006-03-16,0.151201784941774,0.145717529784099,0.0262577368779664,0.0147854515369411,0.189761192547125,0.264418488476048,0.207857815836047
2006-03-17,0.152138924589058,0.144204439885923,0.0132366368554797,0.0257254756601489,0.195440337120681,0.267517209098032,0.201736976790678
2006-03-20,0.153718467531841,0.134125497456915,0.0124885313234586,0.0275952853710324,0.199138071731461,0.269122232521771,0.203811914063521
2006-03-21,0.149531415774601,0.130876465495434,0.00695754523295223,0.0417072363258064,0.201822227279314,0.268124633759542,0.200980476132349
2006-03-22,0.132005347442943,0.144658851135236,0.0227106622891209,0.0383065614273496,0.212313718482139,0.277667116748256,0.172337742474954
2006-03-27,0.122352120816248,0.160035683947287,0.0204928258334766,0.0456679006799077,0.215694515433976,0.273089708106635,0.162667245182469
2006-03-28,0.124889763712208,0.156036331569017,0.0191785061203821,0.04402622435096,0.220262164012105,0.272421359696323,0.163185650539006
2006-03-31,0.123726828425017,0.164935120390109,0.0238297797856892,0.0370304043911412,0.225193982028882,0.273140733618631,0.152143151360531
2006-04-01,0.128019397308624,0.137173261667457,0.000759812254811529,0.0539732316907571,0.232325041352212,0.266418696741949,0.181330558984189
2006-04-04,0.132064160859166,0.134182061245511,0,0.0535085422378878,0.231917790265014,0.26671782726836,0.181609618124061
2006-04-05,0.130750950669824,0.12159732340765,0,0.0598793589765435,0.215727216574921,0.268431276176823,0.203613874194238
2006-04-08,0.128138746032664,0.110171469899965,0,0.0451591490904968,0.240656096322969,0.261230376743546,0.214644161910359
2006-04-10,0.127861232989748,0.092658789447557,0.00799559352084795,0.0413395624617973,0.24015893928001,0.257884128644551,0.232101753655489
2006-04-12,0.132728608208615,0.0889772506052051,0.0167965006481754,0.0665248526903231,0.208823744060277,0.252859961910568,0.233289081876836
2006-04-13,0.133730208256364,0.0886964606761534,0.0146527102304312,0.0629435767559229,0.210648151592276,0.253201962432324,0.236126930056528
2006-04-18,0.136238407098246,0.0909982600742933,0.0156278051970371,0.0659303422186383,0.212580123901981,0.251339313733765,0.22728574777604
2006-04-19,0.130188304318429,0.0864134306017621,0.0221032078715424,0.069929432308354,0.204357814445318,0.259700651713667,0.227307158740928
2006-05-01,0.132827043783743,0.0802190464760108,0.0145497093406816,0.0793478565576005,0.194546402638505,0.264911526097939,0.23359841510552
2006-05-04,0.120317483460669,0.0882804857675602,0.0261226583137345,0.0788642017731951,0.215992357048368,0.254513932141584,0.21590888149489
2006-05-05,0.120026532000311,0.0845058881583385,0.0253821799530438,0.0805752923922306,0.21256864345475,0.257781958645571,0.219159505395755
2006-05-07,0.110057831831097,0.113480236959826,0.0142135092222838,0.0930922069834332,0.238683915905891,0.25590232411429,0.174569974983179
2006-05-09,0.110308723183031,0.11501853104026,0.0131408589136868,0.095037858689257,0.236012479883751,0.255494832685233,0.174986715604781
2006-05-10,0.112665995599919,0.112636712905498,0.00824912872759013,0.11497890421213,0.222279029660414,0.24450148838318,0.184688740511269
2006-05-12,0.106350797899334,0.115274227254727,0.00879712759989297,0.115585051618627,0.219223700447476,0.247500093255997,0.187269001923945
2006-05-15,0.142383780388788,0.109340178607314,0,0.151665986573668,0.18769728252274,0.22242338965082,0.186489382256671
2006-05-16,0.147311619828199,0.11558665369211,0,0.146780030736443,0.185926002339985,0.200987575280924,0.203408118122339
2006-05-17,0.155477794210112,0.0768040010404421,0,0.187041128570406,0.192816583723135,0.192665576563689,0.195194915892216
2006-05-18,0.14410438443415,0.0756058379896523,0,0.186784177876634,0.195801275208063,0.195497033666886,0.202207290824614
2006-05-19,0.145256118401667,0.0561674441698201,0,0.190628753811314,0.19722967890759,0.202997082764443,0.207720921945166
2006-05-22,0.163263892606843,0.180927166184859,0.0053924830287348,0.202758716072241,0.149179530384723,0.212984865881967,0.0854933458406318
2006-05-23,0.136512944940877,0.182677973602751,0,0.245476790647367,0.141125224639816,0.208174720036657,0.0860323461325315
2006-05-24,0.134863693921634,0.180209325465757,0,0.272249203792593,0.113355689488886,0.188534753633534,0.110787333697595
2006-05-26,0.145743459822136,0.179818108746359,0,0.25820485006518,0.076434135080778,0.18215949037554,0.157639955910006
2006-05-30,0.145267961342942,0.196469986988961,0,0.255602267678046,0.0798660164457684,0.185526137061506,0.137267630482777
2006-05-31,0.146066649415996,0.16929157811714,0,0.262155929666497,0.0777241688657208,0.181471716883805,0.163289957050841
2006-06-02,0.143588332369425,0.175287554083551,0,0.263423990414267,0.0787474875611603,0.180121915627266,0.158830719944331
2006-06-04,0.140734775780114,0.177819338057141,0,0.266251222519045,0.074826059178885,0.180483501269664,0.159885103195152
2006-06-06,0.130356543931559,0.176350292277881,0,0.279794190867868,0.0444552466578576,0.205346518007431,0.163697208257403
2006-06-07,0.150555312591254,0.165439004171074,0,0.273204336708132,0.031795134545527,0.203759540795344,0.175246671188668
2006-06-10,0.151312759506269,0.151911039981847,0,0.273330434651089,0.0348484657980313,0.199077919759234,0.18951938030353
2006-06-11,0.150973332497595,0.147832119475364,0,0.276179484361561,0.0343115744725917,0.198469801204369,0.192233687988519
2006-06-12,0.15402827772765,0.146483597659736,0,0.270473084890316,0.0264179472761744,0.202537418316521,0.200059674129603
2006-06-13,0.16824884200689,0.119756042367103,0,0.274575087885832,0.0059610301080737,0.210352601418839,0.221106396213262
2006-06-14,0.162414579631045,0.123203106478733,0,0.278064183505573,0.0187092623276018,0.203120721786491,0.214488146270557
2006-06-16,0.165405470283027,0.123770029484192,1.38777878078145e-17,0.279662567176578,0.019538690255005,0.199619975118227,0.212003267682971
2006-06-19,0.165363797929667,0.129723656037069,0,0.276869905296104,0.0171550416546326,0.190316163308604,0.220571435773924
2006-06-20,0.170716885631703,0.13514977317052,0,0.278449890026128,0.0201041221153983,0.189473009710842,0.20610631934541
2006-06-21,0.163719741652786,0.135654223802637,0,0.275567274699566,0.0192915477295978,0.191851476924227,0.213915735191187
2006-06-22,0.151980186776238,0.147038082803699,0,0.28307570887723,0.0224638131336177,0.190679693992211,0.204762514417003
2006-06-23,0.152938905766629,0.145408667392393,0,0.280147173894259,0.0230302737491463,0.189997133445892,0.208477845751681
2006-06-26,0.154006075415178,0.149217259806626,0,0.278514930236062,0.0251096107729107,0.184034269610391,0.209117854158833
2006-06-27,0.147487775538252,0.150771260859893,1.38777878078145e-17,0.281716895501552,0.0263584187026781,0.18672062847639,0.206945020921236
2006-06-28,0.159920844667394,0.148363958441547,0,0.286608014734458,0.013438633111391,0.184273054591596,0.207395494453614
2006-06-29,0.156933420833401,0.144663500600664,0,0.292107996926989,0.00913262516170455,0.208935954748169,0.188226501729072
2006-06-30,0.150939978621677,0.155923846548688,0,0.263387682168089,0,0.21396719505753,0.215781297604017
2006-07-02,0.149334141962605,0.159174943584593,1.38794929497834e-19,0.2599911404064,0,0.221144566804464,0.210355207241938
2006-07-03,0.143397658591706,0.176076971145107,0,0.26336520467763,0,0.223703442614456,0.1934567229711
2006-07-04,0.148849744667435,0.169630655516659,6.56823468120253e-20,0.265079034528766,0,0.223613284919415,0.192827280367726
2006-07-06,0.127868198868824,0.176190218519228,0,0.27438761424703,0,0.219959290455227,0.201594677909691
2006-07-07,0.125316737575645,0.17829790914864,0,0.272055926841055,0,0.221811555415723,0.202517871018938
2006-07-08,0.1357529840528,0.164438972198295,1.38470482763673e-17,0.271214548195281,0,0.221262641966885,0.20733085358674
2006-07-11,0.130014949444734,0.16408809950249,0,0.277240281974052,0.00800441897463935,0.215531084443938,0.205121165660147
2006-07-12,0.122323876461578,0.168873481872106,0,0.282590278218478,0.00565746497592609,0.210668220210218,0.209886678261694
2006-07-13,0.119803449312765,0.164838702151197,0,0.29457396250586,0.0228664092654692,0.189633214077583,0.208284262687126
2006-07-14,0.126902230701399,0.140570718893935,0,0.281518435965443,0.0266895961596187,0.20275924510803,0.221559773171574
2006-07-17,0.133886465287882,0.173802066428749,0,0.273706291126097,0.017337628112119,0.194403989155727,0.206863559889426
2006-07-18,0.13169910860119,0.169935893486843,0,0.289637880491539,0.014531210505499,0.190197209334687,0.203998697580241
2006-07-19,0.134017842529803,0.189354306683104,0,0.307055940922552,0.0175986097071689,0.176351302219114,0.175621997938259
2006-07-20,0.129218731810862,0.190277224645069,0,0.305844605316062,0.0146834283573974,0.172803069696256,0.187172940174353
2006-07-21,0.139806193380064,0.188309095005887,1.78446195507899e-19,0.297481972145228,0,0.176771889517843,0.197630849950979
2006-07-24,0.14810526144223,0.195899056771752,0,0.298807852775365,0,0.174899636093558,0.182288192917096
2006-07-25,0.14396682090136,0.184695623555986,0,0.299374338650024,0,0.17055850674147,0.201404710151159
2006-07-26,0.141822899982809,0.189257439821253,0,0.297594274828586,0,0.181482793089329,0.189842592278023
2006-07-27,0.141875862180332,0.185296443957093,6.10580546176462e-19,0.298599220024573,0,0.182817232039294,0.191411241798708
2006-07-28,0.132960948585816,0.182295248401891,4.0277560341325e-19,0.290217640664319,0,0.192986060057259,0.201540102290715
2006-07-31,0.132438686164861,0.179806173846098,9.40685952210781e-19,0.289245780597485,0,0.196253604200401,0.202255755191155
2006-08-02,0.135593484624411,0.170997026482586,1.23982419244856e-18,0.283997255459188,0,0.200608769349052,0.208803464084763
2006-08-03,0.134822638538805,0.163985966828965,2.93289578013862e-19,0.286791590579041,0,0.194177051624483,0.220222752428705
2006-08-05,0.122044504064163,0.183328113684745,0,0.273059731951157,0,0.21010083596354,0.211466814336395
2006-08-06,0.151452820413427,0.153005702409706,2.00961325654984e-18,0.30849617205652,0,0.197923140162028,0.189122164958319
2006-08-08,0.142031839165878,0.166020326908267,0,0.303319199702583,0,0.193378710833029,0.195249923390244
2006-08-11,0.148138733910076,0.171611499030851,1.927553930581e-18,0.281822857972993,0,0.205319499760024,0.193107409326056
2006-08-14,0.142442310298318,0.165324169047335,0,0.277498309126969,0,0.214219606825565,0.200515604701813
2006-08-16,0.114022840633964,0.162116778168317,0,0.307214029148596,0,0.232112517891261,0.184533834157862
2006-08-17,0.111854346262277,0.1618443296679,0,0.305263426789554,0,0.232123081380336,0.188914815899933
2006-08-18,0.112284773955424,0.158870228097586,0,0.308755254688002,0,0.229819397951161,0.190270345307826
2006-08-21,0.117550896763635,0.147433197176967,1.02479382968621e-18,0.30593708044505,0,0.233430401109381,0.195648424504968
2006-08-22,0.121827802672248,0.152269850470335,3.98203497842851e-19,0.305012136006546,0,0.226462466162579,0.194427744688292
2006-08-23,0.134979834688896,0.140987691157114,6.54612654519383e-19,0.306519694694614,0,0.225129205493471,0.192383573965904
2006-08-24,0.133068385400807,0.141822924214309,0,0.30573425065476,0,0.225203678941874,0.19417076078825
2006-08-25,0.134347982614071,0.127935271343472,2.21969032886891e-19,0.313226603496611,0,0.232587339336118,0.191902803209728
2006-08-28,0.135779933520968,0.12780627194653,2.45963804810686e-19,0.313670964264241,0,0.231609015321785,0.191133814946477
2006-08-29,0.137825058129772,0.127870552310672,1.03436312403518e-18,0.312766534780336,0,0.229872720214583,0.191665134564638
2006-08-30,0.145726861474062,0.13394632365926,3.85895817096058e-19,0.312138095865387,0,0.221392912545215,0.186795806456076
2006-08-31,0.151298675962889,0.129846850104894,1.07913598075492e-18,0.310973508467733,0,0.216195983326125,0.191684982138358
2006-09-01,0.153541949997402,0.127791864756773,1.1530096686753e-18,0.304309227011231,0,0.220320743397265,0.194036214837328
2006-09-02,0.157434882603218,0.10617294574016,0,0.303682996085466,0,0.23130616970377,0.201403005867387
2006-09-03,0.156737459162953,0.10664647636847,1.14687050543888e-19,0.304242559322768,0,0.231229287698412,0.201144217447398
2006-09-05,0.158072120526854,0.128995858178808,0,0.304620509538854,0,0.234322559724179,0.173988952031305
2006-09-06,0.157530804330396,0.131299763671526,0,0.304357105696765,0,0.227507054387337,0.179305271913976
2006-09-08,0.151847071183342,0.124320755655567,0,0.297894286360696,0,0.228186293694435,0.19775159310596
2006-09-10,0.155091348172682,0.143231051707021,4.52619794864048e-18,0.29270986152706,0,0.224570429815619,0.184397308777618
2006-09-11,0.151980459555002,0.163123196480875,0,0.287223593866384,0,0.229701196290428,0.167971553807311
2006-09-13,0.155213260823127,0.170238218954976,2.41235844021931e-18,0.293072764072739,1.38777878078145e-17,0.218459853785149,0.16301590236401
2006-09-14,0.152338942452484,0.168672814061257,6.39772958494974e-18,0.292956456795236,0,0.21997290574203,0.166058880948993
2006-09-15,0.153732451969572,0.16895271126642,1.37370677051708e-17,0.292087559053954,0,0.221622876228932,0.163604401481122
2006-09-29,0.159064400038304,0.174466632850812,5.6254066384881e-19,0.284502373650421,0,0.219356508091721,0.162610085368743
2006-10-01,0.159027256996614,0.177540458702665,0,0.28500027200776,0,0.220532965304173,0.157899046988788
2006-10-02,0.160931554468178,0.17554244500794,5.31590270897987e-20,0.276297501106946,0,0.225303726166003,0.161924773250933
2006-10-03,0.158936365979081,0.17489199742662,0,0.276890225916376,0,0.226972909783509,0.162308500894414
2006-10-04,0.158265690765532,0.150914531947748,0,0.273110650517863,0,0.226225200294235,0.191483926474622
2006-10-05,0.152878558866853,0.148513807719951,0,0.272368696647845,0,0.225123211623546,0.201115725141805
2006-10-07,0.153610018675438,0.146098860257285,0,0.26385080032837,1.12621337134065e-17,0.227075965160932,0.209364355577975
2006-10-08,0.150784973599362,0.145509376245756,0,0.263659843469289,0,0.228484398284408,0.211561408401185
2006-10-10,0.130965224428733,0.134755090406302,1.75776849559869e-19,0.247257655094152,0,0.244201451089843,0.24282057898097
2006-10-11,0.12837033850831,0.133216011840916,1.22217822459151e-18,0.249480018232195,0,0.256188901271609,0.23274473014697
2006-10-13,0.11630272875048,0.169921041394582,0,0.222690134949158,2.99232064147036e-18,0.25674474583188,0.234341349073901
2006-10-16,0.12495820312585,0.166527452049713,0,0.225613691841352,0,0.252263354938165,0.23063729804492
2006-10-17,0.122589576752453,0.1843336168266,0,0.221770449753409,0,0.245054663598527,0.226251693069012
2006-10-18,0.103202843298984,0.061501339652992,0,0.210410668613706,0,0.247214342924209,0.377670805510108
2006-10-19,0.100240627166973,0.0535055012454707,8.9400155468235e-20,0.214640161851516,0,0.247214007670457,0.384399702065583
2006-10-20,0.104456751158665,0.0615275853524909,0,0.197642827106913,0.00923723654004069,0.257648387153947,0.369487212687943
2006-10-23,0.104189446471772,0.0559399811665529,0,0.209087771393245,0.043131674355014,0.264192731112011,0.323458395501405
2006-10-24,0.0995443730427316,0.0299656152530745,0,0.212034075547994,0.0459951836778454,0.259440281254699,0.353020471223655
2006-10-25,0.0991122093969244,0.0256055382055972,0,0.213166552906107,0.0433667927716913,0.257266781586832,0.361482125132848
2006-10-27,0.100701914597248,1.42812578064149e-19,0,0.210766574562814,0.0418828425070474,0.262221225529988,0.384427442802902
2006-10-30,0.105287429074505,2.15175978306541e-19,0,0.205675205923508,0.0469356529901318,0.263325609720077,0.378776102291778
2006-10-31,0.119150409257841,0,0.00678168481487694,0.182856305924781,0.0868180377005168,0.244543151468268,0.359850410833716
2006-11-01,0.088035034926472,0.0095804734327284,0.0156953878001774,0.170352256922711,0.143448795384984,0.253467131274689,0.319420920258238
2006-11-04,0.089183907089876,0.00879715069659484,0.0344023187590955,0.171303973431762,0.168664173953123,0.249020427631879,0.27862804843767
2006-11-05,0.0951561194519479,0.0146719065108443,0.0357749059121186,0.164377793116891,0.17043942258489,0.247844555986599,0.271735296436709
2006-11-07,0.11285906189935,0.00860145848431668,0.037051041072153,0.159734759928015,0.170975178717604,0.248044281642054,0.262734218256507
2006-11-08,0.105101462404354,0.0449097484072573,0.0365089600205042,0.143333429755859,0.179768668057065,0.243695221059369,0.246682510295591
2006-11-09,0.102814002353253,0.0407924270009346,0.0344917950789429,0.146218820591941,0.175749345329945,0.245469630017739,0.254463979627244
2006-11-10,0.0940954028072953,0.0494415729072218,0.0356468856017071,0.142064134418467,0.1797160568774,0.2483904651346,0.250645482253309
2006-11-12,0.0932535263332643,0.050685379979643,0.0339376033176228,0.145230120654068,0.17774663571653,0.24621327204567,0.252933461953203
2006-11-13,0.0894967825688261,0.0551901000194631,0.0315494470841574,0.140607663624102,0.173102968409757,0.240095304308547,0.269957733985148
2006-11-14,0.109515875050765,0.0548271347913641,0.0443322914757938,0.12910385853423,0.177653608474297,0.224921251695874,0.259645979977677
2006-11-15,0.11512334853844,0.0565098004440421,0.0417802139573679,0.126463881605377,0.171610375244011,0.227374743287992,0.261137636922769
2006-11-16,0.110299699012402,0.0449177187687622,0.0424107454558521,0.125640774381114,0.175244098625105,0.23205872386227,0.269428239894495
2006-11-17,0.115082277245832,0.0516082526752092,0.03686596500117,0.132399110378214,0.168625894213284,0.226820437810057,0.268598062676233
2006-11-20,0.116723822190472,0.0514995598241479,0.0402030437058448,0.127326684987468,0.169121978584848,0.224775820301455,0.270349090405764
2006-11-21,0.111290975711459,0.0515448908098771,0.0430530205266929,0.129791072157862,0.162647706087509,0.227256328754891,0.274416005951709
2006-11-22,0.108577259028222,0.0513059491405088,0.048107113051489,0.136231006842478,0.172268571221309,0.194035484495141,0.289474616220853
2006-11-24,0.123874127539798,0.0456779585739248,0.0801155595309486,0.149866053873315,0.166153879714289,0.181373503196085,0.25293891757164
2006-11-27,0.12389379343601,0.0536303025359064,0.0840029728896053,0.152491068394603,0.16740528323948,0.180327874423831,0.238248705080563
2006-11-28,0.119669947867504,0.0189805911410437,0.0844225117432968,0.152026718161163,0.178096428675152,0.169090944661335,0.277712857750506
2006-11-29,0.110791996556345,0.0102376838310359,0.081089281882349,0.159659776356194,0.163636268700786,0.169663533829164,0.304921458844126
2006-11-30,0.127414288356265,0.00936349063793559,0.0778696447778493,0.155046468533577,0.154163114225845,0.165422483856188,0.31072050961234
2006-12-01,0.128723100089936,0.0221250397643595,0.0806752320566149,0.154740065815953,0.151949195623431,0.164870041203245,0.29691732544646
2006-12-04,0.120683773528483,0.0295735544730945,0.0782382743112997,0.156131124294912,0.151218120555367,0.165853340468895,0.298301812367949
2006-12-05,0.102865810092377,0.0157482909662501,0.0813596499615823,0.158836224201546,0.139826977055843,0.175630756239183,0.325732291483218
2006-12-07,0.100799889742338,0.0193290773602269,0.0881192830597841,0.14908289855531,0.134438594107238,0.18158485769309,0.326645399482015
2006-12-09,0.113877597777465,0.0261407571020487,0.0951556657375825,0.135704897755088,0.110836052982893,0.185591409284242,0.332693619360681
2006-12-10,0.106291505035941,0.0392305434155699,0.0927854642894116,0.14953914027768,0.116377773113343,0.172532049370285,0.323243524497771
2006-12-12,0.113211646763652,0.038947700491214,0.0908464328467566,0.1441265652958,0.115683462069661,0.173028765561272,0.324155426971644
2006-12-13,0.0991309891778475,0.0175177357116517,0.100221925641215,0.149594559985876,0.120625353413117,0.168619718954297,0.344289717115996
2006-12-14,0.0949098069920532,0.0258275648345001,0.0932796640104293,0.138326796129784,0.120835450292178,0.173338304567133,0.353482413173922
2006-12-15,0.098442775373812,0.0303108426602141,0.0924826866921948,0.141446981417629,0.121301276834646,0.176415944158021,0.339599492863483
2006-12-18,0.0893208652583649,0.0203234641217725,0.0880237963609296,0.158823038958181,0.148898347459644,0.15639683478635,0.338213653054758
2006-12-19,0.0730891911907154,0.0363976177643764,0.0838232767941605,0.156918623432565,0.158138376046886,0.154857917609462,0.336774997161836
2007-01-02,0.0718960576403289,0.0407648981834019,0.0827560028215171,0.154319342141506,0.154929328757859,0.162472242519473,0.332862127935914
2007-01-03,0.0613183142948263,0.040455155634436,0.0798585449843585,0.160359884294752,0.177020326164834,0.15707343335724,0.323914341269552
2007-01-06,0.0653143173285809,0.0338569446851981,0.0862115170778396,0.152238827628642,0.172567236000268,0.148546888435296,0.341264268844176
2007-01-08,0.0561589559239081,0.0824378669453144,0.0845037979925844,0.138097295126106,0.166180505050516,0.153758639880397,0.318862939081175
2007-01-10,0.0602257814281078,0.0769332127265026,0.0960929014262122,0.129624263119191,0.163810377627472,0.158636101641811,0.314677362030704
2007-01-16,0.0600217448008553,0.0905086212783542,0.100028260417942,0.129008603288734,0.151280474380706,0.159361000304026,0.309791295529383
2007-01-17,0.0577794862684662,0.0863241336477136,0.101298324365238,0.125842712336664,0.157078489729011,0.167337364430133,0.304339489222775
2007-01-18,0.0595613553644505,0.0653083303257659,0.0920043183721746,0.144175783715224,0.173288032813978,0.145494787599783,0.320167391808624
2007-01-19,0.041833183159107,0.0996040538774558,0.0943596434616335,0.128801951524175,0.198594611121582,0.1477737034458,0.289032853410247
2007-01-22,0.0481325952300967,0.0913888565702914,0.0956387859107153,0.132119338605158,0.198637728914919,0.147905665729898,0.286177029038921
2007-01-25,0.0449510361007796,0.0895849674084779,0.0937561971711097,0.142116921216624,0.198551757833127,0.141166075187076,0.289873045082805
2007-01-26,0.0559513491078526,0.085522328202636,0.0944326231594991,0.13999864381579,0.181245223644343,0.153094955255159,0.28975487681472
2007-01-29,0.0600648590014869,0.0537336676775769,0.0895667950489361,0.141105737760588,0.201443800323072,0.139695708996558,0.314389431191782
2007-01-30,0.06124116121982,0.0515458346171176,0.0887196483107152,0.142485637030754,0.202027125554096,0.139654808828931,0.314325784438566
2007-01-31,0.0626798301390831,0.0506371915950571,0.0905685457895761,0.140269666982931,0.20549807271176,0.117928707523673,0.33241798525792
2007-02-02,0.060433251755839,0.0637193455428167,0.0866167039751121,0.145626153110809,0.204498445160177,0.118754316749245,0.320351783706
2007-02-03,0.0582725582565628,0.0592607894768668,0.081484270176558,0.142894829908185,0.20599407137514,0.128119177548944,0.323974303257743
2007-02-04,0.0504809599235291,0.0718084675207293,0.0824364678567578,0.13820870905612,0.202184979840757,0.129702495337642,0.325177920464465
2007-02-07,0.0530854852643069,0.0523670319521041,0.0842214524739566,0.136371812311121,0.204772383681893,0.133890129973529,0.335291704343089
2007-02-08,0.0674927972502535,0.0410672865648138,0.0850847015384964,0.136418793259014,0.198816186211105,0.137092465918619,0.334027769257698
2007-02-10,0.0762490655271096,0.0320402496169824,0.0914249739995098,0.140055469433611,0.178533205101994,0.150603562427784,0.331093473893009
2007-02-11,0.085721912769732,0.0112003290494474,0.09299395567959,0.145666732146714,0.154888175931289,0.146862287777471,0.362666606645757
2007-02-13,0.0771240365005054,0.00379195951158686,0.092928341324424,0.149508906879492,0.160559384943285,0.149061523408242,0.367025847432465
2007-02-14,0.0700341603160281,0.017397189868564,0.0835555024524102,0.153431190194579,0.153985039757579,0.153739989239553,0.367856928171286
2007-02-15,0.0722196250472473,0,0.0866188722253857,0.159124919436638,0.159508967333151,0.148591703116296,0.373935912841282
2007-02-16,0.0631904203791605,0.0455504620380599,0.0884436116182128,0.162825190369318,0.15047374937401,0.137243378747878,0.352273187473361
2007-02-20,0.0634963620359875,0.0478984640081907,0.0918387353085111,0.160488159449308,0.147273910131055,0.13397079073766,0.355033578329288
2007-02-21,0.0627696379836692,0.0482041835400354,0.0920472390104761,0.160649734087973,0.145588399406272,0.13474108805791,0.355999717913664
2007-02-28,0.0591111297777207,0.0496610197912062,0.0661872228308931,0.153137773970574,0.168438933625632,0.118996211806654,0.384467708197319
2007-03-01,0.0540411380371987,0.0840370692131426,0.040990185357101,0.115276844092544,0.174913305937983,0.125631658186427,0.405109799175604
2007-03-04,0.0563351345497504,0.0833579713850529,0.0416933876075485,0.116322965010737,0.185757877934604,0.119219253074973,0.397313410437334
2007-03-07,0.0597060551131798,0.0812598700735716,0.0456431535875397,0.127004375913441,0.184551686511566,0.114946952273816,0.386887906526887
2007-03-08,0.0542620225885226,0.0692874397081685,0.0491806529295738,0.126569093427259,0.176393474168444,0.125792593373175,0.398514723804856
2007-03-10,0.0510451056915967,0.0624766013652639,0.0520910121896749,0.121305241160046,0.18306234836531,0.125856078053075,0.404163613175033
2007-03-12,0.0547463463872997,0.0520590548085114,0.0856340715867863,0.0975804123841608,0.171668451779008,0.12518336787357,0.413128295180664
2007-03-13,0.0579370596374234,0.0496667041333225,0.0836908641426896,0.105720878704675,0.180675036545636,0.124468135794224,0.39784132104203
2007-03-14,0.0473456864726956,0.0390467319142224,0.00421037988934026,0.186729912935204,0.195625068725137,0.131654948440358,0.395387271623043
2007-03-15,0.0491264657997556,0.0288053090303221,1.73472347597681e-18,0.190385527044341,0.201094683208058,0.132233286787354,0.398354728130168
2007-03-16,0.0434735569403499,0.0352508151187722,0,0.189600499746604,0.20385938951627,0.133462995819701,0.394352742858303
2007-03-19,0.0485012469407076,0.020113450799137,0,0.193246333995208,0.196795229378794,0.143237776117796,0.398105962768357
2007-03-20,0.0472332395617379,0.0184831186371196,0,0.193084525153059,0.19624088858089,0.144582124670039,0.400376103397155
2007-03-21,0.0486654756792245,0.0265369368401786,0,0.195496560552567,0.191632948056725,0.14449099178375,0.393177087087554
2007-03-22,0.0565008416607671,0.0492550797074762,0,0.233887518047767,0.203822103923966,0.148122567100912,0.308411889559111
2007-03-23,0.0552232529682923,0.044241601403794,0,0.230991773833493,0.219298167803527,0.143814571818108,0.306430632172785
2007-03-26,0.0593151450312089,0.0381021031923943,0,0.232090948846746,0.230150962243453,0.142842971461203,0.297497869224994
2007-03-27,0.0504906688866924,0.0327620833562702,0,0.228470560033779,0.223236274956256,0.150282024017001,0.314758388750001
2007-03-28,0.0508299079215375,0.0278671622740214,0,0.222855921144713,0.221910366787748,0.158353818883854,0.318182822988127
2007-03-29,0.0362226144587505,0.0382102107914594,0,0.219293144272428,0.216835352048694,0.162446589105467,0.326992089323201
2007-03-30,0.0367227300258734,0.0297178442032457,0,0.224303322930559,0.217367795232785,0.162913682548505,0.328974625059033
2007-04-01,0.0487492134481535,0.0413613515103965,0,0.212856352001049,0.220192346255358,0.155404405526472,0.32143633125857
2007-04-04,0.0519611255153249,0.0444871623384128,0,0.21173518557641,0.223492865991241,0.156190559492434,0.312133101086177
2007-04-05,0.0530483438042829,0.0562029501420027,0,0.209342438018992,0.218118795684697,0.156765654493345,0.30652181785668
2007-04-06,0.053133323706715,0.0554602171986766,0,0.210269700982699,0.219379114308834,0.156130959284653,0.305626684518423
2007-04-09,0.0571064508218222,0.0517723460690202,0,0.211851338663593,0.206658853405616,0.165535838774835,0.307075172265114
2007-04-10,0.0595188280078396,0.0496628386296801,0,0.216681757506067,0.209774892995723,0.163412860044354,0.300948822816336
2007-04-12,0.0693841086764545,0.0646783993924284,0,0.215450686233402,0.164027463909964,0.180569622290046,0.305889719497705
2007-04-13,0.0707113192183537,0.0636171379247294,0.00037074784545091,0.216861359180056,0.165894803250586,0.176299303053443,0.306245329527381
2007-04-16,0.0751904189482741,0.0233516660535192,0,0.220226498044653,0.122458735911229,0.185090271032391,0.373682410009934
2007-04-17,0.0707871007310249,0.0163057169213843,0,0.193538425929665,0.0917815613688163,0.19151262279796,0.436074572251149
2007-04-24,0.05869351979065,0.0199151831733706,0,0.19032377565594,0.0864516403288888,0.197945925516918,0.446669955534232
2007-05-01,0.0387384272256046,0.0239802666034329,0,0.197620655867356,0.0891673658232847,0.198071577250053,0.452421707230269
2007-05-02,0.0408574622708294,0.0316113281632283,0,0.202876835957251,0.101737134611669,0.191660559821436,0.431256679175587
2007-05-03,0.0439239595791992,0.0955339592582177,0,0.172012073515304,0.130921210954769,0.165465487493989,0.392143309198521
2007-05-04,0.0538313240400209,0.0904950857949927,0,0.171359698774834,0.127203062711297,0.166542140334703,0.390568688344152
2007-05-06,0.0568577201621054,0.108652471850478,0,0.17218657774773,0.123979619463771,0.168884182794839,0.369439427981077
2007-05-07,0.0595658281788208,0.104911637441695,0,0.182272924844156,0.13178241270968,0.164176494490811,0.357290702334838
2007-05-09,0.0734634453596594,0.114476505846179,0,0.203528914186372,0.121733915248319,0.182271166275089,0.304526053084381
2007-05-10,0.0731136339720138,0.108588400794903,6.93889390390723e-18,0.200994202441119,0.122248865121997,0.186671626702429,0.308383270967538
2007-05-11,0.078480726909097,0.107209730759929,0,0.19109663007966,0.116341204917461,0.182617974885872,0.324253732447982
2007-05-12,0.10782822456759,0.104469600615203,0,0.190421423348707,0.118774185944323,0.129122184296502,0.349384381227675
2007-05-14,0.101473394048684,0.121242711176147,0,0.196599183359772,0.109322845174242,0.123935699736502,0.347426166504654
2007-05-15,0.104992657503708,0.112769798507168,0,0.188747041391384,0.12259841862545,0.126585075069665,0.344307008902627
2007-05-16,0.108110369853463,0.0923040414940958,0,0.163272455033733,0.152812038812475,0.134090062342297,0.349411032463936
2007-05-18,0.100563811180248,0.0691367975069479,0,0.155835617996514,0.164785505737184,0.147363098897221,0.362315168681885
2007-05-21,0.11659595609246,0.138650640378029,0,0.174826272847515,0.163417358817406,0.148735728386639,0.257774043477952
2007-05-22,0.13003473431026,0.145257639585586,0,0.176063925956547,0.156318997505319,0.139741203109299,0.25258349953299
2007-05-23,0.130944194685652,0.136156790472506,0,0.165512673153343,0.178055054477624,0.141380498971793,0.247950788239083
2007-05-24,0.139442737171374,0.0993386097877673,0,0.163281462403853,0.190186884701967,0.152934627407654,0.254815678527385
2007-05-25,0.132870734677264,0.0838097424711471,0,0.168608111523197,0.206416362981905,0.1488705383895,0.259424509956988
2007-05-29,0.134797002624242,0.0842856318655936,6.93889390390723e-18,0.165715815786328,0.203401011765391,0.145721489058986,0.266079048899459
2007-05-30,0.165927097523292,0.0985911433283242,0,0.156658990621011,0.211034005308608,0.136568891295515,0.23121987192325
2007-05-31,0.166262568642297,0.0981867440525032,0,0.161056196689567,0.211217073101795,0.130140623482606,0.233136794031232
2007-06-02,0.164573512739607,0.101914999239468,0,0.162188283844299,0.213899371536231,0.126263886734014,0.231159945906382
2007-06-03,0.169476237249732,0.104664075193461,0,0.154652001767381,0.225306486327689,0.123825344741672,0.222075854720065
2007-06-06,0.16225471462189,0.0876963987641313,0,0.152389236673948,0.240399498107203,0.132187850192329,0.225072301640498
2007-06-07,0.190007696909258,0.0947740110699327,0,0.138951278945657,0.230146682377103,0.134469615119899,0.211650715578149
2007-06-08,0.182424530343108,0.139107856174371,0,0.142812336282655,0.210820533473711,0.114439535129431,0.210395208596725
2007-06-09,0.191081976892328,0.138900089680153,0,0.140436853032131,0.212279839019938,0.11359638013714,0.203704861238311
2007-06-11,0.19763605951619,0.137641550393152,0,0.139735475402841,0.211041249569283,0.114696299728582,0.199249365389953
2007-06-12,0.17213846350094,0.152704658377186,0,0.123568144944409,0.178333417508102,0.140448143640653,0.23280717202871
2007-06-13,0.173511180683172,0.151297783511118,0,0.123980616488226,0.179156311018154,0.134404860927156,0.237649247372174
2007-06-14,0.233922799059888,0.135168270286066,0,0.0981616939734505,0.148460568111671,0.137060360271344,0.24722630829758
2007-06-15,0.227827572131175,0.146072328544455,0,0.110989304484741,0.151433294381761,0.138262088730577,0.225415411727291
2007-06-18,0.237332472600701,0.114255450441587,0,0.112790609756927,0.156679500756332,0.136969798846336,0.241972167598118
2007-06-19,0.220492077681921,0.116265616998883,0,0.11983498525968,0.155129469122733,0.134628385993928,0.253649464942855
2007-06-20,0.214173446622936,0.115560515297503,0,0.119108569146586,0.157307907765147,0.136209126675658,0.257640434492169
2007-06-21,0.228194508238991,0.117936449101978,0,0.119382958907799,0.150251473651544,0.134280332608792,0.249954277490896
2007-06-22,0.233480276056548,0.112377020461137,0,0.115745318916995,0.146489304622752,0.139727419293673,0.252180660648895
2007-06-25,0.232081960985914,0.1168024376914,0,0.117255820516714,0.14220596571008,0.137395747571642,0.254258067524249
2007-06-26,0.230885047992436,0.117108397078818,0,0.120294586640631,0.142910788009613,0.137660654878248,0.251140525400254
2007-06-27,0.236751092514095,0.121323905729073,0,0.123645264190151,0.12914620928341,0.134695325310841,0.254438202972429
2007-06-28,0.231784350622322,0.122952899812002,0,0.121221314792113,0.137793314796719,0.132264593747048,0.253983526229796
2007-06-29,0.242870386317397,0.122980538587666,0,0.10936517816597,0.130971915748912,0.138414448557402,0.255397532622653
2007-07-02,0.240632643482499,0.122580324048954,0,0.110210791608482,0.12933799638465,0.138030809914873,0.259207434560542
2007-07-03,0.231146057702081,0.121604301404858,0,0.109619061758069,0.132784869537966,0.146892934996446,0.25795277460058
2007-07-05,0.232023174691678,0.122096934760146,0,0.107569166505617,0.132556297568241,0.145401980386219,0.260352446088099
2007-07-08,0.270081572712313,0.0972169165950239,0,0.0998170122623078,0.13500441036567,0.148903566140912,0.248976521923773
2007-07-09,0.286116453464618,0.0822986894893843,0,0.111343327666945,0.151738284826471,0.149481798543101,0.219021446009481
2007-07-11,0.292478248245935,0.0934442801114781,0,0.109001537041973,0.146179693467788,0.15099340322857,0.207902837904256
2007-07-12,0.287337966044332,0.0930391288947257,0,0.110878987550518,0.145633222648897,0.15257184101349,0.210538853848038
2007-07-13,0.267843377777738,0.0911181765778934,0,0.109924517025228,0.165834413761979,0.147538107133631,0.21774140772353
2007-07-16,0.254447771680833,0.0969592353456694,0,0.100219697332981,0.193536488342397,0.159674172798313,0.195162634499807
2007-07-17,0.259448023424434,0.0990347556861603,0,0.0892893320439626,0.193556829054217,0.168885693523772,0.189785366267454
2007-07-18,0.263869538656279,0.0847652122544193,1.38777878078145e-17,0.0913757043639196,0.201601621704526,0.163996330776358,0.194391592244498
2007-07-19,0.266791538871884,0.113357564348442,0,0.083012241764882,0.188778091880982,0.168938425368036,0.179122137765774
2007-07-20,0.261433632642882,0.0835294388342713,0,0.114962393803834,0.203622609868566,0.141929480142355,0.194522444708091
2007-07-23,0.272577080675091,0.0999087789111174,0,0.104770624374754,0.183604704202,0.137786061653527,0.20135275018351
2007-07-24,0.280053247397343,0.0957287438628151,0,0.104471508045197,0.172779340974909,0.139459404295826,0.207507755423911
2007-07-25,0.283688365347186,0.0956100048771636,0,0.117169216111157,0.164492978328156,0.142562833146526,0.196476602189812
2007-07-26,0.313605131531813,0.0806090812461231,0,0.153738436846199,0.106170917477201,0.142893894873876,0.202982538024787
2007-07-27,0.303566329351327,0.101880689119577,0,0.140972139808157,0.0944469889699765,0.154767574298773,0.204366278452189
2007-07-30,0.299091473072738,0.0998145416925334,0,0.135812909383889,0.102344163479019,0.155531866554808,0.207405045817012
2007-07-31,0.319622420855497,0.113634989031165,0,0.0957460028408676,0.0923934890169584,0.193094536984546,0.185508561270966
2007-08-01,0.320602256814593,0.11304110603615,6.93889390390723e-18,0.0945155556121859,0.0915287679198886,0.194850159432243,0.18546215418494
2007-08-02,0.317125477837801,0.133344572360878,0,0.10179246281205,0.0792829412259416,0.19569275374889,0.172761792014439
2007-08-03,0.323416216377449,0.137536640730509,0,0.0956752761148804,0.0656637358762477,0.201410978735374,0.176297152165539
2007-08-05,0.334464549127219,0.157444378781136,0.00257926320919077,0.0709574476028565,0.0752970356398879,0.193222605541639,0.16603472009807
2007-08-06,0.310104598081661,0.145031311369402,0.0188461098821988,0.0757629950845664,0.0811203120630052,0.193830873077884,0.175303800441283
2007-08-08,0.330782089811097,0.124527223708427,0.000879066123258038,0.076703804950285,0.0727960466643423,0.200826257172433,0.193485511570158
2007-08-10,0.322519511879365,0.128632954214834,0,0.075174728921539,0.0763433786040127,0.199230004309345,0.198099422070904
2007-08-13,0.313461928236127,0.123298768964637,0.00969655121441877,0.0905005246771336,0.0747210952386499,0.202340146458361,0.185980985210673
2007-08-14,0.316252665070846,0.104634702005097,0.00961232725612025,0.086248170818313,0.0845452593019526,0.208224756588051,0.19048211895962
2007-08-16,0.271657194298803,0.143559120641239,0,0.0621107389813152,0.0248016812222738,0.221312928545333,0.276558336311036
2007-08-17,0.139879805311095,0.0649888388515815,0.0406577557129276,0.119751802996776,0.160552270243794,0.191822031789989,0.282347495093836
2007-08-20,0.156232605728061,0.0803355864105961,0.0420283655614179,0.109669750551255,0.150038988746332,0.189218542294444,0.272476160707894
2007-08-21,0.162434676659724,0.0782738966240467,0.0418739248578497,0.106883853884899,0.159847580211998,0.188806101160571,0.261879966600911
2007-08-22,0.195568366217864,0.117759535181196,0.0275475017965206,0.134683943006205,0.136923279904304,0.143050357069537,0.244467016824374
2007-08-23,0.214971744108087,0.109519221424083,0.0178669244582954,0.136072754798769,0.125808289473951,0.134210555038817,0.261550510697998
2007-08-24,0.213103347331916,0.115654956609033,0.0196128029990383,0.136081743585515,0.122992657902866,0.134297704271082,0.25825678730055
2007-08-27,0.207326604000775,0.116045180864731,0.0193780194160652,0.141935394560591,0.116282080572555,0.138102298934675,0.260930421650607
2007-08-28,0.226375994283054,0.097392371450368,0.0226356952394175,0.144134717814322,0.126330994305273,0.138006693975599,0.245123532931966
2007-08-29,0.227217382019151,0.0932652365581513,0.0206144555048546,0.146031074098603,0.123329312234941,0.135405731566818,0.25413680801748
2007-08-30,0.225957690968496,0.0965316029284398,0.0207452903161415,0.143601299916649,0.124536510001137,0.138045576007465,0.250582029861672
2007-08-31,0.220988362928802,0.0939993597152972,0.0241139086308957,0.148383564480076,0.118172738762522,0.13422247714935,0.260119588333057
2007-09-01,0.221082319024601,0.0950519526876037,0.0237317530860814,0.146801995680227,0.122114488150265,0.134169012667889,0.257048478703333
2007-09-02,0.216116953367871,0.0885557194177592,0.0220095059112102,0.142036279659002,0.154598825068069,0.129723878084274,0.246958838491814
2007-09-03,0.214707997297593,0.0908460388963864,0.0180848545308805,0.143829770415785,0.152112784947129,0.131612243887572,0.248806310024654
2007-09-05,0.24152597100037,0.0902290048962841,0.0792976017733285,0.0184877176044179,0.187299408261616,0.151139962024992,0.232020334438992
2007-09-07,0.245801791237464,0.0861053135414611,0.0747526101358691,0.020984394545398,0.183465422725045,0.141467950011731,0.247422517803031
2007-09-08,0.2752183589487,0.0417966678698373,0.0529162957037755,0.0274589757723524,0.203638817110167,0.128114465317754,0.270856419277413
2007-09-10,0.273777306497895,0.0426307787592019,0.051700343430081,0.0271057884296489,0.206389942061223,0.128081206673463,0.270314634148487
2007-09-13,0.26549502782825,0.0514945040533011,0.0536664348574082,0.0281049235625911,0.197104614541092,0.139849950401762,0.264284544755596
2007-09-14,0.274508685159623,0.0149361936854975,0.0721736602008938,0.0437370370620709,0.157491294809381,0.152365909076864,0.28478722000567
2007-09-17,0.286184966393277,6.7706990118047e-05,0.0688991603764459,0.0463793099293479,0.153167387203878,0.153444085018039,0.291857384088894
2007-09-18,0.289194693022964,0,0.0796030557152388,0.0483694141979807,0.153081613319042,0.153046854429182,0.276704369315592
2007-09-19,0.32587292371238,0,0.0895810792271639,0.0548909602275397,0.109352185303209,0.157183887407637,0.263118964122071
2007-09-20,0.312806841695833,0,0.0877268153072299,0.0474476167684222,0.119726706106292,0.155095459448896,0.277196560673327
2007-09-21,0.315518517538699,0,0.0852077173786466,0.0502786302953219,0.108937650887623,0.157361744718069,0.282695739181641
2007-09-24,0.317609274123673,0,0.0854041786538509,0.0519914993491113,0.113423841440326,0.158944484155496,0.272626722277543
2007-09-25,0.279596809778959,0,0.0851566142339414,0.0495003270238848,0.119672696899516,0.202377365810256,0.263696186253444
2007-09-26,0.278903720958802,0,0.0892241029489394,0.0522333185703826,0.115814592905095,0.206879913697138,0.256944350919643
2007-09-27,0.273072460889436,0,0.0920861361690693,0.0545532800305856,0.104833215670931,0.205852717537885,0.269602189702093
2007-09-28,0.278276617471428,3.46944695195361e-18,0.0902676440824681,0.0612001075339473,0.0906155698539563,0.204738367108849,0.274901693949352
2007-10-01,0.265604812190345,0,0.0775007971924346,0.062427958756547,0.0790488771817083,0.21595794981325,0.299459604865715
2007-10-04,0.248485972212257,0,0.0725259172202122,0.0585050615457429,0.0558244265177464,0.201644879210952,0.36301374329309
2007-10-05,0.236925801240267,0,0.0800042944701789,0.0187795484506554,0.0860789332803983,0.221031638687065,0.357179783871435
2007-10-07,0.248437160854295,0,0.0802469971055036,0.0216632536716205,0.0881954852543288,0.218235713373104,0.343221389741148
2007-10-08,0.265139727214966,0,0.106496583865767,0.0257068794635705,0.0844048985805243,0.193859162795399,0.324392748079773
2007-10-09,0.268056052852121,0,0.104058040431976,0.0259118324308564,0.0710895845515065,0.20006859845973,0.33081589127381
2007-10-10,0.267893457365037,0,0.102868473039167,0.0259874879280674,0.0748850504384312,0.20227238387544,0.326093147353858
2007-10-12,0.257705117792691,0,0.103098456787805,0.0257174994326466,0.071693451811807,0.212977940013729,0.328807534161321
2007-10-18,0.255288076913828,0,0.109784725766178,0.0253119712164756,0.0769871820090599,0.223920295122842,0.308707748971615
2007-10-19,0.260055147413277,0,0.108634668088842,0.0243392288754823,0.0745964009179122,0.226568747884744,0.305805806819742
2007-10-22,0.254899193898996,0,0.115806243678352,0.0271548795889613,0.0463180888881143,0.229153893660374,0.326667700285202
2007-10-23,0.270857256365182,0,0.107897284707737,0.0261364157329378,0.0391060304720005,0.211909386030622,0.344093626691521
2007-10-24,0.277371007371762,0,0.10648359981118,0.0265120573352633,0.0392555082528439,0.211721519764379,0.338656307464572
2007-10-25,0.278818059254977,0,0.0991843420250218,0.026755479024442,0.0488396107972193,0.23461611228402,0.31178639661432
2007-10-29,0.279013561504756,0,0.0999167921953132,0.0265811875029159,0.0490951758535089,0.235154497579773,0.310238785363733
2007-10-30,0.281092383058006,0,0.098450724684419,0.0263804948560416,0.0496241603029511,0.236825101066098,0.307627136032485
2007-10-31,0.308076218399575,0,0.0996727581717013,0.0267224688174284,0.0817322557887457,0.216927118670183,0.266869180152367
2007-11-01,0.289022180680383,0,0.10201552150724,0.0286513416233758,0.0747021606858789,0.226508443048735,0.279100352454387
2007-11-04,0.279422591236523,0,0.10228474763193,0.0268798352935836,0.084030714955932,0.234368355922989,0.273013754959043
2007-11-05,0.259175495045664,0,0.168321155109026,0.0147024064941328,0.0422213051725562,0.216838600698731,0.29874103747989
2007-11-06,0.256731519017494,0,0.168041589487663,0.0133919601480274,0.0513215536132857,0.214153917360113,0.296359460373417
2007-11-07,0.274805164137731,0,0.167407693093074,0.0131192873728035,0.0535473714682191,0.203702005726364,0.287418478201809
2007-11-09,0.28261733588796,0,0.171606855030263,0.0145974855543075,0.0470744691230625,0.201527563345346,0.282576291059062
2007-11-10,0.279701259432849,0,0.168534412492049,0.0143639202995159,0.0541427969892116,0.206156350966094,0.27710125982028
2007-11-12,0.288025823424788,0,0.172809176625344,0.0149230411908725,0.0485981805034282,0.199952322955655,0.275691455299913
2007-11-13,0.290787684437217,0,0.170793887240711,0.016325479354424,0.0510032666102324,0.207890074114959,0.263199608242457
2007-11-14,0.277305353483617,2.77555756156289e-17,0.169274851699756,0.01481922459525,0.0628665453198951,0.213903383998354,0.261830640903128
2007-11-15,0.261906903457279,0,0.167799530603307,0.0153964704452319,0.0564027772845964,0.217268185999875,0.281226132209712
2007-11-16,0.261617348977198,0,0.154837047336012,0.0173729796738265,0.0673918758302512,0.225276243391304,0.273504504791409
2007-11-19,0.260303493034921,0,0.177136424424276,0.0197700065742212,0.0485331832592043,0.231808274369336,0.262448618338042
2007-11-20,0.264360618493332,0,0.172893167989568,0.018793993049117,0.053046445776588,0.219640010785985,0.27126576390541
2007-11-21,0.242557797558467,7.64834066956656e-19,0.185275249155124,0.019154903746157,0,0.225457507112147,0.327554542428106
2007-11-23,0.289943735171365,0,0.173566140411252,0.0240401974308508,0.000629160082418825,0.217698692023366,0.294122074880747
2007-11-26,0.2642654383355,0,0.18522883776333,0.0240880960155926,0.00277388852637941,0.223783368358869,0.299860371000329
2007-11-27,0.254575133304087,9.15781382888701e-19,0.178711818177708,0.0216205661957806,0,0.215056690050456,0.330035792271968
2007-11-28,0.254456818497777,2.63364861290856e-17,0.193785017109501,0.0220577269409334,0,0.205029609716841,0.324670827734948
2007-11-29,0.250534380100187,0,0.196576586647122,0.0214282585510852,0,0.202794299505499,0.328666475196106
2007-11-30,0.291894909802187,0,0.17985784496727,0.0213351328541678,0,0.164455077135495,0.342457035240881
2007-12-01,0.280186452440022,3.20574661204547e-18,0.180448646832769,0.0215248199750179,0,0.1681979693433,0.349642111408891
2007-12-02,0.276954479111105,5.70263441127346e-18,0.180847836003294,0.0222050385251286,0,0.16893190839248,0.351060737967992
2007-12-03,0.275655945749751,0,0.180486157266472,0.0221635099660223,0,0.169568134398381,0.352126252619373
2007-12-04,0.270442516401653,0,0.181873943492612,0.0228835111557632,0,0.174199271030195,0.350600757919777
2007-12-06,0.260272098315747,7.76361047929652e-19,0.17342111702321,0.0230937170973284,0,0.195560907296172,0.347652160267543
2007-12-07,0.258264521813603,0,0.181062123443406,0.026027202709774,0,0.198710340850431,0.335935811182785
2007-12-09,0.25480643744424,0,0.177722644866307,0.0265168409707402,0,0.202439694197848,0.338514382520864
2007-12-10,0.247124206925718,0,0.176870277835607,0.0267988880168034,0,0.209006481157076,0.340200146064796
2007-12-11,0.250787097432509,1.66922937210033e-18,0.193280516964421,0.0287344179066025,0,0.206029739132754,0.321168228563714
2007-12-12,0.263016698909839,1.68784759550803e-18,0.190777613453347,0.0311238252834327,0,0.19484722878405,0.32023463356933
2007-12-13,0.270234854125108,1.11589021863884e-17,0.195345499635391,0.0326970672558985,0,0.197285455669468,0.304437123314135
2007-12-14,0.276068381344487,2.38540208927493e-21,0.20498994070099,0.0352271108930803,0,0.172902261325372,0.31081230573607
2007-12-17,0.262141662670245,0,0.210331309830406,0.0358322153751867,0,0.185908013516224,0.305786798607938
2007-12-18,0.259961390328118,7.72221151255764e-19,0.207403581971224,0.0347513794960565,0,0.18939422031805,0.308489427886552
2007-12-19,0.260234429980163,4.07385876157431e-18,0.204664306722054,0.0354008622766881,3.46944695195361e-18,0.177165776323716,0.322534624697379
2007-12-20,0.273011157905648,0,0.204450906448281,0.0360336107740642,3.46944695195361e-18,0.168681438117294,0.317822886754713
2007-12-21,0.285896294332912,5.17939062398809e-18,0.183003044774741,0.040713136229915,0,0.183733459344431,0.306654065318002
2008-01-02,0.286869749942944,0.0265927438452294,0.211916194329957,0.0361383506229282,0,0.159472918080886,0.279010043178055
2008-01-04,0.306981685527936,0.00964945076646525,0.217567916436808,0.0417594085041695,0,0.183459299911627,0.240582238852994
2008-01-07,0.251080732767822,0.0447067857838658,0.227967338342582,0.0372726969945837,0,0.218852232417669,0.220120213693477
2008-01-08,0.250327895744637,0.0368595338499979,0.229679598281592,0.0376448738127885,0,0.220127768055565,0.225360330255419
2008-01-14,0.298303575569366,0.00522450588826895,0.241368299185822,0.0369097686444576,0.00649659419546838,0.193149355100443,0.218547901416175
2008-01-15,0.339037691804502,0.0402947408098677,0.195268597650914,0.0259134773635626,0,0.241650336001437,0.157835156369716
2008-01-16,0.270358061895764,0.109657813840775,0.188469596504945,0.025737626195386,0,0.217066237199092,0.188710664364037
2008-01-17,0.269912511917127,0.118365894357047,0.181548661642072,0.025476149700303,0,0.215055104530624,0.189641677852827
2008-01-18,0.219301601015317,0.0588311969612159,0.196163013673885,0.0218970466401721,0,0.270516736240371,0.233290405469039
2008-01-22,0.244664366878846,0.0202715802528946,0.231442562898306,0.0324154829940731,0,0.223855544898626,0.247350462077254
2008-01-23,0.221604677573547,0,0.235556184922603,0.033790750303898,0,0.258919958151319,0.250128429048633
2008-01-24,0.155048717677781,0,0.271709430833664,0.0355555516227842,1.10859968566139e-17,0.27061497327722,0.267071326588552
2008-01-25,0.149317045674231,0,0.271316431945313,0.0352568365078552,0,0.267933726719272,0.276175959153328
2008-01-28,0.151874202103445,6.93889390390723e-18,0.264724352782115,0.031202497018226,0,0.249738735766263,0.302460212329951
2008-01-29,0.14680937343045,0,0.271669049939342,0.0276897748130837,2.86396010584143e-17,0.241656678712573,0.312175123104551
2008-01-30,0.152584047078183,0,0.270433756210964,0.0250611468597951,2.49195403529022e-18,0.243597638433464,0.308323411417594
2008-01-31,0.132233572052549,0,0.272035831908724,0.0229524411626941,5.06764091606332e-18,0.257708197407997,0.315069957468036
2008-02-04,0.125414587030684,0,0.273379486527377,0.0270552481496486,0,0.266214811713037,0.307935866579253
2008-02-06,0.114153791909784,0,0.281863710756633,0.0242591513457152,0,0.265942532566639,0.313780813421228
2008-02-07,0.0957283573308742,0.0257247032750033,0.263708431200896,0.0575511259216204,0,0.262160764760854,0.295126617510752
2008-02-13,0.108204570261378,0.0525446025104995,0.26944474957925,0.0574669847010447,0,0.249031182411395,0.263307910536433
2008-02-14,0.0912794226825072,0.0839032971486122,0.283449131875376,0.0524805928497439,0,0.251087888404741,0.23779966703902
2008-02-15,0.0808124310366642,0.0809485230082038,0.275780275497221,0.0615150692347221,0,0.268292949080156,0.232650752143033
2008-02-19,0.0821024536529295,0.0808841694501233,0.274087353304162,0.0613979542177593,0,0.266330653231643,0.235197416143384
2008-02-20,0.0867955793683356,0.0795294200179291,0.283881640759729,0.0612230373335506,0,0.236430738828099,0.252139583692356
2008-02-21,0.087777181923727,0.0433135552727976,0.271770726131283,0.061477669555207,0,0.24783752256193,0.287823344555056
2008-02-22,0.0914227080747872,0.0561256152738201,0.268648949806341,0.0606724742909426,0,0.244015880823919,0.27911437173019
2008-02-25,0.117507129061139,0.0337123821569192,0.239690079381073,0.0571652529095782,0,0.255309003578155,0.296616152913136
2008-02-26,0.127024612071411,0.0509168681076276,0.224172862424106,0.0613541366526675,0,0.257292003291263,0.279239517452925
2008-02-27,0.128075644247027,0.0460370027981556,0.226837427949241,0.0592347136625657,0,0.256181366015072,0.283633845327939
2008-02-28,0.124443334153506,0.030607954817045,0.228282733043342,0.0581800644208371,0,0.263681541873296,0.294804371691974
2008-02-29,0.12186557232521,0.027542133331265,0.207967406661092,0.0683472168681666,1.38777878078145e-17,0.271368446809702,0.302909224004564
2008-03-01,0.11044927822949,0.0259504408926102,0.185946722820463,0.0709585316185914,0,0.278471254806517,0.328223771632328
2008-03-03,0.100354543884512,0.0178101715771122,0.192234809271284,0.0685974952974549,0,0.281469000533508,0.339533979436129
2008-03-04,0.0933679816296951,0.0216303494575471,0.19941307168627,0.0701502686012371,0,0.2813630226808,0.334075305944451
2008-03-06,0.0963128218724775,0.0303590656491434,0.207128202398624,0.0687511833061958,0,0.272757155916929,0.32469157085663
2008-03-07,0.0910098293417788,0.0148627502152781,0.209966799875472,0.0693027886827326,0,0.275345125958011,0.339512705926728
2008-03-09,0.0284440485917221,0.0235350797751926,0.0507109891655037,0.313589468412138,1.38777878078145e-17,0.251683111068496,0.332037302986948
2008-03-17,0.0160222920129476,0.0184024252372646,0.0221279902852286,0.346072139056382,0,0.267973810469127,0.329401342939051
2008-03-18,0.0199963391659329,0,0.0265692982389205,0.318642692926185,7.33155255198742e-18,0.294858375450964,0.339933294217997
2008-03-19,0.0308145631876789,0.0206848608193024,0.0362517780114245,0.303886628194542,0,0.292290391867343,0.316071777919709
2008-03-20,0.0692860247481753,0.0995821431486446,0,0.300088588108394,5.88756500639423e-18,0.301770069803748,0.229273174191039
2008-03-26,0.0765185607185047,0.0989957545188875,0,0.299489514984803,7.3161228738364e-18,0.299123275110022,0.225872894667783
2008-03-27,0.0814253917548541,0.100559790962672,0,0.302352541582059,0,0.291137530790059,0.224524744910356
2008-03-28,0.071617526110602,0.112017717209806,0,0.317457495583602,8.27049045260896e-18,0.283137607020815,0.215769654075175
2008-03-31,0.0718466303183623,0.117043145845273,0,0.316844619410737,3.03301311749047e-18,0.283693311418662,0.210572293006966
2008-04-01,0.0641829188344099,0.119719959979067,0,0.331322208722717,2.18736846628348e-19,0.284458504760234,0.200316407703572
2008-04-02,0.0696321997269382,0.119377925487838,0,0.32284827630707,4.182700496542e-18,0.283011962233161,0.205129636244993
2008-04-04,0.0677451042468318,0.123290838309497,6.93889390390723e-18,0.324874364234945,0,0.281511757951864,0.202577935256863
2008-04-06,0.0725025503593869,0.116663021395744,0,0.318567041104521,0,0.269929662806067,0.222337724334282
2008-04-08,0.0726298729039902,0.11401067736428,0,0.317921942777952,0,0.273245713194323,0.222191793759455
2008-04-09,0.0689916206472723,0.100393714002222,0,0.313723945396716,0,0.276688058693651,0.240202661260139
2008-04-14,0.0745040413061366,0.107742361222178,0,0.307859564193656,2.61380500118845e-17,0.279487232562529,0.2304068007155
2008-04-15,0.0777474576163101,0.104713229858715,0,0.310790674413592,0,0.276786185835419,0.229962452275964
2008-04-16,0.0872014535166849,0.112652055565109,0,0.311961722985374,4.00208691659841e-17,0.278942168792541,0.209242599140291
2008-04-17,0.0875142063809285,0.111567317887545,0,0.311835116145042,9.56316120853675e-19,0.279167483142164,0.209915876444321
2008-04-18,0.0654284582928507,0.114704590563796,0,0.324254805707718,1.65435558168439e-17,0.289490758346019,0.206121387089616
2008-04-21,0.0706019553222233,0.117588103174121,0,0.319380014825972,3.50455794602784e-17,0.289084990948394,0.20334493572929
2008-04-29,0.0751982037711658,0.117484398328339,0,0.318960009482427,0,0.287115118244709,0.201242270173359
2008-04-30,0.0666120142568327,0.118143315486287,0,0.316971705095781,4.93071788297401e-18,0.293802572214091,0.204470392947008
2008-05-02,0.0751188780901264,0.0848350290096898,0,0.312847644260829,1.77666407013171e-17,0.30446319942499,0.222735249214364
2008-05-05,0.0892571839795107,0.0833575652642375,0,0.308741968949267,0,0.296283411826126,0.222359869980859
2008-05-06,0.091057908238547,0.082495982565168,0,0.308038035361424,0,0.297965298668692,0.220442775166168
2008-05-08,0.0868797240037697,0.0978667125262687,0,0.31792811651171,0,0.308286462837139,0.189038984121112
2008-05-09,0.0846009563306803,0.0849372837942222,0,0.297633284644317,2.17976491900094e-17,0.314860506928189,0.217967968302592
2008-05-13,0.0821752092882525,0.0875544091973154,0,0.300805339692272,2.2084772083697e-18,0.325498224092706,0.203966817729454
2008-05-14,0.0952917609394692,0.098003041929488,0,0.298943205372291,9.98818845288884e-21,0.337940541438782,0.16982145031997
2008-05-15,0.0706281405250241,0.109148684755217,0,0.282912286352385,2.72283784226699e-18,0.345300957663619,0.192009930703754
2008-05-16,0.0765692884184634,0.104414519146391,0,0.27128736083302,0,0.344689103937465,0.20303972766466
2008-05-19,0.0915360865742827,0.118884539559971,0,0.274107557560251,0,0.346059547904697,0.169412268400798
2008-05-20,0.0959722144997075,0.120314627048479,0,0.258389478047006,5.29990615003504e-18,0.354710691097937,0.170612989306871
2008-05-21,0.0978823231319089,0.127487458421079,0,0.259988574359316,0,0.354400306822236,0.16024133726546
2008-05-23,0.0760975490807791,0.120138131906282,0,0.268583191451507,1.47093281901668e-17,0.376817755571473,0.158363371989958
2008-05-27,0.0872739032920751,0.128509959367934,0,0.266521093165627,9.78644267002791e-18,0.376154936541108,0.141540107633256
2008-05-28,0.0871053238772843,0.129371837157657,0,0.265107972851126,1.37906471662953e-17,0.376849233406086,0.141565632707847
2008-05-29,0.0783409428710199,0.133915301088393,0,0.266006036304079,0,0.376700166337721,0.145037553398788
2008-05-30,0.0849723807657895,0.147562915527857,0,0.26061273768876,2.4566236299851e-18,0.385937937089062,0.120914028928533
2008-06-02,0.0856556172714746,0.15260501038915,0,0.261640971388878,8.24253543968102e-18,0.377118214242391,0.122980186708106
2008-06-03,0.0871005939986926,0.147499637567364,0,0.258836777908977,0,0.387474143185139,0.119088847339828
2008-06-05,0.0893925408867001,0.146399639679818,0,0.254541468016604,1.17171068482899e-17,0.393039584920803,0.116626766496075
2008-06-06,0.0952150881351341,0.141717764835097,0,0.253937836251457,0,0.395792379331192,0.11333693144712
2008-06-08,0.0999209724411108,0.124881723731221,0,0.242026306052565,4.4677435461806e-18,0.391588025620645,0.141582972154459
2008-06-13,0.0989879906245898,0.125472965488389,0,0.241932273930556,0,0.396577023975536,0.13702974598093
2008-06-17,0.0950668619314679,0.13079705026594,0,0.239487039578154,1.00415379331933e-17,0.395894625352098,0.138754422872341
2008-06-18,0.0945643340830622,0.123450256070327,0,0.237075533248704,2.5715194088775e-17,0.399390842229517,0.14551903436839
2008-06-19,0.102014785410298,0.113336931625302,0,0.229344294568127,1.72476769157664e-17,0.398460570187479,0.156843418208795
2008-06-20,0.104392864834087,0.109608449961303,0,0.225536465468355,2.66838445137502e-17,0.399970579644123,0.160491640092133
2008-06-23,0.10138705422176,0.10913943926083,0,0.224885720481535,0,0.410663407027056,0.15392437900882
2008-06-24,0.0999289272866658,0.111336401763204,0,0.216809180617566,0,0.413920102365525,0.158005387967038
2008-06-25,0.102148242020677,0.108943779115235,0,0.21658473970621,8.61200124936461e-21,0.406038221666342,0.166285017491535
2008-06-26,0.1131626112372,0.0836616850182919,0,0.208704440084936,1.70614668258083e-17,0.412808665444517,0.181662598215054
2008-06-27,0.108833477647608,0.0815339285821227,6.93889390390723e-18,0.206444210739728,1.58111517635174e-17,0.387405209716066,0.215783173314475
2008-06-30,0.133598483334366,0.0652023778112481,0,0.199177779153872,0,0.367544708790269,0.234476650910245
2008-07-01,0.138861053927432,0.0640516460662821,0,0.196140625010131,0,0.365455648304482,0.235491026691673
2008-07-02,0.139439221553823,0.0642034517733326,0,0.196129867855186,7.26911107828459e-18,0.365514614520604,0.234712844297054
2008-07-03,0.162266294577263,0.0535137819624748,0,0.182004451772729,0,0.357752931630184,0.244462540057349
2008-07-04,0.203895972400865,0.0221784591377701,0,0.176058317277724,0,0.381833224869932,0.216034026313709
2008-07-05,0.211605399217885,0.0247958359792675,0,0.179730836813393,1.77421227097353e-19,0.371111478759513,0.212756449229941
2008-07-07,0.20718097696627,0.026265505727673,0,0.184754299856994,0,0.374674738703048,0.207124478746015
2008-07-08,0.184004415974638,0.0770907657762096,0,0.0965590506941275,1.386055727551e-18,0.440716174668643,0.201629592886381
2008-07-14,0.192289323880356,0.0776322554577714,0,0.0997311069088847,0,0.421508278120885,0.208839035632103
2008-07-15,0.203477133421435,0.115855111929608,0,0.0396732624791783,0,0.444696149201507,0.196298342968272
2008-07-16,0.192169393671953,0.129087558153805,0,0.0359797072952453,1.35454957982064e-17,0.451933748308996,0.19082959257
2008-07-21,0.17770977446975,0.142325182124182,0,0.0325140486726497,6.39755498429285e-18,0.455574731557978,0.19187626317544
2008-07-22,0.171571189705508,0.16785658524941,0,0.0292986461338017,1.85150993901121e-17,0.455148741664406,0.176124837246874
2008-07-23,0.144767479018329,0.154408398657883,0,0.0435350155871259,2.50750801291399e-18,0.468559619842857,0.188729486893805
2008-07-24,0.150347547274679,0.148586582265602,0,0.05114569670162,8.36340067002472e-18,0.457981906486855,0.191938267271245
2008-07-25,0.155661614793857,0.138622315492952,0,0.0409780497297497,1.17785440241328e-17,0.451682226770355,0.213055793213086
2008-07-28,0.163733769699122,0.130324813406604,0,0.0486942298459863,4.53230390970164e-17,0.446523582822078,0.21072360422621
2008-07-29,0.16157817323286,0.128605912302558,2.48115020112896e-18,0.0517673644032853,0,0.447556317624658,0.210492232436638
2008-07-30,0.173390594944475,0.101072157671305,0,0.0143416572741613,0,0.465416323697562,0.245779266412498
2008-07-31,0.17003656415136,0.0988898022825838,1.41193751243367e-17,0.0223237413354643,0,0.464082689014684,0.244667203215909
2008-08-01,0.175948556937438,0.0982047062681704,0,0.0185326271433971,0,0.454401678136652,0.252912431514343
2008-08-02,0.176030194025954,0.098242123824624,1.48300684155831e-18,0.0211088660187344,0,0.457223388477536,0.247395427653151
2008-08-04,0.159691681112283,0.10935605720487,4.49121438164037e-19,0,0,0.519889099790946,0.211063161891901
2008-08-05,0.161570618874155,0.117356085779367,2.03220851370477e-18,0,2.78038117785013e-19,0.51885211501514,0.202221180331338
2008-08-07,0.159500460771052,0.113233545473128,4.86314606786742e-19,0.000580606088078891,0,0.521913127366037,0.204772260301705
2008-08-08,0.123555058462983,0.14665375545655,0,0.0277849432652047,0,0.505281021268308,0.196725221546955
2008-08-09,0.113434276446085,0.107472515633226,0,0.0944293415995718,0,0.431692750919516,0.2529711154016
2008-08-13,0.104091570209727,0.0985740465559768,3.55065003534304e-18,0.0873246471811104,0,0.452421246455089,0.257588489598097
2008-08-14,0.103053416360177,0.107872238655241,2.63141903508415e-18,0.0873936843786326,0,0.448748084941705,0.252932575664244
2008-08-18,0.10008618707598,0.118670019898479,0,0.0855270858502109,0,0.448352125988362,0.247364581186967
2008-08-19,0.109116149300451,0.105342220519059,0,0.0890278863030981,1.26539938381082e-17,0.45219545213946,0.244318291737932
2008-08-20,0.115649572341996,0.106474665534745,0,0.0903999780238008,8.49424535869537e-18,0.451163340692525,0.236312443406933
2008-08-21,0.119701375322831,0.107866081031317,0,0.0876973138000996,6.19811763513701e-18,0.452856672513209,0.231878557332543
2008-08-22,0.114537056133833,0.0967602457134166,0,0.0828735355333333,0,0.469769567441327,0.236059595178089
2008-08-25,0.118264543497928,0.113988370576542,0,0.0708904959672653,9.18349417425607e-18,0.471228964568911,0.225627625389354
2008-08-26,0.1167042734482,0.11566251363224,0,0.0691861273486119,0,0.468807438501963,0.229639647068984
2008-08-27,0.126462175349502,0.122116374453906,0,0.0648815078887277,0,0.452275233437166,0.234264708870698
2008-08-28,0.126560204471588,0.165431792530939,0,0.0683173686362961,2.51235789362626e-17,0.439864092634341,0.199826541726835
2008-08-29,0.127214707116177,0.153682783115235,0,0.0727852616036755,0,0.43841656303011,0.207900685134802
2008-09-01,0.126033915767194,0.0839489486246957,0,0.0917952485397163,0,0.404444977839993,0.293776909228402
2008-09-04,0.121104777904269,0.0762884201393074,0,0.0906935275615683,0,0.40812684547748,0.303786428917375
2008-09-05,0.113629843802181,0.0859403988501102,0,0.0846975141972112,0,0.414920567087704,0.300811676062793
2008-09-06,0.111565912122932,0.0868969007962458,0,0.084723906865441,0,0.415280497025949,0.301532783189432
2008-09-07,0.101757245489566,0.105067157624269,0,0.0761197716739026,2.26159748788554e-18,0.425656533283789,0.291399291928474
2008-09-09,0.101484379506727,0.114620301621813,0,0.073629338989014,0,0.421100500924783,0.289165478957663
2008-10-01,0.113062125261972,0.0971931767090766,0.00188563340515232,0.069841032057579,0,0.3825896073482,0.33542842521802
2008-10-04,0.11214071890832,0.0883072412600352,0.012493062120109,0.0631247384189303,0,0.383757002401203,0.340177236891403
2008-10-06,0.108267145547821,0.101372656498829,0,0.0695150316924795,0,0.398131024658147,0.322714141602723
2008-10-07,0.106576085610916,0.0974213814927846,0,0.0685025062184139,0,0.403406459482754,0.324093567195132
2008-10-09,0.105930230425198,0.106233545342524,0.000398244991592473,0.0674592546733851,0,0.404763721739124,0.315215002828177
2008-11-01,0.106887215333196,0.10060092351933,0.0160747126410355,0.0599799632125191,0,0.402394441942248,0.31406274335167
2008-11-02,0.107033264899088,0.100639026961594,0.0158402478346664,0.0601972226127877,0,0.402227943849323,0.314062293842542
2008-11-03,0.105437755578703,0.0891232822868905,0.0370304946588438,0.0595638804100591,0,0.396865353856966,0.311979233208538
2008-11-04,0.108146850238811,0.0860840849777035,0.0377575647424336,0.0548544234430746,0,0.400718762845186,0.312438313752791
2008-11-06,0.116057483922284,0.088763648801637,0.0547570254139511,0.0428042321318086,0,0.383283305636499,0.314334304093821
2008-11-07,0.124018645610681,0.0751843830642412,0.0509050959339727,0.0449078521055931,0,0.38825288094954,0.316731142335972
2008-11-08,0.114634567227579,0.0745492590841091,0.0577561765181851,0.0395478366177425,0,0.395087289527636,0.318424871024748
2008-11-09,0.119069960362855,0.0730976849095864,0.0660161679317859,0.0296654347189268,0,0.3965871130856,0.315563638991247
2008-12-02,0.125430639314759,0.145010961312506,0.103912685025767,0.018993323407013,0,0.377771236202815,0.22888115473714
2008-12-03,0.119216801127966,0.12565510542324,0.0955607006329189,0.0317637812794317,0,0.379917694568318,0.247885916968125
2008-12-06,0.121351643075076,0.127163764115437,0.0941412108020393,0.030739334353267,0,0.380350278655079,0.246253768999102
2008-12-08,0.12424715529813,0.100954573228087,0.112682805773201,0.0146803214576001,0,0.354146493258104,0.293288650984877
2008-12-09,0.127357906895459,0.093949335456572,0.120768301552881,0.0208246981258176,0,0.347277407006548,0.289822350962722
2009-01-04,0.12557621273285,0.0781532755615325,0.166358450196227,0,0,0.358166398283405,0.271745663225986
2009-01-07,0.144728731752462,0.0866182097916836,0.177880402472358,0,0,0.328398824784958,0.262373831198539
2009-01-09,0.18382862131592,0.0522977645538298,0.163128998709114,0.0249394211588491,6.93889390390723e-18,0.296136979737886,0.279668214524401
2009-01-10,0.182472165429997,0.0367720292501511,0.153406805833653,0.0353895403215637,0,0.305052888681363,0.286906570483272
2009-01-13,0.172209702357079,0.0204892567240902,0.144322178333396,0.0374140399535808,0,0.315425915837793,0.310138906794061
2009-01-14,0.146740867351654,0.0740840923498943,0.223083070711127,0.0594797566292092,0,0.235234601644191,0.261377611313925
2009-01-15,0.141232314971876,0,0.243857668256305,0.0852851961115895,0.0472247658277421,0.217925314987028,0.26447473984546
2009-01-16,0.140269248764337,0.0162078042806612,0.233324630354338,0.0899964989644757,0.0526735707763432,0.224681879213834,0.242846367646011
2009-01-20,0.160708129426985,0,0.266681389965768,0.0439859524920096,0.0570842110895345,0.244159389678031,0.227380927347672
2009-01-21,0.177825565732154,0,0.258654790358292,0.046406610036232,0.0702765927763999,0.239819652761011,0.207016788335911
2009-01-22,0.204302320876617,0,0.280680347238092,0.0385099588976047,0.0739186342772545,0.234865612479761,0.167723126230671
2009-01-23,0.212128532583149,2.21674932368088e-19,0.306572063735632,0,0.0575208060075592,0.188438931755783,0.235339665917878
2009-01-26,0.208338191033926,2.77555756156289e-17,0.301728789740449,0.000468034504233265,0.006319986663261,0.212756479326941,0.270388518731189
2009-01-27,0.207125984583534,0,0.296896876755449,0.00421654728358474,0.00743709391708282,0.212146768400762,0.272176729059588
2009-01-28,0.20623514829554,0,0.341856319977404,0.040835892977719,0.00520112990101251,0.201820365198571,0.204051143649753
2009-01-29,0.212781234580083,0,0.326220322383839,0.0605207923204171,0,0.200907818484742,0.19956983223092
2009-01-30,0.241077833646451,5.55111512312578e-17,0.302257883078056,0.071280293119451,0.00779382242595307,0.175236517715863,0.202353650014226
2009-02-02,0.234068090119938,0,0.317945026385291,0.0698870490132566,0.00770920507485427,0.181632802925397,0.188757826481263
2009-02-04,0.238042609458117,5.16977834393893e-18,0.385131508499906,0,0,0.176618792603668,0.200207089438308
2009-02-06,0.246874876491538,0,0.382149542517931,0,2.07910563187711e-19,0.173815246926866,0.197160334063665
2009-02-07,0.240307020582873,8.6229164904489e-18,0.389175770622476,0,0,0.172408280210141,0.198108928584509
2009-02-09,0.231529060782727,1.96101714583806e-18,0.396624540935162,0,1.16357034861009e-18,0.146926613382018,0.224919784900093
2009-02-10,0.238101353936685,1.77152576225343e-19,0.373286190940431,0.0138929412375028,0,0.148029500369395,0.226690013515986
2009-02-11,0.244538292314533,8.3579686840924e-18,0.370521923266159,0.0121011283480604,0,0.152014177415305,0.220824478655943
2009-02-12,0.248770222588026,0,0.368184665481416,0.0139057034502113,0,0.143430870016515,0.225708538463832
2009-02-13,0.246927564407626,0,0.359861235058161,0.0244040688825883,0,0.13924663470904,0.229560496942585
2009-02-17,0.316875076628833,0,0.303146516096756,0.0644760209718511,0,0.100054595945554,0.215447790357007
2009-02-18,0.313887306166604,0,0.27912877077901,0.0567636673402668,0,0.119581222458043,0.230639033256076
2009-02-19,0.313162874019745,0,0.279138507170864,0.0532229911069145,0,0.119914731889224,0.234560895813253
2009-02-20,0.346747263399868,2.95178615064411e-17,0.230128171453028,0.0749529622399483,0,0.150328005246152,0.197843597661005
2009-02-23,0.314383457017152,0,0.234420365148357,0.0786557728441533,0,0.139446367241953,0.233094037748385
2009-02-24,0.298534821822014,3.46136501641136e-17,0.235582525637213,0.0869562386928148,0,0.129512143708995,0.249414270138963
2009-02-25,0.299290766997683,0,0.223420670709453,0.0938660089413886,0,0.136151716695949,0.247270836655527
2009-02-26,0.319153819323153,0,0.192005570858355,0.111866072544469,0,0.154821097191941,0.222153440082082
2009-02-27,0.308645708698087,4.30905301205443e-17,0.202642524270797,0.120346402942203,0,0.145322988502684,0.223042375586229
2009-03-02,0.302128102290007,2.24704503378391e-18,0.203968272334111,0.122751112533577,0,0.141427431962705,0.2297250808796
2009-03-03,0.306856036413789,1.65515115306691e-17,0.207744468120563,0.14599579476056,0,0.109525113723729,0.22987858698136
2009-03-04,0.319611397153477,0,0.216750189376701,0.139531324615302,0,0.127530729769803,0.196576359084718
2009-03-06,0.331767394053167,0,0.19244398863833,0.159851231500391,3.056826368083e-17,0.144061231839039,0.171876153969073
2009-03-08,0.325241921317901,0,0.176023545479009,0.182629445053648,0,0.155695981404663,0.16040910674478
2009-03-09,0.348291579849941,0,0.185317211429321,0.179814824060804,0,0.139619629468482,0.146956755191451
2009-03-11,0.347511194750236,0,0.185305910480571,0.178841604306944,1.36147251787859e-17,0.145763318161277,0.142577972300971
2009-03-12,0.35328427650581,0,0.193263937733586,0.171037204250284,1.25919926857021e-17,0.141209812436515,0.141204769073805
2009-03-13,0.353477006717376,0,0.192422728344423,0.171265003259049,0,0.14262990289655,0.140205358782602
2009-03-16,0.368447316067851,0,0.19082026537664,0.171575598501613,3.26685849444114e-18,0.144750141405662,0.124406678648233
2009-03-17,0.35728155958955,0,0.179837581608724,0.188024466924395,0,0.154159353271495,0.120697038605836
2009-03-18,0.398576418077982,0,0.176254774284856,0.186887345006436,7.95865084470042e-18,0.175561760026047,0.062719702604679
2009-03-19,0.384264422179034,0,0.0770745778947082,0.200050015349579,0,0.28862314826817,0.049987836308509
2009-03-20,0.384217765354761,0,0.0685415608199193,0.196253550750298,0,0.292697147901121,0.0582899751739007
2009-03-23,0.408329534058633,0,0.141123502648726,0.122560689833402,1.9668754060718e-17,0.324793010705418,0.00319326275382035
2009-03-24,0.412067847899679,0,0.150296978064131,0.107623505936935,1.0617028199497e-19,0.324357668853818,0.00565399924543623
2009-03-26,0.386088161373681,0,0.109640444296285,0.120812744094804,0,0.342995221467502,0.0404634287677285
2009-03-27,0.405151595276689,0,0.119315410842284,0.0841619347109036,0,0.355681781544542,0.0356892776255802
2009-03-30,0.452362180877733,0,0.112742666717953,0.020209012130891,0,0.414686140273423,0
2009-03-31,0.453384672690697,0,0.090015506434856,0.0535606026864545,8.11246555248503e-18,0.403039218187992,0
2009-04-02,0.45353542287445,0,0.0882868389245895,0.0555334642482645,0,0.402644273952696,4.06570727101349e-18
2009-04-03,0.477111696226675,0,0.0942999128226412,0.0403915330734077,0,0.388196857877276,0
2009-04-05,0.457040575785669,0,0.115355392349543,0.0752926953210804,0,0.352311336543708,0
2009-04-06,0.454932176120618,0,0.116504707709069,0.0755359638963716,2.73008235538217e-18,0.35302715227394,0
2009-04-08,0.451405414063392,0,0.111684740838677,0.0819960111999554,0,0.354913833897976,0
2009-04-09,0.46541393395553,9.75246374876045e-19,0.106834951627736,0.0820300265696739,0,0.345721087847059,0
2009-04-11,0.456127431765165,1.30480708098766e-18,0.110064077183731,0.0811959156923824,3.29939947090924e-18,0.352612575358722,0
2009-04-12,0.455319708129951,4.86202921554727e-20,0.112083313044089,0.0803812904608939,3.52886103009875e-18,0.352215688365066,0
2009-04-14,0.455004533785295,0,0.110178991265223,0.0904018416544993,5.47906383444323e-18,0.344414633294983,0
2009-04-15,0.451062389801765,1.02685323254245e-18,0.108229605638373,0.0970154396796508,8.90046283000209e-18,0.343692564880211,0
2009-04-16,0.462875433448273,1.30322048049454e-18,0.121720005636043,0.0561797737205539,0,0.359224787195129,0
2009-04-21,0.445500509430877,1.71872404510816e-18,0.106313444554456,0.0550036833425657,0,0.3931823626721,0
2009-04-22,0.445339524674265,2.67642429407578e-18,0.112271553542435,0.0538796106509083,0,0.388509311132392,1.73472347597681e-18
2009-04-23,0.444756896643146,0,0.112678622339586,0.0508608380984838,0,0.391703642918783,0
2009-04-24,0.449878654830298,1.05918443252769e-18,0.105167480511559,0.0594436885391483,0,0.385510176118995,0
2009-04-27,0.453102637952444,0,0.106082137828078,0.0578481354269201,0,0.382967088792558,0
2009-04-28,0.453335162602254,0,0.105621930632876,0.0556422374578526,1.2422996324436e-17,0.385400669307017,0
2009-05-02,0.440723482825703,6.27391997944547e-18,0.0977395585756035,0.0622595150703515,0,0.399277443528342,0
2009-05-03,0.441776479739514,0,0.0996477773428347,0.0584401103838535,0,0.400135632533798,0
2009-05-05,0.435727915675854,0,0.0987923872280708,0.0624365336830546,3.59361157413908e-17,0.40304316341302,0
2009-05-06,0.439264426021656,3.31384259170991e-19,0.103389391549975,0.0586017512498287,0,0.39874443117854,0
2009-05-08,0.44423896516902,0,0.107914365086257,0.0551677087931752,0,0.392678960951548,0
2009-05-10,0.450524288109986,0,0.119870289708783,0.0497312114408486,0,0.379874210740382,0
2009-05-11,0.452624693823747,0,0.122055094066403,0.0483100480118363,7.36722775594342e-19,0.377010164098014,0
2009-05-13,0.442150329379428,0,0.0828060849142917,0.0696204516892898,3.22185009075715e-20,0.405423134016991,0
2009-05-14,0.450376917045255,0,0.0723273292458428,0.0617806488865059,6.10992926745797e-18,0.415515104822396,0
2009-05-15,0.451176048690049,0,0.0702181913750786,0.0556890349155431,1.52409352969596e-18,0.42291672501933,0
2009-05-18,0.456644748711143,0,0.0544313941033383,0.0725724001393992,0,0.41635145704612,7.92499884433443e-18
2009-05-19,0.457862882980383,0,0.0491362364806014,0.0830779165079209,0,0.409922964031095,0
2009-05-20,0.459107436772862,0,0.0480114308615845,0.088999912670679,0,0.403881219694875,2.8245778592226e-18
2009-05-22,0.458130671952439,0,0.0448229486528235,0.0870027060084483,1.06287833367752e-18,0.41004367338629,2.43534081977022e-18
2009-05-26,0.452778219342198,0,0.0439647198046835,0.0860889876471159,5.54936477015135e-19,0.417168073206003,0
2009-05-27,0.441932870712953,0.00198941889598864,0.047697731140613,0.0860599905512623,0,0.422319988699183,0
2009-05-28,0.445051174307138,0,0.0479354949443683,0.0828877009151457,0,0.424125629833348,1.27851061272004e-19
2009-05-29,0.439281986691317,0.0045374656892187,0.0469454921645657,0.0933016646803717,0,0.415933390774527,0
2009-06-02,0.458738444665195,0.00744358390710281,0.0596603926651419,0.0847655677154142,1.11979651553216e-20,0.389392011047146,0
2009-06-03,0.453452784655371,0.0155692950979914,0.0581100207060731,0.0803566347258581,0,0.384761724242024,0.00774954057268256
2009-06-04,0.441979465466042,0.0152524912912871,0.0590268262995308,0.0848980052725244,0,0.38729138331562,0.0115518283549956
2009-06-05,0.451880275253154,0.00978481163066527,0.0616063055736143,0.0872526835003054,0,0.378339804041894,0.0111361200003667
2009-06-07,0.452078699871315,0.00977600304631081,0.0616652184342977,0.0871630240276887,0,0.378282969040114,0.0110340855802735
2009-06-08,0.467306576747724,0,0.0366584634973994,0.0749883337638496,0,0.407121067924005,0.0139255580670226
2009-06-10,0.459523306946113,0,0.0237227302848774,0.0720940889002136,0,0.422606782235978,0.022053091632818
2009-06-11,0.456061902509329,0,0.0262154769763516,0.0719807191292997,0,0.421811135938764,0.0239307654462561
2009-06-15,0.434482776531835,0.0308322551176294,0.0174848028826074,0.086759163245061,0,0.411083252269271,0.0193577499535958
2009-06-16,0.432279523532731,0.0305901321128118,0.0150640416600346,0.0878715130200648,0,0.415849175468539,0.0183456142058188
2009-06-17,0.391130713272323,0.0466788045113251,0.0142583888403132,0.099032550719905,0,0.436149169125139,0.0127503735309942
2009-06-18,0.342620099785744,0.076023322546016,0,0.130970586934994,0,0.450385990733245,3.17826882936601e-18
2009-06-19,0.337668113785099,0.0896195422989435,0,0.130684133420258,1.0699636587986e-18,0.442028210495699,2.08112449013602e-18
2009-06-22,0.330229917313732,0.0965224056099705,0.0204115733984218,0.118325338221066,1.50431470427135e-18,0.43451076545681,0
2009-06-23,0.325367343743522,0.164097904420179,0,0.0861819629168995,3.00897340774271e-18,0.424352788919399,0
2009-06-24,0.330996886874867,0.159650323828466,0,0.0901634982571798,9.11884495342129e-20,0.419189291039487,5.00127619320101e-19
2009-06-25,0.300952423550839,0.152969800439755,0.0041205572280738,0.0957859204100565,2.74483475418083e-19,0.446171298371277,0
2009-06-26,0.305063820869651,0.177302926722382,0,0.0891704567303563,5.25457893321817e-19,0.42846279567761,3.63785762159536e-20
2009-06-29,0.281469069667631,0.189344884806646,0,0.122395205158954,0,0.406790840366769,0
2009-06-30,0.275480990854735,0.194917904172201,0,0.122941638556358,0,0.406659466416706,0
2009-07-01,0.325720576298991,0.216665017798355,0.00608804878365834,0.0180321966564564,2.78856059503029e-17,0.433494160462539,0
2009-07-04,0.331244487556957,0.187242856118557,0.014557334779705,0.0151226799619536,0,0.451832641582827,0
2009-07-05,0.319016693931505,0.192295332223845,0.0198195703641194,0.0137877587375835,0,0.455080644742947,0
2009-07-07,0.321618595681493,0.187965858232945,0.0196191482210002,0.0134528662761676,1.56910680079694e-18,0.457343531588395,0
2009-07-08,0.325310651990745,0.185643533286744,0.0176679049071622,0.0137598603516764,0,0.457618049463672,0
2009-07-10,0.332468918850417,0.180981672151116,0.0239077289038525,0.013895149104978,2.82625679934368e-19,0.448746530989636,0
2009-07-12,0.251070670574634,0.170016722689996,0.0820950278438181,0.00703474889583079,8.5917746497389e-20,0.489782829995721,0
2009-07-13,0.257257202810465,0.162335166332814,0.0635011054520763,0.00664226291165061,5.92777452410649e-20,0.510264262492994,0
2009-07-14,0.244015352000669,0.174522696115779,0.0809195060919578,0.00631621305611725,0,0.494226232735477,0
2009-07-15,0.220789996539793,0.164286954957055,0.122978156186631,0.00123283972412347,2.77555756156289e-17,0.489967603741227,0.000744448851170671
2009-07-16,0.235247671562326,0.150514378622554,0.124712561661236,3.66788178641185e-06,1.63142321770661e-18,0.489521720272097,0
2009-07-17,0.216644870475514,0.137814929869153,0.148500227903533,0,0,0.4970399717518,2.13323094488868e-18
2009-07-20,0.208311076709284,0.157050846804574,0.153032313600706,0,1.56186832802449e-18,0.481605762885437,0
2009-07-21,0.201271921330771,0.174785494968776,0.152479714523437,0,2.5701059887917e-19,0.471462869177017,2.92159226614128e-18
2009-07-22,0.207537150548206,0.184842706687909,0.144863826605915,0,0,0.46275631615797,0
2009-07-23,0.210923070565708,0.181373949441151,0.141160633745936,0,0,0.466542346247205,2.80558453753735e-18
2009-07-24,0.230810228595481,0.170994713835345,0.115648977720966,0,1.48602007093411e-19,0.482546079848208,1.66393356910483e-18
2009-07-27,0.235212280097767,0.169920768998314,0.112691113519582,0,0,0.482175837384338,6.54930186339343e-18
2009-07-28,0.237437311309366,0.158982754856089,0.115098357768985,0,0,0.488481576065561,1.90597776096229e-18
2009-07-29,0.245923765912589,0.155748427428931,0.114360777394689,0,0,0.483967029263791,2.22075370027651e-18
2009-07-30,0.242355191910665,0.172246092601245,0.115806420235938,0,0,0.469592295252153,0
2009-07-31,0.249241661323633,0.17973854712371,0.115919492474542,0,0,0.455100299078115,0
2009-08-01,0.26737149273536,0.178840233676554,0.10206878562025,0,3.32534977825722e-18,0.451719487967836,0
2009-08-04,0.253053367898073,0.192530456309694,0.104845786000334,0,0,0.449570389791898,0
2009-08-05,0.237351411364366,0.216383325033227,0.107909652940314,0,0,0.438355610662094,2.34604967011737e-18
2009-08-07,0.240189401303389,0.215008538231858,0.100365080246601,0,0,0.444436980218152,2.00349256572436e-18
2009-08-09,0.240895788405952,0.216624514238998,0.099365505876616,0,2.39605976913694e-17,0.443114191478434,1.78713029725873e-18
2009-08-10,0.244262438550484,0.215646200400176,0.111350221787043,0,2.71916749248486e-18,0.428741139262298,0
2009-08-13,0.242453016945969,0.225291323906247,0.110831478298878,0,2.56943640452926e-17,0.421424180848907,0
2009-08-14,0.261750160809091,0.247771640763078,0.0820150482959486,0.00313788484051821,0,0.405325265291364,0
2009-08-17,0.264835650801465,0.277168379463261,0.0643139937666051,0.00472431254996318,3.25701382854391e-19,0.388957663418705,0
2009-08-18,0.268912733354551,0.268791550149131,0.0839437196469386,0.00347732345241546,0,0.374874673396963,0
2009-08-19,0.27608048875265,0.253519213765298,0.0931947185155354,0.00302742644774467,0,0.374178152518772,0
2009-08-20,0.232381360854307,0.304014339602158,0.118377841127831,0.0025760355359836,0,0.34265042287972,0
2009-08-21,0.234090441549467,0.291969697751887,0.140537032640483,0,0,0.304224827752222,0.0291780003059413
2009-08-24,0.231685107097048,0.285984696305283,0.151226176718107,0,0,0.305246749244156,0.0258572706354052
2009-08-25,0.212565305684807,0.309358495472052,0.15535143162656,0.00033359361901226,0,0.309365342122118,0.0130258314754498
2009-08-26,0.240872594674831,0.300569429340116,0.12323120533622,0.00186823545680385,0,0.324861633352719,0.00859690183931035
2009-08-27,0.246101240025776,0.305277320713078,0.123725475727812,0.00205596890323596,1.38887577184261e-17,0.322839994630098,0
2009-08-28,0.243020352860059,0.305924529699545,0.124181756616979,0.00215331409724699,2.9197535689708e-20,0.324720046726171,0
2009-08-31,0.225802529643049,0.310675732436,0.127790959856626,0.00234278158106278,0,0.333387996483262,0
2009-09-01,0.233886312881056,0.315545850063795,0.126824342433596,0.00421846405480857,0,0.319525030566745,0
2009-09-02,0.23932366412843,0.315872237505547,0.126866876876604,0.00440801149142155,1.37841709245598e-17,0.313529209997997,0
2009-09-03,0.224047520067593,0.364586752326476,0.104513101021972,0.00581102965468717,0,0.301041596929272,0
2009-09-04,0.195480301202451,0.373731648488322,0.118799402896307,0.00206826940577525,1.40194569939821e-18,0.309920378007144,0
2009-09-06,0.194351185399361,0.374334984406233,0.123653878540345,0.00329129622039146,0,0.304368655433669,0
2009-09-07,0.203532301556907,0.364147671593457,0.157761510609101,0.000714317924858411,1.74391627968265e-18,0.273844198315677,0
2009-09-09,0.205164812926248,0.372016682878107,0.147560418953214,0.0021231080112949,8.858722088038e-19,0.273134977231136,0
2009-09-10,0.204750649207746,0.37960445318775,0.14580361654121,0.00247264237744277,4.5390130961707e-18,0.267368638685852,0
2009-09-11,0.200636548207836,0.387714864388044,0.144530303836677,0.00197009068468016,0,0.265148192882763,0
2009-09-12,0.181298446079995,0.40154139299124,0.149893493798289,0.00185856456517942,5.82660598226441e-18,0.265408102565297,0
2009-09-14,0.16769371726594,0.41845367886116,0.157059851523101,0.00434281402665611,0,0.252449938323143,0
2009-09-15,0.164038250603845,0.418470885838562,0.1558626579732,0.0042618921024647,1.1107958483609e-18,0.257366313481929,0
2009-09-16,0.165460280427554,0.446373955432597,0.147901946177129,0.00592350967451102,8.28895909938534e-19,0.234340308288209,0
2009-09-17,0.166964425638881,0.444507098810988,0.148967474679628,0.00574227598676519,1.25521081773533e-18,0.233818724883738,0
2009-09-18,0.166699454116037,0.445205470115205,0.150586912753416,0.00574451113336726,0,0.231763651881974,0
2009-09-21,0.171457722787748,0.450012058453398,0.144459582678882,0.00650596063589157,0,0.227564675444081,0
2009-09-22,0.168978113820927,0.452139208615447,0.142293433113555,0.0066814855357202,2.19922965784796e-18,0.229907758914351,0
2009-09-23,0.165607071217573,0.45826596516648,0.139453065220558,0.00730129241493797,2.75613958461525e-17,0.229372605980451,0
2009-09-24,0.154930901592102,0.494332654135214,0.225843340558639,0,4.91960677541301e-19,0.124893103714045,3.98478405423877e-20
2009-09-25,0.146609742245864,0.47099108031605,0.260979585131045,4.33680868994202e-19,0,0.121419592307041,1.56910400365208e-19
2009-09-28,0.14343226397579,0.466174175933996,0.267480285620093,0,3.8794911435299e-18,0.122913274470121,4.27627360174734e-18
2009-09-29,0.112726610450726,0.477883576625563,0.291161186280788,0,0,0.118228626642923,1.01779361805813e-17
2009-09-30,0.122617059174756,0.457120118923065,0.291444048920524,0,5.2086524916861e-18,0.128818772981655,5.33259625691487e-19
2009-10-02,0.123137654672366,0.475943314162167,0.281184259107029,0,1.34400461727453e-18,0.119734772058438,0
2009-10-03,0.0940724236037091,0.235132816641207,0.370956506248557,0,0,0.235064799265561,0.0647734542409666
2009-10-06,0.095764973314757,0.22821405093015,0.387212502187877,0,1.57273130786849e-17,0.225370582885666,0.0634378906815499
2009-10-07,0.103128306761353,0.232159446753692,0.39335365542042,0,4.02227110479005e-18,0.222429852224697,0.0489287388398384
2009-10-08,0.0948849330438277,0.232536782085103,0.396540955131322,0,4.65938165957649e-18,0.2236809852134,0.0523563445263474
2009-10-09,0.0897798676887153,0.236181349240645,0.415589678846673,0,1.57425989218141e-17,0.207430900679616,0.0510182035443514
2009-10-11,0.0803857324093421,0.241681674877777,0.397949924795142,0,1.11790765821673e-17,0.226639245420925,0.053343422496814
2009-10-12,0.0697835122081082,0.248905927383045,0.39775812059559,0,9.44308979171146e-18,0.224137859360241,0.0594145804530168
2009-10-13,0.0767079975199452,0.261613548941481,0.394917819751592,0,9.90932594631428e-18,0.222639646198313,0.0441209875886691
2009-10-14,0.0588234423611541,0.276888756822371,0.377201336841151,0,0,0.235283803404283,0.0518026605710406
2009-10-15,0.0539902352148669,0.272629259091165,0.374515004528367,0,0,0.236808303508118,0.0620571976574822
2009-10-16,0.0362048877580639,0.282065374498677,0.392456575692543,0,9.7025369856537e-18,0.236308105431085,0.0529650566196303
2009-10-19,0.0330187491575544,0.304093625941111,0.400693130272366,0,1.1124060860274e-17,0.223557294604435,0.0386372000245334
2009-10-20,0.0343448111966062,0.304155347740733,0.400642642735332,0,9.73892341971244e-18,0.223529213596148,0.0373279847311815
2009-10-21,0.0185757816582649,0.300446490645765,0.41052588193131,0,1.14424082904231e-17,0.217825209776486,0.0526266359881735
2009-10-22,0.0220724318796897,0.304274336105677,0.421028065620789,0,0,0.207061601908892,0.0455635644849524
2009-10-23,0.0503877043406774,0.260809846708651,0.394341675706573,0,0,0.196021466055323,0.0984393071887751
2009-10-27,0.036314324315642,0.274764920508758,0.386410561369362,0,1.41377550899694e-17,0.199482781817153,0.103027411989086
2009-10-29,0.0533135364874857,0.270444552140931,0.363958811215673,0,1.57502071791129e-17,0.212159759353584,0.100123340802326
2009-10-30,0.0790007734866426,0.23007768438104,0.319286702507654,0,8.28267556316538e-18,0.242268604776155,0.129366234848508
2009-11-02,0.0711801385662068,0.228226727731843,0.323358085878453,0,0,0.239144551458283,0.138090496365215
2009-11-03,0.0615825709555971,0.241214798537338,0.334309437240713,0,0,0.235269018402446,0.127624174863906
2009-11-05,0.0636824390435135,0.247539800969158,0.33393123915306,0,0,0.231206322078363,0.123640198755906
2009-11-08,0.0598875459820286,0.250854392999796,0.336225457466855,0,1.23615971491578e-17,0.231849151931258,0.121183451620063
2009-11-09,0.0584074093103239,0.252793263711717,0.340533295570051,0,1.51614594300006e-17,0.230222777577895,0.118043253830013
2009-11-12,0.0503656841242289,0.25997466952276,0.340527558760314,0,0,0.233588821892939,0.115543265699758
2009-11-13,0.00688244188801209,0.26208954814075,0.290838055757834,0.11746903643404,0,0.218881403356789,0.103839514422574
2009-11-16,0,0.282005214092016,0.311987332566347,0.108922329454124,2.39813649212075e-18,0.225945522649371,0.0711396012381421
2009-11-17,0,0.295721591293764,0.345753194396197,0.10474452036969,0,0.216787123257705,0.0369935706826428
2009-11-18,0,0.292344063152551,0.342561097261354,0.105157136138672,5.40243547589197e-19,0.218426584918249,0.0415111185291733
2009-11-19,0,0.308755427716109,0.367105058758216,0.0955975622768996,0,0.210095280338969,0.0184466709098064
2009-11-20,0,0.308675697059379,0.361452145405598,0.0922358736646105,0,0.217988113956777,0.0196481699136355
2009-11-23,0,0.296304902596924,0.391638273575841,0.0959001317431197,7.44322930829341e-20,0.206853953817257,0.00930273826685797
2009-11-24,0,0.293731123025042,0.394670828828681,0.0995457341098266,2.95975661259053e-18,0.210007771264128,0.00204454277232294
2009-11-25,0,0.291821586917685,0.380020242112095,0.0944346808087873,1.47443189246696e-19,0.226383321619408,0.00734016854202472
2009-11-27,2.16840434497101e-19,0.274631382868191,0.366797975506148,0.0959730021414803,4.15554481432812e-19,0.236546484923906,0.0260511545602744
2009-11-30,0.00041819058364408,0.275634140791976,0.366891469866579,0.0968612149207204,0,0.236170351685405,0.0240246321516763
2009-12-01,0,0.276529995808932,0.368709716212072,0.0984806923429567,0,0.233853818212047,0.0224257774239933
2009-12-02,0.0125863199125457,0.237499753325023,0.360110435220412,0.11573471530025,0,0.247090852436311,0.0269779238054588
2009-12-03,0.0125309518905439,0.236754171069917,0.368058229609201,0.11463691209695,0,0.247068482445438,0.0209512528879512
2009-12-05,0.0244847761853444,0.22262352927809,0.362316546338717,0.103102792085368,0,0.25798427263921,0.0294880834732704
2009-12-06,0.0234492460849002,0.229688750205918,0.370485685340573,0.108563119177652,0,0.245676225078553,0.022136974112404
2009-12-08,0.0201403183782535,0.226271367687043,0.377862691454849,0.119906633075925,0,0.240065341447072,0.0157536479568581
2009-12-10,0.00473145716599917,0.21836977003833,0.377178283137768,0.143431111384224,0,0.237586885882951,0.0187024923907285
2009-12-11,0.00221239795373614,0.226336748677455,0.356118207431543,0.151983808919176,0,0.236386066401467,0.0269627706166223
2009-12-15,0.00175451280591274,0.228611920264284,0.351671222253504,0.157965951439536,0,0.237086732783075,0.0229096604536874
2009-12-16,0,0.194089473673321,0.312292931720037,0.200978055938983,0,0.265639095020257,0.027000443647402
2009-12-17,0,0.197424817967255,0.298549771713595,0.211778807427399,0,0.261706889992719,0.0305397128990327
2009-12-18,0,0.183454271804695,0.342352254254392,0.180698075151544,0,0.259785874536954,0.0337095242524155
2009-12-21,0,0.1717564867788,0.330718408593859,0.174505638796699,1.25313897681678e-18,0.272805511576936,0.0502139542537064
2009-12-22,0,0.131956659519181,0.385115506410366,0.133243941337658,0,0.249839167848475,0.0998447248843189
2009-12-23,0,0.127977126873631,0.383528467312971,0.129003692267793,8.18072833426915e-19,0.247617870849334,0.111872842696272
2010-01-02,0,0.125066125294144,0.38595644234499,0.127407157341626,1.91099582409553e-18,0.249851312911332,0.111718962107908
2010-01-03,0,0.126412051338289,0.385993330437943,0.133446095185118,0,0.248779944114202,0.105368578924449
2010-01-04,0,0.10992952492619,0.383855081400445,0.129772700641273,1.15575953348587e-18,0.26234151776704,0.114101175265052
2010-01-06,0,0.13067887623343,0.40398380943921,0.130839447771996,1.75320197607858e-17,0.244139779951951,0.0903580866034121
2010-01-07,0,0.0886347785861926,0.446133293944202,0.117970257021368,0,0.246870964980788,0.100390705467449
2010-01-09,0,0.088148882625035,0.446431331380882,0.117782290681554,0,0.245332236650514,0.102305258662015
2010-01-10,0,0.0892997663703674,0.44177196101934,0.122316424608132,1.5389525240423e-18,0.249303279918747,0.0973085680834132
2010-01-13,0,0.074449431326588,0.441267073862777,0.121278432989977,1.27558449452202e-18,0.26798264148733,0.095022420333329
2010-01-14,0,0.103098605000811,0.393923636758203,0.129189464912701,9.75157485204476e-20,0.316130763482792,0.0576575298454937
2010-01-15,0,0.0864145177810467,0.39278165006139,0.141172900073637,9.21015461998066e-18,0.300562182786127,0.0790687492977997
2010-01-19,0,0.0813419958686902,0.387587241493012,0.141121639849551,7.71329564503782e-18,0.300620169113168,0.089328953675579
2010-01-20,0,0.0813434634056151,0.385437707170348,0.143484064989918,0,0.305332696910828,0.0844020675232903
2010-01-21,0,0.0688814358256108,0.402627984462061,0.13709398956482,0,0.291866292296699,0.0995302978508098
2010-01-22,0,0.0670553277697962,0.411546193937669,0.130177815207551,0,0.292079977462502,0.0991406856224823
2010-01-25,0,0.0640711541901372,0.42163381317234,0.129790021282755,6.38082531446388e-19,0.281940555454984,0.102564455899783
2010-01-26,0,0.0825897160410587,0.428827328682014,0.108573086721699,0,0.285858277284516,0.0941515912707118
2010-01-27,0,0.0552598393927914,0.419316573707259,0.0955746941203992,1.38804696207437e-18,0.302742348371291,0.127106544408259
2010-01-28,0,0.04883550507874,0.405751176198464,0.103276551078815,0,0.306680937901804,0.135455829742177
2010-01-29,0,0.0149247321881296,0.345637909908212,0.212432980945897,0,0.274253865953452,0.152750511004309
2010-02-02,0,0.0161754005572491,0.344313819667576,0.211799536489597,6.21470893008257e-19,0.277295920368446,0.150415322917132
2010-02-03,0,0.006854262771253,0.329240045470931,0.209087104372475,1.033251246488e-19,0.295974099452535,0.158844487932806
2010-02-06,0,0.00457083918701894,0.335578968589983,0.205594831436085,1.0868915888513e-18,0.297174542613329,0.157080818173584
2010-02-07,0,0.00183212901458081,0.333925852744839,0.201205442819196,1.50491400281055e-18,0.30346951654295,0.159567058878434
2010-02-08,8.26803404646953e-19,0,0.298584741903239,0.238971832158752,0,0.288695887473713,0.173747538464297
2010-02-09,4.34065759187531e-18,0,0.287488572978931,0.248220508627744,0.015599993746565,0.284146220615948,0.164544704030812
2010-02-11,0,0,0.299146525530108,0.235504892580719,0.0185701514369516,0.285117678524143,0.161660751928079
2010-02-12,0,0,0.331361743823027,0.236239017197932,0.0171171924226719,0.265039684918279,0.150242361638091
2010-02-16,0,1.66483655765241e-17,0.333679371726282,0.232932497016914,0.0161504399358924,0.265834716407234,0.151402974913677
2010-02-17,0,1.10502110222036e-17,0.332135590761683,0.235834571914086,0.0166395873444213,0.260339324793193,0.155050925186617
2010-02-18,6.61406269168912e-19,0,0.336556356063945,0.234307781012857,0.0213471368513256,0.255770873838079,0.152017852233793
2010-02-19,0,0,0.340233014487822,0.226367317971413,0.013999279851714,0.2605689313519,0.158831456337151
2010-02-22,8.67528771353793e-19,0,0.357431544941082,0.2111523154757,0.0170795923395019,0.275375110725118,0.138961436518598
2010-02-23,0,0,0.362083104372774,0.217482886437347,0.010970736195635,0.269190738490565,0.14027253450368
2010-02-24,3.79122541296628e-19,0,0.359370684239811,0.218789261941104,0.0146189253116097,0.26765372937589,0.139567399131585
2010-02-25,1.16530330302387e-18,0,0.365066450233826,0.215846195414172,0.017499400150272,0.276758150939585,0.124829803262145
2010-02-26,5.43648414415175e-19,0,0.35981990132067,0.221407858860862,0.0220124598626547,0.274074166703704,0.122685613252109
2010-03-02,7.1757939082738e-20,3.46944695195361e-18,0.362426082338148,0.2217701842657,0.0213743455218629,0.274221859024743,0.120207528849547
2010-03-03,1.35187388339925e-19,0,0.368086550818976,0.217284043464042,0.0143237265489513,0.274160963600973,0.126144715567058
2010-03-08,8.28386466332957e-19,0,0.378281527542133,0.198195648233943,0.0621073559160154,0.274499215323278,0.0869162529846297
2010-03-09,0,0.11694855571483,0.357641436685756,0.17362065542167,0.0435920239008659,0.232469378292908,0.0757279499839707
2010-03-11,0,0.108504974248904,0.354022117883468,0.173654452027103,0.0564621770168766,0.253930955489476,0.0534253233341727
2010-03-12,0,0.104417085471024,0.331649984313593,0.196637345404953,0.0533608685049835,0.250062442906907,0.0638722733985392
2010-03-15,0,0.100542978049604,0.331808497108473,0.200123415944731,0.058586588622033,0.246806062271606,0.0621324580035532
2010-03-16,0,0.108751964980521,0.300551765227468,0.20847382875754,0.0588746838806261,0.272259416034255,0.0510883411195902
2010-03-17,0,0.12627645604592,0.276519691592205,0.211749125520118,0.0625264574880438,0.311383439530045,0.0115448298236685
2010-03-18,0,0.109200667002444,0.271314232815285,0.219477661605723,0.0666884744843775,0.311938683515269,0.021380280576902
2010-03-19,0.00137919427843421,0.105496666923904,0.27119428670916,0.220966960630391,0.0662199239123442,0.310145692814134,0.0245972747316336
2010-03-22,0.00206332225593234,0.109360762653063,0.26888302898012,0.233947154805216,0.0688767086785502,0.287800111420103,0.0290689112070156
2010-03-23,0,0.121130080018493,0.270360780580942,0.22967660075313,0.0579247415889979,0.290899606453121,0.0300081906053162
2010-03-24,0.00571717314502395,0.137923286260708,0.274911581939837,0.221057022928415,0.0499323181346884,0.283132897492926,0.0273257200984017
2010-03-26,0.0119876395751221,0.147837319508359,0.263217975479007,0.232458398577094,0.0340530494085325,0.285334589035723,0.0251110284161615
2010-03-29,0.0130455528753259,0.140476328898366,0.255779117155623,0.238136644825602,0.0435686375394067,0.28749888973984,0.0214948289658365
2010-03-30,0.0132984967571259,0.13873965454861,0.255326277606929,0.238619233115134,0.0439849164597964,0.28724644443926,0.0227849770731452
2010-03-31,0.013866668260823,0.126210402972274,0.253402920296097,0.240561245616441,0.0536083797669868,0.285310499488141,0.0270398835992362
2010-04-01,0.0214096694032645,0.143035230296869,0.249914731032498,0.230755244178527,0.0421746297799295,0.312710495308911,0
2010-04-02,0.032540840911471,0.109491684628609,0.294881770996967,0.208651002652586,0.0471060315594277,0.307328669250939,0
2010-04-03,0.0197420222415172,0.0993790523687954,0.339487854417001,0.170204937250888,0.0791123875218416,0.292073746199956,0
2010-04-05,0,0.0684072628148545,0.409263922930912,0.137006420489769,0.0850958821865792,0.300226511577885,0
2010-04-06,0.00615431720698805,0.0445748683734981,0.376360612417029,0.152495456275001,0.062991974566246,0.357422771161238,0
2010-04-08,0.00307715174460977,0.048382807562459,0.369794578346742,0.139450542489073,0.0652760351198708,0.374018884737245,0
2010-04-10,0.0112870578029564,0.0116292374028508,0.367373926344171,0.155022894244571,0.079808783809618,0.374878100395833,0
2010-04-11,0.0130869552030659,0,0.363337689229152,0.159976538058216,0.0926887241742872,0.370910093335279,4.14435135229702e-20
2010-04-13,0.0110664088460425,0,0.36112168369172,0.153179325619461,0.0932120664333486,0.381420515409428,8.05980861879719e-19
2010-04-14,0.0176463888556901,0,0.349960324138536,0.168633072490513,0.0806880215126222,0.383072193002639,0
2010-04-15,0.0177921731090341,8.67361737988404e-19,0.349853930904706,0.171253237335127,0.0791426666871582,0.381957991963975,0
2010-04-16,0.0159631334531097,0,0.352347009447366,0.174346978105207,0.0730594136318962,0.384283465362421,0
2010-04-19,0.0162937292968791,0.00674441150687299,0.355678842817838,0.176789277154366,0.0916374992750077,0.352856239949036,0
2010-04-20,0.0113786771890775,0,0.362254323567901,0.179464743253771,0.108609229730189,0.338293026259062,1.56926917969586e-18
2010-04-21,0.0132933160657841,0.00718798752104574,0.362785276682997,0.174681503376298,0.102699174897466,0.339352741456409,0
2010-04-22,0.0107331167718595,0.00810265738958938,0.363946492733253,0.178312504120374,0.0996223439546818,0.339282885030243,0
2010-04-23,0.00577378950474398,0.0376122457510615,0.370905536866091,0.162534515386633,0.0684911481456089,0.354682764345862,0
2010-04-26,0.0055491651885361,0.0235445315878281,0.368851738985882,0.172265032156147,0.0687419384347885,0.361047593646818,0
2010-05-01,0,0.0756987113563818,0.347321503470225,0.169645749415315,0.0349765375586517,0.372357498199427,0
2010-05-02,0,0.0294009711915387,0.341454833366666,0.170796011971091,0.0467101642611017,0.386878147319687,0.0247598718899145
2010-05-03,0,0.0264571304874863,0.355728714503594,0.169872204662779,0.0426530726991241,0.383518194666042,0.0217706829809744
2010-05-05,0,0.0563507591100267,0.372327699770688,0.129384620026647,0,0.385833152955807,0.0561037681368312
2010-05-08,0,0.092302075083857,0.382109437344615,0.100544328641632,0.00708598191044082,0.382984108445619,0.0349740685738364
2010-05-10,0,0.0805168758491496,0.37989132188851,0.0974620387132567,0.0173873478294682,0.377200458726241,0.047541956993374
2010-05-11,0,0.0818648311362439,0.381301847748539,0.0923464632500626,0.0208584012599,0.365258371700623,0.0583700849046314
2010-05-14,0,0.0319384521222289,0.381347986621215,0.111612604204477,0.0353956191899614,0.38059117434833,0.0591141635137874
2010-05-17,0,0.0416118333552355,0.368522566044801,0.0879847240286264,0.0283055099819435,0.405680808592526,0.0678945579968675
2010-05-18,0,0.0399026981939606,0.376732529777021,0.0725825402190541,0.0252279321633867,0.421304144869351,0.0642501547772269
2010-05-19,0,0.0101493812669257,0.385209897741982,0.0833129563251835,0.0493600995201584,0.417254839151087,0.0547128259946639
2010-05-20,0,0.0498441817822649,0.389116537095582,0.112301012635643,0,0.388493691140846,0.0602445773456646
2010-05-21,0,0.0349124656186719,0.370696371978473,0.131282419429836,0.0192640478676707,0.3771376026849,0.0667070924204479
2010-05-25,0.00189679098445146,0.130585090566726,0.35466566215323,0.051919602196177,0,0.460932854099415,0
2010-05-26,0,0.197228021273126,0.328895522472717,7.23953208383928e-19,0,0.473876456254156,0
2010-05-27,0,0.186247368193966,0.350210709193057,7.9414387841246e-20,9.32563250278024e-18,0.463541922612978,5.55412007493297e-18
2010-05-28,0,0.185447189978641,0.345054570799955,0,0,0.469498239221404,0
2010-06-04,0,0.185665994763874,0.349297300050542,4.09591634296947e-18,0,0.465036705185584,0
2010-06-05,0,0.197797718163486,0.365274960717736,0,6.09869719358644e-18,0.436927321118779,5.35807127685475e-17
2010-06-07,0,0.190517168834065,0.366724816790914,0,0,0.442758014375022,1.00859983782607e-17
2010-06-08,4.33680868994202e-19,0.19155301975444,0.36685556913576,1.10045593834133e-18,7.83954259828921e-18,0.441591411109801,0
2010-06-10,0,0.181466883394255,0.35617745993316,4.49224175207217e-18,8.63507883637559e-18,0.462355656672584,4.72934691249159e-18
2010-06-12,0,0.180761522252677,0.354382100837471,4.52949301956053e-19,8.43275237506872e-19,0.464856376909852,0
2010-06-14,0,0.186807237390897,0.364313609791061,0,0,0.448879152818041,0
2010-06-15,0.0092175794892992,0.171190420233735,0.348968256783758,0,0,0.470623743493208,0
2010-06-16,0.00836189958868016,0.171355356839353,0.350682815799129,0,1.10188531965597e-17,0.469599927772838,0
2010-06-17,0.00497722118672664,0.164696314508054,0.355360969783592,0,3.09318864009814e-17,0.474965494521628,0
2010-06-18,0.00396585555288407,0.15451536134069,0.358483952143612,0,0,0.483034830962814,8.83072237724985e-18
2010-06-21,0.00361116058465931,0.152411864974189,0.362363553146612,0,1.9277717282767e-17,0.481613421294539,0
2010-06-22,0.0020258051301486,0.156108547577016,0.356872999478988,0,1.31236794753468e-17,0.484992647813847,0
2010-06-23,0,0.155729639414021,0.353906056814576,9.10325239308958e-19,6.58951904074367e-18,0.490364303771402,0
2010-06-24,1.73472347597681e-18,0.142549090755664,0.365474489042543,9.05935935800283e-18,0,0.491976420201793,8.06726458848752e-18
2010-06-25,1.73472347597681e-18,0.141872046374256,0.339989221872267,0,3.43089002985184e-18,0.518138731753477,0
2010-06-28,0,0.150400945205592,0.326435713051218,0.00356079116627389,5.81914168042564e-18,0.519602550576916,0
2010-06-29,1.65812198531177e-18,0.1225726325904,0.333565457922225,0,3.36134749958719e-18,0.543861909487375,9.79342585410853e-19
2010-06-30,0,0.10877642885921,0.33897319024808,0,0,0.55225038089271,0
2010-07-01,5.28349404907142e-21,0.109277901843445,0.337668574994674,0,0,0.553053523161881,0
2010-07-04,2.22821094756688e-05,0.113789024851166,0.336301234390014,0,0,0.549887458649344,0
2010-07-05,0.0103791839826056,0.0876555715648946,0.332061230312162,0,1.76953911147681e-19,0.569904014140337,2.69518703116044e-19
2010-07-06,0.00695214922229265,0.0914040162063077,0.327731254587016,0,0,0.573912579984384,0
2010-07-07,0.00911304885592958,0.0790500889194598,0.328541270484651,3.46944695195361e-18,0,0.58329559173996,0
2010-07-09,0.0228857500062257,0.0819541933676715,0.327911876769283,0,7.20319755858914e-18,0.567248179856819,9.25623605436311e-20
2010-07-10,0.0272800832697205,0.0768125681009008,0.326451687666104,0,0,0.569455660963274,3.36238477210264e-19
2010-07-12,0.0277977827129881,0.0773367401578322,0.326719575315113,0,1.86474993058655e-17,0.568145901814067,0
2010-07-13,0.00657038845842411,0.0867520216063342,0.308837100645102,0,1.03582659588365e-17,0.597840489290139,0
2010-07-14,0.000446679665247173,0.100316214579625,0.308476948060386,0,1.67868733447954e-17,0.590760157694742,8.59742986630086e-18
2010-07-15,0,0.0827767512998508,0.304299171605327,6.26808322991589e-18,1.8143505290508e-17,0.612924077094822,0
2010-07-16,4.33680868994202e-19,0.0774651780210301,0.302460989776052,0,1.31603761505088e-17,0.620073832202918,0
2010-07-19,0.00462394524250888,0.0829204541682176,0.301420029340129,0,2.75106778095301e-18,0.611035571249144,0
2010-07-20,0.00783693212082369,0.084115190200574,0.300846007109991,0,0,0.607201870568612,0
2010-07-21,0.00917307929466847,0.083235887944955,0.296279701748521,0,2.5103576522467e-18,0.611311331011855,2.00491433886812e-17
2010-07-22,0.00203124906658439,0.0745497651030085,0.298145115772535,0,2.27956083462862e-17,0.625273870057872,0
2010-07-23,0.00414477966092818,0.0744866719585272,0.298058634449305,0,0,0.623309913931239,0
2010-07-26,0.00833273233994927,0.0782275353995567,0.295921906885974,0,6.63837464640205e-18,0.617517825374519,0
2010-07-27,0,0.0676340576367657,0.295378947833516,4.93245745091549e-18,0,0.636986994529719,0
2010-07-28,0,0.0714093603706065,0.295731294679696,3.21147536889983e-18,0,0.632859344949697,1.26303945893145e-17
2010-07-29,0,0.0831973591918949,0.288939419056233,1.20474253796113e-17,2.45702837486438e-17,0.627863221751872,4.34706695496654e-17
2010-07-30,0,0.0845876442141724,0.287522047429975,0,0,0.627890308355852,0
2010-08-01,0,0.0794610715386073,0.275468408286922,0,5.02344447896195e-17,0.645070520174471,5.50172643868222e-17
2010-08-02,0,0.0820766285356014,0.276760231023814,4.09450375888273e-18,4.90100830374578e-17,0.641163140440585,5.55930330126951e-17
2010-08-03,0,0.0853175845248077,0.273407571950978,3.32468543426354e-18,0,0.641274843524215,3.15047626002079e-17
2010-08-04,0,0.0856434594597196,0.27380943512043,1.34399922985738e-17,0,0.64054710541985,0
2010-08-06,0,0.0814932320417248,0.27560364163286,1.56320551258374e-17,3.01697201267111e-17,0.642903126325415,0
2010-08-07,0,0.0759526311648784,0.292704655413053,0,0,0.631342713422069,0
2010-08-09,0,0.0741843415665162,0.292950657332397,0,0,0.632865001101086,6.96061186635764e-17
2010-08-10,0,0.0749184521845388,0.291878004362358,1.04998887318585e-17,0,0.633203543453104,2.76051269599573e-17
2010-08-11,0,0.0765616356018381,0.290361790153887,4.7644638544915e-18,1.39899585569419e-17,0.633076574244275,2.47213149257143e-18
2010-08-13,0,0.0753754726255084,0.291197151429899,0,9.42480809751016e-19,0.633427375944592,1.06811829503655e-17
2010-08-16,0,0.0759612405284071,0.291627661939489,0,0,0.632411097532104,0
2010-08-17,0,0.0731372037527176,0.289524422533531,2.77571038207358e-18,0,0.637338373713752,6.5773525056147e-18
2010-08-18,0,0.0708360562990886,0.290075149368395,0,0,0.639088794332517,0
2010-08-19,0,0.0707374395692603,0.293756333287942,0,0,0.635506227142798,2.13977881806434e-17
2010-08-20,0,0.0729977655725041,0.294891769219076,3.07720839158134e-17,3.39109096327636e-17,0.63211046520842,8.13307448593519e-18
2010-08-23,0,0.0877494301669074,0.288708476004755,0,0,0.623542093828338,8.34518625394886e-17
2010-08-24,0,0.08689339854347,0.288445922460969,0,4.25216597205058e-17,0.624660678995561,0
2010-08-25,0,0.101488832711115,0.274065485836704,1.44100888578935e-17,0,0.624445681452181,2.56766516153395e-18
2010-08-26,0,0.118021780635896,0.28161550139858,5.97569714065401e-18,0,0.600362717965525,1.75397929148152e-17
2010-08-27,0,0.118296896904762,0.2789448456666,0,1.56415349576986e-18,0.602758257428638,0
2010-08-30,0,0.118066013322542,0.278505453976427,0,0,0.603428532701031,1.2389165539357e-17
2010-08-31,0,0.130815567953516,0.284416925975941,0,0,0.584767506070544,1.23398325584614e-18
2010-09-02,0,0.128831374245036,0.286374407870704,3.23796272989394e-17,0,0.584794217884259,2.57610673856407e-17
2010-09-03,0,0.128179976921697,0.284052104207944,0,0,0.587767918870359,0
2010-09-04,0,0.124458704635444,0.281789053027396,0,2.08471505552566e-17,0.593752242337159,5.3509585394568e-17
2010-09-06,0,0.128716630604129,0.274906674170944,0,0,0.596376695224927,5.03494645933335e-17
2010-09-07,0,0.101202247477334,0.269597639994872,2.5863583055316e-17,0,0.629200112527794,1.41062918452296e-17
2010-09-08,0,0.0959244526141241,0.25939679603153,0,2.55820085655919e-17,0.644678751354346,0
2010-09-09,0,0.0873017644100353,0.260349046461544,0,9.19221749493293e-17,0.65234918912842,2.56508359773459e-17
2010-09-11,0,0.0948886003078285,0.253751908901554,0,0,0.651359490790618,1.92455299105683e-17
2010-09-12,0,0.0866818594422187,0.264816619988586,2.8755709654859e-17,3.42466578241906e-18,0.648501520569195,2.57262917884612e-18
2010-09-13,0,0.0883721336182964,0.26369096730768,0,7.3660880581717e-17,0.647936899074024,2.6384392494695e-17
2010-09-14,0,0.0751378569238922,0.275879713384572,0,0,0.648982429691536,1.59577566576514e-17
2010-09-15,0,0.0926577898141739,0.27271169956823,0,2.2572642851881e-17,0.634630510617596,3.29212219748834e-17
2010-09-16,0,0.100782992006759,0.262409803786688,1.69954588009902e-17,3.86705609943044e-17,0.636807204206553,5.25035643512368e-17
2010-09-17,0,0.091066695689641,0.268688689804422,0,1.49256140813858e-17,0.640244614505937,3.75838627980237e-17
2010-09-20,0,0.0926366606561587,0.259761139118925,0,0,0.647602200224916,0
2010-09-21,0,0.108573363820087,0.245751014674219,1.36704878846128e-17,4.02002712636601e-17,0.645675621505694,0
2010-09-22,0,0.104368238401045,0.249601255626207,0,2.44644957363119e-17,0.646030505972748,0
2010-09-23,0,0.135905473409155,0.238674489390151,0,0,0.625420037200694,1.14181595077683e-17
2010-09-24,0,0.13438625343733,0.252992474968398,0,0,0.612621271594272,3.3435111496577e-17
2010-09-27,0,0.135394496385969,0.252677454555977,0,1.2225091258633e-17,0.611928049058054,0
2010-09-28,0,0.162952926338224,0.225663747116446,9.85166743750945e-17,0,0.61138332654533,0
2010-09-29,0,0.134667392283922,0.218606756729677,4.45592011076495e-17,0,0.6467258509864,3.47421241737879e-17
2010-09-30,0,0.147196834623385,0.205930600786098,0,3.30466916352178e-18,0.646872564590516,0
2010-10-02,5.81942078118618e-19,0.122975866829429,0.267672232557291,7.5583453073444e-18,5.8707201852225e-19,0.60935190061328,0
2010-10-03,7.11671238817744e-18,0.043136287046447,0.355050370099688,0,0,0.601813342853865,0
2010-10-05,0,1.27507817131005e-17,0.338800630199145,0,0,0.661199369800855,0
2010-10-06,0,0,0.354984679429407,3.65455507291544e-17,0,0.645015320570593,5.879477553195e-17
2010-10-08,0,0,0.351551038446134,0,0,0.648448961553866,5.29910147208032e-17
2010-10-09,2.55365148385955e-18,0,0.322294126334718,8.48557344961495e-17,0,0.677705873665282,4.75665386897449e-17
2010-10-12,0,0,0.334906654297671,0,0,0.665093345702329,4.73046503863016e-18
2010-10-13,5.3939385048405e-18,0,0.338503955262285,0,0,0.661496044737715,1.36678145788607e-17
2010-10-14,0,2.17435913402129e-17,0.339195992041589,3.93373838977265e-17,0,0.660804007958411,0
2010-10-15,5.24055771698164e-18,4.26675580517626e-17,0.342885884888414,0,0,0.657114115111586,3.24650433184499e-17
2010-10-18,0,1.20331955055827e-16,0.332426339358587,0,0,0.667573660641413,0
2010-10-19,0,3.81980297593698e-17,0.355410206553438,3.66332430060509e-17,0,0.644589793446562,2.72741368210978e-17
2010-10-20,0,0,0.367154971386493,1.9120283422328e-17,0,0.632845028613507,1.19030785316129e-17
2010-10-21,8.9208969686069e-18,0,0.375465754310315,0,0,0.624534245689685,0
2010-10-22,0,7.4451059180571e-18,0.375977203966738,0,0,0.624022796033262,3.51624014220481e-17
2010-10-25,0,0,0.374939123624798,0,0,0.625060876375202,0
2010-10-27,2.79950895714161e-20,3.56053318066559e-17,0.382575762748214,6.33539630543429e-17,0,0.617424237251786,0
2010-10-29,3.52958491356243e-18,0,0.381021790274745,0,0,0.618978209725255,0
2010-11-01,0,2.74585870151543e-17,0.371142780155144,0,0,0.628857219844856,0
2010-11-02,0,1.40648215505068e-18,0.418595438530609,0,0,0.581404561469391,5.74690322524204e-17
2010-11-03,6.07597636661977e-18,2.04798490191509e-17,0.454369355318413,3.48449045839747e-17,0,0.545630644681587,0
2010-11-05,0,0,0.376444066000566,0,0.010709489257139,0.612846444742295,0
2010-11-06,7.84332050747369e-18,2.94367631711071e-18,0.380823421099957,0,0.00788802064877509,0.611288558251268,0
2010-11-08,0,0,0.380046123063939,0,0.00769887109124203,0.612255005844819,0
2010-11-10,5.23583187277068e-18,0,0.380356896153438,0,0.00987348441354499,0.609769619433017,0
2010-11-15,0,1.37737774608227e-18,0.390958974903652,1.2380142255234e-18,0.015365238359099,0.593675786737249,0
2010-11-16,9.10020166890539e-18,0,0.406258167941161,1.15774601208746e-18,0.0222884552415223,0.571453376817317,0
2010-11-17,0,0,0.404780085633914,0,0.0256861124135096,0.569533801952577,0
2010-11-18,0,0,0.399986359716929,3.67836785531033e-17,0.0322662526118415,0.56774738767123,0
2010-11-19,1.94699605430436e-18,0,0.39912977466309,4.27301648619573e-17,0.0432361609474825,0.557634064389427,0
2010-11-22,0,9.14855808091214e-18,0.390935253912785,0,0.0388581907282632,0.570206555358952,0
2010-11-23,0,1.59856068396854e-17,0.40024948826062,0,0.091378666837429,0.508371844901951,0
2010-11-24,6.09205861900484e-20,4.96879921480467e-19,0.408530233235235,5.16843907986895e-19,0.0926208108991476,0.498848955865617,0
2010-11-26,2.81696935233198e-19,1.23217058250208e-18,0.419889249913756,1.74929263263663e-18,0.090178904670882,0.489931845415362,6.93889390390723e-18
2010-11-29,3.24271810719698e-18,0,0.423547849171076,2.43805464812154e-17,0.0896104925572217,0.486841658271702,0
2010-11-30,2.41882118382611e-18,0,0.412015124128792,0,0.0948027608804167,0.493182114990791,0
2010-12-01,2.25538478967636e-18,0,0.417426909824467,2.41936441769205e-17,0.0942247405800557,0.488348349595477,0
2010-12-02,0,0,0.417412389329557,1.10642605529196e-17,0.0944073472446259,0.488180263425817,0
2010-12-03,0,0,0.413872971811235,4.50455036139752e-17,0.108061292757284,0.478065735431482,0
2010-12-04,3.68927570084678e-18,1.90007004539067e-17,0.404926474393614,6.17803620878495e-18,0.115705492208105,0.479368033398281,0
2010-12-05,1.56470028210239e-18,1.41573967530333e-17,0.406281932444393,6.61058982930573e-18,0.106861256043052,0.486856811512556,0
2010-12-07,0,3.07415291853586e-19,0.411385293718209,0,0.100879419816888,0.487735286464903,0
2010-12-08,2.70408201490521e-20,1.63255340497278e-17,0.408968912498612,0,0.096489755292279,0.494541332209109,4.33680868994202e-19
2010-12-10,1.62517221007768e-20,0,0.416473658221587,1.24279556409222e-17,0.0884752360311047,0.495051105747308,0
2010-12-11,7.09513181906291e-19,3.56715426494997e-17,0.414751824137718,1.02506145322572e-17,0.107166652450552,0.47808152341173,0
2010-12-13,0,1.97138619480269e-17,0.428671439910678,8.13272015094216e-18,0.102062420404666,0.469266139684656,0
2010-12-14,8.32889628639053e-19,0,0.426952800726175,3.43040047362228e-17,0.106720080444292,0.466327118829533,0
2010-12-15,3.17049306461072e-20,0,0.416142276848574,6.29469936023335e-17,0.11995207877596,0.463905644375467,0
2010-12-16,0,3.21491627741001e-17,0.427602021388605,0,0.126286517493666,0.446111461117728,3.40623905473678e-17
2010-12-17,0,1.03462263826222e-17,0.455758949793677,0,0.111945445828762,0.432295604377561,3.12377266996753e-17
2010-12-20,0,3.19118330758785e-17,0.438325437815947,0,0.117878980086489,0.443795582097564,0
2010-12-21,0,0,0.437917900167225,2.04349325695248e-17,0.120240051106392,0.441842048726383,0
2010-12-22,0,0,0.43811965070705,2.89684673635929e-19,0.119903199270257,0.441977150022693,2.04993930640738e-17
2010-12-23,0,3.11243444483715e-17,0.444084930426478,0,0.12046574312709,0.435449326446433,4.35131838133503e-17
2010-12-27,2.17974618284579e-19,0,0.44390162163479,0,0.11570753272349,0.44039084564172,1.21736787056432e-17
2010-12-28,0,5.04271862018893e-17,0.444491619172526,0,0.117698724950495,0.437809655876979,1.04651036389727e-17
2010-12-29,0,0,0.443977383053207,0,0.122966958195166,0.433055658751627,2.5949807835652e-17
2010-12-30,0,0,0.44513683987519,0,0.12460862426331,0.430254535861501,3.23295069409817e-17
2011-01-02,1.21817124442175e-19,0,0.441590053976331,0,0.132685148166919,0.42572479785675,6.90825768631129e-17
2011-01-03,0,2.86608535030598e-17,0.450210090827566,0,0.126858698076974,0.42293121109546,4.56301956468713e-17
2011-01-04,1.27282754305761e-20,0,0.444906932179194,0,0.120942078432535,0.434150989388271,4.21441589792371e-18
2011-01-06,4.12093846766158e-20,0,0.443943732271971,0,0.133153288653602,0.422902979074427,2.08645853348787e-17
2011-01-07,0,3.13229893669197e-17,0.441609231605585,0,0.129912306360132,0.428478462034283,5.97895595511458e-19
2011-01-09,0,0,0.446848326689434,0.0131947389292081,0.127722279068028,0.41223465531333,0
2011-01-13,3.46944695195361e-18,1.21107799027446e-17,0.452882949431717,0.021213539339427,0.129660822733226,0.396242688495629,0
2011-01-14,0,0,0.450658052224248,0.0250489829038561,0.127899770150185,0.396393194721711,0
2011-01-18,0,3.21629567527708e-18,0.437791896464033,0.0431467118061269,0.105122059825558,0.413939331904282,2.53743337379461e-18
2011-01-19,0,0,0.437004066804188,0.0421185987722342,0.105926817269514,0.414950517154064,0
2011-01-20,0,0,0.436508077949072,0.0458478129236736,0.10794843432477,0.409695674802485,0
2011-01-21,0.0163298901178847,0,0.418243581526716,0.0494549037264931,0.108557735383518,0.407413889245387,0
2011-01-24,0.0257814513445437,0,0.427163137431799,0.0499355911526219,0.113436946744913,0.383682873326122,0
2011-01-25,0.025830038536485,7.43586652382837e-18,0.42436924239697,0.0461080108776037,0.130308210331925,0.373384497857016,0
2011-01-26,0.0245885892408991,0,0.435998394822349,0.0402158473687869,0.131431403103921,0.367765765464045,0
2011-01-27,0.0339151463216857,0,0.42085338096218,0.0567813870361317,0.127610896255636,0.360839189424367,0
2011-01-28,0.0349337822644733,5.65380326387959e-18,0.423340865072076,0.0610269279503566,0.114900969867659,0.365797454845435,0
2011-01-31,0.0409425559919561,9.72182880008244e-18,0.419987254796548,0.0524859833886384,0.1307438622666,0.355840343556257,0
2011-02-02,0.0402968961809231,7.25553462246995e-18,0.418362247680716,0.0531728140579164,0.130317788121602,0.357850253958843,0
2011-02-03,0.0399039322418253,1.7806342519881e-17,0.419552945663308,0.0555283549283764,0.128967444513334,0.356047322653156,0
2011-02-05,0.0409341597582571,8.71960736786197e-18,0.419420028366308,0.0514206346074465,0.132142229893472,0.356082947374517,0
2011-02-08,0.0410691351161507,0,0.422119899821384,0.0532582068551975,0.11479573152612,0.368757026681148,2.29389954924333e-17
2011-02-09,0.023416695498234,0,0.47135508176238,0.0533932616553545,0.120133916491282,0.33170104459275,0
2011-02-11,0.0451145276678268,1.20749103764922e-17,0.471171984392225,0.0814628388939346,0.0658096041188945,0.336441044927119,0
2011-02-12,0.0450745850447305,2.37497425799679e-18,0.491065758564098,0.0718193907139654,0.0356222182106359,0.35641804746657,0
2011-02-14,0.0416589464023519,6.17107853365294e-18,0.485564995553796,0.0743927762877398,0.0413585296135025,0.357024752142609,0
2011-02-15,0.0461342979438462,0,0.484171174231096,0.0729110951494632,0.0357330166810338,0.361050415994561,0
2011-02-16,0.0494793555807201,0,0.477381990183314,0.0679851822033684,0.0337710800400633,0.371382391992534,0
2011-02-17,0.0501533691170629,1.01140769927417e-17,0.482091429575495,0.0688300475964772,0.0286740277809192,0.370251125930045,0
2011-02-18,0.0561606610194778,0,0.48575190138491,0.0729773924995056,0.0206156747781906,0.364494370317916,0
2011-02-22,0.0563529443587419,0,0.485882863442672,0.0736192454479259,0.0203206475953794,0.363824299155281,0
2011-02-23,0.0565411644565978,2.98970140482865e-18,0.483820444751499,0.0919607819087976,0.00611649286114303,0.361561116021963,0
2011-02-24,0.0566172900943849,0,0.465866154938586,0.100392622080635,0.00947587206657983,0.367648060819814,0
2011-02-25,0.0648529661210816,0,0.454895832757372,0.0943303619685633,0.0163834343701923,0.369537404782791,0
2011-02-28,0.0240710307158441,0,0.335192295356881,0.184592776508955,0.0254503860213679,0.268067830701349,0.162625680695603
2011-03-01,0.0213332332586317,0,0.310341354727182,0.179543094501805,0.0456754203834256,0.278145618214555,0.164961278914401
2011-03-02,0.0354194215451247,0,0.303112721653319,0.182434654761156,0.0634082113237646,0.274586338049695,0.141038652666942
2011-03-03,0.0354831930192523,0,0.303151098721141,0.181702681773652,0.0638860169145149,0.274761591562218,0.141015418009222
2011-03-06,0.0326727524413408,0,0.299899090035405,0.179371063744758,0.0650269911933341,0.280378825315992,0.14265127726917
2011-03-08,0.0302566702260189,0,0.291017603210088,0.196670696144163,0.0542188739023774,0.270332975432206,0.157503181085147
2011-03-10,0.0235112310789712,0,0.298450162942452,0.202179861356418,0.0259101249654767,0.283452321161106,0.166496298495575
2011-03-11,0.00696257793941722,0,0.297454148754783,0.215741216619484,0.0305701245438749,0.283168513151125,0.166103418991316
2011-03-14,0.00671769224070795,0,0.297437647849386,0.217828341481586,0.0330519685095755,0.285295185156558,0.159669164762187
2011-03-15,0,8.24009133185133e-18,0.282426944416239,0.22930322362461,0.0362179790095846,0.299996151038726,0.152055701910841
2011-03-16,0,0,0.275002999461135,0.236283249941009,0.0257947396670774,0.308849861696135,0.154069149234643
2011-03-17,0,2.29795330582338e-18,0.273267130390902,0.239516976007169,0.0172837495781144,0.311811837979313,0.158120306044501
2011-03-18,0,2.31090896957093e-18,0.275126488440047,0.235461293012674,0.0174667282331027,0.31307221148554,0.158873278828637
2011-03-21,0,5.91978241053761e-19,0.276527854186261,0.226445993589236,0.0287002571804479,0.322030025014148,0.146295870029907
2011-03-24,3.0542144010633e-05,0,0.259293192553186,0.235017922276442,0.0353183390618938,0.335265038488328,0.13507496547614
2011-03-28,0,0,0.256448036335647,0.230486480933602,0.0354573978276333,0.341406318827846,0.136201766075272
2011-03-29,0,0,0.231482997751597,0.246445133887606,0.0648114846797247,0.340605159702948,0.116655223978124
2011-03-30,8.67361737988403e-19,0,0.231778278428117,0.243702691605216,0.0623885593119091,0.351122048346791,0.111008422307967
2011-03-31,0,0,0.235620439810918,0.239425731665957,0.059005019673773,0.363154980181269,0.102793828668082
2011-04-01,0.00810056386851467,1.38777878078145e-17,0.341694753005591,0.193802035941173,0.0631087670675788,0.321807199686941,0.0714866804302018
2011-04-02,0.00951479968844584,0,0.341019693916104,0.199089249273515,0.0632835545549597,0.31991399899967,0.0671787035673058
2011-04-03,0.00814725120476469,0,0.34061019082818,0.198539191847564,0.0650262743159585,0.31608946126783,0.0715876305357032
2011-04-04,0.00701086416580657,0,0.341045114805043,0.200616788055836,0.0627983751123137,0.316929457754457,0.0715994001065444
2011-04-05,0.00584134709498925,0,0.33197945582115,0.218821299002894,0.0560051323976077,0.31799086479942,0.069361900883939
2011-04-08,0.0188276128456714,0,0.301938616649899,0.26467927796912,0.0583336771246471,0.330216542173399,0.0260042732372635
2011-04-10,0.00623488525770213,0,0.298242711703918,0.288561168179824,0.0523495864323268,0.328354851097123,0.0262567973291055
2011-04-11,0.00613733318851641,0,0.297277523288331,0.288590078090848,0.0540875791133506,0.328273034808432,0.0256344515105215
2011-04-13,0.00510699051463291,0,0.303441889394666,0.281789286679866,0.0428307811699451,0.334416328974985,0.0324147232659053
2011-04-15,0.00170136741077158,0,0.267098125741277,0.344958183729842,0.036984779835805,0.312788140580583,0.0364694027017213
2011-04-18,0.00237087916882001,0,0.284403589614947,0.319472506225844,0.001331829732008,0.36193972179566,0.0304814734627212
2011-04-19,0.00139946170628695,0,0.278130460301206,0.323265797362403,0,0.365057245409249,0.0321470352208543
2011-04-20,0.00467362595964938,0,0.279181732899669,0.314115423619461,0,0.371587706719875,0.0304415108013464
2011-04-21,0.00400613884890443,0,0.276966185149331,0.299768049271022,0.00242416974864499,0.377176877990244,0.0396585789918532
2011-04-26,0.00413273353776234,3.65777223662275e-19,0.288869905771517,0.292154205917344,0,0.378993903120009,0.0358492516533678
2011-04-27,0.0154938683771592,0,0.286730642963446,0.290159757190058,0,0.384184996176702,0.0234307352926352
2011-05-01,0.0146694813387244,0,0.286111151482742,0.290933861293032,0,0.38586182282873,0.0224236830567717
2011-05-04,0.0145039668103147,0,0.287597846846622,0.28980869409602,0,0.385388082620504,0.022701409626539
2011-05-05,0.0124838433849099,2.17932106347557e-18,0.300238751224917,0.281281158246809,0,0.386755211500047,0.0192410356433176
2011-05-07,0.0148590536549001,0,0.27449187911005,0.309005531843327,0.0107966804496906,0.379367361341364,0.0114794936006679
2011-05-08,0.0134220138759688,0,0.235404015516355,0.366163962875462,0.0064982868983711,0.361127909014607,0.0173838118192374
2011-05-10,0.0137932704362629,0,0.235848971222184,0.366643289437079,0.00402563114861634,0.362690306102636,0.0169985316532225
2011-05-12,0.02499868266116,0,0.252252338600314,0.35036706021395,0.000331968614261713,0.371249504518374,0.000800445391940019
2011-05-13,0.0251389587389586,5.85287752640553e-20,0.249070083966277,0.343485197337796,0.00491841471221551,0.377387345244753,0
2011-05-16,0.0245248648233999,0,0.248165631385692,0.341599265024617,0.00593221142547438,0.379778027340816,0
2011-05-17,0.031038386348983,0,0.245620760552219,0.346642336857124,0.00299496958529531,0.373703546656379,0
2011-05-18,0.0301289491298829,1.21321054684547e-19,0.250877461831988,0.34077075574494,0.00331439895322557,0.374908434339964,0
2011-05-19,0.0310534925032826,1.43137745550791e-17,0.24976934705786,0.343504511638671,0.0025998143909485,0.373072834409238,0
2011-05-20,0.029816831725635,0,0.235855861679422,0.356455484615471,0.0087696153298952,0.368659191649763,0.000443014999813439
2011-05-23,0.0302106122637266,0,0.272090745250947,0.312698200849488,0.00534850883364672,0.379651932802191,0
2011-05-24,0.0305031017786426,1.37405377962824e-18,0.265616414305062,0.316670528357704,0.00393096509254273,0.383278990466049,0
2011-05-25,0.032074114775089,4.36858687290647e-19,0.2666031303937,0.311223043234618,0.00507773440359352,0.385021977192999,0
2011-05-26,0.0296955844440758,0,0.260900268912691,0.319040988258207,0.00919409548239438,0.381169062902632,0
2011-05-27,0.0319443505160795,1.08265220245011e-17,0.261247376212847,0.319626610288762,0.00853542307751755,0.378646239904794,0
2011-05-31,0.0260128332762174,0,0.267206159898248,0.325794557098479,0.0116871721133145,0.369299277613741,0
2011-06-04,0.0234903044582831,1.92809958560613e-20,0.279108173278623,0.322757525176777,0.00864991700686011,0.365994080079456,0
2011-06-05,0.0221416898555134,5.44164926509006e-21,0.277529311515416,0.328725144798404,0.00742685282880311,0.364177001001863,0
2011-06-06,0.0305228837408352,1.40335968390736e-18,0.278476515287857,0.302747915531686,0.0084518181848788,0.379800867254743,0
2011-06-07,0.0261680727234025,1.2174006300078e-17,0.277414904587264,0.301095524381598,0.00707550704829288,0.388245991259443,0
2011-06-09,0.0232621800508248,6.81955094898466e-18,0.281419294916219,0.291892244159579,0.0114351821682144,0.391991098705162,0
2011-06-10,0.0203007745148657,0,0.280904062237936,0.302684153123493,0.00325177840106897,0.392859231722637,0
2011-06-12,0.019857052028248,1.13443818513e-17,0.28366825948993,0.308826830025843,0.000587273654435103,0.387060584801544,0
2011-06-14,0.022241277115072,1.37653787557439e-17,0.284692032272639,0.29650289024134,0,0.396563800370948,2.57768461403671e-19
2011-06-15,0.0220963604117689,0,0.284206565814525,0.291248079509754,0,0.402448994263953,0
2011-06-16,0.0190761442396329,1.86602928980075e-17,0.285609615437977,0.285039144114565,0,0.410275096207825,6.38506051036877e-19
2011-06-17,0.0115097652826777,0,0.295487260235805,0.278984003975897,0.00647733158472296,0.407541638920897,0
2011-06-20,0.0112067029196744,1.42300939003381e-17,0.296284932584866,0.281878675271181,0.00564142142269757,0.404988267801581,0
2011-06-21,0.00501725752442674,2.86678707320912e-18,0.301226705066621,0.286025351870085,0.00263222218220519,0.405098463356663,0
2011-06-22,0.00367118401449504,6.6346147829386e-19,0.315190558453545,0.276097900456747,0.000436645956307508,0.404603711118906,0
2011-06-24,0.00157191994965796,0,0.306839664858485,0.275943689870643,0,0.415644725321214,0
2011-06-27,0.000822935416380653,5.98157842031574e-19,0.321323771977633,0.246779642776609,0,0.431073649829378,0
2011-06-28,0,0,0.328516924360285,0.236676559510385,6.83817418193241e-19,0.43480651612933,0
2011-06-29,0,0,0.343809545124575,0.221347011989462,0,0.434843442885962,0
2011-06-30,0,1.29100027377386e-17,0.351528046529944,0.211583482294587,8.46497082945349e-19,0.436888471175469,0
2011-07-01,0,0,0.33491605327466,0.207279207173272,3.92369992206718e-18,0.457804739552068,1.04106709149245e-18
2011-07-02,0,7.83622350168513e-18,0.331706644024483,0.208642907216072,1.6167706511498e-17,0.459650448759445,0
2011-07-04,0,1.97533564553885e-17,0.331166234684676,0.205594840390385,3.11028889128416e-17,0.463238924924939,1.34472830497788e-18
2011-07-06,0,8.49642882174569e-18,0.322679942920752,0.20853792049461,1.61004772375458e-17,0.468782136584638,0
2011-07-07,0,0,0.325537279736914,0.212589096575367,1.07084708348745e-17,0.461873623687719,2.75479212738184e-21
2011-07-09,0,0,0.2571406232622,0.242184444270296,0,0.500674932467504,0
2011-07-10,1.1085882510775e-18,0,0.285356445273298,0.158151080145202,2.51625835138891e-17,0.5564924745815,0
2011-07-11,0,0,0.292519382713859,0.161978513513302,0,0.545502103772839,2.04851518761585e-18
2011-07-12,0,0,0.293614102472686,0.164365453154065,2.25205320808048e-19,0.542020444373248,0
2011-07-13,0,0,0.293779221247211,0.167449480341714,0,0.538771298411075,9.1010036864254e-18
2011-07-14,3.4143565827014e-19,0,0.297192335670983,0.169933400742291,2.09123209399253e-17,0.532874263586726,6.74380408567513e-18
2011-07-15,0,0,0.291242968845315,0.169889207763982,0,0.538867823390703,2.8316378228836e-20
2011-07-18,0,0,0.304144119115163,0.156135998389092,9.9529375978481e-18,0.539719882495745,7.95663183868795e-19
2011-07-19,0,0,0.301415118165563,0.152553717278025,0,0.546031164556412,0
2011-07-20,1.58125183685374e-18,0,0.297738454348518,0.153598886809369,3.70299851180072e-19,0.548662658842113,1.0562504776588e-17
2011-07-21,0,0,0.302891422078602,0.15987023361974,0,0.537238344301658,7.62488473535561e-18
2011-07-22,2.718291302665e-18,0,0.311506695732853,0.155272575380242,1.35118566265765e-17,0.533220728886905,0
2011-07-25,0,0,0.312364477683324,0.159556433127692,2.44571508662074e-19,0.528079089188984,0
2011-07-26,1.51067523770626e-18,0,0.307067850683333,0.168946271076329,1.27094462045143e-17,0.523985878240338,0
2011-07-27,5.82219784298449e-19,0,0.311990030364242,0.166681984539061,0,0.521327985096697,2.83014773585495e-17
2011-07-28,0,0,0.311634745743893,0.165832060620833,2.46452498493784e-18,0.522533193635274,1.23568747397867e-17
2011-08-02,0,0,0.309627713524881,0.167131349920885,0,0.523240936554233,1.29031026360385e-17
2011-08-03,1.6123728142394e-18,0,0.281781516806616,0.167324509089039,9.38859564265335e-18,0.550893974104345,6.79540809897198e-19
2011-08-04,0,0,0.284332485838564,0.169371848530072,0,0.546295665631365,0
2011-08-06,1.6499131457237e-18,0,0.286557516324292,0.165415376861232,0,0.548027106814477,2.23555111534939e-17
2011-08-07,5.23808646572336e-19,0,0.289674956728303,0.162879596400186,1.05541680086053e-17,0.547445446871511,3.44354830986902e-17
2011-08-08,0,0.0340870905863053,0.350696215558341,0.0164899343621259,2.16457568589445e-18,0.598726759493227,1.86913997852428e-18
2011-08-09,0,0.0427880540233914,0.340436070355169,0.0124041514773102,1.47644441298599e-17,0.604371724144129,4.57919252537668e-19
2011-08-11,0,0.0457469263391677,0.342526428158266,0.013114310580839,0,0.598612334921727,9.41018981224147e-18
2011-08-16,0,0.0456182184669295,0.336515123077588,0.0150328765027229,1.16497332296922e-17,0.60283378195276,2.81033893814004e-18
2011-08-17,0,0.129296269812666,0.310439399115975,0.0727810840085978,4.68454732100783e-17,0.487483247062761,0
2011-08-18,0,0.142023876194167,0.388782777174139,0.11503189053484,5.18172886288168e-17,0.354161456096853,0
2011-08-19,3.46944695195361e-18,0.134299374954579,0.408972344660678,0.108168672070149,2.77688388828321e-17,0.348559608314594,1.22052818841593e-17
2011-08-22,0,0.13295830892389,0.424005829168661,0.106332805593648,0,0.336703056313801,0
2011-08-23,0,0.137652054928163,0.43193253189556,0.112607288808717,0,0.31780812436756,0
2011-08-24,0,0.141039868890128,0.42968656212904,0.111991930396535,1.29591556030387e-18,0.317281638584297,0
2011-08-25,0,0.133176530070858,0.413929057037448,0.109143824516031,8.69378170069811e-18,0.343750588375664,0
2011-08-26,0,0.131032563640934,0.419920742454634,0.105645012042004,1.07738060339593e-18,0.343401681862428,8.3641256920733e-18
2011-08-29,0,0.130699855703987,0.426976323109884,0.100378922611933,3.98353446265686e-17,0.341944898574196,8.99427619914833e-18
2011-08-30,0,0.135298693224746,0.389137810576257,0.122119239496173,4.37273131654739e-17,0.353444256702824,0
2011-08-31,0,0.140835771890345,0.43633372629274,0.126122137860852,1.70395858395592e-17,0.296708363956064,0
2011-09-02,0,0.124588592818901,0.462911159016554,0.107574007466226,0,0.286064562261687,0.0188616784366326
2011-09-03,0,0.149418213355485,0.451994699381376,0.10355500781829,9.39633546410984e-18,0.284718334645244,0.0103137447996055
2011-09-05,0,0.144872441389765,0.455612690040456,0.103720047863221,9.60277562139226e-18,0.280154169405289,0.0156406513012697
2011-09-06,0,0.143421692623766,0.458706174289676,0.101835909893264,1.54972190551136e-17,0.280856088118612,0.0151801350746824
2011-09-08,0,0.184395636955132,0.432150395297867,0.139826520003057,0,0.233173725696676,0.0104537220472678
2011-09-09,0,0.15472876910339,0.453465773705047,0.160383581481117,0,0.220565930026823,0.0108559456836235
2011-09-11,0,0.162680131337518,0.456421255405085,0.156687042450408,1.80478443071098e-17,0.224211570806989,0
2011-09-12,0,0.157639150801289,0.459266545833312,0.160608831699964,1.72521127012742e-18,0.222485471665435,0
2011-09-13,0,0.155873629773988,0.462349180268069,0.164360711595827,0,0.217416478362115,1.08486989595276e-17
2011-09-14,0,0.15220459425489,0.465047438762418,0.166327161014916,1.51721791872221e-18,0.216420805967776,9.50837748430014e-19
2011-09-15,0,0.0476683529214897,0.493732260551963,0.18199629335308,6.63060566879891e-18,0.227095682348304,0.049507410825163
2011-09-16,4.67513095941641e-20,0.0437074013393061,0.493798922758701,0.181758920120101,0,0.230682370074566,0.0500523857073251
2011-09-19,0,0.00958697160563996,0.513174338417701,0.172578511912018,0,0.228279356320236,0.0763808217444053
2011-09-20,0,0.0338762601657291,0.508039361379246,0.177258072387517,0,0.219070514700646,0.0617557913668618
2011-09-21,0,0.0292527207682038,0.532595898147697,0.179121178196063,0,0.196830545171856,0.0621996577161799
2011-09-22,0,0.0324253216103848,0.661361771052498,0.110348049208705,1.79917415972315e-18,0.154600452368821,0.0412644057595923
2011-09-23,0,0.0517854784864718,0.682117228565762,0.0963572431849578,0,0.128178483325936,0.0415615664368724
2011-09-26,0,0.0556762870583889,0.678607527597006,0.104686836714803,3.67350505555082e-18,0.117143454930569,0.0438858936992329
2011-09-27,0,1.54547812949403e-17,0.660886489087509,0.116498863955206,6.88677741916077e-18,0.154997338434666,0.0676173085226185
2011-09-28,0,6.13233896200882e-20,0.656135581689969,0.115904377478698,1.89134145500884e-17,0.15767018818345,0.0702898526478827
2011-09-29,0,0,0.648174808631513,0.115817535484406,2.28553776429745e-18,0.17508439184463,0.060923264039451
2011-09-30,4.33680868994202e-19,0,0.647021704038589,0.116869129664769,0,0.17534103323659,0.0607681330600512
2011-10-01,0,2.06740411600389e-18,0.646036528422581,0.115551212959258,9.68518979632012e-18,0.1771756150947,0.0612366435234611
2011-10-02,0,0,0.654781775344516,0.111979285352044,5.66015680645445e-19,0.168126777681396,0.0651121616220443
2011-10-03,0,0,0.650406384530316,0.115971863656322,7.5923613598186e-18,0.168926211620129,0.0646955401932335
2011-10-05,0,3.38333675065053e-18,0.675962663241108,0.10601010159712,0,0.153248620650262,0.0647786145115092
2011-10-06,0,0,0.673182105693612,0.109261928537063,6.06249342255486e-19,0.154317650084946,0.063238315684379
2011-10-08,0,0,0.665218801759073,0.108535843348256,0,0.161424827038668,0.0648205278540033
2011-10-10,0,0,0.670988474052467,0.0992603200604577,0,0.157975874548546,0.0717753313385294
2011-10-11,0,0,0.666842615588788,0.0999329281821746,0,0.161519547896296,0.0717049083327412
2011-10-13,0,0,0.622016822020348,0.126830452266376,0,0.203961370187184,0.0471913555260923
2011-10-14,0,2.06859809083981e-18,0.617079644259301,0.129902280930224,0,0.207452703133628,0.0455653716768475
2011-10-17,0,0,0.611556966148305,0.133845467405126,0,0.208272253056405,0.0463253133901639
2011-10-18,0,3.10579308882388e-19,0.611722506790238,0.135861645579221,5.6371682000877e-18,0.200468901209498,0.0519469464210419
2011-10-19,0,1.20400860364883e-18,0.612565587465099,0.140579315445904,0,0.193868199522241,0.0529868975667549
2011-10-20,0.00289251324833419,0,0.623361035611553,0.133249047137344,1.75463998025917e-18,0.195308819540303,0.0451885844624654
2011-10-21,0,0,0.635247181444392,0.125920165472246,0,0.200339501234747,0.0384931518486158
2011-10-24,0,4.97650671479107e-22,0.635108371259169,0.126080993026834,0,0.199210905159775,0.0395997305542229
2011-10-25,0.00122195567368195,0,0.627309760758738,0.127527261224428,0,0.205863581450387,0.0380774408927645
2011-10-27,0.00492922643165064,0,0.726044441537368,0.0709650434581351,0,0.161048196110775,0.0370130924620719
2011-10-31,0.0025910522326378,0,0.739308269020427,0.0614654753238109,2.49553446058825e-17,0.163416170966345,0.0332190324567797
2011-11-01,0.00327338331220751,0,0.721621939991639,0.0656507936081331,0,0.177821833206779,0.0316320498812412
2011-11-02,0.00434674101570791,0,0.705639888731189,0.070588998537101,7.48430471179059e-19,0.186735505711025,0.0326888660049767
2011-11-03,0.00510136250496894,0,0.706417912312379,0.0677218070118038,3.31707845281613e-17,0.188495537855529,0.03226338031532
2011-11-04,0.00439426031998145,1.38777878078145e-17,0.70489871090338,0.0683714284246208,1.36183814724219e-17,0.189719060953247,0.0326165393987707
2011-11-05,0.00313818614153606,0,0.702581370255228,0.0743421361487774,5.17316328910632e-18,0.187583821070395,0.0323544863840628
2011-11-07,0.0033681204400098,1.38777878078145e-17,0.701521192409014,0.0751721311329318,5.60675869898118e-18,0.192849576811828,0.0270889792062157
2011-11-08,0.00286793496789597,1.38777878078145e-17,0.701258133775672,0.0818997306418616,0,0.186146123319552,0.0278280772950176
2011-11-10,0.00401629367272983,0,0.70059431373238,0.0815905466358773,4.77470714345988e-17,0.186867145174473,0.0269317007845401
2011-11-14,0.00241487466061839,0,0.717641181081755,0.0852925167561246,0,0.164771813637383,0.0298796138641191
2011-11-15,0,0,0.715979973707853,0.0887312209335397,0,0.168020875288494,0.0272679300701136
2011-11-16,0,0,0.716670129410734,0.0963884663517583,1.19874701857215e-18,0.153268824310968,0.0336725799265401
2011-11-17,0,1.38837823265199e-17,0.706106515339192,0.106749455415831,1.52323602078034e-17,0.152514967871574,0.0346290613734033
2011-11-18,0,0,0.711686492488628,0.10099185512878,3.33112179296344e-17,0.149634630222928,0.037687022159664
2011-11-21,0.00673703073752558,0,0.713977137576031,0.0929411235318913,0,0.144393680307533,0.0419510278470185
2011-11-22,0.00298337300186226,0,0.685899459849421,0.16146914540639,0,0.0991569892586006,0.050491032483726
2011-11-23,0.00702929843455178,0,0.708678625505126,0.148968073649754,0,0.081236906344676,0.0540870960658924
2011-11-25,0.00473309993331315,0,0.671558513793613,0.185307664142476,0,0.0831723257385088,0.0552283963920886
2011-11-28,0.00602902894401533,0,0.617288784744937,0.214126131470525,0,0.0953397864282455,0.0672162684122774
2011-11-29,0.00580244377152588,1.78840774792342e-18,0.61431905586306,0.215534748335304,0,0.0972268541670499,0.0671168978630607
2011-11-30,0.00662337991900574,3.46325732494684e-17,0.622398687252372,0.222655551999576,0,0.0807091059431331,0.067613274885913
2011-12-01,0,0,0.598486176200423,0.240461349280734,4.39766799053653e-20,0.107493879743383,0.0535585947754597
2011-12-04,0.000533815668109004,8.76373938428898e-18,0.596788559307472,0.243029782014998,0,0.10634222651183,0.0533056164975908
2011-12-05,0.000630696447884632,1.60751199876771e-17,0.596903156199965,0.242069452917668,0,0.10374397068634,0.0566527237481428
2011-12-07,0.00249658307995878,0,0.595783959770308,0.238498044932045,0,0.0997753548448688,0.0634460573728188
2011-12-08,0.0120432127252801,0,0.575850181429074,0.237113581094677,0,0.120735288732121,0.0542577360188482
2011-12-09,0.00572789162787633,3.0673121602683e-20,0.55599324990283,0.268389839908004,0,0.133172995809463,0.0367160227518269
2011-12-10,8.18792014094239e-05,7.18924639183336e-18,0.558824192999644,0.27312587443194,0,0.131108354629121,0.0368596987378862
2011-12-12,0,7.13614191627391e-18,0.562520322016725,0.273787754728691,0,0.128957514287011,0.0347344089675727
2011-12-13,0,9.57336439555307e-18,0.563781297925567,0.272949044452021,0,0.128326904485323,0.0349427531370894
2011-12-14,0,1.09665579403328e-17,0.565408511713212,0.2713621146411,0,0.128191964132728,0.0350374095129594
2011-12-15,0,0,0.571928673214419,0.261568508143408,6.16019488400996e-18,0.132456481304936,0.0340463373372371
2011-12-16,0,0,0.567722579480787,0.258743349657645,0,0.143888282525749,0.0296457883358192
2011-12-19,0,0,0.562282980993202,0.261108174206872,0,0.149350136572825,0.0272587082271012
2011-12-20,0,0,0.532129803267137,0.29644227637099,1.31290432114173e-19,0.146789759242368,0.0246381611195043
2011-12-21,0,0,0.486790031735567,0.402332426648734,1.79306945429637e-17,0.110877541615699,0
2011-12-22,7.92021338128222e-20,4.50378880000049e-18,0.487822544874056,0.402395879957808,0,0.109781575168135,0
2011-12-23,0,0,0.485598223987089,0.40263464779212,5.83747688361145e-18,0.111767128220791,0
2011-12-27,7.97434121630214e-20,0,0.475940106247324,0.412627984659961,8.3531179880977e-19,0.111431909092715,0
2011-12-28,0,0,0.48396457887313,0.38558612502996,1.01287594727193e-17,0.13044929609691,0
2011-12-29,0,0,0.478355518738626,0.353267988157576,7.01073037161303e-18,0.168376493103798,0
2012-01-02,0,0,0.469509589798071,0.361740498629303,0,0.168749911572627,7.02921333119813e-18
2012-01-03,0,2.64193960421632e-17,0.459162060958118,0.368755739077956,1.25360115049717e-17,0.172082199963927,1.49980564503807e-19
2012-01-06,0,0,0.421497180175481,0.372252200735936,7.94323965193552e-18,0.206250619088583,0
2012-01-08,1.98253151740021e-19,3.88206261274732e-18,0.43407103682925,0.363477298592491,2.49300410970012e-17,0.202451664578259,0
2012-01-10,1.98998692121866e-20,5.58831942043702e-18,0.430998557104212,0.36655039252644,1.94837845400048e-17,0.202451050369348,0
2012-01-13,3.28108440806905e-19,0,0.427861711124353,0.369079602488897,0,0.20305868638675,0
2012-01-17,0,2.15612942068588e-17,0.42799753237204,0.372317663898464,2.98810828310321e-17,0.199684803729496,0
2012-01-18,0,0,0.457063114292314,0.347669348641623,0,0.195267537066063,8.79099119922506e-20
2012-01-19,3.46944695195361e-18,0,0.43104729679103,0.354234380996473,1.81162431352315e-17,0.214718322212497,0
2012-01-20,0,1.35633181109988e-17,0.432731091642148,0.35341195733807,0,0.213856951019782,1.47453839946523e-19
2012-01-23,0,1.25858404054804e-17,0.423978253513301,0.364912844405785,0,0.211108902080915,0
2012-01-24,0,2.63896939505263e-18,0.42452454006896,0.363246619359039,0,0.212228840572001,0
2012-01-25,0,3.57898480451862e-17,0.42528370169111,0.362325886380973,1.69331312914702e-17,0.212390411927917,0
2012-01-26,0,0,0.467799930869751,0.302343590807494,0,0.229856478322755,0
2012-01-27,0,3.43197474312123e-17,0.460669111293814,0.291065368790048,0,0.248265519916137,0
2012-01-30,1.02072781500769e-19,0,0.444253936717029,0.310168848616599,2.34091130545763e-17,0.245577214666373,0
2012-01-31,0,2.83321572851625e-17,0.448797291206382,0.306315100820329,0,0.244887607973289,0
2012-02-02,3.05690677066475e-21,0,0.445606207018577,0.312843315193387,2.8816838818233e-17,0.241550477788036,0
2012-02-03,0,0,0.447428775758674,0.312048078692383,0,0.240523145548943,0
2012-02-04,0,1.01652241900052e-17,0.445046939481887,0.307978060016198,3.51381708005195e-17,0.246975000501915,0
2012-02-05,6.84237979567366e-18,0,0.448623024208682,0.304069568516391,0,0.247307407274928,0
2012-02-07,0,3.36703601788866e-17,0.403451177018228,0.327322281766949,2.26945853410848e-17,0.269226541214823,0
2012-02-08,6.5756709101276e-18,0,0.408960365952172,0.322679480489339,2.19542121766177e-17,0.268360153558489,0
2012-02-10,1.13406280741292e-19,2.52945396396966e-17,0.404538260497156,0.319643947325313,3.00928960759804e-17,0.275817792177531,0
2012-02-11,3.85510968070958e-19,1.17074647409079e-18,0.403858681949993,0.317782195936752,9.15542185246646e-18,0.278359122113255,0
2012-02-13,0,0,0.403396180418723,0.325179867422489,2.06053025359679e-17,0.271423952158788,0
2012-02-14,2.7060962916441e-19,1.15886508586475e-17,0.399339799445802,0.32500351415529,1.61386266860405e-17,0.275656686398909,0
2012-02-15,0,0,0.404865525273908,0.323800284746219,0,0.271334189979873,0
2012-02-16,0,5.02400634415825e-17,0.407290296297788,0.32175148155977,1.39405400024411e-18,0.270958222142442,0
2012-02-17,0,0,0.407160877423604,0.325462689386069,0,0.267376433190326,0
2012-02-21,0,4.25192837990357e-17,0.410931662673643,0.322354861639447,6.5926827389417e-19,0.26671347568691,0
2012-02-22,0,0,0.409758857217909,0.323051433833299,0,0.267189708948792,0
2012-02-23,0,1.40860184900521e-17,0.407680883761433,0.322657646394694,7.85351301031086e-19,0.269661469843872,0
2012-02-24,0,4.40275485967275e-17,0.406720963390539,0.324095295980662,3.14720104242663e-19,0.269183740628799,0
2012-02-28,7.27488406076844e-20,0,0.412868000150872,0.321320551085056,2.20065130597734e-19,0.265811448764073,0
2012-02-29,0,0,0.41372918523329,0.320145561894745,0,0.266125252871965,0
2012-03-02,1.81020656128157e-18,2.64271640953897e-17,0.422111718727128,0.303642749713868,0,0.274245531559004,0
2012-03-04,0,4.17694071213387e-17,0.416073989749473,0.32185313394498,0,0.262072876305547,0
2012-03-07,0,1.03036703956877e-17,0.419596134867774,0.313358056762427,3.76859445368072e-19,0.267045808369799,0
2012-03-08,0,0,0.430851370368502,0.307212089931032,2.87123177390078e-19,0.261936539700466,0
2012-03-10,0,3.43175504085952e-17,0.429298265459126,0.305280668286151,1.70633154208752e-18,0.265421066254723,0
2012-03-12,0,0,0.430493510776493,0.307520222055614,5.85441215313433e-19,0.261986267167893,0
2012-03-13,0,0,0.429732000356528,0.306742561607508,0,0.263525438035965,0
2012-03-14,0,5.23929605066694e-19,0.435541437776632,0.297358485929317,2.81123676999273e-18,0.267100076294051,0
2012-03-15,0,0,0.426144320575447,0.305643984742667,0,0.268211694681886,0
2012-03-16,0,7.30464120628612e-17,0.417666481038558,0.317260627537891,0,0.265072891423551,0
2012-03-19,6.59406072507236e-18,0,0.413136365458252,0.32065939563522,0,0.266204238906528,0
2012-03-20,1.35876525899767e-18,3.62570416392353e-17,0.414088351667909,0.320967244356449,8.16950920485109e-19,0.264944403975642,0
2012-03-21,2.76512338429687e-19,0,0.305208643424634,0.382867157930335,0,0.311924198645031,0
2012-03-22,2.5716870575331e-19,0.00983309476481768,0.280270846463142,0.399950456621327,0.005631926549064,0.304313675601649,0
2012-03-23,1.00979657667043e-19,0.00668184553872256,0.295624530069296,0.397689178913137,0.00743326132847824,0.292571184150367,0
2012-03-26,6.87441711073979e-18,0.00454320892603483,0.298803748441949,0.39734854103863,0.0102743005387453,0.289030201054642,0
2012-03-27,1.1673782580955e-19,0.003376211146217,0.298690515099947,0.40096527222602,0.00997518163718578,0.28699281989063,0
2012-03-28,7.99802097615555e-20,0.00556780787148858,0.299206313755536,0.402768571250839,0.00670596103373099,0.285751346088405,0
2012-03-29,2.39780170247073e-20,0.00700340601607462,0.295172374649444,0.401044949258568,0.0085983124004317,0.288180957675481,0
2012-03-30,0,0.0242404923866746,0.295685047442458,0.39082196248952,0,0.289252497681347,0
2012-04-01,0,0.0240088043908868,0.293730662917466,0.397774104120125,0,0.284486428571523,0
2012-04-04,0,0.0224512382384765,0.293409357255176,0.398655353315684,0.000740543159516329,0.284743508031147,0
2012-04-05,1.45266853581218e-19,0.0203218746377082,0.293592529743383,0.391817926840202,0,0.294267668778707,1.96027369568005e-19
2012-04-09,2.05172947391618e-19,0.0242608830014552,0.295092723860847,0.39125519879877,0.000184038725578261,0.28920715561335,0
2012-04-10,4.7385770642376e-19,0.0176146581350387,0.295193201085039,0.371819445602452,0,0.315372695177471,1.97781673141992e-18
2012-04-12,0,0.0192115138569681,0.293998320402484,0.373304063145843,0,0.313486102594705,0
2012-04-17,0,0.0161716241545807,0.296951689556182,0.376874919423762,0,0.310001766865475,2.25660697914258e-18
2012-04-18,2.38473267128329e-19,0.0059595294917143,0.293990631028613,0.371995865386864,0.0203228153138305,0.307731158778979,0
2012-04-19,0,0.0101827628441794,0.295898213405372,0.372790719293279,0.020209978749987,0.300918325707182,0
2012-04-20,0,0.022808989702138,0.260103327666839,0.382300768681189,0,0.334786913949833,9.63315548182197e-20
2012-04-23,5.90321813490299e-20,0.0164488927174725,0.284091919282794,0.371038444602967,0,0.328420743396767,1.65603960922502e-18
2012-04-24,0,0,0.317004693639134,0.359397654308124,6.76826011845527e-20,0.323597652052742,2.58003273319762e-18
2012-04-25,1.33153190659011e-18,8.67361737988404e-19,0.31921881226439,0.355898778976904,0,0.324882408758706,7.41221752867876e-18
2012-05-01,8.99188179608982e-19,0,0.308274802623381,0.343348692680712,1.04538926199076e-18,0.348376504695906,2.78526654385646e-17
2012-05-03,4.49392800511386e-19,0,0.324170078715609,0.333997939822362,0,0.341831981462028,7.98791054551939e-18
2012-05-04,0,0,0.326107841846941,0.329346135459971,0,0.344546022693088,0
2012-05-06,1.9639650565715e-19,0.0159035152407989,0.290699703037066,0.328774677279985,0,0.364622104442149,3.55691767789442e-17
2012-05-07,4.27203317068697e-19,0.00885316612502648,0.296199284869941,0.323582505132804,0,0.371365043872229,1.38075436468094e-17
2012-05-09,2.45102760146164e-18,0.0105052565586061,0.311632288522703,0.337481510202846,0,0.340380944715844,3.18506222618005e-17
2012-05-10,0,0.0571495309453771,0.299648250519533,0.317177259264137,0,0.326024959270953,0
2012-05-11,0,0.0645626870957556,0.292511263233011,0.313741289654142,0,0.329184760017091,0
2012-05-12,3.43674664545189e-18,0.0768544586030683,0.271414138484259,0.315472992142568,0,0.336258410770104,0
2012-05-14,0,0.0722664600605694,0.300399506368106,0.291481860409613,2.71229407609124e-17,0.335852173161712,8.388924145048e-18
2012-05-15,0,0.0739136071178628,0.300412801611579,0.2949274953425,0,0.330746095928058,4.01088419382736e-17
2012-05-16,0,0.0731760826971966,0.304226291453898,0.297520314344151,0,0.325077311504754,0
2012-05-18,0,0.0786403777685459,0.300890394953149,0.310069671621186,0,0.310399555657119,0
2012-05-21,0,0.0765384344788797,0.29154968363351,0.30677850520146,0,0.32513337668615,0
2012-05-22,0,0.0765731272925642,0.314606117434702,0.253567322216309,0,0.355253433056425,3.65010782257239e-17
2012-05-23,0,0.0484181193557646,0.295685297402748,0.238476833301311,0,0.417419749940176,0
2012-05-24,0,0.0469321858354273,0.301100112218525,0.226957406243668,0,0.42501029570238,8.67036090249673e-19
2012-05-25,0,0.0459101526460419,0.3104544242322,0.218854038509449,0,0.42478138461231,1.80937521017404e-17
2012-05-29,0,0.046951973992839,0.307752033130531,0.218943282339718,0,0.426352710536912,0
2012-05-30,0,0.0394355732189124,0.283137852657037,0.246518199921528,7.86473613429826e-18,0.430908374202522,3.76129462004877e-17
2012-05-31,0,0.0427619477428819,0.280709532741255,0.239216498370292,0,0.437312021145571,0
2012-06-02,0,0.0458484287254272,0.285635537912205,0.228587038598393,0,0.439928994763975,0
2012-06-03,0,0.0425355820688934,0.283332628861993,0.233818652700642,1.83682872480088e-18,0.440313136368472,0
2012-06-06,0,0.0214536495703884,0.329652528195126,0.248795047769221,8.68450627478421e-18,0.400098774465264,7.52482392728276e-18
2012-06-07,0,0.0152885366003075,0.330754380216382,0.243277098178541,0,0.410679985004769,0
2012-06-08,0,0.0165213009874094,0.335054299555699,0.23825658271037,0,0.410167816746522,8.625173737339e-18
2012-06-09,0,0.0103662330409054,0.340868919972099,0.23681853254231,0,0.411946314444686,0
2012-06-11,0,0.010142782369014,0.325344201413404,0.241304209548035,0,0.423208806669547,1.42455625091009e-18
2012-06-12,0,0.0094596304821109,0.324869089218286,0.243657120500969,0,0.422014159798634,0
2012-06-13,0,0.0125041342247824,0.331649439310076,0.240798560106428,0,0.415047866358714,8.46692019263199e-18
2012-06-14,0,0.0109399986290722,0.333260118568896,0.240184283776066,1.44278735421813e-17,0.415615599025966,1.82902015555197e-17
2012-06-15,0,0.00781709157085113,0.336833371667761,0.243068280983869,9.15301316319329e-18,0.41228125577752,8.37559419909547e-18
2012-06-18,0,0.0170967091230471,0.318810052076105,0.237313565699802,2.34801356617371e-17,0.426779673101046,0
2012-06-19,0,0.0137131133218726,0.326613478992468,0.226569483393134,2.99526754029392e-17,0.433103924292526,0
2012-06-20,0,0,0.328764408284628,0.227458851793201,8.12507350706703e-18,0.44377673992217,0
2012-06-21,0,0,0.347819755352602,0.223726215517536,8.30593531576964e-18,0.428454029129862,0
2012-06-22,0,5.17447236275174e-21,0.363678017427211,0.200052640868472,7.0572704327128e-18,0.436269341704318,0
2012-06-25,0,1.73174999607062e-19,0.358110475536913,0.201328125158999,0,0.440561399304088,0
2012-06-26,0.00146124973352677,0,0.346474551497291,0.194330786963644,3.39611107083347e-19,0.457733411805539,0
2012-06-27,0.00231532677201779,3.46944695195361e-18,0.355165576586721,0.184206528041491,6.41834893430261e-18,0.45831256859977,1.48011532694639e-18
2012-06-28,0.00265267514944094,0,0.337062332043951,0.19366111617116,5.66503862689792e-18,0.466623876635448,0
2012-06-29,0,1.30303100328846e-22,0.349848485611224,0.177253941977593,0,0.472897572411182,1.95167471324753e-17
2012-07-02,0,1.03026169031307e-18,0.382647685389633,0.167351649695475,1.05383587159495e-17,0.450000664914892,0
2012-07-03,0,0,0.374805184782293,0.169965728640431,9.47437760241832e-18,0.455229086577276,2.53190941415308e-18
2012-07-05,0,2.9826165843989e-19,0.377102111775497,0.168062174643938,5.02470382552951e-18,0.454835713580565,8.79456611780627e-18
2012-07-08,1.0842021724855e-19,0,0.380194734203853,0.166281345480899,1.99300181082089e-18,0.453523920315247,0
2012-07-09,0.00102585927242654,0,0.390215716316846,0.148779807643591,1.22140129357199e-18,0.459978616767137,4.31270454176726e-18
2012-07-11,0.00107513862481348,3.46944695195361e-18,0.39045037109692,0.151751775280527,0,0.45672271499774,6.19053848454107e-18
2012-07-12,0.00185102695214015,0,0.39493455859542,0.150625456853128,7.72916912698934e-18,0.452588957599312,0
2012-07-16,0.00213804370597184,0,0.414337008201773,0.127995775371861,0,0.455529172720394,0
2012-07-17,0.00628877579187301,0,0.413268444910228,0.122398671641673,5.0601114943322e-18,0.458044107656227,0
2012-07-18,0.0080872576983445,3.46944695195361e-18,0.40662828647884,0.127240893570561,1.42330526453397e-18,0.458043562252255,2.5847882994829e-18
2012-07-19,0.00988595330515931,0,0.407433395838625,0.125189197692149,0,0.457491453164067,0
2012-07-20,0.0100922739172846,0,0.410214610024945,0.117093593415352,1.35910390339837e-18,0.462599522642418,0
2012-07-23,0.00596205009166356,0,0.368967860403137,0.104405057903897,1.27114238849932e-17,0.520665031601302,3.26397322106496e-18
2012-07-24,0.0026212160640623,0,0.356132417779729,0.105885971802883,0,0.535360394353326,0
2012-07-25,0.00311975688850229,0,0.355661560341734,0.105483592745544,0,0.53573509002422,9.94451113373923e-18
2012-07-26,0,4.72430006507021e-19,0.350105648978449,0.113633724285473,2.88803505231649e-17,0.536260626736078,0
2012-07-27,0,0,0.357233311798205,0.105168641979124,3.44138545675737e-17,0.537598046222671,1.8691504539165e-17
2012-07-30,0,0,0.344889747540303,0.110950647552589,3.33530157367955e-17,0.544159604907108,3.38757327098092e-18
2012-07-31,0,0,0.344426399911933,0.1087841999019,0,0.546789400186167,8.12837844275286e-18
2012-08-02,0.000569687621154283,0,0.344043504552241,0.111092777496469,4.5867969404375e-17,0.544294030330135,9.22142947942105e-18
2012-08-03,0,0,0.368506393546876,0.10001782168805,0,0.531475784765074,0
2012-08-05,5.42101086242752e-20,0,0.368791595517978,0.100035829560402,0,0.53117257492162,9.97928304620784e-18
2012-08-06,0,3.13197159662362e-21,0.371337768417907,0.0991186032764198,1.14314996319694e-17,0.529543628305673,1.46036423077666e-18
2012-08-08,0.00173446036981606,0,0.385192894069441,0.087907903620672,0,0.525164741940071,0
2012-08-10,0.00148794185022504,0,0.391267380887258,0.0837604759429443,6.93889390390723e-18,0.523484201319572,0
2012-08-11,0,0,0.405052662211418,0.0830101420888557,2.62949687087372e-17,0.511937195699726,0
2012-08-13,0,7.14258039304461e-19,0.401741499935977,0.0893477424123095,0,0.508910757651713,7.36900618027431e-18
2012-08-14,0,0,0.423072544967507,0.0770890898824051,0,0.499838365150088,1.94451161179251e-18
2012-08-16,0,0,0.446011187666383,0.0499974439256367,1.06267229572407e-17,0.50399136840798,0
2012-08-17,4.33680868994202e-19,1.10863000999565e-18,0.449726949168221,0.0514972101298581,0,0.498775840701921,4.26867348872255e-18
2012-08-20,0,1.52989282204269e-18,0.434410621508202,0.0610620988103382,5.89307091075786e-18,0.50452727968146,0
2012-08-21,0,0,0.432754938499461,0.0629287772152984,1.91285135567271e-17,0.50431628428524,0
2012-08-22,0,0,0.431960243386285,0.060947957026529,0,0.507091799587186,9.19619026648736e-18
2012-08-23,0,2.99343275700272e-18,0.43417876287756,0.0612908344844337,0,0.504530402638006,0
2012-08-24,0,9.83723191182806e-20,0.43918396011068,0.0542358135882808,0,0.506580226301039,0
2012-08-27,0,2.61917529037451e-18,0.444968553314647,0.0508942809130478,0,0.504137165772306,1.11632589776757e-17
2012-08-28,0,0,0.445951783741127,0.0439522370947981,5.59315380933124e-18,0.510095979164075,5.04851564790736e-18
2012-08-29,0,0,0.444354233848175,0.0474970775529233,0,0.508148688598901,1.43612805963911e-17
2012-08-30,0,0,0.444281177620621,0.0476053537467643,0,0.508113468632615,0
2012-08-31,0,1.9791366738862e-18,0.445660127259596,0.0568659547446223,6.11362435664282e-18,0.497473917995782,0
2012-09-01,0,0,0.445502071207417,0.0567222161438952,0,0.497775712648688,0
2012-09-02,0,9.09956503939461e-21,0.445462240708947,0.0672957887690672,2.53586791549971e-18,0.487241970521986,2.4679883407391e-18
2012-09-03,0,1.67661403482844e-18,0.433096052667468,0.0735797857411951,1.17475716343707e-17,0.493324161591337,0
2012-09-05,0,0,0.427325432193601,0.0616846207551164,0,0.510989947051283,1.23418148884843e-17
2012-09-07,0,3.27725641331915e-18,0.423937867015278,0.0539392216982013,6.53456588536077e-19,0.52212291128652,0
2012-09-08,0,6.00444312283897e-18,0.419678778213089,0.0564224020260808,0,0.52389881976083,1.73336423771772e-17
2012-09-10,0,3.39145476783682e-18,0.409160278427408,0.0615900686029398,3.31802325179052e-18,0.529249652969652,0
2012-09-11,0,0,0.407556883463479,0.0639781659939565,0,0.528464950542565,7.15124421206594e-18
2012-09-13,0,0,0.407880409695373,0.0571955238152911,0,0.534924066489336,3.0529308627723e-18
2012-09-14,0,0,0.421830893377009,0.0428794303959562,1.74770484299712e-17,0.535289676227035,7.87353920444214e-18
2012-09-17,0,4.7608118073646e-19,0.42050783921494,0.0431286665190169,1.13632637316334e-17,0.536363494266043,1.61483636113677e-19
2012-09-18,0,3.30850815712471e-18,0.443671426849421,0.0449103052539104,0,0.511418267896669,1.39012086290136e-18
2012-09-19,0,6.01283167545625e-18,0.442783081738723,0.0477521953508551,1.02731475021828e-17,0.509464722910422,0
2012-09-20,0,0,0.436782475154631,0.0482016250673318,0,0.515015899778037,5.42270908239103e-18
2012-09-21,0.00194235464652777,0,0.431460409147598,0.0582133480620504,0,0.508383888143824,1.82269148150674e-17
2012-09-24,0.00103723708600197,0,0.424882553780818,0.0604499884620306,0,0.51363022067115,0
2012-09-25,0.000137914055582913,0,0.429832039441254,0.0600459388636151,5.47362188623315e-18,0.509984107639547,0
2012-09-26,0,0,0.401841910815607,0.0785361217200156,0,0.519621967464377,6.41619979795955e-21
2012-09-27,4.33680868994202e-19,2.77900107285236e-18,0.401318688665529,0.0776992800558179,3.63961161477743e-18,0.520982031278654,0
2012-09-28,0,9.49223943085708e-19,0.386973759752708,0.0870774395595215,0,0.525948800687771,0
2012-10-01,0,4.18676389292925e-19,0.385420965412257,0.0930476016635401,1.68348615731413e-17,0.521531432924203,0
2012-10-02,0,5.93089862567087e-18,0.389927526521626,0.0912350467735912,0,0.518837426704783,0
2012-10-04,0.0104177332774819,0,0.400188986268785,0.108067308940069,9.0074729735573e-18,0.481325971513664,0
2012-10-05,0.010127844418859,0,0.394994066260558,0.111210142575128,0,0.483667946745455,0
2012-10-07,0.012088586978276,9.91069393771607e-18,0.396142775986131,0.110205138873853,7.63568628114325e-18,0.48156349816174,0
2012-10-08,0.0118467312992883,0,0.391773435077468,0.114797020429612,0,0.481582813193632,6.93889390390723e-18
2012-10-09,0.0124617443011545,4.74333422411313e-19,0.392692660694726,0.11545466258157,0,0.479390932422549,0
2012-10-10,0.0147115441661603,0,0.426517385819119,0.0878819198902566,0,0.470889150124464,0
2012-10-12,0.0148362934150374,1.46305265477175e-17,0.427963599505363,0.0927157752488984,0,0.464484331830701,0
2012-10-15,0.0175997440467938,0,0.431719414179393,0.0841365627101933,6.93889390390723e-18,0.46654427906362,0
2012-10-16,0.015779032245512,1.80328829308487e-18,0.439950208980565,0.0784685946053924,0,0.465802164168531,0
2012-10-17,0.0154924596671495,0,0.439526000330793,0.0799580997828427,0,0.465023440219215,6.92683368231782e-18
2012-10-18,0.0145056310694465,0,0.419439678082203,0.107116501911719,0,0.458938188936632,3.27261330150388e-18
2012-10-19,0.0151229129127503,6.93889390390723e-18,0.427607067089928,0.105190318560182,3.42333986735631e-17,0.452079701437139,0
2012-10-22,0.0154159824489073,0,0.425627781577186,0.105509285766984,3.03538090921718e-18,0.453446950206923,7.37792517006139e-18
2012-10-23,0.0155169191974136,0,0.42855018334576,0.103535439764679,1.02044042954357e-18,0.452397457692147,0
2012-10-24,0.0160224871699528,0,0.429930952303029,0.0992883637352605,1.64867839171229e-17,0.454758196791758,9.65536256567804e-18
2012-10-25,0.0168113991514458,0,0.424562283740207,0.10025366963707,7.83918109628922e-18,0.458372647471277,1.10506070459359e-18
2012-10-31,0.0203271659873435,0,0.424071048707876,0.0995344725090134,0,0.456067312795767,1.51690311455029e-17
2012-11-01,0.0232304088007027,0,0.42247775911444,0.092759644693812,1.24931269074801e-17,0.461532187391045,1.06290239506946e-17
2012-11-04,0.0250788073363853,0,0.440984405154383,0.0964422444410585,1.76139050792064e-17,0.437494543068173,1.1086467536107e-17
2012-11-05,0.0222676066826319,0,0.417284348518957,0.112639414455409,2.06718609874258e-17,0.447808630343003,0
2012-11-06,0.0224617667399428,2.50780427509483e-17,0.412779333680462,0.112950969860181,0,0.451807929719414,0
2012-11-07,0.0212350175848881,0,0.418669142288281,0.113981528889126,0,0.446114311237705,7.99963091664295e-18
2012-11-09,0.0208567313925919,0,0.421188658774889,0.107338969286786,0,0.450615640545733,0
2012-11-10,0.0236826100077171,0,0.423463598492238,0.106930482695755,0,0.445923308804291,0
2012-11-12,0.0199128026136724,0,0.43659370942691,0.114290461466931,1.14216302448755e-17,0.429203026492486,0
2012-11-13,0.0179419613551233,0,0.425552856161623,0.122542810115458,0,0.433962372367796,1.26872445612712e-17
2012-11-14,0.0179378323427441,0,0.458706876763328,0.108964695479325,0,0.414390595414603,0
2012-11-15,0.0247567745592244,0,0.435688074435829,0.126208487351057,2.54364367183186e-18,0.413346663653889,0
2012-11-16,0.025307057534629,8.72062117237125e-20,0.431151176494781,0.129221528087647,7.63894856910425e-18,0.414320237882943,0
2012-11-19,0.0174619607803062,4.75881315462777e-18,0.437517923190579,0.134719419698874,1.99630227258195e-17,0.410300696330241,0
2012-11-20,0.01982536902277,0,0.436708048073611,0.135648313405863,0,0.407818269497755,0
2012-11-21,0.018884877186564,0,0.435021514487209,0.137375906101841,0,0.408717702224385,0
2012-11-23,0.0194274879093172,3.62427778552743e-19,0.418998581424417,0.157899656784643,0,0.403674273881623,0
2012-11-26,0.0199431250108848,1.53982668358917e-19,0.425298044785935,0.154915745089379,4.62710649037588e-19,0.399843085113801,0
2012-11-27,0.0278916013431212,0,0.420530476660286,0.15512556096935,5.63603819775448e-18,0.396101248799258,0.000351112227984535
2012-11-28,0.0239690329299844,0,0.399014482994066,0.189643551039691,2.00733987193931e-17,0.387372933036259,0
2012-11-29,0.0232721337591484,1.0837924731435e-17,0.40707423382191,0.178196901252552,7.13763729449371e-18,0.39145673116639,0
2012-12-01,0.0228830741346665,5.15015119482946e-18,0.419969337498431,0.177437843743056,0,0.379709744623846,0
2012-12-03,0.016529272608065,0,0.445767406262238,0.136167606195705,0,0.401535714933992,0
2012-12-04,0.0152283065469644,0,0.448118283977277,0.141657239206193,8.27652046722934e-18,0.394996170269565,0
2012-12-06,0.022516104900068,0,0.523302520918583,0.153775462352248,0,0.300405911829101,0
2012-12-07,0.0231705288516435,0,0.530836864870359,0.170506282130651,0,0.275486324147346,0
2012-12-09,0.0220034880578959,0,0.533494476979739,0.169684939424812,0,0.274817095537553,0
2012-12-10,0.018975786213683,0.0248043584259623,0.528031549796989,0.164636560302531,0,0.263551745260835,0
2012-12-11,0.0170603875827928,0.0376580470109575,0.518077617964666,0.164712369279914,1.59586828932111e-18,0.26249157816167,0
2012-12-12,0.0148323742096567,0.0285710556154198,0.526419803993764,0.162138902097664,0,0.268037864083495,0
2012-12-13,0.0158426927273779,0.0319716872217562,0.522096082546581,0.159834398958612,0,0.270255138545673,0
2012-12-14,0.015065294227849,0.0318023658084231,0.523815528265657,0.16283431751182,4.08811274609785e-18,0.266482494186252,0
2012-12-17,0.0168126530645303,0.0368964058998523,0.496581941751957,0.170992148278098,4.47612953311185e-18,0.278716851005563,0
2012-12-18,0.0186221431853882,0.0459614936049916,0.46472720720433,0.178157687355026,0,0.292531468650265,0
2012-12-19,0.016526239722714,0.0481078388099643,0.467760776139766,0.181082577165327,5.03044013642932e-18,0.286522568162229,0
2012-12-20,0.01896712974935,0.0508251647906152,0.455254598018473,0.184441002011536,1.03506738824589e-19,0.290512105430026,0
2012-12-21,0.0183572831479652,0.06760848336827,0.452741319846329,0.169098602659609,0,0.292194310977827,0
2012-12-27,0.0206058800888722,0.0566042896277618,0.43869103739513,0.146941655261512,0,0.337157137626725,0
2012-12-28,0.0191350910869447,0.043861965601728,0.442752924935942,0.145001561199498,0,0.349248457175887,0
2013-01-02,0.0191140491081718,0.0363220454026002,0.392404589568013,0.157322724595132,0,0.394836591326083,0
2013-01-03,0.0187144866229816,0.0349043802858037,0.363739313333965,0.18863010994738,0,0.39401170980987,0
2013-01-07,0.0189514728412922,0.0307106262626296,0.366138857928664,0.181471512403951,3.37256083696213e-18,0.402727530563464,0
2013-01-08,0.0194008536279793,0.0262012461748256,0.378658222261628,0.168455502756137,0,0.40728417517943,0
2013-01-10,0.0203171107830156,0.0306690404771459,0.377701252031486,0.16493773790934,8.23989098888395e-18,0.406374858799013,0
2013-01-14,0.0198616713483155,0.0309777558846865,0.379219269009281,0.163957763612178,5.78280220372483e-18,0.405983540145539,0
2013-01-15,0.0204438404375286,0.0270654429153408,0.382868780472355,0.160388573267516,1.98107076412231e-19,0.409233362907259,0
2013-01-16,0.0205862173365431,0.0271552965062671,0.370998123247029,0.154016692757808,0,0.427243670152352,0
2013-01-17,0.0207144705274643,0.0247644759043214,0.368800731554501,0.15561707261459,4.62386989030338e-19,0.430103249399123,0
2013-01-18,0.0211653845778553,0.0251620148197619,0.367897683621383,0.154930915954621,6.82496917215518e-19,0.430844001026378,0
2013-01-22,0.0227353149922625,0.024980020516112,0.367982929648022,0.150555714890147,0,0.433746019953456,0
2013-01-23,0.0222796503050659,0.0284031176375074,0.369070839439992,0.149857686520149,1.88663190170442e-17,0.430388706097286,0
2013-01-24,0.0223958755951948,0.0312966996315021,0.366525153497366,0.145389279517378,1.32209039646924e-17,0.43439299175856,0
2013-01-25,0.0234697121915124,0.0344529729627084,0.364203103453987,0.144829700845366,9.51142523273674e-18,0.433044510546426,0
2013-01-28,0.0226983511937877,0.0426580486519792,0.353013085995747,0.137325309240067,3.13301394257751e-18,0.44430520491842,0
2013-01-29,0.021933118875445,0.0407920642589285,0.350620108553386,0.139919783499267,6.31344604465212e-20,0.446734924812973,0
2013-01-30,0.0204942838414567,0.0436075071239971,0.343225323552988,0.15931213532537,2.55482106222853e-18,0.433360750156188,0
2013-01-31,0.0195285766537449,0.0380530373329474,0.337025643832103,0.16629649495151,1.89302482427167e-18,0.439096247229695,0
2013-02-04,0.0178263771491353,0.0297311680586754,0.319630356538832,0.169009694776631,5.80853870816719e-20,0.463802403476727,0
2013-02-05,0.0141534275244983,0.0259676606749116,0.329663234811021,0.165021498816837,0,0.465194178172732,0
2013-02-07,0.0140219199960529,0.0264458758157232,0.329819383061225,0.165066792252512,1.04144836697241e-19,0.464646028874487,0
2013-02-08,0.0145489515919133,0.0566610782953569,0.344866284664526,0.176135958047335,1.38201332651749e-18,0.407787727400869,0
2013-02-10,0.0132851905053062,0.0686987529302894,0.319430122686052,0.189764587536329,3.46120089093319e-18,0.408821346342023,0
2013-02-12,0.0132541584888672,0.0686197316106875,0.319490780377044,0.190398400296174,3.0760615764008e-19,0.408236929227228,0
2013-02-13,0.0119584242020923,0.0684901867891374,0.301723982415703,0.20354868212336,0,0.414278724469707,0
2013-02-14,0.012127528494233,0.0721456111299394,0.315169537432303,0.197082261214813,0,0.403475061728711,0
2013-02-15,0.0117393242378263,0.078403842337378,0.324221054575648,0.196257724975322,3.92482273820176e-18,0.389378053873825,0
2013-02-19,0.0114771634754347,0.0735431286354711,0.340771500388921,0.192124931096025,0,0.382083276404148,0
2013-02-20,0.0129621787446529,0.0926199710644541,0.348575999711071,0.191877487384989,1.8142021652785e-19,0.353964363094832,0
2013-02-21,0.0114112823750315,0.0826731974078415,0.350780683851996,0.196341233113427,0,0.358793603251704,0
2013-02-22,0.0104362818387219,0.10203636052136,0.337847228475523,0.205439132795921,0,0.344240996368474,0
2013-02-25,0.0111834450111566,0.1037144032475,0.334903027234142,0.206586158615433,0,0.343612965891769,0
2013-02-26,0.00930266296722792,0.10189760265176,0.356767652808934,0.195247365109805,1.56514102151731e-19,0.336784716462274,0
2013-02-27,0.00698479209155278,0.111060204112914,0.352275344611604,0.186539308626887,0,0.343140350557042,0
2013-02-28,0.00846660901392828,0.129616652032233,0.352894226249561,0.189490915443727,7.03182083870293e-18,0.319531597260552,0
2013-03-01,0,0.174069675273537,0.320822427840709,0.144496906098417,0,0.360610990787337,0
2013-03-04,0,0.16347764710789,0.315314866374646,0.164329748709732,0,0.356877737807732,2.96387014771523e-18
2013-03-06,0,0.166573240185485,0.310916095163927,0.164884872921497,0,0.357625791729091,7.5644596540329e-18
2013-03-07,0,0.162447637737642,0.320401290825426,0.166892910494236,2.7290780802796e-17,0.350258160942697,3.92923989985165e-18
2013-03-09,3.14070766792705e-21,0.159847777451219,0.323267358310667,0.159115830708731,1.37719781142345e-17,0.357769033529383,0
2013-03-10,3.3545197990806e-21,0.163109990675096,0.32101291911405,0.161579227812237,2.94300842809965e-17,0.354297862398618,0
2013-03-12,0,0.150436718060566,0.329385294823882,0.176372413106682,1.44374285896912e-17,0.339079263183655,0.00472631082521496
2013-03-13,0,0.147080211480646,0.328154513024281,0.176356294007922,2.85119020928126e-17,0.34510416389561,0.00330481759154113
2013-03-14,0,0.161234874237207,0.310454612468207,0.182656149964245,0,0.345531935442768,0.000122427887573101
2013-03-15,0,0.16795400595792,0.313515143152535,0.185423619423035,1.1008218515331e-17,0.329305859396468,0.00380137207004211
2013-03-19,0,0.152029383169255,0.334229565759806,0.166366253761451,0,0.339689806779899,0.00768499052958956
2013-03-20,0,0.146689662557191,0.329735202204468,0.171283891687793,3.19115273569846e-18,0.342549125089076,0.0097421184614724
2013-03-21,0,0.152637034853971,0.319600378840783,0.180172290384522,1.37921314646575e-17,0.343399122967446,0.0041911729532781
2013-03-22,0,0.152890565543094,0.316555393904906,0.183015101802914,4.38257287575072e-18,0.34367360540778,0.00386533334130586
2013-03-26,3.46944695195361e-18,0.144089909500128,0.315883432736951,0.182341753198936,3.10139645760929e-20,0.3471156049114,0.0105692996525841
2013-03-27,0,0.138627444606974,0.314194206330245,0.179523564780515,1.99997062221329e-17,0.352368086480736,0.0152866978015295
2013-03-28,0,0.136848475470445,0.315426767270518,0.183967755122133,0,0.348108438019403,0.0156485641175003
2013-04-01,0,0.142631422480491,0.309507420916117,0.177244513845368,8.2474536339807e-18,0.359266013563055,0.0113506291949688
2013-04-02,0,0.144718514857696,0.309053342471356,0.175817838386841,0,0.362215129091759,0.00819517519234723
2013-04-03,3.49484261334283e-21,0.163703928283362,0.316030255769902,0.169185529179941,1.7397968318512e-18,0.351080286766795,0
2013-04-04,0,0.162246372441976,0.316222712594133,0.167581514428219,1.246600618814e-18,0.351340544899353,0.00260885563631796
2013-04-06,0,0.156043904342617,0.303163523937944,0.176808864983384,0,0.363983706736055,0
2013-04-09,5.62558011489185e-20,0.170611623499592,0.284253319508309,0.194713365040439,0,0.35042169195166,0
2013-04-10,1.63950671154188e-20,0.177340385376437,0.283888147008701,0.192267015626533,0,0.346504451988329,0
2013-04-11,2.1392843762164e-20,0.176799080547205,0.282978588018704,0.193074374978779,5.34125483655617e-18,0.347147956455312,0
2013-04-12,0,0.178273707257364,0.290630685958426,0.189844098677933,0,0.341251508106277,0
2013-04-15,1.16218762640656e-21,0.196849939265268,0.33452776034191,0.173012853262611,1.29738032653163e-18,0.295609447130212,0
2013-04-17,0,0.203913789905907,0.333953150642008,0.178862089109269,1.35733267905036e-17,0.283270970342816,0
2013-04-18,3.46944695195361e-18,0.215337625047288,0.339486613032131,0.16354728696109,2.07461731505948e-18,0.278731532327398,0.00289694263209244
2013-04-19,0,0.234344033949907,0.333906318750979,0.152489054501277,2.62851505713194e-18,0.279260592797836,0
2013-04-22,0,0.234353116180585,0.333430029997016,0.151881998685685,9.46040896220013e-18,0.280334855136715,0
2013-04-23,0,0.227081943828475,0.333544556283014,0.157212935176001,0,0.28216056471251,0
2013-04-24,0,0.230855568638664,0.336044562463574,0.152578554146775,5.68505840031581e-18,0.280521314750987,0
2013-04-25,8.94677042336707e-20,0.233043127756283,0.335537070679816,0.151002236152489,0,0.280417565411412,0
2013-04-26,7.40612274764745e-20,0.228470798578205,0.332978596051925,0.158604329005824,2.49932429692766e-17,0.279946276364046,0
2013-05-02,0,0.226872702874311,0.333319161869314,0.157812381818404,0,0.281995753437972,0
2013-05-03,6.39980331074719e-20,0.223972281241275,0.334404203163621,0.160126978693237,2.11610963610507e-17,0.281496536901867,0
2013-05-04,0,0.199893819000602,0.306217927505331,0.171283094760801,2.62721295056842e-18,0.290472370118476,0.0321327886147907
2013-05-06,0,0.167534025206712,0.248105154240999,0.250711436741916,0,0.291677229901075,0.0419721539092974
2013-05-07,0,0.185211512930689,0.233867062369294,0.255712905857804,1.16596197034171e-17,0.296449939062915,0.0287585797792973
2013-05-08,0,0.195886395166713,0.231543403273068,0.239665357952136,6.36383158979007e-19,0.304954467663951,0.0279503759441325
2013-05-09,0,0.201471312533211,0.309845742948992,0.18863579966072,0,0.251671152098385,0.0483759927586925
2013-05-11,1.73472347597681e-18,0.195626795529753,0.303751433312901,0.196041559201855,0,0.252330449249955,0.0522497627055361
2013-05-12,0,0.194996849473114,0.299786967715223,0.202020303991428,0,0.25304289638913,0.0501529824311049
2013-05-13,0,0.194977301555797,0.300500462999649,0.199752095262414,5.3940340242659e-18,0.253291858967662,0.0514782812144779
2013-05-14,0,0.171475075546976,0.30793285661128,0.209121798300412,2.68793585579099e-18,0.242460705350849,0.069009564190483
2013-05-15,0,0.170436436106508,0.299645051075213,0.216091893551043,5.40482338082077e-18,0.246736781031622,0.0670898382356132
2013-05-16,0,0.19745988596532,0.331654684897006,0.164904872455878,8.19909577209993e-19,0.253284776539877,0.0526957801419193
2013-05-17,0,0.199362161647451,0.333787045338762,0.161108396462881,1.09589392629769e-17,0.253455906258898,0.0522864902920077
2013-05-21,0,0.167861402512086,0.366535910135432,0.137004406000327,0.012311273275707,0.245742859642436,0.0705441484340116
2013-05-22,0,0.170432594873722,0.358338322279708,0.144585595006619,0.00537261585295973,0.246220368569171,0.0750505034178205
2013-05-23,0,0.173401167688705,0.368904523561594,0.133531225035057,0,0.251507701941747,0.0726553817728975
2013-05-24,4.80840458663746e-21,0.166793096893058,0.368021090427392,0.144468055162679,0,0.248648053420563,0.0720697040963077
2013-05-28,0,0.139232998280053,0.356700110127615,0.182798659139575,0.00765298990455306,0.241165688583695,0.07244955396451
2013-05-29,0,0.135950886502704,0.3518080927656,0.194935814080344,0.00983053014755001,0.232600948451967,0.074873728051836
2013-05-31,0,0.164393675941428,0.382052594428278,0.171782163373034,3.09323359803695e-18,0.22998938254086,0.0517821837164006
2013-06-02,0,0.158278376881746,0.377062334610086,0.17943130348181,0,0.23038115547308,0.0548468295532785
2013-06-03,0,0.153991850940473,0.371575977992655,0.188311844129024,2.75043207978137e-18,0.228594077637517,0.0575262493003306
2013-06-06,0,0.165620739865407,0.351956238017245,0.211354826914053,0,0.226029399066611,0.0450387961366841
2013-06-08,0,0.170088344522604,0.349612963245038,0.209778569280029,4.15912124686117e-19,0.226637984401108,0.0438821385512212
2013-06-09,0,0.154428347085251,0.35060568568527,0.235636300471267,0,0.20920499587064,0.0501246708875721
2013-06-11,0,0.169384518497427,0.339720070645912,0.2521884202861,0.00186637957509993,0.200563968752842,0.0362766422426186
2013-06-12,0,0.160727619476001,0.347968840887261,0.274244804219872,6.73425843295018e-19,0.188014722032403,0.0290440133844624
2013-06-13,0,0.171220031224791,0.34889619410504,0.267456756766964,0,0.187472805102557,0.0249542128006483
2013-06-14,0,0.172717231387055,0.360349779323728,0.253674000877354,1.39868074266143e-18,0.186513982611581,0.0267450058002813
2013-06-17,0,0.170775824375435,0.369026702909741,0.254208413604114,0,0.180956615568553,0.0250324435421574
2013-06-18,0,0.182713399688765,0.355476922069592,0.257922055299683,2.85223614370102e-19,0.179365012392028,0.0245226105499313
2013-06-19,4.79484663329679e-20,0.182927970534184,0.337930115744692,0.271152537093845,0,0.180051841946681,0.0279375346805984
2013-06-20,0,0.168494006373254,0.344199202768808,0.282618742250853,0,0.175985618382817,0.0287024302242687
2013-06-21,0,0.15930391603739,0.333849160997278,0.319313839089044,7.16161163662856e-18,0.165243860479375,0.0222892233969139
2013-06-25,0,0.161657225036545,0.3423216888908,0.313015439179172,1.11769432132144e-17,0.163793494179391,0.0192121527140921
2013-06-26,0,0.150719267098611,0.340771144752382,0.31163456836495,3.96871228829649e-18,0.169718368288466,0.0271566514955907
2013-06-27,0,0.151274751215172,0.34128335405975,0.311446048249825,3.677339246309e-19,0.169479015914571,0.0265168305606821
2013-06-28,0,0.155381658551034,0.34117346435498,0.31014389232896,6.67203771782559e-18,0.166604203745262,0.0266967810197641
2013-07-01,0,0.159942396501881,0.336401794168732,0.317357400376166,0,0.166263563399462,0.0200348455537578
2013-07-02,8.67361737988404e-19,0.158664367819001,0.335299049269801,0.318013344239191,3.10147619644356e-19,0.167317516283134,0.0207057223888729
2013-07-03,0,0.155520371828424,0.334007775843985,0.315357359090443,0,0.174034991854384,0.0210795013827659
2013-07-06,0,0.143231484450812,0.34840277005436,0.305974594730031,0,0.170042185883996,0.0323489648808013
2013-07-08,0,0.154369911315926,0.343810469498492,0.322836570709303,1.0916487082907e-18,0.157314358622232,0.0216686898540471
2013-07-10,0,0.15317665521538,0.363733015616757,0.306373419240171,0,0.154200302726811,0.022516607200881
2013-07-11,0.00118054643615609,0.168389312090577,0.322340879152501,0.337452537153396,0,0.161455253597341,0.00918147157002946
2013-07-15,0.00155294573154327,0.170694704293152,0.335097968348626,0.322720384063362,0,0.162931685321881,0.00700231224143546
2013-07-16,0.00195889947318128,0.172344613954405,0.338047873824028,0.319299311455252,0,0.165476784508536,0.00287251678459885
2013-07-17,0.00205324347209579,0.168506992722493,0.345927855015115,0.312536096574667,0,0.168416766492004,0.00255904572362472
2013-07-18,0.00375322949967932,0.179427012040613,0.350621072870192,0.300778810695233,0,0.165419874894283,0
2013-07-19,0.00258914900585905,0.184382314650569,0.350587205570906,0.297903967926819,1.39876618543722e-19,0.164537362845846,0
2013-07-22,0.00088480524398828,0.184069445658425,0.354526126548081,0.295477356805692,0,0.165042265743813,0
2013-07-24,0.00259523371527377,0.178381092994392,0.354397812509067,0.289634515538467,0,0.167513693136141,0.00747765210665988
2013-07-25,0.00610874652216104,0.205744671824412,0.35208133510627,0.274072878583225,0,0.161992367963932,0
2013-07-26,0.00704094331340031,0.201586719641104,0.34154480001679,0.282323551985382,0,0.167503985043324,0
2013-07-29,0.00123014467617751,0.177721892795755,0.377809660357042,0.291660780532508,0,0.151577521638517,0
2013-07-30,0.00314398060417184,0.181358806980383,0.367255227189363,0.29594989907681,0,0.152292086149272,0
2013-07-31,0,0.175941628806913,0.373962545908266,0.299135627491752,4.45794084881826e-20,0.150960197793069,4.41222360962957e-19
2013-08-01,0.00092003873563933,0.191887413494565,0.369940508972189,0.281572101835927,0,0.155679936961679,0
2013-08-02,0.000767270244254389,0.188216185379954,0.362416378168716,0.294460924575456,0,0.154139241631619,0
2013-08-03,0,0.174046859921623,0.371511533529127,0.303917941823178,2.43295847728485e-19,0.150523664726072,5.99630796895611e-20
2013-08-04,0.00377383870543873,0.183766697854889,0.359606461579454,0.294760424951258,0,0.158092576908961,0
2013-08-05,0.00588542491891787,0.183667747392417,0.355251848350558,0.29838094636281,4.17854454952833e-19,0.156814032975296,0
2013-08-07,0.00413311657267762,0.182102952889308,0.357591962218006,0.298688662886003,0,0.157483305434005,0
2013-08-08,0.00322481547700761,0.184192746919259,0.345274541817855,0.307838266270275,0,0.159469629515604,0
2013-08-10,0.00638475161647807,0.187095472103825,0.344063727984778,0.303869841134931,0,0.158586207159988,0
2013-08-11,0.00862808559615573,0.194669272929182,0.340353517271204,0.299326070316325,9.06565493758326e-19,0.157023053887133,0
2013-08-13,0.0105663925169421,0.200296699751486,0.347614657821771,0.28655010905011,0,0.15497214085969,0
2013-08-14,0.00968990136714952,0.205759159303078,0.341107037747784,0.28885829548103,1.58891424075716e-18,0.154585606100959,0
2013-08-16,0.00698588008069031,0.203564557077333,0.348005706713551,0.289324191953895,0,0.152119664174531,0
2013-08-19,0.00915863814946806,0.207361674472753,0.347623636874319,0.28674001295535,1.4236474532761e-18,0.14911603754811,0
2013-08-20,0.00813268497658516,0.205897599568209,0.357237531552131,0.280925799802563,0,0.147806384100512,0
2013-08-21,0.0115537916991924,0.187772747393783,0.363357477458609,0.305321647490133,0,0.131994335958283,0
2013-08-22,0.0153788933814403,0.196904206396255,0.350661850315698,0.305588115719379,4.46974571802429e-18,0.131466934187228,0
2013-08-23,0.0177376186170899,0.191903119543499,0.361280789220171,0.29761719933339,0,0.13146127328585,0
2013-08-26,0.0173018050044598,0.189314597356912,0.363403346985118,0.297854763469635,0,0.132125487183876,0
2013-08-27,0.0146665716389823,0.173665587164902,0.358373093838959,0.314622688286441,5.66225534939818e-19,0.138672059070716,0
2013-08-28,0.0177299420190146,0.177333122530554,0.354369212016676,0.318751171441109,0,0.131816551992647,0
2013-08-29,0.0175499676080308,0.17956569744505,0.354503043053712,0.317665181695961,1.92593726823204e-18,0.130716110197246,0
2013-08-30,0.0169771769646619,0.17848275512147,0.358688295266042,0.316143625465622,2.53494742852178e-19,0.129708147182204,0
2013-09-01,0.0186630052866145,0.184174559456144,0.343678915261139,0.320708176663078,0,0.132775343333025,0
2013-09-04,0.0218096963282011,0.184295018200573,0.307376745063962,0.337533183396076,0,0.148985357011188,0
2013-09-07,0.0221541649037738,0.190906711901795,0.301173603532788,0.3402887472424,0,0.145476772419242,6.93889390390723e-18
2013-09-08,0.0210598794030234,0.182028404300424,0.292292685662122,0.35668252732777,5.40947586106669e-18,0.147936503306661,0
2013-09-09,0.021638726834841,0.187155354317393,0.288269353194003,0.358130174193381,0,0.144806391460382,0
2013-09-10,0.0244419932480209,0.186536069463485,0.285534764699817,0.359569075988405,0,0.143918096600271,0
2013-09-12,0.0253132860778308,0.191121343868965,0.290329904840202,0.351651520307695,0,0.141583944905307,0
2013-09-13,0.0265839565390711,0.197265572301745,0.289620030342232,0.347432318712687,3.0332075017585e-19,0.139098122104265,0
2013-09-16,0.0244408429383837,0.196083937049698,0.290554053163056,0.348589184635133,0,0.140331982213728,0
2013-09-17,0.0248224305116271,0.196362295065084,0.289809807047936,0.349495523051199,0,0.139509944324153,0
2013-09-18,0.0251181435025728,0.199657064289743,0.289258223756965,0.349201415681614,0,0.136765152769105,0
2013-09-19,0.0236990451233737,0.212551666460964,0.282065197174911,0.341175123178984,1.48764450774184e-18,0.140508968061767,0
2013-09-20,0.0233388845919298,0.218984005899385,0.29951429234544,0.323674878420688,1.16174280598536e-17,0.134487938742556,0
2013-09-23,0.0280938758409642,0.213648740151083,0.310526898152702,0.327312812662099,2.60153689253951e-18,0.120417673193152,0
2013-09-24,0.027636198217147,0.214635295877317,0.308402387012891,0.328364299101165,0,0.12096181979148,0
2013-09-25,0.0320839504613825,0.224665677676913,0.292828832895405,0.324950779480238,0,0.125470759486062,0
2013-09-26,0.0292811777079014,0.21102320488998,0.262053982969551,0.339895511459343,7.09460286011261e-18,0.157746122973225,0
2013-09-27,0.0287253485604386,0.216697912802978,0.263418534458431,0.335611893827455,0,0.155546310350697,0
2013-09-30,0.0286352536862672,0.214770709963862,0.26232643039693,0.338809612508609,0,0.155457993444333,0
2013-10-01,0.0468455252390934,0.1966798153828,0.262935829362907,0.349079908820956,0,0.144458921194244,0
2013-10-04,0.0467674266157067,0.231990454484703,0.265291422421769,0.310488465911245,0,0.145462230566577,0
2013-10-05,0.0478406061324512,0.235886705838623,0.305458625043969,0.289090889631611,0,0.121723173353346,0
2013-10-06,0.0441485226655836,0.22987146340664,0.276271761014799,0.324981707996221,0,0.124726544916756,0
2013-10-07,0.0482409815008383,0.221725612811402,0.271318631369632,0.335140807817821,0,0.123573966500306,1.03046219592214e-17
2013-10-09,0.0476081427863339,0.226353806562161,0.241620301168722,0.352961550647562,0,0.13145619883522,3.15542595483616e-17
2013-10-10,0.0509859406869565,0.214827086779129,0.253862343264795,0.354710443189296,1.49236134020192e-17,0.125614186079823,0
2013-10-12,0.0559995767823595,0.237888292439212,0.208754170345416,0.386516798371836,1.10671262976977e-17,0.110841162061177,0
2013-10-14,0.0583780792523008,0.236064960063568,0.211523141623596,0.390256363582256,1.61011732049281e-17,0.10377745547828,0
2013-10-15,0.0595168435281717,0.242840482851779,0.225130913015238,0.383643678602643,0,0.088868082002168,0
2013-10-16,0.0638475026640848,0.241195357936707,0.220436704352461,0.376550074901734,0,0.0979703601450136,0
2013-10-17,0.0598391282344835,0.242886687817014,0.234049352498926,0.37164324190771,0,0.0915815895418667,0
2013-10-18,0.0584017090781998,0.250439923359648,0.232491675866007,0.369304615141654,7.02702522695947e-18,0.0893620765544905,0
2013-10-21,0.0574719305417737,0.254004183998035,0.231452130657831,0.367321391819638,0,0.0897503629827224,2.03825358992661e-18
2013-10-22,0.0590940798455777,0.261113641583054,0.225251090205363,0.372712115049509,8.44103403255812e-18,0.0818290733164961,0
2013-10-23,0.0573012016530406,0.252442543221268,0.235383994554429,0.36954454070997,0,0.085327719861292,1.34872457608639e-17
2013-10-24,0.0573283383136619,0.248916567240363,0.235088299300928,0.367364181432709,0,0.0913026137123378,0
2013-10-25,0.0575564645989248,0.246600126585613,0.240112442898372,0.365921009367834,1.15592243992481e-17,0.0898099565492554,0
2013-10-29,0.0560982334367404,0.251528805739177,0.238710601729456,0.345041662230638,1.71019923700048e-18,0.108620696863989,0
2013-10-30,0.0582707247314932,0.250347795425798,0.24503573737973,0.344426420444821,0,0.101919322018158,0
2013-10-31,0.0579581848349735,0.242363920137298,0.234496346303786,0.356361940683486,0,0.108819608040456,0
2013-11-01,0.0568063009023756,0.245477096657594,0.234879895740523,0.352019902091814,0,0.110816804607693,0
2013-11-02,0.0569084552482442,0.236008153993782,0.246730535150229,0.348785478837936,0,0.111567376769809,0
2013-11-03,0.0573403548110361,0.235266429206983,0.256753138335983,0.341110574751163,0,0.109529502894834,2.29426078049628e-17
2013-11-04,0.0502483236039751,0.260102972044568,0.242244155269371,0.329195676789061,0,0.118208872293025,8.69450431312819e-19
2013-11-06,0.0379224562616554,0.267289657597525,0.252773388225243,0.292609558922196,0,0.149404938993381,0
2013-11-07,0.0377133139663276,0.270846076439896,0.250309060292071,0.290847026474332,0,0.150284522827374,1.01232182519624e-17
2013-11-09,0.0373029009214282,0.27968134482251,0.247627668059427,0.296705449501963,0,0.138682636694671,0
2013-11-10,0.0368001261355242,0.282409499119541,0.244127319563222,0.29642280305647,0,0.140240252125242,0
2013-11-12,0.0367531847831705,0.282759884002364,0.245027343806778,0.296376837055541,0,0.139082750352147,5.51514086707442e-18
2013-11-13,0.0375245209125595,0.286566013372979,0.24134482765421,0.295333249526267,0,0.139231388533984,0
2013-11-14,0.0400512216041914,0.283551359209688,0.239805069795172,0.305755894703302,0,0.130836454687647,0
2013-11-15,0.0417889735932859,0.283846214558076,0.241217332984545,0.304458798102095,0,0.128688680761998,0
2013-11-18,0.040425852733743,0.289933673028607,0.235056403471695,0.309246387610702,0,0.125337683155253,0
2013-11-19,0.0377344140039856,0.28094931423259,0.236109080991997,0.30284104947612,0,0.142366141295308,0
2013-11-20,0.0362779391325891,0.283277810073282,0.228804676026931,0.305198163106002,0,0.146441411661196,0
2013-11-21,0.0377796134381526,0.275657119719313,0.26650873804898,0.282396850472011,0,0.137657678321544,0
2013-11-22,0.0382491757962613,0.276836740799966,0.251578514422668,0.299188356878938,0,0.134147212102166,3.93448251263185e-18
2013-11-25,0.0354243035056712,0.282854767850135,0.260714829186747,0.289257304927382,0,0.131748794530065,1.76345197917827e-17
2013-11-26,0.0358700783365757,0.282283622505089,0.256140376915728,0.291321982378973,0,0.134383939863634,0
2013-11-27,0.0362882136330649,0.285163255911146,0.247203966405606,0.293482035219456,0,0.137862528830727,4.64563623451744e-20
2013-11-29,0.0367788109159679,0.28651361554164,0.246278349841565,0.29605414030849,0,0.134375083392337,3.84360384098343e-20
2013-12-02,0.0372325530454187,0.283020016958248,0.248762169773053,0.296090186524005,0,0.134895073699275,0
2013-12-03,0.0344769596722418,0.300528006567673,0.233419095387088,0.307767280132387,0,0.12380865824061,0
2013-12-04,0.0393457131028237,0.269022342855753,0.296005749647624,0.277388453344415,0,0.118237741049384,0
2013-12-06,0.039460169456057,0.269029257763044,0.301949087618461,0.273698907258284,0,0.115862577904153,0
2013-12-07,0.0400381095155528,0.268152288075338,0.305740938958179,0.271135978940595,0,0.114932684510335,1.9811108069367e-19
2013-12-08,0.0394580707138099,0.268806679520767,0.303204029851787,0.2718549705229,0,0.116676249390737,0
2013-12-09,0.0398919926594439,0.268137645613936,0.307670927927359,0.268010003555052,0,0.116289430244209,0
2013-12-11,0.0399693982909564,0.255031455807354,0.310908605684535,0.28478635043344,0.00297845438569119,0.106325735398024,0
2013-12-12,0.0399269725067736,0.260228234182899,0.326375656771877,0.275493101078343,0.00114037568893387,0.0968356597711735,0
2013-12-13,0.036828831955354,0.283929240812044,0.304363677963423,0.270108080410848,0,0.104770168858332,0
2013-12-16,0.0363886118765109,0.280976584333967,0.317392076540226,0.265852595104812,0,0.0993901321444849,0
2013-12-17,0.0466291734859739,0.262178906059733,0.335957689989533,0.26739086989617,0,0.0878433605685899,8.44217290299205e-19
2013-12-18,0.0497541177336316,0.264966319355286,0.339921289777441,0.270841498429946,0,0.0745167747036953,1.26302061684092e-18
2013-12-19,0.051583189830867,0.253049632044327,0.347856506689527,0.25853689943874,0.00855500810610802,0.080418763890431,0
2013-12-20,0.047366875297096,0.256940528031421,0.34454590287998,0.26160480950122,0.0102028596449779,0.0793390246453044,0
2013-12-23,0.047492970302749,0.249649435572618,0.355505118857005,0.250523353240782,0.0139322517195582,0.0828968703072877,0
2013-12-27,0.0366092967912081,0.238231513167247,0.350084730493055,0.242135502083475,0.0280006140459685,0.104938343419047,0
2013-12-30,0.0374404764012035,0.237124216118765,0.347399353035754,0.243914229090462,0.0260564848911312,0.108065240462684,0
2014-01-04,0.0428197471796317,0.235229209087795,0.308205258439751,0.282494578156249,0.020884209531237,0.110366997605337,0
2014-01-07,0.0432605141256607,0.222647582529186,0.304807276213011,0.28378355383374,0.0287048847060722,0.11679618859233,0
2014-01-08,0.0420918861215249,0.226749337425939,0.287747920452974,0.290207333393279,0.0312710013810072,0.121932521225276,0
2014-01-10,0.0409281834882567,0.229163767207037,0.288879806865431,0.28179021513073,0.0311753802376815,0.128062647070864,0
2014-01-13,0.0367964629723897,0.237316300234248,0.293001836743925,0.282596415563847,0.0308089212514649,0.119480063234126,0
2014-01-14,0.0350318284672102,0.246291979657166,0.287446179018307,0.28283797045912,0.0265516716462447,0.121840370751953,0
2014-01-15,0.0372842444240299,0.245879571181713,0.312116694021103,0.284308590708603,0.0184452150194864,0.101965684645065,0
2014-01-16,0.0399049108651515,0.244018920116249,0.333079150708386,0.262501975368412,0.0375256829636336,0.0829693599781672,0
2014-01-17,0.0380981379200376,0.214943060294697,0.347842678100121,0.253589159474823,0.0456384095374782,0.0998885546728431,0
2014-01-21,0.0404109510121322,0.204725123392184,0.352855119422426,0.251671618394591,0.0499381471030092,0.100399040675657,0
2014-01-22,0.0393618786155874,0.211282196201172,0.3551886047893,0.246651748373927,0.0486334921958319,0.0988820798241815,0
2014-01-23,0.0404022836294863,0.190148650655699,0.369344577745692,0.238605130197403,0.0611724090974132,0.100326948674306,0
2014-01-24,0.033961565563992,0.176652293779238,0.379598324060421,0.231649205162579,0.0668299940782718,0.111308617355499,0
2014-01-27,0.0339121474828541,0.177089711181522,0.380792282496433,0.231596695729825,0.06597033211159,0.110638830997777,0
2014-01-28,0.0374618474474802,0.186733994614178,0.385147232656385,0.243660429915042,0.0498481880500716,0.0971483073168434,0
2014-01-29,0.0406745866930756,0.192547807805057,0.378369462098907,0.248822880028561,0.0392814312467247,0.100303832127674,6.93889390390723e-18
2014-01-30,0.0406326641509262,0.190772632719498,0.376266582481302,0.25148330543463,0.0401683465288748,0.100676468684768,0
2014-01-31,0.0429619877656023,0.183181076010258,0.368192340834664,0.258661903746152,0.0395102581942807,0.107492433449043,0
2014-02-04,0.0435415950214255,0.177997870606852,0.376048561685801,0.25068423528105,0.0419864044858834,0.109741332918989,0
2014-02-05,0.0462778126307253,0.159205798239463,0.386970500479035,0.25044381181421,0.0526622098596512,0.104439866976916,0
2014-02-06,0.0462899752455403,0.154142850587289,0.394186231734052,0.243895461397759,0.0579154798752661,0.103570001160094,0
2014-02-07,0.0447631991520962,0.158230405810722,0.394580418409244,0.238675795139703,0.0577617310491902,0.105988450439045,0
2014-02-09,0.0465134106630284,0.154365287751747,0.393246615831838,0.246729510747183,0.0559530020585821,0.102027360010264,0.00116481293735716
2014-02-10,0.0554810989817753,0.134382577614503,0.388725180836764,0.263352669082439,0.0542265447746935,0.103831928709825,0
2014-02-12,0.0548176745338341,0.143259358118177,0.385052703716632,0.264948274305895,0.049871407641124,0.102050581684338,0
2014-02-13,0.0549126767856556,0.143169259938621,0.38518071896967,0.264637939047699,0.0498076940555679,0.102291711202787,8.67361737988404e-19
2014-02-14,0.050412931018046,0.146714245480489,0.417688608057138,0.265519254401467,0.0314896471589149,0.0881753138839455,0
2014-02-18,0.0499381947637751,0.14634989007159,0.423661034405488,0.2613467889552,0.0371174011559317,0.0815866906480165,0
2014-02-19,0.0511114058066815,0.148923502777986,0.422613916054979,0.267079594773319,0.0307569359308726,0.0795146446561616,0
2014-02-20,0.0507178935458695,0.153229162228852,0.423667533556448,0.263301478295266,0.0310476735837376,0.0780362587898271,0
2014-02-21,0.0487562190170666,0.165872588927251,0.404524769607323,0.276369385555606,0.0255240140651185,0.074185574205443,0.00476744862219238
2014-02-24,0.0356900054586287,0.143013903194533,0.389287180656722,0.342824816574965,0.00298395002050345,0.0862001440946487,0
2014-02-25,0.0411852938795447,0.139277606248597,0.378245819330073,0.350632742932261,0.000934566743022553,0.0897239708665016,1.73472347597681e-18
2014-02-26,0.0448680516893246,0.140103728955199,0.376692076162451,0.348519050982954,5.54970090873297e-05,0.0897615952009836,0
2014-02-27,0.0445811232879115,0.140576931639915,0.378102791099738,0.347155342353978,0,0.089583811618458,0
2014-02-28,0.0433395129987171,0.149142248855526,0.383257823376065,0.339620379894136,0.00191194850023294,0.0827280863753231,0
2014-03-01,0.0377273829564583,0.182676151047852,0.33932908479552,0.344786630965081,0.01218948065629,0.083291269578799,0
2014-03-02,0.0274512118171315,0.165160448606549,0.402504735183,0.308978798444363,0.0101467463182597,0.0857580596306972,0
2014-03-04,0.0235945277638892,0.163441964399945,0.40142177003711,0.308999267188998,0.00820233817054628,0.0943401324395117,0
2014-03-06,0.0235218659617211,0.155973920613417,0.392943622123847,0.307369062533149,0.00650047773535325,0.113691051032512,0
2014-03-07,0.0238339123007294,0.156863775103389,0.395573519877251,0.304159443513878,0.00537132996100113,0.114198019243752,0
2014-03-09,0.0218881498471504,0.153808670833734,0.400187273088878,0.309020905598074,0.0033697594479734,0.111725241184189,0
2014-03-10,0.0189551941342759,0.149665449013971,0.405695357986221,0.309987406795387,0.00014330814827766,0.115553283921867,0
2014-03-11,0.0208687531116257,0.145756898663375,0.407341059837488,0.309813649352852,0.00160459539486915,0.11461504363979,1.73472347597681e-18
2014-03-12,0.0167227847900907,0.153919695830473,0.395140323178645,0.323136783969463,0,0.111080412231327,0
2014-03-13,0.031523499767503,0.174363126248551,0.36731557975051,0.34119641693893,0.00580430784428836,0.0797970694502176,0
2014-03-14,0.0258970008230248,0.174529266543138,0.348266726145359,0.344791010016237,0.0022131223863226,0.104302874085918,0
2014-03-17,0.0216282195025391,0.185252435257991,0.360100829382165,0.357292788950286,0.00268982226468484,0.073035904642334,0
2014-03-18,0.0170327295141105,0.180794340508975,0.360707098811,0.377371755894029,0.0112385640678362,0.04847869532256,0.00437681588148954
2014-03-19,0.017663932166021,0.179827871724724,0.359818656692182,0.378088073479645,0.00983048067788186,0.0504145050941626,0.00435648016538276
2014-03-20,0.0172564724664719,0.200234210672184,0.369718127833948,0.366246594670443,0.00279047420798421,0.0398929741571752,0.00386114599179452
2014-03-21,0.0164423764255747,0.223530855335558,0.303715942859411,0.400765097803036,0.0103645751480857,0.0451811524283345,0
2014-03-24,0.0208635973425949,0.239265695891417,0.276575091459138,0.408851256734573,0.0176958909937493,0.0367484675785284,0
2014-03-26,0.0208206140021842,0.238660367443974,0.277620131151042,0.408242749266622,0.020634773200841,0.0340213649353373,0
2014-03-27,0.0213942980971021,0.238371680974771,0.277087361926871,0.408193198043232,0.0206539855328135,0.0342994754252107,0
2014-03-28,0.0529353532647687,0.241982060955381,0.268146972887425,0.393629521193533,0.0118302772560671,0.0314758144428248,0
2014-03-31,0.047716393454763,0.236292377184331,0.271927636990616,0.395319914383212,0.0205195521853473,0.0282241258017302,0
2014-04-02,0.0474382123016863,0.25247485488342,0.276899051629139,0.371642736124137,0.0250804670310634,0.0264646780305541,0
2014-04-03,0.0623007112060135,0.234595803138837,0.296650086286675,0.358766866701935,0.0237959944832874,0.0238905381832522,6.93889390390723e-18
2014-04-04,0.0621094535059285,0.234758843637248,0.295861797281032,0.359224518303557,0.0244698087138208,0.0235755785584142,0
2014-04-06,0.0506323371324959,0.235737807404214,0.303582238791527,0.356807780335626,0.03235580406691,0.0208840322692267,0
2014-04-08,0.0514469288872565,0.253394593982316,0.30889529842189,0.345470599091767,0.0219152793982004,0.0188773002185697,0
2014-04-09,0.0484529670553165,0.247147794924783,0.314549655709282,0.348937978382235,0.0223024484490097,0.0186091554793744,0
2014-04-11,0.0461259422053581,0.240656929813985,0.31411961171008,0.343897622188206,0.0211280188801609,0.0340718752022102,0
2014-04-12,0.0453864161889282,0.238629476496048,0.316261416064487,0.344984622099435,0.020774268097974,0.0339638010531282,0
2014-04-14,0.0408272193698546,0.244346573130203,0.309982271900831,0.353365422015258,0.0214334792929833,0.0300450342908699,6.93889390390723e-18
2014-04-15,0.0415164266298728,0.247291301969292,0.306095825302813,0.352787413624107,0.0203769280159076,0.0319321044580071,0
2014-04-16,0.0393871824782047,0.245334035618256,0.307930726037305,0.350775039433879,0.0213288962279903,0.0352441202043656,0
2014-04-17,0.0461161756649285,0.244030933035627,0.296688643785334,0.360281421669888,0.0172796873165646,0.0356031385276585,0
2014-04-22,0.0439198438863421,0.241127675949964,0.299859834022037,0.366631800035973,0.0146135709107694,0.0338472751949152,0
2014-04-23,0.0415912357546735,0.235576548446682,0.299606731449736,0.37308796397122,0.0182534662402269,0.0318840541374618,0
2014-04-24,0.0419752003633925,0.233501604422016,0.296597561190381,0.375189221917757,0.0174037591881207,0.0353326529183331,0
2014-04-25,0.0507524107243088,0.234153182210269,0.289788898094049,0.365371403899803,0.00247870583943995,0.0574553992321306,0
2014-04-28,0.0499187328554186,0.23530033594037,0.287373774643879,0.367019721718172,0.00460176610585886,0.0557856687363013,0
2014-04-30,0.0400074723429297,0.26946164879462,0.268296938273868,0.373675618941072,0.010210855345423,0.0383474663020873,0
2014-05-02,0.0400481621082963,0.271597054406269,0.269413690406223,0.377724910935137,0.00676683356350081,0.0344493485805742,0
2014-05-03,0.041370696311476,0.271956079349459,0.270450866352665,0.376214398844548,0.00542741004714566,0.0345805490947067,0
2014-05-05,0.0451178297352361,0.273732609853856,0.269560561094481,0.375233933277645,0.00341610919080333,0.0329389568479792,0
2014-05-06,0.0403395837828971,0.273598206423125,0.264955951279266,0.381273300643346,0.00654040968521964,0.0332925481861462,1.38777878078145e-17
2014-05-08,0.0440391448813644,0.271869582618473,0.268652584469922,0.376487785906531,0.00589016951260144,0.0330607326111086,0
2014-05-09,0.0437373111471295,0.265035445912366,0.258366163440775,0.381821035226777,0.0102368166508909,0.0408032276220616,0
2014-05-11,0.0468529038182126,0.260828190812886,0.257488654085241,0.38036578714865,0.0108339977168476,0.0436304664181626,0
2014-05-12,0.037288074048931,0.238139294550097,0.240360374741741,0.403141902182457,0.0150620582560966,0.0660082962206778,0
2014-05-13,0.040792074032605,0.241924587840295,0.228669400078475,0.400009765843637,0.0147221106151846,0.0738820615898036,0
2014-05-14,0.0418937410167043,0.24226495748429,0.227072864238542,0.393538425103056,0.0155033154208207,0.079726696736588,0
2014-05-15,0.0163281000941726,0.264860584399009,0.267903830910788,0.383595346350524,0.000735746527268096,0.0665763917182393,0
2014-05-16,0.0139408211760248,0.263471467946505,0.264359423890553,0.384222511415671,0.00199260902778242,0.0720131665434644,0
2014-05-19,0.015350796659068,0.269202196706135,0.254885939075274,0.382939266060993,0.00250666350724009,0.0751151379912909,0
2014-05-20,0.0338986416344955,0.27509074679936,0.253018472794013,0.388775058576574,0,0.0492170801955577,7.59871583030397e-19
2014-05-21,0.047008187192616,0.266566739495273,0.259539680093668,0.361618538256228,0.00595352153273539,0.0593133334294806,0
2014-05-22,0.0308222030206427,0.275473173725473,0.259559424688448,0.360924362377691,0.00549739939257318,0.0677234367951718,0
2014-05-23,0.0364952940685994,0.298505460175673,0.25318399335255,0.355773072568455,0,0.0560421798347228,1.40197881034151e-17
2014-05-27,0.0342404463842588,0.299710746342797,0.261638455626486,0.343091409743774,0,0.0613189419026836,1.38521556684186e-17
2014-05-28,0.0385721419461234,0.294072826981071,0.266151202916539,0.336950340288677,0,0.0642534878675898,2.06323786599503e-20
2014-05-30,0.0359103310627691,0.288540175223778,0.269703656851418,0.336438451319859,0.00151338341901981,0.0678940021231561,0
2014-06-02,0.0425061054534192,0.27986264357112,0.284277067876994,0.339644623644274,0.00244225326819875,0.0512673061859939,0
2014-06-03,0.0461610481685059,0.287548769761849,0.266614291487489,0.330870147847787,0.00444266459784345,0.0643630781365254,0
2014-06-05,0.0469804493112089,0.287035462451413,0.264163806003018,0.329944355348463,0.00830710489281343,0.0635688219930834,1.38777878078145e-17
2014-06-06,0.0373682140705936,0.293879314067572,0.277438779225812,0.315723550956535,0.0115595607600689,0.0640305809194184,0
2014-06-08,0.0226621707836913,0.301224864130961,0.280843029727668,0.316187456559028,0.0130533789903901,0.066029099808262,0
2014-06-10,0.0203715535487542,0.298991530173081,0.273208910077874,0.32008786888992,0.0167823933068544,0.0705577440035171,0
2014-06-11,0.0190409670747943,0.298806488942731,0.272434289560089,0.32018742125525,0.0184566187884895,0.0710742143786457,0
2014-06-13,0.0344393736290418,0.306983424372614,0.275108535947934,0.317294748150277,0.00636407501275796,0.0598098428873746,0
2014-06-16,0.0387671405488444,0.317185554191552,0.274564437668754,0.313711552683417,0.00239949512867996,0.0533718197787526,0
2014-06-17,0.0284114227905272,0.31897946884864,0.268117378944521,0.292087848104964,0.0173260279587371,0.0750778533526116,0
2014-06-18,0.0284814308711088,0.308575994824354,0.270755340632069,0.285644845998036,0.0262887322961559,0.080253655378276,0
2014-06-20,0.0395290023884159,0.303332852891689,0.274459110986655,0.28115453986595,0.0198492093793286,0.0816752844879605,0
2014-06-23,0.0332058038747844,0.30678340470387,0.279766380977437,0.278952611450757,0.0224936684727813,0.0787981305203711,2.77555756156289e-17
2014-06-24,0.0249716033939088,0.312323399538752,0.274000170860494,0.291810629207249,0.0189108612478279,0.0779833357517675,0
2014-06-25,0.0208704954164722,0.327620777036731,0.267049451883089,0.288195380580671,0.0106766179132741,0.0855872771697628,0
2014-06-26,0.0216703078459277,0.329805686658392,0.260839459485475,0.295430628197059,0.00781783196804379,0.0844360858451022,2.77555756156289e-17
2014-06-27,0.0253595388267582,0.326250034879081,0.258772824336619,0.302774181123399,0.00797108193963101,0.0788723388945123,0
2014-06-30,0.0281499497102311,0.328500151460695,0.247077563515366,0.304770111297234,0.00838326408791974,0.0831189599285549,0
2014-07-01,0.0153300534041484,0.337566485067249,0.238429493990629,0.293286732054757,0,0.115387235483217,3.79286449915453e-19
2014-07-02,0.0158461395080724,0.330210796880067,0.238526371671367,0.296128957241296,0.00284108123083411,0.116446653468364,0
2014-07-03,0.0161998250488538,0.333011806160081,0.236784072045145,0.298169456753159,0,0.115834839992762,2.79632800904698e-17
2014-07-04,0.0243737621989642,0.314553639332599,0.227565434228825,0.314635904788997,0,0.118871259450614,2.77441385767924e-17
2014-07-05,0.0232741868881211,0.309650745874617,0.224352464415582,0.318548511709431,0,0.124174091112249,1.63246766314962e-22
2014-07-07,0.0208281339958264,0.307774069701846,0.227644619366363,0.315524141945698,0,0.128229034990267,6.3139517886554e-19
2014-07-08,0.0250982603430138,0.301218673504396,0.224014654745735,0.313062955363705,0.000544684176199975,0.136060771866951,0
2014-07-10,0.0215771622445006,0.290500435531384,0.239146291209749,0.308212079540104,0.00334496921870609,0.137219062255556,0
2014-07-11,0.0200421262981546,0.289838485426166,0.237092326757134,0.310712537397646,0.0041048286454182,0.138209695475481,0
2014-07-14,0.0204835271198526,0.303607333807729,0.23948016990848,0.304532013205294,2.16840434497101e-19,0.131896955958645,0
2014-07-15,0.020253211907266,0.301198416227832,0.242778944088876,0.303448280592564,0,0.132321147183463,3.07389214232039e-19
2014-07-16,0.0197980996771813,0.300438318529389,0.241661869462729,0.304635042621491,0,0.13346666970921,1.20900599640795e-22
2014-07-17,0.0230173783794795,0.299340198275949,0.24009422423664,0.306136173146889,0,0.131412025961043,0
2014-07-18,0.0203975644556757,0.296604613063374,0.251643487012276,0.3019828762968,0,0.129371459171875,6.5606724119108e-19
2014-07-21,0.0210922260488303,0.29685964285012,0.250658569092001,0.301925614797267,0,0.129463947211783,3.45601219963257e-19
2014-07-22,0.0261549152498668,0.297036112713612,0.252154511525227,0.301870572101963,0,0.122783888409331,0
2014-07-23,0.0327072796555478,0.296857475400035,0.271418169608726,0.279938745438001,0,0.11907832989769,8.63038853225601e-18
2014-07-24,0.0329843554476963,0.29173498145711,0.265571108652148,0.286211070066132,0,0.123498484376914,2.74264493400557e-17
2014-07-25,0.0340849831761535,0.29797337854341,0.254858297661421,0.287266523957339,0,0.125816816661677,0
2014-07-28,0.0325909259812973,0.299987713704769,0.250784749106424,0.289602194201696,0,0.127034417005813,5.84729510827686e-19
2014-07-29,0.0260244520746875,0.306701125237137,0.249510364022426,0.288007160402836,0,0.129756898262914,7.84325959710475e-19
2014-07-30,0.0322468758792867,0.301255433037322,0.254275340425061,0.283053352844861,6.93889390390723e-18,0.12916899781347,0
2014-07-31,0,0.308347801526007,0.258470657070602,0.26651848619021,0,0.166663055213181,2.52916179502953e-18
2014-08-01,0,0.312311345110108,0.252506577980731,0.273950987444187,4.78456813508943e-20,0.161231089464974,0
2014-08-04,0.00189946027815158,0.309642060063555,0.233999936899469,0.257731148218822,0,0.196727394540001,0
2014-08-05,1.0842021724855e-19,0.31006036966508,0.244966758402367,0.249397298549733,6.37322016277319e-18,0.195575573382819,0
2014-08-07,0,0.309078160201404,0.232941573617001,0.259058626496594,1.69080247526673e-18,0.198921639685001,0
2014-08-08,0,0.31148792470398,0.217006062002493,0.269821736110704,0,0.201684277182823,2.1933187801766e-17
2014-08-09,0,0.295841073023781,0.264103689759388,0.244692685340364,0,0.195362551876467,3.99413078583428e-18
2014-08-10,0,0.268669243212893,0.300928905527262,0.22581902075663,0,0.204582830503216,6.60680599002044e-18
2014-08-13,0,0.264663486092226,0.298072398960161,0.231924490050408,2.06697704038059e-17,0.205339624897205,1.80896242069979e-17
2014-08-14,0,0.263539292107432,0.296677522348184,0.230791515513818,0,0.208991670030565,0
2014-08-18,0,0.26115748340731,0.298965574048221,0.229030032661345,0,0.210846909883124,1.12666772258019e-18
2014-08-19,0,0.261323265124856,0.299067943138707,0.227796834217622,5.10391544596447e-18,0.211811957518815,7.26535122788924e-18
2014-08-20,0,0.252133905886067,0.297195887167157,0.239492777373074,3.0630468904094e-18,0.211177429573702,0
2014-08-21,0,0.260631821827513,0.272359047427312,0.254543306386162,0,0.212465824359013,0
2014-08-22,0,0.268219193349145,0.248838795538764,0.265289412859255,2.17286684032344e-17,0.217652598252837,4.62988621921262e-18
2014-08-25,0,0.256627552992795,0.232236993670359,0.288265828033889,0,0.222869625302957,2.85224072238919e-17
2014-08-26,0,0.254981082515377,0.230719933781422,0.290940535902508,0,0.223358447800692,0
2014-08-27,0,0.267218667186876,0.216874981501633,0.290225714043263,0,0.225680637268228,0
2014-08-28,0,0.269641451675337,0.218296015005267,0.293385446125149,3.02695022171331e-18,0.218677087194247,3.69138697181688e-18
2014-08-29,0,0.280938349687441,0.207715524791647,0.290955710378319,9.02763793532985e-19,0.220390415142592,0
2014-09-01,0,0.27033054883348,0.226353415951216,0.288469800106488,1.14647602863783e-17,0.214846235108816,0
2014-09-04,0,0.271771231437759,0.225784530474141,0.287015675368259,1.10873696182696e-18,0.215428562719841,0
2014-09-05,0.000400286530481082,0.275810986874905,0.225634180219725,0.280514579998828,0,0.217639966376061,0
2014-09-07,0,0.277045499997402,0.218902874471314,0.280164469453531,0,0.223887156077753,0
2014-09-09,0,0.2801710232586,0.220891789391798,0.280234515352234,0,0.218702671997368,0
2014-09-10,0,0.28440379344034,0.205005896167145,0.289278889614541,0,0.221311420777973,0
2014-09-12,0,0.267663417293362,0.206636466779153,0.291831447853951,2.05266959386249e-17,0.233868668073534,1.06414201437756e-17
2014-09-15,0,0.271521687680382,0.205842235517161,0.298133053137098,1.01342288355374e-17,0.224503023665359,1.56945847640801e-17
2014-09-16,0,0.267379602016567,0.211853460406856,0.291267715548981,1.688186313385e-17,0.229499222027596,8.74857904306023e-18
2014-09-17,0,0.223383562567151,0.215725526783104,0.315058747974717,9.10206517961732e-18,0.245832162675028,0
2014-09-18,0,0.223535485032557,0.21212629787374,0.306583001612363,2.36978822136739e-17,0.25775521548134,0
2014-09-19,0,0.224810468363619,0.209392850879555,0.308850590348265,0,0.256946090408561,0
2014-09-22,0,0.222998309299882,0.21176881195452,0.30841720289864,2.37252769946794e-17,0.256815675846959,0
2014-09-23,0,0.215284841528244,0.223475941034865,0.301722467369704,4.07663030928956e-18,0.259516750067187,1.14709653765509e-17
2014-09-24,6.93889390390723e-18,0.222993400077967,0.210160224456776,0.300921309913402,0,0.265925065551855,0
2014-09-25,0,0.221759087426928,0.207634078492545,0.303115148484048,0,0.267491685596479,0
2014-09-26,0,0.234580946698099,0.196976322542353,0.303421070738141,2.52702601122671e-18,0.265021660021407,0
2014-09-29,0,0.271573727044764,0.192953484407842,0.290837814127371,0,0.244634974420024,0
2014-09-30,0,0.266464604274688,0.199410086771684,0.287329235660851,0,0.246796073292777,0
2014-10-01,0,0.26565293883109,0.204965094724996,0.281699583592532,1.16874409937905e-17,0.247682382851383,1.56739132777839e-17
2014-10-02,0,0.254901913076512,0.175976312284117,0.307201484515679,0,0.261920290123692,0
2014-10-03,0,0.27006285181506,0.176723301135159,0.297655671511179,0,0.255558175538603,0
2014-10-04,0,0.266106011059177,0.178437210084844,0.300598877327321,5.49796838769609e-19,0.254857901528658,1.45789980723886e-17
2014-10-06,0,0.240728485779274,0.198739144205756,0.267978980464707,0,0.292553389550263,3.88199483257455e-18
2014-10-07,0,0.245080603868837,0.195870526581284,0.288852735604065,0,0.270196133945814,0
2014-10-09,0,0.248872946717757,0.227413015905425,0.262372353134739,0,0.261341684242078,1.92219235939003e-17
2014-10-10,0,0.241755321972253,0.264772967871728,0.236365013751785,0,0.257106696404234,1.68072926321401e-17
2014-10-11,0,0.241192191860605,0.261592286234311,0.242751777313179,0,0.254463744591904,1.29127593731671e-17
2014-10-12,0,0.247092838828249,0.251519339367993,0.252892184407824,0,0.248495637395933,2.24913190787835e-17
2014-10-13,0,0.253617982641324,0.247062258227548,0.252284295384835,1.26610111274901e-17,0.247035463746293,1.26166990181979e-17
2014-10-14,0,0.281058875649059,0.190003785069883,0.238295866005895,0,0.290641473275162,1.18773622291556e-17
2014-10-15,0,0.225480800434259,0.224296153643456,0.259904318592112,0,0.290318727330173,6.27560306681097e-18
2014-10-16,0,0.223454422430091,0.201634979395895,0.277563169622416,0,0.297347428551598,2.34149682845716e-17
2014-10-17,0,0.187590902504708,0.21354636853855,0.305795278659759,0,0.293067450296984,8.68967910101722e-18
2014-10-20,0,0.191253139765034,0.204556963861877,0.303480567992853,1.08305710917452e-17,0.300709328380236,2.70918213824239e-18
2014-10-21,0,0.188446829876448,0.200898151104803,0.303569132543263,0,0.307085886475485,1.27580310370508e-17
2014-10-22,0,0.187120251639014,0.189542730138378,0.30492644600667,1.51560838107036e-17,0.318410572215939,0
2014-10-23,0,0.180606004099964,0.184121709574153,0.309450203614932,1.21249037281152e-17,0.325822082710951,3.58089425211748e-17
2014-10-24,0,0.169267331141986,0.187266800879211,0.317748172867767,0,0.325717695111037,1.98809862836551e-17
2014-10-27,0,0.162773898506213,0.185234843915224,0.329638166312805,0,0.322353091265758,0
2014-10-29,0,0.156812460067586,0.179068802172136,0.333898896191257,0,0.330219841569021,3.65762990415802e-18
2014-10-30,0,0.164399534918802,0.175398599605633,0.343424257538607,0,0.316777607936958,1.29120972980315e-17
2014-10-31,1.59492423613358e-18,0.138641116210223,0.19883485601936,0.332294397480336,0,0.330229630290081,0
2014-11-02,0,0.130327698228058,0.204669685566401,0.33710093183198,0,0.327901684373561,1.24559000519076e-18
2014-11-03,3.08087121922466e-19,0.138105129694428,0.204064829824586,0.334591594947301,0,0.323238445533685,3.80819291350831e-18
2014-11-04,3.8123599130402e-19,0.131068188883008,0.196468535558424,0.354155730078954,0,0.318307545479613,2.04701892507541e-17
2014-11-06,6.76107604220742e-19,0.128055964922559,0.198911938564952,0.351808694620415,0,0.321223401892074,0
2014-11-07,0,0.113917518197723,0.229886661913498,0.351491903535528,0,0.304703916353251,0
2014-11-08,0,0.116504542046577,0.231031559338774,0.353073763598973,2.51154798076555e-17,0.299390135015676,0
2014-11-09,0,0.12048686060962,0.228933204038217,0.348343944945384,2.37875653405847e-17,0.302235990406778,0
2014-11-12,0,0.165204935875032,0.237127002285442,0.295612473557546,0,0.302055588281979,0
2014-11-13,0,0.177495950818195,0.242206963930846,0.28947958223712,3.46944695195361e-18,0.290817503013839,1.84275717072051e-17
2014-11-14,1.01044227347705e-19,0.182259903043929,0.239296779033279,0.291705432184617,0,0.286737885738175,0
2014-11-17,3.04470393942466e-19,0.185531360409281,0.235475663168673,0.29373539449771,0,0.285257581924335,0
2014-11-18,1.74082769394291e-19,0.18759364678358,0.236789236957284,0.296111204939377,0,0.279505911319758,3.08448308400895e-17
2014-11-19,3.07081523893437e-19,0.190023719918888,0.230472451627922,0.300302784034404,0,0.279201044418785,0
2014-11-20,1.22366087557672e-18,0.188192419592093,0.231536998558985,0.301724625562888,0,0.278545956286034,4.30054300810644e-18
2014-11-21,0,0.136709607577162,0.21762931494791,0.33239668810158,0,0.313264389373348,1.42512543314451e-17
2014-11-24,0,0.138723556688092,0.200283446791934,0.348958170245366,0,0.312034826274608,2.52046035190936e-17
2014-11-25,3.01445073589242e-19,0.124835492861819,0.20455746175711,0.353015100827879,0,0.317591944553192,0
2014-11-26,2.68712148169156e-19,0.125505192522057,0.200852150703629,0.355601473210868,0,0.318041183563446,6.03820694015921e-18
2014-11-28,6.37483764114848e-19,0.131666715668445,0.209930371123118,0.361433200475661,0,0.296969712732776,0
2014-12-02,0,0.135228603227981,0.199309411868981,0.365805231458707,0,0.299656753444331,0
2014-12-03,0,0.141151595724158,0.206492842251108,0.367063113394799,0,0.285292448629934,0
2014-12-05,2.95699331863825e-19,0.137401665372343,0.176887915647492,0.410579557940552,0,0.275130861039613,3.96928056487758e-17
2014-12-06,0,0.160689414223531,0.185798411145156,0.323323624390798,0.0110183048697009,0.319170245370815,0
2014-12-08,0,0.154499706815102,0.184325846674064,0.32144943634554,0.0188346979716938,0.320890312193601,0
2014-12-09,0,0.153170219795537,0.183319211228527,0.322269819136676,0.0202510315323212,0.320989718306938,0
2014-12-11,0,0.152961439126097,0.183341402130122,0.322886614608098,0.0208071341596866,0.320003409975996,0
2014-12-12,0,0.155265553170382,0.193830675660525,0.305800010439242,0,0.345103760729852,0
2014-12-15,0,0.146205615302772,0.198448937111871,0.308827170027202,0,0.346518277558154,0
2014-12-16,0,0.163484482061504,0.211446133860419,0.294733955703873,0.0221311918157894,0.308204236558415,1.96463193366075e-17
2014-12-17,0,0.17364795621798,0.193448544421451,0.294256560901371,0.0135148165746178,0.32513212188458,0
2014-12-18,0,0.137014425924574,0.164272901908592,0.243313163971636,0.0482882055393918,0.407111302655806,0
2014-12-19,0,0.147949083677617,0.16859901080174,0.215381247935738,0.05214054172863,0.415930115856274,3.66598409279642e-19
2014-12-22,0.00027402244839313,0.171736999363803,0.196438293612313,0.196742396445531,0.034662757910112,0.400145530219847,0
2014-12-23,0.00108861949208561,0.164030051163448,0.179570141937855,0.198879948096073,0.0370849312714845,0.419346308039054,0
2014-12-29,0,0.158391874371467,0.168849669524664,0.205459326474614,0.0461115666293261,0.421187562999928,8.43885185073725e-20
2014-12-30,0,0.169727489339729,0.157208913059884,0.195327485380988,0.0550656702028956,0.422670442016504,0
2015-01-04,0,0.171160277268769,0.159651862919945,0.194759187905219,0.0520796546595046,0.422349017246562,6.02181147565051e-19
2015-01-09,0,0.157701972968743,0.169253470735951,0.202640709714077,0.0557912987381188,0.41461254784311,2.43592566649622e-18
2015-01-10,0.0127432004614734,0.165296215292742,0.161917718189882,0.203882211928559,0.0556069893976377,0.400553664729705,0
2015-01-13,0.0113926727471001,0.161052573838229,0.156994665879753,0.20992165783624,0.05505303622579,0.405585393472887,0
2015-01-14,0.0140219945506014,0.149739280203624,0.156296642101672,0.21095009368658,0.0617501671308871,0.407241822326636,0
2015-01-15,0.00883969077423761,0.189171508690634,0.182424681550375,0.188919775694255,0.0386447358391237,0.391999607451374,0
2015-01-16,0.00770104772323333,0.199916977902354,0.197491207177135,0.173175141294902,0.0350913176822083,0.386624308220168,0
2015-01-20,0.00912376293422255,0.193040578308631,0.198356164360577,0.164697691925779,0.0376331769532066,0.397148625517584,0
2015-01-21,0.0178790420632208,0.192696720635883,0.203886314994944,0.169824554994161,0.030703463636913,0.385009903674879,0
2015-01-22,0.0130725967277772,0.185343462565531,0.192720498390468,0.180047025105388,0.0354633192330128,0.393353097977823,0
2015-01-23,0.0125617823797149,0.172375311231196,0.205683066936475,0.175083980021533,0.0457887985099957,0.388507060921086,0
2015-01-26,0.0102896051887093,0.183373029604353,0.198526627581855,0.176235862925813,0.0317819801403198,0.399792894558949,0
2015-01-27,0.00690972700534602,0.189646186036466,0.196290322854449,0.176248122433289,0.0279251409650412,0.402980500705409,0
2015-01-28,8.06523801571858e-05,0.198381302756122,0.197396286751798,0.183800762940646,0.0189647933115104,0.401376201859767,0
2015-01-29,0,0.201022652797069,0.202347048446276,0.179435593931778,0.0195789158521344,0.397615788972742,1.78658243488726e-17
2015-01-30,0,0.19404037773009,0.192980854069506,0.185663742351276,0.0263226938474692,0.40099233200166,0
2015-02-02,0,0.195148404570718,0.192574825548027,0.190851424414873,0.025290867200401,0.396134478265981,0
2015-02-03,0.00590327611069018,0.199609027761943,0.199343035427853,0.182848022800449,0.0352409374047572,0.377055700494307,0
2015-02-04,0.00648541032186653,0.194407611051485,0.196782400975553,0.179668775775778,0.0344874162533017,0.388168385622015,0
2015-02-06,0.00607115245651023,0.196524952007712,0.197703737194716,0.180515336129221,0.0340717904781128,0.385113031733728,1.38777878078145e-17
2015-02-09,0.000702144423914849,0.196343199245033,0.189705141313914,0.169573789200418,0.0420569589617525,0.401618766854967,0
2015-02-10,0.000849625521989921,0.197184552419054,0.188718373208229,0.17179324145751,0.0409837707136285,0.400470436679587,0
2015-02-11,0,0.206243281137806,0.197308345601685,0.169181487735136,0.0431400118350048,0.384126873690368,2.49290415203189e-18
2015-02-13,0,0.203098030463926,0.195286238316019,0.174450355139066,0.0426618989624602,0.384503477118528,0
2015-02-17,0,0.2051360935893,0.187110396260228,0.178325390367192,0.0496551176371447,0.379773002146136,0
2015-02-18,0,0.211515092641429,0.188466961213439,0.178546815615507,0.0483931053870433,0.373078025142583,0
2015-02-19,0,0.211893487298867,0.192351186600146,0.180359311143698,0.0488567735596032,0.366539241397686,0
2015-02-20,0,0.20051539707603,0.193347224694563,0.178022696259657,0.0595231310964104,0.36859155087334,8.37349928533884e-18
2015-02-24,0,0.193824436081825,0.196654275246137,0.177174652981426,0.06186149283754,0.370485142853073,0
2015-02-25,0,0.190141823949008,0.198683275773015,0.177280248340182,0.0619334034007952,0.371961248536999,0
2015-02-26,0,0.190999288098951,0.196445664584413,0.178054340133722,0.0618957045675851,0.37260500261533,2.27138445937632e-17
2015-02-27,0,0.188436982281351,0.193702675116572,0.17173205631902,0.0632166620932568,0.3829116241898,1.83239758670096e-17
2015-03-02,0,0.173178364787077,0.188612156398306,0.177759907762898,0.0677681694572402,0.39268140159448,2.3323153593757e-17
2015-03-03,0,0.161074016743641,0.19674584238891,0.183511288181054,0.0722264869936278,0.386442365692767,1.86256294678783e-17
2015-03-06,0,0.157229771673728,0.193556131630391,0.188178673669573,0.0735558848240172,0.38747953820229,1.23365681911676e-17
2015-03-08,0,0.156416324238071,0.201673690129481,0.183634756996693,0.0753049564628397,0.382970272172915,0
2015-03-09,0,0.145152028936234,0.19679258376062,0.185199133812834,0.081039673166484,0.391816580323828,9.40043891299887e-18
2015-03-11,0,0.148946369136714,0.184338289660948,0.191830935181109,0.0784879110088739,0.396396495012355,7.92490257047944e-18
2015-03-12,0,0.140044024735813,0.186970804716272,0.192103165017348,0.0818984525751333,0.398983552955434,0
2015-03-13,0,0.142624527679499,0.1862381459964,0.192827792229567,0.0799060089369075,0.398403525157627,1.94056272246928e-18
2015-03-16,0,0.139764656693782,0.187554565217599,0.191438601491218,0.081649946639959,0.399592229957441,1.62882007274376e-18
2015-03-17,0,0.137469674547471,0.21084759407022,0.177703259554947,0.0838616485156087,0.390117823311754,0
2015-03-18,0,0.176542580037385,0.181332994491471,0.178373640590053,0.0676770388669735,0.396073746014118,0
2015-03-19,0,0.192525450415596,0.197343097558294,0.167709804823874,0.0559932936331473,0.386428353569089,5.74535121146888e-18
2015-03-20,0,0.196959239078498,0.174984899583726,0.169180855690314,0.0595069980737742,0.399368007573687,0
2015-03-23,1.52095501771269e-18,0.199244689207831,0.178741385215652,0.169056483820036,0.0572406013175938,0.395716840438887,0
2015-03-24,1.58232221592686e-19,0.202516950658092,0.176141338731979,0.168906783430561,0.0563461504732876,0.39608877670608,0
2015-03-26,1.82714271294198e-18,0.214476630759092,0.173928608680216,0.169534480803301,0.046617266329418,0.395443013427974,0
2015-03-27,0,0.217924543029285,0.1790353875475,0.166359772040486,0.0456317399809791,0.39104855740175,0
2015-03-30,0,0.215456805102595,0.180750777250369,0.164403508919914,0.0448659647588116,0.394522943968311,0
2015-03-31,3.43167131696861e-20,0.227994902780156,0.185854485385791,0.161976304845614,0.0358704881746171,0.388303818813822,1.73472347597681e-18
2015-04-02,1.73472347597681e-18,0.225246228251966,0.1915612541704,0.157632581812216,0.0397869605643986,0.379118616488621,0.00665435871239831
2015-04-03,1.73472347597681e-18,0.22441716714493,0.208613633080926,0.157342802595023,0.0299107662339522,0.360524786267595,0.0191908446775744
2015-04-05,0,0.239675676937415,0.186155643011807,0.173603201446108,0.0156562774153866,0.352912096498008,0.0319971046912751
2015-04-08,0,0.242836149022741,0.183563614038247,0.167880179072817,0.0127241625752966,0.356049212310603,0.036946682980295
2015-04-09,0,0.22451289508318,0.187118585265678,0.169333811457065,0.00845378543725022,0.367343749567469,0.0432371731893569
2015-04-11,0,0.247406046395464,0.192093349226069,0.16165903309497,0.00363142847131824,0.365871072156339,0.0293390706558393
2015-04-12,0,0.247371424069634,0.195061191466779,0.151645030378474,0.00351347794146762,0.370997527793732,0.0314113483499132
2015-04-14,0,0.254652534945087,0.182316006040822,0.146470347714175,0.0210355918225964,0.38106914250004,0.0144563769772785
2015-04-15,0,0.25162634388536,0.18057976457785,0.14630539111263,0.0215516849869156,0.384502291956557,0.0154345234806871
2015-04-16,0,0.252698315293878,0.1820712812007,0.145287777065636,0.0217193651686218,0.382308764123668,0.0159144971474967
2015-04-17,0,0.248722514752834,0.184764213148006,0.168966995095249,0.0246029242453246,0.372943352758586,0
2015-04-20,0,0.244319986895914,0.187734629210735,0.172682182850475,0.0232959674165429,0.371967233626334,0
2015-04-21,0,0.237038718378464,0.185679226569574,0.17431047300209,0.0297313561407821,0.37324022590909,8.48524286788465e-20
2015-04-22,0,0.239712446758057,0.185718538384337,0.175024223568319,0.0274632663757736,0.372081524913514,2.86075239386626e-18
2015-04-23,0,0.239976534977406,0.185526929216808,0.175224152858218,0.0263470691803419,0.372925313767226,0
2015-04-24,0,0.241873826234669,0.182799060257724,0.177786402397409,0.0220250316470521,0.375515679463145,0
2015-04-27,0,0.251014750655924,0.168180172841338,0.192987978654964,0.0188630958577713,0.368954001990002,0
2015-04-28,0,0.248875773989111,0.181575972751619,0.17730006357291,0.0353896878515576,0.356858501834802,7.84813245855481e-18
2015-04-29,0,0.247171982035302,0.190520723447015,0.169960220674283,0.0293409562490775,0.363006117594323,9.24175493301266e-18
2015-04-30,0,0.252519905689386,0.187060837329414,0.16981740596421,0.0259713585649501,0.36463049245204,0
2015-05-01,0,0.224081022700647,0.207908075542894,0.166260667421456,0.0319452559682561,0.369804978366747,0
2015-05-02,0,0.201820873599883,0.202362502731672,0.168820025154339,0.036991621075328,0.390004977438777,0
2015-05-03,0,0.204084646177225,0.223256736945381,0.162216583982253,0.0478712586994409,0.3625707741957,3.08621557744687e-18
2015-05-05,0,0.192115435493377,0.221204376742955,0.162263871507846,0.0504874832901176,0.373928832965705,0
2015-05-06,0,0.203665926374635,0.215794441484703,0.174921584686735,0.0374262279522015,0.368191819501725,9.86942399134771e-18
2015-05-08,0.00245934435038581,0.210748232926323,0.225245105932485,0.208221515192179,0.0278402586656322,0.325485542932995,0
2015-05-10,0.000933667120463193,0.202308155440048,0.225464862317905,0.212422218857075,0.0325639225246291,0.32630717373988,0
2015-05-11,0.000277630777019642,0.202976442414411,0.223118362015327,0.208911251812341,0.0343726238769124,0.330343689103989,0
2015-05-13,0.000143428351446998,0.210492027734563,0.227859817536093,0.20950210375722,0.0299673816084952,0.322035241012182,0
2015-05-15,0,0.20088808801433,0.231299717313005,0.214440451208227,0.05336088290612,0.300010860558318,4.7679940243166e-18
2015-05-18,0,0.194026184543686,0.234728588005307,0.20711946640248,0.0835078683904825,0.280617892658044,0
2015-05-19,0,0.189143235641954,0.24309951648234,0.206462235067166,0.0633224169500499,0.297972595858489,0
2015-05-20,0,0.177189220286428,0.242561813429456,0.209978166128482,0.0720524379265304,0.298218362229102,0
2015-05-21,0,0.202122682700987,0.254680749014642,0.232296747813174,0.0573190192224707,0.253580801248727,0
2015-05-22,0,0.204986114236533,0.254426468735603,0.25467821794811,0.0559731534984873,0.229936045581267,0
2015-05-26,0,0.204471054351683,0.257805803042257,0.257670788104491,0.0507465556374258,0.229305798864143,0
2015-05-27,0,0.207244624373982,0.302346427774726,0.243139861528787,0.0406898172739299,0.206579269048575,0
2015-05-28,0,0.213417474808465,0.30739138516314,0.243674561794466,0.0334226932223567,0.202093885011572,2.07091047791426e-18
2015-05-29,8.67361737988404e-19,0.204465995731765,0.317934231105915,0.244334550642232,0.0329282930311011,0.200336929488987,2.47395392934898e-18
2015-06-02,0,0.203688238585458,0.312840963815729,0.245702676730323,0.0358326895366189,0.201935431331871,0
2015-06-03,0,0.209066186568172,0.302923595931106,0.240438571300871,0.0378553074102597,0.209716338789591,0
2015-06-05,0,0.202578454515997,0.304804135363252,0.238439040263145,0.0342915553053843,0.219886814552222,0
2015-06-08,0,0.204276650599791,0.29980199942744,0.240333665991524,0.0363603548549301,0.219227329126316,2.33753060001585e-17
2015-06-10,0,0.21798017118943,0.294237925460506,0.238188740720881,0.0281817025139441,0.221411460115239,0
2015-06-11,0,0.1999681462611,0.282235656181341,0.252235917710294,0.0274718568680125,0.238088422979253,1.27391314762757e-18
2015-06-15,0,0.192310569476735,0.273597936339379,0.253135886025165,0.0267788039052451,0.254176804253476,0
2015-06-16,0,0.197258492569086,0.267998383329615,0.260547986666733,0.0302076470304958,0.24398749040407,0
2015-06-17,0,0.194653217922584,0.273096762047645,0.257662061082694,0.0328772168095982,0.241710742137478,0
2015-06-18,0,0.199320507882474,0.281435608474965,0.251970838091017,0.0354512145113973,0.231821831040146,1.09032497512214e-17
2015-06-19,0,0.199532431973417,0.282021059933293,0.251357830353413,0.0353383061529015,0.231750371586974,0
2015-06-22,0,0.18336750537834,0.318551637955779,0.248895682038987,0.0346735929152001,0.214511581711694,9.97426358385354e-18
2015-06-23,0,0.180570023800844,0.316611387832275,0.252790791067238,0.0381757298896749,0.211852067409969,4.11230330022768e-17
2015-06-24,0,0.180791244579728,0.321316409772226,0.252444122056487,0.0410616392957174,0.204386584295842,3.07127541884412e-17
2015-06-25,0,0.176779471230266,0.317201194653659,0.255931428304253,0.0412328620461121,0.208855043765711,7.51504982193467e-18
2015-06-26,0,0.176506960443765,0.31691335792545,0.249234798962138,0.0424671585235306,0.214877724145116,0
2015-07-01,0,0.187885953709663,0.316021009575271,0.242467444634708,0.0407119276271571,0.212913664453201,0
2015-07-04,0,0.199572631864354,0.311216656941836,0.2601436740771,0.0190635082231991,0.210003528893511,0
2015-07-05,0,0.196485955699311,0.302463622628412,0.271968029729366,0.0244232002456845,0.204659191697227,0
2015-07-08,0,0.195885237987324,0.299231000619126,0.282269176973946,0.0307255617451382,0.191889022674466,7.68482037648756e-19
2015-07-10,1.73472347597681e-18,0.200457096175493,0.298468163999607,0.299458596953056,0.0182158230116715,0.183400319860172,5.5877677495535e-18
2015-07-12,0,0.205439113294696,0.286171603179624,0.315411109126879,0.0246905951965594,0.168287579202241,1.27708245933357e-17
2015-08-01,0,0.186313914182292,0.289781281853143,0.314093520689126,0.0282312722883555,0.181580010987084,1.73724221225428e-18
2015-08-04,0,0.198927922113324,0.30612323238399,0.273889275929101,0.0425046276075516,0.178554941966033,0
2015-08-05,0,0.184952127863785,0.300377709943116,0.278223983699613,0.0516240951168111,0.184822083376675,5.03372267954982e-18
2015-08-06,0,0.189166950570545,0.286166644796984,0.289937924423569,0.0424702068688053,0.192258273340097,1.80883632126856e-17
2015-08-09,0,0.191626469832375,0.289896480912058,0.287069443859446,0.0340782462274467,0.197329359168674,0
2015-08-10,0,0.196216521616293,0.294473160898994,0.275623156848833,0.0336077682045795,0.200079392431301,0
2015-08-13,0,0.197937786106315,0.294109536057374,0.277618631865643,0.0292274407345843,0.201106605236084,8.22159363312785e-18
2015-08-14,0,0.198653812434908,0.295011313331499,0.273085152009424,0.0325006523147902,0.20074906990938,6.38251673014608e-18
2015-08-17,0,0.207122197838519,0.290046068583615,0.275493977150913,0.0287723704704981,0.198565385956455,0
2015-08-18,0,0.200802024763598,0.295152072127052,0.278938571069822,0.0303788976552216,0.194728434384306,5.49154831872833e-18
2015-08-19,0,0.205608670791303,0.297049258852737,0.272127686657333,0.0357171851057751,0.189497198592851,0
2015-08-20,0,0.225266653163013,0.295860333424174,0.27025762185076,0.0164296381208804,0.192185753441173,0
2015-08-21,0,0.221270847209261,0.292729341444647,0.280198321782387,5.42101086242752e-20,0.205801489563705,9.30565585540833e-18
2015-08-24,0,0.22584768297709,0.326687510412063,0.227887176406759,0.00884261396908254,0.210735016235006,0
2015-08-25,0,0.206052107461816,0.312195385444594,0.233189434006888,0.0017346044903735,0.246828468596329,6.20743601561718e-17
2015-08-26,0,0.201649090322805,0.288427452216187,0.258624169409053,0,0.251299288051955,4.71351606229206e-17
2015-08-27,1.06748675951335e-19,0.199116315444339,0.288993686622193,0.257071300764066,0,0.254818697169401,0
2015-08-28,3.56124728726054e-20,0.201923918510929,0.29033680908282,0.262739088892579,0,0.245000183513672,6.49309416013473e-18
2015-08-31,7.94739826197028e-21,0.203883396286423,0.285507991955643,0.265778463347347,0,0.244830148410587,0
2015-09-01,0,0.204208787810552,0.282082551946709,0.268870398747287,0,0.244838261495452,7.24545145167441e-17
2015-09-02,0,0.174012078509058,0.294199845914097,0.255724524377714,0.0249819304428564,0.251081620756274,6.40934607806588e-17
2015-09-03,0,0.176934429558053,0.296237599157379,0.252205185045884,0.0229372741785742,0.251685512060109,8.91443137863497e-18
2015-09-04,0,0.208552351693353,0.293854532178207,0.25050761679905,0.0246186510692987,0.222466848260091,0
2015-09-06,0,0.206065061927162,0.290006164235415,0.254266606721362,0.027659995717835,0.222002171398227,5.26809078330703e-17
2015-09-09,0,0.192062706147998,0.299200654440682,0.246742834143113,0.0373137957499419,0.224680009518265,2.97100346676459e-17
2015-09-10,0,0.182784386356681,0.296305962199729,0.253218002072291,0.0534973854224036,0.214194263948896,0
2015-09-11,0,0.18526676348523,0.297445740550688,0.252033711398291,0.0522213726147135,0.213032411951078,1.98809400861749e-17
2015-09-12,0,0.198347471713901,0.298661288714675,0.262333369725469,0.0452384227781038,0.195419447067851,0
2015-09-14,0,0.194702356912493,0.293204695914529,0.271036589619333,0.0456689149356247,0.19538744261802,0
2015-09-15,0,0.200926767356923,0.286801005937258,0.277898076537882,0.0408102658375641,0.193563884330374,0
2015-09-16,0,0.207998175304977,0.273774144878681,0.282732441765269,0.0330899032853803,0.202405334765693,0
2015-09-17,0,0.204823239588149,0.283763827335979,0.273215208495116,0.0337551312511417,0.204442593329614,0
2015-09-18,0,0.195550615990447,0.275747811039107,0.298043072627811,0.0256572885109999,0.205001211831634,2.59719615909375e-17
2015-09-21,0,0.189420624988235,0.294518245763854,0.267646204691283,0.0425897058830075,0.205825218673622,5.34387831123044e-17
2015-09-22,0,0.16720991278499,0.310907992588987,0.258134485634443,0.0578923832170175,0.205855225774563,5.63470770793953e-17
2015-09-23,0,0.166346333510147,0.311608202592162,0.258880549690468,0.0583352600164868,0.204829654190737,0
2015-09-24,0,0.158486699202314,0.319518124319247,0.269383786059059,0.0503154713412062,0.202295919078174,8.0050760422522e-17
2015-09-25,0,0.142400589403857,0.323875912211026,0.265510472471349,0.0596070760708039,0.208605949842964,8.44123135709954e-18
2015-09-28,0,0.114528300790235,0.29033815477202,0.290120836721274,0.0741153442094682,0.230897363507003,0
2015-09-29,0,0.117001579543192,0.291560960220513,0.284474543908576,0.0726616329671888,0.23430128336053,0
2015-09-30,0,0.126084783862185,0.28641050494886,0.279138576472747,0.0706927499211174,0.23767338479509,1.43806390522034e-16
2015-10-02,0,0.1307292321044,0.293048800880458,0.272942389317214,0.0628276783733852,0.240451899324543,0
2015-10-03,0,0.12580746705626,0.30556549682701,0.268792987337258,0.0568735320689663,0.242960516710506,0
2015-10-06,0,0.122299158116696,0.308661584673847,0.278449998366533,0.0549941546003206,0.235595104242604,0
2015-10-08,0,0.123339005051644,0.314389846851602,0.274002862297827,0.0589878284304676,0.22928045736846,4.6466540051457e-17
2015-10-09,0,0.121375237678163,0.322461007914503,0.263194277496416,0.0596004786460168,0.233368998264902,0
2015-10-11,0,0.124162057457341,0.320905621199563,0.261914564222264,0.0559457270543808,0.237072030066452,0
2015-10-12,0,0.121289709877931,0.323649481372324,0.257022310904348,0.066080598776016,0.231957899069381,5.02449416106467e-17
2015-10-13,0,0.10452703478446,0.34225501894961,0.248842518485771,0.0743891529269909,0.229986274853167,0
2015-10-14,0,0.129021142148885,0.325672172714819,0.247143296882255,0.0709587783588559,0.227204609895185,0
2015-10-15,0,0.139249643496089,0.327494466882989,0.242853958171041,0.0666847042199285,0.223717227229952,0
2015-10-16,0,0.128889038973009,0.326939742728248,0.24340923232409,0.0628653669418592,0.237896619032794,0
2015-10-19,0,0.134711069595995,0.323127879216386,0.24388899201718,0.0620633809649262,0.236208678205514,0
2015-10-20,0,0.114580361871417,0.338336767293388,0.215552438836339,0.0843758678788301,0.247154564120026,0
2015-10-21,0,0.112337985180402,0.33489450654169,0.202849845427133,0.0873688873067355,0.26254877554404,0
2015-10-22,0,0.122123680755283,0.336022869006633,0.197031791019428,0.084137209473092,0.260684449745565,0
2015-10-23,0,0.113906659109195,0.336973118176789,0.202392363559519,0.0871889861365645,0.259538873017932,0
2015-10-27,5.06754627504102e-20,0.107332010104253,0.339188322095541,0.196077663188533,0.09396254571724,0.263439458894433,0
2015-10-29,8.32903297944346e-20,0.0997500263217296,0.342007775443758,0.201311736867592,0.0962180628561387,0.260712398510782,0
2015-10-30,0,0.0700272016873122,0.320809775608443,0.205526728901923,0.105840223718567,0.275043494860674,0.02275257522308
2015-11-02,0,0.0488303564557363,0.331953512790762,0.190916079153797,0.0940659519014161,0.253565397284452,0.0806687024138369
2015-11-03,0,0.0581321116618226,0.352493262770176,0.177872329299379,0.0917800637406869,0.248998316114911,0.0707239164130243
2015-11-05,6.93889390390723e-18,0.0540990051724251,0.351627324131321,0.175174739232758,0.0954371170315283,0.252174945560225,0.0714868688717431
2015-11-06,0,0.0488610327686362,0.362226797708775,0.159301872242152,0.0910421703419292,0.264093374214699,0.0744747527238085
2015-11-08,0,0.0438638245623521,0.352597469916717,0.157569101132454,0.107743752331197,0.276909937061922,0.061315914995358
2015-11-09,0,0.0160177242235415,0.323896493224972,0.166963353901267,0.113915663661289,0.292517199797161,0.0866895651917689
2015-11-12,0,0.00158152820790311,0.308188545564342,0.189460026525364,0.112757874670952,0.283103835882957,0.104908189148482
2015-11-13,4.70889153986063e-20,0,0.334063752266295,0.163489969205497,0.120753246343151,0.28739994686382,0.0942930853212377
2015-11-16,8.36580872003036e-20,0,0.338353050468026,0.160986755441842,0.12127493776717,0.285428774471806,0.0939564818511552
2015-11-17,0,0,0.310762288393015,0.18323641033537,0.12460091453667,0.289404925967695,0.0919954607672506
2015-11-18,5.98570914347568e-20,0,0.308208922244693,0.189671038430224,0.125180453208937,0.288280272515885,0.0886593136002616
2015-11-19,1.27016216815827e-19,0,0.299213563167339,0.196965976461514,0.123420594952546,0.288826302420702,0.0915735629978994
2015-11-20,4.46677575112032e-20,0,0.299296797830152,0.197189156754364,0.123454640047443,0.288571481578173,0.0914879237898678
2015-11-23,6.69775234079978e-20,0,0.304611114340798,0.189424706265264,0.1516922185624,0.276840939479581,0.0774310213519571
2015-11-24,0,0,0.314455960106322,0.189563745075974,0.143114076651151,0.261404795146286,0.0914614230202674
2015-11-25,0,1.73472347597681e-18,0.250645137415945,0.195844187659649,0.117469372088227,0.281324624774321,0.154716678061857
2015-12-01,1.49854884733961e-19,0,0.238270734230078,0.198846373579872,0.115057640597336,0.290103150869843,0.157722100722871
2015-12-02,0,0,0.234984154890544,0.204206409688045,0.104002993621469,0.293997322647208,0.162809119152733
2015-12-03,0,0,0.235925554835139,0.203984503100203,0.101175894119932,0.29326558343247,0.165648464512256
2015-12-05,0,0,0.167854223636856,0.22314451980445,0.118102848617871,0.309772292728832,0.181126115211992
2015-12-06,6.94139259620451e-18,0,0.168230323389168,0.225246360545197,0.115810682821676,0.310820922979593,0.179891710264367
2015-12-08,8.54896765577002e-20,0,0.179010472398855,0.201100404624063,0.105750248055799,0.335463868293913,0.17867500662737
2015-12-10,0,0,0.180418294936159,0.200940863221501,0.103981411665795,0.334196677588184,0.18046275258836
2015-12-11,0,0.0494626429156513,0.213575753038721,0.195187031377265,0.101726632798603,0.313683885701534,0.126364054168225
2015-12-14,0,0.0391526209808354,0.218981367092937,0.215272024660301,0.112335962898034,0.298079781253005,0.116178243114887
2015-12-15,0,0.00980649331455824,0.265465634692582,0.188005577842665,0.112993850341474,0.306377466732172,0.117350977076549
2015-12-16,0,0.00167590721199901,0.267215322100255,0.179956542689033,0.126597230545963,0.307445495971751,0.117109501481
2015-12-17,0,0.000466013752333437,0.281428174251825,0.173993053966508,0.122662680788797,0.303268711008628,0.118181366231909
2015-12-18,0,0,0.276921507489623,0.183629428216931,0.120644115276408,0.29469747471054,0.124107474306498
2015-12-21,0,0.0257845558285836,0.314406928821858,0.150124359605052,0.100069933141881,0.293896374119094,0.115717848483532
2015-12-22,0,0.0305888526900253,0.311778143850547,0.143946454558126,0.0818959799040417,0.290511574247271,0.141278994749989
2015-12-23,0,0.0321193468413118,0.296195539453146,0.176899810273999,0.0842381766799171,0.294332431637437,0.116214695114189
2015-12-28,0,0.047001080414405,0.310854532741587,0.165104910273532,0.070929211176695,0.290809710343533,0.115300555050248
2015-12-29,0,0.0305103981686343,0.293037286863597,0.190982870901895,0.0894839567619906,0.279765252492303,0.11622023481158
2015-12-30,0,0.0365132579744385,0.293075538556514,0.195207995168568,0.10957646340605,0.264503147588058,0.101123597306372
2016-01-02,0,0.0307648600011236,0.29410350487138,0.196136584452691,0.115474472279002,0.25643528121544,0.107085297180363
2016-01-03,0,0.0162015314439652,0.296458300426752,0.187100146723424,0.141665265146913,0.259096903335434,0.0994778529235118
2016-01-04,0,0.0311360760423762,0.285323377756915,0.200055155384714,0.142197156630763,0.254209692017936,0.0870785421672959
2016-01-06,0,0.0116917100070235,0.290597202875423,0.202405281481075,0.147020108352036,0.256587455327869,0.0916982419565736
2016-01-07,0,0.00979905747301769,0.290706550659706,0.202416426666848,0.147407045047398,0.256390087706876,0.0932808324461538
2016-01-08,0,0.0772691484710998,0.278956412605673,0.223511682993206,0.153680175576776,0.247499014615704,0.0190835657375416
2016-01-09,0,0.0536959640493881,0.2721084824617,0.223088408550195,0.180627638245449,0.251315377661822,0.0191641290314464
2016-01-13,0,0.0628573054799856,0.264187260605585,0.217116891184381,0.212113982274132,0.238817547260689,0.00490701319522724
2016-01-14,0,0,0.176114761284625,0.327594138195903,0.206125044549125,0.239195816818709,0.0509702391516382
2016-01-15,0,0,0.227373756721125,0.301212198301823,0.207033186773611,0.183401317587043,0.0809795406163985
2016-01-19,0,0.00930962118726179,0.27271293031174,0.253032771691176,0.173068476324791,0.180926448448768,0.110949752036262
2016-01-20,0,0.058619889988504,0.269065331782421,0.258310803828814,0.201585252377819,0.156459609940183,0.0559591120822589
2016-01-21,0,0.0992193557662744,0.279804892753361,0.229960358542116,0.189328098510926,0.192317795484895,0.00936949894242708
2016-01-22,0,0.0864645194379414,0.28996460429224,0.230824324037398,0.179355018985891,0.185844583262035,0.0275469499844942
2016-01-25,0,0.0710569873407931,0.281653706726232,0.229132712691557,0.212493513123291,0.195631854943838,0.01003122517429
2016-01-26,0,0.0733062390291746,0.272461883004051,0.240596606341237,0.210874898819001,0.199238233036841,0.00352213976969552
2016-01-27,2.88467682512751e-21,0.0762691307897028,0.255275361710237,0.258214306253202,0.210871539662594,0.199369661584265,0
2016-01-28,0,0.0261494272570709,0.270317966115703,0.258372634505682,0.205396587961601,0.23182826597906,0.00793511818088274
2016-01-29,0,0.0264827491222388,0.272885113834426,0.2555981886917,0.208730140218785,0.229174275475869,0.00712953265698131
2016-02-02,0,0.00431313540506127,0.27187272588355,0.265389658257515,0.212320774210126,0.231537026469327,0.0145666797744211
2016-02-03,8.03299534406512e-21,0,0.272874979231078,0.275300195682792,0.213438274098468,0.235105623287639,0.00328092770002302
2016-02-06,0,0.0153664410912511,0.247205770592679,0.285055197718944,0.214897079684209,0.233873342489837,0.00360216842308021
2016-02-08,1.36581973805519e-20,0.00867096753194658,0.241342455616388,0.279100242529538,0.230279972527629,0.240606361794498,0
2016-02-09,0,0.00790231611545841,0.242693235053603,0.279559280787448,0.22648088438621,0.243364283657281,0
2016-02-11,9.03445090199396e-19,0,0.266730743141785,0.271900385398605,0.214990872244211,0.246377999215399,4.88739091183212e-18
2016-02-12,0,0.00686755190122197,0.257507937397789,0.271612731785496,0.217833135001643,0.24617864391385,8.28664031517088e-18
2016-02-16,0,0.0110710147245262,0.259623739936449,0.274916820031465,0.21614821848164,0.238240206825919,7.85265091730311e-18
2016-02-17,0,0.00709526187156488,0.281333675121344,0.269746508275515,0.220027019587708,0.221797535143868,0
2016-02-18,0,0.0241108558117865,0.266398014453749,0.294870861172102,0.188260948452552,0.22635932010981,9.86994545950421e-18
2016-02-19,0,0.0396145297716104,0.239739569357533,0.317229587289244,0.180206245236591,0.223210068345022,4.02122524736884e-18
2016-02-22,0,0.025174129552512,0.252531867742101,0.313577555301177,0.188556114843326,0.220160332560885,7.22566633578779e-18
2016-02-23,0,0.0203415547144494,0.257947338190886,0.31145968917099,0.187234589673126,0.223016828250549,0
2016-02-24,0,0.0542100446102771,0.279893553967558,0.294074920784631,0.16562018404162,0.206201296595914,3.53818224338601e-19
2016-02-25,0.00486778481512327,0.046575830077735,0.32326190522128,0.26540089176963,0.158497427128166,0.201396160988066,0
2016-02-26,0.000604465986228025,0.0254088793315749,0.313474441030888,0.266333371610583,0.195140214900666,0.199038627140061,0
2016-02-29,0.00333125098078502,0.0347218219475292,0.31208961832247,0.271625581299663,0.184344571948673,0.193887155500881,0
2016-03-02,0.00450934892847985,0.0240327556351719,0.307376582369583,0.278635018208953,0.193574663917978,0.191871630939834,0
2016-03-03,0.00501907109928104,0.0163053772324779,0.290705481167644,0.288035081946035,0.209166702152063,0.1907682864025,0
2016-03-06,0.00389105428984184,0.0126522658843041,0.311803414373193,0.258821414164744,0.215343237524242,0.197488613763674,0
2016-03-08,0.0054761735162058,0.00813633977166174,0.309476637941666,0.25841140866808,0.219776216020304,0.198723224082083,0
2016-03-10,0.00480990663978658,0.00992888267163814,0.307993309765367,0.258761469023918,0.21959796176023,0.19890847013906,0
2016-03-11,0.00338147961474255,0.0116182631518503,0.31423190664548,0.266763362056559,0.217318876994513,0.186686111536855,6.93889390390723e-18
2016-03-15,0.00622726980591482,0.00827727704321789,0.303546398429125,0.278339356176362,0.220147665536817,0.183462033008564,0
2016-03-16,0.00583439799826156,0.00744012195619082,0.299000731196553,0.280455108988829,0.224391583457987,0.182878056402178,0
2016-03-17,0.00698878277202625,0.0255550604065337,0.334915256778407,0.225575631116945,0.228209050924345,0.178756218001743,6.93889390390723e-18
2016-03-18,0.0121911744594633,0.019809640083847,0.368955036479223,0.194413619818794,0.230583040232154,0.174047488926519,0
2016-03-21,0.014035922588693,0.0285128982980019,0.377760945785923,0.183829018777423,0.227947475272151,0.167913739277807,0
2016-03-22,0.0143594145996942,0.0294328633729208,0.378190227874551,0.184925760688548,0.225386929345412,0.167704804118874,0
2016-03-23,0.0140224158535018,0.0306923179349198,0.378390773059283,0.185225550716585,0.224105963198682,0.167562979237029,0
2016-03-24,0.0146333381687516,0.0287157007625652,0.387539806342036,0.180979481465558,0.219070154586296,0.169061518674794,0
2016-03-29,0.0148995499581182,0.0298961868926893,0.386907185085824,0.179791653911384,0.219820560201707,0.168684863950278,3.46944695195361e-18
2016-03-30,0.0134805367730556,0.029705347733998,0.385344817696705,0.182413622045812,0.216784075634944,0.172271600115485,0
2016-03-31,0.0140516754169331,0.0316358229710055,0.378832637453226,0.188901204688162,0.21438233306856,0.172196326402114,0
2016-04-01,0.0137070624023505,0.0419551290251129,0.3685568690857,0.18777169720782,0.210691398156878,0.177317844122138,0
2016-04-02,0.0140795072150163,0.0320286610750453,0.379692133903339,0.193977667218261,0.211398316350539,0.168823714237799,0
2016-04-03,0.00906355635770136,0.0238401445011598,0.367890600036794,0.209113538974612,0.209891794505199,0.180200365624533,0
2016-04-04,0.00870509205167645,0.0244539251745782,0.369460184214025,0.203170255259719,0.213756783821904,0.180453759478097,0
2016-04-05,0.0098937830176386,0.0419027190478743,0.368782579490694,0.214409442130615,0.187977041717965,0.177034434595213,0
2016-04-08,0.00430803759709619,0.0409726693013914,0.371455766798433,0.225745208531489,0.182903775374895,0.174614542396696,0
2016-04-10,0.0040185694337923,0.0428112031435202,0.377632403769839,0.225131435350519,0.178938228315812,0.171468159986517,0
2016-04-11,0.00127157830873346,0.0616730126936789,0.398944528149186,0.222547008519199,0.146933029927079,0.168630842402124,0
2016-04-13,0,0.0311908162379007,0.422501850313469,0.224819820159634,0.148094574521958,0.173392938767039,0
2016-04-14,0.00128533828720478,0.0353698436510569,0.425738327857064,0.231326938615884,0.138311261273442,0.167968290315348,0
2016-04-15,0.00764601079882441,0.0300481323761137,0.419457406128929,0.232519938629511,0.138134825322556,0.172193686744066,0
2016-04-18,0.00518515788722492,0.0328747757006255,0.441970727870578,0.212461966139822,0.13951078472279,0.16799658767896,0
2016-04-19,0.00566679763420356,0.0324049567932885,0.44395630163244,0.210142014209156,0.139702826377199,0.168127103353712,0
2016-04-20,0.0017171767274363,0.0435902214977781,0.460485879440715,0.192977165497606,0.134418222155399,0.166811334681066,0
2016-04-21,0.000956266218818611,0.0415488195391776,0.463404220407771,0.191824824352666,0.134610229833745,0.167655639647822,3.46944695195361e-18
2016-04-22,0,0.0406186560985533,0.465879552104619,0.190087615929485,0.136657318249926,0.166756857617416,0
2016-04-25,0,0.0396309325944205,0.46321836742854,0.19652815120136,0.129929531650012,0.170693017125667,0
2016-04-26,0.026452561311142,0,0.512548277353673,0.218368451602861,0.0961678282690387,0.146462881463285,2.89534665106036e-18
2016-04-27,0.0294966920061454,0,0.511414376932696,0.218660453300631,0.0947072729367409,0.145721204823786,0
2016-04-28,0.0342479461843379,0,0.503468346854441,0.217709951744675,0.105326180680259,0.139247574536288,0
2016-05-01,0.0300838059080619,0,0.500780264203174,0.207565069598692,0.118991094573573,0.142579765716499,0
2016-05-02,0.0312118474245001,0,0.499287141566542,0.209005176791482,0.117972645476278,0.142523188741198,4.45559104403515e-18
2016-05-04,0.0338308054654705,0,0.501624152460099,0.203428420628875,0.121270323920842,0.139846297524713,6.50118088509068e-18
2016-05-07,0.0248536084280449,8.67361737988404e-19,0.506405218899718,0.213823179874274,0.119246118698584,0.13567187409938,0
2016-05-08,0.0289819320978534,0.000182352101899777,0.48754656386768,0.247804772390181,0.0991983936376871,0.136285985904699,0
2016-05-10,0.0296574092834974,0,0.483568814976873,0.247620002607286,0.100427559871892,0.138726213260451,0
2016-05-12,0.0241268419709432,0.00348779509040936,0.485783912296354,0.246071760625126,0.0990445717011491,0.141485118316018,0
2016-05-13,0.0248219019364812,0,0.495591179093506,0.243616623489532,0.0946384648071353,0.141331830673346,3.42032831453658e-22
2016-05-17,0.029237927103225,0.0115374431623985,0.482613979261394,0.260660430785592,0.0793653396348263,0.136584880052565,0
2016-05-18,0.0307984867931923,0.0144844193930447,0.477241573189035,0.261372745639827,0.0787840493923158,0.137318725592585,0
2016-05-19,0.0312011832302604,0.0215912188439041,0.459215178286757,0.265746611058616,0.0820885443289842,0.140157264251478,0
2016-05-20,0.0327677215870826,0.0164970487430161,0.452670834086702,0.270680005515781,0.0823652339349127,0.145019156132505,0
2016-05-23,0.0329687967218635,0.0128858517599004,0.444879045771305,0.281507930297708,0.0839864248524159,0.143771950596808,0
2016-05-24,0.031720797029124,0.0188332094230257,0.44355221520518,0.284940166440134,0.0812053331579157,0.139748278744621,0
2016-05-25,0.0319739921180576,0.0169916198658112,0.446131670065564,0.284104001183878,0.0811639418110101,0.13963477495568,0
2016-05-27,0.0351248959797768,0.0261605384009877,0.432646097939936,0.28767228427842,0.0866614141976006,0.131734769203279,0
2016-05-31,0.0346075964992825,0.0248350090911142,0.440433556302393,0.286715140693414,0.0876060179125493,0.125802679501248,6.93889390390723e-18
2016-06-04,0.0340017622437163,0.0231314343209324,0.442921477438215,0.296506184203237,0.0842311024289278,0.119208039364971,0
2016-06-05,0.0326914770425493,0.0300134230618976,0.442978539487838,0.299328224041164,0.0789815849757618,0.116006751390789,0
2016-06-06,0.0328506270361551,0.0288699088475979,0.446932433437496,0.29352380930388,0.0789570136652082,0.118866207709662,0
2016-06-07,0.0433615785078815,0.0146339776749055,0.395454459619326,0.34146345892977,0.0868983468935931,0.118188178374525,0
2016-06-09,0.0430487757384672,0.0154089098675384,0.39485960861045,0.34203493383685,0.0857186439710266,0.118929127975668,0
2016-06-10,0.0421515508014161,0.0157622522315554,0.397392314068033,0.329527357952839,0.0915019134191536,0.123664611527003,0
2016-06-12,0.0436524375569995,0.00983350258780945,0.406304657808588,0.335589989862899,0.0885894565837689,0.116029955599935,0
2016-06-13,0.0422982211309414,0.00583648445760786,0.408865668587005,0.338529425249641,0.0893468204678606,0.115123380106944,0
2016-06-14,0.0424048541798386,0.0124019680212308,0.41019269238895,0.332244242372418,0.0840220274942574,0.118734215543306,0
2016-06-15,0.053228597892122,0.0251326336491271,0.377716120625579,0.316663758706648,0.0868831532620324,0.140375735864491,0
2016-06-16,0.0543501634692009,0,0.35153789078326,0.361272978982862,0.100514067620257,0.13232489914442,0
2016-06-17,0.0535570907191977,0,0.351069483704296,0.349523866609146,0.0982545100565781,0.147595048910782,3.66859697143271e-19
2016-06-21,0.0492007230459887,0,0.334551349699593,0.380438209526884,0.105187977937353,0.130621739790181,3.72864345831958e-19
2016-06-22,0.0492019916972751,0,0.327531255624259,0.387359907612383,0.105631443236505,0.130275401829578,3.14768191418179e-18
2016-06-23,0.0452064318235685,0.0111539825068113,0.34978123592538,0.388668486750869,0.0851942562285394,0.119995606764832,0
2016-06-24,0,1.26990004351951e-17,0.462290468696149,0.395793329689698,0.0226288768417032,0.119287324772449,1.97741376377219e-17
2016-06-27,0,0,0.469673474670826,0.397461554467799,0.0151515739354064,0.117713396925968,8.22802548792252e-18
2016-06-28,0,0,0.458867463763135,0.427944580298897,0.00784134906303214,0.105346606874936,6.11685784206651e-18
2016-06-29,6.25094281157829e-20,9.78666495201253e-18,0.437328102771505,0.444837149075365,0,0.117834748153131,0
2016-06-30,0,0,0.446087354008944,0.432612439488498,0,0.121300206502558,2.57120579013618e-18
2016-07-01,8.58877897560966e-21,0,0.459639646453402,0.413007271066955,0,0.127353082479643,3.84216966010283e-18
2016-07-03,4.26909996777334e-19,4.7796337871568e-17,0.483751792023628,0.402225565228611,0,0.114022642747761,0
2016-07-04,2.67629031031112e-19,0,0.485140425541561,0.404434349959592,0,0.110425224498847,0
2016-07-06,6.77955833900838e-20,8.71512769164768e-18,0.481954491754812,0.40730618426986,0,0.110739323975329,0
2016-07-07,8.88894809161923e-21,0,0.478476449881769,0.405706787522821,0,0.115816762595411,7.14402866204061e-18
2016-07-09,1.28889315704059e-18,0,0.484383356431253,0.405065410012574,0,0.110551233556173,0
2016-07-10,0,0,0.48345322231836,0.403057379542129,0,0.113489398139511,0
2016-07-11,3.46944695195361e-18,0,0.47485800253211,0.401578407346593,0,0.123563590121297,5.26515452095795e-18
2016-07-12,6.36770798630216e-20,0,0.47549458666161,0.405558688215114,0,0.118946725123276,0
2016-07-13,1.11741951449907e-20,9.07452492548404e-18,0.473119309490607,0.402696673542117,0,0.124184016967276,0
2016-07-14,0,3.11730559560007e-17,0.460749585472293,0.403688196211562,0.0037291949244453,0.1318330233917,0
2016-07-15,0,0,0.453535910139603,0.399984920632297,0.00412843384613401,0.142350735381966,0
2016-07-18,0,0,0.448180758312497,0.399038473292902,0.00452202391583356,0.148258744478767,6.79134288346753e-18
2016-07-19,0,3.481609846991e-17,0.444118904376045,0.413284378197032,0.00750569150924138,0.135091025917682,0
2016-07-20,0,2.12015575349484e-17,0.459837314613925,0.402470837106197,0,0.137691848279878,0
2016-07-21,5.33937737708108e-21,0,0.450079266949181,0.407497029506538,0,0.142423703544281,4.66277661069782e-18
2016-07-22,0,0,0.449871699334358,0.40799197872394,0,0.142136321941702,8.02260021672676e-18
2016-07-25,2.45921548924275e-19,1.5900451036261e-17,0.44589750519654,0.409221727802381,0,0.144880767001078,0
2016-07-26,0,0,0.427044050866801,0.42676652763579,0,0.146189421497409,4.08834113693474e-19
2016-07-27,4.98550395373393e-22,0,0.442040929254511,0.398711464653834,0,0.159247606091656,0
2016-07-28,3.36831715662659e-22,0,0.44410670978857,0.399475265346676,0,0.156418024864753,6.71638540194148e-18
2016-07-29,0,0,0.449632476115199,0.383475603937079,0,0.166891919947722,0
2016-08-01,0,0,0.454990244878576,0.371088786786922,1.73472347597681e-18,0.173920968334502,0
2016-08-02,0,1.11399882087549e-17,0.461235549095104,0.375306644130284,0,0.163457806774611,0
2016-08-03,1.53200024154637e-18,3.41717060743713e-17,0.363939294913523,0.489213198294244,0,0.146847506792233,8.76913027122929e-18
2016-08-04,0,0,0.292719901859893,0.552865535788854,6.93889390390723e-18,0.154414562351253,0
2016-08-06,1.83377651821476e-18,3.66244665806052e-17,0.278784472429824,0.560021942812314,0,0.161193584757862,0
2016-08-07,1.70539064421176e-18,0,0.272733180630916,0.566596115790447,0,0.160670703578637,7.63089864613133e-19
2016-08-08,1.19293173406446e-17,2.1872438425723e-17,0.211863650045711,0.59918462152431,0,0.188951728429979,0
2016-08-09,1.46133759687891e-18,2.74392892098135e-17,0.215675152793734,0.596872420076137,0,0.187452427130129,0
2016-08-11,8.40539877527399e-18,0,0.215401389878823,0.597083001951309,6.93889390390723e-18,0.187515608169867,2.57862619974736e-17
2016-08-16,1.44208874325069e-18,5.70955858944242e-17,0.211676208624224,0.597888001524053,0,0.190435789851723,0
2016-08-17,0,1.89286316989189e-17,0.208697483537629,0.602061315198397,6.93889390390723e-18,0.189241201263974,1.39727984549179e-17
2016-08-18,0,0,0.220696087703474,0.600753842968399,0,0.178550069328126,0
2016-08-19,1.07879460493107e-20,0,0.234746608475489,0.584531571413236,0,0.180721820111275,1.71836737800281e-18
2016-08-22,5.97361879559357e-18,6.06635718101288e-18,0.236074198962604,0.57994558406187,0,0.183980216975526,0
2016-08-23,6.61668234072187e-18,9.33751584328488e-17,0.201203311125518,0.608566100436961,0,0.190230588437521,1.12314415884778e-17
2016-08-24,0,1.07799205643916e-16,0.190528642726475,0.621539634973575,0,0.18793172229995,0
2016-08-25,1.27132193003299e-17,6.42926532040679e-18,0.183237506192381,0.630497743308314,0,0.186264750499305,0
2016-08-26,6.85958112487335e-18,0,0.177494434151519,0.635544216482037,0,0.186961349366444,0
2016-08-29,0,3.23194647984123e-17,0.160396081868158,0.647924028278351,0,0.19167988985349,0
2016-08-30,0,6.57058883928073e-17,0.159615529212942,0.637487995054825,0,0.202896475732233,0
2016-08-31,1.22116815772346e-17,0,0.160264832156183,0.635638679292689,0,0.204096488551128,0
2016-09-02,7.45207690378608e-18,0,0.172291448517947,0.626580188251318,0,0.201128363230735,9.22506901733893e-18
2016-09-03,0,0,0.167115142550832,0.64403457594441,0,0.188850281504758,9.47518395279146e-18
2016-09-05,7.50531094418235e-18,6.02454571417194e-17,0.162365193647107,0.642668347989739,6.93889390390723e-18,0.194966458363154,0
2016-09-06,7.41611761013541e-18,0,0.154890008853937,0.640889655504153,0,0.204220335641909,1.06853375278244e-17
2016-09-08,1.58544116364909e-19,6.08041308665929e-17,0.172357430798712,0.617339513018961,0,0.210303056182327,5.0835844558574e-18
2016-09-09,0,0,0.172453036623199,0.617880603670288,0,0.209666359706513,0
2016-09-11,1.42924392226431e-17,6.61424268818582e-17,0.174015355746827,0.613601560631611,0,0.212383083621562,4.90125891859619e-18
2016-09-12,0,1.0502727924311e-16,0.173436539377357,0.617396683162828,0,0.209166777459816,2.00314062046971e-19
2016-09-13,0,5.49070890441727e-17,0.165600729850062,0.623572449977748,0,0.210826820172191,2.36723765083158e-18
2016-09-14,0,0,0.168690736821483,0.615705957310087,0,0.215603305868431,0
2016-09-15,5.13664183494566e-19,1.51614109025858e-17,0.178011630519407,0.618058987166105,0,0.203929382314488,3.81466990676885e-18
2016-09-16,1.34841286211387e-17,1.84519431042204e-17,0.195595957674862,0.607516806437977,0,0.196887235887161,0
2016-09-19,5.10221228992665e-19,1.30222164614563e-17,0.186557799392171,0.609865249942845,0,0.203576950664985,9.79958358836523e-19
2016-09-20,6.12793485720754e-18,2.23658574194848e-18,0.178680409505639,0.618791586820952,0,0.202528003673409,0
2016-09-21,5.58102989433248e-18,0,0.215792330265402,0.577590562251311,0,0.206617107483286,9.16152132676431e-19
2016-09-22,8.85684327206961e-18,0,0.213213792889472,0.584450621458997,3.46944695195361e-18,0.202335585651531,1.56695191178223e-18
2016-09-23,0,1.05359478885785e-17,0.216227693711529,0.576260929832873,3.46944695195361e-18,0.207511376455598,0
2016-09-26,0,0,0.217194511404194,0.571949470516139,0,0.210856018079666,7.63693368061398e-18
2016-09-27,0,5.68475063623614e-17,0.228737278000943,0.554836712868223,3.46944695195361e-18,0.216426009130834,0
2016-09-28,0,0,0.229391673657606,0.549248295335397,0,0.221360031006997,0
2016-09-29,0,3.17742882383443e-18,0.244396845339375,0.537625811332455,0,0.21797734332817,2.22922684341893e-18
2016-09-30,1.35253341686667e-17,1.43554915728773e-17,0.240075312885619,0.548181088184772,0,0.211743598929609,0
2016-10-02,0,0,0.234635214574686,0.56917456407455,0,0.196190221350764,0
2016-10-03,2.19137345513597e-17,7.31311531283717e-17,0.237029979729833,0.565143808940777,0,0.19782621132939,0
2016-10-05,0,5.86861539385708e-17,0.236166334407441,0.566028517027303,0,0.197805148565256,1.79768680204867e-18
2016-10-06,1.35652947939157e-17,6.57786004018309e-17,0.234138572206565,0.547323122571675,0,0.21853830522176,2.75760961098832e-18
2016-10-08,0,1.78792731737778e-17,0.241709299495419,0.5434635880969,0,0.214827112407681,0
2016-10-10,3.02015399968452e-17,2.17214959986141e-17,0.240682014037281,0.524128882063293,0,0.235189103899426,4.52334781536867e-18
2016-10-11,2.99011503447898e-18,2.25869231248306e-17,0.229872824580918,0.527951075366945,0,0.242176100052137,0
2016-10-13,1.67895503098281e-17,0,0.239036442978962,0.528420215185297,0,0.232543341835741,1.38168547111891e-18
2016-10-14,0,0,0.289444184392155,0.488539974698803,0,0.222015840909041,0
2016-10-17,0,2.6166435050277e-17,0.285962292404872,0.489532600942992,0,0.224505106652137,0
2016-10-18,0,0,0.310624154797307,0.466841761595931,0,0.222534083606762,0
2016-10-19,0,0,0.301210338556328,0.460886283175455,0,0.237903378268217,0
2016-10-20,8.02309116026839e-19,0,0.300206457368956,0.459433172159683,0,0.24036037047136,0
2016-10-21,0,0,0.281455726060432,0.481092676665255,0,0.237451597274313,2.08491647392728e-18
2016-10-24,0,3.06279837448335e-17,0.270588392838479,0.547856429441735,0,0.181555177719785,0
2016-10-25,0,0,0.27557987647734,0.53003196435022,0,0.19438815917244,0
2016-10-27,0,3.27843563812154e-17,0.272011436668037,0.525225817450551,0,0.202762745881412,0
2016-10-31,0,0,0.283987545624725,0.521170300061225,0,0.19484215431405,6.58509998899567e-18
2016-11-01,0,7.63029716752163e-18,0.260724299092653,0.524286823274246,0,0.214988877633102,0
2016-11-02,1.06759021980092e-17,4.81715287170717e-17,0.255999134672819,0.51820223067038,0,0.225798634656801,0
2016-11-03,0,0.0728168232970942,0.187587787400911,0.473841156644455,0,0.26575423265754,2.39715825972209e-19
2016-11-04,1.3437364334648e-20,0.0963108763156992,0.176944440667697,0.457277434630342,0,0.269467248386262,3.97335941005757e-19
2016-11-05,0,0.104271982933444,0.196012213385631,0.41364582465953,0,0.286069979021395,2.5986877715926e-21
2016-11-07,1.3527479260664e-19,0.109291538709983,0.200265304571658,0.409407359927234,0,0.281035796791125,1.29773954414311e-19
2016-11-08,3.7176652169639e-19,0.108440054628098,0.192884069953658,0.421938568031146,0,0.276737307387098,3.21247216613702e-21
2016-11-10,7.17652685413002e-19,0.1131386572624,0.18600296254983,0.42026329894761,0,0.28059508124016,1.33906309943305e-21
2016-11-14,1.62219267364349e-18,0.116270505888335,0.175177567605459,0.436718906452591,0,0.271833020053615,0
2016-11-15,0,0.118036906593096,0.174340327101272,0.437480913348956,0,0.270141852956676,0
2016-11-16,1.0445226213653e-18,0.113513594038562,0.187372925373505,0.424061173762259,0,0.275052306825675,6.72708731023268e-21
2016-11-17,6.18006902348259e-21,0.108422140342322,0.18256726953793,0.436278359686007,0,0.27273223043374,4.70074563798585e-18
2016-11-18,0,0.108645196764175,0.179747432017768,0.438908370830202,0,0.272699000387855,0
2016-11-21,2.93813862640855e-21,0.110903025102527,0.182347104796092,0.436700820433377,0,0.270049049668005,0
2016-11-22,1.62413302000076e-20,0.113583487007418,0.178736850660556,0.446480396401135,0,0.261199265930892,9.39175250739387e-18
2016-11-23,0,0.104524964272459,0.18263806778281,0.444302689312566,0.000825540563922154,0.267708738068242,0
2016-11-25,0,0.105788472695958,0.181050215248396,0.443021111486486,0.00252401288364125,0.267616187685519,0
2016-11-28,0,0.0994779869278792,0.172546841020861,0.45758715591422,0,0.270388016137039,3.20407737736908e-19
2016-11-29,0,0.0920323580429576,0.178941891539132,0.467469953757308,0.00199379790750533,0.259561998753098,1.56085928087271e-17
2016-12-01,2.21082726697222e-19,0.0599864075066008,0.171546106386425,0.48110295795277,0.0195194936857568,0.267845034468448,0
2016-12-02,5.68967863386685e-20,0.0289638903244994,0.204820788479888,0.480295467422382,0.0318686750252231,0.254051178748007,0
2016-12-04,2.68089328963355e-18,0.0249622527244399,0.201115739305895,0.4779084955185,0.0397606066755704,0.256252905775594,0
2016-12-05,1.33429509330881e-18,0.0160023421888309,0.213287598114019,0.478694959575659,0.0413245171099462,0.250690583011544,0
2016-12-07,0,0.0127192084818453,0.21528877865026,0.485571497128225,0.0360639666147588,0.250356549124911,6.93889390390723e-18
2016-12-08,0,0.0100295604799185,0.217481886861946,0.483057694443596,0.0376506267955758,0.251780231418964,0
2016-12-09,1.39604066290219e-19,0,0.206739451195273,0.483688273275954,0.0480427052386254,0.261529570290148,0
2016-12-10,0,0.00573131322031735,0.188522906219189,0.52801798450454,0.0330759642015849,0.244651831854368,1.41158477678514e-17
2016-12-12,0,0.0132014054165473,0.183711559094498,0.531298883802986,0.0284411862866855,0.243346965399284,0
2016-12-13,0,0.0383686065209883,0.167245004399935,0.555666998921455,0.0051626186335497,0.233556771524072,0
2016-12-14,0,0.0285790895517622,0.165571807806122,0.548868500592821,0.0280210092204165,0.228959592828878,0
2016-12-15,0,0.00725923471676709,0.146593140784466,0.52904694752006,0.0906920280176356,0.226408648961071,0
2016-12-16,0,0,0.1586070247819,0.521217596643215,0.100313927339871,0.219861451235014,2.58290913705955e-18
2016-12-19,0,0,0.160959548429517,0.51748519509961,0.100997501671871,0.220557754799002,9.30743491605378e-19
2016-12-20,5.32234486693882e-20,0,0.158387880468664,0.512206124891874,0.112369420983043,0.217036573656419,9.59532556069663e-19
2016-12-21,0,0,0.163741830647472,0.502529164775295,0.115567825227373,0.21816117934986,3.61285444349216e-18
2016-12-22,3.81866048399304e-21,0,0.228104091406493,0.480542698015669,0.0928203885144688,0.198532822063369,2.32454726230613e-18
2016-12-23,0,0,0.227113187315486,0.482697413003446,0.0895681755083406,0.200621224172727,3.99998637554349e-18
2016-12-27,0,0,0.222317464506319,0.483602347557541,0.0967428371553455,0.197337350780794,0
2016-12-28,3.56251756135415e-18,0,0.228557612119601,0.485642874843341,0.0898863316540532,0.195913181383005,2.26858977468688e-19
2016-12-29,0,0.00631342042319112,0.229935701258716,0.47681336963329,0.093411536980595,0.193525971704208,7.18125849958772e-18
2016-12-30,1.10160727652495e-20,1.0842021724855e-19,0.223260283554473,0.480286647574436,0.102933709779419,0.193519359091673,5.9143670976992e-18
2017-01-02,6.45386595190672e-20,0,0.217728720090495,0.484161001316476,0.109423831061428,0.1886864475316,7.11650938013619e-18
2017-01-03,3.24695689913955e-18,0,0.235779753878419,0.469700438869969,0.100930425631978,0.193589381619635,5.44929054975978e-18
2017-01-08,0,0,0.239238913843892,0.467024327866573,0.103538733666179,0.190198024623357,1.67103404560814e-17
2017-01-09,2.45255722183223e-18,3.46944695195361e-18,0.270684004404465,0.433122726200058,0.112982943823469,0.183210325572007,1.28689848997611e-18
2017-01-13,5.30943626661556e-19,0,0.2725152610541,0.431420803146854,0.112518124869047,0.183545810929999,1.25796677546981e-17
2017-01-17,0,0,0.281182963104884,0.424839700342655,0.110664922729921,0.18331241382254,5.0666810999845e-18
2017-01-18,0,0,0.277191641733323,0.428642751730934,0.111221852299474,0.182943754236269,0
2017-01-19,0,0,0.288513234650409,0.419918335563918,0.110301206047352,0.181267223738321,9.13231725916964e-18
2017-01-20,0,0,0.286542892440214,0.4213212989097,0.110113832875649,0.182021975774437,0
2017-01-23,0,0,0.268081964928557,0.439367995569218,0.124173014347732,0.168377025154493,5.00831962977122e-20
2017-01-25,0,0,0.291949596515558,0.416988863087243,0.131578251938594,0.159483288458606,1.72891258810865e-17
2017-01-26,4.1288131332286e-19,0,0.295649898914633,0.423509905021569,0.131614367256081,0.149225828807717,0
2017-01-27,0,0,0.303092988403319,0.438392685756679,0.123815127503538,0.134699198336464,9.94223171561314e-19
2017-01-30,0,0,0.29548965873881,0.458268728108501,0.113660312620111,0.132581300532578,5.21246730949882e-18
2017-01-31,1.06278978928421e-18,0,0.294095832775236,0.460939469932078,0.116942561204307,0.128022136088379,0
2017-02-02,0,0,0.298009009977295,0.471412479525894,0.111770170319599,0.118808340177212,0
2017-02-03,0,2.82287853249478e-17,0.282977456715529,0.484580128443448,0.117607593026322,0.114834821814701,0
2017-02-05,4.38153787829858e-18,0,0.305885566578421,0.464136639033952,0.111601651465709,0.118376142921917,0
2017-02-08,9.71613819097517e-19,0,0.302207033958021,0.461901923728248,0.115310483818637,0.120580558495094,9.29042377736566e-18
2017-02-10,4.88811678091456e-19,0,0.29971613658011,0.463553102602604,0.11219671538385,0.124534045433436,0
2017-02-11,0,0,0.296191198507783,0.4725926632398,0.101697106145952,0.129519032106465,0
2017-02-13,5.34483971455891e-19,0,0.296007809754581,0.473465824668131,0.100598237026884,0.129928128550405,6.60870499414662e-18
2017-02-14,4.78266217835964e-18,0,0.29892922425364,0.470019279798876,0.100835104613317,0.130216391334167,0
2017-02-15,7.81816910238313e-19,0,0.288150741808768,0.475715845013733,0.101639010814661,0.134494402362837,3.29784291832457e-18
2017-02-16,0,0,0.284933538629697,0.474962896205076,0.101526072504603,0.138577492660624,6.75893110851313e-18
2017-02-17,1.39591444127305e-20,0,0.285308042403017,0.475672043749909,0.101575108380212,0.137444805466862,0
2017-02-21,0,0,0.296844187631785,0.455696085258808,0.119800395114256,0.127659331995151,1.87944494345627e-18
2017-02-22,1.97851272464509e-19,0,0.28644289128168,0.461731827319833,0.1310461240704,0.120779157328088,3.18248402102809e-18
2017-02-23,1.86466800043546e-19,0,0.290899987786989,0.46754435961576,0.126267847043437,0.115287805553814,1.22891231156968e-18
2017-02-24,0,0,0.307499700931263,0.456104212279514,0.117669913632974,0.118726173156249,3.25460352231372e-18
2017-02-28,0,0,0.315071396598407,0.441915067010437,0.11208738020437,0.130926156186786,0
2017-03-01,2.55970712869841e-19,0,0.315294932721291,0.437379492320179,0.105180328252873,0.142145246705657,3.51982392804483e-18
2017-03-02,0,0,0.317277102931515,0.442426184863385,0.111720087174881,0.128576625030219,3.25094815468823e-18
2017-03-03,0,0,0.317145705181433,0.444699398780551,0.113413144888491,0.124741751149526,0
2017-03-04,0,1.01381485977255e-18,0.337213632827865,0.395425311855551,0.152737929858513,0.114623125458072,0
2017-03-07,0,2.71074763933289e-18,0.34462306132276,0.385037367936401,0.157263002241537,0.113076568499302,1.54609967770328e-19
2017-03-08,0,3.09302920465344e-19,0.346878906019399,0.380449890663542,0.156851535104003,0.115819668213056,0
2017-03-10,3.12448895383741e-20,0,0.361027089575483,0.381844011016131,0.148575799950895,0.108553099457492,1.1611262494369e-18
2017-03-11,0,0.0069814432946136,0.35787836414779,0.370308240609245,0.141241350918652,0.1235906010297,0
2017-03-13,2.16840434497101e-19,0.00843350654060802,0.350942973963173,0.373053733450865,0.143448970748183,0.124120815297171,1.26003897164989e-19
2017-03-14,0,0.00911476316171951,0.351819938508243,0.372966772456393,0.142587207467249,0.123511318406396,0
2017-03-15,0,0.00821069698486543,0.345119718630078,0.378896696605279,0.142055103347872,0.125717784431906,1.94797863334441e-19
2017-03-16,0,0.0105463827696447,0.355649143402656,0.371542752909874,0.141330689765507,0.120931031152319,1.81440594476292e-19
2017-03-17,0,0.0093821021400129,0.352020270135697,0.369783441804638,0.147360391809179,0.121453794110472,0
2017-03-20,0,5.44206623746081e-19,0.392910744841263,0.323887901074754,0.161090940839233,0.122110413244751,2.28865332292518e-18
2017-03-21,0,0,0.394580498054927,0.306205621422784,0.168200640096094,0.131013240426196,1.8670906773474e-18
2017-03-22,0,0,0.39477597305023,0.320778866464736,0.163191092920465,0.121254067564569,0
2017-03-23,0,0,0.413409578015762,0.318173128989611,0.1687874093647,0.0996298836299272,5.82101720657927e-18
2017-03-24,2.16840434497101e-19,6.26152306200791e-19,0.419969134883878,0.310734058910206,0.176006289707965,0.0932905164979511,0
2017-03-27,0,0,0.459246436779096,0.308080953502351,0.165404881607685,0.0672677281108679,7.12593964800168e-19
2017-03-28,0,1.53654669469342e-20,0.465233980877716,0.299668298957781,0.168969687455825,0.0661280327086778,0
2017-03-29,0,1.42497851111618e-18,0.461444811138998,0.292305610924509,0.183688001260213,0.0625615766762795,0
2017-03-30,0,0,0.460078703497197,0.288460228714976,0.186408550796781,0.0650525169910451,1.38978427591431e-18
2017-03-31,0,1.78669761993799e-18,0.46179236520582,0.287756268284526,0.186496894723307,0.0639544717863465,0
2017-04-01,0.00109963771688968,0,0.48427386793943,0.273678065684908,0.19021590057886,0.0507325280799122,0
2017-04-04,0.000656951894679684,0,0.483070848940084,0.274785909767441,0.191189385689005,0.0502969037087906,0
2017-04-05,0.0103083115069396,0,0.411580911475249,0.328122713932129,0.182431478500992,0.0675565845846901,7.57631488324478e-20
2017-04-08,0.0107506048936329,0,0.420603414517432,0.312814127423628,0.177175395382598,0.0786564577827085,2.84431855381447e-18
2017-04-10,0.0104258203919003,0,0.420143562109944,0.311877435779889,0.177146517507875,0.0804066642103912,0
2017-04-12,0.0102488811452473,0,0.39571643937753,0.339252571599816,0.172200016654078,0.0825820912233287,2.25616834090828e-19
2017-04-13,0.0122914926022951,0,0.390783878654927,0.340430663827267,0.174803166730585,0.0816907981849263,2.95240798530289e-21
2017-04-18,0.00816433901444603,0,0.402057592576645,0.333676739600211,0.175390225240525,0.0807111035681729,1.88797341871368e-18
2017-04-19,0.0103701410393698,0,0.397411182789353,0.33079151289116,0.176476296850107,0.0849508664300111,7.4742733727266e-19
2017-04-20,0.0114451223927984,0,0.394272006606529,0.331622361526804,0.175560905375411,0.0870996040984572,7.87015526664781e-18
2017-04-21,0.0122739500374992,0,0.394975926738831,0.333322117494515,0.176467236696641,0.0829607690325137,5.20883918869926e-19
2017-04-24,0.01198760868293,6.93889390390723e-18,0.412330359680533,0.326548665945048,0.153045921280257,0.0960874444112322,0
2017-04-25,0.019454917632462,0,0.433403873524011,0.29939798519293,0.162463949987115,0.0852792736634825,3.32564565984542e-18
2017-04-26,0.0223011258851859,0,0.425596198367756,0.300002935246161,0.16414211870256,0.0879576217983369,3.05004978963182e-18
2017-04-27,0.0240103853455573,0,0.414234159246539,0.303591262818695,0.166841573655498,0.0913226189337102,0
2017-04-28,0.0358157100154387,0,0.384098412908428,0.313919432225966,0.163521228531601,0.102645216318567,2.92445332266625e-18
2017-05-01,0.0375481688507599,0,0.387013655246555,0.313954180383371,0.16131350508696,0.100170490432354,3.65437057800542e-18
2017-05-04,0.035682582921898,0,0.386010380084474,0.305589908606839,0.171054968747775,0.101662159639014,7.30488112057978e-18
2017-05-05,0.0344200706390636,0,0.384498230960313,0.263788629955483,0.207714428100153,0.109578640344988,1.11422106405521e-17
2017-05-07,0.0322835061424294,0,0.393921347466705,0.225901163651577,0.223642416215434,0.124251566523855,0
2017-05-09,0.0313208546773208,0,0.417538875895299,0.226678310166393,0.216459788774821,0.108002170486166,2.38991741425464e-18
2017-05-10,0.0306206645103744,0,0.42149988280128,0.227160266562798,0.211104723360491,0.109614462765056,7.5375925287901e-18
2017-05-12,0.0231150199401942,0,0.414060353692847,0.231310382488906,0.207042893199074,0.124471350678979,4.31431922893438e-18
2017-05-15,0.0235718874800582,0,0.411185572363053,0.23367032188871,0.2050705787454,0.126501639522778,6.91756592659443e-18
2017-05-16,0.028332453885331,0,0.41298594984933,0.221953336013788,0.215952051801443,0.120776208450109,0
2017-05-17,0.0243481217962081,0,0.416770476944411,0.213052216682519,0.228635541051977,0.117193643524885,1.77567986207647e-18
2017-05-18,0.0368818297854326,0,0.432930673964992,0.214485151586935,0.213404200499676,0.102298144162965,0
2017-05-19,0.0481919961226888,0,0.424551592466648,0.227998983306111,0.198720611859766,0.100536816244786,0
2017-05-22,0.0506373861696047,0,0.410064287243463,0.238744397645367,0.202607327820991,0.0979466011205743,0
2017-05-23,0.0512278462754862,0,0.414306492725551,0.241580458442234,0.200825426114889,0.0920597764418399,1.03142259550836e-18
2017-05-24,0.0518510429637974,0,0.409058400880716,0.247695819005951,0.197158209991213,0.0942365271583225,3.76165180995961e-18
2017-05-26,0.0502130049270343,0,0.409547688115917,0.244332858135778,0.196959309415474,0.0989471394057962,0
2017-05-30,0.0508072621811646,8.07243812525115e-18,0.413244230444257,0.258154485597462,0.186349502854778,0.091444518922339,0
2017-05-31,0.0523698754889548,2.73142279155251e-18,0.413192088299007,0.255505009657855,0.187666417616364,0.0912666089378184,0
2017-06-02,0.0565985611706627,0,0.397218175190257,0.254363809024268,0.18986784918619,0.101951605428622,0
2017-06-03,0.0613184447046548,2.71325491974595e-18,0.402342815470388,0.253173618282652,0.183173814675144,0.0999913068671605,0
2017-06-04,0.0595829933382522,0,0.405155483622108,0.253949023002083,0.179351579058834,0.101960920978722,0
2017-06-06,0.0605454381461095,1.76579786750303e-18,0.406960376150475,0.238816930259042,0.192389730075312,0.101287525369061,0
2017-06-07,0.0594103991841867,0,0.400348753773922,0.234128334100458,0.20477781176345,0.101334701177982,0
2017-06-09,0.0574083105960342,0,0.388359558007883,0.241124791421218,0.206291712035902,0.106815627938963,0
2017-06-10,0.0532452061536946,8.42746439035538e-19,0.382628353300334,0.225758410055644,0.21694407757231,0.121423952918018,0
2017-06-11,0.0539148590174126,3.99968347827496e-19,0.383020779844691,0.222671641768803,0.219488694900806,0.120904024468288,0
2017-06-12,0.0587913992118578,0,0.400503124861947,0.212602961982917,0.207990213902344,0.120112300040934,0
2017-06-13,0.0577846761240545,6.46087965231485e-20,0.400596880789736,0.212093284254811,0.208523144705175,0.121002014126224,0
2017-06-14,0.0574359454254353,0,0.398884943962229,0.212664732956345,0.210324274510333,0.120690103145657,1.5533343330267e-18
2017-06-16,0.0571391704166529,4.22670693674317e-18,0.390652561804365,0.215205099198154,0.210623046292493,0.126380122288334,0
2017-06-19,0.0572136383268308,0,0.354736650654003,0.240868866817544,0.165724347595841,0.154045690882322,0.0274108057234582
2017-06-20,0.0555709454974061,0,0.349097168980956,0.241572586709183,0.162515418802549,0.16330983144165,0.0279340485682554
2017-06-21,0.0564332415496197,0,0.350330899961743,0.240560360819742,0.163398565962371,0.162050837893974,0.0272260938125503
2017-06-22,0.0613682649458779,0,0.353641771032837,0.238581449905089,0.158313473996364,0.152805349638413,0.0352896904814197
2017-06-23,0.0611128758424579,0,0.3531001834846,0.238736378782943,0.158052920360734,0.154006438553125,0.03499120297614
2017-06-26,0.0533723110277793,0,0.344405007241865,0.241366154482711,0.150015727966574,0.172653921549043,0.0381868777320278
2017-06-27,0.0535806824430928,0,0.366023165968321,0.229652138134007,0.145891932583445,0.171410583072113,0.0334414977990216
2017-06-28,0.0512174389700496,0,0.363262422071687,0.232262613500749,0.148550761895708,0.171133546691586,0.0335732168702215
2017-06-29,0.0571414982954882,3.46944695195361e-18,0.299813885334275,0.253526584642657,0.171019495808777,0.196524948721935,0.0219735871968666
2017-06-30,0.057174239396773,0,0.300928881183551,0.251192771547297,0.176129558305109,0.194648424616214,0.0199261249510561
2017-07-02,0.0626141378484557,0.00912873514528795,0.309428163094412,0.236305379791675,0.172672109030775,0.193369515477048,0.0164819596123459
2017-07-03,0.0642236711804986,0.00974214026191402,0.313398591749962,0.2320293799469,0.177708149871828,0.187351323064397,0.0155467439245008
2017-07-04,0.0572520785797773,0.00926037070286993,0.315864379856416,0.229394475825352,0.177846804472488,0.192434242988888,0.0179476475742086
2017-07-06,0.0529155189377677,0.0134249077179649,0.313836195207221,0.228151111237498,0.185359762673689,0.189632909766248,0.0166795944596123
2017-07-07,0.0529428569765207,0.0215496931662596,0.309311610099337,0.237107235580917,0.172034213681878,0.189979367417616,0.017075023077473
2017-07-08,0.0525789198538726,0.0246228977827622,0.308313940544579,0.238023358516011,0.170705193575254,0.190862637334197,0.0148930523933243
2017-07-09,0.0484198038975339,0.0392736357553209,0.28450659357212,0.259732383768609,0.154259204126921,0.207588215099771,0.00622016377972401
2017-07-11,0.0291827313488365,0.0453031763237774,0.285458142579948,0.257819579742558,0.157154262611768,0.222319820503254,0.00276228688985806
2017-07-12,0.0292384031558219,0.0472411414709556,0.288225529158964,0.255574767046503,0.154865922948605,0.223109912740342,0.00174432347880803
2017-07-13,0.0303851040761244,0.0388713575542929,0.276885872031554,0.26129902797774,0.16937425210909,0.218010473671728,0.0051739125794707
2017-07-14,0.0280445366500587,0.0356572212742302,0.274919782642092,0.265137419865924,0.175654630500256,0.217809231663029,0.00277717740441051
2017-07-17,0.030941263341263,0.0358807486323708,0.267097562608914,0.263514294392121,0.183529883603865,0.219036247421466,5.42101086242752e-20
2017-07-18,0.030797269610977,0.0463502801945787,0.251784427010403,0.266604369125309,0.156832336236137,0.247631317822595,0
2017-07-19,0.0331178043285958,0.0369626656394228,0.253365588743666,0.264493611510854,0.158015355164044,0.254044974613418,0
2017-07-20,0.0334472637976009,0.0347122795157574,0.256675630498222,0.26448223111909,0.160248602835138,0.250433992234192,0
2017-07-21,0.0327483380206547,0.0328975591808784,0.256019116337939,0.266727147795075,0.158560450019428,0.253047388646026,0
2017-07-24,0.0322686168700697,0.0335751774038032,0.254651374801351,0.269207838157805,0.158211733491849,0.252085259275122,0
2017-07-25,0.0321814871367602,0.0322422903119434,0.255199480502127,0.267268188437353,0.162830334743679,0.250278218868138,0
2017-07-26,0.0349053378798675,0.0237076688967396,0.254822010548301,0.267525332058671,0.180324124403,0.238603457528751,0.000112068684670921
2017-07-27,0.0390093021388419,0.0180235118203968,0.253816029700514,0.263017330986429,0.175103056370047,0.250319971982184,0.000710797001588135
2017-07-28,0.0423548192597758,0.0219753522035326,0.253812882362316,0.259590259095716,0.173470188267009,0.248796498811651,0
2017-07-31,0.0422188765114269,0.0207264516301702,0.253329650164281,0.259447040053581,0.173054374302965,0.251223607337576,4.33680868994202e-19
2017-08-02,0.0469913901895454,0.022660600730938,0.259359205436971,0.247200540735062,0.173798059331736,0.249990203575747,0
2017-08-03,0.0456085958836847,0.0216587899929457,0.258106253470832,0.246121769864625,0.175041469683349,0.253463121104563,0
2017-08-05,0.0469577333064016,0.0167663469755188,0.227989483166633,0.267353567776912,0.184845147035235,0.256087721739299,0
2017-08-06,0.047394977449135,0.0105067179814422,0.224349749182246,0.266026036180959,0.192498692664037,0.25922382654218,0
2017-08-08,0.0427875104930863,0.00399798488512416,0.221580263086138,0.263220484821386,0.194735232000743,0.273678524713523,0
2017-08-09,0.040415983731684,0.00594365202848067,0.224445818033706,0.244335103511522,0.205064051104226,0.279795391590381,0
2017-08-11,0.042322250760574,0.000295529850569128,0.22240461192001,0.243535078504078,0.209470473636023,0.281972055328746,1.73472347597681e-18
2017-08-14,0.0294452134884653,0,0.215349178983368,0.249331496856706,0.206552705452029,0.299321405219432,8.0189997619838e-19
2017-08-16,0.0312251359795528,0.00176803465729693,0.216392340309304,0.249177486999645,0.20234913488628,0.299087867167922,0
2017-08-17,0.0324680054596989,0.00302556501534665,0.218638586263001,0.244667808349612,0.203273891569581,0.297926143342761,0
2017-08-18,0.0315904094239605,0.0107620447059555,0.22094208684991,0.244803103551362,0.190330960372008,0.301571395096805,0
2017-08-21,0.0390413502377954,0,0.221491961530636,0.242251427263834,0.189984623884254,0.30723063708348,3.32520633842154e-19
2017-08-22,0.0377517564950546,0.00230850404209528,0.188518267060975,0.247593744487743,0.173953848782676,0.349873879131456,1.73472347597681e-18
2017-08-23,0.0363263388493184,0.00424436621619416,0.18079455198133,0.254032749028489,0.171225658094911,0.353376335829757,0
2017-08-24,0.031856100876249,0.00556168160951793,0.209457835981698,0.240438226918255,0.171515240578523,0.341170914035757,0
2017-08-25,0.0316026480057094,0.0119232839932602,0.207905932793572,0.244004566240833,0.166641565948559,0.337922003018066,0
2017-08-28,0.0317659058192201,0.0118338147558247,0.208064355313332,0.243492052171656,0.165987148048663,0.338856723891304,0
2017-08-29,0.0233325316378616,0.0213809111908764,0.220911575013343,0.232916163906492,0.158137442886853,0.343321375364573,0
2017-08-30,0.0235707964345985,0.020468321774696,0.200236729414551,0.22181344149932,0.179225459109541,0.354685251767295,0
2017-08-31,0.0281631152241887,0.0327243008210908,0.178943535191187,0.215589959915792,0.169320779161126,0.375258309686615,0
2017-09-01,0.0291182666115984,0.0309857369817827,0.179156908863588,0.213427798412918,0.170554813274047,0.376756475856066,0
2017-09-02,0.0291556576645907,0.0309785605768573,0.178432619755401,0.214255229233734,0.170062356257161,0.377115576512256,0
2017-09-03,0.0269657088383082,0.056650370207175,0.187356827565545,0.205545934351814,0.161821282529735,0.361659876507423,0
2017-09-05,0.0216140807506077,0.138042635559268,0.145031944060889,0.220821218469532,0.153444038078691,0.321046083081013,0
2017-09-06,0.0289559598244779,0.133942024658181,0.122805467643501,0.227690567632228,0.122532962549413,0.354995922342552,0.009077095349647
2017-09-08,0.0328872175811854,0.137392679141423,0.122743958980168,0.232758977452449,0.0975320605944272,0.363370397052032,0.0133147091983161
2017-09-10,0.0294026908552002,0.141842677252243,0.127988441917392,0.229401478194884,0.091771902898709,0.35703141626815,0.0225613926134224
2017-09-11,0.0301008514160168,0.141504627547869,0.126516293972131,0.230262912241044,0.0913109148807065,0.357304687860402,0.0229997120818308
2017-09-13,0.0282008237041779,0.148202224522951,0.119780884732458,0.23694177540184,0.0856938979986847,0.359632546256794,0.0215478473830945
2017-09-14,0.0270890976538669,0.141647862968614,0.119315969454206,0.241462396712151,0.0793227461074257,0.363567241154266,0.0275946859494704
2017-09-15,0.0273764535490962,0.159878916970858,0.117240965958957,0.251337989934908,0.0675380463033519,0.348356769106247,0.0282708581765814
2017-09-18,0.0318634599820517,0.15668811999103,0.116017143692385,0.271272231327314,0.0673811939467989,0.33827864888331,0.0184992021771105
2017-09-19,0.029934781383027,0.158240930804048,0.115853521081666,0.271697633858979,0.0697487320216962,0.335571813711847,0.0189525871387364
2017-09-20,0.0287925188965563,0.165026013691777,0.116395704361743,0.270760601793479,0.0731927580839929,0.330291643214844,0.0155407599576076
2017-09-21,0.0334034053629756,0.162654205687062,0.123421413695059,0.267818240151206,0.0812680028907841,0.322555887491185,0.00887884472172751
2017-09-22,0.0326071322054166,0.165775277873406,0.124021159085245,0.261929231680451,0.0842131516089853,0.325523879253802,0.00593016829269383
2017-09-25,0.0277664871577098,0.168740720920507,0.124408313091835,0.266955929054482,0.0798924696217252,0.326541388430909,0.00569469172283123
2017-09-26,0.0205318391567984,0.198052413400627,0.10338604697634,0.279028539491645,0.0404434049130263,0.336007850120646,0.022549905940917
2017-09-27,0.0226598866305101,0.191688443284472,0.105458925610779,0.264107767323033,0.0553027353677102,0.353448232140287,0.00733400964320892
2017-09-28,0.00549197495029286,0.200697828081756,0.104206410531345,0.260158757678983,0.0687557082640785,0.351668666723871,0.00902065376967458
2017-09-29,0.000518906832292763,0.199734239622196,0.120728118819558,0.244901385888955,0.0668407650298804,0.362304849641983,0.00497173416513383
2017-10-01,0,0.193509624256822,0.125476693987639,0.244390364021561,0.0934485633165539,0.341631504312904,0.00154325010451993
2017-10-02,8.66376977591659e-19,0.205643033981626,0.12214050714867,0.245816675879931,0.0860029180135184,0.340396864976255,0
2017-10-03,0,0.210503773817119,0.117433621198893,0.251757241221198,0.0683675739214071,0.351937789841383,3.90169269485407e-18
2017-10-04,0,0.241072046898712,0.086490757338139,0.244857099253567,0.0584836630666501,0.369096433442931,9.97144076540099e-18
2017-10-05,0,0.247684586829516,0.090967595291591,0.262123657906732,0.0652363698939026,0.333987790078259,3.74985607686e-19
2017-10-07,0,0.255685265425442,0.100571696677127,0.248832942682722,0.0604733123742374,0.334436782840472,8.84839419662669e-18
2017-10-08,0,0.256871043160023,0.105118312370364,0.235488227150397,0.0563492074264424,0.346173209892774,0
2017-10-10,0,0.257112218128413,0.102075216316626,0.236865081662024,0.0591125217880679,0.344834962104869,0
2017-10-11,0,0.263595760924373,0.0916042291345697,0.254705395081859,0.0602831549105812,0.329811459948617,0
2017-10-13,0,0.266208536012925,0.0902002228019533,0.255809047257724,0.0602427917739351,0.327539402153462,6.9636737090812e-18
2017-10-16,0,0.259641169558716,0.0967067638014429,0.253182916570626,0.0662554229007204,0.324213727168495,0
2017-10-17,0,0.258391987974647,0.114479771467104,0.267159222893726,0.0746453355828406,0.285323682081683,7.46673292849299e-19
2017-10-18,0,0.259862147941567,0.115663638788214,0.266051877185826,0.0747348409362405,0.283687495148152,0
2017-10-19,0,0.253869304763925,0.1056557309633,0.269200799254707,0.0900470871487771,0.281227077869291,0
2017-10-20,0,0.259680594596621,0.0948268901932011,0.26377384503567,0.0928704587507031,0.288848211423805,1.16016673952553e-18
2017-10-23,0,0.265102656186108,0.0830436198979903,0.269094829393264,0.0928686908272951,0.289890203695342,1.90077522402878e-20
2017-10-24,0,0.276376955294502,0.0868248029733646,0.272459692805121,0.0886148079565676,0.275723740970444,0
2017-10-25,0,0.285069367533636,0.0790212792910931,0.277062750908471,0.0916345968769412,0.267212005389859,5.65981298561631e-19
2017-10-27,0,0.283366007648157,0.0775618918105456,0.277015609188321,0.0967277951154246,0.265328696237552,1.45525591211278e-18
2017-10-30,0,0.287063719493498,0.0782827598525331,0.274705974435839,0.0891225789773165,0.270824967240813,2.92522278250003e-18
2017-10-31,0,0.284149636716082,0.0789532079058408,0.274843626853003,0.0909984762694431,0.271055052255631,1.73063339399546e-18
2017-11-01,0,0.28448847375517,0.0741794973702872,0.276040451575147,0.0929557194455537,0.272335857853842,0
2017-11-04,4.33680868994202e-19,0.294831737451607,0.0807416567914063,0.287756468912824,0.0771677843027833,0.259502352541379,3.15411687740296e-20
2017-11-05,0,0.301613046435405,0.0792289471175039,0.290380340560015,0.0758999399681548,0.25287772591892,2.81875584169956e-18
2017-11-07,0,0.316031173123319,0.0653450627610572,0.294500790211277,0.0763820106508041,0.247740963253543,1.23213405235727e-18
2017-11-08,0,0.311236310068142,0.111234660716336,0.285334091917147,0.0636705097702966,0.228524427528078,0
2017-11-09,0,0.325009899457699,0.0342957638376451,0.310152724700758,0.0591926698823957,0.271348942121502,0
2017-11-10,0,0.358091511978473,0.031920566678065,0.301196034663052,0.0373711049191893,0.271420781761221,0
2017-11-12,0,0.361213785335908,0.00679301651176576,0.308520778335821,0.0418888577621679,0.281583562054337,0
2017-11-13,3.63530517092715e-21,0.36398456689441,0,0.317121837841755,0.0412267226323121,0.277666872631523,9.45150789122466e-20
2017-11-14,0,0.367905793310351,0,0.309879917440535,0.0452100280325626,0.277004261216551,4.9092982747839e-18
2017-11-15,8.67361737988404e-19,0.373564766967818,3.34575215447643e-18,0.308219041193879,0.0416847823737937,0.276531409464509,7.59777115907416e-19
2017-11-16,0,0.372458156147961,3.06167715995588e-18,0.307095782605676,0.0448452307254498,0.275600830520913,0
2017-11-17,0,0.373565259980428,0,0.308338333462938,0.0419077591879781,0.276188647368656,0
2017-11-20,0.00024280289374664,0.378035716020243,0,0.312051287531316,0.0357717260478215,0.273898467506874,0
2017-11-21,0.00190165741893817,0.371553376452617,0,0.31431288803482,0.0463968733511416,0.265835204742483,2.64966250287164e-18
2017-11-22,0.00451543372297773,0.375170898661625,0,0.309191330991364,0.0462094960664715,0.264912840557562,2.14477021559383e-18
2017-11-24,0.00641777425174905,0.386801985974852,0,0.310192181601444,0.0282167951659108,0.268371263006044,3.83383439229876e-18
2017-11-27,0.00888368662072322,0.400428216295296,0,0.317088635575457,0.0119696495431935,0.26162981196533,4.29971121653173e-18
2017-11-28,0.00342035271011444,0.407220666381425,0,0.314465248569912,0.0203316038240026,0.254562128514546,0
2017-11-29,0.00261134416984868,0.40530757624561,0,0.316674654609409,0.0202228570578986,0.255183567917234,6.38454808011839e-19
2017-12-01,0.00378530381806392,0.408883930754448,0,0.310870570037669,0.0186807468042601,0.257779448585559,1.09317176668896e-18
2017-12-04,0.00388648444663459,0.409297918656942,0,0.309798998288027,0.0201236586751218,0.256892939933275,2.83047960145215e-19
2017-12-05,0.00385488097269816,0.410181935578892,0,0.30710012621114,0.0228746978485918,0.255988359388678,0
2017-12-06,0.00616001438683261,0.413078793116307,0.012219420501098,0.307291798210745,0.0151529557880173,0.246097017997,0
2017-12-07,0,0.410925297775119,0,0.312858560943434,0.020036500351022,0.256179640930425,3.18204675806167e-19
2017-12-09,0,0.406567761564145,0,0.318406141900789,0.0124430479484733,0.262583048586593,4.88251214785594e-19
2017-12-10,0.0013842541499291,0.403887746800385,0,0.321066776739818,0.0132842121738716,0.260377010135996,2.75718660097634e-19
2017-12-12,0.000644484828824274,0.402415411210807,1.73472347597681e-18,0.319288782720198,0.0139072350416803,0.263744086198491,2.97297151083033e-19
2017-12-13,0.00216668370672684,0.405828857596173,0,0.318121085295418,0.00874462596061365,0.265138747441069,0
2017-12-14,0.00762692411149314,0.392587640962017,0,0.318881251959176,0.0235962007850512,0.257307982182263,0
2017-12-15,0.00578831171077738,0.399130521968825,0.0187582673157008,0.303465589694081,0.0112256122671,0.261631697043516,0
2017-12-18,0.00714737941675788,0.409807272531673,0.0389501546593292,0.288885252267982,0,0.255209941124258,3.42234984156523e-18
2017-12-19,0.00946638526439545,0.425565359003932,0.0159466103078876,0.302125860414761,0,0.246895785009023,0
2017-12-20,0.0107574978758778,0.424322692234897,0.0157513978051933,0.303319676921205,0,0.245848735162827,6.92489261221237e-18
2017-12-21,0.00999460903975939,0.423287308981127,0.016084366596315,0.305426410993793,0,0.245207304389005,0
2017-12-22,0.0129731567868587,0.428660127825465,0.0220314436348973,0.298791552603554,0,0.237543719149225,6.4097377462982e-18
2017-12-27,0.0138723043321157,0.429659183161433,0.0186817441903193,0.297612803154974,6.93889390390723e-18,0.240173965161158,4.74547729005452e-18
2017-12-28,0.0149260827270413,0.430198400284745,0.018232809911891,0.29906204654807,0,0.237580660528253,3.61135040662723e-18
2017-12-29,0.0161032732968429,0.433090438056071,0.0279991258063398,0.301381071540652,0,0.221426091300095,0
2018-01-02,0.0171064121439356,0.445273491413151,0.0143241231461802,0.305380907959617,0,0.217915065337116,0
2018-01-03,0.0185642266194481,0.446534744736722,0.0124061069829791,0.309843313853705,0,0.212651607807146,0
2018-01-08,0.0190378564086476,0.447939370477919,0.019444718216096,0.304260228511773,0,0.209317826385565,0
2018-01-10,0.019102164513188,0.445898444162976,0.0159113988344969,0.3079549253068,0,0.211133067182539,1.27557042124283e-18
2018-01-16,0.0198118356384072,0.44577633627623,0.0105728042269955,0.309706009974859,0,0.214133013883508,1.42113192454712e-17
2018-01-17,0.0199847297294747,0.446450995824343,0.00970799111847419,0.310342278147023,0,0.213514005180685,0
2018-01-18,0.0236872236280892,0.443775492133547,0.00417996430227294,0.311143960474303,0.00858061964024534,0.208632739821542,0
2018-01-19,0.0218888144893716,0.426819747346088,0.0379277630343837,0.304424447059871,0,0.208939228070286,0
2018-01-22,0.0230110667127575,0.419154676056763,0.0725379294163732,0.265313626677454,3.46944695195361e-18,0.219982701136653,0
2018-01-23,0.0248680092558092,0.432246698305452,0.0633595394346366,0.263877281337597,0,0.215648471666505,0
2018-01-25,0.0244479527046353,0.431281510207995,0.0676993421915472,0.263765128678698,0,0.212806066217125,0
2018-01-26,0.0252621800693952,0.439263347505384,0.075597992963341,0.255665385018493,0,0.204211094443386,0
2018-01-29,0.0255487760410557,0.438953471184663,0.0770200693917649,0.254837180384115,0,0.203640502998401,0
2018-01-30,0.0212883889512754,0.448062450925476,0.0773305515652465,0.268153115335271,0.00256418259163265,0.182601310631099,0
2018-01-31,0.0194424251393763,0.454560189086049,0.0818110270163902,0.255783735225246,0.0262395273865888,0.162163096146349,0
2018-02-02,0.0198731919512179,0.447254410545728,0.100722303100462,0.245473178182799,0.0231339883031966,0.163542927916597,0
2018-02-03,0.0167700795093297,0.399837894417147,0.10727211338867,0.238932417396276,0.0533260782998969,0.183861416988681,0
2018-02-05,0.0164370984381801,0.410823388160555,0.109021843499276,0.238328798961901,0.043677037687749,0.181711833252339,0
2018-02-07,0.0173415993521117,0.421698949640044,0.0982825682306848,0.243553419925964,0.0361457519309625,0.182977710920233,1.38777878078145e-17
2018-02-08,0.0170252964885448,0.438631976791859,0.0481261903077435,0.291363027068797,0.0336818806132939,0.171171628729762,0
2018-02-10,0.0174742612277141,0.439103661076025,0.0461442251156262,0.28756651129128,0.0343183427464062,0.175392998542949,1.38777878078145e-17
2018-02-11,0.0179937939137216,0.428494466083915,0.0405643047953937,0.29194161781076,0.0568782936033456,0.164127523792864,0
2018-02-13,0.0179477496523256,0.428826157908224,0.0429218944178549,0.289782962756641,0.0582538259576646,0.16226740930729,0
2018-02-14,0.0202248820068489,0.420148012858483,0.0453696593152036,0.2873573415923,0.0725067477120788,0.154393356515086,0
2018-02-15,0.0196921508343179,0.414076058267286,0.053018353627647,0.280638781193075,0.0764640522269167,0.156110603850758,0
2018-02-16,0.0271878338661813,0.399558977218036,0.0444201651837636,0.271423467681396,0.102525289150649,0.154884266899974,0
2018-02-20,0.0293927846341947,0.395531653831113,0.0450516837795407,0.268035229016699,0.104929448084154,0.157059200654298,0
2018-02-21,0.026389565061854,0.417012409349256,0.0255783099580971,0.280050824701743,0.104411528852846,0.146557362076203,0
2018-02-22,0.0389640858771567,0.411057412041291,0.0229413656575568,0.273508500842979,0.112455204538999,0.141073431042017,0
2018-02-23,0.0405342406038752,0.40877874245278,0.0250763428747894,0.274963519787719,0.109414790579415,0.141232363701421,0
2018-02-26,0.0406202665655205,0.407308052250032,0.0246387490161534,0.274471859369152,0.107040644738991,0.145920428060151,0
2018-02-27,0.0444301937967885,0.407201019562273,0.0516021848395602,0.256799737494298,0.0969202122695798,0.1430466520375,0
2018-02-28,0.0434302271530532,0.421048506767218,0.0514329801117637,0.247251757669612,0.0931051295393333,0.143731398759021,0
2018-03-01,0.0526906269542353,0.428249848593459,0.0730983015537941,0.209268875203597,0.104439335715444,0.13225301197947,1.38777878078145e-17
2018-03-04,0.0540228788057767,0.423891223110537,0.0796312646415031,0.201573592142165,0.102744792847489,0.138136248452529,0
2018-03-07,0.0544580025516237,0.426627219877367,0.0653586890699775,0.212405259306598,0.0997762368841847,0.141374592310249,0
2018-03-08,0.0536283528807615,0.429189384677418,0.0538845200861477,0.234126420033033,0.0978678445560326,0.131303477766607,0
2018-03-10,0.0511901600777951,0.429499489767336,0.0573177852223605,0.23096908562877,0.0993025487261231,0.131720930577616,0
2018-03-12,0.0297293725423436,0.434151885153919,0.0724379459633164,0.215047901064935,0.11110199557495,0.137530899700535,0
2018-03-13,0.030348713690549,0.432968351814702,0.0729652401403906,0.214273639634581,0.111631596488618,0.137812458231159,0
2018-03-14,0.0289124521124545,0.426054235513863,0.0726613120635719,0.215024160650811,0.111558169040459,0.14578967061884,0
2018-03-15,0.033976196667945,0.436409863578961,0.0733089663191992,0.202009825461521,0.116017950765366,0.138277197207008,0
2018-03-16,0.0347508026182727,0.435852074959322,0.055901711575846,0.184642731642518,0.136152173237875,0.152700505966166,0
2018-03-19,0.0375535907063298,0.423971630333291,0.0509020170152668,0.187869078653531,0.146738939276817,0.152964744014764,0
2018-03-20,0.037194056208299,0.424450173419325,0.0495958663859547,0.186087664165556,0.149043336743186,0.153628903077679,0
2018-03-21,0.0406866310038426,0.421418477217769,0.0504571682945947,0.186905249640525,0.149830601822341,0.150701872020928,0
2018-03-22,0.0304810677792178,0.434657398222571,0.0369451640596019,0.189544228280294,0.140716293711843,0.167655847946472,0
2018-03-23,0.0336639100328684,0.422190938491582,0.0432388525296023,0.188663166703051,0.144180666533745,0.168062465709152,0
2018-03-26,0.0331869203959894,0.42428332050467,0.0423925269659979,0.186950279344351,0.142818860350994,0.170368092437996,0
2018-03-27,0.0340961544277536,0.415960270848071,0.0400148535542698,0.201119961930514,0.14460931600788,0.164199443231512,0
2018-03-28,0.0321409508068562,0.43731098175029,0.0361529053098727,0.194962970405327,0.140810918059105,0.158621273668549,0
2018-03-29,0.031269829511086,0.438838998706274,0.0376136153496247,0.195890632188807,0.139612026859766,0.156774897384442,0
2018-04-01,0.0280602386173509,0.442490917365048,0.0530745399414535,0.21187213542863,0.109076107111554,0.155426061535964,0
2018-04-04,0.0266212188548866,0.445152954931889,0.0548116897912621,0.211340636016046,0.108326169328172,0.153747331077744,0
2018-04-05,0.0266411236476326,0.441337736241239,0.0625382438378232,0.211039838554174,0.105055802471183,0.153387255247947,0
2018-04-06,0.0272403724273823,0.447721774347748,0.0753181465155876,0.193184337888037,0.10222184269896,0.154313526122286,0
2018-04-09,0.0257531371169884,0.449233415832928,0.123014994054409,0.175124537759214,0.100871923675247,0.126001991561213,0
2018-04-10,0.0204229753408265,0.454657171180655,0.122107464191661,0.178794976128354,0.0940012536946217,0.130016159463883,0
2018-04-12,0.0199916831007048,0.421442541855825,0.151570276624894,0.182407960953066,0.0933451208154602,0.13124241665005,0
2018-04-13,0.0209961330490931,0.424103559391254,0.150426592346678,0.183612203561001,0.0915825916950041,0.12927891995697,1.38777878078145e-17
2018-04-16,0.0171503703818465,0.423987960971146,0.150091737414503,0.18800878337768,0.0896875442154014,0.131073603639422,1.38777878078145e-17
2018-04-17,0.0168391045171566,0.420719909380813,0.150230935393022,0.191279776196434,0.0892599697926379,0.131670304719936,0
2018-04-18,0.0169706578432457,0.418669437338774,0.151545531123743,0.192622122579022,0.0902273405991625,0.129964910516054,0
2018-04-19,0.014940220640249,0.418486305152812,0.153504245181305,0.189768863754236,0.0931321528622722,0.130168212409126,0
2018-04-20,0.0151224966432554,0.405976854672368,0.161393219591889,0.189411762622441,0.096853387655615,0.131242278814431,0
2018-04-23,0.0167276225791892,0.397313427971151,0.169250105482751,0.185075642977039,0.0976327588428258,0.134000442147044,0
2018-04-24,0.0179115806369669,0.393739695712969,0.177535733736879,0.18150560482635,0.099337262224281,0.129970122862554,0
2018-04-25,0.0141741768987499,0.392144498344676,0.175995728644677,0.179848707260145,0.108331885106594,0.129505003745159,0
2018-04-26,0.0101298877577125,0.382493563408343,0.183432766794671,0.165667856518812,0.118470570181992,0.139805355338469,0
2018-04-27,0.0182565003935965,0.381053620950167,0.17513574693831,0.165047880034595,0.11528153435235,0.145224717330982,0
2018-04-30,0.0205384869787183,0.402358204740573,0.160952210584062,0.164066175014034,0.108399450879502,0.143685471803111,1.38777878078145e-17
2018-05-01,0.020426076795493,0.391989303188578,0.160973720221241,0.175469328114681,0.109048492488315,0.142093079191692,0
2018-05-02,0.014124810783307,0.394005961007719,0.165018106969771,0.175358489692391,0.116398201555792,0.13509442999102,0
2018-05-03,0.0136311811806882,0.390204669554664,0.167347415025229,0.175775949327611,0.118367819954129,0.134672964957679,0
2018-05-04,0.00849793873313276,0.365327778279827,0.169975046466353,0.172199851443464,0.129149085146705,0.154850299930519,0
2018-05-06,0.00945262793995468,0.365891797316077,0.169348031586811,0.176318102450782,0.12276941942544,0.156220021280935,0
2018-05-07,0.00812398833515937,0.370605508869786,0.165325328507245,0.171208897258693,0.144613760585054,0.140122516444063,0
2018-05-09,0.00474802006913085,0.375496805088063,0.166153398549569,0.169308042103406,0.142707997627018,0.141585736562814,0
2018-05-10,0.0034391581470481,0.383863867729943,0.148095772707563,0.183834554624412,0.137836149953803,0.14293049683723,0
2018-05-11,0,0.385211060906165,0.149122810714551,0.184975704597471,0.141557343374155,0.139133080407658,0
2018-05-14,0,0.397314706667401,0.13997730115882,0.186239341755769,0.136450031359195,0.140018619058815,0
2018-05-15,0,0.419389317544673,0.135545030610547,0.182647995247371,0.135430175869329,0.12698748072808,0
2018-05-16,0,0.396228126078813,0.134547420381826,0.178139607516017,0.143925751329497,0.147159094693846,0
2018-05-17,0,0.369632011344959,0.142898700928745,0.179830675448113,0.158777178284722,0.148861433993462,0
2018-05-18,0,0.367141125068479,0.145038366312491,0.172919319366584,0.16273565988974,0.152165529362706,0
2018-05-22,0,0.345242695183878,0.150001573388371,0.15767766533746,0.178927605748609,0.168150460341681,0
2018-05-23,0,0.34314118410958,0.13639405444771,0.166381857672361,0.190997434182174,0.163085469588175,7.25215025236552e-18
2018-05-24,0,0.341640460291576,0.130304197503253,0.179164122284859,0.187553022422802,0.16133819749751,2.16462179099287e-18
2018-05-25,0,0.336471021646575,0.134587294252204,0.176859094289709,0.187968500305249,0.164114089506263,1.09074334180397e-17
2018-05-29,0,0.285585173552991,0.122116556891711,0.220384462464127,0.16351957854666,0.208394228544511,0
2018-05-30,1.0842021724855e-19,0.171099562671207,0.138433667446993,0.207150802469626,0.235284867520774,0.2480310998914,3.43050258471048e-19
2018-06-02,0.00659974080480391,0.145067047131135,0.150623428102455,0.200586996124962,0.246635013986312,0.250487773850332,0
2018-06-03,0.00414505281480285,0.14069299907739,0.156262353878628,0.199275263827338,0.252039270050024,0.247585060351817,0
2018-06-06,0.00745334136477944,0.140974223214817,0.146401422182215,0.209437146388469,0.247738513506477,0.247995353343242,0
2018-06-07,0.00659977296331061,0.140469279862576,0.152130341483623,0.208411853015358,0.246714620734138,0.245674131940995,0
2018-06-08,0.00609745958189118,0.139134108665484,0.153048311922684,0.208790879888764,0.247139947736538,0.245789292204639,0
2018-06-09,0.00609961630799893,0.141879893005772,0.152363857361299,0.209416734368126,0.243060607928831,0.247179291027973,6.93889390390723e-18
2018-06-11,0.00253904922567824,0.152240584615544,0.155708504896046,0.208417330703715,0.242819434267777,0.23827509629124,0
2018-06-12,0,0.105153132570501,0.168520961609831,0.246064257829559,0.24931073082811,0.230950917161999,2.01809287060841e-19
2018-06-13,0,0.105264722018611,0.16898789930228,0.246054120491143,0.250196970221987,0.229496287965979,0
2018-06-14,0.011469917059756,0.131522269888775,0.156643549261989,0.241940702581061,0.243982425532609,0.21444113567581,0
2018-06-15,0.00302841638096409,0.125032875765357,0.188888289617171,0.237756284004279,0.251807741262962,0.193486392969267,0
2018-06-18,0.0138741230510204,0.140175892891986,0.172499392796731,0.244125292248293,0.241284937703877,0.188040361308092,0
2018-06-19,0.0187017234240227,0.140958762048231,0.176533273491189,0.229223429107563,0.23394448187545,0.200638330053544,0
2018-06-20,0.0224839610191002,0.12625672808636,0.171149781055802,0.233076265936227,0.233884928888722,0.21314833501379,0
2018-06-21,0.0268746101928055,0.127813178335857,0.164340378390032,0.244148973934032,0.234427479767255,0.202395379380019,0
2018-06-22,0.0282639833374748,0.139491390538677,0.160583173080247,0.256084658676888,0.232377858729475,0.183198935637238,0
2018-06-25,0.036845381789629,0.124230792148081,0.143711767717084,0.27514119692858,0.238627222493194,0.181443638923432,1.38777878078145e-17
2018-06-26,0.0369036968420466,0.114290116894628,0.154254089353871,0.273309610837243,0.240845397402858,0.180397088669353,0
2018-06-27,0.0353241178949098,0.10073034275653,0.205588029837505,0.224507620138682,0.241066085605967,0.192783803766406,0
2018-06-28,0.0401486208067932,0.113120876163384,0.196928683359206,0.226136021029962,0.232141301139819,0.191524497500836,0
2018-06-29,0.0392858834176661,0.110627709135513,0.198271127316428,0.220833855617599,0.229142051321529,0.201839373191264,0
2018-07-02,0.0423419739642168,0.10134670599751,0.18883195863828,0.24205851305463,0.217472669832108,0.207948178513255,0
2018-07-03,0.0412928902934289,0.104956644149091,0.188625133869858,0.238898986828923,0.215581859089429,0.21064448576927,0
2018-07-05,0.0437574544263173,0.117633194500536,0.17297837627183,0.250092880085049,0.20891107011489,0.206627024601378,0
2018-07-06,0.0482090927353525,0.122411306296932,0.181155556585817,0.245582120923996,0.197334202880631,0.205307720577272,0
2018-07-08,0.051480129462495,0.123142087971048,0.173207925277439,0.257860845308172,0.196775419106008,0.197533592874839,0
2018-07-09,0.0512061119110354,0.123315476989922,0.17784660312616,0.253324831466593,0.192172926639855,0.202134049866434,0
2018-07-11,0.0491612689141967,0.133200529976349,0.168541145966503,0.262549862000454,0.186965005952512,0.199582187189985,0
2018-07-12,0.0493286572551483,0.133277888349165,0.169124217318654,0.262243400482071,0.186367284752952,0.199658551842009,0
2018-07-13,0.0485586515970393,0.133090310198684,0.174612079208545,0.2584033968563,0.185066210689907,0.200269351449524,0
2018-07-16,0.0470929647597336,0.13778514251228,0.149307790637275,0.276197840475405,0.189945987129522,0.199670274485785,0
2018-07-17,0.044611290850199,0.112351504916672,0.153727731752052,0.281610555024922,0.222329593526547,0.185369323929607,0
2018-07-18,0.0381604736982184,0.10638228210776,0.142731454164116,0.300483051170381,0.214413497169698,0.197829241689827,0
2018-07-19,0.037395788235794,0.10807019635288,0.139046216980736,0.302857643586408,0.217596500863377,0.195033653980805,0
2018-07-20,0.034293060695955,0.0807921670567781,0.133693380814959,0.321688930376701,0.238883740345018,0.190648720710589,0
2018-07-23,0.0390764463957789,0.083688134114551,0.124560997783273,0.332211816756017,0.243654422322734,0.176808182627646,0
2018-07-24,0.0497921282397493,0.0642429732044832,0.114917220614557,0.359182626614142,0.243451806806808,0.168413244520261,0
2018-07-25,0.0785385880514761,0.0688632145626141,0.0725466882406603,0.39865526172389,0.224980751075116,0.156415496346243,0
2018-07-26,0.0803133906116829,0.066405010443914,0.0554239446301986,0.41559544834404,0.230520548614361,0.151741657355803,0
2018-07-27,0.0791096128984961,0.0707088163292954,0.0571159826413249,0.413702257155566,0.229506867467741,0.149856463507576,0
2018-07-30,0.0725229506088615,0.0500013154740098,0.0623518996165988,0.423433038941976,0.228448247801991,0.163242547556562,0
2018-07-31,0.0734098843149199,0.0486287024103828,0.0797911367614513,0.437246873842222,0.212716536764482,0.148206865906542,6.93889390390723e-18
2018-08-01,0.0741594709827016,0.0503824774461099,0.079350930557559,0.438241208198693,0.209416067679653,0.148449845135284,0
2018-08-02,0.0751151660264506,0.0514908996503249,0.0856472181038654,0.436794440833216,0.203608406263797,0.147343869122347,0
2018-08-03,0.0748539814773628,0.0502452531570666,0.0880989824334554,0.435499003609981,0.203071569645582,0.148231209676552,0
2018-08-05,0.0826254325768121,0.0265951572584458,0.109177539637072,0.42797744412559,0.215129135667331,0.13849529073475,0
2018-08-06,0.0815895214552632,0.0283812445633067,0.108984927209185,0.427263988588,0.214763285494656,0.139017032689589,0
2018-08-08,0.0850034786124501,0.0176277527480815,0.106053795281214,0.439981504365702,0.222751700661947,0.128581768330606,0
2018-08-10,0.0828460313235907,0.0118467129124739,0.108779597702301,0.44422155967291,0.230731031444109,0.121575066944616,0
2018-08-11,0.085636676663336,0.0153370324850401,0.108660515747452,0.446909051223976,0.231175236297335,0.112281487582861,0
2018-08-13,0.0745358390689435,0.0153792785844031,0.10212536754129,0.457336721865931,0.236700440468711,0.113922352470722,0
2018-08-14,0.0723600287414433,0.00977867524723349,0.0934248883508874,0.443525977211041,0.261271917302626,0.119638513146769,0
2018-08-16,0.074431717416931,0.00692275690127014,0.0935650413838932,0.441812381913036,0.260343867046032,0.122924235338837,0
2018-08-17,0.0774511266103668,0.00949073412165866,0.0980142050427908,0.454139110653814,0.241117230200817,0.119787593370553,0
2018-08-20,0.0744234093243639,0,0.0845562539506117,0.470919236568188,0.248767349831858,0.121333750324979,6.94256937091762e-18
2018-08-21,0.0781237736723888,0,0.0889451855401453,0.468553333543326,0.242689505559556,0.121688201684584,0
2018-08-22,0.0899882122495289,3.46944695195361e-18,0.0881713012647892,0.458231340672667,0.251460036069248,0.112149109743766,0
2018-08-23,0.089027912955814,0,0.0874841118026405,0.454816213509254,0.255941204537846,0.112730557194445,1.07701998581514e-18
2018-08-24,0.087717693847052,0,0.0876477267067943,0.454314186953228,0.256510762525458,0.113809629967468,0
2018-08-27,0.0981324197985142,0,0.0923326075360168,0.451567736244638,0.256611003907,0.101356232513831,1.05078067341206e-18
2018-08-28,0.0986481763049464,0,0.0922561921023571,0.450664684650871,0.255517392084456,0.10291355485737,0
2018-08-29,0.100218308675054,0,0.0921453082908207,0.44894436260041,0.254830376618546,0.103861643815169,8.74623563261096e-19
2018-08-30,0.100759251318942,0,0.0943973677245912,0.450222287783505,0.254449368132045,0.100171725040917,7.45224035430886e-19
2018-08-31,0.0937017575605819,0,0.0954708544934004,0.457997883560959,0.25137779796743,0.101451706417629,0
2018-09-01,0.0914363767221479,0,0.0907749437187039,0.459772053273249,0.256094949019354,0.101921677266545,6.40436292978197e-19
2018-09-02,0.09261085870946,0,0.0997187507885294,0.462128039217599,0.253468198050244,0.0920741532341668,1.53768424886279e-18
2018-09-03,0.0891532159531208,3.46944695195361e-18,0.099613205312736,0.468387538192767,0.245492426753736,0.0973536137876398,0
2018-09-05,0.0888057545517416,0,0.102186336000886,0.466779821421886,0.245745432867836,0.0964826551576507,0
2018-09-07,0.0800478650751587,0,0.0953854705016626,0.485545040394897,0.239673282492267,0.0993483415360148,7.04810208188566e-18
2018-09-08,0.0779270553042196,0,0.0981772762243456,0.48703711118959,0.23580147233898,0.101057084942865,0
2018-09-10,0.0781416900442269,0,0.098606490886907,0.486711285857481,0.235515105060122,0.101025428151264,1.64447413395871e-18
2018-09-11,0.0817234410624141,3.46944695195361e-18,0.102939716440712,0.482441423405762,0.229665151234414,0.103230267856698,1.20875988904893e-18
2018-09-13,0.0667176529635781,0,0.0966029746761742,0.488474279176229,0.241231689647687,0.106973403536331,0
2018-09-14,0.0694154268009962,0,0.0941022489039691,0.495274171341906,0.24459429641339,0.0966138565397388,0
2018-09-17,0.0665589741706021,0,0.091740288455859,0.511831515164491,0.228219554046495,0.101649668162552,0
2018-09-18,0.0728466052231627,0,0.10944720701607,0.484566892477304,0.221407250585888,0.111732044697575,0
2018-09-19,0.0741150694605312,0,0.111396660695982,0.485666498252196,0.218080417431674,0.110741354159617,0
2018-09-20,0.0661823208087891,0.0223144823033369,0.110938339210885,0.480397327063589,0.212515960221198,0.107651570392201,0
2018-09-21,0.0707171780153898,0.0324928724163598,0.112582808251545,0.476199193058552,0.204080654353834,0.103927293904319,0
2018-09-24,0.0740504049982299,0.0303794082183116,0.116638512940827,0.475129138073743,0.20484892946933,0.0989536062995587,0
2018-09-25,0.0709670962641985,0.00642423151414844,0.127796378997564,0.485937582100054,0.191210569733238,0.117664141390798,0
2018-09-26,0.0725775639476581,0.00859845019440336,0.125645897357032,0.488807207232516,0.196180920174782,0.108189961093609,0
2018-09-27,0.0690989450563402,0,0.11801150313951,0.504828529416501,0.192234421531272,0.115826600856377,3.67018796807591e-19
2018-09-28,0.0711758357468178,0,0.127186951361872,0.506849604026004,0.169502800499812,0.125284808365495,8.52563086336157e-18
2018-10-01,0.0720610598218058,0,0.133021179787675,0.523924290464997,0.155820710830139,0.115172759095383,0
2018-10-04,0.0776863593128603,0.0067647949322125,0.151580794221645,0.499693682776508,0.147352455123493,0.11692191363328,0
2018-10-07,0.0789263042814875,0.0133478271104634,0.154719140318995,0.488595904555889,0.148049328061264,0.1163614956719,0
2018-10-08,0.0783481454596675,0.00323395082596889,0.149263309186349,0.50481917931028,0.148376130033088,0.115959285184647,3.46944695195361e-18
2018-10-09,0.0679830595694767,0.0313418899042166,0.138492670765633,0.477505412077051,0.178251546699856,0.106425420983767,0
2018-10-10,0.0486610502760209,0.169857640820943,0.141282778814085,0.501126695543867,0.0664758823798214,0.0725959521652627,0
2018-10-12,0.0444605525329564,0.189221859069862,0.130591698014183,0.485049830680365,0.0555238463596054,0.0951522133430281,0
2018-10-15,0.0470506413593218,0.192548886152314,0.132405170476348,0.484920820954731,0.0461132398451023,0.0969612412121831,0
2018-10-16,0.0434574449228275,0.211124083753353,0.134863690655489,0.46430872688749,0.0363805849871547,0.109865468793686,0
2018-10-17,0.0442281922521178,0.213435926666421,0.134884904285881,0.460857733537494,0.0392199729227432,0.107373270335343,0
2018-10-18,0.0406667076374473,0.215578081863427,0.128935393078637,0.464340532877729,0.0430325459640172,0.107446738578742,0
2018-10-19,0.0397804151384669,0.214024040897998,0.131160544792288,0.465117370546946,0.0419254940307284,0.107992134593572,0
2018-10-22,0.0424171997425525,0.210747804464318,0.131413177591426,0.46226409707212,0.0406896877655328,0.112468033364051,0
2018-10-23,0.0433269311909607,0.243705797462771,0.122412253587744,0.437010221620917,0.046296500934637,0.10724829520297,0
2018-10-24,0.0482757151357365,0.236534417299898,0.124866458083817,0.437154667426585,0.0454163438870053,0.107752398166958,0
2018-10-25,0.0400220698705578,0.209832402891086,0.126743046592275,0.455398672516233,0.0491713113526434,0.118832496777204,0
2018-10-29,0.0466161723637294,0.20671628650986,0.11786462936007,0.445166987959742,0.0432339343108735,0.140401989495725,0
2018-10-30,0.0406631990919264,0.170385301953423,0.123019554380044,0.450906269937725,0.0696543605481562,0.145371314088725,0
2018-10-31,0.0382812100778044,0.168588253034346,0.125385399195849,0.46273733190102,0.0755591489609347,0.129448656830046,1.38777878078145e-17
2018-11-01,0.0357469965159455,0.172545084238186,0.123604571133911,0.460688313841611,0.0743671173858576,0.133047916884489,0
2018-11-04,0.0330237461760098,0.172816060523871,0.122365818839045,0.457647311311101,0.0703752601073114,0.143771803042662,0
2018-11-05,0.0360228857521545,0.179716564268272,0.123090670626891,0.447493256130369,0.0618705353820442,0.15180608784027,0
2018-11-06,0.0333340166574819,0.18549641901727,0.128612299438382,0.443644993023148,0.0487190779038145,0.160193193959904,0
2018-11-07,0.0347764774980933,0.195909177353293,0.125476782314209,0.425302951653203,0.060324447481571,0.158210163699631,0
2018-11-09,0.02402589011912,0.208178801818887,0.121937340003482,0.428575779713885,0.0661686386343521,0.151113549710275,0
2018-11-10,0.0216234064062929,0.166164627160895,0.12809543123771,0.429035602670879,0.0981070066952694,0.156973925828955,0
2018-11-12,0.0231675328137593,0.168297414253121,0.129843687754516,0.427874057090053,0.096513339751498,0.154303968337052,0
2018-11-13,0.0208942396510938,0.16444922493095,0.130723914316382,0.420888698981005,0.110366653457604,0.152677268662965,0
2018-11-14,0.0194555834246312,0.164999952864924,0.129768825935411,0.422680766989527,0.109798581161043,0.153296289624463,0
2018-11-15,0.0173578647978336,0.157910547149185,0.132294129539704,0.423991684110981,0.114630884221233,0.153814890181063,0
2018-11-16,0.0138720596995482,0.1494550598115,0.129822851231448,0.42397321314827,0.133835041333605,0.14904177477563,0
2018-11-19,0.0127257551518856,0.153063868565273,0.131482365137993,0.417251837332149,0.131606745214374,0.153869428598326,0
2018-11-20,0.00736141739465142,0.143716498126279,0.130003929991549,0.424047694530103,0.133653801918488,0.16121665803893,0
2018-11-21,0.00883813429756684,0.135315883843061,0.132072945093075,0.416161477739601,0.137742128156917,0.16986943086978,0
2018-11-23,0.00769845655272408,0.133975459630439,0.131925372527552,0.417423133550984,0.140052619187228,0.168924958551073,0
2018-11-26,0.0080158705343938,0.126741675023368,0.12990739660158,0.421214063021899,0.14490308269058,0.169217912128178,0
2018-11-27,0.00762256440025493,0.123533508233519,0.129509614003498,0.423754394120339,0.147751872352263,0.167828046890126,0
2018-11-28,0.00749366514449322,0.133728097764839,0.125499565191422,0.425547526131337,0.143597825958705,0.164133319809203,0
2018-11-29,0.00270596437963008,0.138599608156099,0.12574380731777,0.419375215920942,0.141169987297967,0.172405416927592,0
2018-12-01,0.00300700255047844,0.141645017601393,0.12551892258732,0.395294990184211,0.154062932809818,0.18047113426678,0
2018-12-02,0.0115359792927162,0.166329113148682,0.129911394684034,0.375457080920076,0.120563105976626,0.196203325977865,0
2018-12-03,0.0102043830278749,0.173082283931243,0.122227084463184,0.370283944972506,0.114075662036238,0.210126641568954,0
2018-12-04,0.00993100053103286,0.199036275949103,0.126594413999968,0.340041883711859,0.104163941071482,0.220232484736555,0
2018-12-06,0.0105687113246795,0.190566515013949,0.132848215387945,0.338007735325046,0.108975724469277,0.219033098479105,1.38777878078145e-17
2018-12-07,0.00985097860138258,0.200572362008738,0.139880815014635,0.328237633085644,0.0973772699009972,0.224080941388603,0
2018-12-09,0.00977866125279216,0.202962658391062,0.140591746273469,0.327788281136445,0.0958746856619702,0.223003967284261,0
2018-12-10,0.00943590373102842,0.201573214120851,0.14156943886666,0.327559530462245,0.0988332776523847,0.221028635166831,0
2018-12-12,0.0102600388629044,0.184729285226173,0.14826961295233,0.335627269506474,0.0981500572799584,0.222963736172161,0
2018-12-13,0.00941400702125569,0.182947343890798,0.149273198920937,0.334285508287488,0.104523110442327,0.219556831437194,0
2018-12-14,0.00996258231805497,0.188692346746157,0.153907422388307,0.333217152703023,0.0952944286723207,0.218926067172138,0
2018-12-17,0.00696946613877567,0.178087522354283,0.155076568354919,0.339578036767099,0.0974892775067633,0.22279912887816,0
2018-12-18,0,0.158027738498358,0.282723567765369,0.214751836616241,0.127385598831349,0.217111258288684,0
2018-12-19,0.043304322378216,0.418688562844188,0.150735762076314,3.5398858732785e-18,0.0656779214921091,0.321593431209173,0
2018-12-20,0.0450584810525547,0.411200376826386,0.171408063476432,0,0.0269472116461919,0.345385866998435,3.97482487569196e-18
2018-12-21,0.0523830292094257,0.414214264833071,0.167914932129193,0,0.00626997523216874,0.359217798596142,0
2018-12-27,0.0404661081683653,0.397054714975564,0.166345783900744,0,0.00455953736644474,0.391573855588881,7.45863179914939e-19
2018-12-28,0.0483550034521538,0.403168240704423,0.16034032613231,0,0.0160966767761454,0.372039752934968,0
2019-01-02,0.0483999626843361,0.402227029400248,0.159944679210126,0,0.0180398470574221,0.371388481647868,0
2019-01-03,0.0479957628418155,0.404479035386967,0.161498710365137,0,0.0153389652113682,0.370687526194713,3.42817772376354e-18
2019-01-04,0.0359481476945082,0.404627479448343,0.166916207952336,0,0.0169108619393962,0.375597302965417,0
2019-01-07,0.0367906125975414,0.404886907158815,0.167746680135405,0,0.017220579692663,0.373355220415575,1.0392939301325e-17
2019-01-08,0.035001575485793,0.408004651592331,0.164727816526242,0,0.0211558557501062,0.371110100645528,0
2019-01-10,0.0413246886323507,0.407345876166504,0.165267257293151,0,0.0124707095796852,0.373591468328309,0
2019-01-14,0.0382174685360076,0.425749567820628,0.153619146677454,0,0.0109930617296546,0.371420755236256,9.54671935389306e-18
2019-01-15,0.0361005910276724,0.42629996125074,0.153481651576581,0,0.0125307374189809,0.371587058726026,0
2019-01-16,0.0577230770451021,0.403510438252495,0.151878929698229,0,0.00416691312206229,0.382720641882111,0
2019-01-17,0.0508961999785248,0.394393035301929,0.163064939236495,1.66825831976338e-21,0,0.391645825483051,5.69567362342326e-19
2019-01-18,0.0463820433021417,0.388627200703989,0.169089004227534,6.87981793646296e-18,0,0.395901751766335,1.00777549224036e-18
2019-01-22,0.0550307358655228,0.381410922799181,0.162449089393508,0,0,0.401109251941788,0
2019-01-23,0.0604232420299917,0.379967492906914,0.157601033228389,2.62756274292995e-19,0,0.402008231834706,6.19127379556615e-18
2019-01-25,0.0615882335831221,0.367562509281139,0.165609607648516,5.50551224455987e-18,0,0.405239649487223,4.88823617635994e-18
2019-01-28,0.0609718598664366,0.364907931665957,0.152712675335414,0,5.18049797537288e-18,0.421407533132192,3.81650716332316e-19
2019-01-29,0.0609232786788571,0.36490721262197,0.152706061831429,0,4.85885521478469e-18,0.421463446867744,0
2019-01-30,0.0611494711110991,0.366999782261113,0.151511739098761,0,5.84379017368819e-18,0.420339007529027,0
2019-01-31,0.0604434077513631,0.357694736925922,0.152269402834566,3.95226867309664e-19,0,0.429592452488149,0
2019-02-04,0.0609278203621801,0.356694710680646,0.151988119105923,0,0,0.430389349851252,6.25787754358613e-18
2019-02-05,0.0612199510551447,0.355926235940088,0.151815226377735,0,0,0.431038586627032,1.57452038165409e-17
2019-02-07,0.060568375807699,0.35526239951626,0.15087774506639,0,0,0.433291479609651,2.40918026458638e-18
2019-02-08,0.0558176292088779,0.34663813655567,0.152434697695315,0,0,0.445109536540137,8.89035375934744e-18
2019-02-10,0.0547422803457325,0.33233546634101,0.150724456984278,0,1.87039106585405e-17,0.46219779632898,1.21288273038462e-17
2019-02-12,0.0537448364768966,0.330840419150932,0.151145117731971,0,0,0.4642696266402,0
2019-02-13,0.0554860342195981,0.333371002868599,0.144388028653742,0,3.18217428753045e-18,0.466754934258061,0
2019-02-14,0.0588344917121127,0.331973864523517,0.138904380970987,0,0,0.470287262793383,4.6756043184411e-18
2019-02-15,0.0595938322696558,0.316542717869984,0.144104831326158,0,2.87210257855706e-20,0.479758618534203,0
2019-02-19,0.058803294522204,0.315886084404056,0.144188363862109,0,0,0.481122257211631,0
2019-02-20,0.0486159257392923,0.295046502888872,0.112812283705938,0.0121265490269618,0,0.531398738638936,1.00590279570389e-17
2019-02-21,0.0507496971119568,0.287660868740587,0.132591160188792,0.000233961708919966,0,0.528764312249744,0
2019-02-22,0.0515610611115745,0.283200065407569,0.131866114211767,0.0016796676251628,0,0.531693091643927,0
2019-02-25,0.0405261086245389,0.284355799542389,0.126101819691456,0.00800468843549001,0,0.541011583706126,1.99580714699283e-17
2019-02-26,0.0401580748470606,0.28973709470265,0.120985177280338,0.012390078926587,0,0.536729574243364,3.79671189472197e-17
2019-02-27,0.0394384251448155,0.293046218639414,0.107292536179025,0.0228948413085663,0,0.537327978728179,1.21721900106098e-18
2019-02-28,0.0399879116323864,0.28682185528833,0.0820197083572056,0.0428623102816019,0,0.548308214440476,0
2019-03-01,0.0395151136733119,0.288446302888828,0.0837512396170795,0.0441615766047095,0,0.544125767216072,0
2019-03-04,0.0302386957350004,0.304251259800449,0.139670422597471,0,0,0.52583962186708,0
2019-03-06,0.0294698624566082,0.304997612246777,0.139272822707918,0,0,0.526259702588697,3.27869858951727e-17
2019-03-07,0.0293506766772235,0.299264124088016,0.137225592110413,0,0,0.534159607124348,6.8102614712512e-18
2019-03-09,0.0256826376303999,0.310885847041486,0.144156616835185,0,0,0.519274898492929,0
2019-03-10,0.0263361280799983,0.303890676059861,0.144129012745613,0,0,0.525644183114528,6.65077175401369e-18
2019-03-12,0.0259509858368711,0.302400833261691,0.143078289912085,0,2.77136071269677e-18,0.528569890989353,0
2019-03-13,0.0246168595030771,0.298687034387468,0.141977098939115,0,1.60902340182141e-18,0.53471900717034,2.69532017479398e-18
2019-03-14,0.0218199228413778,0.301749362525359,0.143621389076212,0,1.61678450761469e-18,0.532809325557051,2.8935432080467e-17
2019-03-15,0.022852126834607,0.300783252462031,0.141547416290923,0,0,0.534817204412439,0
2019-03-18,0.0229928414241032,0.301148328324942,0.141813833113615,0,0,0.53404499713734,7.60550905132499e-19
2019-03-19,0.0249359480490154,0.303183045161029,0.138157737675873,0,6.54707200180328e-19,0.533723269114082,2.14067688633334e-17
2019-03-20,0.00719398642604676,0.324916439307232,0.136626463190108,0,0,0.531263111076613,0
2019-03-21,0.0156202493707826,0.313472018249206,0.114482893014688,0.018896112023008,0,0.537528727342316,0
2019-03-22,0.00707556215826759,0.30452169511708,0.13529208951896,0.00496328960780525,0,0.548147363597887,0
2019-03-26,0.00377522901632879,0.314121538960577,0.123048046247926,0.0134985245490607,0,0.545556661226108,7.4824028148762e-18
2019-03-27,0.00611260742397149,0.306271466999725,0.116413299692563,0.0171421782930745,0,0.554060447590666,7.84711738821152e-20
2019-03-28,0.00850699906123673,0.303857536360668,0.116709539848491,0.0176995994556175,0,0.553226325273987,0
2019-03-29,0.0078563451906943,0.302553551868989,0.115405522539652,0.0186366111023535,0,0.555547969298311,3.0388773036209e-19
2019-04-01,0.0217743083736778,0.256406871090479,0.110499725611308,0.0142415560730253,0,0.59707753885151,0
2019-04-02,0.0178374884070183,0.268890449500985,0.085997283166846,0.0248309422855871,0,0.602443836639564,0
2019-04-03,0.0169017208643453,0.27072713422952,0.0857227496382032,0.0261733083547328,0,0.600475086913198,0
2019-04-04,0.0256924562685054,0.258278474667802,0.0870467530757404,0.0236352082082095,0,0.605347107779743,0
2019-04-06,0.0287285768411253,0.256689269084084,0.0480659311184135,0.0584304516421329,0,0.608085771314244,3.38942466277068e-17
2019-04-09,0.027490731847452,0.257293969263932,0.0520984511483918,0.0558303575850443,0,0.60728649015518,0
2019-04-10,0.0271537682752648,0.257137579715397,0.0514602237842673,0.0562783749731657,0,0.607970053251905,0
2019-04-11,0.0344899687843748,0.248223039200657,0.0543629339894755,0.0553756766113482,0,0.607548381414144,1.13272457160546e-17
2019-04-12,0.0361509912239202,0.246907585704336,0.0496842164262299,0.0581513269710225,0,0.609105879674491,2.79421309545968e-17
2019-04-15,0.0321204674122229,0.249396909842108,0.0419964074594055,0.0651446986955985,0,0.611341516590665,0
2019-04-16,0.0335559625761711,0.247098959514506,0.0365369400029059,0.0696117492346735,6.93889390390723e-18,0.613196388671743,0
2019-04-17,0.0299123395127896,0.248866314884215,0.0285380647075777,0.0765355228019564,0,0.616147758093462,1.05192026778859e-17
2019-04-18,0.0290437990599696,0.248461878293671,0.0265174542372881,0.0781247295418421,0,0.617852138867229,2.80780707803747e-17
2019-04-23,0.0339389120846005,0.238695701755019,0.0316277306829153,0.0719404326154595,0,0.623797222862005,0
2019-04-24,0.0358220642676921,0.231477491216713,0.0337836842378542,0.0695124028754324,0,0.629404357402308,0
2019-04-25,0.0361706962284235,0.230149976185695,0.0371026945397795,0.0668301431614104,0,0.629746489884692,0
2019-04-30,0.0315359909177117,0.22813574773395,0.0274903723653743,0.0781004118063506,0,0.634737477176613,0
2019-05-02,0.0161524275571629,0.227684984446435,0.0271195066704317,0.0753497030131844,0,0.653693378312786,2.7577620569491e-17
2019-05-03,0.0168701689367175,0.22760485094176,0.0254510587639874,0.0775810357675746,0,0.652492885589961,0
2019-05-04,0.0128972852308491,0.232498000808335,0.0250464179975587,0.0787406689801899,0,0.650817626983067,2.79525558834754e-17
2019-05-06,0.0126896510639753,0.232931815655849,0.030409839984084,0.0744575543621527,0,0.649511138933939,5.23920041045012e-18
2019-05-07,0.0142129742205568,0.236228246954938,0.0297813341183468,0.0758406980707599,0,0.643936746635398,0
2019-05-08,0.00325587503499082,0.227140746307348,0,0.0937166452799482,0,0.675886733377713,0
2019-05-09,0.00542832711759229,0.216017003219063,0.00797404249572586,0.0871608534766745,0,0.683419773690945,8.79120998623777e-18
2019-05-11,0.00486783816112574,0.218552392946786,0.0108359724218996,0.0854436184774881,0,0.680300177992701,2.54320647381024e-18
2019-05-12,0.00421098819147426,0.218108270251025,0.00350661975025456,0.0898635366970412,0,0.684310585110205,2.11373987597004e-20
2019-05-13,0.00201570914788713,0.224688560845592,0,0.089763803085418,0,0.683531926921103,0
2019-05-14,0.00556214476384976,0.21826302342406,0,0.0864911763887919,0,0.689683655423298,2.98354223598116e-18
2019-05-15,0.00777404476062774,0.217114805517572,2.34997168867596e-19,0.0863411885953636,0,0.688769961126436,9.27310606371473e-18
2019-05-16,0.00964225637676002,0.218123301558632,0,0.0864409986236387,0,0.685793443440969,8.42649870492763e-18
2019-05-17,0.00878727995460715,0.216528795433696,0,0.0865297311349091,0,0.688154193476788,4.42590649414483e-17
2019-05-20,0.000198866759072802,0.218431247423793,3.39960289725837e-18,0.13562424609227,1.73472347597681e-18,0.645745639724864,0
2019-05-21,0.0010029266077514,0.220550077643519,0.0202862841974226,0.116410133664995,0.00976222919969562,0.631988348686617,0
2019-05-22,0,0.208600957838973,0.0300130151339482,0.116624497053938,0.0225212159337712,0.62224031403937,2.49410770612798e-17
2019-05-23,0.00141255180083396,0.20213259700638,0.0271516952944938,0.118594454280159,0.0256321609495341,0.625076540668599,0
2019-05-24,0.00951553270370143,0.165447750506774,0.0317917506387363,0.0903790416381624,0,0.702865924512626,0
2019-05-28,0.0127576963859735,0.164734684398099,0.0431372536600379,0.0838133470305251,0,0.695557018525365,0
2019-05-29,0.0169627760734603,0.150409023317075,0.0447866211847779,0.079449219615274,0,0.708392359809413,3.31555547029507e-18
2019-05-30,0.0291224799029066,0.148665661664908,0.0372327517660758,0.0852921391081247,0,0.699686967557985,3.58574827700051e-18
2019-05-31,0.0265830582282971,0.149848151988615,0.0301213068900684,0.0888614784995601,0,0.70458600439346,3.22492036012165e-17
2019-06-02,0.0291988396272777,0.130892870224085,0.0494862691056471,0.0696886578509281,0.0117456681625431,0.708987695029519,0
2019-06-03,0.0205696136374478,0.120945698550344,0.0354422963031345,0.0819353419776355,0.0374291149145074,0.703677934616931,0
2019-06-05,0.0153183673730869,0.097093496633196,0.0135911936188299,0.139346087822013,0.055798132325069,0.678852722227805,0
2019-06-06,0.017899544667109,0.0973060516049158,0.0187068414774761,0.136138268319401,0.0542599859507034,0.675689307980395,0
2019-06-08,0.00380830827617195,0.113005028134576,0.00641386093832868,0.142044903581182,0.0532963272585286,0.681431571811212,0
2019-06-09,0,0.10096695054343,0.0135630704750949,0.142890023286906,0.0566908949892991,0.68588906070527,0
2019-06-11,0,0.102388637708942,0.00686377125938384,0.142215121739941,0.0614614779651085,0.687070991326625,2.7125172745846e-21
2019-06-12,0,0.104207143416527,0.0147807885169164,0.139068689339809,0.0627373879342695,0.679205990792478,0
2019-06-13,0,0.10997559163322,0.0594460305595908,0.137065059083327,0.0910997932776691,0.602413525446194,2.30154864510956e-18
2019-06-14,0,0.104315554202864,0.0739962281472083,0.122724947106123,0.109830882462796,0.589132388081009,0
2019-06-18,0,0.0947182754600686,0.083413962803028,0.13708289525813,0.121234727803858,0.563550138674915,0
2019-06-19,0,0.0925141952062115,0.0832032792377964,0.138877180076975,0.123324039700146,0.562081305778871,6.35926189712525e-18
2019-06-21,0,0.0837741632883446,0.0996863324132711,0.131275613803196,0.136710851427833,0.548553039067355,0
2019-06-24,0,0.103651201947064,0.111505079921964,0.13242494085676,0.133108073074155,0.519310704200057,4.36025088198224e-18
2019-06-25,0,0.113616981032803,0.113452065094894,0.130666085056926,0.115488144033294,0.526776724782082,0
2019-06-26,0,0.111017896700526,0.105996831566862,0.139955985804255,0.112137956654925,0.530891329273433,0
2019-06-27,0,0.111171013999239,0.0974965026499152,0.145678861642228,0.112827695779886,0.532825925928732,1.90748582914471e-17
2019-06-28,0,0.117729343274992,0.0973530117261937,0.146954150084834,0.108763493295969,0.529200001618011,4.7649286385444e-18
2019-07-01,0,0.123708761175342,0.111293724751378,0.134484436131984,0.120104641258845,0.51040843668245,0
2019-07-02,0,0.115933918547394,0.129522733224399,0.123134399755018,0.124359715949183,0.507049232524006,2.66659698905956e-18
2019-07-03,0,0.109829971375696,0.160831961508288,0.104152312643885,0.107554430832864,0.517631323639267,0
2019-07-05,0,0.0957050610376163,0.190082870421948,0.0823371958679578,0.133263416998264,0.498611455674213,0
2019-07-06,0,0.105468387653016,0.188683734610229,0.0814966580430455,0.136960491127985,0.487390728565725,0
2019-07-08,0,0.105858620652564,0.187841588119282,0.0838107331861445,0.135378492202463,0.487110565839546,8.98119921372223e-18
2019-07-10,0,0.107337334898781,0.18044843870908,0.091981990245604,0.136405994884703,0.483826241261832,2.23136501381083e-18
2019-07-11,0,0.108949877087781,0.161946406419266,0.0914998874887857,0.149683264005229,0.487920564998939,1.35705113150073e-18
2019-07-15,0,0.103445281390456,0.168350913624759,0.0881370337951509,0.157567965759864,0.482498805429769,0
2019-07-16,0,0.112654124418841,0.164836190491322,0.0912545866922983,0.151088003878384,0.480167094519154,0
2019-07-17,0,0.109082010240257,0.166037112690369,0.087481028638239,0.15024000410916,0.487159844321975,0
2019-07-18,0,0.107121803829476,0.156734384229081,0.0992353219203072,0.143461014531352,0.493447475489784,0
2019-07-19,0,0.107404033734356,0.158710716386712,0.0979436874840024,0.139266193324166,0.496675369070763,1.09705702742558e-17
2019-07-22,0,0.110181917060106,0.156702976740282,0.0985431466534935,0.135585294024621,0.498986665521497,0
2019-07-23,0,0.106371491323317,0.141019187041835,0.100616330792273,0.147654110556897,0.504338880285677,3.1142894859391e-18
2019-07-24,0,0.102829002635057,0.136114440929968,0.104722058551686,0.152679777181519,0.503654720701769,0
2019-07-25,0,0.103294530194768,0.138117397939043,0.102813946093033,0.160378945203624,0.495395180569532,0
2019-07-26,0,0.0994424308667418,0.133917339499004,0.104122145780133,0.164975525991983,0.497542557862138,1.08785083092643e-19
2019-07-29,0.00264977615336205,0.105179073140183,0.138879665454912,0.102942737853299,0.154630856097745,0.495717891300499,0
2019-07-30,0.00407289737744414,0.0979370147628291,0.141169925921571,0.103950890638527,0.156443606269354,0.496425665030276,0
2019-07-31,0.00113999243202802,0.0870312409936944,0.13716782459942,0.102613836194504,0.17535215876454,0.496694947015814,0
2019-08-01,0.0123420322774264,0.0781422811237868,0.134061173053227,0.0842580401263848,0.189711160680291,0.501485312738885,0
2019-08-02,0.0152006508227603,0.0907645943877015,0.154587451051349,0.0700389589148556,0.187348324597247,0.482060020226087,0
2019-08-03,0.0130809106615081,0.0864086483152988,0.152532360055056,0.0732308576506583,0.185058955193981,0.489688268123498,0
2019-08-04,0.0127095375205268,0.0937431167243938,0.158207588305456,0.0749923072683833,0.173479637575059,0.486867812606181,0
2019-08-05,0.0154569804957035,0.0813644050930052,0.161794971914633,0.0729415770649504,0.180990466314828,0.48745159911688,0
2019-08-07,0.00753877617149753,0.093141911687707,0.172924355697049,0.0641590292862547,0.171241565643609,0.490994361513883,0
2019-08-08,0.0186042072261696,0.106194226934932,0.167146797333901,0.0636239681106793,0.160649460130141,0.483781340264177,0
2019-08-10,0.0179686163036533,0.105311208856636,0.169998911775129,0.0627357111117769,0.16174445919415,0.482241092758655,0
2019-08-11,0.0140115915685843,0.105300036356319,0.170111263237528,0.0623793518611421,0.168364822716653,0.479832934259774,0
2019-08-13,0.014071498135646,0.0997520618156351,0.174314617180425,0.0599260022302207,0.174931683646141,0.477004136991933,0
2019-08-14,0.0105411460718954,0.0784507194972991,0.196648507349582,0.039347555186895,0.200995080947267,0.474016990947061,0
2019-08-16,0,0.0818332230770916,0.169412137293546,0.0520898634652409,0.237111020768025,0.459553755396097,7.8667095489623e-19
2019-08-19,0,0.0452289827017288,0.28524519909729,0.089424560799736,0.185539341904269,0.394561915496976,0
2019-08-20,0,0.0459039043879862,0.294994546359456,0.109543692595356,0.174119926464239,0.375437930192962,5.99097157529058e-18
2019-08-21,0,0.0456037035614598,0.292184741336639,0.108891571587445,0.169866076271536,0.383453907242921,9.5804511038707e-19
2019-08-22,0,0.0577875115963368,0.289959908151374,0.107431898117211,0.159931063432161,0.384889618702917,0
2019-08-23,0,0.0564129225419206,0.288836141488191,0.112265802549586,0.156929750175575,0.385555383244728,0
2019-08-26,0,0.0558214012669695,0.291798995002212,0.112888413975574,0.15631161679216,0.383179572963084,6.24654454840751e-18
2019-08-27,0,0.0641539726027059,0.295406516759749,0.075610042343018,0.173124868009098,0.39170460028543,0
2019-08-28,0,0.0964694691349373,0.308675239892391,0.0803150460811533,0.131436001316345,0.383104243575173,0
2019-08-29,0,0.0964732339872986,0.308385917039564,0.0792504411863672,0.132663576217021,0.383226831569749,0
2019-08-30,0,0.102343129167086,0.32333112805995,0.0623806628925173,0.128987509525147,0.3829575703553,1.91279869358616e-18
2019-09-01,0,0.0987773881527813,0.325707568442269,0.054367300807253,0.135122103974331,0.386025638623366,0
2019-09-04,0,0.101358311881015,0.325690066154518,0.0589776946653561,0.129967881952399,0.384006045346712,9.72922545565589e-19
2019-09-05,0,0.104196733605328,0.0214386714808617,0.309955382273859,0.142180387874937,0.422228824765014,0
2019-09-07,0,0.106481480059064,0.0246018447792618,0.303592489448164,0.144819441377378,0.420504744336132,2.25418208003286e-18
2019-09-08,0,0.104205803887816,0.0262123007254527,0.302949537032707,0.145107263944626,0.421525094409398,0
2019-09-09,0,0.0983767633989299,0.0269793974572794,0.300691267035318,0.146198653916394,0.427753918192078,4.21982097482542e-18
2019-09-10,1.73472347597681e-18,0.105679972748351,0.0226060092248328,0.318962530447825,0.146340117062384,0.406411370516608,5.27730717689824e-19
2019-09-12,0,0.0934080863707689,0.0153195380409338,0.379121389043793,0.133997019027739,0.378153967516766,0
2019-09-13,0,0.0779340257829435,0.0180721867374641,0.394023287578204,0.134795894251304,0.375174605650084,0
2019-09-16,0,0.0735112011503032,0.0195888873856849,0.41224428228741,0.131622417331664,0.363033211844938,0
2019-09-17,0,0.0734553344610388,0.02097560271437,0.415988171698498,0.121396636515188,0.368184254610906,2.39145709597681e-18
2019-09-18,0,0.0724436198210709,0.0163512762085389,0.416873294298556,0.129638557394182,0.364693252277653,0
2019-09-19,0.00138860778495506,0.0753712859090936,0.0146723330151906,0.415653088556209,0.124875193457871,0.368039491276681,0
2019-09-20,0.00100709905984528,0.0794090823734782,0.0147303375894165,0.419851982195486,0.123703764483332,0.361297734298442,0
2019-09-23,2.16840434497101e-19,0.0751722673555569,0.0185071455793631,0.424139487863028,0.122296567392198,0.359884531809853,7.96708217987499e-19
2019-09-24,0.00124421544085882,0.0798142301889441,0.0285474274784789,0.43398585272295,0.100552391962707,0.355855882206061,0
2019-09-25,0.0010310111871728,0.0791472970309797,0.0292039217025537,0.43309376727186,0.100960670732257,0.356563332075177,0
2019-09-26,0,0.0759076889442717,0.0288850749050572,0.434164598833364,0.103244366152133,0.357798271165174,0
2019-09-27,0,0.0749021041783355,0.025898604568825,0.433058387929306,0.116164122327383,0.34997678099615,1.0762745455998e-18
2019-09-30,0,0.0797214682698532,0.0277922930120724,0.42479530975619,0.116735095133473,0.350955833828411,6.51710308224926e-19
2019-10-01,0,0.0799803407091589,0.0354696686598305,0.391959394413451,0.131041749617294,0.361548846600266,3.28997009298985e-19
2019-10-04,0,0.0799813969724109,0.0349695816144734,0.39253163898878,0.130897534415464,0.361619848008871,6.73515282509486e-19
2019-10-05,0,0.0823805361184271,0.036117858142712,0.394165220025976,0.125532931384,0.361803454328885,1.23267518789564e-18
2019-10-07,0,0.087862360526232,0.0380225441147681,0.389234115748959,0.120639042989286,0.364241936620755,2.58036487768587e-18
2019-10-09,0,0.0856942306271403,0.0327070529561814,0.406071926964536,0.119683507248777,0.355843282203366,0
2019-10-10,0,0.0865700027774661,0.0361162356350108,0.448935651101127,0.101660998469917,0.326717112016479,1.35496151091477e-17
2019-10-12,1.73472347597681e-18,0.110746954185924,0.0349697913348896,0.439721791746467,0.0978585604669788,0.316702902265741,0
2019-10-14,0,0.107184974333917,0.0355767022194858,0.439059092135596,0.102513131567769,0.315666099743232,0
2019-10-15,0,0.104992303881639,0.0361465292163116,0.439024143099121,0.103477562940083,0.316359460862846,0
2019-10-16,0,0.117420278867223,0.0362213566577672,0.446732121327713,0.0888462204461637,0.310780022701133,0
2019-10-17,0,0.112252371356364,0.0325255570032836,0.45026331933113,0.0992778613291875,0.305680890980035,0
2019-10-18,0,0.108309048566488,0.0302747979944183,0.453826514345179,0.108372123792311,0.299217515301604,7.12399960815166e-18
2019-10-21,0,0.11694194162767,0.0312280151649068,0.461746193327031,0.0898537464486669,0.300230103431725,0
2019-10-22,0,0.116656930435003,0.0291059799334815,0.465497025958374,0.0896879213672506,0.29905214230589,1.03463052602449e-17
2019-10-23,0,0.115020093103941,0.0289684428775839,0.465012147498483,0.0930934239040189,0.297905892615974,0
2019-10-24,0,0.119179136208978,0.0300296793413313,0.463913022924926,0.0892707467655766,0.297607414759188,0
2019-10-25,0,0.120355319931246,0.0315139740071797,0.454277239662557,0.0889907053728794,0.304862761026138,0
2019-10-29,0,0.115292984160428,0.0289572236511493,0.427608289797248,0.0813591469958947,0.34678235539528,8.85215334307139e-18
2019-10-30,0,0.110710505028845,0.0211640375994391,0.428038455133286,0.0782185233529669,0.361868478885463,5.02070853186875e-18
2019-10-31,0,0.131036185581902,0.0294184936223605,0.392455942265221,0.0646221136405517,0.382467264889965,0
2019-11-01,0,0.159702603664989,0.0304330017314641,0.329575486356244,0.0584619396222886,0.421826968625014,1.0204724503755e-17
2019-11-02,0.00484611123190257,0.185030556631651,0.0188569170926446,0.248887536583715,0.0920076669677077,0.450371211492379,0
2019-11-04,0.0153267631525097,0.151660318606046,0.0185726313054845,0.22896069004584,0.0875088561936074,0.497970740696512,0
2019-11-06,0.0166925374659746,0.146138191165477,0.0135074242391006,0.235584955357649,0.100079574814864,0.487997316956935,0
2019-11-07,0.0184033658853568,0.147035508722412,0.0130717889569921,0.23099675185784,0.102498444810249,0.48799413976715,0
2019-11-09,0.0160849270499785,0.149343990564549,0.0144957457091221,0.229843330733558,0.10307422192472,0.487157784018072,0
2019-11-10,0.0216208943862896,0.128579849325771,0.0203618947457161,0.257187378627078,0.0886768045488352,0.48357317836631,0
2019-11-12,0.0141276141948482,0.130008855220439,0.0225519815452683,0.269346092568362,0.0988568093841376,0.465108647086944,0
2019-11-13,0.0157630778902774,0.137576234190152,0.0157646960662783,0.267695892404763,0.093668291916321,0.469531807532209,0
2019-11-14,0.0132856947466744,0.16006179050839,0.00353202745793226,0.28063341993228,0.0947367484173441,0.447750318937379,0
2019-11-15,0.014291589051292,0.163808579330185,0.00582291921625794,0.280030249665299,0.0983845791606867,0.43766208357628,0
2019-11-18,0.0163520925151365,0.146573175405782,0.00730865849299391,0.277787251105363,0.103223921157784,0.44875490132294,0
2019-11-19,0.0166889448182108,0.145915720102381,0.00737993392518723,0.278261520517586,0.103595214733186,0.448158665903449,0
2019-11-20,0.0121194977581267,0.155883139950201,0.00878428861580261,0.279779551900401,0.102567024378518,0.44086649739695,0
2019-11-21,0.010854731869213,0.16156733104479,0.00708205481795361,0.284079400259432,0.103275960016699,0.433140521991911,0
2019-11-22,0.00655108055862504,0.172788921594644,0.00481738369715786,0.290760387290251,0.0904708398795953,0.434611386979727,0
2019-11-25,0.00647264651751235,0.174417889668082,0.00324104314524126,0.290422232615388,0.0893689916636851,0.436077196390092,0
2019-11-26,0.00607117895495674,0.178429188916766,0.00276545975887906,0.287190771433925,0.0938352436421604,0.431708157293313,0
2019-11-27,0.00565646057266034,0.181711962312809,0.00380387055393028,0.290517706748076,0.0907508222209623,0.427559177591563,1.38777878078145e-17
2019-11-29,0.00673680336831645,0.180698789862761,0.00453087029241438,0.293437961586565,0.0860009564053995,0.428594618484544,0
2019-12-02,0.00523828689277362,0.188003229220798,0,0.293147078583078,0.081421442126702,0.432189963176648,0
2019-12-03,0.00909046618003412,0.184574247408543,0,0.29125128111214,0.0787974939906048,0.436286511308678,0
2019-12-04,0.015387858142463,0.174139177244988,0.0041522884943896,0.295916032932195,0.0671904344536542,0.44321420873231,0
2019-12-06,0.013441858022388,0.171796033542935,0.00520842214230777,0.297413987033409,0.069362027703741,0.44277767155522,0
2019-12-07,0.0144722978157948,0.172486989525058,0.00460255829117334,0.297957477032931,0.0694053053261801,0.441075372008863,0
2019-12-08,0.00640568968356682,0.168259929069388,0,0.303099753823348,0.0846061518081674,0.43762847561553,0
2019-12-09,0.005902216320017,0.186172254498962,0,0.301904613363712,0.0783162850234095,0.4277046307939,0
2019-12-11,0.0083156594882437,0.210560327120088,0.00257968603872525,0.314183430402719,0.0425249694339749,0.42183592751625,0
2019-12-12,0.00676877906031723,0.203146810890703,0.00811774797166962,0.317944266708143,0.0447977372921261,0.419224658077041,0
2019-12-13,0.00671872993452326,0.160539200160808,0.00404515263792088,0.297700407517025,0.0671131203815843,0.463883389368138,0
2019-12-16,0.0130387850572067,0.154764237931731,0.00689578099339164,0.292763913422758,0.0584914388997688,0.474045843695143,0
2019-12-17,0.0124302173031391,0.149462844363466,0.00402828873605322,0.286390373258878,0.065224706188522,0.482463570149942,0
2019-12-18,0.00786481710791863,0.151993443418747,0.01122267337327,0.272523054691,0.0668767736284196,0.489519237780646,0
2019-12-19,0.0192596272876726,0.164096511893958,0.0120336751729542,0.29171158237896,0.0588151541127363,0.454083449153718,0
2019-12-20,0.0178622906712834,0.174654650808734,0.0148556387233149,0.292134955286854,0.0509067997787387,0.449585664731075,0
2019-12-23,0.0180848657537845,0.172681545810849,0.0156717006128479,0.291098152920742,0.0504936915784204,0.451970043323356,0
2019-12-27,0.0235953942383311,0.177353174929799,0.0155081682882076,0.293010447130939,0.0490706539825416,0.441462161430181,0
2019-12-30,0.0208499520879092,0.189975248015752,0.0153042734426106,0.293435386561231,0.0368096332219043,0.443625506670594,0
2020-01-04,0,0.171902353042861,2.16856236114369e-18,0.298609029837074,1.40623514568139e-20,0.529488617120066,0
2020-01-07,0,0.20221659659824,4.18089564001129e-19,0.301176584910061,0,0.4966068184917,0
2020-01-09,0,0.18476833664546,0,0.312462572628477,0,0.487993455776303,0.01477563494976
2020-01-10,0,0.191379765108592,6.19223738754153e-18,0.319251920987946,1.43560636891491e-17,0.463677600766939,0.0256907131365233
2020-01-13,0,0.191191948654025,2.41994997559766e-18,0.320072396999337,9.90534041098786e-19,0.46115202815192,0.0275836261947176
2020-01-14,0,0.190958606038195,0,0.320399837347889,0,0.461545569204443,0.0270959874094726
2020-01-15,0,0.186273647739639,0,0.324805037591268,1.73755478060719e-18,0.457629888086266,0.0312914265828266
2020-01-16,0,0.19288454842986,4.79797433494831e-19,0.319669503015138,6.94603695123681e-18,0.459513867694145,0.0279320808608575
2020-01-17,0,0.167807703683616,5.36989550533463e-19,0.332407582002983,0,0.452606175051784,0.0471785392616171
2020-01-21,0,0.185802425371065,5.71392766023615e-18,0.325412680008803,0.0029620632238566,0.465457443370725,0.0203653880255501
2020-01-22,0,0.194752091450334,0,0.322092948897572,0.0210298939571526,0.462125065694941,0
2020-01-23,5.56212425067486e-20,0.189472159127012,0,0.319969217583019,0.0277372085508321,0.462821414739137,0
2020-01-27,0,0.185210217974356,0,0.327644462680267,0.0220170062523503,0.463678728092799,0.00144958500022766
2020-01-28,4.14374095063725e-20,0.183664343920531,0,0.325611929828803,0.0244498222981884,0.466273903952478,0
2020-01-29,0,0.174327207390229,0.0783347305314646,0.265428043271926,0.0257314544773784,0.45035974949786,0.00581881483114196
2020-01-30,0,0.182578257323692,0.0762808191299503,0.280924035429694,0.0279037860008174,0.432313102115846,0
2020-01-31,0,0.180862339007767,0.0720064162310487,0.284057017806604,0.0269826265927995,0.428970426704821,0.00712117365696033
2020-02-04,0,0.196659720904938,0.0714081144344543,0.285518201136896,0.0175527313281581,0.422245871039856,0.00661536115569801
2020-02-06,0,0.176871859426856,0.0601684195010168,0.260705610778652,0,0.475202256393803,0.0270518538996724
2020-02-07,0,0.157818394238071,0.0379642782472514,0.304541221363086,0,0.485121695658956,0.014554410492636
2020-02-09,0,0.149870908409773,0.0186512590077697,0.31214665603331,0,0.482943857603247,0.0363873189458995
2020-02-10,1.73472347597681e-18,0.133255308621423,0.0808622775567182,0.23282118617714,0,0.510724609166319,0.0423366184784
2020-02-11,0.00830605904956361,0.0968053500343162,0.0473406877158489,0.268569458952939,0,0.510921889071467,0.0680565551758652
2020-02-12,0.00785433582298623,0.0963327954710181,0.0714262604360129,0.259032996284867,0,0.496481598505688,0.0688720134794275
2020-02-13,0.00763342739389915,0.097721709154278,0.0694603030889638,0.259631901791717,0,0.491475174429739,0.0740774841414033
2020-02-14,0.00667086845327922,0.0932555458087237,0.0729581063074999,0.247532020796013,0,0.510829941728363,0.0687535169061212
2020-02-18,0.00916679426759859,0.103053154836881,0.057997108978389,0.246570653174888,0,0.510185299557233,0.0730269891850117
2020-02-19,0.0072832419864745,0.106242861878178,0.0586165018289861,0.246474837296628,0.00302194621114605,0.507209784518961,0.0711508262796269
2020-02-20,0.0069252021606767,0.107738981910599,0.0581511880543947,0.247253457132243,0.00188550121540164,0.508210088013597,0.0698355815130877
2020-02-21,0.00198023760763892,0.136010832702248,0.0541408784697647,0.248075675466805,0,0.516697786621152,0.043094589132391
2020-02-24,2.34360782190928e-19,0.129722894501952,0.00925291890864662,0.273437268991578,0,0.557557399196821,0.0300295184010032
2020-02-25,0.00640796794866939,0,0.0897450248186248,0.282095853501962,0,0.495770609503636,0.125980544227108
2020-02-26,0.00454457456754983,0,0.0873868013817444,0.283012470396556,2.86520164376553e-18,0.497043432960992,0.128012720693158
2020-02-27,0,0,0.0700303902575246,0.29818101655261,0,0.519049433606123,0.112739159583742
2020-02-28,0,1.10135371764382e-17,0.0274352579634661,0.271480304155123,0.069484863831227,0.558708430502564,0.0728911435476199
2020-03-01,3.46944695195361e-18,0,0.028657536871438,0.273870603575203,0.0686691018979014,0.552551187508542,0.0762515701469156
2020-03-02,0,1.55129069474023e-17,0.0265498541523905,0.27471779451529,0.0691950435824956,0.551764985924022,0.0777723218258012
2020-03-03,0,0,0,0.273198456570386,0.0920665620475933,0.51460886614076,0.120126115241261
2020-03-04,0,0,0.00811170082959962,0.364133131247311,0.128392195250659,0.385298557383117,0.114064415289314
2020-03-06,2.81986690610928e-19,0,0,0.319388629426867,0.150173418513074,0.454007214053321,0.0764307380067383
2020-03-08,1.75490745350131e-21,0,0,0.318402203609661,0.142579549699236,0.460537460317776,0.0784807863733278
2020-03-09,2.72182484215308e-19,5.36506305362714e-17,0,0.316666203679602,0.14309787019134,0.461017929579698,0.0792179965493599
2020-03-11,0,0,0.0652927944358277,0.401990902278036,0.14357191835603,0.239982394924983,0.149161990005123
2020-03-12,0,1.89256694343456e-17,0.0513664757746424,0.424570833666524,0.166229110660816,0.194045755125189,0.163787824772828
2020-03-13,0,7.23036005791055e-19,0.0211358537334673,0.45734808196256,0.206780031861536,0.197363301112044,0.117372731330392
2020-03-16,0,8.4745364907737e-17,0.116053146659995,0.436971034040596,0.102702917819351,0.286582973996465,0.057689927483593
2020-03-17,9.12048522474655e-20,0,0.0668970284979812,0.450935088547593,0.226495111772486,0.25567277118194,0
2020-03-18,0,0,0.0520119052489637,0.449461103977327,0.0865948984808014,0.299831475383165,0.112100616909743
2020-03-19,0,3.49473914218167e-17,0.0886794098025837,0.501028604611649,0.0983145503355423,0.197234445752424,0.114742989497801
2020-03-20,0,1.0749607154571e-17,0.0758419230459732,0.510218446237789,0.10089440435566,0.187318731708288,0.125726494652291
2020-03-23,0,0,0.0952900538586679,0.414383262238616,0.208223948297173,0.207485024378455,0.0746177112270886
2020-03-24,0,0,0.203949019268627,0.350060985155086,0.154363313882958,0.249447449625555,0.0421792320677737
2020-03-26,0,8.80395293164425e-18,0.187519884034644,0.394293796248524,0.151605769613333,0.235622760503114,0.0309577896003849
2020-03-27,0,1.45044910474429e-17,0.191139839743176,0.471299352293839,0.112401563610397,0.225159244352588,0
2020-03-30,2.77831957009011e-17,0,0.194905726519919,0.488869255251399,0.0974345799834939,0.218790438245187,0
2020-03-31,0,1.16498062812846e-16,0.188704643835896,0.476377938007508,0.105561104619159,0.229356313537437,0
2020-04-02,0,1.23820229514775e-16,0.183544599928677,0.492795772565612,0.102169849371155,0.221489778134557,0
2020-04-03,0,7.24966196932834e-17,0.184172147539355,0.492343055144567,0.102551280894072,0.220933516422005,0
2020-04-05,0,0,0.179399502177278,0.498088847732057,0.1036993544311,0.218812295659565,0
2020-04-06,1.25510425282413e-19,1.10545063917155e-19,0.185177567311582,0.49819928399686,0.101030786190436,0.215592362501121,0
2020-04-08,2.79378136514107e-17,0,0.210841639953545,0.469547908695919,0.0969713872923821,0.222639064058154,0
2020-04-09,0,0,0.239007940090614,0.436176720569212,0.101058413030594,0.22375692630958,0
2020-04-11,3.52287880906267e-19,0,0.250034366391905,0.406349372453791,0.113670509546827,0.229945751607477,0
2020-04-12,7.03955739460356e-20,1.44845377068603e-17,0.235207138659351,0.428087763498811,0.111796367274641,0.224908730567197,0
2020-04-14,0,0,0.269844699958751,0.422350421315496,0.105677998692956,0.2007564303594,0.00137044967339664
2020-04-15,1.72125177534421e-19,8.1550429597986e-17,0.401290282739968,0.302354242175338,0.0667531381561142,0.22960233692858,0
2020-04-16,0,0,0.390566317191035,0.29230994687897,0.0708061693107787,0.240721751830266,0.00559581478894974
2020-04-21,4.41188762266107e-22,0,0.4233487284583,0.26828712290864,0.0658026789648289,0.242561469668231,0
2020-04-22,0,0,0.43526412419959,0.258544856450697,0.060693550909612,0.24060170090807,0.00489576753203099
2020-04-23,2.77555756156289e-17,0,0.446917901019692,0.255660998756494,0.0523658450973122,0.238798903334982,0.00625635179151993
2020-04-24,0,0,0.451815217759602,0.253341911821935,0.0527614974883878,0.23669686760723,0.00538450532284455
2020-04-27,0,7.87035570333181e-17,0.451690561759973,0.254000927932513,0.0519794553316972,0.235927913651391,0.0064011413244264
2020-04-28,0,0,0.485936034657044,0.230087050625088,0.045196886661834,0.23247235701825,0.00630767103778329
2020-04-29,0,0,0.478521209288289,0.256304467527577,0.023371236756046,0.223084538761595,0.0187185476664932
2020-04-30,0,0,0.485730167542257,0.219267966950159,0.0382252479247813,0.250605149589969,0.00617146799283285
2020-05-02,0,0,0.475612793985349,0.227404283783432,0.0400376392682626,0.252728230452515,0.0042170525104418
2020-05-03,0,0,0.424421531543875,0.273883643392787,0.0251552587750229,0.258525253210348,0.0180143130779682
2020-05-05,0,0,0.433671635113285,0.261433405766567,0.0232185675908113,0.261778347017329,0.0198980445120073
2020-05-06,0,4.88484222281047e-17,0.427772282117711,0.256588532874503,0.0270054246330543,0.266180906744431,0.0224528536303001
2020-05-08,0,0,0.429400139572458,0.249281489186471,0.0289613129153082,0.270996235733207,0.0213608225925556
2020-05-10,0,3.19095753825508e-17,0.42697168954308,0.249717251277441,0.029215614693546,0.272207367191926,0.021888077294008
2020-05-11,0,4.16145162474159e-18,0.426737431500175,0.279477958515474,0.0270685768692386,0.237608643371826,0.029107389743287
2020-05-13,2.77555756156289e-17,0,0.431772104264931,0.279659566181281,0.0274218503667928,0.23532864975211,0.0258178294348849
2020-05-14,0,0,0.449564831635384,0.272171437127288,0.0164498702418874,0.229052007613204,0.0327618533822362
2020-05-15,0,0,0.437675758727155,0.28182227880751,0.0175342124419039,0.230733362573991,0.032234387449441
2020-05-18,0,0,0.446601899406398,0.298810708541826,0.0101641326766375,0.219120894501997,0.0253023648731422
2020-05-19,0,0,0.449220599575419,0.296705865300482,0.010338463266564,0.218575286673628,0.0251597851839064
2020-05-20,0,5.56288176921792e-17,0.450082411267233,0.296249160950978,0.0104592101510162,0.218347605702634,0.0248616119281391
2020-05-21,0,3.1397292128785e-17,0.409200888993645,0.322993329505593,0.0201124017787403,0.224272963627748,0.0234204160942742
2020-05-22,0,7.12919786063693e-17,0.400404086736613,0.330198006459979,0.0171930950470681,0.223073183107584,0.0291316286487555
2020-05-26,0,0,0.522916319560725,0.267659867964009,0.010584697972628,0.173580997742736,0.0252581167599017
2020-05-27,0,0,0.507935120982411,0.291067339075693,0.00320039929427672,0.177396156621454,0.0204009840261655
2020-05-28,0,1.20257736107356e-16,0.508943047657618,0.289728209873333,0.00704559393628325,0.179110762994667,0.0151723855380985
2020-05-29,2.46355540451477e-19,5.15337884638142e-17,0.489467093743722,0.315247352330143,0,0.171208471003652,0.0240770829224833
2020-06-02,0,9.41107535886584e-17,0.497240891467083,0.310314930791185,0,0.17326437836304,0.0191797993786923
2020-06-03,0,8.22600484135706e-17,0.512073250695887,0.297389672191833,0,0.171573899222167,0.0189631778901122
2020-06-04,0,0,0.535213191440151,0.290746896573485,0,0.169329281000838,0.00471063098552586
2020-06-05,0,4.40148482825832e-17,0.536134381859391,0.289698504594301,0,0.169185129651398,0.00498198389490998
2020-06-07,0,0,0.508695590609932,0.303302694320742,0,0.174360933957475,0.0136407811118511
2020-06-08,1.8501216384402e-20,0,0.510150778092307,0.302705355562193,0,0.174009980475237,0.0131338858702629
2020-06-10,0,5.95007882449935e-17,0.502910749885366,0.311240040720624,0,0.177181464905913,0.00866774448809733
2020-06-11,0,0,0.502784271576654,0.313193850206713,0,0.179313315050147,0.00470856316648597
2020-06-15,0,0,0.525205693558663,0.287717242638808,0.0101575731974898,0.166047707502724,0.0108717831023149
2020-06-16,0,6.00094024376164e-17,0.551928946629525,0.253653733490366,0.0208504474651245,0.173566872414985,0
2020-06-17,0,0,0.541137020776955,0.262575599442824,0.0185448269246011,0.177742552855619,8.67361737988404e-19
2020-06-18,9.54662046951244e-20,1.36857575126101e-16,0.54038319247481,0.264077729650154,0.0177580320789787,0.177781045796057,0
2020-06-19,1.08794674029931e-19,5.56652627888056e-18,0.538868634427434,0.264698097262774,0.017177503571658,0.179255764738134,0
2020-06-22,1.14387418547942e-19,1.37219381689667e-16,0.534105177915923,0.271821833160178,0.0157460699275077,0.178326918996391,0
2020-06-23,0,0,0.540829343141471,0.272003417764096,0.0274523315531147,0.159714907541319,0
2020-06-24,0,0,0.568035789929288,0.253188967960313,0.0250357247619808,0.153739517348418,0
2020-06-25,0,0,0.556861975350438,0.262861137783759,0.0284520860868095,0.151824800778993,0
2020-06-26,0,0,0.521752565100057,0.30614975330726,0.020848187989791,0.151249493602892,0
2020-06-29,3.50805963942565e-20,0,0.552673063591723,0.279886581498026,0.0221965348889164,0.145243820021335,0
2020-06-30,5.01724279841164e-20,0,0.616562127628348,0.233850449251085,0.0243469088112777,0.125240514309289,0
2020-07-01,5.65722286750967e-19,1.90139192138328e-16,0.622931826526871,0.23195316893892,0.0226885788413149,0.122426425692894,0
2020-07-02,0,1.72007775781392e-17,0.626976677645635,0.227967087591861,0.0233386089781579,0.121717625784347,0
2020-07-04,0,0,0.630327322626528,0.227111514943596,0.00864272207742695,0.13391844035245,0
2020-07-05,0,2.01508871658013e-17,0.61664636767623,0.239230175283121,0.00760368390801422,0.136519773132634,0
2020-07-07,0,0,0.631251221164686,0.227361995354218,0.00861806595321166,0.130990058363427,0.00177865916445724
2020-07-08,0,0,0.627311555879212,0.229999781149356,0.00795113971884602,0.132171909803083,0.00256561344950374
2020-07-10,0,0,0.64716017426984,0.209521354519845,0.0041750660643463,0.127051928372783,0.0120914767731854
2020-07-12,0,4.73441989898104e-17,0.645115667314543,0.208519864031182,0.00677474655276905,0.128798005185576,0.0107917169159297
2020-07-13,0,0,0.655668679744386,0.200480276375942,0.00631808111859074,0.127994793612647,0.00953816914843316
2020-07-14,0,2.53472984651647e-17,0.676769692393813,0.175057685410093,0.0144973176946223,0.121561292033707,0.0121140124677651
2020-07-15,0,2.79074232425421e-18,0.673507146990884,0.191513373120211,0,0.115118735033575,0.0198607448553309
2020-07-16,5.66034275818669e-19,0,0.68174152665942,0.184837547192361,0,0.11181416843225,0.0216067577159693
2020-07-17,0,7.93905324488368e-17,0.679515815588701,0.188104828544832,0,0.111570068084217,0.0208092877822503
2020-07-20,1.67393848670084e-19,0,0.7035269448775,0.184350080750615,7.85448638902196e-19,0.112122974371885,0
2020-07-21,0,0,0.690225864048603,0.188004611411024,0,0.121769524540374,0
2020-07-22,0,0,0.726365353804595,0.180758436661945,0,0.0928762095334595,8.67361737988403e-19
2020-07-23,0,0,0.739829805153481,0.173991283817746,0,0.0861789110287724,0
2020-07-24,0,0,0.737934433246259,0.178812800808853,0,0.0832527659448881,0
2020-07-27,0,0,0.677197822007218,0.19375040274074,1.47667695920901e-18,0.129051775252042,0
2020-07-28,5.5594132990637e-18,0,0.666842530812212,0.18932803618062,9.60233360685514e-19,0.143829433007168,0
2020-07-29,0,0,0.690619085449296,0.166988160523283,4.13519699702761e-18,0.142392754027421,0
2020-07-30,8.11518036681512e-21,8.50247107918964e-18,0.705343453914039,0.159577895671106,0,0.103184143408567,0.0318945070062872
2020-07-31,1.13082399855879e-17,0,0.71680446465158,0.136809705054439,0,0.117907823954409,0.0284780063395718
2020-08-01,1.37757549064836e-19,4.04739202126345e-17,0.740227769278974,0.169323368231289,0,0.0879759352052679,0.00247292728446919
2020-08-04,0,1.00954696843374e-16,0.69980818316594,0.17274360423801,0,0.120838493516975,0.00660971907907522
2020-08-05,0,0,0.69296027078858,0.162082002178794,8.68193607031493e-18,0.144957727032627,0
2020-08-07,0,0,0.611792757250362,0.23080727261906,0,0.157399970130578,0
2020-08-09,0,2.21898329458705e-17,0.582992932195329,0.266029408189285,3.47390459613989e-17,0.150977659615386,0
2020-08-10,0,1.87031270149425e-17,0.580181618149094,0.268478239505244,0,0.151340142345662,0
2020-08-12,0,0,0.555175449701658,0.29070500385809,0,0.154119546440252,0
2020-08-13,0,0,0.554863296310887,0.283396610384501,4.67744262183184e-17,0.154243859967268,0.00749623333734425
2020-08-14,5.45755830152309e-19,4.49602387499114e-17,0.566822689016026,0.289367299297347,0,0.143810011686626,0
2020-08-17,6.9886475356029e-18,4.30061534161257e-18,0.582629202784773,0.273106773469244,2.73958339162101e-17,0.144264023745983,0
2020-08-18,6.99656483237387e-18,0,0.583791271342645,0.272527285710458,0,0.143681442946897,0
2020-08-19,0,5.85838422495974e-17,0.577516308278746,0.273020984757095,1.6622359147114e-17,0.145624836050754,0.0038378709134056
2020-08-20,0,3.42537333557382e-17,0.578191062579118,0.27084446241356,0,0.145068426150631,0.00589604885669186
2020-08-21,0,0,0.569817060965817,0.283261944780603,0,0.139108673261308,0.00781232099227151
2020-08-24,0,1.32035393856547e-17,0.565985024982253,0.289963475430327,0,0.140475573062091,0.00357592652532907
2020-08-25,0,1.5333667182721e-17,0.548834860107551,0.312090526445187,8.35940083375775e-18,0.13899607899835,7.85344489115589e-05
2020-08-26,0,0,0.565179212116376,0.292321690381266,4.01204157837866e-18,0.141603894971889,0.000895202530468375
2020-08-27,1.62820307407512e-18,3.30034039120729e-18,0.546885583978487,0.295251957625787,0,0.157862458395726,0
2020-08-28,2.66104626494707e-19,0,0.493467369966555,0.367347773363315,0,0.13918485667013,0
2020-08-31,0,0,0.471189121378014,0.382052437418851,0,0.145095343190319,0.00166309801281611
2020-09-01,0,0,0.457347601227008,0.389894529386268,0,0.143835014964933,0.00892285442179119
2020-09-03,0,4.3317798326457e-17,0.311043318726792,0.49119919761249,0,0.197757483660718,0
2020-09-04,0,0,0.290839960951513,0.493310879898325,2.64580940259174e-17,0.215849159150162,2.73012597376612e-19
2020-09-06,0,4.10431378270249e-17,0.285407281527207,0.495651313257918,0,0.218941405214875,0
2020-09-07,0,0,0.276583842252246,0.505222246284738,0,0.218193911463016,0
2020-09-09,0,2.57475369192857e-17,0.275984812131072,0.517012481482306,0,0.207002706386622,0
2020-09-10,3.639435562339e-18,0,0.279966377615652,0.507375689866573,0,0.212657932517775,2.17312932124299e-17
2020-09-11,1.5491125407651e-17,0,0.247269957396647,0.601230517910391,0,0.151499524692962,1.85248619469892e-17
2020-09-12,0,0,0.276960656492434,0.575034632481965,0,0.148004711025601,3.59262418564798e-18
2020-09-14,7.68755888800315e-18,8.105032455053e-17,0.304981128012072,0.549231884567552,1.38777878078145e-17,0.145786987420376,0
2020-09-15,0,0,0.289958916606267,0.575115461078608,0,0.134925622315125,0
2020-09-16,0,1.10482331891236e-16,0.299610443052465,0.579566138718467,0,0.120823418229069,0
2020-09-17,0,1.16321984337632e-17,0.296983772299623,0.589072150827053,0,0.113944076873324,5.70540679662437e-17
2020-09-18,1.4141141034704e-17,0,0.312594415799507,0.579958159567389,0,0.107447424633105,0
2020-09-21,0,1.43339934127875e-17,0.438172883172484,0.480592052442695,0,0.081235064384821,0
2020-09-22,0,5.15823171371216e-17,0.456588266309343,0.457968084950546,0,0.0854436487401112,0
2020-09-23,7.84865218225744e-18,0,0.431759991228324,0.471278543966471,0,0.0969614648052042,0
2020-09-24,0,3.74532421944311e-17,0.446440063923205,0.445671168500374,0,0.107888767576421,0
2020-09-25,0,0,0.436978354431356,0.443017935696103,0,0.120003709872541,0
2020-09-28,2.2493295430561e-17,1.10073986561254e-16,0.437374371635161,0.442790678043555,0,0.119834950321284,1.34208090841013e-18
2020-09-29,1.3430609409733e-17,0,0.439677285556968,0.439692429957466,0,0.120630284485566,2.38874444029792e-19
2020-09-30,7.87822983197843e-18,1.67290032731414e-16,0.473087837274574,0.405798235450159,2.91921089246702e-17,0.121113927275267,0
2020-10-01,0,0,0.478808222224314,0.404243738182099,1.39734466068145e-17,0.116948039593587,0
2020-10-02,0,6.97184281540119e-17,0.463563650900249,0.388161351391645,0,0.148274997708106,2.67847442277649e-17
2020-10-03,2.7654103623246e-17,0,0.475903905650362,0.367065383265809,0,0.157030711083828,0
2020-10-06,7.07425800895274e-18,0,0.474296445171652,0.369909834681799,0,0.155793720146549,2.55206139923706e-17
2020-10-07,0,5.14808807625487e-17,0.462959535977743,0.36244048824998,0,0.174599975772276,0
2020-10-08,2.0414898446166e-17,4.75136467343992e-17,0.467337114700937,0.367975444754024,0,0.164687440545039,4.09694089032288e-17
2020-10-09,0,0,0.452595547731266,0.383879982064381,1.38777878078145e-17,0.163524470204353,0
2020-10-11,1.58413341050954e-17,7.06957164185863e-18,0.430351749094087,0.403341250909753,0,0.166306999996161,1.52921315784084e-17
2020-10-12,4.70865255541234e-18,0,0.427290596593287,0.408398677153327,0,0.164310726253386,0
2020-10-13,1.48529005682584e-17,0,0.441109196153299,0.403782156096976,0,0.155108647749725,2.99408651435085e-18
2020-10-14,0,5.37257732150773e-17,0.44115189488079,0.403983553727223,0,0.154864551391987,0
2020-10-15,0,1.6106387928061e-16,0.460316497284845,0.398606865206373,0,0.141076637508782,2.12669307427561e-18
2020-10-16,1.17173422493542e-17,0,0.473708230192666,0.391400367416798,1.38777878078145e-17,0.134891402390536,0
2020-10-19,1.57170838596557e-17,0,0.463097104771536,0.397014441400926,0,0.139888453827538,3.01468637567096e-18
2020-10-20,0,0,0.438351511241367,0.434542362318225,5.22969569039789e-19,0.127106126440408,0
2020-10-21,0,8.39290577326256e-18,0.434371933706438,0.439888968860007,2.49057146972065e-18,0.125739097433554,0
2020-10-22,0,5.40182529774943e-19,0.435934287304238,0.437251593836826,2.13696639416402e-17,0.126814118858936,1.38777878078145e-17
2020-10-23,2.00511836727286e-17,0,0.441835230257089,0.43730539672124,2.264972208743e-17,0.120859373021671,0
2020-10-27,1.87114114770685e-17,1.07341720580353e-16,0.442160084615417,0.437835508109725,3.98671265615523e-17,0.120004407274858,0
2020-10-29,0,0,0.432030048225994,0.442389489918923,0,0.125580461855083,0
2020-10-30,1.85828836865839e-17,1.04246811028964e-16,0.421439595725653,0.446942705539198,0,0.131617698735149,0
2020-11-02,1.8338675534779e-17,8.833277113519e-17,0.427412244177631,0.439224057381981,0,0.133363698440387,0
2020-11-03,4.72540846022798e-18,7.34230843100552e-19,0.457734725360563,0.408170445203817,0,0.104742589817983,0.0293522396176366
2020-11-05,9.75738309973253e-18,2.07103053797046e-17,0.452189889426818,0.40646500114454,0,0.100959089043088,0.0403860203855544
2020-11-08,8.61135926591082e-21,0,0.461251327138514,0.400756600572693,0,0.108739982981808,0.0292520893069843
2020-11-09,5.74643478754901e-19,0,0.473772636895017,0.363311650230831,0,0.114741151595408,0.0481745612787431
2020-11-12,0,1.73045675004365e-16,0.462429987450101,0.37564437492316,0,0.113266175529819,0.0486594620969189
2020-11-13,0,6.55950942515514e-17,0.446785871617995,0.385094703697692,0.0441499497679497,0.105305899244679,0.0186635756716842
2020-11-16,0,1.70172447405261e-17,0.480861168683426,0.37754043266261,0.0364399623592756,0.0802167929597152,0.0249416433349732
2020-11-17,0,1.13960535612756e-17,0.473970700108414,0.384194414836689,0.0362353297581584,0.0856421357431213,0.0199574195536171
2020-11-18,0,0,0.474672865909739,0.382541275950504,0.0344203661164542,0.0888440229115675,0.0195214691117356
2020-11-19,0,0,0.474966937751412,0.381954496644771,0.0333897647150492,0.0885546247021842,0.0211341761865838
2020-11-20,0,0,0.462760810763378,0.38337659784342,0.0603180220635558,0.0894353474738221,0.00410922185582435
2020-11-23,0,2.85119673111475e-17,0.458699929588076,0.3884501567392,0.0668302841718875,0.0860196295008369,0
2020-11-24,4.91460402804245e-20,1.50981172120784e-16,0.458474272075449,0.383206850061102,0.0610001314303757,0.097318746433073,0
2020-11-25,0,0,0.457764149347104,0.383647812022282,0.062823517881683,0.095764520748931,0
2020-11-27,0,0,0.45335321268088,0.384391876793971,0.0594700074977479,0.102784903027401,0
2020-12-02,0,0,0.449906116488582,0.384793725972548,0.066945615908435,0.0983545416304352,0
2020-12-03,1.30851454391612e-17,0,0.60754645300528,0.28311326417987,0,0.109340282814849,0
2020-12-05,6.49959556188952e-18,2.35589517814617e-17,0.607186148158324,0.278965986527217,0,0.113847865314459,0
2020-12-06,0,8.54054622462538e-18,0.620536901011346,0.258790124944127,0,0.120672974044527,3.69925628871663e-17
2020-12-08,0,3.70057095893117e-18,0.623749915739403,0.254905092933224,0,0.121344991327373,4.30118864918477e-17
2020-12-10,1.10215539113648e-17,4.61738487265937e-18,0.62323925842187,0.255560985555097,0,0.121199756023033,0
2020-12-11,6.50850806120828e-19,4.39640776509149e-18,0.618110412189018,0.255635649609166,0,0.126253938201816,1.4949042091732e-16
2020-12-14,0,8.52330017029274e-19,0.612985567808311,0.256882112501199,0,0.13013231969049,1.13113339454952e-17
2020-12-15,0,0,0.611544158801016,0.2580917030226,0,0.130364138176384,1.05066494500395e-17
2020-12-16,0,2.39181644298326e-17,0.610292151122077,0.239818826333594,0,0.149889022544328,1.36611840465971e-18
2020-12-17,9.66221119818956e-18,1.36379495906351e-17,0.607993344523923,0.244237285070524,0,0.147769370405553,0
2020-12-18,8.08771816955997e-19,0,0.602061675010737,0.254670811791387,0,0.143267513197876,7.2582910883879e-19
2020-12-21,2.97688638806582e-20,0,0.606238466150811,0.244197041649018,0,0.149564492200171,0
2020-12-22,0,0,0.600934611236128,0.254473507950739,0,0.144591880813133,0
2020-12-23,4.01669702742726e-19,0,0.610822653587463,0.253711556021619,0,0.135465790390918,8.73297410522465e-18
2020-12-28,0,5.73909762042104e-17,0.617765523623747,0.258692321554109,0,0.123542154822144,1.20161701166417e-17
2020-12-29,0,8.85135166162987e-17,0.618481308090057,0.258142350238392,0,0.123376341671551,3.72989488875061e-18
2020-12-30,0,0,0.655480761168408,0.225900620770944,0,0.118618618060647,3.57946782443593e-17
2021-01-02,7.36789882854591e-18,0,0.653694496426107,0.227873993519651,0,0.118431510054242,0
2021-01-03,7.90501689877882e-19,1.42062345196353e-16,0.650581344575253,0.230276495005466,0,0.119142160419281,0
2021-01-04,0,7.08672178148766e-17,0.639700605133564,0.240829603882415,0,0.119469790984021,0
2021-01-07,0,5.46951130633103e-17,0.638838560955207,0.241487481203312,0,0.119673957841481,0
2021-01-09,7.49653090951801e-19,1.96968169174221e-16,0.638606066140645,0.240022940400422,0,0.121370993458933,0
2021-01-10,0,0,0.637953097857062,0.241027718931473,0,0.121019183211465,0
2021-01-13,0,1.41823080595631e-16,0.641383829135798,0.236341013141736,0,0.122275157722467,1.48448746525249e-17
2021-01-14,2.52610014218927e-18,1.20449783906026e-16,0.637295599135667,0.24128989368609,0,0.121414507178242,8.19822339890095e-17
2021-01-15,8.8417759295506e-19,0,0.62984321267037,0.250373775231891,0,0.119783012097739,1.55762186426132e-17
2021-01-19,0,0,0.627765407994496,0.251858724080664,0,0.12037586792484,0
2021-01-20,0,6.32387088026591e-17,0.627361902192886,0.252281345897518,0,0.120356751909596,1.17493099528317e-16
2021-01-21,1.45252293625185e-18,0,0.625411952390955,0.253891869615122,0,0.120696177993923,0
2021-01-22,0,9.84776489347977e-17,0.652672126869822,0.244410737040664,0,0.102917136089514,5.91632742187853e-18
2021-01-25,2.39950300539225e-18,9.34755796505113e-19,0.652358182398931,0.250539063048147,0,0.0971027545529225,0
2021-01-26,1.36440878522752e-17,1.19354141170653e-16,0.820020737533737,0.148751083870971,0.000722239230380622,0.030505939364911,0
2021-01-27,0,0,0.82998080746446,0.153011452322361,0.0100665736951364,0.00694116651804241,3.46944695195361e-18
2021-01-28,1.78793698272911e-19,0,0.839199616001612,0.153617132330171,0,0.00718325166821685,0
2021-01-29,1.83409929483038e-18,0,0.848690421521961,0.142829053548217,0,0.00848052492982203,0
2021-02-02,0,0,0.858265976515228,0.141734023484772,0,0,3.16627131527471e-18
2021-02-03,1.47067649796056e-17,0,0.868492939482073,0.131507060517927,0,2.32790976513013e-18,0
2021-02-06,0,2.76275343218088e-17,0.865573591262327,0.0326395638388798,0.0956024734331023,0.0061843714656912,1.45329690527888e-17
2021-02-07,0,1.65127669639224e-17,0.854734619800287,0.0413960343952165,0.092825646882498,0.0110436989219984,1.65857433646173e-17
2021-02-08,0,0,0.856744239557391,0.0418553403049377,0.0911090174990685,0.0102914026386026,0
2021-02-09,0,0,0.852693545962367,0.0434496686605659,0.0912915137266509,0.0125652716504164,0
2021-02-11,0,0,0.855290118075239,0.0392848525751562,0.0927411054939709,0.0126839238556344,0
2021-02-12,0,0,0.854531424654719,0.0353694660876132,0.0961809128443201,0.0139181964133482,1.0991238739853e-17
2021-02-16,0,0,0.851450313411031,0.0369244320697464,0.0991491713971528,0.0124760831220697,0
2021-02-17,0,1.65686500632476e-17,0.724688266054346,0.135480862507225,0.0742740639223075,0.0655568075161212,0
2021-02-18,0,0,0.704781224999289,0.152686584472842,0.0772696061537118,0.0652625843741573,0
2021-02-19,0,5.40342081640365e-17,0.732274650436213,0.14831901424761,0.06636702677106,0.0530393085451179,0
2021-02-22,0,0,0.730118509328796,0.154265712781788,0.0674336534717213,0.048182124417695,1.99172909508936e-17
2021-02-23,0,0,0.747064788845142,0.128549785660761,0.0723692532873221,0.0520161722067755,0
2021-02-24,0,0,0.747698462364901,0.120050137787691,0.0806699433466046,0.0515814565008035,1.60166582965849e-17
2021-02-25,0,0,0.748598743278232,0.122453581914447,0.0755595243008036,0.053388150506518,1.49494378306021e-17
2021-02-26,0,0,0.750905456509903,0.127401731691417,0.0695318476725593,0.0521609641261204,0
2021-03-02,0,0,0.739890783993692,0.135250614830471,0.0664071609167139,0.0584514402591235,0
2021-03-03,0,0,0.739283325134697,0.134307345790227,0.0680505185825827,0.0583588104924936,1.85345020679641e-17
2021-03-08,1.61896382688147e-18,0,0.742618796964286,0.133631455709579,0.0687937832123629,0.0549559641137721,5.86290006435165e-18
2021-03-09,0,0,0.739600893233246,0.125772774700017,0.0828721364591095,0.0517541956076273,4.50178399479989e-18
2021-03-11,0,1.8672931155721e-17,0.794550264939201,0.0983498476280541,0.0640543231480638,0.0430455642846808,0
2021-03-12,0,0,0.776943565521374,0.109681875446148,0.0630187103601404,0.0503558486723378,2.38647035633568e-18
2021-03-16,0,6.69384042042393e-18,0.775392708793481,0.107080975748842,0.0669964587029356,0.0505298567547408,4.10215817154679e-17
2021-03-17,6.63077745016833e-19,0,0.814798060712054,0.0308822677840977,0.105519750456843,0.0487999210470057,0
2021-03-18,0,0,0.808128314300249,0.033048641716591,0.111255882780299,0.0475671612028612,0
2021-03-19,9.14785155899816e-20,0,0.806292634436208,0.0147406307085446,0.12982634882333,0.0491403860319178,2.15095393193645e-17
2021-03-22,0,0,0.804431628227793,0.0089897350457753,0.138624799927453,0.047953836798979,5.91810298930483e-18
2021-03-23,0,0.00675912309024898,0.787223563227616,0.0230135317059516,0.122400263834232,0.0606035181419521,0
2021-03-24,0,0.00992934651153419,0.77846936452188,0.0310525475305785,0.11723607627783,0.0633126651581772,0
2021-03-26,0,0.00989325430742766,0.781090833369794,0.0296181093502425,0.115718478369673,0.0636793246028628,2.09295976408821e-17
2021-03-29,0,0.0176550512144855,0.745748309948095,0.0584509840427147,0.0976300025095454,0.0805156522851592,2.247693718952e-17
2021-03-30,0,0.00215417773190729,0.797863772631589,0.0233576552936151,0.102553005350715,0.0740713889921743,9.74273766011368e-18
2021-03-31,0,0.00128775624950327,0.794207767367502,0.0283078754219973,0.100487872913001,0.0757087280479965,0
2021-04-01,0,0.00267890451894132,0.792218556900421,0.030036458689903,0.100811244824845,0.07425483506589,0
2021-04-02,0,0.0101089678298516,0.790183956583351,0.0209867563797258,0.101023222563977,0.0776970966430947,0
2021-04-03,0,0.0140918068236299,0.783411352199983,0.0135469766828143,0.108952614860323,0.0799972494332503,0
2021-04-06,0,0.014177637899795,0.787919376400279,0.0157416918614032,0.102257336226069,0.0799039576124533,0
2021-04-08,0,0.0106199343798755,0.796119715303907,0.0134611602051708,0.100990461673594,0.0788087284374528,7.0019141869628e-18
2021-04-10,0,0,0.715637607777827,0.153279334877067,0.00978975741985964,0.121293299925247,0
2021-04-11,0,0,0.703245841358849,0.164035094867052,0.00709941267188748,0.125619651102212,6.59526689689584e-18
2021-04-13,0,5.45021165080942e-18,0.655820778803663,0.211977471068681,0.00520866681541163,0.126993083312244,3.42024543620188e-18
2021-04-14,0,0,0.617734299414845,0.265459519006421,0,0.116806181578734,3.24408626814436e-17
2021-04-15,0,0,0.628151724476278,0.253815666389295,0,0.118032609134427,9.83181081745097e-18
2021-04-16,0,0,0.643428154289347,0.242790821445381,0,0.113781024265271,0
2021-04-19,0,0,0.591665968004349,0.264903878265711,0,0.14343015372994,4.5197914105829e-17
2021-04-20,0,0,0.588850014755286,0.265646130275278,0,0.145503854969437,2.16956559078168e-17
2021-04-21,0,0,0.585615337480289,0.26856193454614,0,0.145822727973571,0
2021-04-22,0,0,0.587012568565675,0.267992145321514,8.82537001086015e-18,0.144995286112811,6.43161058787023e-17
2021-04-23,0,1.35130141573027e-17,0.601969266038445,0.256822556786421,1.01054792430223e-18,0.141208177175134,1.11511236736994e-17
2021-04-26,0,2.42009477879148e-17,0.601793681114097,0.254855199077245,7.77661533569123e-18,0.143351119808658,2.2248030794964e-17
2021-04-27,0,0,0.591845320276147,0.27029554330807,1.91270697370386e-17,0.137859136415783,0
2021-04-28,0,0,0.595716630561786,0.265746141993879,9.04142469149116e-18,0.138537227444334,1.35552965473293e-17
2021-04-29,0,0,0.603134166118558,0.263887938260283,9.61923784840018e-18,0.132977895621159,1.83252785486964e-17
2021-05-01,0,0,0.614157263500746,0.250334827007476,0,0.135507909491779,8.32335692550715e-18
2021-05-02,0,0,0.247418385913138,0.501902392334713,0,0.169823495834027,0.080855725918122
2021-05-03,2.59985018772425e-20,7.11975808371507e-18,0.327404193507765,0.410564681805506,0,0.168139730680931,0.0938913940057987
2021-05-05,0,5.45696236160271e-18,0.2929350938894,0.463169522895754,0.00446096366259123,0.161764420445154,0.0776699991071
2021-05-08,0,0,0.302985842667732,0.458787269400403,0.00615159922740184,0.159205446013294,0.0728698426911687
2021-05-10,0,0,0.305277091203506,0.466016740051611,0,0.15911712065899,0.0695890480858931
2021-05-11,0,5.85723940313594e-18,0.329624414074543,0.451444024267936,7.30390057718615e-18,0.146036086458473,0.0728954751990483
2021-05-13,0,0.00500635327292155,0.337139853250163,0.455473757695574,0,0.143020328249298,0.0593597075320435
2021-05-14,0,0.00380631220396809,0.339309456248717,0.45948794127669,1.10632232628087e-18,0.140221171203541,0.0571751190670843
2021-05-17,2.01071307958242e-21,0,0.331484881374854,0.466626864033625,4.05052978934848e-19,0.144663358357297,0.0572248962342246
2021-05-18,0,0,0.329700938378562,0.467106172358481,2.81849250650714e-18,0.145904649212831,0.0572882400501258
2021-05-19,0,0,0.347401948645708,0.444697395876621,0,0.151194579121999,0.0567060763556721
2021-05-20,0.00658533878465887,0.00712169630762417,0.326445138975698,0.448809236316812,0.00502501561245095,0.14714423119866,0.0588693428040959
2021-05-21,0.0291966810497264,0.00139031402136719,0.33261082536489,0.422400227540764,0.0237122542149987,0.139481433993893,0.0512082638143619
2021-05-25,0.0284070351112316,0.0126609364702053,0.333056762237162,0.414495484741676,0.0147722229764355,0.144389643519907,0.0522179149433825
2021-05-26,0.0298266997415895,0.00937483142194672,0.338264310339092,0.406304083215873,0.0161537764907096,0.146020326800226,0.0540559719905637
2021-05-27,0.0321875161475959,0.0333603569669558,0.366784453720587,0.355797269407698,0.00875115948597161,0.140952824744465,0.0621664195267263
2021-05-28,0.0328808469043034,0.0517664017923646,0.327057088639774,0.374319806760555,0.0358965394861821,0.14121215566863,0.0368671607481903
2021-06-04,0.0304909757554427,0.0508012000699386,0.335601865053307,0.370158651226907,0.0420504957218867,0.133066995467053,0.0378298167054641
2021-06-05,0.0308713804307056,0.0469820265479706,0.331087724817044,0.372316503662127,0.038800325072195,0.134688651870584,0.0452533875993744
2021-06-07,0.0339593795148392,0.0464954347227997,0.329927878799452,0.378761974530689,0.0384452055799155,0.133049572268343,0.0393605545839611
2021-06-08,0.0376295549364272,0.0313639003206909,0.352288251458595,0.367775371405595,0.0432365770025441,0.122740118632226,0.044966226243922
2021-06-10,0.0357437628215965,0.0443085934682308,0.363505550524116,0.366326039732388,0.0487411227062126,0.0989114821031129,0.0424634486443428
2021-06-12,0.0360885376138733,0.0443402867258931,0.363211160330386,0.369282294683473,0.0519550406680263,0.0966825541092869,0.0384401258690618
2021-06-14,0.0368240819894963,0.0446132976069829,0.36104597603717,0.373466611281912,0.0479367062773556,0.095210200872857,0.0409031259342268
2021-06-15,0.0361373163290926,0.048422583992141,0.360892818480714,0.375508452894459,0.0500260993275559,0.0957053729555834,0.0333073560204545
2021-06-16,0.0330424274582429,0.0455603076544261,0.393223264974094,0.352561175112828,0.0477677323069502,0.0907910465708946,0.0370540459225635
2021-06-17,0.0341293644041842,0.0405344338304659,0.368986361200234,0.36528815806449,0.0631224392761002,0.0951471609045565,0.0327920823199695
2021-06-18,0.0350611983807566,0.0362054217536153,0.35361529741219,0.395156024299253,0.0576630432066836,0.0961919164372885,0.026107098510213
2021-06-22,0.0385747116029948,0.0407950055035816,0.383982517682246,0.340555086920329,0.0729998579141889,0.103586491858897,0.0195063285177627
2021-06-23,0.0376969343342069,0.052034620580739,0.377884232091545,0.332009650056215,0.0886149996202996,0.0941709275170976,0.0175886357998966
2021-06-24,0.0419365837174611,0.0644041769813467,0.364892781629521,0.316202920054792,0.0927524963099177,0.103411552706065,0.0163994886008966
2021-06-25,0.0433891239523587,0.0507658850429285,0.335865832610682,0.32468561613475,0.10757010432678,0.107985885321912,0.0297375526105897
2021-06-28,0.0470686791179573,0.0758892820530998,0.32315754046096,0.32504093763223,0.107699218105512,0.109972109788775,0.0111722328414658
2021-06-29,0.0500399205367471,0.0907519925631439,0.316144026686528,0.329011430525757,0.0957115493800788,0.110007431054919,0.00833364925282601
2021-06-30,0.0490876960758549,0.114643753215358,0.347997638897052,0.311804897737139,0.0674092464819168,0.0941195742177792,0.0149371933748994
2021-07-01,0.0501699299484356,0.106805817456608,0.361397430119292,0.305787536443158,0.0597741613303415,0.0899327308456882,0.0261323938564761
2021-07-04,0.0516632516035388,0.127966509638397,0.354648492998452,0.312095755216784,0.0496139923157101,0.0901350496400413,0.0138769485870771
2021-07-05,0.0506910059097028,0.136418547821258,0.356662845431707,0.323928204358078,0.0488328455088333,0.0797016580688061,0.00376489290161524
2021-07-06,0.0506047964436877,0.118219439191274,0.369029103488744,0.298047936348656,0.0573262129853868,0.0773480065550577,0.0294245049871935
2021-07-07,0.0514535134952952,0.113677613850754,0.36987833437663,0.298336668175005,0.0671335233904268,0.076921267921161,0.0225990787907275
2021-07-09,0.0513534555008454,0.114069127618496,0.372763616787691,0.295993824965902,0.0665767423785317,0.0768864939314824,0.0223567388170518
2021-07-10,0.0536017642761275,0.0994514066760293,0.332124727090508,0.305873595271118,0.0927248993903851,0.095379931167153,0.0208436761286789
2021-07-12,0.053140256739602,0.0984941670597601,0.333662960140534,0.305922647294683,0.0918810062880948,0.0952796575824799,0.0216193048948464
2021-07-13,0.0530109502112582,0.100669374419909,0.331036092259317,0.307129716385298,0.0888574780383863,0.0987928901870212,0.0205034984988105
2021-07-14,0.0555126977172021,0.0883720699148406,0.321843233522523,0.317766320162137,0.0918339068777767,0.0931247654655071,0.031547006340013
2021-07-15,0.0550035015225633,0.0855165073249135,0.31564721520225,0.319053441097089,0.10698325619998,0.0920133296545876,0.0257827489986156
2021-07-16,0.054993610562626,0.085840761678856,0.316279814775467,0.318154394212554,0.106583068373125,0.0919138528804989,0.0262344975168732
2021-07-19,0.0491364537815581,0.0475570098296846,0.339445367138123,0.315083241539834,0.11005236721206,0.0987290881870683,0.0399964723116717
2021-07-20,0.0489358440817337,0.0455886780608834,0.339379051320221,0.315917730081381,0.112354206968018,0.0966357348794599,0.0411887546083034
2021-07-21,0.0483935681899006,0.040566475698379,0.342714215321173,0.326047466728813,0.114758574896447,0.0887895163494608,0.0387301828158259
2021-07-22,0.0501536474182154,0.0421580290435144,0.344262949454,0.318903734593844,0.122096461424514,0.0905102747449497,0.0319149033209622
2021-07-23,0.0465236449764432,0.0375887262005462,0.331011397579376,0.324323971957184,0.14230692849573,0.0913245006180565,0.0269208301726644
2021-07-26,0.0481555397524731,0.0458031657697521,0.316627266427232,0.339111574115534,0.151040846620048,0.0992616073149609,0
2021-07-27,0.0488517404703258,0.0484184197615596,0.318424221510624,0.3409012764944,0.146349354625606,0.0970549871374844,0
2021-07-28,0.0505157853103003,0.0506985360414954,0.299519387457014,0.352046402169088,0.142678643857931,0.104541245164171,0
2021-07-29,0.0484594710908562,0.0643072551688423,0.312265496691406,0.346144549449653,0.124167349986473,0.104655877612771,0
2021-07-30,0.0483882252868353,0.0633826080644024,0.311899416416602,0.346428296761802,0.123913274138288,0.10598817933207,0
2021-08-01,0.0488822528949998,0.0699633325456653,0.310671256107287,0.34790731646226,0.123212332722975,0.0993635092668131,0
2021-08-02,0.0471241990209101,0.0632362772825498,0.319099861223877,0.338914838289547,0.128865068504985,0.102759755678132,0
2021-08-03,0.0479139140762,0.0579806215600649,0.31837410447259,0.343450697752049,0.118052302093343,0.114228360045753,0
2021-08-04,0.052282638002698,0.050536446072156,0.318737006937686,0.336497480601837,0.110632461456258,0.131313966929365,0
2021-08-06,0.0519561653059278,0.0513439797345831,0.318935915758778,0.335354317504159,0.111219737906365,0.131189883790188,0
2021-08-07,0.0535925898882128,0.0362807765917312,0.336789218189543,0.336935901530236,0.121296595949935,0.115104917850342,0
2021-08-09,0.053644060805816,0.0390720480643894,0.336318029002001,0.336285877077967,0.118173833684138,0.116506151365689,0
2021-08-10,0.0534622663136635,0.0428646073657481,0.334246799528777,0.340575210142925,0.11195954133051,0.116891575318376,0
2021-08-11,0.0535072548859954,0.0436614066568817,0.334237844523233,0.340298459016022,0.111009797018821,0.117285237899048,0
2021-08-12,0.0521026127719805,0.0464097970632461,0.347235865144777,0.328423170700992,0.114249762008871,0.111578792310133,0
2021-08-13,0.0516359123624088,0.0509173848862987,0.345696795145392,0.329066893769365,0.114798417563079,0.107884596273457,0
2021-08-16,0.052604535651995,0.052909085391091,0.342015978992396,0.33435518382678,0.116926505913061,0.101188710224677,0
2021-08-17,0.0530717949985244,0.0505883788196882,0.343855811551706,0.336597009564229,0.116205883248023,0.0996811218178291,0
2021-08-18,0.0523190511711351,0.0517730209361899,0.344054340794623,0.336343957849357,0.118223932962895,0.0972856962858,0
2021-08-19,0.0504497435415296,0.0562367460157438,0.351134895471739,0.357966837598815,0.106232155683098,0.0779796216890749,0
2021-08-20,0.0494597844661854,0.0609721820264268,0.344057916613984,0.364104430526272,0.103256158750109,0.0781495276170234,0
2021-08-23,0.0492133892656338,0.0600131040494389,0.346107806185607,0.363404142910084,0.104432118589758,0.0768294389994778,0
2021-08-24,0.0477430380410012,0.060603505839489,0.341650863123198,0.370082881482379,0.111290653962377,0.0686290575515549,0
2021-08-25,0.0484688220852541,0.0576673655428571,0.347439481883982,0.367596840367428,0.106129264577116,0.0726982255433635,0
2021-08-26,0.0482913409422163,0.0446460200861303,0.367948731664177,0.350714085532298,0.112625860656952,0.0757739611182272,0
2021-08-27,0.0470808386789569,0.0416278397484622,0.351731704643536,0.361037914472021,0.130077135514032,0.0684445669429916,0
2021-08-30,0.0464603981738743,0.0475631725858382,0.356658639036965,0.361208767062173,0.137368741826921,0.050740281314228,0
2021-08-31,0.0497878176088225,0.0592665241710943,0.335773779670504,0.345462110934704,0.145200272565663,0.0645094950492127,0
2021-09-02,0.0479320585684987,0.0544404535385402,0.323285230578111,0.352380068103152,0.150715262248987,0.0712469269627121,0
2021-09-03,0.0467898783020043,0.0593405044005588,0.321186496798641,0.350808441060384,0.150681784396729,0.0711928950416837,0
2021-09-04,0.044775964623876,0.0632401454000797,0.320311836191105,0.350301965473237,0.148059238425173,0.0733108498865299,0
2021-09-06,0.0453372769359195,0.0631678562143605,0.322036689077553,0.349807833454451,0.14739992841205,0.0722504159056667,0
2021-09-07,0.0438028724926886,0.0579864848503855,0.334335983961478,0.342074024385618,0.150432007365275,0.0713686269445541,0
2021-09-08,0.0440060384224838,0.0721939269935137,0.33523822137582,0.338291127026518,0.150275885117021,0.0599948010646434,0
2021-09-09,0.043311586107288,0.0684969206147267,0.335984028010147,0.339799795807957,0.157452370362914,0.0549552990969677,0
2021-09-11,0.0436542393072331,0.0879900997399312,0.333895551077178,0.342261369321683,0.137604786708324,0.0545939538456521,0
2021-09-12,0.0432513106202435,0.0914364035992005,0.330597522255188,0.344833610498939,0.134308619974972,0.0555725330514567,0
2021-09-13,0.0448705951555747,0.0821448835207065,0.331050363958127,0.341208474071442,0.14550479472612,0.0552208885680288,0
2021-09-14,0.0449126813690487,0.0951277789454774,0.33115698753692,0.339523483935595,0.132631582010202,0.0566474862027573,0
2021-09-15,0.043162756777947,0.0813416526057983,0.28896389381569,0.400098829439074,0.144831485253497,0.0416013821079935,0
2021-09-16,0.0406350001532795,0.0843041195459837,0.283948729647763,0.394088190438404,0.167592464100943,0.0294314961136262,0
2021-09-17,0.042317678378031,0.0788408427048918,0.280883973399113,0.395472920619538,0.171658651901886,0.030825932996541,0
2021-09-20,0.0397484844519096,0.0508860936265697,0.27906802001833,0.39717445349094,0.21407379181821,0.0190491565940411,0
2021-09-21,0.0397157404489424,0.0115356589899054,0.282878421446838,0.372646962828709,0.27118700023265,0.0220362160529554,0
2021-09-22,0.0397044507695625,0.0118599034612345,0.282204473810378,0.374239230093647,0.269354332796343,0.0226376090688355,0
2021-09-23,0.0431182812059863,0,0.278227625412932,0.369440360169913,0.274088818422172,0.0351249147889976,0
2021-09-24,0.0431374216596751,0.00895307162211224,0.277210123105155,0.372122923008643,0.264391509116443,0.0341849514879712,0
2021-09-27,0.0430889855752736,0.00979683119737594,0.275043706620082,0.380235809229512,0.256538533260931,0.0352961341168256,0
2021-09-28,0.0456777025024783,0.0278335189732967,0.28774749891171,0.379268601700138,0.220820028386081,0.0386526495262957,0
2021-09-29,0.0461787227867244,0.0350417131736845,0.283926302443424,0.383661892011971,0.209232640827822,0.0419587287563751,0
2021-09-30,0.0843399656787471,0.0164571060828458,0.304290859203357,0.35083904262477,0.210837361555099,0.0332356648551815,0
2021-10-02,0.0748850425760723,0.0649289418518945,0.29078351003124,0.362822569798691,0.178040315974781,0.0285396197673217,0
2021-10-03,0.0729271335711304,0.0649245554915756,0.290511540995771,0.36345480487205,0.181945217358105,0.0262367477113687,0
2021-10-05,0.0657076169818451,0.0282982590403443,0.280906091197635,0.388902572904695,0.20483603638501,0.0313494234904708,0
2021-10-06,0.0667064139733061,0.0315268669336584,0.294028214571245,0.384312038696501,0.187061006877916,0.0363654589473735,0
2021-10-08,0.0736225091135118,0.0410820006748384,0.293544534911353,0.377423007482692,0.177331389608199,0.0369965582094052,0
2021-10-09,0.0745031132494691,0.0386337411691658,0.309879730759087,0.365473800021348,0.177193925336989,0.034315689463941,0
2021-10-11,0.0744259842703606,0.0446662509350048,0.308598503347801,0.364544130089061,0.17339256738356,0.0343725639742126,0
2021-10-12,0.0602803122879386,0.0557470550626811,0.295841627625814,0.374676679398057,0.171824572815617,0.0416297528098927,0
2021-10-13,0.0523526592436837,0.0490840402215744,0.280085976649942,0.392166718900133,0.163800652437361,0.0625099525473059,0
2021-10-14,0.0483622620544517,0.0534403158559128,0.276590624027959,0.394983694311352,0.161476599559026,0.0651465041912982,0
2021-10-15,0.0475315284730341,0.0583708010020895,0.275836379314077,0.393382914990545,0.158372303691331,0.0665060725289236,0
2021-10-18,0.0471518142396413,0.062645503087217,0.275107428011277,0.39354886310429,0.153585671896766,0.0679607196608088,0
2021-10-19,0.0495574043609739,0.0706849643880787,0.270789825960788,0.394080892551805,0.13706231987975,0.0778245928586049,0
2021-10-20,0.0459640468001144,0.0899932711555309,0.268073506558498,0.404057837047784,0.123309482785888,0.0686018556521842,0
2021-10-21,0.0449683121309762,0.106797831918031,0.26488326905911,0.387035839662611,0.124372163268411,0.0719425839608611,0
2021-10-22,0.0331287877582476,0.101292238539116,0.249570860844968,0.43357293631436,0.119619679626053,0.0628154969172555,0
2021-10-25,0.0359529149117259,0.108363046196765,0.244266062582243,0.442260320486361,0.0984596477633233,0.0706980080595813,0
2021-10-27,0.0367654503741906,0.112369035969002,0.246148080931612,0.442038093938973,0.0966730612646489,0.0660062775215738,0
2021-10-29,0.0299870269951857,0.12047116950535,0.256378612369448,0.428450411915255,0.0887868599183709,0.0759259192963904,0
2021-11-01,0.0174434867643172,0.126217586201195,0.260653897190223,0.434402611929393,0.0897354907360602,0.0715469271788111,0
2021-11-02,0.0277610776358887,0.139615619950337,0.25477320197404,0.433912693981521,0.0666011117994931,0.0773362946587207,0
2021-11-03,0.0328263009363349,0.126773852086966,0.239987694419738,0.426712801411844,0.077835817288266,0.0958635338568506,0
2021-11-05,0.0205559097810189,0.126531509074952,0.228233427383094,0.432169109480393,0.0917597470008403,0.100750297279701,0
2021-11-06,0.0224227493761137,0.115856252715262,0.229270253929577,0.419561967004091,0.106611339131647,0.10627743784331,0
2021-11-08,0.0237027024245563,0.109055342562155,0.230908433658084,0.420142382879911,0.112388887064237,0.103802251411058,0
2021-11-10,0.0199331954521208,0.106500823629085,0.228517794778551,0.427871432855011,0.116032889836761,0.101143863448471,0
2021-11-15,0.0201933135056825,0.114008052552907,0.226935940886062,0.427374476453245,0.109880179098018,0.101608037504085,0
2021-11-16,0.0211758046518497,0.110063596354807,0.223298107190843,0.431311346635494,0.114049586121034,0.100101559045972,0
2021-11-17,0.0213843564336951,0.147163345264191,0.264127961167936,0.414776682912419,0.0777867712038479,0.0747608830179106,0
2021-11-18,0.0244250779285422,0.144984614633574,0.264113717623356,0.412320995585705,0.0792718613947508,0.0748837328340724,0
2021-11-19,0.0364725009282661,0.164965731039315,0.264104894743917,0.439353866643224,0.0327790474034231,0.0623239592418549,0
2021-11-22,0.0255391981828094,0.170442993689053,0.267099328693628,0.444270132986633,0.0302263219521717,0.0624220244957045,0
2021-11-23,0.0252905968575266,0.175698710027943,0.271643478353591,0.435402559427996,0.0258538151269276,0.066110840206016,0
2021-11-24,0.025463579038066,0.17890875316867,0.272798112750652,0.435033330282162,0.0234281336369176,0.0643680911235323,0
2021-11-26,0.000177047539890996,0.135115759187328,0.201484003235786,0.521222360812139,0.0843305089435334,0.0576703202813235,0
2021-11-29,0.000445486353757001,0.131554636395138,0.185176001072826,0.529927969017169,0.0979880980488936,0.0549078091122165,0
2021-12-01,0.000550988757177464,0.141430642433212,0.185965774615879,0.521286885023983,0.0893339056851168,0.0614318034846322,0
2021-12-02,0.000471997273724417,0.137237122576947,0.186708180224575,0.523041046211789,0.0920599394810571,0.0604817142319074,0
2021-12-03,0,0.138342542118753,0.192040195487301,0.520442013046639,0.090580619157301,0.0585946301900056,0
2021-12-04,0,0.146848542785369,0.209156474439552,0.502362239939362,0.091177382224688,0.0504553606110292,0
2021-12-05,0,0.144805123066791,0.208847565605586,0.502203404186113,0.0926988072275342,0.0514450999139769,3.45897205740554e-18
2021-12-07,0,0.144765728354176,0.210010659315495,0.498991916730755,0.0934931501133833,0.0527385454861911,8.47148824757314e-18
2021-12-08,0,0.14232192203435,0.205750988907634,0.497014041050756,0.0983777933749079,0.0565352546323516,4.8661726622611e-19
2021-12-10,0,0.142005763025727,0.20288512927874,0.498584245413027,0.0961519512253066,0.0603729110571997,1.76965303429652e-18
2021-12-11,0,0.11920892653087,0.211821504369908,0.482140338805405,0.117710654972026,0.0691185753217915,2.79495098264882e-19
2021-12-13,0,0.130711236532782,0.19833174381138,0.50364057792302,0.109805958167788,0.0575104835650312,4.37419559135119e-18
2021-12-14,0,0.139092640902724,0.190123405215744,0.500417374941646,0.116861386365487,0.0535051925743995,1.90376797044845e-18
2021-12-15,0,0.149208521661517,0.19120720020814,0.500221710528566,0.10283546765504,0.0565270999467365,4.19460620771151e-18
2021-12-16,0,0.144691956682859,0.18049329206556,0.509072832134592,0.101172233831296,0.0645696852856941,2.69376272022846e-18
2021-12-17,0,0.159062567404874,0.17905291086043,0.496904236975502,0.0919830409860132,0.0729972437731813,0
2021-12-20,0,0.168663607535806,0.193142495813188,0.485267603058334,0.080961872519669,0.0719644210730039,8.36922151215811e-21
2021-12-21,0,0.155637374488072,0.20519183503703,0.493468400483446,0.0755694677731831,0.070132922218269,0
2021-12-22,0,0.157983830106295,0.20423922519836,0.493119318390294,0.0711494750163651,0.073508151288686,0
2021-12-23,0,0.153272403534149,0.205687518737613,0.495418686268541,0.0767153686678208,0.0689060227918757,0
2021-12-27,0,0.155229828268058,0.197505435746788,0.5037680402002,0.0785100052476713,0.0649866905372823,0
2021-12-28,0,0.158277317861114,0.19522058262114,0.498708835783329,0.0963718756198724,0.0514213881145443,0
2021-12-29,0,0.162398500502568,0.192423847075454,0.497386031190654,0.0956009981197573,0.0521906231115666,8.87341292715301e-19
2021-12-30,0,0.164518150135635,0.197603016098037,0.495346098940963,0.100476308386624,0.0420564264387414,3.90641139957215e-18
2022-01-02,0,0.170300563260441,0.205038667709156,0.470663444165658,0.0909721833890038,0.0630251414757419,4.88209796389345e-18
2022-01-03,0,0.178679664673713,0.237237029613681,0.498980214884621,0.00274859142043141,0.0823544994075538,5.15532434090568e-18
2022-01-04,3.46944695195361e-18,0.18976268193707,0.245185323132016,0.486755908386976,0,0.0782960865439385,6.01861433777958e-18
2022-01-07,0,0.194671370088718,0.248159353348094,0.479591795406402,0,0.0775774811567856,4.81720652126997e-18
2022-01-08,0,0.205887501229312,0.237892341715018,0.467646121462331,0.0089988331399487,0.0795752024533905,0
2022-01-09,0,0.202283528498115,0.221288167209039,0.46292956452802,0,0.113498739764826,0
2022-01-13,3.58129976251878e-19,0.183833088758557,0.235385699512105,0.455022831594253,0,0.125758380135085,1.78276075605475e-18
2022-01-14,0,0.167641638757724,0.164616305490036,0.477473450946821,0,0.190268604805419,5.02571610081545e-18
2022-01-18,0,0.168614817218598,0.176813541992632,0.489464844409065,0,0.165106796379705,2.35005726603556e-19
2022-01-19,0,0.168925795389208,0.181745137930862,0.487489029339576,0,0.161840037340353,0
2022-01-20,7.42014892915323e-20,0.165129972846362,0.180661112935571,0.493093496850497,0,0.16111541736757,1.92061726924126e-18
2022-01-21,3.84698825279376e-19,0.158535753812745,0.169603287249729,0.507310113805737,0,0.164550845131788,5.78022758687498e-19
2022-01-25,6.83276654006588e-18,0.152600407324965,0.171106280223742,0.507384253186863,0,0.16890905926443,0
2022-01-26,1.29318719385047e-19,0.143098184654312,0.140010106645398,0.537706423545372,0.0149198761522728,0.164265409002646,0
2022-01-27,0,0.12567910528551,0.141175175165425,0.530352291715989,0.0125601895885451,0.190233238244531,3.15173053167071e-18
2022-01-28,0,0.126847184329606,0.141073210590845,0.52964739969844,0.0121972353485759,0.190234970032533,9.98101811498085e-18
2022-01-31,0,0.132199389493608,0.138389053814876,0.532848329536768,0.0103806495237286,0.186182577631019,2.01369215324845e-17
2022-02-02,0,0.154376385215914,0.125861815197946,0.54292790501694,0,0.1768338945692,0
2022-02-03,0,0.18442480877574,0.103547673560794,0.492681477202694,1.10926103213691e-17,0.219346040460772,3.34245993169847e-18
2022-02-06,0,0.183810189523017,0.104296195316473,0.490460424121152,0,0.221433191039358,1.74913482796687e-17
2022-02-08,0,0.192332819618098,0.102165517935289,0.496832944078451,1.1352786876751e-17,0.208668718368162,6.8171830795744e-18
2022-02-09,0,0.192212111219136,0.121522579798466,0.503414987132895,7.41437255057529e-18,0.182850321849503,0
2022-02-11,0,0.194752672099665,0.117629487433577,0.50536510578464,0,0.182252734682119,0
2022-02-12,0.0218537621395089,0.218517209810452,0.123991110838763,0.444005992277673,0,0.191631924933603,0
2022-02-14,0.0287157837067083,0.190560069953034,0.112466200132013,0.477077254355216,0,0.191180691853028,0
2022-02-15,0.0332001476775702,0.179580951950171,0.101828847607413,0.490341192983519,0,0.195048859781327,0
2022-02-16,0.0235886119710341,0.189528663100529,0.106443897558909,0.490952197504358,1.8602429462923e-19,0.18948662986517,0
2022-02-17,0.0149908515389264,0.210701590391721,0.122481336110724,0.483461633407418,1.85414825136438e-19,0.16836458855121,0
2022-02-18,0.0149563006603219,0.210387810485815,0.122383890872097,0.483939637659332,0,0.168332360322435,0
2022-02-22,0.0121648127408808,0.222285020903241,0.112106176883736,0.487879666308136,0,0.165564323164007,0
2022-02-23,0.0103761319886019,0.224633717554406,0.112542986005599,0.486585240489868,0,0.165861923961525,0
2022-02-24,0,0.233103676559982,0.109118515804998,0.588832131369829,0,0.068945676265191,2.57350322498427e-17
2022-02-25,0,0.250865158950932,0.102415906798263,0.611012955151213,3.21067643919759e-17,0.0357059790995915,0
2022-02-28,0,0.178234929419048,0.144759452357197,0.612069258582333,6.01279607292552e-18,0.0649363596414222,3.08968024439102e-17
2022-03-01,0,0.181483298786112,0.143418270656591,0.611097834724927,0,0.0640005958323695,2.5012213814415e-17
2022-03-02,0,0.183801031448589,0.139853542623386,0.615315058482309,5.40433518939354e-17,0.0610303674457163,1.63900373218463e-17
2022-03-03,1.38777878078145e-17,0.187287242623497,0.143136924723795,0.613300794027054,5.05666571777214e-18,0.0562750386256527,1.60502872613817e-17
2022-03-06,0,0.190375826063651,0.194587279812649,0.546265480453431,1.56513944578301e-17,0.0687714136702687,0
2022-03-08,0,0.192396380942834,0.199740652731953,0.546633578647695,1.47881781539229e-17,0.0612293876775177,3.6193494615702e-17
2022-03-10,0,0.203897130662809,0.196054154452854,0.543403388514006,1.52970519541117e-17,0.0566453263703316,0
2022-03-11,0,0.194879753559126,0.198108679353373,0.543417127305451,0,0.0635944397820508,0
2022-03-14,0,0.163492175877715,0.249960457397273,0.496798117051958,0,0.0897492496730554,0
2022-03-15,6.93889390390723e-18,0.160430767916966,0.249715388574159,0.497316886150317,0,0.092536957358558,4.64267197417034e-17
2022-03-16,0,0.139453782054341,0.247308549678283,0.522694707745406,0,0.0905429605219703,1.08117603024112e-16
2022-03-17,0,0.146621776317989,0.24150567033302,0.525158108257581,2.31906723481062e-17,0.0867144450914099,0
2022-03-18,0,0.133363050841459,0.259173886619996,0.500651794783116,2.34275384887491e-17,0.106811267755428,0
2022-03-21,0,0.136087426925957,0.265886291968894,0.496090498934239,0,0.101935782170909,2.80595640060584e-17
2022-03-22,0,0.135713422281724,0.266915504874557,0.495432275021176,0,0.101938797822543,1.29922453718996e-17
2022-03-23,0,0.132380437522956,0.2969001283868,0.455856647651059,0,0.114862786439185,1.42338289019066e-17
2022-03-24,0,0.130469005620551,0.297436288938671,0.458131125350045,1.10769968708511e-17,0.113963580090732,0
2022-03-28,0,0.130793744695631,0.300123206972137,0.459273874315426,0,0.109809174016806,0
2022-03-29,0,0.100897269783311,0.30992169224462,0.46372512812046,0,0.125455909851608,3.43967359268508e-17
2022-03-30,0,0.0964540272935765,0.317670502313449,0.461592580349708,1.19419902041246e-17,0.124282890043266,6.34843241574632e-17
2022-03-31,0,0.0901292025376682,0.330005538632785,0.456605561693538,1.03634250109043e-17,0.123259697136008,0
2022-04-01,0,0.0804477118953479,0.326189450311029,0.463696332960424,1.44534248725409e-17,0.129666504833199,0
2022-04-02,0,0.0838450030602634,0.315212820653214,0.47753594961748,3.11358618195396e-18,0.123406226669043,4.7421039360752e-17
2022-04-03,0,0.0680358185991913,0.356177023881855,0.439237164674347,3.19925890376086e-17,0.136549992844606,2.31675548206405e-17
2022-04-04,0,0.0658513857101762,0.35579035145564,0.444804671893218,0,0.133553590940966,3.06032147770623e-17
2022-04-05,0,0.0642310472160483,0.359637829542084,0.440450137665812,0,0.135680985576056,0
2022-04-08,0,0.0556120535662314,0.358216286850028,0.437741396195295,2.74157121307577e-17,0.148430263388445,0
2022-04-10,0,0.0567170227719903,0.33959250067641,0.450806572648884,6.98607663574595e-18,0.152883903902716,1.47177899915646e-17
2022-04-11,6.93889390390723e-18,0.0747132960832786,0.360817158643799,0.448032207575929,1.04905491117985e-17,0.116437337696994,0
2022-04-13,0,0.0765406876571816,0.36332344627561,0.434488160614681,1.33261612400397e-17,0.125647705452528,3.14734523460661e-17
2022-04-14,0,0.070745526789798,0.360090810034376,0.433760230326746,1.80780741094909e-17,0.13540343284908,0
2022-04-19,0,0.0745203246635156,0.355319415244035,0.44101668556203,0,0.12914357453042,5.844544332604e-17
2022-04-20,0,0.0705468259268506,0.353797906584561,0.445766108463359,0,0.12988915902523,5.79467913698622e-17
2022-04-21,0,0.10237231755934,0.378356859863886,0.398407157187682,7.13836948168545e-18,0.120863665389092,1.04820771668708e-16
2022-04-26,0,0.121193710595368,0.385668443833234,0.384679426308078,2.50759458784267e-17,0.108458419263321,0
2022-04-27,0,0.121137903951929,0.386123342553233,0.385962081279195,2.56328883459784e-18,0.106776672215642,4.55221499188585e-17
2022-04-28,6.93889390390723e-18,0.122281542907587,0.384053589440571,0.390129687266994,1.99114819896071e-17,0.103535180384848,4.91709899843544e-17
2022-04-29,0,0.125610962188694,0.381533851524051,0.38835128216663,2.20904375721845e-17,0.104503904120625,0
2022-05-01,6.93889390390723e-18,0.126416687337945,0.377548867863083,0.391126605769881,5.4361009635932e-18,0.104907839029091,4.38319440663182e-17
2022-05-04,6.93889390390723e-18,0.127964398763441,0.376394711093462,0.391233787785792,0,0.104407102357305,0
2022-05-05,0,0.128509866670356,0.377123636382588,0.394104418229945,0,0.100262078717111,1.13456898646733e-17
2022-05-07,0,0.125933075636602,0.362198860625696,0.417955596622826,0,0.0939124671148761,7.35081482101512e-18
2022-05-08,0,0.127530418002769,0.365450694601955,0.416023882192516,1.08985808893695e-17,0.0909950052027596,0
2022-05-10,0,0.122938194964086,0.356974273812457,0.432144370737048,0,0.0879431604864084,2.66034325927849e-17
2022-05-12,0,0.127636020553374,0.365729643108609,0.414941888574065,6.8736651831425e-18,0.0916924477639517,2.97720910343051e-17
2022-05-13,0,0.131309298070868,0.31626113519676,0.452175341227858,0,0.100254225504513,0
2022-05-16,0,0.130981142825556,0.313446873746438,0.455376751551316,0,0.100195231876691,0
2022-05-17,0,0.130979371435722,0.318179079867299,0.451444540919758,0,0.0993970077772215,0
2022-05-18,0,0.128645762404917,0.306595068985627,0.459555819617428,0,0.105203348992028,0
2022-05-19,0,0.13312851223061,0.299876005797185,0.468953111297746,0,0.0980423706744584,0
2022-05-20,0,0.139218498907255,0.300099471320745,0.463319278175626,3.24859107697197e-17,0.0973627515963736,6.38266485936121e-17
2022-05-23,0,0.155096962518512,0.30451738125183,0.453390023372767,0,0.0869956328568907,3.2265294431732e-17
2022-05-24,0,0.160800997216572,0.312548720856689,0.44258902044041,4.04648236917458e-18,0.084061261486328,4.79452061788137e-17
2022-05-25,0,0.164808093648258,0.310222209140531,0.444285279498851,1.2204868943766e-17,0.0806844177123602,5.76918781404265e-17
2022-05-26,0,0.154745169978411,0.292946818899215,0.458664800681498,0,0.0936432104408758,1.9099420071332e-17
2022-05-27,0,0.156335929736029,0.284075951676259,0.4708178675414,0,0.0887702510463109,9.06739801578249e-18
2022-05-31,0,0.151796424980903,0.282946032012984,0.474408994252702,2.33961161672969e-19,0.09084854875341,0
2022-06-04,0,0.146925957439591,0.290291493655064,0.469800639397905,0,0.0929819095074409,1.82571811108258e-17
2022-06-05,0,0.172653944567214,0.286023023435037,0.450003897427716,1.04475548552633e-17,0.0913191345700327,8.23095892944904e-17
2022-06-07,0,0.167066198491002,0.279322627039405,0.455607310985632,0,0.0980038634839602,5.29789893635415e-17
2022-06-09,0,0.162682994655896,0.2758094129567,0.461661827330031,0,0.0998457650573724,1.68512638213497e-17
2022-06-10,0,0.151611149153346,0.285222704262201,0.464053347507386,1.48778541717285e-17,0.0991127990770668,0
2022-06-12,0,0.155958769577539,0.294818939820318,0.457352945411843,0,0.0918693451902998,4.83907835451214e-17
2022-06-14,0,0.187693404793297,0.282542785811926,0.440374689577349,2.39700725657186e-17,0.0893891198174279,0
2022-06-15,0,0.167739893577402,0.339250456877812,0.409121109017188,2.42922715418751e-17,0.0838885405275984,0
2022-06-17,0,0.163859149852245,0.337544466249677,0.413188463320445,0,0.0854079205776327,4.98536720902383e-17
2022-06-21,0,0.162323644560029,0.336967066072395,0.416457944924045,1.42737970346572e-17,0.0842513444435309,1.15933458124511e-17
2022-06-22,0,0.167833540687439,0.341318066346001,0.410754430263071,1.34190928345605e-17,0.080093962703489,0
2022-06-23,0,0.158879536784707,0.35008395366158,0.409513095984482,6.17733273065277e-18,0.0815234135692311,0
2022-06-24,0,0.15835846421013,0.34662247267398,0.412855366720541,4.98940447657281e-18,0.0821636963953483,0
2022-06-27,0,0.165416742260972,0.356639946558061,0.396092381931668,0,0.0818509292492988,2.99083763674969e-19
2022-06-28,0,0.164999975636454,0.357941488919901,0.393467968880489,0,0.0835905665631566,0
2022-06-29,0,0.16182822699531,0.356541041566379,0.395250988999706,6.65658982287796e-18,0.0863797424386057,0
2022-06-30,0,0.168279843782925,0.373213709011809,0.384152843982103,8.95339246334413e-19,0.0743536032231625,0
2022-07-01,0,0.160480673742648,0.378928364776695,0.382727218857458,2.86019350110349e-18,0.0778637426231998,4.06884785590635e-17
2022-07-02,0,0.111278767449355,0.39234114961222,0.435319790444608,0,0.061060292493817,5.05781755851393e-17
2022-07-04,0,0.111044719435927,0.393862379710208,0.435006258848189,0,0.0600866420056756,7.45012019568105e-18
2022-07-06,0,0.121340255267999,0.389342029156617,0.432561558611653,0,0.0567561569637307,0
2022-07-07,0,0.123222583232702,0.389006665417725,0.430238951850702,7.90374225245971e-19,0.0575317994988708,0
2022-07-09,0,0.122832270306092,0.391444848502835,0.426300490681084,2.44001664351313e-18,0.0594223905099884,0
2022-07-10,0,0.0995177111261919,0.373066972151741,0.47205727311146,8.30442176834048e-19,0.0553580436106079,0
2022-07-11,0,0.120471758451056,0.36801734189383,0.45411070196086,6.29183539699831e-18,0.0574001976942543,0
2022-07-12,0,0.12937801840124,0.36919448746431,0.442034264739633,0,0.0593932293948172,6.50765782031317e-17
2022-07-13,0,0.125066790970366,0.375490449870909,0.432679900442048,0,0.0667628587166762,0
2022-07-14,0,0.114392336089407,0.381306458799333,0.440885114543186,8.11946492097706e-18,0.0634160905680744,1.24921834084542e-17
2022-07-15,0,0.116997805560919,0.384962727239507,0.438626418221487,3.04634857208127e-18,0.0594130489780873,7.91023400322791e-19
2022-07-18,0,0.113838346773656,0.385300500193799,0.442100174108462,6.35218561078571e-18,0.0587609789240836,0
2022-07-19,0,0.106734649887428,0.393765900475092,0.449011043960311,0,0.050488405677169,0
2022-07-20,0,0.137033849358695,0.365162921798141,0.414954212555836,0,0.0828490162873268,0
2022-07-21,0,0.137147978742972,0.36492333414807,0.394860107008229,0,0.103068580100728,3.7718703101446e-17
2022-07-22,0,0.194746871318753,0.349411220926613,0.363560726637246,1.94609796844246e-18,0.0922811811173878,3.63035295353044e-18
2022-07-25,0,0.190460662833455,0.342717594100638,0.375790010313166,1.20962306832921e-19,0.0910317327527409,0
2022-07-26,0,0.190044925250124,0.341637553372275,0.372987206992519,0,0.0953303143850815,0
2022-07-27,0,0.181313075065326,0.339849397749525,0.375961719587162,0,0.102875807597987,0
2022-07-28,0,0.173909158605206,0.317640621765228,0.410059961149123,0,0.0983902584804425,0
2022-07-29,0,0.176059173159196,0.316026509945315,0.431347528603666,0,0.0765667882918222,0
2022-08-02,0,0.170740409717221,0.308760680278808,0.439911809491126,0,0.0805871005128453,6.20246243688068e-18
2022-08-03,0.0176327571345038,0.156021210481079,0.279634618789169,0.460870833204582,6.4767784116976e-18,0.0858405803906657,0
2022-08-04,0.0121354794694827,0.166001751585391,0.260556418019169,0.482399395532557,0,0.0789069553934006,0
2022-08-06,0.0119262864452189,0.166340251889066,0.261605439514584,0.482958247280063,0,0.0771697748710689,0
2022-08-07,0.0266279430318342,0.185091632489228,0.265350528064167,0.44448946427684,2.45928330623394e-18,0.0784404321379304,0
2022-08-08,0.0205292488637075,0.189225459940057,0.261410997172365,0.453243957802701,0,0.0755903362211686,0
2022-08-09,0.0220074469420664,0.185925560062238,0.253646887844762,0.472727492632056,0,0.0656926125188778,0
2022-08-11,0.0215282720867842,0.198943053571587,0.242160517045345,0.465396412082432,0,0.0719717452138519,1.40715354902825e-17
2022-08-12,0.0244729545800254,0.201422168802145,0.244730820133776,0.458471781976527,0,0.0709022745075265,0
2022-08-19,0.0217914842355709,0.184379800711452,0.226488713776112,0.503219396438228,0,0.0641206048386367,0
2022-08-22,0.0394482307297372,0.181076084662159,0.2267241562134,0.484552638232757,0,0.0681988901619466,1.37007573390922e-17
2022-08-23,0.0405215946919837,0.184827098019484,0.227578954229894,0.481265498014446,0,0.0658068550441924,0
2022-08-24,0.0466843987186018,0.2272369796787,0.217078064636471,0.455942124874274,0,0.0530584320919538,0
2022-08-25,0.0504252266858459,0.231594087596445,0.215281166627124,0.450754720857478,1.13919434377796e-17,0.0519447982331068,0
2022-08-26,0.0477414103714651,0.240106294667042,0.202366931769234,0.459707490780497,0,0.0500778724117625,0
2022-08-29,0.0326561863402691,0.265010411540775,0.199979363014413,0.454689763111596,0,0.0476642759929471,1.86808242737691e-17
2022-08-30,0.0320314891188106,0.26856211626705,0.20065350837619,0.454176956434681,0,0.044575929803268,0
2022-08-31,0.0387755801133436,0.281859752520986,0.163178808924826,0.485183272877809,0,0.0310025855630351,0
2022-09-02,0.0374386595790828,0.277359592230762,0.154945180998727,0.498436557330416,3.23879292626069e-19,0.0318200098610123,0
2022-09-03,0.0631305976445423,0.298475689835723,0.182381506851061,0.410205297007361,0,0.0458069086613132,0
2022-09-05,0.0581450290324117,0.309062718880819,0.18962645690339,0.40598023697836,0,0.037185558205019,0
2022-09-06,0.0585887164349427,0.301217449000682,0.203119260323574,0.40195991134003,7.83915777886601e-18,0.0351146629007713,0
2022-09-08,0.0608210724884438,0.287644954776731,0.188278806973801,0.405434282591787,0,0.0578208831692368,0
2022-09-09,0.0608052959928871,0.284122522860625,0.193534925778425,0.405074273456923,0,0.0564629819111399,0
2022-09-11,0.0566350277921045,0.297640092846538,0.202465464513649,0.394142990019731,4.09750724294128e-18,0.0491164248279772,0
2022-09-12,0.0589869996426653,0.290415011739237,0.205304323178342,0.393428512953046,7.09650111435807e-18,0.0518651524867106,6.93889390390723e-18
2022-09-13,0.0713580903395887,0.29642731035181,0.207057155271699,0.372926352506319,3.01899412836896e-18,0.052231091530584,0
2022-09-14,0.07106127378223,0.30383057369782,0.208371957563179,0.366669137460968,4.72510793232312e-18,0.0500670574958035,0
2022-09-15,0.0740583057773729,0.282156442966322,0.215561152658563,0.370095598969052,1.76406633363299e-18,0.0581284996286914,0
2022-09-16,0.076832672960364,0.279836881840725,0.211296837608,0.377809093476435,4.68105737298463e-18,0.0542245141144749,0
2022-09-19,0.0770576998450907,0.283296637798127,0.202413154417986,0.371303978330089,8.74934923619574e-19,0.0659285296087075,0
2022-09-20,0.0838748256354683,0.27767040102862,0.203976902587846,0.374798196245433,8.27077277293924e-19,0.0596796745026319,6.93889390390723e-18
2022-09-21,0.0780519089564451,0.282727501122848,0.211581637992799,0.369763630078964,7.9361321463489e-19,0.0578753218489435,0
2022-09-22,0.0815928545054538,0.311560225419096,0.204311115639617,0.350442790341959,0,0.0520930140938744,0
2022-09-23,0.0772664314401242,0.305004597393816,0.204310660871157,0.355353704918521,1.29510826793727e-18,0.0580646053763816,0
2022-09-26,0.11909442214171,0.302390089456572,0.208010247817244,0.305871781975172,2.03097995380023e-21,0.0646334586093033,0
2022-09-27,0.126163308606146,0.308893945913365,0.207123128991807,0.292700246320567,7.55238662087174e-19,0.0651193701681143,0
2022-09-28,0.128348967759458,0.291785286991472,0.213109933271554,0.284834928956111,0,0.0819208830214047,0
2022-09-29,0.128377870718065,0.297968742982631,0.199104818114678,0.303047919466127,0,0.0715006487184984,0
2022-09-30,0.130875757182519,0.293019793899549,0.200843116876123,0.305746780416044,1.1370340757071e-18,0.0695145516257651,0
2022-10-01,0.124604025800959,0.299834956348175,0.203300314572008,0.304007180778382,5.77101011017968e-19,0.0682535225004769,0
2022-10-02,0.129046144348294,0.310454533784306,0.182443937955901,0.313289594439985,0,0.0647657894715128,3.46944695195361e-18
2022-10-03,0.112933789000208,0.291074961958183,0.243486902570646,0.272878245366522,6.12488995503377e-18,0.079626101104441,0
2022-10-05,0.126950042937071,0.270665044388599,0.251488153796095,0.265414366742125,0,0.0854823921361099,0
2022-10-06,0.120572769798934,0.241532579833095,0.23059355616998,0.308368836282951,0,0.0989322579150406,1.38777878078145e-17
2022-10-08,0.115059814259818,0.230572171622683,0.229520352506035,0.319992150860091,0,0.104855510751372,0
2022-10-10,0.120387187007769,0.218391839118707,0.202124587190036,0.349993438290087,2.18717341710762e-17,0.109102948393401,0
2022-10-11,0.123705099042914,0.218713943669,0.201282142393574,0.338189470910434,1.31757289995725e-17,0.118109343984078,0
2022-10-13,0.13335716448626,0.236857078249979,0.226997088372024,0.30046086924044,1.36583733041715e-18,0.102327799651298,0
2022-10-14,0.130579634789045,0.236406827928585,0.257541040965858,0.275465451777871,0,0.100007044538641,0
2022-10-17,0.140896812852033,0.240895882726772,0.256550721145938,0.274671425315972,0,0.086985157959286,0
2022-10-18,0.134809892286863,0.252430485584312,0.24162669711823,0.281111897520699,0,0.0900210274898967,0
2022-10-19,0.143201307504205,0.259901088881858,0.231698550528379,0.284116738733493,1.73051545085459e-17,0.0810823143520656,0
2022-10-20,0.144500256547425,0.267833681244997,0.229817584650169,0.289053321949253,0,0.0687951556081559,0
2022-10-21,0.14419998465629,0.267751041766999,0.231148434234014,0.287990238410693,0,0.0689103009320047,0
2022-10-24,0.140623249613297,0.267108337026215,0.230660277559506,0.290802668713696,2.63219675857709e-17,0.0708054670872851,0
2022-10-25,0.146169346750433,0.279443253417461,0.224535401994713,0.288344280150798,0,0.0615077176865953,0
2022-10-27,0.176030395635206,0.220894031378283,0.253297218436386,0.288805964842637,0,0.0609723897074882,0
2022-10-31,0.189729175388483,0.228848362597346,0.248952860346981,0.27385869181805,0,0.0586109098491403,0
2022-11-01,0.180594152737508,0.234877122003986,0.251537681749963,0.273682080236624,0,0.0593089632719183,0
2022-11-02,0.188315857314136,0.23471632609976,0.258533462117119,0.261975490159727,0,0.0564588643092573,0
2022-11-03,0.189276613084121,0.23166204181121,0.198751862398247,0.314406456099195,0,0.0659030266072278,0
2022-11-04,0.186887940222396,0.263423696414383,0.193644757427009,0.296356374347573,0,0.0596872315886384,0
2022-11-05,0.174905712610811,0.266688944222392,0.196671793138707,0.29914153598232,0,0.0625920140457698,0
2022-11-07,0.159452826605112,0.246797074770263,0.19834548152161,0.322987561798932,0,0.0724170553040823,0
2022-11-08,0.156972117716045,0.254150529234508,0.194071675553301,0.316958524355368,0,0.0778471531407783,2.1164617118234e-18
2022-11-10,0.15929449119122,0.243423751346543,0.204462998530145,0.306350111575498,0,0.0864686473565949,3.64084512812281e-18
2022-11-14,0.164733523672138,0.247482247668661,0.190104597794582,0.310774221223096,0,0.0869054096415229,1.78400863881102e-18
2022-11-15,0.170250695341256,0.246024745222888,0.187485044856499,0.309646099493834,0,0.086593415085523,3.94653745974148e-18
2022-11-16,0.167695925893523,0.250843584456286,0.187492827984212,0.311940409605585,0,0.0820272520603951,0
2022-11-17,0.162349378320088,0.254141105287696,0.186892483550633,0.31306810972522,0,0.0835489231163632,7.00463151338477e-18
2022-11-18,0.164222977817178,0.255944440779937,0.185859426955291,0.310989725777712,0,0.0829834286698822,2.13976541008983e-17
2022-11-21,0.161377121777267,0.258090864369017,0.179438811134927,0.314887079033177,0,0.0862061236856121,0
2022-11-22,0.170909965508171,0.255267016701247,0.178070467053762,0.31678790460725,0,0.0789646461295697,7.40795059082795e-18
2022-11-23,0.167476214450074,0.255250199721875,0.180710233969124,0.316486132106941,0,0.080077219751986,5.15196554434196e-18
2022-11-25,0.165875139041446,0.257778887319251,0.183713901609896,0.314057894212654,0,0.0785741778167526,3.00376629477915e-18
2022-11-28,0.154375798090698,0.254287169309938,0.184881455076534,0.32354949121294,0,0.0829060863098905,0
2022-11-29,0.154079963316758,0.273277814093685,0.175081210921836,0.317925899254035,0,0.0796351124136861,4.79116178274705e-18
2022-12-01,0.147903067753901,0.28695773022815,0.159066211669243,0.314306969462022,3.04266975127551e-18,0.0917660208866847,0
2022-12-04,0.141239310639406,0.290162286655002,0.159013674904788,0.315000161771447,2.16440205095784e-17,0.0945845660293577,0
2022-12-05,0.12285101581175,0.293240729674668,0.160661045131279,0.321157038478151,0,0.102090170904153,0
2022-12-07,0.123849756850364,0.303748503906753,0.155687944101158,0.318857556566547,0,0.0978562385751774,0
2022-12-08,0.136874395391056,0.291604215391338,0.160580638517905,0.312011543528962,0,0.0989292071707383,0
2022-12-09,0.131531798351878,0.272380652675787,0.16194039859792,0.329991223547552,4.07903839166647e-18,0.104155926826863,0
2022-12-10,0.128980605852332,0.269350734421951,0.162518867337891,0.332103863704094,7.72841102139112e-18,0.107045928683732,0
2022-12-12,0.127370692583181,0.273183582374737,0.165400701889761,0.326093850029706,0,0.107951173122615,0
2022-12-13,0.128101864475925,0.270104705417161,0.16644904780145,0.32759791940004,0,0.107746462905423,0
2022-12-14,0.132949930027653,0.271775750087309,0.168384777583941,0.321151040894558,0,0.105738501406538,6.93889390390723e-18
2022-12-15,0.130919263202788,0.254490099029499,0.174775605776859,0.333638196469253,1.03454810270042e-17,0.106176835521602,0
2022-12-16,0.112764580165641,0.247774314262174,0.175537438801615,0.315083917718242,0,0.148839749052327,0
2022-12-19,0.123637019967745,0.243146952621531,0.184253091953546,0.305672023077464,0,0.143290912379713,0
2022-12-20,0.0959199337783861,0.26565033374003,0.200148715378624,0.301607715197779,1.64736732099856e-18,0.136673301905181,0
2022-12-21,0.0948600005087318,0.273553554866182,0.184794270070766,0.314743269243814,0,0.132048905310506,0
2022-12-22,0.0923632833094556,0.274035710742658,0.184544731675499,0.311419181372412,0,0.137637092899975,0
2022-12-23,0.110891376460507,0.277225596242935,0.180709731733401,0.302723775097273,0,0.128449520465885,0
2022-12-27,0.1157090168608,0.261419003110415,0.191596925376777,0.29509414537661,0,0.136180909275399,0
2022-12-28,0.136466356113228,0.268738726908723,0.180240555670465,0.27968559928264,6.43592269044307e-19,0.134868762024944,0
2022-12-29,0.137528102291184,0.26437767707043,0.189686906373604,0.277206544663753,0,0.131200769601029,0
2022-12-30,0.136850366199472,0.262556600099794,0.189624131700082,0.279262336212315,0,0.131706565788336,0
2023-01-02,0.126336706499216,0.275252358843885,0.189605116676318,0.273361906526903,1.46880546133485e-19,0.135443911453678,0
2023-01-03,0.100064591994855,0.262457831639856,0.192554698832128,0.296594105266046,0,0.148328772267114,0
2023-01-08,0.102437654172619,0.263853523738609,0.190364317256657,0.292675319457225,1.89040438491331e-19,0.15066918537489,0
2023-01-09,0.0974888493593037,0.264548176303463,0.184134272425066,0.301963756249914,0,0.151864945662255,0
2023-01-13,0.0974126532563741,0.266153102832256,0.183447735015037,0.302722123045586,0,0.150264385850747,1.84476323936364e-18
2023-01-17,0.112308085778059,0.271282840556444,0.183359953880296,0.292711464468713,0,0.140337655316488,0
2023-01-18,0.12570483643595,0.256624889928858,0.187260426702796,0.287168709410156,6.71039499492194e-18,0.143241137522241,1.73472347597681e-18
2023-01-19,0.128326447671296,0.221655264175489,0.18914581455396,0.293150864169956,1.23689013304039e-19,0.167721609429298,0
2023-01-20,0.129695558170718,0.219148644447678,0.190208968422441,0.293678657967913,0,0.16726817099125,0
2023-01-23,0.128523958344133,0.220535976069694,0.194274901791624,0.291319797329369,0,0.16534536646518,0
2023-01-25,0.0550059256231806,0.114884532999576,0.201302985547349,0.311897768972873,0.167550156586465,0.130311155597641,0.0190474746729141
2023-01-26,0.046258339396876,0.101038667215952,0.193025231931426,0.316182797666871,0.193777206876374,0.129760455146368,0.0199573017661323
2023-01-27,0.0496521483239007,0.103804387706139,0.188908085185202,0.312616869443953,0.19762349634048,0.129584499831955,0.0178105131683706
2023-01-30,0.0563338426479274,0.109495201358499,0.189087572787167,0.311509994692079,0.189729374964926,0.125933408788488,0.0179106047609136
2023-01-31,0.0536816052497157,0.147758776142777,0.181547417370768,0.323190335884089,0.170184708568267,0.123637156784384,0
2023-02-02,0.060001810429209,0.164730321028229,0.172032419816376,0.334017086711263,0.145879585035426,0.123338776979496,3.46944695195361e-18
2023-02-03,0.0528040531195548,0.177263672951009,0.169202675171124,0.336895380434154,0.145082173491099,0.11875204483306,0
2023-02-05,0.0583778882250529,0.163918416181938,0.166935352936351,0.341472757838859,0.145066311259589,0.12422927355821,0
2023-02-06,0.0594864887977683,0.146383669029494,0.172060121734984,0.353310098560278,0.142425163868644,0.126334458008832,0
2023-02-08,0.0613525475629264,0.124158332320927,0.174376067378712,0.345555973102689,0.168388936040425,0.126168143594321,0
2023-02-10,0.0565017487626534,0.122605649836308,0.176292875178916,0.33645209819483,0.172927870549436,0.135219757477856,0
2023-02-11,0.0429729736694541,0.111290233120064,0.175642483527426,0.3445426878974,0.191758746025743,0.13132863503818,0.00246424072173329
2023-02-13,0.0312701008863404,0.119204249116884,0.171803129589617,0.343842863167056,0.191805194791309,0.142074462448792,0
2023-02-14,0.0428155056741525,0.108504611223283,0.167476971577263,0.343752250337567,0.190859430855915,0.14659123033182,0
2023-02-15,0.0395298331352318,0.0979800254779866,0.165757357468397,0.350659700424893,0.204204504357783,0.141868579135708,0
2023-02-16,0.0438601792035708,0.0617815637917929,0.174021140177226,0.32855526309577,0.260295410572888,0.131486443158752,3.46944695195361e-18
2023-02-17,0.0418222479067767,0.0578379467133202,0.183219459907728,0.329291064206681,0.275257110218137,0.112572171047358,0
2023-02-21,0.0434224747156084,0.0435788870764269,0.186693687003032,0.343864904018017,0.271235915504189,0.111204131682728,0
2023-02-22,0.0292377345879843,0.0890615786231166,0.174070582741534,0.371996770750109,0.23268701810574,0.102946315191516,0
2023-02-23,0.0281637440942032,0.0816659156856894,0.183745542997963,0.366646505833051,0.22178702802928,0.117991263359814,0
2023-02-24,0.0200379019991887,0.0805528258861365,0.18961820438934,0.357268157313265,0.229849165207034,0.122673745205036,0
2023-02-28,0.0196444391138243,0.113252877086559,0.179978444297359,0.381152929318785,0.180863467630344,0.125107842553129,0
2023-03-01,0.0433278174813612,0.124445694997553,0.176225481702701,0.379073014203558,0.162141053684058,0.114786937930769,3.46944695195361e-18
2023-03-02,0.0629673984219379,0.11350707309487,0.135280164297373,0.397350315775919,0.198929382735405,0.0779631575037633,0.0140025081707314
2023-03-03,0.0626945117194752,0.114856549045808,0.133971019770662,0.399346215965453,0.196753919973908,0.0766576011348344,0.0157201823898581
2023-03-04,0.0537498642446967,0.104452270390874,0.132314535564377,0.358720747425127,0.242386706380844,0.0429326027917802,0.0654432732023011
2023-03-07,0.0562509770471107,0.105021614081975,0.13318072218575,0.357718421320278,0.238585545898076,0.0441666482931824,0.0650760711736274
2023-03-08,0.0566377807332373,0.104231739798682,0.135964029222753,0.350288757584053,0.24471907548808,0.0471213771359965,0.0610372400371983
2023-03-10,0.0558346652324556,0.109821089585457,0.142797253725308,0.361423694423382,0.225321833452759,0.0413772243616681,0.0634242392189698
2023-03-11,0.0693564241405412,0.0977035854225698,0.136236177917444,0.383943754912917,0.202640301264447,0.0369415784589942,0.0731781778830865
2023-03-13,0.113175282790674,0.0473927423784462,0.145617143766609,0.434274890604439,0.153260667932415,0.0527629121833366,0.0535163603440801
2023-03-14,0.0812236216435589,0.0595968872861474,0.154809612284863,0.428506655181124,0.161921998132406,0.0837797825432209,0.0301614429286802
2023-03-15,0.0495435152132031,1.0842021724855e-19,0.168232770642107,0.520185788547551,0.114063963358081,0.117953099976503,0.0300208622625551
2023-03-16,0.0575924743745879,0,0.174029869867946,0.519494444646315,0.0819874335961677,0.127028492276334,0.0398672852386493
2023-03-17,0.0603349326096195,0.000407668259776719,0.175599616802589,0.516457792568236,0.0657960740511167,0.145220695266362,0.0361832204423008
2023-03-20,0.0701960356072877,0.0115926902053828,0.158939810166327,0.518915301944741,0.0590351243181372,0.141052282340529,0.0402687554175951
2023-03-21,0.0597553478654579,0.011895579806062,0.168993741193018,0.515581500305826,0.0701674097463903,0.152947206753146,0.0206592143301
2023-03-22,0.0545005397691688,0.0107649055632472,0.176137333277257,0.513844606241071,0.0615064192684778,0.169864188693034,0.0133820071877442
2023-03-23,0.0537090516446653,0.0112349343069477,0.17532632461137,0.513307478571099,0.0635517776800087,0.169091007063023,0.0137794261228866
2023-03-24,0.0463830993430453,0.0111682905831235,0.184225965827461,0.538537859500585,0.0292047072108843,0.175050026057264,0.0154300514776366
2023-03-27,0.0522965199239618,0,0.190996213098933,0.533701830833536,0.0341241479527988,0.175136554213675,0.0137447339770955
2023-03-28,0.0461732560791949,0.00198338988555612,0.183231555695929,0.534888470519625,0.042724380041498,0.178404755031143,0.0125941927470542
2023-03-29,0.0471534350480959,0,0.140742261982314,0.561147803494796,0.0597105185014315,0.18421459157345,0.00703138939991278
2023-03-30,0.0470965259290247,0,0.153432481266018,0.558202633007743,0.0504241746601515,0.180234131096243,0.0106100540408199
2023-03-31,0.0433097263754103,0.00167074035966551,0.148052948225621,0.562977426609342,0.0457884513487251,0.17817213939826,0.0200285676829769
2023-04-01,0.0589970310721843,0,0.171052155508239,0.550538654161064,0.0348459883342769,0.166100001884382,0.0184661690398541
2023-04-04,0.0668284453745771,1.73472347597681e-18,0.179750096767954,0.556301213539024,0.0238907465015401,0.155152354763895,0.0180771430530105
2023-04-05,0.0687457931060035,0.0208335727189207,0.150151577464762,0.596475555888149,0,0.139463815469854,0.0243296853523108
2023-04-08,0.0684437568292586,0.0106159393223643,0.152558187505744,0.586102403575477,0,0.169305634501513,0.0129740782656424
2023-04-10,0.0695929750214078,0.0065055722518263,0.156341910620893,0.57941455001616,0,0.175726332552349,0.0124186595373641
2023-04-12,0.0774174739307504,0,0.14040735784232,0.583893921292343,0.000358175371642158,0.188477334317089,0.00944573724585518
2023-04-13,0.0791475625274745,8.67361737988404e-19,0.133267838406055,0.587443371821068,0,0.19262392216051,0.00751730508489305
2023-04-18,0.0788070728810781,1.01490430505062e-18,0.136258800538323,0.585338461030758,0,0.192709952472897,0.00688571307694353
2023-04-19,0.074426768375769,0,0.13835642887912,0.584968638563856,0,0.190277750351875,0.0119704138293814
2023-04-20,0.0608963990216906,0.00798720289927351,0.135916730546242,0.593525536342121,0,0.192825712919024,0.00884841827164887
2023-04-21,0.0655628180419016,0.00694138413137514,0.133121602572636,0.595529012217652,0,0.191194126914963,0.0076510561214723
2023-04-24,0.068243805320996,0,0.130422373609455,0.599542610160743,1.28203920137463e-19,0.187953274189648,0.0138379367191574
2023-04-25,0.0641596034565982,0,0.127512743855129,0.605142323580588,0,0.190434349219401,0.0127509798882842
2023-04-26,0.0666832556066879,0.00143987644119884,0.144107904539975,0.60699241109136,0,0.180776552320779,0
2023-04-27,0.0643909410487125,0.00931490084400852,0.140983262888414,0.610991522822527,0,0.174319372396338,0
2023-04-28,0.0633622811856903,0.00913333416974786,0.130461659466715,0.621407305023315,0,0.175635420154532,2.66606734119268e-18
2023-05-01,0.0676197201564242,0.00936547811874229,0.13074168187258,0.61973856254514,0,0.172534557307114,0
2023-05-04,0.0610497467283815,0.00867404310981156,0.123187436386963,0.621712567485183,0,0.18537620628966,0
2023-05-05,0.0650388499402355,0.00157754439191424,0.137135043711059,0.614594497181322,0,0.18165406477547,2.1842487976946e-18
2023-05-07,0.0662508771975745,0.01509952839701,0.119226783670171,0.600338657636498,0.00300186617745942,0.196082286921287,0
2023-05-09,0.0744012532848953,0.00233990854592001,0.10074597495245,0.599580264519276,0.0342396050627313,0.188692993634728,0
2023-05-10,0.065133667345639,0.0147998924163968,0.114307808071165,0.588428053345111,0.0320941768316269,0.185236401990061,6.93889390390723e-18
2023-05-12,0.0652730098763087,0.0052665014695283,0.0979121251733907,0.607297179250736,0.0431729040252372,0.181078280204799,6.93889390390723e-18
2023-05-15,0.0649047044050875,0.00925091890619981,0.0863319449403936,0.623647050518592,0.039263982226819,0.176601399002908,0
2023-05-16,0.0546201465792308,0.00751150368752156,0.085320795724022,0.612688634248673,0.0646386829971508,0.175220236763402,0
2023-05-17,0.0634650424194226,0.0174984218344316,0.0801826212020552,0.617902633756934,0.0503097747475534,0.170641506039603,0
2023-05-18,0.0627558263517951,0.0125175618507254,0.0672658306661899,0.634184616766829,0.0568499619119963,0.166426202452465,6.93889390390723e-18
2023-05-19,0.0568326550382426,0.0118609056731731,0.0632169036333976,0.633893945758933,0.0562472716276661,0.177948318268588,0
2023-05-22,0.0496672428496322,0.0170554053643113,0.072480051923947,0.623789878810628,0.0587205786109778,0.178286842440503,0
2023-05-23,0.0517309859161734,0.0239063012221051,0.0644869281339949,0.639441834067491,0.0572855757072919,0.163148374952944,0
2023-05-24,0.0550385675645064,0.0334172777473471,0.0710454431114926,0.646849322197634,0.0433044554070757,0.150344933971944,0
2023-05-25,0.0556870695363698,0.034449584931685,0.0725436538229026,0.643751632654511,0.0443425180030814,0.149225541051451,0
2023-05-26,0.0450508714856366,0.0411834181318854,0.0891325880601709,0.643393336241343,0.0347697696863357,0.146470016394628,0
2023-05-30,0.0442094051982879,0.0302858327407455,0.0890490994285125,0.655124343759063,0.0357567883832167,0.145574530490174,0
2023-05-31,0.0396046950429578,0.0137192764193608,0.113681237995506,0.633214037119959,0.0614759342738814,0.138304819148335,0
2023-06-02,0.0417775492717886,0.0143354902945113,0.120091670694612,0.630768644942626,0.0570642393059142,0.135962405490548,0
2023-06-03,0.0465227050940327,0.0191498929757867,0.121183386099196,0.630492633264607,0.0544748946418578,0.12817648792452,0
2023-06-04,0.0411081184478337,0.0127008302297852,0.127036635042588,0.65518167541182,0.0607799593988995,0.103192781469073,0
2023-06-06,0.0386550899432739,0.013736336686532,0.127813170640673,0.655397536771473,0.0591356404285495,0.105262225529499,0
2023-06-07,0.0379368120461258,1.73472347597681e-18,0.0988537565640875,0.67927762714816,0.0703604911022234,0.113571313139404,1.63504200738718e-18
2023-06-09,0.0287085550193838,0,0.0844412273619884,0.665271958145027,0.07420842298311,0.147369836490491,0
2023-06-10,0.0273728540716662,2.82641581350128e-18,0.0992601497123397,0.656906781956959,0.0835551259705483,0.132905088288487,0
2023-06-11,0.0189416384688648,0,0.0915974034790097,0.65892388623378,0.107357848639861,0.123179223178485,0
2023-06-12,0.0207362808411559,0,0.0725303539092386,0.673848997366775,0.113290642015256,0.119593725867574,0
2023-06-13,0.020759176806678,0,0.0556858516428777,0.686899356004636,0.122878259745001,0.113777355800808,0
2023-06-14,0.026583373354251,0,0.0584876705455738,0.687775971488747,0.117744383893234,0.109408600718195,2.45146642068784e-18
2023-06-15,0.029301579360497,1.15434965530041e-18,0.0639304815978906,0.685101142409907,0.115965214431269,0.105701582200436,0
2023-06-16,0.029942230946833,0,0.0503205297783926,0.698497335842068,0.114527273058698,0.106712630374009,8.75295949602693e-18
2023-06-20,0.0246257839355835,0,0.0362312064683277,0.705407928737794,0.116721640794331,0.117013440063963,0
2023-06-21,0.0257672077464313,0,0.0286696652302078,0.709853876701855,0.117508788024734,0.118200462296772,0
2023-06-22,0.0167988767073174,0,0.0477673472545414,0.691084409249234,0.12770798454357,0.116641382245337,0
2023-06-23,0.024111356873825,0,0.0588049598646993,0.68437798679321,0.11649963252712,0.116206063941145,0
2023-06-26,0.0258628838909476,1.62018066817797e-18,0.0726622969932875,0.676485778422972,0.119292081671479,0.105696959021314,0
2023-06-27,0.0253786677799997,2.02952420086235e-18,0.070360120210551,0.671328224399547,0.120366824401958,0.112566163207945,0
2023-06-28,0.0295569524902156,5.83158750291684e-18,0.0778164716202061,0.649528385333675,0.112736263631398,0.130361926924505,0
2023-06-29,0.0183544539335146,6.95870274482821e-18,0.0956549655039959,0.634049060940038,0.146060837698129,0.105880681924323,0
2023-06-30,0.0278966645529797,0,0.117417248978829,0.622291680882271,0.132191304873589,0.100203100712332,7.53650844213162e-18
2023-07-02,0.0298896082411256,0,0.105080607860485,0.630828402328727,0.126484354635922,0.107717026933741,0
2023-07-03,0.0267370643921562,0,0.0950011513411193,0.640725883712343,0.132824628678137,0.104711271876245,0
2023-07-06,0.0265834972230974,2.44001289739608e-18,0.0873005827563097,0.648075453370739,0.133088894685425,0.104951571964429,0
2023-07-07,0.026755296926693,0,0.0881589533514991,0.647889619316276,0.132715032896857,0.104481097508675,0
2023-07-08,0.0236458721782146,0,0.104211480894727,0.635450122766848,0.134102301714053,0.102590222446157,0
2023-07-09,0.021740595723976,0,0.113581022256211,0.629774071647209,0.128238455114706,0.106665855257898,4.19397131597524e-18
2023-07-11,0.0233252084071068,0,0.13218342754565,0.608294838959431,0.132538843294839,0.103657681792973,0
2023-07-12,0.0242141516896027,0,0.128685346649444,0.61261057219912,0.131938704393857,0.102551225067976,1.13825062391244e-17
2023-07-13,0.0246828008679136,0,0.120634523098021,0.62026247528705,0.136382740669094,0.0980374600779214,0
2023-07-14,0.0231918884974046,0,0.118962153792946,0.609712159235005,0.155590070205294,0.0925437282693504,0
2023-07-17,0.0112089721648771,0,0.106705952033558,0.619995459719421,0.162728040583335,0.0993615754988089,6.93889390390723e-18
2023-07-18,0.0109703799638623,2.64580032256486e-18,0.108012218851797,0.619672058171446,0.161726669839721,0.0996186731731739,0
2023-07-19,0.0093808955296916,0,0.12873320941743,0.594764707451295,0.164545974426107,0.102575213175476,0
2023-07-20,0.0176769392232854,0,0.139395657161081,0.5784628554382,0.152712183213662,0.111752364963771,0
2023-07-21,0.0164675796318313,8.81587281773083e-18,0.146340823798128,0.567819448331808,0.157235528705802,0.112136619532431,0
2023-07-24,0.01442741290553,0,0.152915467646604,0.570368274787148,0.161346135149875,0.100942709510843,0
2023-07-25,0.0123345252349854,1.01502420394161e-17,0.149587447992698,0.573766685614773,0.162391142547289,0.101920198610255,0
2023-07-26,0.0094251478729246,1.15477553497794e-19,0.181747096428011,0.534107836514974,0.163109340645656,0.111610578538434,6.93889390390723e-18
2023-07-27,0,1.20531977111924e-17,0.188187514539338,0.493508741826889,0.192703423231412,0.125600320402361,3.76265767501528e-18
2023-07-28,0.00236434112831395,0,0.17762681526995,0.509043626186686,0.194871593311454,0.116093624103596,0
2023-07-31,0.0325575318184783,0.0254275553386493,0.200255310975286,0.403497966149723,0.228304106262046,0.102431173244371,0.0075263562114473
2023-08-02,0.0350571693892273,0.0181763169988053,0.160514289427112,0.432002944000179,0.248947056560772,0.105302223623905,0
2023-08-03,0.0350775386262754,0.0238201589204461,0.160439969612571,0.432802234307609,0.243738560212545,0.104121538320553,0
2023-08-05,0.024149433698338,0.0241078746768167,0.204538455087865,0.409742289824562,0.247208567343338,0.0902533793690806,0
2023-08-08,0.0379172155160048,0.0296627055698463,0.173637310283046,0.443844514353495,0.236065696004086,0.0688187803720432,0.010053777901478
2023-08-09,0.0348458247099076,0.0320313636446943,0.181896224705779,0.433899184775118,0.247154224406714,0.0599493087636427,0.0102238689941453
2023-08-11,0.0343780008020125,0.0383312543611393,0.168333286326686,0.437631417215258,0.244978801212233,0.0614521948821844,0.0148950452004858
2023-08-12,0.049854415461866,0.0721343092376351,0.140161127447056,0.409211497959634,0.296429652608013,0.0245950014183212,0.00761399586747453
2023-08-14,0.0513621565830754,0.0839864388327176,0.123787286913743,0.416791832078329,0.289652302248644,0.0299843717820083,0.00443561156148232
2023-08-16,0.0533664627377545,0.0840633608466098,0.127978162742669,0.41188881170466,0.29321813862316,0.0294850633451465,0
2023-08-17,0.0572021462973073,0.104590810277449,0.11225920193705,0.405565560582394,0.314890214090303,0.00549206681549557,0
2023-08-18,0.052677059763367,0.109863331228188,0.102269688029008,0.381513453100307,0.339095797834552,0.0145806700445775,0
2023-08-21,0.0469551035275915,0.120593010097275,0.155543642938316,0.297789212778087,0.372602134282072,0.00651689637665906,0
2023-08-22,0.0425076442656217,0.140299272472309,0.132502173092838,0.294645107298911,0.371114819865736,0.0189309830045861,0
2023-08-23,0.0444416550117186,0.146734993357383,0.136874011730862,0.296439567964815,0.362168725202082,0.013341046733139,0
2023-08-24,0.0446381848784273,0.146414989405077,0.123107893653876,0.295671571552743,0.372569585241182,0.0175977752686945,0
2023-08-25,0.0461062475670379,0.152057353027486,0.133025643523803,0.283127232735925,0.372906055892578,0.01277746725317,0
2023-08-28,0.0401984760176304,0.143690368485318,0.141104477156378,0.293879337980419,0.381127340360254,0,4.30856345125297e-22
2023-08-29,0.0387458598152606,0.14543039214956,0.146341822337702,0.29163678299064,0.377845142706837,0,0
2023-08-30,0.0384130180207698,0.146836381904339,0.147950822366639,0.289223623871015,0.377576153837238,0,1.43462828075905e-19
2023-08-31,0.0417200314096056,0.153726118784284,0.142678991132793,0.286610745134018,0.375264113539299,0,0
2023-09-01,0.0328455386560475,0.152817645769667,0.13844117059642,0.290478966783186,0.38541667819468,0,1.22871852704966e-18
2023-09-02,0.0343093815022844,0.159296005237335,0.150438938570772,0.281338599083843,0.374617075605766,0,4.15817987097598e-18
2023-09-03,0.0373548633150867,0.154849437693126,0.164143198326643,0.279535266643842,0.364117234021302,0,3.99433378778181e-19
2023-09-05,0.040872185777862,0.173134171137549,0.171666182772993,0.260882029186559,0.335754979510295,0.0176904516147425,0
2023-09-06,0.0497596782922639,0.190795142078997,0.173535197605199,0.247123628291498,0.32284705625315,0.0159392974788935,0
2023-09-08,0.0462517570510967,0.195508276790672,0.178149526020462,0.241165412857715,0.322055386547514,0.0165512675169238,0.000318373215616576
2023-09-10,0.0347759407367584,0.18920105043088,0.164536456220553,0.248746292246986,0.317566684868855,0.0451735754959675,0
2023-09-11,0.0357576305110088,0.185437516553282,0.167077308200825,0.246156220875953,0.311667817780885,0.045787858783083,0.00811564729496424
2023-09-13,0.0376506203671849,0.187039983876793,0.167958542871497,0.245659547982613,0.308853619872961,0.0439630102911493,0.00887467473780218
2023-09-14,0.0380516719616693,0.181143980732784,0.169665670063998,0.248617364343668,0.306263680579543,0.0487718207848934,0.00748581153344335
2023-09-15,0.0428571887321517,0.204948240579275,0.186964563571901,0.208044386898048,0.288557291195822,0.0516250613656871,0.0170032676571154
2023-09-18,0.0410839342140466,0.173841408658107,0.186369265824361,0.23533707737397,0.286614788799266,0.0411717519326882,0.0355817731975616
2023-09-19,0.0462207680040072,0.16162075614225,0.205125442267911,0.22981069391252,0.267545641211138,0.0445162104318746,0.0451604880303001
2023-09-20,0.0551285703947173,0.167761044921218,0.204162612943751,0.224339533411295,0.272311161333263,0.0510729018557172,0.0252241751400377
2023-09-21,0.0579749358846716,0.16469626341017,0.205922283578988,0.226520949288615,0.260237947013563,0.0431994768826702,0.0414481439413226
2023-09-22,0.0581354064879565,0.161428419861887,0.206510029504532,0.227204288755721,0.261211882334723,0.0423404014789206,0.0431695715762599
2023-09-25,0.0556796408563618,0.159012010511458,0.207244027655945,0.225924996768774,0.271706779143345,0.040664488254117,0.0397680568099992
2023-09-26,0.0514023185481723,0.163483948603687,0.21195437704149,0.210631590836424,0.291431078836671,0.0515033080650738,0.0195933780684822
2023-09-27,0.0459299774016924,0.161582927185488,0.21346260493893,0.212718868551676,0.302129816282675,0.0412548874604759,0.0229209181790625
2023-09-28,0.0513907475037481,0.164777395142644,0.211749368134466,0.212803105765344,0.288601624171337,0.0424464626055705,0.0282312966768912
2023-09-29,0.0667269119733496,0.120178576384108,0.210710623973623,0.203805007275536,0.31571430035753,0.0463564837704496,0.0365080962654031
2023-10-01,0.0690772217365988,0.115522229693959,0.215467954264682,0.193551309823988,0.318920602813572,0.0463228478448632,0.0411378338223364
2023-10-02,0.0744714714606465,0.0840664378539937,0.215646882341047,0.177946055806962,0.317799696080012,0.0612099636925866,0.0688594927647521
2023-10-03,0.0517592336709949,0.0497647562146981,0.229789895622316,0.207205936257891,0.32827159308782,0.0657090014551979,0.0674995836910822
2023-10-05,0.0675217679969861,0.0373434699021682,0.231334005759034,0.201614382263625,0.333654038748911,0.0643256023070614,0.064206733022214
2023-10-07,0.0691021070167447,0.043577961819734,0.229548319811576,0.205006671347333,0.331678655183672,0.058938340842524,0.0621479439784159
2023-10-08,0.0689856950044688,0.0443812384412013,0.226938909516012,0.210338156672178,0.30975783025134,0.0615292407235502,0.0780689293912501
2023-10-10,0.053855703463648,0.0635780783424011,0.214953451169555,0.223139734144797,0.325317700188769,0.0662293628664856,0.0529259698243448
2023-10-11,0.0445035373982422,0.0605740021822031,0.216133195206905,0.223375221688645,0.332511320631587,0.0693457752217926,0.0535569476706257
2023-10-13,0.0420310800175059,0.048294731112877,0.220670380480562,0.222283904744072,0.341196477806149,0.0700802742003602,0.0554431516384742
2023-10-16,0.0510110177612068,0.0482121422857321,0.220074651160554,0.227111997330598,0.344420772456624,0.0542318078532669,0.0549376111520183
2023-10-17,0.0364234107604532,0.136695008840031,0.23446544545793,0.209296946854387,0.28930418726781,0.0545581147018163,0.039256886117573
2023-10-18,0.0343036347514625,0.137878085563662,0.233638609029411,0.215044974399727,0.292757905489084,0.0532073771108212,0.0331694136558319
2023-10-19,0.0344117661547437,0.126617607916899,0.229542539499345,0.216487914623372,0.305733063597254,0.0480366954396889,0.0391704127686975
2023-10-20,0.0473002974360725,0.107322863001599,0.242196368542329,0.194247034769383,0.32318628953663,0.0499264567972271,0.0358206899167592
2023-10-25,0.0426295735679379,0.122039398883395,0.247955659438524,0.189215268168037,0.310522637847209,0.0550657893983176,0.0325716726965795
2023-10-27,0.041286603092931,0.1238007999236,0.255170472948435,0.186029482903782,0.299086354279456,0.0635483127335119,0.0310779741182836
2023-10-30,0.0364125802656574,0.194286384892087,0.258884703662904,0.177838633919581,0.244176305977379,0.0619838819071555,0.0264175093752358
2023-10-31,0.0382452566159176,0.196696766760778,0.256024414887488,0.177087519817084,0.247446174197247,0.0554648522044465,0.0290350155170398
2023-11-01,0.0370135196852579,0.185264120659128,0.263699528926155,0.174206989462111,0.242869232578407,0.0548660504336231,0.0420805582553179
2023-11-04,0.0349953699327279,0.191980735342327,0.266883149765859,0.174949432566934,0.24234978568689,0.0502658489119466,0.0385756777933149
2023-11-05,0.0299315045929042,0.188191219515778,0.27479193378557,0.179632204168856,0.247793326484562,0.0464324582127955,0.0332273532395353
2023-11-07,0.0276669893029009,0.190962160221766,0.272402266251219,0.168496601110068,0.25246093955414,0.0446633715686769,0.0433476719912299
2023-11-08,0.0186832804455699,0.19817324198984,0.273069598706506,0.166237167516606,0.252731724502792,0.0544534633469233,0.036651523491762
2023-11-09,0.0204859575086354,0.189942069026014,0.275960849275379,0.154014682761796,0.261910931124732,0.065122436698306,0.0325630736051375
2023-11-10,0.0155471898127345,0.202708329355917,0.282434440905233,0.148211436422155,0.247055204490075,0.0647917784502836,0.0392516205636021
2023-11-12,0.0137325454467946,0.194912280554395,0.284075114870488,0.159307946351973,0.254281279997504,0.0586032068561326,0.0350876259227122
2023-11-13,0.020302763716585,0.203964367181153,0.279212716319782,0.168468816007264,0.216338660173303,0.0758567564221972,0.0358559201797169
2023-11-14,0.000793298722507503,0.215232748168585,0.28710474766879,0.160004397236784,0.235263340223082,0.0760857813965038,0.025515686583748
2023-11-15,0,0.24422154302944,0.294297798180375,0.149549539350704,0.242629086014249,0.0684621603701981,0.000839873055034291
2023-11-16,0,0.255950338692397,0.296439636133673,0.148643952937767,0.229324540947733,0.0675274181432917,0.00211411314513759
2023-11-17,0,0.258599252889141,0.300486616445095,0.146609296665924,0.226976925054569,0.0673279089452712,4.89411892347617e-19
2023-11-20,0,0.261163246839922,0.29973151244355,0.145320063767292,0.22474298525659,0.0687846387544627,0.000257552938182896
2023-11-21,0,0.26036359142302,0.303565571935275,0.143513158669832,0.227132664790895,0.0650233456402131,0.000401667540765055
2023-11-22,0.000493189826864729,0.250802375834287,0.300291398272095,0.14483797588727,0.237919823446576,0.0626758622002589,0.00297937453264852
2023-11-24,0.00139074796168676,0.257142738469634,0.296419857066268,0.143952048927508,0.235433254812976,0.0656613527619277,0
2023-11-27,0.00236116589472771,0.240328312674043,0.296118397637076,0.148400403057127,0.242089408728298,0.0651858637944088,0.00551644821431986
2023-11-28,0.00135045672603409,0.241643121052658,0.298092569768196,0.148174976012602,0.239658280377655,0.0640159257217775,0.00706467034107727
2023-11-29,0.00171220570083329,0.239562970493347,0.302670819936151,0.14926920696146,0.237002258506904,0.0668936174374663,0.00288892096383822
2023-12-01,0.00595090088019723,0.233246947489761,0.305727832477531,0.154846850012061,0.224573417535667,0.0670731395350821,0.00858091206970018
2023-12-04,0.00480250276740316,0.244257678518246,0.304362273754256,0.152017314483919,0.227680150163834,0.0668800803123424,0
2023-12-05,0.00509317877189022,0.244425971301652,0.30343575613128,0.153275266884407,0.227261952896691,0.0665078740140802,0
2023-12-06,0.00545228071376923,0.242471440005797,0.300146888045065,0.157904006550305,0.228369000987291,0.0656563836977715,0
2023-12-07,0.00965131934442992,0.25514074609139,0.317483753229367,0.140877242694609,0.219940156384939,0.0569067822552649,0
2023-12-09,0.00968928223331288,0.25350407525976,0.322111258570131,0.139146385255565,0.21336734667986,0.0621816520013712,0
2023-12-10,0.0119073504691613,0.257507324336591,0.320950598295959,0.138200088017296,0.208816015331414,0.0626186235495783,0
2023-12-12,0.0119346638461881,0.25611422836482,0.316718164426188,0.143837242030175,0.210474579961966,0.0609211213706619,0
2023-12-13,0.013486838809675,0.285575950779192,0.315382113217823,0.143041573510683,0.184981253797127,0.0575322698854998,0
2023-12-14,0.0119010902739491,0.24966708455859,0.317627227791206,0.145688791168807,0.214007893842865,0.0571590820506127,0.00394883031396991
2023-12-15,0.00253137112678834,0.236244288942313,0.349851241903349,0.122320397111862,0.207205955109591,0.0656942798729306,0.0161524659331663
2023-12-18,0,0.210063590411925,0.403406824249115,0.113849647621253,0.181430227591997,0.066575603609031,0.024674106516678
2023-12-19,0,0.212392445499102,0.403855443181503,0.113329417141016,0.184694440115058,0.0667540275635273,0.0189742264997941
2023-12-20,0,0.214518539352073,0.393603572691718,0.116892975777214,0.198525012919796,0.0685163797005577,0.00794351955864174
2023-12-21,0,0.222444427216234,0.386106462288055,0.0853468929235827,0.172862602020839,0.0754294168903153,0.0578101986609744
2023-12-22,0,0.221937106221723,0.382687804350739,0.0892795583158102,0.170607315647282,0.077504699208321,0.057983516256125
2023-12-27,0,0.214440768896121,0.393217565646596,0.0896599685810314,0.175878946254362,0.0736506677060645,0.0531520829158253
2023-12-28,0,0.21427373202128,0.396892212208319,0.0901580516960412,0.17513191145365,0.0696779272100835,0.0538661654106264
2023-12-29,0,0.212471443764701,0.405445208691279,0.0875831942775652,0.173792227273475,0.0682601790631407,0.0524477469298393
2024-01-02,3.46944695195361e-18,0.200469655742058,0.411151690113915,0.0883094070943926,0.168713473375241,0.0732578533888575,0.0580979202855353
2024-01-03,0,0.185507088988381,0.429644101793866,0.0850885643910552,0.167788037595578,0.0724131575027213,0.0595590497283987
2024-01-07,3.46944695195361e-18,0.174893880910919,0.438722238106578,0.0996183716131406,0.155853030886592,0.0694211220977701,0.0614913563849997
2024-01-08,0,0.165131389903182,0.441191882198992,0.148403944029551,0.142326240227604,0.0603779898392566,0.0425685538014143
2024-01-10,0,0.17250824250035,0.418795789724255,0.173011545636634,0.151849822692111,0.0584409629786246,0.0253936364680246
2024-01-16,0,0.170957593557004,0.420298373011431,0.167805889804003,0.155134295115382,0.059256713279656,0.0265471352325227
2024-01-17,3.46944695195361e-18,0.168847227110836,0.429797031909488,0.168947916677696,0.166559278617299,0.0554382057535196,0.0104103399311611
2024-01-18,0,0.16955130945062,0.421979468323676,0.177982802589036,0.164716952123511,0.058187858424037,0.00758160908912022
2024-01-19,0,0.175370703215569,0.413957941350806,0.179058947483238,0.156165579334668,0.0600569375518976,0.0153898910638221
2024-01-22,0,0.17694744202847,0.412538617928173,0.177585219983324,0.156867191242716,0.0603788272454508,0.0156827015718656
2024-01-23,0,0.17658182933044,0.419357875821989,0.166876617377238,0.163606308867557,0.0575637890828863,0.0160135795198898
2024-01-25,0,0.178756138061405,0.421955029082029,0.17137525646528,0.153642822528806,0.0595622352297469,0.0147085186327334
2024-01-26,0.00104065788538271,0.178387275978798,0.425149242031449,0.174904220773239,0.148711810784236,0.061355296439174,0.0104514961077206
2024-01-29,0.000585283392944181,0.174763556726989,0.426262219192077,0.174545191496038,0.150765026513658,0.0575912604138498,0.015487462264444
2024-01-30,0,0.182723900995188,0.442669227919163,0.14832906037719,0.159740239150032,0.0546727467383203,0.011864824820107
2024-01-31,0,0.174286451733387,0.439964432704002,0.148843042961641,0.182175692083806,0.0492255522778965,0.00550482823926791
2024-02-02,0.0061502619077324,0.163756857090339,0.433878006849617,0.15049324344168,0.192952961914184,0.0475252206236741,0.00524344817277286
2024-02-04,0.0171497224257988,0.162106297293492,0.426110585475325,0.161697806656981,0.188841282988164,0.0440943051602381,0
2024-02-05,0.0339398609787114,0.150557672908303,0.438739870945288,0.14858984135565,0.204432526512551,0.0237402272994969,0
2024-02-07,0.0353019049299404,0.146723581665859,0.439130656503608,0.149188618584215,0.209467078384417,0.0201881599319604,0
2024-02-08,0.0257217624567869,0.159677298066633,0.458687230262715,0.159224144355412,0.170237434562078,0.0264521302963746,0
2024-02-10,0.015792331614406,0.173413002347526,0.455647286819896,0.147413054153638,0.174905252547769,0.0328290725167656,0
2024-02-12,0.0182701712809411,0.181228389838546,0.510548744348557,0.0872783746550374,0.17460699741606,0.0280673224608582,0
2024-02-13,0.00615929983874484,0.191330023532887,0.526814509799163,0.0661790746406608,0.179210205637255,0.0303068865512897,0
2024-02-14,0.00198002334560757,0.194670640682333,0.520141037625578,0.0746452430641645,0.175524280588076,0.0330387746942413,0
2024-02-15,0,0.199342401999057,0.516085901969875,0.0824349125038245,0.168258224367647,0.0338785591595963,1.73472347597681e-18
2024-02-16,0,0.197347316366691,0.514621127849795,0.0798306957778339,0.173419616295026,0.0347812437106542,7.19538104731139e-18
2024-02-20,0,0.188647044202296,0.522614521119808,0.0776025019407948,0.180814082565796,0.0303218501713045,4.75173120075386e-18
2024-02-21,0,0.186313078209645,0.521614284375135,0.0763799719061732,0.186356309927899,0.0293363555811474,0
2024-02-22,0,0.185707713536524,0.504789126573326,0.0988526950567111,0.179047147108838,0.0316033177246014,0
2024-02-23,0,0.187862311620529,0.499241819304845,0.105326950079276,0.169003371220356,0.0385655477749945,0
2024-02-26,0,0.185821783634788,0.502723964855632,0.0951668635838258,0.181687528202701,0.0345998597230541,2.8434436119329e-18
2024-02-27,0,0.190002540210897,0.507476381544605,0.0819416412244729,0.184596097141865,0.03598333987816,4.7394400822126e-19
2024-02-28,0,0.189000093899154,0.482948835384169,0.102022824883759,0.186028078200459,0.0400001676324586,6.58611297988735e-18
2024-02-29,0,0.199475716776473,0.470793388063651,0.111681149672614,0.168563877923006,0.0494858675642568,2.16399949270863e-18
2024-03-01,0.0211341901048274,0.204353666346074,0.468606238507738,0.0766942620298482,0.182175335691841,0.0470363073196711,0
2024-03-04,0.0227880341532583,0.19896377566898,0.46687694062992,0.0812780261809161,0.184907444517533,0.0451857788493925,0
2024-03-06,0.0213771891257077,0.204318649708693,0.482003321488228,0.064361612194754,0.179401362332054,0.0485378651505631,0
2024-03-07,0.0122975222232539,0.210475190680266,0.477932292694738,0.0754315292373916,0.166239832738925,0.0576236324254264,0
2024-03-09,0.0451336400729925,0.212197301450565,0.516101085286823,0.0357261343159318,0.142637476292405,0.0482043625812826,0
2024-03-10,0.0532401446274333,0.207075111585753,0.518844023073736,0.0303680154709228,0.147372626901009,0.0431000783411458,0
2024-03-12,0.0658668782544568,0.21435385201482,0.521664189119731,0.004029081327338,0.159085315298179,0.0350006839854746,0
2024-03-13,0.0656401198061181,0.218780030511751,0.51717518949245,0,0.159560607938938,0.0388440522507428,4.83402971613207e-20
2024-03-14,0.071427590690324,0.215676223668637,0.523684767094114,0,0.155941923648113,0.0332694948988109,0
2024-03-15,0.0751062693931105,0.2108815653394,0.550068746088067,0,0.135378630650221,0.0285647885292019,0
2024-03-19,0.0742280257513047,0.211853676358286,0.548159463248001,0,0.135205733050265,0.0305531015921426,0
2024-03-20,0.0601668403088058,0.217789288579738,0.516632911978548,0.0375791596737599,0.128504514822156,0.0393272846369924,0
2024-03-21,0.0637352040683483,0.20246131083923,0.495272752012908,0.0767046345756187,0.109681089564713,0.0271528997630965,0.0249921091760859
2024-03-22,0.0677455677057463,0.197705759991625,0.508590663372802,0.0670576620361751,0.105689922438026,0.0215063269521516,0.031704097503475
2024-03-26,0.0933637600020878,0.165120910120005,0.476583762699283,0.101112096501037,0.126257511382815,0.00793802901309866,0.0296239302816739
2024-03-27,0.0895352822651924,0.167727251118824,0.471890212891416,0.104000601213504,0.129881086139522,0.0100712588460279,0.0268943075255143
2024-03-28,0.0979919649028787,0.161978356329474,0.446644235035972,0.132836026300394,0.139565675159744,0.0086715975125381,0.0123121447589991
2024-04-01,0.101801858705208,0.163846342379644,0.459765935114167,0.123753555917492,0.132824504878103,0.0109654136050163,0.00704238940036976
2024-04-03,0.0997774143404057,0.16693052149643,0.454880456054182,0.120587921100939,0.139070503384581,0.0187531836234613,0
2024-04-04,0.11133651866788,0.16617452597018,0.448598756643663,0.143191686272708,0.116291419566794,0.0144070928787742,0
2024-04-06,0.114936638893022,0.161019749841619,0.46628004121054,0.138568546165514,0.115811047751177,0.00338397613812846,0
2024-04-09,0.0972764428151389,0.169153640755614,0.459743974490318,0.15766906600187,0.109326017150682,0.00683085878637806,3.46944695195361e-18
2024-04-10,0.102854202110189,0.158771586300964,0.450746065389975,0.168009433528703,0.115674578599548,0.0039441340706207,0
2024-04-11,0.107951846735178,0.161535533237937,0.445047494904855,0.148373537424646,0.133439969113919,0.00365161858346584,0
2024-04-12,0.108893850672631,0.156103094767268,0.454691329525357,0.127678256227435,0.152633468807309,0,0
2024-04-15,0.119855331639328,0.158178486713757,0.410527342294328,0.162211017961492,0.143127061811772,0.00610075957932269,0
2024-04-16,0.104477738403804,0.139355107782559,0.404918744299259,0.188777842857024,0.162470566657354,1.75055992384895e-18,0
2024-04-17,0.104045281951665,0.140855126901637,0.408795576411819,0.186561736796044,0.159742277938836,8.89147765207388e-20,0
2024-04-18,0.104118841193674,0.137269398723731,0.4008803597744,0.201819427789024,0.155911972519171,0,0
2024-04-19,0.103386497591686,0.135687505207284,0.400614980486656,0.203362148855093,0.156948867859282,1.54060313621703e-18,0
2024-04-22,0.0971716521057172,0.131708687185554,0.404054340548177,0.204172414833904,0.155752144970398,0,0.00714076035625064
2024-04-23,0.0905727821599796,0.130704695916536,0.405113544037978,0.216875051051707,0.154260643628594,0,0.00247328320520435
2024-04-24,0.0900583476098534,0.130641650698217,0.405761680576154,0.216843413069034,0.15417373826098,0,0.00252116978576193
2024-04-25,0.0871660656922442,0.13013267563446,0.405106087923618,0.217357805763502,0.153679087551776,0,0.00655827743439982
2024-04-26,0.0885638547026229,0.130160514618176,0.403263120316084,0.217924767342153,0.155737116796274,0,0.00435062622469036
2024-04-29,0.0895412966993792,0.130190240915258,0.403172617664324,0.218384170920041,0.155054700898899,0,0.00365697290209866
2024-04-30,0.0828463145650074,0.134547982900369,0.407912098937737,0.206008885295687,0.168684718301199,4.31983855109033e-21,4.33680868994202e-19
2024-05-01,0.0827676700628755,0.132653820548881,0.392674290420845,0.213415245749824,0.170565063841107,0,0.00792390937646782
2024-05-02,0.0820811848184711,0.135828160423759,0.390135258190964,0.215653905623937,0.176301490942869,0,0
2024-05-03,0.0835714570641228,0.135065116346434,0.390184820304354,0.214086494405704,0.177092111879386,0,0
2024-05-04,0.079393505035756,0.127861136159564,0.367708276267649,0.236542003226402,0.188495079310629,0,0
2024-05-06,0.0736461864305222,0.131677315233554,0.367946457048712,0.237648945562433,0.189081095724779,0,0
2024-05-07,0.072518585241905,0.127440681074336,0.371710403576974,0.240466423550638,0.187863906556147,0,0
2024-05-08,0.0200787786314681,0.148079111831434,0.387219531723298,0.219836166876497,0.224786410937303,9.45179913165944e-23,0
2024-05-09,0.0197676800707779,0.156594392432319,0.387163910632602,0.210093749515483,0.226380267348819,0,0
2024-05-11,0.0225273453265996,0.170919841826247,0.393295648180053,0.206920070495111,0.20633709417199,0,0
2024-05-12,0.0113439873432213,0.165437832269644,0.390474980781276,0.226160518728005,0.206582680877854,0,0
2024-05-13,0.0142760747804011,0.158537440324001,0.391143487546786,0.234517243678833,0.201525753669978,7.54556174426821e-19,0
2024-05-14,0.014653487922387,0.158735028398643,0.393165136096428,0.229443668636551,0.204002678945991,3.65149530437082e-20,3.46944695195361e-18
2024-05-15,0.0132056260545265,0.155349314902653,0.392379509394574,0.233867440652555,0.205198108995691,4.89643081314035e-20,0
2024-05-16,0.0290435134951465,0.149596882396832,0.340295736440607,0.270724679097181,0.210339188570233,1.22478934696047e-19,0
2024-05-17,0.0240238022584232,0.153421878163541,0.347159776116031,0.273433748086686,0.201960795375319,0,0
2024-05-20,0.0179624147792766,0.152251690298841,0.345043416024784,0.271246073758274,0.213496405138824,3.4355760749104e-18,0
2024-05-21,0.023110552885627,0.119200218063056,0.340061467295453,0.282304288371951,0.230499283048022,0,0.00482419033589087
2024-05-22,0.0253279266499553,0.115704827898862,0.320963772455729,0.304383951808706,0.233619521186748,0,5.42101086242752e-20
2024-05-23,0.013495218185511,0.143170812120465,0.283658114831524,0.328663632726132,0.225058891996222,0,0.0059533301401464
2024-05-24,0.00733313777992027,0.148084758892091,0.278853367724075,0.334598334099382,0.228129086436968,0,0.00300131506756335
2024-05-28,0.0224021254126817,0.150390546588745,0.257871103778636,0.344149080324815,0.219596779195614,0,0.00559036469950797
2024-05-29,0,0.156276168946924,0.262974566224577,0.307567201035732,0.239357302269676,0,0.0338247615230916
2024-05-31,0,0.149530889821777,0.289115618375369,0.273198634951267,0.237274433225039,9.67511201289656e-20,0.050880423626548
2024-06-02,0.00269658797033849,0.149536779829842,0.287916570802563,0.271886837726846,0.240828401903582,0,0.0471348217668289
2024-06-03,0.00146898382275466,0.153528125054717,0.29061266739394,0.27008857506612,0.238263872141811,0,0.0460377765206575
2024-06-06,0.00792680362954008,0.16783176327331,0.267660670721567,0.275557066261179,0.241537836224284,0.00447110273199116,0.035014757158128
2024-06-08,0.0124464307950579,0.161537519307797,0.271530671187581,0.273885959389135,0.248769274749871,0.00592521205565249,0.0259049325149064
2024-06-09,0.0231591490143268,0.154973728046269,0.284110858586887,0.267054912539079,0.247604442989172,0,0.0230969088242658
2024-06-11,0.0280817629368504,0.150172093840761,0.276677554533388,0.291873993166316,0.253194595522684,0,0
2024-06-12,0.0285474039544795,0.146113884374219,0.269003883343822,0.266848074033407,0.270391238088915,0,0.0190955162051571
2024-06-13,0.0390655655080089,0.142089156708333,0.277652603177838,0.280056146550202,0.252253729685738,0,0.00888279836988076
2024-06-14,0.0245098662281223,0.149410660273724,0.289251887490553,0.294524225156517,0.242303360851083,0,0
2024-06-17,0.0346436148895001,0.158903739143314,0.221448426484043,0.363431850031885,0.221572369451258,0,7.61052152751784e-19
2024-06-18,0.0377772632970517,0.162450585224188,0.221466595341947,0.363953357512553,0.214352198624259,0,1.16981446211054e-18
2024-06-20,0.0407681529434892,0.160451262397937,0.213655189824897,0.378345301263937,0.206780093569739,0,1.06422621608447e-19
2024-06-21,0.0373003151470921,0.157084050082218,0.218226796017045,0.378978093931274,0.208410744822371,0,9.29447237190681e-19
2024-06-25,0.0289956107645083,0.145082334815806,0.20401602510821,0.391244512866364,0.230661516445112,0,1.15712563584516e-18
2024-06-26,0.0322289854553015,0.148666007412439,0.206701766337182,0.38275152781706,0.229651712978018,0,0
2024-06-27,0.0458865694822468,0.135804969533638,0.209560044851641,0.321387826128371,0.287360590004103,0,0
2024-06-28,0.0453908922842138,0.137640924747744,0.209281788303192,0.322900599443851,0.284785795221,2.49456380205463e-19,0
2024-07-02,0.0507728873931115,0.134045331889163,0.210414139624647,0.3247790713889,0.279988569704178,9.32414699456702e-20,0
2024-07-03,0.0540544894103714,0.132494537972939,0.210239672689779,0.324734452668218,0.278476847258692,0,0
2024-07-06,0.0491137139066916,0.131267142458929,0.209770866651757,0.32454120265615,0.285307074326473,1.86818206663488e-18,0
2024-07-08,0.049512106683887,0.122805802675838,0.230103867414749,0.324299836738293,0.273278386487233,0,0
2024-07-10,0.0619231227496643,0.127502317523236,0.165520499913951,0.349306906248485,0.291195519782282,0.00455163378238145,0
2024-07-11,0.0615448968963505,0.125841390430961,0.16416384085981,0.349599671833593,0.292231904073166,0.00661829590611931,0
2024-07-15,0.0600077162795909,0.126915529162966,0.164049841087611,0.350639202424744,0.291130397702913,0.00725731334217522,0
2024-07-16,0.0602337141172217,0.122643174532701,0.16833350357629,0.350127607020456,0.292864279118421,0.00579772163491123,0
2024-07-17,0.0619263257394151,0.12262774468688,0.169941863210763,0.351444936939217,0.292206675389146,0.00185245403457867,0
2024-07-18,0.0592085593597118,0.118892137317081,0.166488582742977,0.350216376362614,0.302993319702356,0.00220102451526069,0
2024-07-19,0.0527419355492837,0.110019686519372,0.165736661784089,0.364077186391824,0.307424529755431,0,0
2024-07-22,0.0555049716015547,0.112453101267342,0.168900823107902,0.359628083830557,0.303513020192645,0,2.17043466713233e-19
2024-07-23,0.0345905039874627,0.0827789830998815,0.169928395790593,0.344181008090933,0.36852110903113,0,0
2024-07-24,0.0272814060070135,0.0998949963475222,0.157646402651986,0.355390078280772,0.359787116712707,0,0
2024-07-25,0.0243799028791192,0.10804720667505,0.14484667256113,0.358123951193995,0.364602266690706,0,0
2024-07-26,0.028916961824089,0.113208233187853,0.134799588796475,0.369127182132851,0.353948034058732,0,0
2024-07-29,0.0372545928820766,0.118507468046656,0.131931267933101,0.360544744103749,0.351761927034418,0,1.67437296975548e-18
2024-07-30,0.0242775513713586,0.108514784372252,0.130710968873269,0.355048345752205,0.381448349630916,0,0
2024-07-31,0.022395284935606,0.115462451967778,0.128107672204636,0.35816134380606,0.37587324708592,0,2.57965377983587e-18
2024-08-01,0.0145253084666641,0.117723973191645,0.125350214607054,0.373123084778215,0.369277418956421,0,3.96187236990305e-18
2024-08-02,0.0152568133252023,0.121328082383999,0.123518412135316,0.375957871028795,0.363938821126688,0,2.72365505279151e-18
2024-08-03,0.0154763011471505,0.126047704309983,0.119978494938033,0.377742043484709,0.360755456120124,0,3.68540755330317e-18
2024-08-04,0.00616215183879447,0.121125455849596,0.119308152856671,0.368543744505847,0.384860494949091,0,3.70439026320403e-19
2024-08-05,0.0113087158993622,0.130609785528149,0.112763631508177,0.368716493648489,0.376601373415823,0,0
2024-08-07,0.0162670400352477,0.127286434239053,0.113697789833729,0.371952278103009,0.370796457788961,0,4.51110200089386e-18
2024-08-08,0.0172887518290317,0.125555816560678,0.123097924118013,0.353271699576655,0.380785807915622,0,1.55822493083393e-18
2024-08-10,0.0315812942498792,0.152892090394865,0.0967533763132145,0.352059771807739,0.366713467234302,0,2.90348857230895e-20
2024-08-11,0.0245685435556479,0.162437900568175,0.0993002084905773,0.348239304961643,0.362335220826161,0.00311882159779608,0
2024-08-13,0.0181727145217262,0.161696915532521,0.0947669060513824,0.350367126691566,0.371806777769288,0.00318955943351632,0
2024-08-14,0.0134147388599654,0.166751545480948,0.100532815022747,0.347359839252725,0.368049155301841,0.00389190608177408,0
2024-08-16,0.00158050605934185,0.166223583521941,0.0852970689527839,0.352356258048259,0.394542583417674,0,2.14290434934496e-21
2024-08-19,0.011147366374526,0.166329684784097,0.0997842904226886,0.334184882524569,0.388553775894119,0,7.00103077316813e-22
2024-08-20,0.0114467672969023,0.168321947206266,0.0974613861291482,0.334197709393667,0.388572189974017,0,3.08165869922355e-20
2024-08-21,0.0111813103377328,0.163249251339555,0.0816258169621571,0.329352937133646,0.403314545102565,0.0112761391243435,0
2024-08-22,0.0129669622273175,0.160429993261974,0.0821852443344039,0.330307754085807,0.404516012463438,0.00959403362706024,0
2024-08-23,0.0165994660635729,0.16419241403827,0.0821987007336802,0.331561415222811,0.396024223778577,0.00942378016308903,0
2024-08-26,0.0171006833620188,0.166900728881712,0.0854343415124546,0.340384332559678,0.380527149656477,0.00965276402765958,0
2024-08-27,0.0171896854603115,0.175801552238813,0.0834366408949495,0.349608958204411,0.362774054161278,0.011189109040236,0
2024-08-28,0.0159956116237558,0.174993658416417,0.0839276343050479,0.348341063208704,0.365542509087083,0.0111995233589916,0
2024-08-29,0.0246326450741935,0.190044226003363,0.077536717031376,0.313264810332921,0.31576944462451,0.0787521569336373,0
2024-08-30,0.0268065840514796,0.189794851863916,0.0740484286152672,0.31917327365924,0.313731413115756,0.0764454486943409,0
2024-09-01,0.0268010916686529,0.193111146025364,0.076106982667871,0.31106216140484,0.317538002272993,0.0753806159602789,1.73472347597681e-18
2024-09-02,0.0270215952222811,0.191016417228139,0.0764793993417337,0.310124698894064,0.319802654590427,0.0755552347233546,0
2024-09-04,0.0407283896004303,0.198774887644124,0.076855305134519,0.301051875838051,0.305016349995447,0.0775731917874289,0
2024-09-05,0.0492911150782874,0.199181023364543,0.0739831044144793,0.276682820405313,0.313643248265954,0.0872186884714226,0
2024-09-07,0.0601622848104544,0.194008119894045,0.0816510537372188,0.266343951386576,0.291972779422428,0.105861810749278,0
2024-09-08,0.0623732209107939,0.19977106561189,0.0803148099666173,0.269670899256738,0.28288213579246,0.104987868461501,0
2024-09-09,0.0635137531570287,0.205843337739846,0.0757587206381164,0.265724454596606,0.282412803266962,0.106746930601441,0
2024-09-10,0.0616623197088837,0.215382555076673,0.0661455675455035,0.276715499103796,0.269758225312166,0.110335833252979,6.93889390390723e-18
2024-09-12,0.0679094905278294,0.190389914866017,0.0704347772561839,0.265571289518507,0.294131161825753,0.111563366005709,0
2024-09-13,0.0693619501107283,0.188846524849414,0.0773865076298553,0.259620200408427,0.287068806731582,0.117716010269993,0
2024-09-16,0.0655226071382753,0.187619916623309,0.0760052572019754,0.257098597157741,0.291773653634689,0.12197996824401,0
2024-09-17,0.0652397425271265,0.186693395851296,0.0763682659604048,0.257400742121277,0.292661512736384,0.121636340803512,0
2024-09-18,0.0641177274544234,0.185010098951457,0.0754274736455549,0.255751808368026,0.296102014744613,0.123590876835925,0
2024-09-19,0.0695562244035953,0.174022751053549,0.077891816027079,0.249093465600104,0.288651030701257,0.140784712214415,0
2024-09-20,0.0681770986133761,0.174555924833328,0.0757247661932899,0.250857880376827,0.288230011788921,0.142454318194259,0
2024-09-23,0.144409547991347,0.115998637675472,0.100515941117017,0.246179326609131,0.230426299220007,0.162470247387027,0
2024-09-24,0.139136123149456,0.0957696064175834,0.102364406804105,0.258358286173941,0.245554082678232,0.158817494776683,0
2024-09-25,0.137953074604284,0.0905738591275322,0.0990863378862517,0.258267931621564,0.255609289306436,0.158509507453932,0
2024-09-26,0.148196717792357,0.0979873936734985,0.0975331809712364,0.24922418604568,0.253144903214897,0.153913618302332,0
2024-09-27,0.145650132568136,0.0988202873587996,0.0990689092844742,0.249738538143052,0.253216075540265,0.153506057105273,0
2024-09-30,0.139104246994223,0.0818128044657439,0.103011884757362,0.249056065169983,0.276377361357176,0.150637637255511,0
2024-10-01,0.143299587492185,0.0834971560397484,0.106774695628985,0.243090101316738,0.275124534849575,0.148213924672768,0
2024-10-04,0.143795602789301,0.0814454972101292,0.120547786984028,0.235422330088427,0.269308008092381,0.149480774835734,0
2024-10-05,0.149408483922024,0.079587925358936,0.120022603698283,0.226149445194062,0.283579843102406,0.141251698724289,0
2024-10-06,0.15957304082545,0.0611883952335584,0.119093620996453,0.234853774801696,0.283382388104029,0.141908780038813,0
2024-10-07,0.152351882318462,0.0921248138065944,0.11233275196646,0.233951226896267,0.265397809125825,0.143841515886391,0
2024-10-09,0.160200253723323,0.0976055877952511,0.127872697131137,0.21802559320954,0.252668592856635,0.143627275284114,0
2024-10-10,0.163369664204237,0.0944485753514047,0.137131254439034,0.212346344077895,0.255383311289517,0.137320850637914,0
2024-10-12,0.166831922255306,0.0951882301219832,0.138798920700471,0.211362202076924,0.252580700749592,0.135238024095722,0
2024-10-14,0.164447475701846,0.0999192941640067,0.136578987721319,0.211082826198809,0.252586028703458,0.135385387510561,0
2024-10-15,0.175581633384558,0.0871144726055415,0.126921719967149,0.246975043243767,0.251999287685951,0.111407843113033,0
2024-10-16,0.170316577028203,0.0861200940826297,0.121601847548819,0.257243059534164,0.255162378571268,0.109556043234916,0
2024-10-17,0.171006420679987,0.0937794953605325,0.120554756268558,0.26188967312016,0.250686565266066,0.102083089304696,0
2024-10-18,0.17444632166385,0.0861162579884761,0.123130689045307,0.258400736158408,0.258100447971271,0.0998055471726874,0
2024-10-21,0.16813734719057,0.0841212275104573,0.128092384263168,0.273520127243116,0.262616224464003,0.083512689328686,0
2024-10-22,0.16097577544434,0.0847680300500442,0.130602772576179,0.276353090629971,0.277292374395936,0.0700079569035302,0
2024-10-23,0.141983511109322,0.0970061417261832,0.114621107736516,0.287308319795408,0.263464528385359,0.095616391247212,0
2024-10-24,0.133039690806763,0.112904957656826,0.119497349119966,0.278337208337349,0.256488485481905,0.0997323085971902,0
2024-10-25,0.119577898847517,0.120362049982503,0.103294312576132,0.323346539186039,0.212343196499666,0.121076002908142,0
2024-10-29,0.10555014184346,0.132604961128211,0.099451838708156,0.294773047543868,0.236931773408737,0.130688237367569,0
2024-10-30,0.119188858997216,0.126384093802546,0.10013172154232,0.274044722852271,0.261106175513599,0.119144427292048,0
2024-10-31,0.105303755775052,0.146096884386615,0.127864792064193,0.239893279387386,0.242887628617342,0.137953659769414,0
2024-11-01,0.112175204627008,0.136781158507069,0.134684759203496,0.239688402944875,0.243563386213465,0.133107088504088,0
2024-11-03,0.101627244195233,0.145249134413454,0.140735213026799,0.229631586122816,0.250012474790415,0.132744347451283,0
2024-11-04,0.106949660628195,0.140756614094219,0.151914889821229,0.217576925178004,0.251932681041605,0.130869229236747,0
2024-11-06,0.129314507047511,0.108177123926926,0.22025274425747,0.126027286747696,0.29022921988232,0.125999118138077,0
2024-11-07,0.131007831438166,0.106936834001093,0.219088379290942,0.130583576285675,0.285179665996113,0.127203712988011,0
2024-11-09,0.125901652424369,0.124019359483835,0.206367581962197,0.176030210762615,0.259988816809101,0.107692378557883,0
2024-11-10,0.151030575080747,0.109371140377128,0.213756127611658,0.172806623221957,0.246592652586186,0.106442881122325,0
2024-11-12,0.15616735256862,0.108356068150935,0.201384998043587,0.164141450593653,0.256008804218214,0.113941326424991,0
2024-11-13,0.157478866010605,0.106892386160434,0.202751277665491,0.165657288783991,0.253621043034318,0.113599138345161,0
2024-11-14,0.15980753571554,0.105049343581957,0.202982292960166,0.169064712298067,0.24994903344114,0.11314708200313,0
2024-11-15,0.155254764096961,0.122487770996106,0.186107160961213,0.160468101337231,0.27796141299362,0.0977207896148692,0
2024-11-18,0.13209096816924,0.11874702663747,0.240018282671816,0.156574133012325,0.263111226824797,0.0894583626843503,0
2024-11-19,0.142045502149999,0.128749923235641,0.26061151361018,0.136589157670342,0.26491960946924,0.0670842938645983,0
2024-11-20,0.14433316981687,0.128430133008206,0.26101757929459,0.13715882652104,0.263240544933338,0.0658197464259552,0
2024-11-21,0.144429573054612,0.129529889825342,0.261769672112694,0.13628078217398,0.262741309713303,0.0652487731200692,0
2024-11-22,0.140826170639365,0.11968190361063,0.261460377021174,0.132271841017491,0.273448166434498,0.0723115412768423,0
2024-11-25,0.145770282588742,0.139438739462433,0.242138055010601,0.172176294805458,0.250117693400257,0.0503589347325092,0
2024-11-26,0.145924552554663,0.138447646049551,0.24380338136918,0.171423780036951,0.25161006781595,0.048790572173705,0
2024-11-27,0.152823070951085,0.147652678009982,0.255188549906652,0.147005247817024,0.25037404897959,0.0469564043356659,0
2024-11-29,0.151247107457029,0.150083289931186,0.25825198856744,0.136510297357624,0.253692047657279,0.0502152690294422,0
2024-12-01,0.155404531836412,0.152583692792314,0.257471774959997,0.128810174786619,0.252252009990953,0.0534778156337041,0
2024-12-02,0.165487279124993,0.14028155684146,0.280582598697291,0.133299761156644,0.236251062340823,0.0440977418387896,0
2024-12-03,0.161057386236525,0.140102645856877,0.30382845910907,0.119467009536662,0.237530414271739,0.0380140849891267,0
2024-12-04,0.145341951122666,0.15893703751751,0.277266419711314,0.128885583494239,0.251981219580992,0.0375877885732789,0
2024-12-06,0.145599440323343,0.154486272774053,0.289255341308313,0.129387123204231,0.244761205975932,0.0365106164141284,0
2024-12-07,0.147418479247772,0.147424867590786,0.290127423831715,0.138036413352876,0.238552516785355,0.0384402991914959,0
2024-12-08,0.149870494480709,0.150985533337646,0.282222168554792,0.138050987269299,0.243821848395432,0.0350489679621216,3.46944695195361e-18
2024-12-09,0.15298852156345,0.147258849045695,0.289869852304299,0.135303866527041,0.241564768798377,0.0330141417611368,0
2024-12-11,0.152413981317629,0.147998310247838,0.289644356689596,0.135247156989921,0.24195328757604,0.0327429071789749,0
2024-12-12,0.172762592504852,0.146243550334239,0.277941267997125,0.136514069329311,0.22724548440763,0.0392930354268436,0
2024-12-13,0.169145922383209,0.144578289084496,0.282141436787392,0.138753735252053,0.220603628015336,0.044776988477515,0
2024-12-16,0.169253325957399,0.14648213707048,0.281809486588934,0.135229000559168,0.221571881323504,0.0456541685005151,0
2024-12-17,0.172159494265506,0.147789011952122,0.282401289516436,0.145343661529743,0.224102610863694,0.0282039318724991,0
2024-12-18,0.149264577028611,0.133428628557301,0.332119066115925,0.135351464096633,0.234554619220294,0.0152816449812354,3.46944695195361e-18
2024-12-19,0.176211438920641,0.134527142505756,0.327844571276536,0.107624802034998,0.238634034382021,0.0151580108800472,0
2024-12-20,0.182819694068254,0.139635993405155,0.316898004533797,0.109251208142572,0.244223882899975,0.00717121695024807,0
2024-12-23,0.190214453282444,0.140721831088076,0.312650373033889,0.0980624634409655,0.247177652968372,0.0111732261862525,0
2024-12-27,0.189744165764254,0.138912128343346,0.31659105916218,0.0961553712193586,0.239594685737888,0.0190025897729727,0
2024-12-30,0.185281286470577,0.138483208158625,0.32281159480374,0.0952299329138357,0.238456023177732,0.0197379544754907,0
2025-01-04,0.173862399036841,0.13153034860669,0.344350423285597,0.101646916204441,0.239460707418162,0.00914920544826962,0
2025-01-07,0.164910896670017,0.137187971836357,0.362962730623392,0.0888942166303107,0.241401378246706,0.00464280599321789,0
2025-01-08,0.173543102758489,0.115315736894677,0.380320689241966,0.0857042860814491,0.238204277180524,0.00691190784289517,0
2025-01-10,0.168672756319146,0.112936983090691,0.384472717661283,0.0940572077933928,0.227113011875368,0.0127473232601181,0
2025-01-13,0.167014116055377,0.114095962578625,0.381936709400711,0.0987879564629774,0.226984228307812,0.0111810271944975,0
2025-01-14,0.166899920416658,0.105883761823025,0.375137922771675,0.110037271988581,0.227882170779935,0.0141589522201268,0
2025-01-15,0.170212517583125,0.104888667933331,0.375797181283489,0.108856140465999,0.226013094732258,0.0142323980017989,0
2025-01-16,0.173670110823844,0.109913291970044,0.372570917641856,0.113742526078865,0.217017406092677,0.0130857473927133,0
2025-01-17,0.172103238159771,0.109927984498266,0.373211893171988,0.115044769638749,0.216732011342926,0.0129801031883003,0
2025-01-21,0.173528782189301,0.10666092784837,0.372066815783813,0.114291852046726,0.21750159253756,0.0159500295942308,0
2025-01-22,0.172521246125085,0.104550831423821,0.372120151637687,0.115334961591493,0.218425254092644,0.01704755512927,0
2025-01-23,0.171002529682839,0.102359969301648,0.375067112426367,0.11442598348589,0.219644351561563,0.0175000535416928,0
2025-01-27,0.164305679981685,0.102715205751474,0.380885162595518,0.113706088160166,0.217274383115359,0.0211134803957969,0
2025-01-28,0.160190320337402,0.106726966120918,0.370966677814167,0.118578944935463,0.228134197214965,0.0154028935770854,0
2025-01-29,0.15662295106243,0.1045412799445,0.373372611294491,0.115488288855424,0.231880498677662,0.0180943701654929,0
2025-01-30,0.149390128928673,0.104732077324434,0.372041356350271,0.122747140689999,0.233887048097143,0.0172022486094808,0
2025-01-31,0.13623226774866,0.116550100427156,0.369704192431819,0.140085948466236,0.220927806521262,0.0164996844048668,0
2025-02-04,0.131407122075745,0.127327371203721,0.361847505797375,0.166465135022714,0.197135520012752,0.0158173458876937,0
2025-02-05,0.12543464658667,0.123512264485767,0.365245818729027,0.168216912555072,0.201939368652241,0.0156509889912229,0
2025-02-06,0.144242623020199,0.124706919547743,0.348275088724986,0.150172921727045,0.207531639927443,0.0250708070525838,0
2025-02-07,0.148208631605347,0.143708682375682,0.334736092755347,0.135517139929006,0.21029781603932,0.0275316372952981,0
2025-02-09,0.14441782555986,0.142551988616421,0.335876645793512,0.140042798590666,0.209624543276715,0.0274861981628269,0
2025-02-10,0.147567737913912,0.153564414911515,0.325204836705659,0.150030732171331,0.209077875571564,0.0145544027260193,0
2025-02-12,0.159419604160739,0.137543759177037,0.306191172427624,0.179515040391678,0.178471761661544,0.0388586621813795,0
2025-02-13,0.141701584913566,0.16443189501325,0.318405924440035,0.159768124342066,0.165207887942587,0.0504845833484955,0
2025-02-14,0.141144458681675,0.164478442402019,0.315761380453172,0.159023103095912,0.159451164126359,0.0601414512408628,0
2025-02-18,0.144454781468388,0.161552265948841,0.322224295034289,0.16842881753458,0.147767377799414,0.0555724622144885,0
2025-02-19,0.142991582271751,0.166161201839178,0.323891141621211,0.177898374319782,0.131544417755817,0.0575132821922613,0
2025-02-20,0.140101234782796,0.172918159209432,0.339487818171037,0.16862035259024,0.127005466281596,0.0518669689648985,0
2025-02-21,0.147368257362297,0.182194010005868,0.334201658859147,0.166997751095296,0.118933357006003,0.0503049656713882,0
2025-02-24,0.139218122721038,0.184659573235645,0.330953705631836,0.171095302405486,0.123920042951366,0.0501532530546293,0
2025-02-25,0.138918118910026,0.181736152923845,0.333788951283095,0.171861847224395,0.123527837783473,0.0501670918751649,0
2025-02-26,0.156733431254289,0.185141946051487,0.349215571854088,0.150363056649202,0.115010039851994,0.0435359543389406,0
2025-02-27,0.140634950659881,0.228714261549046,0.365325677620243,0.125208148196558,0.112750531815268,0.0273664301590029,0
2025-02-28,0.16282643047163,0.234709056711624,0.364912759739795,0.123631661008504,0.0900786901767737,0.0238414018916744,1.38777878078145e-17
2025-03-01,0.157961002020201,0.258517211176764,0.353769748415145,0.110464201012219,0.105883443522196,0.0134043938534751,0
2025-03-02,0.134585701535334,0.258972677430979,0.361563958815277,0.124425760110095,0.106149084363419,0.0143028177448961,0
2025-03-04,0.136354759954346,0.231414035645287,0.395464105834253,0.1326104886319,0.104156609934215,0,0
2025-03-06,0.13818281615926,0.226050699184925,0.403116953894796,0.127672425988112,0.104977104772906,0,0
2025-03-07,0.142314752753254,0.227947276360251,0.404322955912286,0.120409616432387,0.105005398541822,0,0
2025-03-09,0.139446609264263,0.232777466546878,0.414007087319189,0.104180623355771,0.109588213513899,0,0
2025-03-10,0.131415450439517,0.240202308980627,0.406775000921543,0.117096132205212,0.1045111074531,0,0
2025-03-11,0.130688189343866,0.241322345822614,0.406238554713139,0.117285254073807,0.104465656046574,0,0
2025-03-12,0.136198888599394,0.240231292070103,0.408807062229232,0.105936806491444,0.108825950609827,0,0
2025-03-13,0.140362309678231,0.238346848279835,0.405163972716023,0.107610201133521,0.10851666819239,0,0
2025-03-14,0.145923344295718,0.229787110765547,0.405117314882815,0.130603136346071,0.0885690937098498,0,0
2025-03-17,0.152961764080351,0.21025376802338,0.406116477618729,0.116196721790464,0.114471268487077,0,0
2025-03-18,0.145525907145512,0.20174833367995,0.409880909056594,0.12469749788332,0.118147352234624,0,4.40305873164657e-19
2025-03-19,0.141695435017478,0.205424310255472,0.401475267073879,0.132744488497826,0.118660499155344,0,0
2025-03-20,0.156652825513234,0.195276443882299,0.401819222883359,0.123683496473014,0.122568011248094,0,0
2025-03-21,0.150176565464295,0.221607216258793,0.42265169114005,0.107295250284936,0.0982692768519261,0,0
2025-03-24,0.132892775383541,0.244496983201895,0.43370636956927,0.0983284552308908,0.090575416614403,0,2.98945787881971e-18
2025-03-26,0.138681048841182,0.238561112352369,0.434256617425472,0.0950934565230837,0.0934077648578941,0,0
2025-03-27,0.135326154164313,0.238183525475312,0.418563950250285,0.109641425103131,0.0982849450069583,0,2.76893516138126e-18
2025-03-28,0.114038343800168,0.263377075812731,0.36349925128648,0.177961553326753,0.081123775773868,0,0
2025-03-31,0.0889692727369217,0.272025996688571,0.377676602836491,0.187723022914477,0.0736051048235395,0,3.27976055431827e-18
2025-04-02,0.0989011472724363,0.23707820781279,0.374960595970819,0.202881392683183,0.0861786562607712,0,1.58315405576316e-18
2025-04-03,0.12025148603,0.229194896158052,0.398239250062849,0.190997583823595,0.0613167839255038,0,0
2025-04-04,0.0881983551629039,0.213983941380843,0.495663285497249,0.182136542446413,0.0200178755125914,0,0
2025-04-06,0.0863468564067053,0.215051720299736,0.499981480557324,0.180606575353885,0.0180133673823493,0,9.62347031447789e-18
2025-04-08,0.0695427519060594,0.221365351138176,0.509720845834558,0.189278027790102,0.0100930233311053,0,0
2025-04-09,0.0707561750976107,0.217992647424082,0.497815119654407,0.205923854408279,0.00751220341562158,0,8.06200181017841e-19
2025-04-11,0.071395811400112,0.21762475398516,0.497445759714419,0.207126843852492,0.00640683104781738,0,7.5553505019463e-18
2025-04-12,0.0781568581019779,0.205430624235456,0.465862117731912,0.235143586357338,0.015406813573316,0,5.01375046555376e-18
2025-04-14,0.0684684081386427,0.202246624659835,0.478628295418931,0.243908166727364,0.00674850505522717,0,0
2025-04-15,0.0710124421740284,0.196882480292724,0.488220788137618,0.24187928586773,0.00200500352789934,0,6.1871183382539e-18
2025-04-16,0.0709497869437162,0.204433749589834,0.485055727548234,0.239560735918217,0,0,6.13960340076634e-18
2025-04-17,0.0747548589268926,0.195331684673394,0.51843420912831,0.211479247271404,0,1.62571321342982e-21,1.87950009963469e-18
2025-04-22,0.0596543048446964,0.198715411200129,0.508117456542519,0.226356691542764,0.00715613586989154,3.46944695195361e-18,4.75084875451496e-19
2025-04-23,0.0648700057005321,0.192013527803015,0.48388540196639,0.259231064530062,0,5.78670443239764e-22,3.06278627193106e-17
2025-04-24,0.0664845876542829,0.179923479088693,0.473507901227547,0.280084032029477,0,0,9.91702175744241e-18
2025-04-25,0.0675260255864556,0.178221112068913,0.477710139943876,0.276542722400756,0,0,0
2025-04-28,0.0654122457620602,0.180348055766084,0.478073501717543,0.276166196754313,0,1.77393577294355e-20,3.74355030573745e-18
2025-04-29,0.065725817210567,0.179902941709012,0.478293617989386,0.276077623091035,0,2.15836947068737e-21,0
2025-04-30,0.0744739904909641,0.164072851036451,0.506773016834612,0.254680141637973,0,0,0
2025-05-02,0.0742788103880247,0.164876709463458,0.504945201984561,0.255899278163956,0,0,0
2025-05-03,0.077570483787832,0.150336894410801,0.502321184480936,0.269771437320432,0,3.69519993467675e-19,8.9898562375211e-18
2025-05-05,0.0842871992984549,0.148499634715901,0.538220766985723,0.226464885187483,0.00252751381243848,0,0
2025-05-06,0.0900646617959398,0.142365664494119,0.551596536527948,0.215973137181993,4.33680868994202e-19,0,0
2025-05-08,0.0959482150724963,0.135572485151937,0.554946796834439,0.213532502941128,0,0,5.98084039252969e-18
2025-05-09,0.0961360310595812,0.135320109721273,0.554317550214625,0.214226309004521,0,4.16770498903749e-20,8.89188007032382e-18
2025-05-11,0.0971181542860161,0.13548297936545,0.553882290533165,0.213516575815369,0,6.55860434673079e-20,0
2025-05-12,0.09845883730189,0.132904932203844,0.554044832385807,0.214591398108459,0,0,1.97508403409575e-17
2025-05-13,0.1040999038975,0.13357120505374,0.537747272893341,0.224581618155418,0,1.27028159533754e-21,0
2025-05-14,0.0975397172895733,0.127500617796249,0.522613423751548,0.25234624116263,0,0,0
2025-05-15,0.0917926057698402,0.128305573260246,0.507449249174642,0.272452571795272,0,0,0
2025-05-16,0.0919649444909986,0.144178923330618,0.536957769317734,0.22689836286065,0,2.30590867569468e-18,2.00748731412446e-17
2025-05-19,0.109654340238467,0.213871034116869,0.524136177319886,0.152338448324778,0,2.66945689043807e-19,0
2025-05-20,0.102902901398646,0.218681615290737,0.514155904206799,0.164259579103818,0,1.85821606036883e-18,6.47325343606925e-18
2025-05-21,0.0998162040284506,0.224368310095507,0.510712206850012,0.16510327902603,0,1.57496805599816e-19,0
2025-05-22,0.106268569289201,0.227800054966902,0.500018895197982,0.165912480545915,0,0,6.265624107355e-18
2025-05-23,0.105189656954897,0.222278672219181,0.485948331121895,0.186583339704027,0,0,0
2025-05-27,0.0904605746234762,0.246497993353519,0.475169531348614,0.187871900674391,0,1.51811984606148e-18,1.64624768754229e-19
2025-05-28,0.0945891602139798,0.243836521263808,0.472160984664508,0.189413333857704,0,0,0
2025-05-29,0.0973967041546779,0.242165132342926,0.467554851102046,0.19288331240035,0,1.23226570535435e-18,5.85073480923699e-18
2025-05-30,0.103528683640058,0.241922301393393,0.467224863275476,0.187324151691073,0,0,1.72860624396557e-17
2025-06-02,0.104386215229135,0.234249437321488,0.477864285025349,0.183500062424028,0,0,1.54259434388062e-17
2025-06-03,0.114725267746797,0.219000016511868,0.492340785148165,0.17393393059317,0,0,0
2025-06-05,0.108619780447608,0.234187270099444,0.480365326378364,0.176827623074584,1.73472347597681e-18,3.98767332564183e-19,0
2025-06-06,0.108114677989149,0.234472689103348,0.480625415892569,0.176787217014934,0,0,9.65224860040613e-18
2025-06-08,0.109260806593717,0.23410913336951,0.480503939278533,0.176126120758241,0,3.98003314069284e-19,0
2025-06-10,0.111572189278158,0.224499029970677,0.486112111645034,0.17781666910613,0,0,1.56595100026063e-17
2025-06-11,0.112780805878122,0.225110881496864,0.487777341866564,0.174330970758449,0,1.41899636654479e-17,1.1334074840153e-17
2025-06-13,0.114939130880055,0.224196852674074,0.536799624911599,0.124064391534272,3.46944695195361e-18,4.99197165217051e-19,1.02208846976966e-18
2025-06-16,0.115843695987487,0.21707171970718,0.51030171618565,0.156782868119683,0,0,0
2025-06-17,0.11457985594615,0.220938438517721,0.502790888900974,0.161690816635154,0,0,1.73782923935207e-17
2025-06-18,0.114959946250058,0.224582001281267,0.495356753443888,0.165101299024786,0,7.78588771255095e-19,0
2025-06-20,0.109940199920123,0.232300094323825,0.498125994997443,0.159633710758609,0,3.66384202798224e-19,0
2025-06-23,0.117845788714952,0.227758813340589,0.503824919572263,0.150570478372196,0,1.38900487929182e-17,0
2025-06-24,0.111483655228366,0.22039412474346,0.50902598576249,0.159096234265685,0,3.91683904186919e-19,1.04271162252758e-17
2025-06-30,0.114364767316678,0.198974299207292,0.522372078032258,0.164288855443773,0,0,0
2025-07-02,0.1168181520091,0.197239699210621,0.518548354524981,0.167393794255298,0,2.80500456970446e-20,1.7059091274204e-17
2025-07-03,0.116977464395511,0.196597112135068,0.520627542205407,0.165797881264014,0,6.75571338742926e-20,0
2025-07-04,0.0528184546402287,0.236716957033355,0.53529889414269,0.174866684916124,0.000299009267602137,0,0
2025-07-05,0.0562020228306172,0.230873286191694,0.533885364995038,0.17404608688603,0.00499323909662006,0,0
2025-07-07,0.0564918988220205,0.22989678129284,0.532741036211919,0.174046102676425,0.0068241809967959,0,1.34641791739104e-17
2025-07-08,0.0580233063068558,0.234256324054627,0.531052853426995,0.171639953000129,0.00502756321139338,0,0
2025-07-10,0.060693178374032,0.230268854533981,0.533686704495874,0.16724817991703,0.00810308267908261,0,0
2025-07-11,0.0573690143679968,0.226837770561716,0.526580701280712,0.176659627334881,0.0125528864546939,0,1.14990843369e-17
2025-07-14,0.0568186959769889,0.230128575246044,0.529317010460752,0.172245142030677,0.0114905762855377,0,1.64922168897243e-18
2025-07-15,0.0610305457861779,0.226893352945853,0.530334164492295,0.17247834282789,0.00926359394778505,0,4.4643835700712e-18
2025-07-16,0.0610485855426481,0.230088352337707,0.523284240790813,0.177536689722449,0.00804213160638265,0,2.44295887574081e-18
2025-07-17,0.0576198780726476,0.231321467134438,0.535903720612914,0.164627713489202,0.0105272206907986,0,0
2025-07-18,0.0575272334663089,0.23088630769376,0.535894497538259,0.165242888402675,0.0104490728989966,0,0
2025-07-21,0.03473428393994,0.20561178272339,0.539755034928078,0.171563076822224,0.0483358215863684,0,0
2025-07-22,0.0415101137965865,0.186681974261265,0.549251198738968,0.175551916436484,0.0470047967666971,0,0
2025-07-23,0.0526031985061829,0.185581962758598,0.548665955515677,0.170280095621578,0.0428687875979641,0,2.37844278031849e-18
2025-07-24,0.0515427398966795,0.221063295291753,0.528388724855508,0.168711672188116,0.0302935677679431,0,0
2025-07-25,0.0514270091784544,0.222682658045577,0.526898288742641,0.16980662905106,0.0291854149822679,0,1.7895948986897e-18
2025-07-28,0.0519103131076058,0.217348814213718,0.528754062703654,0.170299833219747,0.031686976755275,0,6.6046784416857e-19
2025-07-29,0.0486596228353612,0.214622275838927,0.520009453887502,0.182428718178107,0.0342799292601037,0,8.16749687109053e-19
2025-07-30,0.0485339512866662,0.21553342961697,0.519625404733574,0.180859042438977,0.0354481719238122,0,3.39167226322826e-19
2025-07-31,0.0449557293683294,0.219694161177545,0.519301018887356,0.181523801526266,0.0345252890405039,0,0
2025-08-01,0.0460818766943796,0.213280638710306,0.511431144838033,0.190585506724064,0.0386208330332183,0,0
2025-08-04,0,0.279208830621071,0.502344587533144,0.184770654874374,0.0336759269714111,1.91919475648704e-18,0
2025-08-05,0,0.280636053944417,0.505402033861047,0.169925218991338,0.0440366932031983,0,2.11120912129184e-18
2025-08-07,0,0.306076492932128,0.49658213229986,0.177180728287339,0.0201606464806737,0,4.90234313320475e-18
2025-08-08,0,0.305918771259061,0.501502072100528,0.17300314897875,0.0195760076616619,9.33084657725253e-19,0
2025-08-09,0,0.298643924713471,0.507580617421248,0.168686802519771,0.0250886553455101,0,8.04485615811387e-19
2025-08-10,0,0.302829588758002,0.502850703683977,0.16947131688822,0.0248483906698006,1.12563376071469e-18,0
2025-08-12,0,0.298436150913293,0.488435795820311,0.184419338286103,0.028708714980293,1.55279256552752e-19,0
2025-08-13,0.00392153958072889,0.287398115042058,0.488309227202345,0.186575140933293,0.0337959772415755,0,1.77614222022409e-20
2025-08-14,0.0022408675828456,0.295124958228245,0.486610531948191,0.186558192788526,0.029465449452192,0,2.55683924349533e-20
2025-08-18,0,0.298132508718518,0.497163104317372,0.178638652698096,0.0257571473381763,0.000308586927838159,0
2025-08-19,0,0.296930986425584,0.493138276527528,0.179137551434221,0.0279055489801912,0.00288763663247605,1.30996358011661e-17
2025-08-20,0.00817144152654282,0.292254023784553,0.478794459746402,0.182312288631204,0.0321482517917992,0.00631953451949885,0
2025-08-21,0.00886247027757952,0.315128499693952,0.458029947128424,0.187064742087163,0.0208598412458918,0.0100544995669899,0
2025-08-22,0,0.321783226572111,0.434923510382014,0.20454592250516,0.0387473405407154,0,6.54004979756511e-18
2025-08-25,0.00986663674351581,0.313629950468223,0.369054921148769,0.195013998151023,0.0570039054780155,0.0398194903972759,0.0156110976131782
2025-08-26,0,0.287622622672773,0.397548885084443,0.184595515921998,0.0672816158479351,0.050664752386809,0.0122866080860417
2025-08-27,0.00123532766906452,0.290759527255224,0.382847274830107,0.193834790732991,0.0621694110592988,0.0496202929233796,0.0195333755299343
2025-08-28,0,0.302111027335667,0.391056709758452,0.181477681884118,0.0636258502056349,0.0491588154283275,0.0125699153878005
2025-08-29,0,0.301236351339518,0.391189504570185,0.180723394119021,0.0637114645208412,0.05001752670597,0.0131217587444655
2025-09-04,0,0.256471253077127,0.419531252779536,0.145458151901432,0.0492775336938418,0.0602589377976519,0.0690028707504114
2025-09-05,0,0.271706092718955,0.39871978211688,0.146098584006282,0.0568865645763904,0.063338804947296,0.0632501716341973
2025-09-07,0,0.280213992853701,0.393394731015547,0.154262757217581,0.0613800004497793,0.0657319038862984,0.0450166145770938
2025-09-09,0,0.279800381233868,0.393580719074034,0.154328098905213,0.0616178595802484,0.0658643176595704,0.0448086235470662
2025-09-10,0,0.277871490585692,0.393537329978861,0.152402481359071,0.0622328269997627,0.0637975642049278,0.0501583068716848
2025-09-12,0,0.286866091277007,0.395993824076976,0.151293328663509,0.0606865493410802,0.0671413933761828,0.0380188132652459
2025-09-15,0,0.296427468730226,0.409121264375544,0.120376835340869,0.0595955622365823,0.0832819574693346,0.0311969118474439
2025-09-16,0,0.309401381482776,0.399588890234311,0.12838992020504,0.0547931431080239,0.0836173102523805,0.0242093547174692
2025-09-17,0,0.307680654722734,0.399612208800995,0.130658663523321,0.0630646984126702,0.0840452263663422,0.0149385481739378
2025-09-18,0,0.307390740888119,0.39994549033141,0.131618702631981,0.061324280559165,0.0829127901606263,0.0168079954286983
2025-09-19,0,0.31569171885445,0.403052242926534,0.124768019869898,0.0561596564681432,0.0833270306147841,0.0170013312661898
2025-09-22,0,0.284579936000678,0.410540069665828,0.109584736128452,0.0672012274162217,0.089633646504006,0.0384603842848146
2025-09-23,0,0.296579654469872,0.397921971745796,0.115635242280685,0.0723926668916313,0.0956594037712227,0.021811060840792
2025-09-24,1.73472347597681e-18,0.258747461278315,0.393770962893412,0.0850106850749978,0.0826112208809285,0.0904080594196988,0.0894516104526475
2025-09-25,0,0.267655029777666,0.366610079790739,0.102434242458909,0.0191764199586027,0.136899857209165,0.107224370804919
2025-09-26,0,0.267736534812955,0.363691909344765,0.106285769743217,0.0204869881805799,0.13277887820553,0.109019919712952
2025-09-29,0,0.26960037785555,0.363938718004409,0.106350254304631,0.0201466677947737,0.133509732165776,0.10645424987486
2025-09-30,0,0.263699172285226,0.361344701547743,0.103606706208247,0.0287508968905568,0.130190918022216,0.11240760504601
2025-10-01,0,0.264632165325197,0.355408602826123,0.104023853123618,0.0284833909205095,0.142291092653246,0.105160895151307
2025-10-02,3.46944695195361e-18,0.262156549855225,0.345290731983814,0.111029149919727,0.0323850391775057,0.141649370093414,0.107489158970315
2025-10-03,0,0.274189355995217,0.369123027757003,0.10474172255074,0.0156951222662992,0.147953096637104,0.0882976747936377
2025-10-04,0,0.294880550269955,0.43141412431402,0.0838142669141263,0.0289924323389376,0.148425048377096,0.0124735777858655
2025-10-06,0,0.294177384478671,0.400380927616442,0.114807063805467,0.0149486561085022,0.173464994891979,0.00222097309893886
2025-10-07,9.87325973217021e-21,0.28495522420669,0.400282150487584,0.133269617674671,0.0280886794140986,0.153404328216958,0
2025-10-09,0,0.164268370435162,0.427221199913592,0.20672947245938,0.0247475503449486,0.118161244156998,0.0588721626899188
2025-10-10,0,0.162117946799382,0.425240206218881,0.210006230208215,0.025122315556133,0.116989811819581,0.0605234893978081
2025-10-11,0,0.141722257992595,0.437195185724752,0.208707919053899,0.0337211173673452,0.116767334256556,0.0618861856048533
2025-10-12,0,0.139252111497487,0.445851745508436,0.211793911993029,0.029579375094576,0.119785263912148,0.0537375919943241
2025-10-13,0,0.134233581416717,0.444773328824157,0.207395460684269,0.0434548669752797,0.106710195459598,0.0634325666399791
2025-10-14,0,0.135194492689895,0.439073685460158,0.211249983464441,0.0419453355039533,0.109686934473822,0.0628495684077312
2025-10-15,0,0.13777754233786,0.445125832503049,0.203982548085288,0.0466332563879925,0.107337609989464,0.0591432106963469
2025-10-16,0,0.139293330147182,0.45032701987873,0.200650859875412,0.0486914922402872,0.105156527474745,0.0558807703836439
2025-10-17,0,0.11792063768234,0.465031874531243,0.205559539229344,0.042393468029858,0.108955845026392,0.0601386355008228
2025-10-20,0,0.0847655758829659,0.433628160531762,0.17759508653789,0.0745821761639896,0.166647124381438,0.0627818765019546
2025-10-21,0,0.0978625716086252,0.423228347961196,0.178277098467953,0.0824487683221889,0.165506940371768,0.0526762732682696
2025-10-22,0,0.0977289577602647,0.428314702624745,0.197881283597569,0.0248389177927542,0.191658520605728,0.059577617618939
2025-10-23,0,0.0977696227576141,0.430512783684751,0.195884558893188,0.0274441616400794,0.190264457892401,0.0581244151319668
2025-10-24,0,0.101601852677725,0.431759947516259,0.195832290158981,0.0325616885342259,0.18685816898189,0.0513860521309188
2025-10-27,0,0.115042281243119,0.423322173403762,0.190266750295585,0.0336513874154889,0.194383792652818,0.0433336149892276
2025-10-29,0,0.117533635279081,0.410252897074688,0.20067612347594,0.0340438960959705,0.196267785843128,0.0412256622311931
2025-10-30,0,0.115590728886076,0.37956554108125,0.245888595080588,0.0277267082802891,0.190311106841622,0.0409173198301751
2025-10-31,0,0.120133589157936,0.409297565817019,0.199098285181317,0.0359481329641138,0.186338358052154,0.0491840688274596
2025-11-02,0,0.116611441413381,0.41567409599409,0.20308691958715,0.0239274575592515,0.191086469193408,0.04961361625272
2025-11-03,0,0.107585510365958,0.43799442385378,0.189609837153899,0.0329210168797507,0.186064935049137,0.0458242766974749
2025-11-04,0,0.0983873566356187,0.441768326074928,0.193621550286993,0.0286884295895991,0.190934446280272,0.0465998911325891
2025-11-06,0,0.100650613935475,0.411212036805208,0.225285349210792,0.0200940686082867,0.197635324477354,0.0451226069628846
2025-11-07,0,0.0999147018165824,0.412642330772439,0.229677516806725,0.0208146372870162,0.197246884424779,0.0397039288924583
2025-11-08,0,0.0950351400208654,0.41325970775642,0.233590501122293,0.0243464019262417,0.194204243505045,0.039564005669135
2025-11-09,0,0.0964702794370345,0.418936843041767,0.229172324797753,0.0142246096306671,0.194942516966538,0.04625342612624
2025-11-12,0,0.0951841898159443,0.418128377576007,0.232718252689363,0.0144599707016343,0.196824877354819,0.0426843318622328
2025-11-13,0,0.0951969158146359,0.421048469092623,0.239291892635661,0.0514361279678498,0.15416364357322,0.0388629509160103
2025-11-14,1.38777878078145e-17,0.0930542302560731,0.420586379803441,0.242867587357713,0.0454049617077917,0.151118488335843,0.0469683525391379
2025-11-17,0,0.0908468529070917,0.42347790408482,0.246024535743814,0.0423606871511766,0.150202430807213,0.0470875893058842
2025-11-18,0,0.0783601050430967,0.428875221915284,0.241505126990686,0.0354938803458332,0.160666543292584,0.055099122412516
2025-11-19,0,0.0840808474849761,0.417788903822259,0.241293528226857,0.0457803826140821,0.167279211092622,0.0437771267592029
2025-11-20,0,0.0875251000354894,0.417100631920753,0.240540441149042,0.0435445980439308,0.166661272282313,0.0446279565684719
2025-11-21,0,0.090613673279811,0.417901095309851,0.248173575258648,0.0408679111977749,0.156014195239983,0.0464295497139322
2025-11-24,0,0.0911888327950358,0.417722474501503,0.248228540179196,0.0424535491592138,0.156455352548872,0.0439512508161801
2025-11-25,0,0.0862334933051538,0.419970730906875,0.260980520869684,0.0603941895744249,0.142481201472,0.0299398638718622
2025-11-26,0,0.0860545434661384,0.384451949819018,0.319503642743003,0.0560535000632349,0.13173502062072,0.022201343287886
2025-11-28,0,0.0863984033495894,0.380288978374052,0.322627100507996,0.052863383398605,0.134986641577865,0.0228354927918921
2025-12-02,1.38777878078145e-17,0.0857602795673016,0.380687856138559,0.322385390040458,0.0527027679528242,0.134911253811424,0.0235524524894335
2025-12-03,0,0.0864747351069943,0.381560448358821,0.323107121017617,0.0546075510479148,0.132609956200395,0.0216401882682574
2025-12-05,0,0.0877311873034679,0.360122713584879,0.337554014126103,0.0512874677986681,0.130721177766511,0.0325834394203716
2025-12-06,0,0.0880531161079162,0.352095706827408,0.34202108870824,0.0585654319336506,0.129411268671412,0.0298533877513731
2025-12-08,0,0.0895375932131198,0.349643072017996,0.336487117293886,0.0507782856679979,0.136740624302128,0.0368133075048715
2025-12-09,0,0.0913859250006267,0.348883999087133,0.335983967363278,0.0510450004960449,0.137404731115855,0.0352963769370614
2025-12-11,0,0.0877293765084136,0.334853833746925,0.333696050135945,0.0590672013273637,0.154551256081271,0.030102282200082
2025-12-12,0,0.0901249014742552,0.334375083182455,0.340984430801687,0.0451920583551136,0.157729574860357,0.0315939513261325
2025-12-15,0,0.0900275284041142,0.334810861834875,0.341678649350574,0.0444398148744593,0.158771791605539,0.0302713539304389
2025-12-16,0,0.0986180317598525,0.320558733852143,0.350870816398966,0.0363246804715867,0.169697474649159,0.0239302628682935
2025-12-17,0,0.0518611971806023,0.317570444323903,0.397592617822877,0.0185013706813323,0.179031344441756,0.0354430255495302
2025-12-18,0,0.049586844042249,0.306410885512036,0.443019220445326,0.00374992470684141,0.174072866320597,0.0231602589729494
2025-12-19,0,0.0511296492018874,0.302785234331917,0.439967407041795,0,0.181869245926301,0.0242484634980999
2025-12-22,0,0.0577284914106886,0.286657446545016,0.446624659261067,0.00158959757620037,0.18105944478158,0.0263403604254484
2025-12-23,0,0.057083805257126,0.277182599081944,0.456213607687388,0.00113924261139514,0.181754886736283,0.026625858625863
2025-12-29,6.94899265275199e-18,0.0565433513706025,0.277831054776821,0.455754858074447,0,0.180159282677606,0.029711453100524
2025-12-30,2.32555710143393e-19,0.0647454864799094,0.260726535660787,0.480589021535739,0,0.181939123849938,0.0119998324736263
