date,AlphaBank,BNPPariBas,BRD,BT,Erste,ING,Unicredit
20010103,NA,NA,NA,NA,NA,NA,NA
20010106,NA,NA,NA,NA,NA,NA,NA
20010108,NA,NA,NA,NA,NA,NA,NA
20010110,NA,NA,NA,NA,NA,NA,NA
20010116,NA,NA,NA,NA,NA,NA,NA
20010119,NA,NA,NA,NA,NA,NA,NA
20010122,NA,NA,NA,NA,NA,NA,NA
20010123,NA,NA,NA,NA,NA,NA,NA
20010124,NA,NA,NA,NA,NA,NA,NA
20010125,NA,NA,NA,NA,NA,NA,NA
20010126,NA,NA,NA,NA,NA,NA,NA
20010129,NA,NA,NA,NA,NA,NA,NA
20010130,NA,NA,NA,NA,NA,NA,NA
20010131,NA,NA,NA,NA,NA,NA,NA
20010203,NA,NA,NA,NA,NA,NA,NA
20010207,NA,NA,NA,NA,NA,NA,NA
20010208,NA,NA,NA,NA,NA,NA,NA
20010210,NA,NA,NA,NA,NA,NA,NA
20010211,NA,NA,NA,NA,NA,NA,NA
20010213,NA,NA,NA,NA,NA,NA,NA
20010214,NA,NA,NA,NA,NA,NA,NA
20010220,NA,NA,NA,NA,NA,NA,NA
20010221,NA,NA,NA,NA,NA,NA,NA
20010222,NA,NA,NA,NA,NA,NA,NA
20010223,NA,NA,NA,NA,NA,NA,NA
20010227,NA,NA,NA,NA,NA,NA,NA
20010228,NA,NA,NA,NA,NA,NA,NA
20010307,NA,NA,NA,NA,NA,NA,NA
20010308,NA,NA,NA,NA,NA,NA,NA
20010310,NA,NA,NA,NA,NA,NA,NA
20010312,NA,NA,NA,NA,NA,NA,NA
20010313,NA,NA,NA,NA,NA,NA,NA
20010314,NA,NA,NA,NA,NA,NA,NA
20010315,NA,NA,NA,NA,NA,NA,NA
20010316,NA,NA,NA,NA,NA,NA,NA
20010319,NA,NA,NA,NA,NA,NA,NA
20010320,NA,NA,NA,NA,NA,NA,NA
20010321,NA,NA,NA,NA,NA,NA,NA
20010322,NA,NA,NA,NA,NA,NA,NA
20010323,NA,NA,NA,NA,NA,NA,NA
20010326,NA,NA,NA,NA,NA,NA,NA
20010327,NA,NA,NA,NA,NA,NA,NA
20010328,NA,NA,NA,NA,NA,NA,NA
20010329,NA,NA,NA,NA,NA,NA,NA
20010405,NA,NA,NA,NA,NA,NA,NA
20010409,NA,NA,NA,NA,NA,NA,NA
20010410,NA,NA,NA,NA,NA,NA,NA
20010412,NA,NA,NA,NA,NA,NA,NA
20010417,NA,NA,NA,NA,NA,NA,NA
20010418,NA,NA,NA,NA,NA,NA,NA
20010419,NA,NA,NA,NA,NA,NA,NA
20010420,NA,NA,NA,NA,NA,NA,NA
20010423,NA,NA,NA,NA,NA,NA,NA
20010424,NA,NA,NA,NA,NA,NA,NA
20010425,NA,NA,NA,NA,NA,NA,NA
20010426,NA,NA,NA,NA,NA,NA,NA
20010427,NA,NA,NA,NA,NA,NA,NA
20010503,NA,NA,NA,NA,NA,NA,NA
20010506,NA,NA,NA,NA,NA,NA,NA
20010507,NA,NA,NA,NA,NA,NA,NA
20010509,NA,NA,NA,NA,NA,NA,NA
20010510,NA,NA,NA,NA,NA,NA,NA
20010512,NA,NA,NA,NA,NA,NA,NA
20010514,NA,NA,NA,NA,NA,NA,NA
20010515,NA,NA,NA,NA,NA,NA,NA
20010516,NA,NA,NA,NA,NA,NA,NA
20010517,NA,NA,NA,NA,NA,NA,NA
20010518,NA,NA,NA,NA,NA,NA,NA
20010521,NA,NA,NA,NA,NA,NA,NA
20010522,NA,NA,NA,NA,NA,NA,NA
20010523,NA,NA,NA,NA,NA,NA,NA
20010525,NA,NA,NA,NA,NA,NA,NA
20010529,NA,NA,NA,NA,NA,NA,NA
20010530,NA,NA,NA,NA,NA,NA,NA
20010531,NA,NA,NA,NA,NA,NA,NA
20010603,NA,NA,NA,NA,NA,NA,NA
20010607,NA,NA,NA,NA,NA,NA,NA
20010608,NA,NA,NA,NA,NA,NA,NA
20010609,NA,NA,NA,NA,NA,NA,NA
20010612,NA,NA,NA,NA,NA,NA,NA
20010613,NA,NA,NA,NA,NA,NA,NA
20010615,NA,NA,NA,NA,NA,NA,NA
20010618,NA,NA,NA,NA,NA,NA,NA
20010619,NA,NA,NA,NA,NA,NA,NA
20010620,NA,NA,NA,NA,NA,NA,NA
20010621,NA,NA,NA,NA,NA,NA,NA
20010622,NA,NA,NA,NA,NA,NA,NA
20010625,NA,NA,NA,NA,NA,NA,NA
20010626,NA,NA,NA,NA,NA,NA,NA
20010627,NA,NA,NA,NA,NA,NA,NA
20010628,NA,NA,NA,NA,NA,NA,NA
20010629,NA,NA,NA,NA,NA,NA,NA
20010703,NA,NA,NA,NA,NA,NA,NA
20010705,NA,NA,NA,NA,NA,NA,NA
20010708,NA,NA,NA,NA,NA,NA,NA
20010712,NA,NA,NA,NA,NA,NA,NA
20010713,NA,NA,NA,NA,NA,NA,NA
20010716,NA,NA,NA,NA,NA,NA,NA
20010717,NA,NA,NA,NA,NA,NA,NA
20010718,NA,NA,NA,NA,NA,NA,NA
20010719,NA,NA,NA,NA,NA,NA,NA
20010720,NA,NA,NA,NA,NA,NA,NA
20010723,NA,NA,NA,NA,NA,NA,NA
20010724,NA,NA,NA,NA,NA,NA,NA
20010725,NA,NA,NA,NA,NA,NA,NA
20010726,NA,NA,NA,NA,NA,NA,NA
20010727,NA,NA,NA,NA,NA,NA,NA
20010730,NA,NA,NA,NA,NA,NA,NA
20010731,NA,NA,NA,NA,NA,NA,NA
20010802,NA,NA,NA,NA,NA,NA,NA
20010803,NA,NA,NA,NA,NA,NA,NA
20010805,NA,NA,NA,NA,NA,NA,NA
20010808,NA,NA,NA,NA,NA,NA,NA
20010810,NA,NA,NA,NA,NA,NA,NA
20010811,NA,NA,NA,NA,NA,NA,NA
20010813,NA,NA,NA,NA,NA,NA,NA
20010814,NA,NA,NA,NA,NA,NA,NA
20010816,NA,NA,NA,NA,NA,NA,NA
20010817,NA,NA,NA,NA,NA,NA,NA
20010820,NA,NA,NA,NA,NA,NA,NA
20010821,NA,NA,NA,NA,NA,NA,NA
20010822,NA,NA,NA,NA,NA,NA,NA
20010823,NA,NA,NA,NA,NA,NA,NA
20010824,NA,NA,NA,NA,NA,NA,NA
20010827,NA,NA,NA,NA,NA,NA,NA
20010828,NA,NA,NA,NA,NA,NA,NA
20010829,NA,NA,NA,NA,NA,NA,NA
20010830,NA,NA,NA,NA,NA,NA,NA
20010831,NA,NA,NA,NA,NA,NA,NA
20010902,NA,NA,NA,NA,NA,NA,NA
20010903,NA,NA,NA,NA,NA,NA,NA
20010905,NA,NA,NA,NA,NA,NA,NA
20010907,NA,NA,NA,NA,NA,NA,NA
20010908,NA,NA,NA,NA,NA,NA,NA
20010910,NA,NA,NA,NA,NA,NA,NA
20010911,NA,NA,NA,NA,NA,NA,NA
20010917,NA,NA,NA,NA,NA,NA,NA
20010918,NA,NA,NA,NA,NA,NA,NA
20010919,NA,NA,NA,NA,NA,NA,NA
20010920,NA,NA,NA,NA,NA,NA,NA
20010921,NA,NA,NA,NA,NA,NA,NA
20010924,NA,NA,NA,NA,NA,NA,NA
20010925,NA,NA,NA,NA,NA,NA,NA
20010926,NA,NA,NA,NA,NA,NA,NA
20010927,NA,NA,NA,NA,NA,NA,NA
20010928,NA,NA,NA,NA,NA,NA,NA
20011005,NA,NA,NA,NA,NA,NA,NA
20011007,NA,NA,NA,NA,NA,NA,NA
20011008,NA,NA,NA,NA,NA,NA,NA
20011009,NA,NA,NA,NA,NA,NA,NA
20011010,NA,NA,NA,NA,NA,NA,NA
20011012,NA,NA,NA,NA,NA,NA,NA
20011015,NA,NA,NA,NA,NA,NA,NA
20011016,NA,NA,NA,NA,NA,NA,NA
20011017,NA,NA,NA,NA,NA,NA,NA
20011018,NA,NA,NA,NA,NA,NA,NA
20011019,NA,NA,NA,NA,NA,NA,NA
20011022,NA,NA,NA,NA,NA,NA,NA
20011023,NA,NA,NA,NA,NA,NA,NA
20011024,NA,NA,NA,NA,NA,NA,NA
20011025,NA,NA,NA,NA,NA,NA,NA
20011029,NA,NA,NA,NA,NA,NA,NA
20011030,NA,NA,NA,NA,NA,NA,NA
20011031,NA,NA,NA,NA,NA,NA,NA
20011104,NA,NA,NA,NA,NA,NA,NA
20011105,NA,NA,NA,NA,NA,NA,NA
20011106,NA,NA,NA,NA,NA,NA,NA
20011107,NA,NA,NA,NA,NA,NA,NA
20011110,NA,NA,NA,NA,NA,NA,NA
20011112,NA,NA,NA,NA,NA,NA,NA
20011113,NA,NA,NA,NA,NA,NA,NA
20011114,NA,NA,NA,NA,NA,NA,NA
20011115,NA,NA,NA,NA,NA,NA,NA
20011116,NA,NA,NA,NA,NA,NA,NA
20011119,NA,NA,NA,NA,NA,NA,NA
20011120,NA,NA,NA,NA,NA,NA,NA
20011121,NA,NA,NA,NA,NA,NA,NA
20011123,NA,NA,NA,NA,NA,NA,NA
20011126,NA,NA,NA,NA,NA,NA,NA
20011127,NA,NA,NA,NA,NA,NA,NA
20011128,NA,NA,NA,NA,NA,NA,NA
20011129,NA,NA,NA,NA,NA,NA,NA
20011130,NA,NA,NA,NA,NA,NA,NA
20011202,NA,NA,NA,NA,NA,NA,NA
20011203,NA,NA,NA,NA,NA,NA,NA
20011204,NA,NA,NA,NA,NA,NA,NA
20011206,NA,NA,NA,NA,NA,NA,NA
20011207,NA,NA,NA,NA,NA,NA,NA
20011210,NA,NA,NA,NA,NA,NA,NA
20011211,NA,NA,NA,NA,NA,NA,NA
20011212,NA,NA,NA,NA,NA,NA,NA
20011213,NA,NA,NA,NA,NA,NA,NA
20011214,NA,NA,NA,NA,NA,NA,NA
20011217,NA,NA,NA,NA,NA,NA,NA
20011218,NA,NA,NA,NA,NA,NA,NA
20020102,NA,NA,NA,NA,NA,NA,NA
20020103,NA,NA,NA,NA,NA,NA,NA
20020107,NA,NA,NA,NA,NA,NA,NA
20020110,NA,NA,NA,NA,NA,NA,NA
20020114,NA,NA,NA,NA,NA,NA,NA
20020115,NA,NA,NA,NA,NA,NA,NA
20020116,NA,NA,NA,NA,NA,NA,NA
20020117,NA,NA,NA,NA,NA,NA,NA
20020118,NA,NA,NA,NA,NA,NA,NA
20020122,NA,NA,NA,NA,NA,NA,NA
20020123,NA,NA,NA,NA,NA,NA,NA
20020124,NA,NA,NA,NA,NA,NA,NA
20020125,NA,NA,NA,NA,NA,NA,NA
20020128,NA,NA,NA,NA,NA,NA,NA
20020129,NA,NA,NA,NA,NA,NA,NA
20020130,NA,NA,NA,NA,NA,NA,NA
20020131,NA,NA,NA,NA,NA,NA,NA
20020204,NA,NA,NA,NA,NA,NA,NA
20020207,NA,NA,NA,NA,NA,NA,NA
20020208,NA,NA,NA,NA,NA,NA,NA
20020210,NA,NA,NA,NA,NA,NA,NA
20020212,NA,NA,NA,NA,NA,NA,NA
20020213,NA,NA,NA,NA,NA,NA,NA
20020214,NA,NA,NA,NA,NA,NA,NA
20020215,NA,NA,NA,NA,NA,NA,NA
20020219,NA,NA,NA,NA,NA,NA,NA
20020220,NA,NA,NA,NA,NA,NA,NA
20020221,NA,NA,NA,NA,NA,NA,NA
20020222,NA,NA,NA,NA,NA,NA,NA
20020225,NA,NA,NA,NA,NA,NA,NA
20020226,NA,NA,NA,NA,NA,NA,NA
20020227,NA,NA,NA,NA,NA,NA,NA
20020228,NA,NA,NA,NA,NA,NA,NA
20020301,NA,NA,NA,NA,NA,NA,NA
20020304,NA,NA,NA,NA,NA,NA,NA
20020306,NA,NA,NA,NA,NA,NA,NA
20020307,NA,NA,NA,NA,NA,NA,NA
20020310,NA,NA,NA,NA,NA,NA,NA
20020312,NA,NA,NA,NA,NA,NA,NA
20020313,NA,NA,NA,NA,NA,NA,NA
20020314,NA,NA,NA,NA,NA,NA,NA
20020315,NA,NA,NA,NA,NA,NA,NA
20020320,NA,NA,NA,NA,NA,NA,NA
20020321,NA,NA,NA,NA,NA,NA,NA
20020322,NA,NA,NA,NA,NA,NA,NA
20020328,NA,NA,NA,NA,NA,NA,NA
20020401,NA,NA,NA,NA,NA,NA,NA
20020402,NA,NA,NA,NA,NA,NA,NA
20020403,NA,NA,NA,NA,NA,NA,NA
20020406,NA,NA,NA,NA,NA,NA,NA
20020410,NA,NA,NA,NA,NA,NA,NA
20020411,NA,NA,NA,NA,NA,NA,NA
20020412,NA,NA,NA,NA,NA,NA,NA
20020415,NA,NA,NA,NA,NA,NA,NA
20020417,NA,NA,NA,NA,NA,NA,NA
20020418,NA,NA,NA,NA,NA,NA,NA
20020419,NA,NA,NA,NA,NA,NA,NA
20020422,NA,NA,NA,NA,NA,NA,NA
20020423,NA,NA,NA,NA,NA,NA,NA
20020424,NA,NA,NA,NA,NA,NA,NA
20020425,NA,NA,NA,NA,NA,NA,NA
20020426,NA,NA,NA,NA,NA,NA,NA
20020429,NA,NA,NA,NA,NA,NA,NA
20020430,NA,NA,NA,NA,NA,NA,NA
20020502,NA,NA,NA,NA,NA,NA,NA
20020503,NA,NA,NA,NA,NA,NA,NA
20020506,NA,NA,NA,NA,NA,NA,NA
20020507,NA,NA,NA,NA,NA,NA,NA
20020508,NA,NA,NA,NA,NA,NA,NA
20020511,NA,NA,NA,NA,NA,NA,NA
20020512,NA,NA,NA,NA,NA,NA,NA
20020513,NA,NA,NA,NA,NA,NA,NA
20020514,NA,NA,NA,NA,NA,NA,NA
20020515,NA,NA,NA,NA,NA,NA,NA
20020516,NA,NA,NA,NA,NA,NA,NA
20020517,NA,NA,NA,NA,NA,NA,NA
20020521,NA,NA,NA,NA,NA,NA,NA
20020522,NA,NA,NA,NA,NA,NA,NA
20020523,NA,NA,NA,NA,NA,NA,NA
20020524,NA,NA,NA,NA,NA,NA,NA
20020528,NA,NA,NA,NA,NA,NA,NA
20020529,NA,NA,NA,NA,NA,NA,NA
20020531,NA,NA,NA,NA,NA,NA,NA
20020602,NA,NA,NA,NA,NA,NA,NA
20020603,NA,NA,NA,NA,NA,NA,NA
20020606,NA,NA,NA,NA,NA,NA,NA
20020608,NA,NA,NA,NA,NA,NA,NA
20020611,NA,NA,NA,NA,NA,NA,NA
20020612,NA,NA,NA,NA,NA,NA,NA
20020613,NA,NA,NA,NA,NA,NA,NA
20020614,NA,NA,NA,NA,NA,NA,NA
20020628,NA,NA,NA,NA,NA,NA,NA
20020701,NA,NA,NA,NA,NA,NA,NA
20020702,NA,NA,NA,NA,NA,NA,NA
20020706,NA,NA,NA,NA,NA,NA,NA
20020708,NA,NA,NA,NA,NA,NA,NA
20020710,NA,NA,NA,NA,NA,NA,NA
20020711,NA,NA,NA,NA,NA,NA,NA
20020715,NA,NA,NA,NA,NA,NA,NA
20020716,NA,NA,NA,NA,NA,NA,NA
20020717,NA,NA,NA,NA,NA,NA,NA
20020718,NA,NA,NA,NA,NA,NA,NA
20020719,NA,NA,NA,NA,NA,NA,NA
20020722,NA,NA,NA,NA,NA,NA,NA
20020723,NA,NA,NA,NA,NA,NA,NA
20020724,NA,NA,NA,NA,NA,NA,NA
20020725,NA,NA,NA,NA,NA,NA,NA
20020726,NA,NA,NA,NA,NA,NA,NA
20020729,NA,NA,NA,NA,NA,NA,NA
20020801,NA,NA,NA,NA,NA,NA,NA
20020802,NA,NA,NA,NA,NA,NA,NA
20020803,NA,NA,NA,NA,NA,NA,NA
20020805,NA,NA,NA,NA,NA,NA,NA
20020807,NA,NA,NA,NA,NA,NA,NA
20020808,NA,NA,NA,NA,NA,NA,NA
20020810,NA,NA,NA,NA,NA,NA,NA
20020811,NA,NA,NA,NA,NA,NA,NA
20020813,NA,NA,NA,NA,NA,NA,NA
20020814,NA,NA,NA,NA,NA,NA,NA
20020816,NA,NA,NA,NA,NA,NA,NA
20020819,NA,NA,NA,NA,NA,NA,NA
20020820,NA,NA,NA,NA,NA,NA,NA
20020821,NA,NA,NA,NA,NA,NA,NA
20020822,NA,NA,NA,NA,NA,NA,NA
20020823,NA,NA,NA,NA,NA,NA,NA
20020826,NA,NA,NA,NA,NA,NA,NA
20020827,NA,NA,NA,NA,NA,NA,NA
20020828,NA,NA,NA,NA,NA,NA,NA
20020829,NA,NA,NA,NA,NA,NA,NA
20020830,NA,NA,NA,NA,NA,NA,NA
20020901,NA,NA,NA,NA,NA,NA,NA
20020907,NA,NA,NA,NA,NA,NA,NA
20020908,NA,NA,NA,NA,NA,NA,NA
20020909,NA,NA,NA,NA,NA,NA,NA
20020910,NA,NA,NA,NA,NA,NA,NA
20020912,NA,NA,NA,NA,NA,NA,NA
20020913,NA,NA,NA,NA,NA,NA,NA
20020916,NA,NA,NA,NA,NA,NA,NA
20020917,NA,NA,NA,NA,NA,NA,NA
20020918,NA,NA,NA,NA,NA,NA,NA
20020919,NA,NA,NA,NA,NA,NA,NA
20020920,NA,NA,NA,NA,NA,NA,NA
20020923,NA,NA,NA,NA,NA,NA,NA
20020924,NA,NA,NA,NA,NA,NA,NA
20020925,NA,NA,NA,NA,NA,NA,NA
20020926,NA,NA,NA,NA,NA,NA,NA
20020927,NA,NA,NA,NA,NA,NA,NA
20020930,NA,NA,NA,NA,NA,NA,NA
20021001,NA,NA,NA,NA,NA,NA,NA
20021005,NA,NA,NA,NA,NA,NA,NA
20021006,NA,NA,NA,NA,NA,NA,NA
20021007,NA,NA,NA,NA,NA,NA,NA
20021009,NA,NA,NA,NA,NA,NA,NA
20021010,NA,NA,NA,NA,NA,NA,NA
20021012,NA,NA,NA,NA,NA,NA,NA
20021014,NA,NA,NA,NA,NA,NA,NA
20021015,NA,NA,NA,NA,NA,NA,NA
20021016,NA,NA,NA,NA,NA,NA,NA
20021017,NA,NA,NA,NA,NA,NA,NA
20021018,NA,NA,NA,NA,NA,NA,NA
20021021,NA,NA,NA,NA,NA,NA,NA
20021022,NA,NA,NA,NA,NA,NA,NA
20021023,NA,NA,NA,NA,NA,NA,NA
20021024,NA,NA,NA,NA,NA,NA,NA
20021025,NA,NA,NA,NA,NA,NA,NA
20021029,NA,NA,NA,NA,NA,NA,NA
20021030,NA,NA,NA,NA,NA,NA,NA
20021101,NA,NA,NA,NA,NA,NA,NA
20021102,NA,NA,NA,NA,NA,NA,NA
20021103,NA,NA,NA,NA,NA,NA,NA
20021104,NA,NA,NA,NA,NA,NA,NA
20021106,NA,NA,NA,NA,NA,NA,NA
20021107,NA,NA,NA,NA,NA,NA,NA
20021109,NA,NA,NA,NA,NA,NA,NA
20021110,NA,NA,NA,NA,NA,NA,NA
20021112,NA,NA,NA,NA,NA,NA,NA
20021113,NA,NA,NA,NA,NA,NA,NA
20021118,NA,NA,NA,NA,NA,NA,NA
20021129,NA,NA,NA,NA,NA,NA,NA
20021202,NA,NA,NA,NA,NA,NA,NA
20021203,NA,NA,NA,NA,NA,NA,NA
20021204,NA,NA,NA,NA,NA,NA,NA
20021206,NA,NA,NA,NA,NA,NA,NA
20021207,NA,NA,NA,NA,NA,NA,NA
20021209,NA,NA,NA,NA,NA,NA,NA
20021211,NA,NA,NA,NA,NA,NA,NA
20021212,NA,NA,NA,NA,NA,NA,NA
20021213,NA,NA,NA,NA,NA,NA,NA
20021216,NA,NA,NA,NA,NA,NA,NA
20021219,NA,NA,NA,NA,NA,NA,NA
20030104,NA,NA,NA,NA,NA,NA,NA
20030108,NA,NA,NA,NA,NA,NA,NA
20030110,NA,NA,NA,NA,NA,NA,NA
20030113,NA,NA,NA,NA,NA,NA,NA
20030114,NA,NA,NA,NA,NA,NA,NA
20030115,NA,NA,NA,NA,NA,NA,NA
20030116,NA,NA,NA,NA,NA,NA,NA
20030117,NA,NA,NA,NA,NA,NA,NA
20030121,NA,NA,NA,NA,NA,NA,NA
20030122,NA,NA,NA,NA,NA,NA,NA
20030123,NA,NA,NA,NA,NA,NA,NA
20030124,NA,NA,NA,NA,NA,NA,NA
20030127,NA,NA,NA,NA,NA,NA,NA
20030204,NA,NA,NA,NA,NA,NA,NA
20030206,NA,NA,NA,NA,NA,NA,NA
20030207,NA,NA,NA,NA,NA,NA,NA
20030209,NA,NA,NA,NA,NA,NA,NA
20030210,NA,NA,NA,NA,NA,NA,NA
20030212,NA,NA,NA,NA,NA,NA,NA
20030220,NA,NA,NA,NA,NA,NA,NA
20030221,NA,NA,NA,NA,NA,NA,NA
20030224,NA,NA,NA,NA,NA,NA,NA
20030225,NA,NA,NA,NA,NA,NA,NA
20030226,NA,NA,NA,NA,NA,NA,NA
20030227,NA,NA,NA,NA,NA,NA,NA
20030228,NA,NA,NA,NA,NA,NA,NA
20030303,NA,NA,NA,NA,NA,NA,NA
20030304,NA,NA,NA,NA,NA,NA,NA
20030306,NA,NA,NA,NA,NA,NA,NA
20030307,NA,NA,NA,NA,NA,NA,NA
20030309,NA,NA,NA,NA,NA,NA,NA
20030310,NA,NA,NA,NA,NA,NA,NA
20030311,NA,NA,NA,NA,NA,NA,NA
20030312,NA,NA,NA,NA,NA,NA,NA
20030313,NA,NA,NA,NA,NA,NA,NA
20030314,NA,NA,NA,NA,NA,NA,NA
20030318,NA,NA,NA,NA,NA,NA,NA
20030319,NA,NA,NA,NA,NA,NA,NA
20030320,NA,NA,NA,NA,NA,NA,NA
20030321,NA,NA,NA,NA,NA,NA,NA
20030324,NA,NA,NA,NA,NA,NA,NA
20030326,NA,NA,NA,NA,NA,NA,NA
20030327,NA,NA,NA,NA,NA,NA,NA
20030328,NA,NA,NA,NA,NA,NA,NA
20030331,NA,NA,NA,NA,NA,NA,NA
20030403,NA,NA,NA,NA,NA,NA,NA
20030404,NA,NA,NA,NA,NA,NA,NA
20030406,NA,NA,NA,NA,NA,NA,NA
20030408,NA,NA,NA,NA,NA,NA,NA
20030409,NA,NA,NA,NA,NA,NA,NA
20030411,NA,NA,NA,NA,NA,NA,NA
20030412,NA,NA,NA,NA,NA,NA,NA
20030414,NA,NA,NA,NA,NA,NA,NA
20030415,NA,NA,NA,NA,NA,NA,NA
20030416,NA,NA,NA,NA,NA,NA,NA
20030417,NA,NA,NA,NA,NA,NA,NA
20030422,NA,NA,NA,NA,NA,NA,NA
20030503,NA,NA,NA,NA,NA,NA,NA
20030506,NA,NA,NA,NA,NA,NA,NA
20030508,NA,NA,NA,NA,NA,NA,NA
20030509,NA,NA,NA,NA,NA,NA,NA
20030511,NA,NA,NA,NA,NA,NA,NA
20030512,NA,NA,NA,NA,NA,NA,NA
20030513,NA,NA,NA,NA,NA,NA,NA
20030514,NA,NA,NA,NA,NA,NA,NA
20030515,NA,NA,NA,NA,NA,NA,NA
20030516,NA,NA,NA,NA,NA,NA,NA
20030519,NA,NA,NA,NA,NA,NA,NA
20030520,NA,NA,NA,NA,NA,NA,NA
20030521,NA,NA,NA,NA,NA,NA,NA
20030522,NA,NA,NA,NA,NA,NA,NA
20030523,NA,NA,NA,NA,NA,NA,NA
20030527,NA,NA,NA,NA,NA,NA,NA
20030528,NA,NA,NA,NA,NA,NA,NA
20030530,NA,NA,NA,NA,NA,NA,NA
20030603,NA,NA,NA,NA,NA,NA,NA
20030606,NA,NA,NA,NA,NA,NA,NA
20030608,NA,NA,NA,NA,NA,NA,NA
20030610,NA,NA,NA,NA,NA,NA,NA
20030611,NA,NA,NA,NA,NA,NA,NA
20030613,NA,NA,NA,NA,NA,NA,NA
20030617,NA,NA,NA,NA,NA,NA,NA
20030618,NA,NA,NA,NA,NA,NA,NA
20030620,NA,NA,NA,NA,NA,NA,NA
20030623,NA,NA,NA,NA,NA,NA,NA
20030624,NA,NA,NA,NA,NA,NA,NA
20030625,NA,NA,NA,NA,NA,NA,NA
20030626,NA,NA,NA,NA,NA,NA,NA
20030627,NA,NA,NA,NA,NA,NA,NA
20030701,NA,NA,NA,NA,NA,NA,NA
20030703,NA,NA,NA,NA,NA,NA,NA
20030704,NA,NA,NA,NA,NA,NA,NA
20030707,NA,NA,NA,NA,NA,NA,NA
20030708,NA,NA,NA,NA,NA,NA,NA
20030710,NA,NA,NA,NA,NA,NA,NA
20030711,NA,NA,NA,NA,NA,NA,NA
20030714,NA,NA,NA,NA,NA,NA,NA
20030715,NA,NA,NA,NA,NA,NA,NA
20030716,NA,NA,NA,NA,NA,NA,NA
20030717,NA,NA,NA,NA,NA,NA,NA
20030718,NA,NA,NA,NA,NA,NA,NA
20030721,NA,NA,NA,NA,NA,NA,NA
20030722,NA,NA,NA,NA,NA,NA,NA
20030723,NA,NA,NA,NA,NA,NA,NA
20030724,NA,NA,NA,NA,NA,NA,NA
20030725,NA,NA,NA,NA,NA,NA,NA
20030728,NA,NA,NA,NA,NA,NA,NA
20030729,NA,NA,NA,NA,NA,NA,NA
20030730,NA,NA,NA,NA,NA,NA,NA
20030731,NA,NA,NA,NA,NA,NA,NA
20030801,NA,NA,NA,NA,NA,NA,NA
20030805,NA,NA,NA,NA,NA,NA,NA
20030807,NA,NA,NA,NA,NA,NA,NA
20030808,NA,NA,NA,NA,NA,NA,NA
20030809,NA,NA,NA,NA,NA,NA,NA
20030810,NA,NA,NA,NA,NA,NA,NA
20030813,NA,NA,NA,NA,NA,NA,NA
20030814,NA,NA,NA,NA,NA,NA,NA
20030818,NA,NA,NA,NA,NA,NA,NA
20030819,NA,NA,NA,NA,NA,NA,NA
20030820,NA,NA,NA,NA,NA,NA,NA
20030821,NA,NA,NA,NA,NA,NA,NA
20030822,NA,NA,NA,NA,NA,NA,NA
20030825,NA,NA,NA,NA,NA,NA,NA
20030826,NA,NA,NA,NA,NA,NA,NA
20030827,NA,NA,NA,NA,NA,NA,NA
20030828,NA,NA,NA,NA,NA,NA,NA
20030829,NA,NA,NA,NA,NA,NA,NA
20030901,NA,NA,NA,NA,NA,NA,NA
20030905,NA,NA,NA,NA,NA,NA,NA
20030907,NA,NA,NA,NA,NA,NA,NA
20030909,NA,NA,NA,NA,NA,NA,NA
20030910,NA,NA,NA,NA,NA,NA,NA
20030912,NA,NA,NA,NA,NA,NA,NA
20030915,NA,NA,NA,NA,NA,NA,NA
20030916,NA,NA,NA,NA,NA,NA,NA
20030917,NA,NA,NA,NA,NA,NA,NA
20030918,NA,NA,NA,NA,NA,NA,NA
20030919,NA,NA,NA,NA,NA,NA,NA
20030922,NA,NA,NA,NA,NA,NA,NA
20030923,NA,NA,NA,NA,NA,NA,NA
20030924,NA,NA,NA,NA,NA,NA,NA
20030925,NA,NA,NA,NA,NA,NA,NA
20030926,NA,NA,NA,NA,NA,NA,NA
20030929,NA,NA,NA,NA,NA,NA,NA
20030930,NA,NA,NA,NA,NA,NA,NA
20031001,NA,NA,NA,NA,NA,NA,NA
20031006,NA,NA,NA,NA,NA,NA,NA
20031007,NA,NA,NA,NA,NA,NA,NA
20031009,NA,NA,NA,NA,NA,NA,NA
20031010,NA,NA,NA,NA,NA,NA,NA
20031011,NA,NA,NA,NA,NA,NA,NA
20031012,NA,NA,NA,NA,NA,NA,NA
20031013,NA,NA,NA,NA,NA,NA,NA
20031014,NA,NA,NA,NA,NA,NA,NA
20031015,NA,NA,NA,NA,NA,NA,NA
20031016,NA,NA,NA,NA,NA,NA,NA
20031017,NA,NA,NA,NA,NA,NA,NA
20031020,NA,NA,NA,NA,NA,NA,NA
20031021,NA,NA,NA,NA,NA,NA,NA
20031022,NA,NA,NA,NA,NA,NA,NA
20031023,NA,NA,NA,NA,NA,NA,NA
20031024,NA,NA,NA,NA,NA,NA,NA
20031027,NA,NA,NA,NA,NA,NA,NA
20031029,NA,NA,NA,NA,NA,NA,NA
20031030,NA,NA,NA,NA,NA,NA,NA
20031031,NA,NA,NA,NA,NA,NA,NA
20031103,NA,NA,NA,NA,NA,NA,NA
20031106,NA,NA,NA,NA,NA,NA,NA
20031107,NA,NA,NA,NA,NA,NA,NA
20031108,NA,NA,NA,NA,NA,NA,NA
20031109,NA,NA,NA,NA,NA,NA,NA
20031112,NA,NA,NA,NA,NA,NA,NA
20031114,NA,NA,NA,NA,NA,NA,NA
20031117,NA,NA,NA,NA,NA,NA,NA
20031118,NA,NA,NA,NA,NA,NA,NA
20031119,NA,NA,NA,NA,NA,NA,NA
20031120,NA,NA,NA,NA,NA,NA,NA
20031121,NA,NA,NA,NA,NA,NA,NA
20031124,NA,NA,NA,NA,NA,NA,NA
20031125,NA,NA,NA,NA,NA,NA,NA
20031126,NA,NA,NA,NA,NA,NA,NA
20031128,NA,NA,NA,NA,NA,NA,NA
20031203,NA,NA,NA,NA,NA,NA,NA
20031205,NA,NA,NA,NA,NA,NA,NA
20031206,NA,NA,NA,NA,NA,NA,NA
20031208,NA,NA,NA,NA,NA,NA,NA
20031209,NA,NA,NA,NA,NA,NA,NA
20031211,NA,NA,NA,NA,NA,NA,NA
20031212,NA,NA,NA,NA,NA,NA,NA
20031215,NA,NA,NA,NA,NA,NA,NA
20031216,NA,NA,NA,NA,NA,NA,NA
20031217,NA,NA,NA,NA,NA,NA,NA
20031218,NA,NA,NA,NA,NA,NA,NA
20031219,NA,NA,NA,NA,NA,NA,NA
20040103,NA,NA,NA,NA,NA,NA,NA
20040104,NA,NA,NA,NA,NA,NA,NA
20040106,NA,NA,NA,NA,NA,NA,NA
20040107,NA,NA,NA,NA,NA,NA,NA
20040109,NA,NA,NA,NA,NA,NA,NA
20040110,NA,NA,NA,NA,NA,NA,NA
20040113,NA,NA,NA,NA,NA,NA,NA
20040114,NA,NA,NA,NA,NA,NA,NA
20040115,NA,NA,NA,NA,NA,NA,NA
20040116,NA,NA,NA,NA,NA,NA,NA
20040120,NA,NA,NA,NA,NA,NA,NA
20040121,NA,NA,NA,NA,NA,NA,NA
20040122,NA,NA,NA,NA,NA,NA,NA
20040126,NA,NA,NA,NA,NA,NA,NA
20040127,NA,NA,NA,NA,NA,NA,NA
20040128,NA,NA,NA,NA,NA,NA,NA
20040129,NA,NA,NA,NA,NA,NA,NA
20040130,NA,NA,NA,NA,NA,NA,NA
20040202,NA,NA,NA,NA,NA,NA,NA
20040203,NA,NA,NA,NA,NA,NA,NA
20040204,NA,NA,NA,NA,NA,NA,NA
20040206,NA,NA,NA,NA,NA,NA,NA
20040207,NA,NA,NA,NA,NA,NA,NA
20040208,NA,NA,NA,NA,NA,NA,NA
20040209,NA,NA,NA,NA,NA,NA,NA
20040211,NA,NA,NA,NA,NA,NA,NA
20040212,NA,NA,NA,NA,NA,NA,NA
20040213,NA,NA,NA,NA,NA,NA,NA
20040217,NA,NA,NA,NA,NA,NA,NA
20040218,NA,NA,NA,NA,NA,NA,NA
20040219,NA,NA,NA,NA,NA,NA,NA
20040220,NA,NA,NA,NA,NA,NA,NA
20040224,NA,NA,NA,NA,NA,NA,NA
20040225,NA,NA,NA,NA,NA,NA,NA
20040226,NA,NA,NA,NA,NA,NA,NA
20040227,NA,NA,NA,NA,NA,NA,NA
20040302,NA,NA,NA,NA,NA,NA,NA
20040303,NA,NA,NA,NA,NA,NA,NA
20040306,NA,NA,NA,NA,NA,NA,NA
20040308,NA,NA,NA,NA,NA,NA,NA
20040309,NA,NA,NA,NA,NA,NA,NA
20040311,NA,NA,NA,NA,NA,NA,NA
20040312,NA,NA,NA,NA,NA,NA,NA
20040315,NA,NA,NA,NA,NA,NA,NA
20040316,NA,NA,NA,NA,NA,NA,NA
20040317,NA,NA,NA,NA,NA,NA,NA
20040319,NA,NA,NA,NA,NA,NA,NA
20040322,NA,NA,NA,NA,NA,NA,NA
20040323,NA,NA,NA,NA,NA,NA,NA
20040324,NA,NA,NA,NA,NA,NA,NA
20040326,NA,NA,NA,NA,NA,NA,NA
20040329,NA,NA,NA,NA,NA,NA,NA
20040330,NA,NA,NA,NA,NA,NA,NA
20040331,NA,NA,NA,NA,NA,NA,NA
20040402,NA,NA,NA,NA,NA,NA,NA
20040403,NA,NA,NA,NA,NA,NA,NA
20040405,NA,NA,NA,NA,NA,NA,NA
20040406,NA,NA,NA,NA,NA,NA,NA
20040408,NA,NA,NA,NA,NA,NA,NA
20040410,NA,NA,NA,NA,NA,NA,NA
20040411,NA,NA,NA,NA,NA,NA,NA
20040413,NA,NA,NA,NA,NA,NA,NA
20040414,NA,NA,NA,NA,NA,NA,NA
20040415,NA,NA,NA,NA,NA,NA,NA
20040416,NA,NA,NA,NA,NA,NA,NA
20040419,NA,NA,NA,NA,NA,NA,NA
20040420,NA,NA,NA,NA,NA,NA,NA
20040421,NA,NA,NA,NA,NA,NA,NA
20040422,NA,NA,NA,NA,NA,NA,NA
20040423,NA,NA,NA,NA,NA,NA,NA
20040430,NA,NA,NA,NA,NA,NA,NA
20040502,NA,NA,NA,NA,NA,NA,NA
20040503,NA,NA,NA,NA,NA,NA,NA
20040505,NA,NA,NA,NA,NA,NA,NA
20040508,NA,NA,NA,NA,NA,NA,NA
20040510,NA,NA,NA,NA,NA,NA,NA
20040511,NA,NA,NA,NA,NA,NA,NA
20040513,NA,NA,NA,NA,NA,NA,NA
20040514,NA,NA,NA,NA,NA,NA,NA
20040517,NA,NA,NA,NA,NA,NA,NA
20040518,NA,NA,NA,NA,NA,NA,NA
20040519,NA,NA,NA,NA,NA,NA,NA
20040521,NA,NA,NA,NA,NA,NA,NA
20040524,NA,NA,NA,NA,NA,NA,NA
20040525,NA,NA,NA,NA,NA,NA,NA
20040526,NA,NA,NA,NA,NA,NA,NA
20040527,NA,NA,NA,NA,NA,NA,NA
20040528,NA,NA,NA,NA,NA,NA,NA
20040602,NA,NA,NA,NA,NA,NA,NA
20040605,NA,NA,NA,NA,NA,NA,NA
20040607,NA,NA,NA,NA,NA,NA,NA
20040608,NA,NA,NA,NA,NA,NA,NA
20040610,NA,NA,NA,NA,NA,NA,NA
20040612,NA,NA,NA,NA,NA,NA,NA
20040614,NA,NA,NA,NA,NA,NA,NA
20040615,NA,NA,NA,NA,NA,NA,NA
20040616,NA,NA,NA,NA,NA,NA,NA
20040617,NA,NA,NA,NA,NA,NA,NA
20040618,NA,NA,NA,NA,NA,NA,NA
20040621,NA,NA,NA,NA,NA,NA,NA
20040622,NA,NA,NA,NA,NA,NA,NA
20040623,NA,NA,NA,NA,NA,NA,NA
20040624,NA,NA,NA,NA,NA,NA,NA
20040625,NA,NA,NA,NA,NA,NA,NA
20040628,NA,NA,NA,NA,NA,NA,NA
20040629,NA,NA,NA,NA,NA,NA,NA
20040630,NA,NA,NA,NA,NA,NA,NA
20040701,NA,NA,NA,NA,NA,NA,NA
20040705,NA,NA,NA,NA,NA,NA,NA
20040706,NA,NA,NA,NA,NA,NA,NA
20040707,NA,NA,NA,NA,NA,NA,NA
20040709,NA,NA,NA,NA,NA,NA,NA
20040710,NA,NA,NA,NA,NA,NA,NA
20040712,NA,NA,NA,NA,NA,NA,NA
20040713,NA,NA,NA,NA,NA,NA,NA
20040714,NA,NA,NA,NA,NA,NA,NA
20040715,NA,NA,NA,NA,NA,NA,NA
20040716,NA,NA,NA,NA,NA,NA,NA
20040719,NA,NA,NA,NA,NA,NA,NA
20040720,NA,NA,NA,NA,NA,NA,NA
20040721,NA,NA,NA,NA,NA,NA,NA
20040722,NA,NA,NA,NA,NA,NA,NA
20040723,NA,NA,NA,NA,NA,NA,NA
20040726,NA,NA,NA,NA,NA,NA,NA
20040727,NA,NA,NA,NA,NA,NA,NA
20040728,NA,NA,NA,NA,NA,NA,NA
20040729,NA,NA,NA,NA,NA,NA,NA
20040730,NA,NA,NA,NA,NA,NA,NA
20040803,NA,NA,NA,NA,NA,NA,NA
20040806,NA,NA,NA,NA,NA,NA,NA
20040807,NA,NA,NA,NA,NA,NA,NA
20040809,NA,NA,NA,NA,NA,NA,NA
20040810,NA,NA,NA,NA,NA,NA,NA
20040811,NA,NA,NA,NA,NA,NA,NA
20040816,NA,NA,NA,NA,NA,NA,NA
20040817,NA,NA,NA,NA,NA,NA,NA
20040818,NA,NA,NA,NA,NA,NA,NA
20040819,NA,NA,NA,NA,NA,NA,NA
20040820,NA,NA,NA,NA,NA,NA,NA
20040823,NA,NA,NA,NA,NA,NA,NA
20040824,NA,NA,NA,NA,NA,NA,NA
20040825,NA,NA,NA,NA,NA,NA,NA
20040826,NA,NA,NA,NA,NA,NA,NA
20040827,NA,NA,NA,NA,NA,NA,NA
20040830,NA,NA,NA,NA,NA,NA,NA
20040831,NA,NA,NA,NA,NA,NA,NA
20040902,NA,NA,NA,NA,NA,NA,NA
20040903,NA,NA,NA,NA,NA,NA,NA
20040906,NA,NA,NA,NA,NA,NA,NA
20040907,NA,NA,NA,NA,NA,NA,NA
20040908,NA,NA,NA,NA,NA,NA,NA
20040909,NA,NA,NA,NA,NA,NA,NA
20040911,NA,NA,NA,NA,NA,NA,NA
20040912,NA,NA,NA,NA,NA,NA,NA
20040913,NA,NA,NA,NA,NA,NA,NA
20040914,NA,NA,NA,NA,NA,NA,NA
20040915,NA,NA,NA,NA,NA,NA,NA
20040916,NA,NA,NA,NA,NA,NA,NA
20040917,NA,NA,NA,NA,NA,NA,NA
20040923,NA,NA,NA,NA,NA,NA,NA
20040924,NA,NA,NA,NA,NA,NA,NA
20040927,NA,NA,NA,NA,NA,NA,NA
20040928,NA,NA,NA,NA,NA,NA,NA
20040929,NA,NA,NA,NA,NA,NA,NA
20040930,NA,NA,NA,NA,NA,NA,NA
20041002,NA,NA,NA,NA,NA,NA,NA
20041003,NA,NA,NA,NA,NA,NA,NA
20041005,NA,NA,NA,NA,NA,NA,NA
20041008,NA,NA,NA,NA,NA,NA,NA
20041009,NA,NA,NA,NA,NA,NA,NA
20041011,NA,NA,NA,NA,NA,NA,NA
20041012,NA,NA,NA,NA,NA,NA,NA
20041013,NA,NA,NA,NA,NA,NA,NA
20041014,NA,NA,NA,NA,NA,NA,NA
20041015,NA,NA,NA,NA,NA,NA,NA
20041018,NA,NA,NA,NA,NA,NA,NA
20041019,NA,NA,NA,NA,NA,NA,NA
20041020,NA,NA,NA,NA,NA,NA,NA
20041021,NA,NA,NA,NA,NA,NA,NA
20041022,NA,NA,NA,NA,NA,NA,NA
20041025,NA,NA,NA,NA,NA,NA,NA
20041027,NA,NA,NA,NA,NA,NA,NA
20041029,NA,NA,NA,NA,NA,NA,NA
20041102,NA,NA,NA,NA,NA,NA,NA
20041103,NA,NA,NA,NA,NA,NA,NA
20041105,NA,NA,NA,NA,NA,NA,NA
20041108,NA,NA,NA,NA,NA,NA,NA
20041110,NA,NA,NA,NA,NA,NA,NA
20041115,NA,NA,NA,NA,NA,NA,NA
20041116,NA,NA,NA,NA,NA,NA,NA
20041117,NA,NA,NA,NA,NA,NA,NA
20041118,NA,NA,NA,NA,NA,NA,NA
20041119,NA,NA,NA,NA,NA,NA,NA
20041122,NA,NA,NA,NA,NA,NA,NA
20041123,NA,NA,NA,NA,NA,NA,NA
20041124,NA,NA,NA,NA,NA,NA,NA
20041126,NA,NA,NA,NA,NA,NA,NA
20041129,NA,NA,NA,NA,NA,NA,NA
20041130,NA,NA,NA,NA,NA,NA,NA
20041201,NA,NA,NA,NA,NA,NA,NA
20041202,NA,NA,NA,NA,NA,NA,NA
20041203,NA,NA,NA,NA,NA,NA,NA
20041205,NA,NA,NA,NA,NA,NA,NA
20041207,NA,NA,NA,NA,NA,NA,NA
20041208,NA,NA,NA,NA,NA,NA,NA
20041210,NA,NA,NA,NA,NA,NA,NA
20041211,NA,NA,NA,NA,NA,NA,NA
20041213,NA,NA,NA,NA,NA,NA,NA
20041214,NA,NA,NA,NA,NA,NA,NA
20041215,NA,NA,NA,NA,NA,NA,NA
20041216,NA,NA,NA,NA,NA,NA,NA
20041217,NA,NA,NA,NA,NA,NA,NA
20041220,NA,NA,NA,NA,NA,NA,NA
20041221,NA,NA,NA,NA,NA,NA,NA
20041222,NA,NA,NA,NA,NA,NA,NA
20041223,NA,NA,NA,NA,NA,NA,NA
20050102,NA,NA,NA,NA,NA,NA,NA
20050103,NA,NA,NA,NA,NA,NA,NA
20050104,NA,NA,NA,NA,NA,NA,NA
20050109,NA,NA,NA,NA,NA,NA,NA
20050113,NA,NA,NA,NA,NA,NA,NA
20050114,NA,NA,NA,NA,NA,NA,NA
20050118,NA,NA,NA,NA,NA,NA,NA
20050119,NA,NA,NA,NA,NA,NA,NA
20050120,NA,NA,NA,NA,NA,NA,NA
20050121,NA,NA,NA,NA,NA,NA,NA
20050124,NA,NA,NA,NA,NA,NA,NA
20050125,NA,NA,NA,NA,NA,NA,NA
20050126,NA,NA,NA,NA,NA,NA,NA
20050127,NA,NA,NA,NA,NA,NA,NA
20050128,NA,NA,NA,NA,NA,NA,NA
20050131,NA,NA,NA,NA,NA,NA,NA
20050202,NA,NA,NA,NA,NA,NA,NA
20050208,NA,NA,NA,NA,NA,NA,NA
20050211,NA,NA,NA,NA,NA,NA,NA
20050214,NA,NA,NA,NA,NA,NA,NA
20050215,NA,NA,NA,NA,NA,NA,NA
20050216,NA,NA,NA,NA,NA,NA,NA
20050217,NA,NA,NA,NA,NA,NA,NA
20050218,NA,NA,NA,NA,NA,NA,NA
20050222,NA,NA,NA,NA,NA,NA,NA
20050223,NA,NA,NA,NA,NA,NA,NA
20050224,NA,NA,NA,NA,NA,NA,NA
20050225,NA,NA,NA,NA,NA,NA,NA
20050228,NA,NA,NA,NA,NA,NA,NA
20050301,NA,NA,NA,NA,NA,NA,NA
20050302,NA,NA,NA,NA,NA,NA,NA
20050308,NA,NA,NA,NA,NA,NA,NA
20050310,NA,NA,NA,NA,NA,NA,NA
20050311,NA,NA,NA,NA,NA,NA,NA
20050315,NA,NA,NA,NA,NA,NA,NA
20050316,NA,NA,NA,NA,NA,NA,NA
20050317,NA,NA,NA,NA,NA,NA,NA
20050318,NA,NA,NA,NA,NA,NA,NA
20050321,NA,NA,NA,NA,NA,NA,NA
20050322,NA,NA,NA,NA,NA,NA,NA
20050323,NA,NA,NA,NA,NA,NA,NA
20050324,NA,NA,NA,NA,NA,NA,NA
20050329,NA,NA,NA,NA,NA,NA,NA
20050330,NA,NA,NA,NA,NA,NA,NA
20050331,NA,NA,NA,NA,NA,NA,NA
20050401,NA,NA,NA,NA,NA,NA,NA
20050402,NA,NA,NA,NA,NA,NA,NA
20050404,NA,NA,NA,NA,NA,NA,NA
20050408,NA,NA,NA,NA,NA,NA,NA
20050410,NA,NA,NA,NA,NA,NA,NA
20050411,NA,NA,NA,NA,NA,NA,NA
20050418,NA,NA,NA,NA,NA,NA,NA
20050419,NA,NA,NA,NA,NA,NA,NA
20050420,NA,NA,NA,NA,NA,NA,NA
20050421,NA,NA,NA,NA,NA,NA,NA
20050422,NA,NA,NA,NA,NA,NA,NA
20050425,NA,NA,NA,NA,NA,NA,NA
20050426,NA,NA,NA,NA,NA,NA,NA
20050427,NA,NA,NA,NA,NA,NA,NA
20050428,NA,NA,NA,NA,NA,NA,NA
20050501,NA,NA,NA,NA,NA,NA,NA
20050504,NA,NA,NA,NA,NA,NA,NA
20050508,NA,NA,NA,NA,NA,NA,NA
20050510,NA,NA,NA,NA,NA,NA,NA
20050513,NA,NA,NA,NA,NA,NA,NA
20050517,NA,NA,NA,NA,NA,NA,NA
20050518,NA,NA,NA,NA,NA,NA,NA
20050519,NA,NA,NA,NA,NA,NA,NA
20050520,NA,NA,NA,NA,NA,NA,NA
20050523,NA,NA,NA,NA,NA,NA,NA
20050524,NA,NA,NA,NA,NA,NA,NA
20050525,NA,NA,NA,NA,NA,NA,NA
20050527,NA,NA,NA,NA,NA,NA,NA
20050604,NA,NA,NA,NA,NA,NA,NA
20050605,NA,NA,NA,NA,NA,NA,NA
20050610,NA,NA,NA,NA,NA,NA,NA
20050612,NA,NA,NA,NA,NA,NA,NA
20050701,NA,NA,NA,NA,NA,NA,NA
20050702,NA,NA,NA,NA,NA,NA,NA
20050703,NA,NA,NA,NA,NA,NA,NA
20050704,NA,NA,NA,NA,NA,NA,NA
20050710,NA,NA,NA,NA,NA,NA,NA
20050711,NA,NA,NA,NA,NA,NA,NA
20050712,NA,NA,NA,NA,NA,NA,NA
20050802,NA,NA,NA,NA,NA,NA,NA
20050803,NA,NA,NA,NA,NA,NA,NA
20050808,NA,NA,NA,NA,NA,NA,NA
20050809,NA,NA,NA,NA,NA,NA,NA
20050811,NA,NA,NA,NA,NA,NA,NA
20050816,NA,NA,NA,NA,NA,NA,NA
20050817,NA,NA,NA,NA,NA,NA,NA
20050818,NA,NA,NA,NA,NA,NA,NA
20050819,NA,NA,NA,NA,NA,NA,NA
20050822,NA,NA,NA,NA,NA,NA,NA
20050823,NA,NA,NA,NA,NA,NA,NA
20050824,NA,NA,NA,NA,NA,NA,NA
20050829,NA,NA,NA,NA,NA,NA,NA
20050830,NA,NA,NA,NA,NA,NA,NA
20050831,NA,NA,NA,NA,NA,NA,NA
20050902,NA,NA,NA,NA,NA,NA,NA
20050903,NA,NA,NA,NA,NA,NA,NA
20050905,NA,NA,NA,NA,NA,NA,NA
20050908,NA,NA,NA,NA,NA,NA,NA
20050909,NA,NA,NA,NA,NA,NA,NA
20050911,NA,NA,NA,NA,NA,NA,NA
20050912,NA,NA,NA,NA,NA,NA,NA
20050913,NA,NA,NA,NA,NA,NA,NA
20050914,NA,NA,NA,NA,NA,NA,NA
20050915,NA,NA,NA,NA,NA,NA,NA
20050916,NA,NA,NA,NA,NA,NA,NA
20050919,NA,NA,NA,NA,NA,NA,NA
20050920,NA,NA,NA,NA,NA,NA,NA
20050921,NA,NA,NA,NA,NA,NA,NA
20050922,NA,NA,NA,NA,NA,NA,NA
20050923,NA,NA,NA,NA,NA,NA,NA
20050926,NA,NA,NA,NA,NA,NA,NA
20050927,NA,NA,NA,NA,NA,NA,NA
20050928,NA,NA,NA,NA,NA,NA,NA
20050929,NA,NA,NA,NA,NA,NA,NA
20050930,NA,NA,NA,NA,NA,NA,NA
20051001,NA,NA,NA,NA,NA,NA,NA
20051002,NA,NA,NA,NA,NA,NA,NA
20051003,NA,NA,NA,NA,NA,NA,NA
20051005,NA,NA,NA,NA,NA,NA,NA
20051008,NA,NA,NA,NA,NA,NA,NA
20051010,NA,NA,NA,NA,NA,NA,NA
20051011,NA,NA,NA,NA,NA,NA,NA
20051013,NA,NA,NA,NA,NA,NA,NA
20051014,NA,NA,NA,NA,NA,NA,NA
20051017,NA,NA,NA,NA,NA,NA,NA
20051018,NA,NA,NA,NA,NA,NA,NA
20051019,NA,NA,NA,NA,NA,NA,NA
20051020,NA,NA,NA,NA,NA,NA,NA
20051021,NA,NA,NA,NA,NA,NA,NA
20051024,NA,NA,NA,NA,NA,NA,NA
20051025,NA,NA,NA,NA,NA,NA,NA
20051027,NA,NA,NA,NA,NA,NA,NA
20051031,NA,NA,NA,NA,NA,NA,NA
20051101,NA,NA,NA,NA,NA,NA,NA
20051102,NA,NA,NA,NA,NA,NA,NA
20051103,NA,NA,NA,NA,NA,NA,NA
20051105,NA,NA,NA,NA,NA,NA,NA
20051108,NA,NA,NA,NA,NA,NA,NA
20051110,NA,NA,NA,NA,NA,NA,NA
20051114,NA,NA,NA,NA,NA,NA,NA
20051115,NA,NA,NA,NA,NA,NA,NA
20051116,NA,NA,NA,NA,NA,NA,NA
20051117,NA,NA,NA,NA,NA,NA,NA
20051118,NA,NA,NA,NA,NA,NA,NA
20051121,NA,NA,NA,NA,NA,NA,NA
20051122,NA,NA,NA,NA,NA,NA,NA
20051123,NA,NA,NA,NA,NA,NA,NA
20051125,NA,NA,NA,NA,NA,NA,NA
20051128,NA,NA,NA,NA,NA,NA,NA
20051129,NA,NA,NA,NA,NA,NA,NA
20051130,NA,NA,NA,NA,NA,NA,NA
20051201,NA,NA,NA,NA,NA,NA,NA
20051205,NA,NA,NA,NA,NA,NA,NA
20051208,NA,NA,NA,NA,NA,NA,NA
20051209,NA,NA,NA,NA,NA,NA,NA
20051210,NA,NA,NA,NA,NA,NA,NA
20051212,NA,NA,NA,NA,NA,NA,NA
20051213,NA,NA,NA,NA,NA,NA,NA
20051214,NA,NA,NA,NA,NA,NA,NA
20051215,NA,NA,NA,NA,NA,NA,NA
20051216,NA,NA,NA,NA,NA,NA,NA
20051219,NA,NA,NA,NA,NA,NA,NA
20051220,NA,NA,NA,NA,NA,NA,NA
20051221,NA,NA,NA,NA,NA,NA,NA
20051222,NA,NA,NA,NA,NA,NA,NA
20051223,NA,NA,NA,NA,NA,NA,NA
20060102,NA,NA,NA,NA,NA,NA,NA
20060103,NA,NA,NA,NA,NA,NA,NA
20060106,NA,NA,NA,NA,NA,NA,NA
20060108,NA,NA,NA,NA,NA,NA,NA
20060109,NA,NA,NA,NA,NA,NA,NA
20060113,NA,NA,NA,NA,NA,NA,NA
20060117,NA,NA,NA,NA,NA,NA,NA
20060118,NA,NA,NA,NA,NA,NA,NA
20060119,NA,NA,NA,NA,NA,NA,NA
20060120,NA,NA,NA,NA,NA,NA,NA
20060123,NA,NA,NA,NA,NA,NA,NA
20060124,NA,NA,NA,NA,NA,NA,NA
20060125,NA,NA,NA,NA,NA,NA,NA
20060126,NA,NA,NA,NA,NA,NA,NA
20060127,NA,NA,NA,NA,NA,NA,NA
20060130,NA,NA,NA,NA,NA,NA,NA
20060131,NA,NA,NA,NA,NA,NA,NA
20060202,NA,NA,NA,NA,NA,NA,NA
20060203,NA,NA,NA,NA,NA,NA,NA
20060206,NA,NA,NA,NA,NA,NA,NA
20060208,NA,NA,NA,NA,NA,NA,NA
20060210,NA,NA,NA,NA,NA,NA,NA
20060211,NA,NA,NA,NA,NA,NA,NA
20060213,NA,NA,NA,NA,NA,NA,NA
20060214,NA,NA,NA,NA,NA,NA,NA
20060215,NA,NA,NA,NA,NA,NA,NA
20060216,NA,NA,NA,NA,NA,NA,NA
20060217,NA,NA,NA,NA,NA,NA,NA
20060221,NA,NA,NA,NA,NA,NA,NA
20060222,NA,NA,NA,NA,NA,NA,NA
20060223,NA,NA,NA,NA,NA,NA,NA
20060224,NA,NA,NA,NA,NA,NA,NA
20060227,NA,NA,NA,NA,NA,NA,NA
20060228,NA,NA,NA,NA,NA,NA,NA
20060301,NA,NA,NA,NA,NA,NA,NA
20060302,NA,NA,NA,NA,NA,NA,NA
20060303,NA,NA,NA,NA,NA,NA,NA
20060304,NA,NA,NA,NA,NA,NA,NA
20060307,NA,NA,NA,NA,NA,NA,NA
20060308,NA,NA,NA,NA,NA,NA,NA
20060310,NA,NA,NA,NA,NA,NA,NA
20060311,NA,NA,NA,NA,NA,NA,NA
20060313,NA,NA,NA,NA,NA,NA,NA
20060314,NA,NA,NA,NA,NA,NA,NA
20060315,NA,NA,NA,NA,NA,NA,NA
20060316,NA,NA,NA,NA,NA,NA,NA
20060317,NA,NA,NA,NA,NA,NA,NA
20060320,NA,NA,NA,NA,NA,NA,NA
20060321,NA,NA,NA,NA,NA,NA,NA
20060322,NA,NA,NA,NA,NA,NA,NA
20060327,NA,NA,NA,NA,NA,NA,NA
20060328,NA,NA,NA,NA,NA,NA,NA
20060331,NA,NA,NA,NA,NA,NA,NA
20060401,NA,NA,NA,NA,NA,NA,NA
20060404,NA,NA,NA,NA,NA,NA,NA
20060405,NA,NA,NA,NA,NA,NA,NA
20060408,NA,NA,NA,NA,NA,NA,NA
20060410,NA,NA,NA,NA,NA,NA,NA
20060412,NA,NA,NA,NA,NA,NA,NA
20060413,NA,NA,NA,NA,NA,NA,NA
20060418,NA,NA,NA,NA,NA,NA,NA
20060419,NA,NA,NA,NA,NA,NA,NA
20060501,NA,NA,NA,NA,NA,NA,NA
20060504,NA,NA,NA,NA,NA,NA,NA
20060505,NA,NA,NA,NA,NA,NA,NA
20060507,NA,NA,NA,NA,NA,NA,NA
20060509,NA,NA,NA,NA,NA,NA,NA
20060510,NA,NA,NA,NA,NA,NA,NA
20060512,NA,NA,NA,NA,NA,NA,NA
20060515,NA,NA,NA,NA,NA,NA,NA
20060516,NA,NA,NA,NA,NA,NA,NA
20060517,NA,NA,NA,NA,NA,NA,NA
20060518,NA,NA,NA,NA,NA,NA,NA
20060519,NA,NA,NA,NA,NA,NA,NA
20060522,NA,NA,NA,NA,NA,NA,NA
20060523,NA,NA,NA,NA,NA,NA,NA
20060524,NA,NA,NA,NA,NA,NA,NA
20060526,NA,NA,NA,NA,NA,NA,NA
20060530,NA,NA,NA,NA,NA,NA,NA
20060531,NA,NA,NA,NA,NA,NA,NA
20060602,NA,NA,NA,NA,NA,NA,NA
20060604,NA,NA,NA,NA,NA,NA,NA
20060606,NA,NA,NA,NA,NA,NA,NA
20060607,NA,NA,NA,NA,NA,NA,NA
20060610,NA,NA,NA,NA,NA,NA,NA
20060611,NA,NA,NA,NA,NA,NA,NA
20060612,NA,NA,NA,NA,NA,NA,NA
20060613,NA,NA,NA,NA,NA,NA,NA
20060614,NA,NA,NA,NA,NA,NA,NA
20060616,NA,NA,NA,NA,NA,NA,NA
20060619,NA,NA,NA,NA,NA,NA,NA
20060620,NA,NA,NA,NA,NA,NA,NA
20060621,NA,NA,NA,NA,NA,NA,NA
20060622,NA,NA,NA,NA,NA,NA,NA
20060623,NA,NA,NA,NA,NA,NA,NA
20060626,NA,NA,NA,NA,NA,NA,NA
20060627,NA,NA,NA,NA,NA,NA,NA
20060628,NA,NA,NA,NA,NA,NA,NA
20060629,NA,NA,NA,NA,NA,NA,NA
20060630,NA,NA,NA,NA,NA,NA,NA
20060702,NA,NA,NA,NA,NA,NA,NA
20060703,NA,NA,NA,NA,NA,NA,NA
20060704,NA,NA,NA,NA,NA,NA,NA
20060706,NA,NA,NA,NA,NA,NA,NA
20060707,NA,NA,NA,NA,NA,NA,NA
20060708,NA,NA,NA,NA,NA,NA,NA
20060711,NA,NA,NA,NA,NA,NA,NA
20060712,NA,NA,NA,NA,NA,NA,NA
20060713,NA,NA,NA,NA,NA,NA,NA
20060714,NA,NA,NA,NA,NA,NA,NA
20060717,NA,NA,NA,NA,NA,NA,NA
20060718,NA,NA,NA,NA,NA,NA,NA
20060719,NA,NA,NA,NA,NA,NA,NA
20060720,NA,NA,NA,NA,NA,NA,NA
20060721,NA,NA,NA,NA,NA,NA,NA
20060724,NA,NA,NA,NA,NA,NA,NA
20060725,NA,NA,NA,NA,NA,NA,NA
20060726,NA,NA,NA,NA,NA,NA,NA
20060727,NA,NA,NA,NA,NA,NA,NA
20060728,NA,NA,NA,NA,NA,NA,NA
20060731,NA,NA,NA,NA,NA,NA,NA
20060802,NA,NA,NA,NA,NA,NA,NA
20060803,NA,NA,NA,NA,NA,NA,NA
20060805,NA,NA,NA,NA,NA,NA,NA
20060806,NA,NA,NA,NA,NA,NA,NA
20060808,NA,NA,NA,NA,NA,NA,NA
20060811,NA,NA,NA,NA,NA,NA,NA
20060814,NA,NA,NA,NA,NA,NA,NA
20060816,NA,NA,NA,NA,NA,NA,NA
20060817,NA,NA,NA,NA,NA,NA,NA
20060818,NA,NA,NA,NA,NA,NA,NA
20060821,NA,NA,NA,NA,NA,NA,NA
20060822,NA,NA,NA,NA,NA,NA,NA
20060823,NA,NA,NA,NA,NA,NA,NA
20060824,NA,NA,NA,NA,NA,NA,NA
20060825,NA,NA,NA,NA,NA,NA,NA
20060828,NA,NA,NA,NA,NA,NA,NA
20060829,NA,NA,NA,NA,NA,NA,NA
20060830,NA,NA,NA,NA,NA,NA,NA
20060831,NA,NA,NA,NA,NA,NA,NA
20060901,NA,NA,NA,NA,NA,NA,NA
20060902,NA,NA,NA,NA,NA,NA,NA
20060903,NA,NA,NA,NA,NA,NA,NA
20060905,NA,NA,NA,NA,NA,NA,NA
20060906,NA,NA,NA,NA,NA,NA,NA
20060908,NA,NA,NA,NA,NA,NA,NA
20060910,NA,NA,NA,NA,NA,NA,NA
20060911,NA,NA,NA,NA,NA,NA,NA
20060913,NA,NA,NA,NA,NA,NA,NA
20060914,NA,NA,NA,NA,NA,NA,NA
20060915,NA,NA,NA,NA,NA,NA,NA
20060929,NA,NA,NA,NA,NA,NA,NA
20061001,NA,NA,NA,NA,NA,NA,NA
20061002,NA,NA,NA,NA,NA,NA,NA
20061003,NA,NA,NA,NA,NA,NA,NA
20061004,NA,NA,NA,NA,NA,NA,NA
20061005,NA,NA,NA,NA,NA,NA,NA
20061007,NA,NA,NA,NA,NA,NA,NA
20061008,NA,NA,NA,NA,NA,NA,NA
20061010,NA,NA,NA,NA,NA,NA,NA
20061011,NA,NA,NA,NA,NA,NA,NA
20061013,NA,NA,NA,NA,NA,NA,NA
20061016,NA,NA,NA,NA,NA,NA,NA
20061017,NA,NA,NA,NA,NA,NA,NA
20061018,NA,NA,NA,NA,NA,NA,NA
20061019,NA,NA,NA,NA,NA,NA,NA
20061020,NA,NA,NA,NA,NA,NA,NA
20061023,NA,NA,NA,NA,NA,NA,NA
20061024,NA,NA,NA,NA,NA,NA,NA
20061025,NA,NA,NA,NA,NA,NA,NA
20061027,NA,NA,NA,NA,NA,NA,NA
20061030,NA,NA,NA,NA,NA,NA,NA
20061031,NA,NA,NA,NA,NA,NA,NA
20061101,NA,NA,NA,NA,NA,NA,NA
20061104,NA,NA,NA,NA,NA,NA,NA
20061105,NA,NA,NA,NA,NA,NA,NA
20061107,NA,NA,NA,NA,NA,NA,NA
20061108,NA,NA,NA,NA,NA,NA,NA
20061109,NA,NA,NA,NA,NA,NA,NA
20061110,NA,NA,NA,NA,NA,NA,NA
20061112,NA,NA,NA,NA,NA,NA,NA
20061113,NA,NA,NA,NA,NA,NA,NA
20061114,NA,NA,NA,NA,NA,NA,NA
20061115,NA,NA,NA,NA,NA,NA,NA
20061116,NA,NA,NA,NA,NA,NA,NA
20061117,NA,NA,NA,NA,NA,NA,NA
20061120,NA,NA,NA,NA,NA,NA,NA
20061121,NA,NA,NA,NA,NA,NA,NA
20061122,NA,NA,NA,NA,NA,NA,NA
20061124,NA,NA,NA,NA,NA,NA,NA
20061127,NA,NA,NA,NA,NA,NA,NA
20061128,NA,NA,NA,NA,NA,NA,NA
20061129,NA,NA,NA,NA,NA,NA,NA
20061130,NA,NA,NA,NA,NA,NA,NA
20061201,NA,NA,NA,NA,NA,NA,NA
20061204,NA,NA,NA,NA,NA,NA,NA
20061205,NA,NA,NA,NA,NA,NA,NA
20061207,NA,NA,NA,NA,NA,NA,NA
20061209,NA,NA,NA,NA,NA,NA,NA
20061210,NA,NA,NA,NA,NA,NA,NA
20061212,NA,NA,NA,NA,NA,NA,NA
20061213,NA,NA,NA,NA,NA,NA,NA
20061214,NA,NA,NA,NA,NA,NA,NA
20061215,NA,NA,NA,NA,NA,NA,NA
20061218,NA,NA,NA,NA,NA,NA,NA
20061219,NA,NA,NA,NA,NA,NA,NA
20070102,NA,NA,NA,NA,NA,NA,NA
20070103,NA,NA,NA,NA,NA,NA,NA
20070106,NA,NA,NA,NA,NA,NA,NA
20070108,NA,NA,NA,NA,NA,NA,NA
20070110,NA,NA,NA,NA,NA,NA,NA
20070116,NA,NA,NA,NA,NA,NA,NA
20070117,NA,NA,NA,NA,NA,NA,NA
20070118,NA,NA,NA,NA,NA,NA,NA
20070119,NA,NA,NA,NA,NA,NA,NA
20070122,NA,NA,NA,NA,NA,NA,NA
20070125,NA,NA,NA,NA,NA,NA,NA
20070126,NA,NA,NA,NA,NA,NA,NA
20070129,NA,NA,NA,NA,NA,NA,NA
20070130,NA,NA,NA,NA,NA,NA,NA
20070131,NA,NA,NA,NA,NA,NA,NA
20070202,NA,NA,NA,NA,NA,NA,NA
20070203,NA,NA,NA,NA,NA,NA,NA
20070204,NA,NA,NA,NA,NA,NA,NA
20070207,NA,NA,NA,NA,NA,NA,NA
20070208,NA,NA,NA,NA,NA,NA,NA
20070210,NA,NA,NA,NA,NA,NA,NA
20070211,NA,NA,NA,NA,NA,NA,NA
20070213,NA,NA,NA,NA,NA,NA,NA
20070214,NA,NA,NA,NA,NA,NA,NA
20070215,NA,NA,NA,NA,NA,NA,NA
20070216,NA,NA,NA,NA,NA,NA,NA
20070220,NA,NA,NA,NA,NA,NA,NA
20070221,NA,NA,NA,NA,NA,NA,NA
20070228,NA,NA,NA,NA,NA,NA,NA
20070301,NA,NA,NA,NA,NA,NA,NA
20070304,NA,NA,NA,NA,NA,NA,NA
20070307,NA,NA,NA,NA,NA,NA,NA
20070308,NA,NA,NA,NA,NA,NA,NA
20070310,NA,NA,NA,NA,NA,NA,NA
20070312,NA,NA,NA,NA,NA,NA,NA
20070313,NA,NA,NA,NA,NA,NA,NA
20070314,NA,NA,NA,NA,NA,NA,NA
20070315,NA,NA,NA,NA,NA,NA,NA
20070316,NA,NA,NA,NA,NA,NA,NA
20070319,NA,NA,NA,NA,NA,NA,NA
20070320,NA,NA,NA,NA,NA,NA,NA
20070321,NA,NA,NA,NA,NA,NA,NA
20070322,NA,NA,NA,NA,NA,NA,NA
20070323,NA,NA,NA,NA,NA,NA,NA
20070326,NA,NA,NA,NA,NA,NA,NA
20070327,NA,NA,NA,NA,NA,NA,NA
20070328,NA,NA,NA,NA,NA,NA,NA
20070329,NA,NA,NA,NA,NA,NA,NA
20070330,NA,NA,NA,NA,NA,NA,NA
20070401,NA,NA,NA,NA,NA,NA,NA
20070404,NA,NA,NA,NA,NA,NA,NA
20070405,NA,NA,NA,NA,NA,NA,NA
20070406,NA,NA,NA,NA,NA,NA,NA
20070409,NA,NA,NA,NA,NA,NA,NA
20070410,NA,NA,NA,NA,NA,NA,NA
20070412,NA,NA,NA,NA,NA,NA,NA
20070413,NA,NA,NA,NA,NA,NA,NA
20070416,NA,NA,NA,NA,NA,NA,NA
20070417,NA,NA,NA,NA,NA,NA,NA
20070424,NA,NA,NA,NA,NA,NA,NA
20070501,NA,NA,NA,NA,NA,NA,NA
20070502,NA,NA,NA,NA,NA,NA,NA
20070503,NA,NA,NA,NA,NA,NA,NA
20070504,NA,NA,NA,NA,NA,NA,NA
20070506,NA,NA,NA,NA,NA,NA,NA
20070507,NA,NA,NA,NA,NA,NA,NA
20070509,NA,NA,NA,NA,NA,NA,NA
20070510,NA,NA,NA,NA,NA,NA,NA
20070511,NA,NA,NA,NA,NA,NA,NA
20070512,NA,NA,NA,NA,NA,NA,NA
20070514,NA,NA,NA,NA,NA,NA,NA
20070515,NA,NA,NA,NA,NA,NA,NA
20070516,NA,NA,NA,NA,NA,NA,NA
20070518,NA,NA,NA,NA,NA,NA,NA
20070521,NA,NA,NA,NA,NA,NA,NA
20070522,NA,NA,NA,NA,NA,NA,NA
20070523,NA,NA,NA,NA,NA,NA,NA
20070524,NA,NA,NA,NA,NA,NA,NA
20070525,NA,NA,NA,NA,NA,NA,NA
20070529,NA,NA,NA,NA,NA,NA,NA
20070530,NA,NA,NA,NA,NA,NA,NA
20070531,NA,NA,NA,NA,NA,NA,NA
20070602,NA,NA,NA,NA,NA,NA,NA
20070603,NA,NA,NA,NA,NA,NA,NA
20070606,NA,NA,NA,NA,NA,NA,NA
20070607,NA,NA,NA,NA,NA,NA,NA
20070608,NA,NA,NA,NA,NA,NA,NA
20070609,NA,NA,NA,NA,NA,NA,NA
20070611,NA,NA,NA,NA,NA,NA,NA
20070612,NA,NA,NA,NA,NA,NA,NA
20070613,NA,NA,NA,NA,NA,NA,NA
20070614,NA,NA,NA,NA,NA,NA,NA
20070615,NA,NA,NA,NA,NA,NA,NA
20070618,NA,NA,NA,NA,NA,NA,NA
20070619,NA,NA,NA,NA,NA,NA,NA
20070620,NA,NA,NA,NA,NA,NA,NA
20070621,NA,NA,NA,NA,NA,NA,NA
20070622,NA,NA,NA,NA,NA,NA,NA
20070625,NA,NA,NA,NA,NA,NA,NA
20070626,NA,NA,NA,NA,NA,NA,NA
20070627,NA,NA,NA,NA,NA,NA,NA
20070628,NA,NA,NA,NA,NA,NA,NA
20070629,NA,NA,NA,NA,NA,NA,NA
20070702,NA,NA,NA,NA,NA,NA,NA
20070703,NA,NA,NA,NA,NA,NA,NA
20070705,NA,NA,NA,NA,NA,NA,NA
20070708,NA,NA,NA,NA,NA,NA,NA
20070709,NA,NA,NA,NA,NA,NA,NA
20070711,NA,NA,NA,NA,NA,NA,NA
20070712,NA,NA,NA,NA,NA,NA,NA
20070713,NA,NA,NA,NA,NA,NA,NA
20070716,NA,NA,NA,NA,NA,NA,NA
20070717,NA,NA,NA,NA,NA,NA,NA
20070718,NA,NA,NA,NA,NA,NA,NA
20070719,NA,NA,NA,NA,NA,NA,NA
20070720,NA,NA,NA,NA,NA,NA,NA
20070723,NA,NA,NA,NA,NA,NA,NA
20070724,NA,NA,NA,NA,NA,NA,NA
20070725,NA,NA,NA,NA,NA,NA,NA
20070726,NA,NA,NA,NA,NA,NA,NA
20070727,NA,NA,NA,NA,NA,NA,NA
20070730,NA,NA,NA,NA,NA,NA,NA
20070731,NA,NA,NA,NA,NA,NA,NA
20070801,NA,NA,NA,NA,NA,NA,NA
20070802,NA,NA,NA,NA,NA,NA,NA
20070803,NA,NA,NA,NA,NA,NA,NA
20070805,NA,NA,NA,NA,NA,NA,NA
20070806,NA,NA,NA,NA,NA,NA,NA
20070808,NA,NA,NA,NA,NA,NA,NA
20070810,NA,NA,NA,NA,NA,NA,NA
20070813,NA,NA,NA,NA,NA,NA,NA
20070814,NA,NA,NA,NA,NA,NA,NA
20070816,NA,NA,NA,NA,NA,NA,NA
20070817,NA,NA,NA,NA,NA,NA,NA
20070820,NA,NA,NA,NA,NA,NA,NA
20070821,NA,NA,NA,NA,NA,NA,NA
20070822,NA,NA,NA,NA,NA,NA,NA
20070823,NA,NA,NA,NA,NA,NA,NA
20070824,NA,NA,NA,NA,NA,NA,NA
20070827,NA,NA,NA,NA,NA,NA,NA
20070828,NA,NA,NA,NA,NA,NA,NA
20070829,NA,NA,NA,NA,NA,NA,NA
20070830,NA,NA,NA,NA,NA,NA,NA
20070831,NA,NA,NA,NA,NA,NA,NA
20070901,NA,NA,NA,NA,NA,NA,NA
20070902,NA,NA,NA,NA,NA,NA,NA
20070903,NA,NA,NA,NA,NA,NA,NA
20070905,NA,NA,NA,NA,NA,NA,NA
20070907,0.0106593282414299,0.0101542840794435,0.0087310981446556,0.0114370401262658,0.00798785195350272,0.0113783006462501,0.016531539282852
20070908,0.0108572576230857,0.00901209299564648,0.00728757358709716,0.0117069735210538,0.00825320750941455,0.011235441748573,0.0155713496721609
20070910,0.0121587665031678,0.0105630382265032,0.0113276011560124,0.0121889851983498,0.008320767654772,0.0110350233847388,0.014657107640493
20070913,0.0179963131119649,0.00918257286932072,0.0118896736342292,0.0116719835610667,0.00747031911001501,0.0110833993455043,0.0155634547321287
20070914,0.00878276574258684,0.00978954444755322,0.0104885813930191,0.0118589891524639,0.00753280197304981,0.0110619215209997,0.0151318736972586
20070917,0.0218381195166777,0.00986481660264867,0.0110404658291441,0.0125,0.0108719692784405,0.0112393260644303,0.0206105090185178
20070918,0.0125,0.0103945347240416,0.0107984166610334,0.012714945698151,0.00491530329054477,0.0111721546754111,0.0207426829355825
20070919,0.00524133574676988,0.0299117582195165,0.0100759740885373,0.0121818338796671,0.00566035936764435,0.0113528601102161,0.0186941378543015
20070920,0.0125,0.0317654480579264,0.00976165636240854,0.0124691882753195,0.0062290349586181,0.0100173433079628,0.0616932187948412
20070921,0.0125,0.0316298503508814,0.00962921479473012,0.0130806522527459,0.0114934251204462,0.0111247331504254,0.0152628895266303
20070924,0.0125,0.0301453697698528,0.0107498654325026,0.0130146549518346,0.017060793672757,0.011079231223964,0.0134259942791887
20070925,0.0125,0.0230869318563841,0.0109428169987851,0.0125,0.0125562019332861,0.0113727824855536,0.0145260353390265
20070926,0.0124669952620606,0.0272799613838443,0.0121697577154921,0.0128494035214174,0.00239258651045423,0.00970283214154126,0.0117145626669765
20070927,0.0125,0.0243120131421967,0.0111479004181481,0.0129024428363952,0.0124553649884372,0.00954887734349268,0.00950099342655372
20070928,0.0125,0.0274872804365184,0.0125,0.0129144063996193,0.0138998211485353,0.0100413477502531,0.00900729441685658
20071001,0.0125,0.0273712971845098,0.0109488844273632,0.00812109965562917,0.0125,0.010526466218694,0.00922111415137695
20071004,0.0125,0.026950239129759,0.0123631666883059,0.00812273055933622,0.0125,0.0101250150129798,0.0106647509676489
20071005,0.0129584816637167,0.0255766080588455,0.0118907574386949,0.0079576688407847,0.00814201819707477,0.0102901197941064,0.0123085643307434
20071007,0.0125,0.028840390355385,0.0174736199426722,0.0228549144210027,0.0125,0.00772343690213365,0.0276632359817542
20071008,0.0125,0.0287019015041929,0.0123702689473796,0.0240781304053324,0.0125,0.00927535406355793,0.0268470569143469
20071009,0.0216911596188442,0.0336068841447853,0.0125,0.0247092388383687,0.014841270105286,0.00868195970715425,0.0285507053385167
20071010,0.0214171841274627,0.0329303862701863,0.0125,0.0246333607770392,0.014820012184855,0.0102158277091871,0.0272171091977569
20071012,0.0213308080003541,0.0326381737195141,0.0127249123778784,0.0245451763318902,0.0153691156239537,0.0101401686396244,0.0268170105396431
20071018,0.0219347225717234,0.0127433091985556,0.0125,0.025004652277931,0.0153191953696419,0.0098952513436948,0.0261871328636853
20071019,0.0275535262700582,0.0126156906886321,0.010878173523384,0.0246705780520257,0.0149143816462092,0.00981676087702125,0.0275253066474682
20071022,0.0239277782569088,0.0127449895222164,0.0116410662244797,0.024436663093169,0.0144485939874422,0.00991518365850093,0.0284800109379856
20071023,0.0233995630113884,0.0347443032608837,0.0113804168664324,0.0243601011702139,0.0139360687074015,0.0097620107185351,0.038093900684098
20071024,0.018641922431106,0.0264229302463895,0.0143719276518779,0.0245796937450707,0.0135793232910495,0.00979574620297838,0.026380221956748
20071025,0.0192101668378672,0.0503068837719929,0.0121760459175093,0.0247696509375961,0.00875008572990048,0.00984505888305499,0.0254461533965102
20071029,0.0176972927094351,0.0522886962931972,0.0125,0.0247858410340522,0.0138615891259703,0.0125,0.0413720390648947
20071030,0.0219350369313612,0.0447689032584224,0.012394518129813,0.0248420588908134,0.0125,0.0141125208325326,0.0411047238511394
20071031,0.0148263596109145,0.050293349525072,0.0105785197289122,0.0249199108518408,0.014566087523785,0.0125,0.0453832019614809
20071101,0.0168165309551022,0.0413029760018478,0.0105199733085977,0.0247696117166963,0.0184346180374296,0.0123982934992469,0.0470611557391179
20071104,0.0163289935632419,0.0451575047150107,0.010555965442614,0.0248761915506472,0.0140780591145501,0.0256353617415292,0.0486010562250297
20071105,0.0165457184435652,0.0432203523915649,0.0105448233898881,0.0250334742824184,0.0144264405932592,0.010292658610348,0.0468798010583424
20071106,0.0121156158444028,0.0478929431631063,0.0100744556103893,0.0239718374135201,0.0125,0.00982122508788324,0.0283494933280379
20071107,0.0195138862671806,0.0432734175720716,0.0100273869010422,0.0238646318837562,0.0157145798597775,0.0100496923511557,0.029328145180654
20071109,0.00887965195254686,0.050555436238769,0.0100318820906206,0.0235410693771748,0.0125,0.00959630748138159,0.0479628557225345
20071110,0.00864354715830225,0.039033452296968,0.00997059499613428,0.0237898678724256,0.0125,0.0412391931078348,0.0575193485928681
20071112,0.0110095487919742,0.0424730016086489,0.00979568740652989,0.0236316698687269,0.0146104848171171,0.0511495090061312,0.0510367818156084
20071113,0.0111970052635892,0.0455857645695516,0.00986706236210352,0.0238054549376308,0.0172078714500084,0.0205697521014759,0.04983415816
20071114,0.0111996423848554,0.0455215949862069,0.0103542392151816,0.0293421098982832,0.0159359412689952,0.0125,0.0283568681151318
20071115,0.0114263922385644,0.0452789226093078,0.0100498379465129,0.0266412077935472,0.0220729224289706,0.0171087719959059,0.0276265709379604
20071116,0.0110875160894952,0.0509581278290948,0.0100299442983953,0.025,0.01150382263525,0.0131171462558035,0.0274415284499625
20071119,0.00916580873975725,0.0169701856671562,0.00999641603435882,0.0285950515421568,0.0109591493931236,0.0127875051504242,0.0510816136086377
20071120,0.0109070577768412,0.0437784660149396,0.0101584075329728,0.0291439103003963,0.0113021516867378,0.0134258409936287,0.0425571592126797
20071121,0.00874640718614166,0.0357130523152943,0.0101168869692855,0.0272391747994821,0.016195970905912,0.00961603983739205,0.0424464639528521
20071123,0.00853394682448146,0.0308656583465696,0.0126827630271823,0.0287499802482775,0.0113352184985062,0.0106855385530328,0.0403824811941274
20071126,0.00843865930732493,0.0390366522888318,0.0131566908843099,0.0288365359867476,0.0128521669415154,0.0107697444364707,0.0444656260148386
20071127,0.00929974349760188,0.0644460222615837,0.010643444626295,0.0275752130906356,0.0129013238720496,0.0108148528724388,0.0222185132851838
20071128,0.011972794253733,0.0417861696649716,0.0175711654312764,0.0312081852456792,0.00845113639473339,0.0108368061105543,0.0284429080170453
20071129,0.0162070335456011,0.0451232771180314,0.0136328708175614,0.0306599487600189,0.00827011546393339,0.0117591290438098,0.0148150483764594
20071130,0.0136072580553178,0.0437739954438486,0.0130492202521493,0.0294370313724321,0.00733899895252957,0.0116705175733145,0.0181327001296611
20071201,0.0151579526606876,0.0445999395985352,0.0130311833284544,0.0290246151269124,0.00874226787703451,0.0111331357057521,0.014321301611407
20071202,0.0159058281329845,0.0455241814319962,0.0123759283593558,0.0305485489558823,0.00858821418190276,0.0122113135453911,0.0174011456680725
20071203,0.0190063950764637,0.0458977820176766,0.0127533846605652,0.0293278497350664,0.00453883417339555,0.0112790664068956,0.027746638449125
20071204,0.0189409672101576,0.025,0.0115622395844493,0.0297911176621091,0.00484552010893321,0.011315406820892,0.0269128006457546
20071206,0.0144198741796432,0.025,0.0111474733481732,0.0291745277262442,0.00458917179326212,0.0111759684136189,0.0256351052002874
20071207,0.0186408448671038,0.025,0.0111036144849357,0.0296893002424058,0.011142637150602,0.011309875288651,0.0264269340960722
20071209,0.0227365768855232,0.025,0.0111503748448511,0.0314714654097208,0.0110254170885386,0.0113384318408258,0.0263369366974514
20071210,0.0236838923504132,0.025,0.0116552550385383,0.0316852746985797,0.0127979914526017,0.0111669504051208,0.0270589186519961
20071211,0.0214180793095108,0.0394327132249428,0.0110332809779549,0.029226160822349,0.0109674296354729,0.0109296443085157,0.0272008953331788
20071212,0.0197936275982959,0.0189367351395465,0.0100779215952847,0.025,0.00879682851926702,0.0130741071201762,0.0291565547917132
20071213,0.0139626604506553,0.019633173353182,0.0111184315650585,0.0276991025983442,0.00833008501047673,0.01079691020171,0.0266904457050499
20071214,0.014245447706258,0.0177222294083218,0.0138439962508257,0.0291725663125983,0.0109103135256941,0.010843157081118,0.0310095467316054
20071217,0.0122928718375418,0.0178305540269524,0.0112256925501248,0.028900560105246,0.0137393665756,0.0126494524980556,0.0222059549636965
20071218,0.0256541133665281,0.0175194511846851,0.0112963640428327,0.0288661965287285,0.0159530566157144,0.0123339331333675,0.025
20071219,0.0236336006458799,0.0192803120581803,0.0113153817893752,0.028997472476447,0.0121976115217353,0.0135401390570233,0.025
20071220,0.0225048097768445,0.0186852376696272,0.0113905485177635,0.0305309263901165,0.0068968716972917,0.0110044697001137,0.025
20071221,0.0179677717111368,0.0186128187246584,0.0113735706106505,0.0308375002663937,0.00709069274726809,0.0120122100590274,0.025
20080102,0.0114891348405314,0.018262524698048,0.0132468545110401,0.0276279321315325,0.0170343640415881,0.0119948234388348,0.0225820972128709
20080104,0.0106494783444519,0.0145278682764017,0.013922388505398,0.030596985830954,0.0130931588116711,0.0113862299879818,0.0165049862968932
20080107,0.0130873840704175,0.025,0.0124576960528187,0.025,0.0113076514024774,0.0113523127525785,0.0374085717695306
20080108,0.019813243951783,0.0252735423279861,0.0112585914810633,0.0297305234846537,0.0111959427199481,0.0124861997805675,0.00803783947650526
20080114,0.0172456871344936,0.0196507398653202,0.0110729276162376,0.0299714839235082,0.0258054049961306,0.011442827056806,0.00806690467205138
20080115,0.0103378459708253,0.0295594598026198,0.0111842186704121,0.0245231891303916,0.0195513851685317,0.0114148231625712,0.0145159413737233
20080116,0.019927012828863,0.0158871470023105,0.011377646677536,0.0256757239896879,0.0126550645933753,0.0146383020843132,0.05
20080117,0.0115745886409636,0.014066226434042,0.0113451938234118,0.0267657156447486,0.0356950506759559,0.0155302007388465,0.00948715797995656
20080118,0.0117108875364186,0.0161187021596781,0.0146299173925027,0.0263849843198078,0.0497011665497111,0.011438232035803,0.00869273335320278
20080122,0.0182565020369653,0.0125148013087823,0.0194414213366891,0.0252952234729959,0.0445102859335195,0.0112358751992451,0.00960401781205655
20080123,0.0208650161799469,0.0152114447269044,0.0134604747541886,0.0459776657021034,0.0448497449272482,0.0112854324045788,0.00600180303617571
20080124,0.0125223122363527,0.0117884380328792,0.0121225396919906,0.0434476998506089,0.038798233997109,0.0114558773562339,0.00836699979570956
20080125,0.0132737571503945,0.0123275156826829,0.0123552726457949,0.0442998808591088,0.0374290262272256,0.0114882843829162,0.0117460498800942
20080128,0.0134290010881318,0.0114943672068117,0,0.0493215678905837,0.0196706835036314,0.0114177550763923,0.00870696693934702
20080129,0.013520137385905,0.011907999673385,0.0144895637751305,0.0290678791698105,0.0395599787234723,0.012752326099661,0.00802863937676262
20080130,0.0144430293826518,0.0127149354787346,0.0162548870956057,0.0331255896114248,0.0396497935180713,0.0128227425360378,0.0439821279048871
20080131,0.0131537104259917,0.0103109123600614,0.0139885751030049,0.0317169304463102,0.0183004470682976,0.0114343692014674,0.0140528961831585
20080204,0.0162934626309965,0.0104124385075908,0.0138281964325745,0.0317021792812735,0.0348224286073262,0.0116880446585917,0.0139022627186006
20080206,0.0177725340337778,0.00975100628925051,0.0138075894492713,0.0290197130161567,0.0259183065884279,0.011555345106963,0.00962727708563762
20080207,0.0192308974107018,0.011830998542854,0.0207394209553528,0.0330123008977552,0.0246008026996538,0.0115288555135945,0.0332434905966622
20080213,0.0174339674229721,0.0106430631217241,0.0111391992439822,0.024191532356091,0.0182646270164642,0.0118095412629179,0.0363395128839562
20080214,0.0187764872605337,0.0111673380526018,0.0146802024890528,0.0243956425088822,0.0265295212193183,0.0116491184817733,0.0109773230254279
20080215,0.0145516449941954,0.0102795263891057,0.0158684334991626,0.0246101166312443,0.020590428370952,0.0115041712416446,0.0114027420426751
20080219,0.0197249800472781,0.00979343035790603,0.0182387838594824,0.0251273396739136,0.0292763940403103,0.0114223072219076,0.0491710974825509
20080220,0.0136942967457285,0.0115925855107018,0.0162925400140543,0.0242759146406875,0.0238989363666742,0.0118130734709422,0.0510020703042579
20080221,0.0126081778191927,0.0110686455116965,0.013048914474159,0.0295428313997727,0.0228563037973283,0.0132937612608993,0.0132347661363796
20080222,0.0125661248562533,0.0112443558786224,0.0148033967325245,0.0294409723144396,0.0469098452696708,0.0157919049843831,0.0117428538350557
20080225,0.0135545050076536,0.0100216415718661,0.0154710372338197,0.0269322744008809,0.0250534481110972,0.0151692966509758,0.0126444256871482
20080226,0.0139530834942803,0.0129137206798218,0.0153645004517596,0.0246509387289997,0.0244135231295193,0.0128464406541456,0.0125257238378644
20080227,0.0139053751425179,0.0183857816840136,0.0182476610389087,0.0240730610772259,0.0245088536827902,0.0125403687256601,0.0285010963303484
20080228,0.0144382952170934,0.00945341409984355,0.0172571750932368,0.0238279911250705,0.0175999338328785,0.0126278928929911,0.0124932927154418
20080229,0.0130187929213897,0.00997795289114786,0.0190359850722805,0.023679509055445,0.019581408816221,0.0129151871785289,0.0130858451133559
20080301,0.013218005217822,0.00668296933821108,0.036593423688149,0.0238379456469034,0.025932180561809,0.0127599152636131,0.0134580898529345
20080303,0.0158025453906383,0.00666584205945058,0.0235152483368884,0.023870358718876,0.0208739408893516,0.0127653926510556,0.0158078886459118
20080304,0.0161871336248284,0.00640387244956878,0.0241640170464992,0.0240363154297632,0.0150620172432608,0.012962371575232,0.0130780718396554
20080306,0.0163246816850846,0.00665658250025917,0.0199151133876192,0.0236464646792749,0.0140095203795451,0.0158432079427756,0.0166685290708407
20080307,0.0129377013899494,0.00675928890840183,0.0213271748685834,0.0239109091499599,0.0128206078744101,0.0130828428926806,0.0127837053938423
20080309,0.0125956311461045,0.00766538406437371,0.023615872685366,0.0250340119035233,0.0122129448427301,0.0129855985897317,0.0157951998146935
20080317,0.0133906231813667,0.00915052927144097,0.0205363690044524,0.00885618651600827,0.013557260421869,0.0152995222799097,0.0131632022130869
20080318,0.0131371796071804,0.00687676606487085,0.0213832168220615,0.00830423736824574,0.0134474328799299,0.0197141967523943,0.0283504662150439
20080319,0.01624402790055,0.0139704601746098,0.0215006435451044,0.00879911067103923,0.0167903859166794,0.015776847441844,0.0187484459658684
20080320,0.0157169629885892,0.0120387300296966,0.0209534949641635,0.00808518318110517,0.0172226987715639,0.0173485231604771,0.0105257369189157
20080326,0.0153502630386747,0.012490046855684,0.0113772956323533,0.0108228726475684,0.0165047617562563,0.0222381964465999,0.0154524885757406
20080327,0.0126944508481627,0.0127131092718766,0.0164853288517586,0,0.0194728588065135,0.020202602310071,0.0172140868002333
20080328,0.0125219632408907,0.011627469843056,0.0157499900157358,0.00880934121055858,0.0202840942843621,0.0180202933260995,0.0192296943844144
20080331,0.0128876744496445,0.0138461587636887,0.0160195355199074,0.0136810966849027,0.100211100797016,0,0.0199758316595684
20080401,0.0123700046190594,0.0497427606511015,0.0165660597055944,0.0142369115930833,0.0489187411034915,0.0141960881050671,0.0199278343634212
20080402,0.0126464243614844,0.0460178078587095,0.016407524043405,0.019365772818376,0.0231175596900674,0.0149280779978961,0.0213727154867999
20080404,0.0126095297806598,0.0463154457711905,0.0163901953250492,0.0179257596096078,0.107266552180839,0.0134487767959754,0.0204433492413059
20080406,0.0122284710110103,0.0194052643321069,0.015677337455686,0.0190261379946534,0.186617505936053,0.0130909222334324,0.0498527467448308
20080408,0.0105672124419311,0.0432074143775241,0.0163602155204476,0.0467936426468843,0.0250202152991263,0.0175903595875275,0.0583260259122912
20080409,0.012226895063838,0.0191951660380214,0.0171306851275173,0.0209118289782044,0.357734727919948,0.0179976879520507,0.0294955742338363
20080414,0.0124493969613651,0.00814309990745044,0.0149446767915035,0.0116679470178975,0.0214849814577111,0.0153945210927215,0.0184481760668867
20080415,0.0162269999382454,0.00904392911281181,0.015442495158914,0.0126616046468932,0.0200209003349512,0.0184003179426853,0.02278347391673
20080416,0.0125551637520045,0.011746503160874,0.012558888159863,0.0119197542466361,0.0204223810571406,0.0178445581790012,0.0196959046777429
20080417,0.0162856650732529,0.0127784305658984,0.011958074184979,0.0213435303005951,0.0230060379399667,0.0136157920813342,0.0196037247350026
20080418,0.016814070959743,0.011473232891682,0.0118336855576067,0.00983403049425486,0.0232405638852145,0.0132808569070557,0.0182906917876105
20080421,0.0128859297885565,0.0122886205458275,0.0119519771528864,0.00990119482492157,0.0256460130231671,0.014360908041719,0.0174417747922926
20080429,0.017224348066123,0.0153039997890233,0.0130702210054329,0.0106153435460525,0.0251664497775139,0.0131303457117187,0.0181098861828901
20080430,0.0175211294294832,0.0123176123236869,0.013407353612281,0.010392094061503,0.0267414085325206,0.0132312963349898,0.0167031148122855
20080502,0.0181090928130411,0.0116590583652283,0.0134072876957278,0.0104756264209807,0.060338135259203,0.0140580549867536,0.0181242532689876
20080505,0.0187611799549488,0.0152449115970217,0.0150149559779314,0.008102829881408,0.0306904664576821,0.0161070777881557,0.0161639879068893
20080506,0.0225318543342321,0.0148987752902175,0.0127316737649283,0.00808121437888443,0.0271939656674348,0.0162755447797337,0.0208531278978786
20080508,0.0205667907882018,0.0103407384657584,0.0142659962271832,0.00818942204990301,0.0275580952837871,0.0172614309044076,0.014818820892591
20080509,0.0271482046422227,0.012084722242026,0.0123746198483709,0.0115391548838563,0.0317270014606818,0.0162675057242027,0.0155869775470461
20080513,0.0152374042515302,0.0158818580088939,0.0132659051534235,0.0106708287142027,0.0772656518332526,0.0131797982739782,0.0134433873576915
20080514,0.0134074494990773,0.0159711230237891,0.0161808608176827,0.010644416329943,0.0673985596376353,0.0139054368720233,0.0125229423095053
20080515,0.0152469215708965,0.0166247639191003,0.0128384603516636,0.0385726199582106,0.032254315978448,0.0195111924538522,0.0146539060982933
20080516,0.0157350954475282,0.0181863492615342,0.0188595692982972,0.0380401401902429,0.0311502636722704,0.0129678373056593,0.0120142971266668
20080519,0.0308775175289815,0.0186144466878372,0.0188175044710378,0.034613348277213,0.0305849529817195,0.0167972708558379,0.00892568892511875
20080520,0.0220224135938231,0.0148181247041663,0.0159745117375687,0.0168013795210468,0.0393828505158399,0.0127757751839564,0.0117895219113718
20080521,0.0155572006819158,0.0376007830297256,0.0168809358060569,0.0177488145374852,0.0356022163283583,0.0127222005069609,0.0120055907474256
20080523,0.013774629479614,0.0176927263117789,0.0166290441227152,0.0193959528986816,0.0377284113809375,0.0167825926642741,0.0112010842790284
20080527,0.0180913969094462,0.0179343231434996,0.0162860140416369,0.0187881723250131,0.0614748688348463,0.0169063889041172,0
20080528,0.0179976991880607,0.0205535212776768,0.0225288938568642,0.0310815926083521,0.0448832139245417,0.0161664838194929,0.0112995775506012
20080529,0.0188093377285751,0.0238006873748434,0.0164859649996743,0.0179005838576712,0.0464968273798233,0.0187776451162815,0.0121518688789607
20080530,0.0190283906410102,0.0135606507924817,0.0139907165962357,0.0171708396270946,0.0488290193238495,0.0204909174282583,0.0111235452487162
20080602,0.0177121561268238,0.0133300002841947,0.0182506228702439,0.0271464104053645,0.0501674761472765,0.0200635250780554,0.0130309481076796
20080603,0.0216673244847755,0.0211535942386395,0.0163009587476763,0.0259887510545004,0.0506335499976516,0.0191011734418025,0.0133142760450963
20080605,0.0221996458235559,0.013253280134855,0.0182754349884391,0.00833102260044128,0.0394768319256883,0.0199781037084248,0.0266355749326873
20080606,0.0204764296936015,0.0130725424077083,0.0164697128788921,0.0144039213320685,0.0337101407577716,0.0294813438131998,0.0212559263716953
20080608,0.0155908895413255,0.0306149849313043,0.0174064531211321,0.0157925819273328,0.0274146883914444,0.029603864500064,0.0196898850282989
20080613,0.0183314307458143,0.0400127499454498,0.0208209792739641,0.0293271118919562,0.0317744572171817,0.0309660697477384,0.019214289467826
20080617,0.019154299847793,0.038031529501415,0.0188680523269714,0.0280297376748219,0.0314384611675257,0.0306300440405487,0.0191133986985919
20080618,0.0162352074253381,0.0352793458692567,0.0162985225440444,0.0277871461872621,0.0314294640327097,0.0317915606051873,0.0140700142413629
20080619,0.01760513809054,0.0378348909502544,0.0158826082686456,0.0265591336002121,0.0312187490363024,0.0263554845187281,0.0137201898322955
20080620,0.0149807172924136,0.037424145861586,0.013434213072682,0.0242243620167039,0.0409508946802525,0.0294944521857156,0.0125466299062842
20080623,0.0161353894641454,0.0505010198278244,0.0155591690917699,0.0242777355985957,0.0312428095132453,0.0199571769839336,0.0176150759084748
20080624,0.0152102119364599,0.0428702171342728,0.0195856728144594,0.0157638532010629,0.0416245533789431,0.0206655669845575,0.0296325640619328
20080625,0.0142450111738978,0.0545276145222517,0.0126278036407598,0.0153225911402271,0.030378254019658,0.0124299251561191,0.029431219969059
20080626,0.0144747053671073,0.0586707942180856,0.011932499718688,0.0115039155686333,0.0431454178183298,0.0131921137823402,0.0126339022021107
20080627,0.0158147692725979,0.0676891135013734,0.012007485576122,0.00962294821867839,0.0353990236241791,0.0135694855228641,0.018643061333461
20080630,0.0116217734201576,0.0644320536185126,0.0121777594658412,0.014302901576562,0.0532748542197051,0.0132209602658692,0.0187585514954275
20080701,0.0155631695605461,0.0604482739469608,0.0118611959572804,0.0117798830802226,0.0531483883897654,0.0126233061281177,0.0193264921010053
20080702,0.0243254238382622,0.0580572364663569,0.0118713394626347,0.0133309843498711,0.0399199322318379,0.0128213845729467,0.0264289352787493
20080703,0.0189461008186413,0.0528824419314616,0.0118567813191519,0.0121403829719306,0.0232706035150541,0.0129243937309149,0.0351069460854429
20080704,0.0112326592072995,0.0560006535455882,0.0151078533635279,0.0110832031051517,0.024476688741638,0.0127514247730813,0.0302113730424127
20080705,0.0199086352981017,0.0744409685734655,0.0121980448353971,0.0112544209499987,0.0256861219354297,0.0155676016969046,0.0196209496438883
20080707,0.0197436566302083,0.075055667531761,0.0120913166036016,0.0104931359888415,0.0246413515278689,0.0161852459762717,0.0161658521772094
20080708,0.0154757170373691,0.0769059781902483,0.011301960119758,0.00964690176878397,0.0236005041807601,0.0155945073639962,0.0127963913397463
20080714,0.0151665324563418,0.0796735420589578,0.0179871095139885,0.0166255645940655,0.0214768611152108,0.0141402356906742,0.0125780058232884
20080715,0.0118216390159018,0.0512060908179944,0.0180333767018578,0.0149660417062108,0.0235884163561597,0.0123268116303465,0.0126035764658375
20080716,0.0116475094790745,0.0361126192466706,0.0160700999728094,0.0149501824988209,0.0156005072946868,0.011610999013857,0.0361450114633941
20080721,0.011493304190935,0.0264348843272985,0.0156094968635548,0.0116558847988591,0.0197843556982336,0.011860788873197,0.1
20080722,0.0118944155334873,0.0282309363680625,0.0149802022405216,0.0216259360336496,0.0584193150688656,0.0112499628650683,0.0220988878585348
20080723,0.0114949925482588,0.0339131214264173,0.0188115540038456,0.025459047256287,0.0380768770743321,0.0115113799563263,0.0309991622035153
20080724,0.0117755612489015,0.024416250423883,0.0165004940391698,0.0249155793087363,0.0472163156053009,0.0123422932249303,0.0368016978550185
20080725,0.0115069953062252,0.0439393558031143,0.0147837041054845,0.0160085477910315,0.0470797692522812,0.0117814154219442,0.0316769026939355
20080728,0.0120754523384744,0.0303247898493995,0.0113520230495559,0.0114589388515566,0.05,0.0117378164695738,0.0171918687399773
20080729,0.0121489905993174,0.0387292237787225,0.0149908786312133,0.0158802362448016,0.033539492053246,0.0114989976006088,0.0144298796914069
20080730,0.0121794935156662,0.0384382990456894,0.015089390862437,0.014623406837257,0.0335102595170534,0.0120937242918764,0.0143390073595918
20080731,0.013633025027487,0.0383334436214703,0.0150299079630234,0.0117620142507098,0.0644848550840059,0.0115067048198928,0.0146500520396332
20080801,0.0125510199077894,0.046237487116029,0.0139992790274224,0.0201361024400023,0.0646222058291413,0.0118683429369515,0.0145665551145575
20080802,0.0122628391485167,0.0455175547533171,0.0128560479135067,0.0150242100935822,0.0396688393474694,0.0127633658566311,0.0143969177635369
20080804,0.0122493411662251,0.0395405168475414,0.0142022557849891,0.0191896666656477,0.0394916144801629,0.012065138480849,0.0136323041660823
20080805,0.0145779407639767,0.0415595971517186,0.0141412341193717,0.0167177398482236,0.0408145502427607,0.098755825978476,0.0146652296488669
20080807,0.0122301788185649,0.0434944688254316,0.0135413507355318,0.0205020811039236,0.0635214103851317,0.0128650601539609,0.0195593266011993
20080808,0.0128959152498572,0.049744284396723,0.0134677797781407,0.0211659688193488,0.0642609021486998,0.0160295547717448,0.0130005880243348
20080809,0.0121317531552763,0.0443017908495684,0.0158565070191527,0.0163613446872153,0.0508451205362702,0.0127324534407261,0.0128871051397882
20080813,0.0126920064716372,0.0496876308403147,0.0220497286885782,0.0156895241629909,0.058389692783681,0.0133683915680683,0.0252463131581404
20080814,0.0124091120711726,0.0536489208827872,0.022414601663452,0.0158109439978052,0.0493705287205318,0.0109605489930552,0.0184740791265839
20080818,0.0125205655891461,0.0888021925310772,0.017860872547406,0.0164165706399625,0.057026526828285,0.0127949849528581,0.0300799537538189
20080819,0.0127991408496056,0.0899558816136426,0.0135890774523434,0.0171064405168669,0.0546070977609583,0.0124054474503899,0.0401964007832544
20080820,0.0147032256412038,0.0307654233928909,0.0149958439880241,0.0224186264959184,0.0411318715252454,0.00898538322822061,0.0180522208542644
20080821,0.0152451893231555,0.0287955229652405,0.0145691045564436,0.0218185880830372,0.022770236511594,0.00959721129827862,0.0181211896741193
20080822,0.0152404655095274,0.0256421387850974,0.0137176907970164,0.0241729215417415,0.0222656541838583,0.00913773616973414,0.0177770633891022
20080825,0.0142133532384254,0.0370507012268726,0.0134951200844945,0.0217613493453275,0.0208629733955496,0.0145348414933528,0.0187658888771942
20080826,0.0166746574630547,0.0291487557626607,0.0130772923053223,0.0155401086665488,0.0204956981566409,0.00934983001148385,0.0176454662023753
20080827,0.0162121225175262,0.0188580618781468,0.0130716682177023,0.0143088243535609,0.0200018186656238,0.00933515179863828,0.0185933515083508
20080828,0.0134073313708621,0.0625,0.0148549156508061,0.0189436150696325,0.0355743694517102,0.0156961956101575,0.0127177681076947
20080829,0.0130576552701427,0.0657266459322357,0.0138230979950229,0.0198012835841541,0.0186687171120058,0.00916896983830285,0.0113469588180612
20080901,0.0124845495620229,0.0302918144328355,0.0145176243561388,0.0120445061220717,0.0195335351328603,0.00948236911420652,0.0138626451353415
20080904,0.0127604698212987,0.0767055371925706,0.0120069353751257,0.0102181984948085,0.0232061559585152,0.0101931741104301,0.012927747246256
20080905,0.013080769933331,0.0811460317930253,0.0119054227519124,0.0132067739432323,0.0280376922875459,0.00929639680159414,0.0116789969759315
20080906,0.013034866844053,0.0695312115384159,0.0118141745431405,0.0155993777733237,0.0278727965950667,0.0094744368859462,0.0115676660301627
20080907,0.0127475048718844,0.0461652417687259,0.0127574328538131,0.0140838640987465,0.0384917489968556,0.00968766244884974,0.0109649561806387
20080909,0.0121665799814654,0.058152560333925,0.0115822617653967,0.015294363230158,0.0182570912279096,0.0110167571454984,0.0110754724919204
20081001,0.0110990730204446,0.012809029781274,0.0126022132222433,0.0146203633338185,0.0180223675677584,0.0139328242100143,0.0136747812420795
20081004,0.0118811679372891,0.0396806921481048,0.0122691563698381,0.0174940947131891,0.0173576624077937,0.0123056468212644,0.0109238659805898
20081006,0.0116570992798336,0.0157494828937732,0.0118855432076861,0.0143430274702216,0.0190779088432975,0.0118839696189651,0.0109656124740389
20081007,0.0103200834916988,0.279605406094897,0.0129928119086121,0.0153143593304591,0.0192887282860165,0.0118973713612511,0.0142795535320194
20081009,0.0129249580336138,0.0390995913115972,0.0330135906172374,0.0137913459192508,0.0204098525767979,0.0115819159649229,0.0115685238892132
20081101,0.0106202891464876,0.0635436293412826,0.0347390696471135,0.0137168992577213,0.0133155388698624,0.0116416868488954,0.015047470979215
20081102,0.0131449838990186,0.0590373913195218,0.0122984845493308,0.0142634215335433,0.0193733243769388,0.0125191032990109,0.0111769088640575
20081103,0.021212900756253,0.0423596037259562,0.0115762991940685,0.0155413294549285,0.0200948989646638,0.0123901779518465,0.0122792820870063
20081104,0.0126717642817401,0.0439517450065936,0.0112173364771476,0.0155545879907585,0.01421868377492,0.0123731104931071,0.0115504201327843
20081106,0.0138319765968077,0.0429137723719315,0.0110850296130241,0.0172413085280496,0.0139030401448069,0.0120666295487666,0.0112812149594381
20081107,0.0119424082715331,0.0472240361310132,0.0120546745182495,0.0156506971777355,0.0202427482322089,0.0131634754935508,0.016907284810913
20081108,0.0119921036119572,0.0449869744226947,0.0123880097326996,0.0173720380587181,0.0213567626768998,0.0114122891101976,0.0133758618153359
20081109,0.0112843289559495,0.0471346319472445,0.015186037112349,0.0157933880265642,0.0211071746536836,0.0131045279586657,0.0133254772660452
20081202,0.0107908927497607,0.0389496313016592,0.01533842717739,0.0142501400206213,0.0203530854023904,0.0114344948764959,0.011182917427544
20081203,0.0125916978113128,0.0767291029265704,0.0149927496478537,0.0148596931428449,0.026491900837022,0.0117396089219246,0.0137678231501602
20081206,0.0121275350550269,0.0738527657628387,0.0150967258222344,0.0139373276882111,0.0270098269352247,0.0113627347498637,0.0137135776361368
20081208,0.0118221346630874,0.0785178844640469,0.0164554100431089,0.0139502658915978,0.0268574519897042,0.0121570993295294,0.0137463526011434
20081209,0.0126705547443006,0.0470877311058537,0,0.013927356354154,0.0261147897062981,0.0116673568162353,0.0111862828353564
20090104,0.0141130662066392,0.0243247385328776,0.0181147495158168,0.0140151526656015,0.0240451131278427,0.0123135284607632,0.0120595039282704
20090107,0.012756011377699,0.044170704501002,0.0173161105027073,0.0137024982821982,0.0164222053014863,0.0135255239623875,0.0102003060359671
20090109,0.0127704333487136,0.0470018150478371,0.0169738148179284,0.0134345661195185,0.0187027283869386,0.012219924822402,0.010227142095535
20090110,0.0127497748992293,0.00949852508292907,0.0297824920763247,0.012966788277606,0.0234319527386208,0.0169893479609581,0.0115546609011667
20090113,0.0141701118412469,0.00845185251713276,0.0195458271622346,0.0129671880373282,0.016894911230504,0.0175093402251654,0.0116489696316349
20090114,0.0136598954571478,0.0112194169612571,0.0291640919670669,0.0128063336951201,0.018480581483525,0.0127315230602287,0.00892947414196291
20090115,0.0152779550708081,0.0185382755845801,0.0318557293572021,0.0130301260106534,0.017634288784479,0.0143884215173109,0.0284568181743857
20090116,0.0138327480910988,0.0545397170943564,0.0213878060484877,0.0139303684661502,0.0174550699593206,0.0139362857053474,0.0322952678587434
20090120,0.0122509950534785,0.0580181628084297,0.0251878833040079,0.0136694520741184,0.0173197803250049,0.0176258123303274,0.0334525520237845
20090121,0.011621298009162,0.0966415994742109,0.0177710693590959,0.0141123430569015,0.0249885739592791,0.0135133917682941,0.10928647051407
20090122,0.0126835349606177,0.095091255655177,0.0162345893109985,0.0189622000299801,0.0240440225781736,0.0137520865097238,0.109794440736852
20090123,0.0118650757170957,0.088914089476065,0.0164776880914132,0.0176334672305842,0.0155614791301822,0.0139587199343663,0.105313810068616
20090126,0.0134143449090249,0.0808048515140912,0.0214938319468977,0.0175248715225255,0.0133447529708161,0.0140538493362851,0.101654088522936
20090127,0.0127396106774552,0.085260695856412,0.0188949112071583,0.0121877903511805,0.0221770481565362,0.0148939971835579,0.0830319140531976
20090128,0.0154491125470262,0.0993979544569028,0.0221323488453695,0.0143364207193255,0.0142934124752662,0.0152384956245796,0.0892719250488441
20090129,0.0175973602216553,0.0825969070797286,0.0268290634903124,0.0219354641853938,0.0218509559316169,0.0150280935354587,0.0375
20090130,0.0260652021000088,0.103382041947573,0.0204362061791,0.025903709175122,0.0141987764964203,0.013438074452797,0.0375
20090202,0.0159930906429149,0.0852751661883135,0.0179735950171444,0.0226974276997679,0.0217125438935029,0.0159115261989255,0.0418210769483742
20090204,0.0215200666198805,0.0187938441146807,0.0172858779623546,0.0243551781439154,0.0135581935413958,0.0152709939231231,0.0428113431304286
20090206,0.0210973605857443,0.0143258500982883,0.0194796374664293,0.0254321480587183,0.0249651860351216,0.0153436799044947,0.0475859937488815
20090207,0.0213465497907898,0.0473892776617221,0.0173903293328907,0.0250171005374324,0.0213805226576536,0.0159374654826527,0.0457604865550374
20090209,0.0208650917160577,0.0483072260735616,0.0172667081258123,0.0237632380089756,0.0210654960099804,0.0159374221002422,0.047155841762108
20090210,0.0215401518455217,0.0385254065825271,0.0171060169635887,0.0181814502082533,0.0174123069322896,0.015633587205523,0.0375
20090211,0.0991418796885068,0.0752226984883944,0.0234180963273412,0.0201602768171995,0.0171750189886659,0.015608955267086,0.0456996494386344
20090212,0.0150308149144669,0.0775199705732366,0.0336894263992693,0.0189670034230319,0.0175928929715776,0.0155851761300624,0.0375
20090213,0.0150608308877436,0.0375,0.0802409369180305,0.0212697628252255,0.0179584652649032,0.0154581533138218,0.0375
20090217,0.0160431864319484,0.0610066262439531,0.031801801504889,0.0177884546747576,0.0158912991297392,0.0154059507379719,0.0312358558349079
20090218,0.0137426966129402,0.0317234905032081,0.0176229706663022,0.0152882766414297,0.0639034543295471,0.0301078060538089,0.0144210193370593
20090219,0.0137489795278471,0.0293502169637275,0.0216781429627411,0.0170749664549472,0.037126263763268,0.0389083682827366,0.0637684599482202
20090220,0.0168918806148164,0.0286382878096688,0.0213712460486874,0.0167847864602467,0.0358822904332125,0.037499580172089,0.0615970939163929
20090223,0.0184032129045991,0.0239584577264846,0.0155712607597497,0.0173048038057084,0.0380759724622639,0.0360496683278651,0.0833980559725843
20090224,0.0201486609097333,0.0188237899638588,0.0223023718316578,0.0168921966512726,0.0387676157913743,0.0361786738174152,0.0859290179640198
20090225,0.0168374424289548,0.0289925351492199,0.0203060113361893,0.0203487544935784,0.0553777083352564,0.036814245219508,0.0799888943339167
20090226,0.0168443382732047,0.027650772928205,0.0185994980297898,0.0191323477646838,0.0463766317889287,0.0369814840435005,0.0815957877040179
20090227,0.0232973744515792,0.0286523042063829,0.0185281173035544,0.0182537161058475,0.0348861389000312,0.0270253017213553,0.0830411515528268
20090302,0.016045249000634,0.0214992892345455,0.013766218484329,0.0182250651173985,0.0241312031407971,0.0263285105173084,0.0749611556592239
20090303,0.0159890079509077,0.0299251613644158,0.0125,0.0185562859804106,0.0219379600181151,0.0261050990298263,0.0717399035454352
20090304,0.0187981525842674,0.0299731001383726,0.0131927376748421,0.0225450808703752,0.0224220863588719,0.0258768791879093,0.0526679368227033
20090306,0.0228687016489411,0.0192046393962487,0.0184104997755014,0.0177862546475608,0.0213761180075591,0.0353731051304801,0.0542057803528356
20090308,0.0221473353813223,0.0245948646860921,0.018593683734619,0.0206299945415787,0.0201711706269948,0.030098313447845,0.0487249249658268
20090309,0.0195527496745151,0.0231947647318609,0.0166150119149974,0.0241105880855458,0.0168615998885211,0.0317410007056569,0.0497446176279395
20090311,0.0187889244777157,0.022010755971901,0.0142196225925162,0.0186181797553159,0.0303463792730662,0.0290836067313295,0.0480947114130558
20090312,0.0226274004474212,0.0297249326061687,0.022143835744009,0.0186071818728492,0.0261491211252181,0.0323238764831617,0.0491839857509489
20090313,0.0219679298923043,0.0333683907004896,0.0143843594994145,0.013262082319466,0.0245197258832914,0.0320402403782154,0.0498472532049028
20090316,0.0224430459668287,0.0311152979600472,0.0171988172135167,0.0149471352707307,0.0235952365543586,0.0275518566936123,0.0401491887489868
20090317,0.0206101247157857,0.0244203287896712,0.0140704908109885,0.0151371587855249,0.0228771577260332,0.0374045759530788,0.0453391239359703
20090318,0.0209982264446721,0.0242621267184699,0.0165267178242999,0.0190625766427505,0.0300982674431122,0.028499354574581,0.0447175369060695
20090319,0.0181067650934578,0.0298221913184067,0.0147023737333783,0.0125,0.0303544988983728,0.0336930480099932,0.0331694503640128
20090320,NA,NA,NA,NA,NA,NA,NA
20090323,NA,NA,NA,NA,NA,NA,NA
20090324,NA,NA,NA,NA,NA,NA,NA
20090326,NA,NA,NA,NA,NA,NA,NA
20090327,NA,NA,NA,NA,NA,NA,NA
20090330,NA,NA,NA,NA,NA,NA,NA
20090331,NA,NA,NA,NA,NA,NA,NA
20090402,NA,NA,NA,NA,NA,NA,NA
20090403,NA,NA,NA,NA,NA,NA,NA
20090405,NA,NA,NA,NA,NA,NA,NA
20090406,NA,NA,NA,NA,NA,NA,NA
20090408,NA,NA,NA,NA,NA,NA,NA
20090409,NA,NA,NA,NA,NA,NA,NA
20090411,NA,NA,NA,NA,NA,NA,NA
20090412,NA,NA,NA,NA,NA,NA,NA
20090414,NA,NA,NA,NA,NA,NA,NA
20090415,NA,NA,NA,NA,NA,NA,NA
20090416,NA,NA,NA,NA,NA,NA,NA
20090421,NA,NA,NA,NA,NA,NA,NA
20090422,NA,NA,NA,NA,NA,NA,NA
20090423,NA,NA,NA,NA,NA,NA,NA
20090424,NA,NA,NA,NA,NA,NA,NA
20090427,NA,NA,NA,NA,NA,NA,NA
20090428,NA,NA,NA,NA,NA,NA,NA
20090502,NA,NA,NA,NA,NA,NA,NA
20090503,NA,NA,NA,NA,NA,NA,NA
20090505,NA,NA,NA,NA,NA,NA,NA
20090506,NA,NA,NA,NA,NA,NA,NA
20090508,NA,NA,NA,NA,NA,NA,NA
20090510,NA,NA,NA,NA,NA,NA,NA
20090511,NA,NA,NA,NA,NA,NA,NA
20090513,NA,NA,NA,NA,NA,NA,NA
20090514,NA,NA,NA,NA,NA,NA,NA
20090515,NA,NA,NA,NA,NA,NA,NA
20090518,NA,NA,NA,NA,NA,NA,NA
20090519,NA,NA,NA,NA,NA,NA,NA
20090520,NA,NA,NA,NA,NA,NA,NA
20090522,NA,NA,NA,NA,NA,NA,NA
20090526,NA,NA,NA,NA,NA,NA,NA
20090527,NA,NA,NA,NA,NA,NA,NA
20090528,NA,NA,NA,NA,NA,NA,NA
20090529,NA,NA,NA,NA,NA,NA,NA
20090602,NA,NA,NA,NA,NA,NA,NA
20090603,NA,NA,NA,NA,NA,NA,NA
20090604,NA,NA,NA,NA,NA,NA,NA
20090605,NA,NA,NA,NA,NA,NA,NA
20090607,NA,NA,NA,NA,NA,NA,NA
20090608,NA,NA,NA,NA,NA,NA,NA
20090610,NA,NA,NA,NA,NA,NA,NA
20090611,NA,NA,NA,NA,NA,NA,NA
20090615,NA,NA,NA,NA,NA,NA,NA
20090616,NA,NA,NA,NA,NA,NA,NA
20090617,NA,NA,NA,NA,NA,NA,NA
20090618,NA,NA,NA,NA,NA,NA,NA
20090619,NA,NA,NA,NA,NA,NA,NA
20090622,NA,NA,NA,NA,NA,NA,NA
20090623,NA,NA,NA,NA,NA,NA,NA
20090624,NA,NA,NA,NA,NA,NA,NA
20090625,NA,NA,NA,NA,NA,NA,NA
20090626,NA,NA,NA,NA,NA,NA,NA
20090629,NA,NA,NA,NA,NA,NA,NA
20090630,NA,NA,NA,NA,NA,NA,NA
20090701,NA,NA,NA,NA,NA,NA,NA
20090704,0.0822337545334156,0.0257344497019817,0.0273976038029745,0.0276471295918512,0.0313304208757947,0.0266198226703691,0.0405054392880925
20090705,0.0811409291849516,0.0262470774736094,0.0262623264602352,0.027792491044223,0.0437915333874749,0.0284958288317152,0.0370927833176957
20090707,0.0821443179471096,0.0272130234128953,0.0310543325826436,0.029851422989037,0.0608951907783992,0.0177121631716488,0.0446234418080363
20090708,0.0197892207561137,0.0255032810450381,0.0308688944049427,0.0291527237264279,0.0289777803451221,0.0214630479710447,0.0381715667836906
20090710,0.0203804403978758,0.0261301135561243,0.0286300483210812,0.0293091732218001,0.0554249648295441,0.0188749490119053,0.041039078193126
20090712,0.0199553449588834,0.0302754476245307,0.0276102680753312,0.0287095352128241,0.0509903778133179,0.0176843083199666,0.0430475238678312
20090713,0.0266282198913733,0.0299116018777125,0.0146737088413212,0.0265397427007774,0.0238280735726878,0.0170296078255331,0.0532934940956791
20090714,0.0462733138953718,0.0389499515624919,0.0226895800195797,0.0265985522161924,0.0296358691122231,0.0190226007508259,0.115657635255952
20090715,0.0259211254257309,0.0318025149519423,0.0308469905175382,0.0266424605389013,0.0296682205896811,0.0178610741560679,0.117861266951088
20090716,0.0321420124438928,0.0480518106984674,0.030175696380501,0.0265811223307758,0.0306308649295426,0.0127778274741417,0.0266625744020293
20090717,0.0311248913611475,0.0459313113087984,0.0294257262981241,0.0265938898560636,0.0310884771571678,0.0159453818452345,0.0625
20090720,0.032205189442806,0.0414419342712225,0.0250317024549058,0.020253509467382,0.0256646093427408,0.02235234846867,0.021204018196715
20090721,0.0305363691816556,0.0401168398960072,0.0400329987193442,0.02045594400799,0.027425846546894,0.0222394416057072,0.0254708772078468
20090722,0.0295052817991631,0.0305773256299129,0.0381284623625166,0.022316188509194,0.0332542107811863,0.021117339988606,0.0198416874112619
20090723,0.0372849797112572,0.028815787527869,0.0308404874665034,0.0210339642833439,0.0509327953586881,0.0207944493021541,0.0261653925777721
20090724,0.0319533539588418,0.0304470994754123,0.0430616841230832,0.0258130056093516,0.0776649447527281,0.0206544289022036,0.0269875277131709
20090727,0.0506409264241718,0.0326480064363242,0.0280787882930617,0.0305950563940769,0.0774917106982373,0.0241162368991749,0.0180277393583534
20090728,0.0319419726417299,0.0335487469538645,0.0287426431536204,0.0231070221204691,0.0453889926136193,0.0199015401863123,0.022203423775814
20090729,0.0332635314440239,0.031929501772552,0.027035437618116,0.0225076894461224,0.0215453642524842,0.0197237648967918,0.0213851986280249
20090730,0.0500961440560819,0.031818865385045,0.0289999115605804,0.0237172142729949,0.0217574887940574,0.0195895840765279,0.0211983026302276
20090731,0.0341747074785322,0.0296751479781483,0.0258635580187846,0.0332319793073864,0.0235577415806379,0.019177351196483,0.0219497847371233
20090801,0.0344888369715369,0.024225055820757,0.0252633954867627,0.0339937156462148,0.0300356015581618,0.0178316301649492,0.0230335417024247
20090804,0.0375396516596439,0.0426890624849249,0.0207353059006284,0.0342261545790795,0.0300287158812845,0.0191048432441552,0.0225535072897537
20090805,0.0361311529241076,0.042924067643514,0.0191225830559052,0.0360666651843016,0.0280956704141012,0.0189953880695512,0.019821702400448
20090807,0.0364946487403833,0.0229973649110597,0.030001234412769,0.0398892308897434,0.0205683023075855,0.0205250065378845,0.0197348912610682
20090809,0.0339553474239225,0.0250050738562041,0.0190032466366442,0.0400435438626569,0.0286644587402786,0.0211303658437678,0.0286029517917235
20090810,0.0255339372555483,0.0385149050147445,0.0279810649084273,0.0459801689217073,0.0301123620772701,0.0180501275377812,0.0296778100111556
20090813,0.0205286798633994,0.0194381020202718,0.0284002814939522,0.0237916471284499,0.0400276711186771,0.0164235509130853,0.0271827157324268
20090814,0.0217692535596148,0.023185378159457,0.0274871987099378,0.0224946626053821,0.0430456868525436,0.016028805730431,0.0315786456854618
20090817,0.0263056545562404,0.0291023044257271,0.0356756725625018,0.0229930194248256,0.106595389974035,0.0167975712229047,0.042601152546547
20090818,0.0423485259534541,0.0256161965989177,0.0249379279821815,0.0280794459225352,0.0992587228286762,0.0165543378042106,0.0875
20090819,0.0452800823715803,0.024259224267599,0.0425350058842408,0.0285076224659931,0.0905225554997964,0.0163074721838763,0.0996595817197747
20090820,0.020267149337211,0.0247601465159574,0.0471566937419687,0.0296710306111527,0.0789840700901514,0.0165051597113445,0.0875
20090821,0.023944023332337,0.0180842496960256,0.0433389898456214,0.0214468717295654,0.0736872737050915,0.0132861997122457,0.0930823123775357
20090824,0.0189008181615571,0.0154819232329557,0.0421908834470583,0.0214077705246508,0.0672395428375456,0.0169535590905952,0.0875
20090825,0.0214751377237669,0.0179067841060693,0.0121218880799481,0.042727220736764,0.0521825558598579,0.0169941308425482,0.052162252922408
20090826,0.0320875091079948,0.0167253065207902,0.0159730040495698,0.038814067332978,0.0545182397749939,0.0190285555511356,0.0371364090304809
20090827,0.0267895146038779,0.0145364250675341,0.01582014781463,0.033901130394587,0.0489221790441447,0.0267584507330218,0.0232528836712098
20090828,0.0210264224862426,0.0142472752084882,0.0132968157381121,0.0389988961766775,0.0705936165438626,0.0316811800407146,0.022731903565673
20090831,0.0245423163738391,0.0141326149011467,0.0126661601224235,0.104626855526981,0.049524890408468,0.028332377008217,0.0226717731066453
20090901,0.034917614051561,0.0138062629358239,0.0124982065373131,0.104753428845711,0.0702714312481583,0.024720557720341,0.0213064414307938
20090902,0.0551580682417995,0.012994103035799,0.0134199436500444,0.107248177095986,0.0465373419020218,0.0166630275992965,0.0228502497021135
20090903,0.0580222627538927,0.012996044097822,0.0138108160708988,0.110022821226518,0.0840320055378293,0.0157937918391023,0.0599064504328698
20090904,0.0567019856779893,0.0128368394612541,0.0122463749763569,0.0337463448607545,0.0746745855093409,0.0160729177670158,0.0236012670887404
20090906,0.0347363971092366,0.0128206313508645,0.0160476958002495,0.0352207144873412,0.0465683792785207,0.0168421519562478,0.0237093164110943
20090907,0.0586887808388669,0.0127852614956749,0.01375214220374,0.107611220760857,0.0275754515569347,0.0173292766348493,0.0296765726035522
20090909,0.0536744324775919,0.015406199597503,0.0696145899153582,0.0336504027430037,0.0568862187784466,0.0193572371467228,0.0512571218882393
20090910,0.0516719734229224,0.0136076641273791,0.0219416959105604,0.110066863551377,0.0514429311810971,0.0240674395834468,0.0218107702113935
20090911,0.0511336349918765,0.01866893384653,0.0214544349178302,0.108483578154611,0.0573482612109454,0.0237640160112744,0.020287495114363
20090912,0.0241326753704659,0.0188313013291142,0.0218653402725621,0.100346949163876,0.0539483653827062,0.0214207107245267,0.0222624158513725
20090914,0.0178663110969039,0.0213326424546023,0.0270581568165711,0.0936148939905304,0.0645828285082998,0.0242318387360845,0.0203771544025817
20090915,0.0177903872323328,0.0255591868377524,0.0714402148988951,0.0341429572982954,0.0717868474382858,0.0235200603272041,0.0228552327471303
20090916,0.0183344609030866,0.0255990414266115,0.0255038330383155,0.0336369553457168,0.0301859708340871,0.0208660839893561,0.0419687614993801
20090917,0.0244504969362927,0.0186653160568019,0.0790314081271086,0.0370599679327367,0.0255320285526371,0.0223239097377976,0.0299301032587047
20090918,0.0207290569575024,0.0253977129175996,0.0300739591784824,0.0704060217778152,0.0327144153823183,0.0205286103200926,0.0422592833681213
20090921,0.0194101403305404,0.0241666713946139,0.0714612169938574,0.0733591579589079,0.0290663358138199,0.0205964033854845,0.0873669690994196
20090922,0.0189503893549741,0.0156861896261398,0.0706688735174547,0.0735978732025555,0.0385776626279511,0.0215656800244968,0.0394887794511697
20090923,0.0237259352003026,0.0154137835746655,0.0711528378204142,0.0777801900287319,0.037702538974444,0.0219740305069438,0.0322665696190916
20090924,0.0193478941847682,0.0183017302132434,0.0703203582526051,0.0383082250141604,0.0378349600404916,0.0197798166426246,0.0310115791154499
20090925,0.0250739474770417,0.0140531695127263,0.018652084427534,0.0376112557792862,0.022483945581464,0.0200859099999757,0.0181207678230848
20090928,0.0279545308487086,0.0128330437833274,0.00934562376172512,0.0962773737081944,0.0245359349519482,0.0231409395089361,0.0290580423979964
20090929,0.0234081358686696,0.0136177379315868,0.00938998544615388,0.101699025481349,0.0252248440827208,0.0222374650260668,0.0298883930628414
20090930,0.0239462888659092,0.0148507008132497,0.010687941692528,0.0988332694472729,0.028769444300663,0.0200198329096103,0.0299413613916127
20091002,0.0246947399200182,0.0134299230982975,0.0107895460727885,0.0974524607497571,0.0342065833376601,0.0207065881896612,0.0316129016217756
20091003,0.0248222443669061,0.0682550089160394,0.0152646431765061,0.0959189146860576,0.0341802782870356,0.0206032474494088,0.0277664167682233
20091006,0.018022703282443,0.0769061198481224,0.01689786532572,0.0850782113694575,0.0192993462572254,0.0149437551033286,0.029181562852298
20091007,0.0184768059354214,0.0766601965308528,0.0233660201201055,0.10061338218343,0.0188429014247596,0.0144653890391177,0.0288491374065529
20091008,0.0246485972906331,0.0195264189163482,0.0182233974125404,0.0701306254267361,0.0186385486057253,0.0144399215308246,0.028710893142697
20091009,0.0244002352982821,0.074801843083818,0.0593304848263659,0.0670247409092666,0.0189217412785741,0.0146657563637829,0.0306544940363066
20091011,0.0243333608093657,0.0735071597203919,0.0260180511684699,0.0630169027507961,0.0184510274607983,0.018453724282266,0.0309640005193617
20091012,0.0225406374006974,0.0686770299852652,0.0204629626462111,0.0762197741547794,0.0185163065405539,0.0152940099881227,0.031103493158202
20091013,0.0225943734852689,0.0327289332029405,0.0239031726456996,0.123405360686943,0.0159333071506191,0.0143954250632602,0.0571606077517186
20091014,0.0225443501558066,0.0199729034684662,0.0221141132088656,0.208839977540901,0.0179753841676575,0.0169278261144141,0.0709723275854819
20091015,0.0221437507747815,0.0198520367466363,0.0201795480465902,0.209475700100921,0.0328226251279004,0.0166702918290972,0.0496516141469962
20091016,0.0202338875873175,0.0200208261848047,0.020871273340786,0.212890807877914,0.0343157581633608,0.0145914994932009,0.0824395122436832
20091019,0.0201207960262321,0.025231567125002,0.0223820878661537,0.212784926807414,0.0331622784864334,0.0175841294276606,0.071083408273136
20091020,0.0212707027831025,0.0270105928048921,0.0249174485132091,0.209993549912944,0.0237284626583511,0.0151378970264816,0.0605027986210527
20091021,0.0214514882855403,0.0219507530917417,0.0233603887859724,0.209651623568921,0.0240252445790506,0.0148206155979419,0.084507891665027
20091022,0.0196158581510325,0.0256319178378993,0.0253034878552483,0.142029399956503,0.0225098026871301,0.0143253223561551,0.0364712776737545
20091023,0.0194998502411386,0.0252795319498471,0.0280129242042273,0.122385138665305,0.0235170852954603,0.0142355697489165,0.0532060286826938
20091027,0.0176514299076377,0.0475300620058427,0.0198133492353719,0.144900795720776,0.0233415226283736,0.0206773516759311,0.0163591962333304
20091029,0.0212420861507516,0.020182434424506,0.0133977986580482,0.141926352392416,0.0261757793364975,0.0170874218347225,0.0166022792496362
20091030,0.0167819488431322,0.0201733488640245,0.018845229255984,0.143164942747893,0.0262116111732199,0.0146339246149303,0.0160740904799859
20091102,0.0282362774769519,0.0287434688127883,0.0174474221871753,0.0726727243834225,0.0223602149388977,0.0202337514030755,0.0287030796164779
20091103,0.0284361715674614,0.0246423609618931,0.0173394476237857,0.0445569625513492,0.0222720305001096,0.019120741375106,0.0172959090598736
20091105,0.0299767425143926,0.0196016289248422,0.018320758605017,0.0203717726264665,0.0223682028752107,0.0198573532324394,0.0174848250175558
20091108,0.0250655007652964,0.0234264217502419,0.0193636420442138,0.0250707315746253,0.0218034325049625,0.0200015265136976,0.0152616533316655
20091109,0.0292763611752315,0.0231557855228341,0.0191479600582755,0.0250016687995687,0.0273647598541908,0.019295058779905,0.0174319098355091
20091112,0.0284939473919575,0.0228606910714,0.0189523651249063,0.0324911266037477,0.0250579703046766,0.0196099321211554,0.0177510364249575
20091113,0.028022278055641,0.0227903226911384,0.0228263006069084,0.0321594597042744,0.0251273865241859,0.0179366485387651,0.0212767371412948
20091116,0.016635894394173,0.0260371731479154,0.010692014496155,0.0289236228570811,0.0200018241046642,0.0161534690318192,0.0159730722101151
20091117,0.0159009879568535,0.0170823191708779,0.00874201296133683,0.0298012455983207,0.0177997773325851,0.0164844825044024,0.0212779142223321
20091118,0.0148284057609855,0.0217430876669981,0.010341461554953,0.0289313935609699,0.0151820056217964,0.05,0.0214529390609067
20091119,0.0181602374270474,0.0214113499699226,0.00911319744712512,0.0261023858129926,0.0150692099262218,0.0149870049608312,0.026609555068765
20091120,0.0195393858817972,0.0188304128093496,0.00870487966814914,0.030128785550682,0.0139949433770933,0.0159646396616804,0.0269299004568723
20091123,0.0205148256627177,0.01953287076879,0.0103357964109538,0.0284844991295432,0.0136353346364948,0.0126493384418685,0.0196890735626834
20091124,0.018642851454154,0.0210152844647995,0.0225780012271811,0.0259569805032775,0.0168327548957942,0.0127668438511704,0.0244204989957085
20091125,0.0159320645083897,0.0199821572071796,0.0118837164389819,0.0273608929094824,0.013895325340659,0.0139322086977136,0.0238083821725564
20091127,0.0277331912067609,0.0195810478278784,0.0123237417754595,0.027283967166393,0.0144329746823604,0.0130692688765741,0.0202213241741369
20091130,0.0275927095579338,0.0162900297429876,0.0123912753712083,0.0267733944588057,0.0191109951773775,0.0131909411335493,0.0200596111353931
20091201,0.0253202480872784,0.0188686140642317,0.0126692563052556,0.0268530934895047,0.0172588994154325,0.0190334135551643,0.0231625665156711
20091202,0.0224514400101599,0.0168393330733368,0.012936939696509,0.0296062725450561,0.0205319405633235,0.0123094450926104,0.0219119468701465
20091203,0.0174519673915406,0.019060127876183,0.013106217229237,0.33207803366178,0.0205318089771981,0.0124768976155964,0.0195572183761934
20091205,0.0258754339036958,0.0112089189047041,0.0129941023218009,0.0265796178384217,0.0201104859089274,0.0131676408501851,0.0196609192957561
20091206,0.0209746238183958,0.0122666718200408,0.0130831384623337,0.0204914513477943,0.0187374964619122,0.0133576374416217,0.0190359610017266
20091208,0.0179033493642717,0.0118125991654413,0.0129905638220445,0.0205303812773324,0.018141152305598,0.0132526519452219,0.0185007779364527
20091210,0.0180500491388223,0.0112861765711444,0.0179644235468142,0.0321544506622922,0.0176101633507379,0.01327136058113,0.0202160195825864
20091211,0.0181998125820745,0.0132683716803122,0.0140239444591837,0.0314934450606398,0.0135760947624215,0.0131486728898472,0.0211813364947074
20091215,0.0178462907529873,0.0106721908169933,0.0150903054082033,0.0294869338730114,0.0176051910409029,0.0131112554936772,0.0171092200201118
20091216,0.018153866779037,0.0172937337830527,0.01770467241309,0.0262160138083089,0.0154773668334133,0.0130768613326757,0.0169065306449203
20091217,0.0178710429094441,0.0111694483931672,0.0160881268780218,0.0257223815261082,0.0161837478746179,0.0127367806971407,0.0178242355533505
20091218,0.0219554628041152,0.0173469413826136,0.016716609533732,0.0339896440125513,0.0164297546592288,0.0132519250351498,0.0153783142639756
20091221,0.0180859280163696,0.0142163094075594,0.042029032955968,0.0168681646071159,0.0143501322502941,0.0130182308107997,0.0194587357935798
20091222,0.0170900004594675,0.0113245274312198,0.0236127891025116,0.0165470009341506,0.0182163987229209,0.0124560427174498,0.0224655886082281
20091223,0.0295996019861718,0.0114594145493653,0.0163162246923568,0.0122264272445734,0.0142724950145946,0.0119700432549869,0.0148760182063838
20100102,0.018693068971994,0.0114395867577009,0.0159849793940431,0.00749090387226096,0.0137516220126718,0.0119130674402511,0.0160462801284158
20100103,0.0184649927914031,0.0151670974418126,0.0234753369972708,0.00764632877257455,0.0135649881499104,0.0116429945932091,0.0182692451152824
20100104,0.0268198301145564,0.025,0.0154709182232185,0.00673131733179825,0.0359204872371552,0.0117106642712766,0.0189622086115722
20100106,0.0180905307624152,0.0353099174203346,0.0149801474363619,0.00646828458238353,0.0360058083338883,0.0113227357432021,0.0154284786037212
20100107,0.0220214129369708,0.024491305125301,0.0172269292408723,0.00659878085588837,0.0368498596733863,0.0114445761512665,0.0159914722225197
20100109,0.020767187420201,0.0165007206320095,0.0114372784742966,0.00754558574948934,0.0244061914924926,0.0126986986243811,0.0177158971449208
20100110,0.021168681832338,0.05,0.0117151620928888,0.00742199578055374,0.0318840935623453,0.0137206150009851,0.0176850760428985
20100113,0.0208268341542739,0.0162474448428881,0.0127874719857408,0.00755552994680117,0.0364967422840711,0.013987448105422,0.0231897136599669
20100114,0.0294753236293684,0.0164684451255056,0.0110852088882614,0.00675653829802688,0.0230126218783585,0.0128551007061855,0.0170281497669939
20100115,0.0277081064548513,0.0201117068573423,0.0189922525634008,0.00777627637155245,0.0288572770851479,0.011692417523615,0.0180438318270984
20100119,0.028262089590816,0.0168717076423661,0.0253736112518782,0.0101932270451413,0.0328395907330224,0.0126464032686269,0.0171977760969113
20100120,0.0296267782400371,0.0139855525393832,0.0174781133337993,0.00838713270687183,0.0309752683084755,0.0126957106772612,0.0175133329752444
20100121,0.0265821433167331,0.0128730049253734,0.0189478825828913,0.00747723191097475,0.0307445781832574,0.0162368702630829,0.0225351201261048
20100122,0.021103013030637,0.0128852075104728,0.0190658804838349,0.00680695909764885,0.0242974491871141,0.0141574376955378,0.0168240351620731
20100125,0.020943696645171,0.0129893591652977,0.0261275203141638,0.00720009866516752,0.0476963241989255,0.0119602980615088,0.0192139261051277
20100126,0.0216519275947969,0.0136771218747271,0.0206741156785544,0.00714040474050741,0.0488076744627404,0.0122021968433447,0.0226433524185699
20100127,0.0227186896386359,0.0138465461159182,0.0190154031655228,0.00659685932168759,0.0441737682669792,0.0113529660929682,0.0151435087555466
20100128,0.0150765120717593,0.0207601659661454,0.0162999074837685,0.0068675598055544,0.0591801340799041,0.0113507508067574,0.0147410338156409
20100129,0.0138651365258284,0.0196184299768679,0.0182289007542376,0.014493188043524,0.022419377994914,0.0106012238372717,0.0142911363537067
20100202,0.0141879600309524,0.0175009428676641,0.0208365936416799,0.0151987267795858,0.0250500365368505,0.00980448967488356,0.0150943551321269
20100203,0.0144084030176955,0.017493385488001,0.0217595414262988,0.013302135132481,0.039095969036595,0.0101165855184194,0.0163547980184953
20100206,0.0145301526139886,0.05,0.0206182349932246,0.0130034757433167,0.036267066491083,0.00938171142973813,0.0167795395920208
20100207,0.014697091461381,0.0159847957592235,0.0193528466534236,0.00926015721911317,0.0325699959032977,0.0105490641935915,0.0143975531766919
20100208,0.0148585354701733,0.0151721166891636,0.0200029564498719,0.00742346876805337,0.0310303531701235,0.00945075177710381,0.01381798588416
20100209,0.0194720625739845,0.0227337951641397,0.0195317669015518,0.0137526524499832,0.0249775715836189,0.00925190095379817,0.0124328901768418
20100211,0.0175281745913882,0.0232078197008233,0.0237831441557408,0.00890455979162835,0.0198771204734438,0.00906105797471108,0.0130050262064288
20100212,0.0166633599026109,0.0224550457912436,0.0240376411298738,0.00712860491508031,0.0204634847657463,0.0100815583376292,0.0163675714984289
20100216,0.0162857871390465,0.0224042760093039,0.0193859837667835,0.0111331218909261,0.0241383979377848,0.00943616204414315,0.0196178393742812
20100217,0.0174046681285619,0.0214356611300453,0.0189020214556884,0.00712851381079292,0.0268938841560892,0.00942289447560045,0.0191599644648631
20100218,0.0176204659091934,0.0165372875426889,0.0197133535783253,0.00715617214747414,0.0263833654329906,0.0115390686862394,0.0190112632713461
20100219,0.0177214126870763,0.0155597537275873,0.0247192134035071,0.00713500924663618,0.0263992355975923,0.00976682834874948,0.0188257245685718
20100222,0.0177047875822928,0.0119224239375708,0.0248441987212459,0.00727179094254614,0.0223219974678803,0.0127026541376283,0.0136610808573479
20100223,0.0178688423111325,0.015636936224668,0.0246251773620463,0.0072526214219271,0.0208489497992357,0.0128862935249916,0.020191899815651
20100224,0.0175477807407872,0.0118939807275129,0.0240842949498081,0.00753348018748856,0.0285933773716226,0.00931682708494886,0.0219776722528496
20100225,0.0176967026126667,0.05,0.023997922439323,0.00748201156939931,0.0288819454193974,0.0130510896089398,0.025341770342822
20100226,0.0159635510979487,0.0201898433286119,0.0206265169757126,0.00743773195143315,0.0206338465893777,0.00904859016109257,0.0217896459716743
20100302,0.0175169233392079,0.0336737681581535,0.0201547912276456,0.00692887134351362,0.0201374378455408,0.00915318514691716,0.0211628130228575
20100303,0.0176068479165841,0.0328954220189587,0.014819532456668,0.00693866409457239,0.0280417547796807,0.0090849232637819,0.0208130820506676
20100308,0.0176755919719732,0.0131263099273408,0.0135559619360195,0.00867623055946289,0.0281094470436273,0.00878472454016625,0.0191372394224
20100309,0.0180161888093446,0.012522287816785,0.0234239682709964,0.00724982841341008,0.0145831330508213,0.011254717585714,0.0183611978703043
20100311,0.0175921202926886,0.0128269136191777,0.0208268649178731,0.0147362264440944,0.0124093232655032,0.0122725695609897,0.0176023235984017
20100312,0.025,0.0122201360416564,0.0163106682616922,0.0126828680294703,0.0134890999887792,0.00832068821608388,0.0168771331417434
20100315,0.0176589137167213,0.0120843046295484,0.0192153590625872,0.00917053074959369,0.0128383685031598,0.0124534510572292,0.010794016447274
20100316,0.0186385778545037,0.0141240202913328,0.0147366946084993,0.0111649126964486,0.025,0.00869819441688009,0.0105483284862816
20100317,0.0179646733621806,0.0146558938885708,0.0163855054749535,0.0112479738614774,0.0163413170787322,0.0111931102814447,0.0111798891937665
20100318,0.0185167155293554,0.0108634062243058,0.0138909864401628,0.0127364790773775,0.0157435390566981,0.0109118854049322,0.0105110570017796
20100319,0.0179030296357228,0.0134709950351092,0.0168976243766984,0.0121833838468678,0.0108045539326567,0.010717600497754,0.01061934983819
20100322,0.0180479215400138,0.0135895259714837,0.0184451923279579,0.0101123518770814,0.0127502953223399,0.0106643116033153,0.0107285204376126
20100323,0.0180481635099422,0.013153505727626,0.0169053240798745,0.0127248571444383,0.015471636062638,0.0127966131662018,0.00867840709773602
20100324,0.018029954787518,0.0125540335118864,0.0169264715594619,0.0129802479084036,0.0157778650267328,0.0109031990171687,0.00926739244410992
20100326,0.0146420476239342,0.0105086008583778,0.0184377311885579,0.0120618291639234,0.0166168010086192,0.0108434811075472,0.00954102163922148
20100329,0.0178239023369828,0.0127896737812553,0.0183039608077848,0.0132242024054166,0.0166631626011432,0.0106051154104761,0.0094862481198941
20100330,0.017435057302502,0.0101785009976821,0.019163671949348,0.0128206361866579,0.0168831119647264,0.0106587104528868,0.00922689206832985
20100331,0.0161053655060586,0.00992454891555824,0.0189169022542163,0.0118217247556299,0.0161038811731474,0.0116030608560033,0.00964279455202106
20100401,0.0177992569496897,0.00993174136404431,0.0187608204955849,0.0126654997308984,0.0163131131968394,0.00980076211464637,0.00918802333580064
20100402,0.0175454755989656,0.0102970815897185,0.0196032190836972,0.0156403805157525,0.0154814309280017,0.0115249813370282,0.0240039667271724
20100403,0.0159566209080385,0.00872410981156048,0.0192280864328265,0.0125303056174703,0.0144372621759306,0.0104220287471321,0.0213466565779503
20100405,0.0140419726653091,0.0100487343931264,0.0193047862819939,0.0131568480179686,0.0127852803502035,0.00950414660207316,0.0225885972482342
20100406,0.0150866613243638,0.0209757137356458,0.0187795691383026,0.0137632864423532,0.0131947768137501,0.0100928566358786,0.0306871294597206
20100408,0,0.028706142947067,0.0177017073876376,0.012951858527715,0.0165595303058483,0.0101563908084493,0.0639114880223041
20100410,0.0133989052613285,0.0307540407053369,0.0209344977201906,0.0124685027608548,0.0168881730734403,0.0101520615240665,0.0880459226006709
20100411,0.017682038581544,0.0323601145726871,0.0218038816211732,0.0124972622966417,0.0167697351790747,0.0105609921749543,0.0769618601041915
20100413,0.0186639139457736,0.0314146224319131,0.0209139612581486,0.0109455155191437,0.00985783138218859,0.0101965310392347,0.081756869836297
20100414,0.0184392297558738,0.0300469770110118,0.0195006536165935,0.00897566628805294,0.00970017401994569,0.0100626549930947,0.0847504521316978
20100415,0.0186705558631522,0.0272820633939789,0.0201574170326998,0.0110655612899143,0.00956376711836662,0.00993552813946259,0.086723394036595
20100416,0.0199298366476942,0.0288773150285126,0.0215431395298628,0.0118382656144974,0.00949847028984101,0.00991963879782253,0.0789197571788292
20100419,0.0193666837842356,0.05,0.018412619196651,0.0124126263316756,0.0106168613852522,0.05,0.0583783871471219
20100420,0.0202737115091418,0.05,0.0124731372202903,0.0119090046743322,0.0106157532675768,0.0114967899408541,0.0516740564733957
20100421,0.0207919118515924,0.0358262878685579,0.0169358709327113,0.0123769108687519,0.019615152990962,0.011438579290196,0.102466518062686
20100422,0.0204654514770906,0.0120986411715789,0.014218040986221,0.0127201602402202,0.0210936974301462,0.0114145460800705,0.0632463431403402
20100423,0.0205933284027182,0.0124527207696492,0.0175040919938876,0.0128226210687563,0.0183543048519398,0.011373323668176,0.0656444382597838
20100426,0.0205320866036856,0.0128845180842037,0.0174801485718737,0.0140234027999047,0.0178812454888843,0.0113205323545829,0.0533097974890762
20100501,0.0197530905316169,0.0114222307316092,0.0156732161121595,0.0149242412610814,0.0189329849024317,0.011276451910967,0.0534401641840381
20100502,0.0211205128368974,0.013221001536732,0.0157768948355578,0.0181524902391488,0.0184689705643646,0,0.0594604271994096
20100503,0.0187723325535205,0.0224223305550344,0.0174219164486691,0.0204178469635761,0.0189635323946632,0.0109863256313121,0.0545182333320881
20100505,0.0183517810842266,0.0788235113697418,0.0242733663940554,0.0240163817704003,0.0187300690191118,0.0109590331617633,0.0558522089415537
20100508,0.0174958191247089,0.0202553011501616,0.0149088467307854,0.0186241040796572,0.0142921617558583,0.0113030970854208,0.0620150558138439
20100510,0.0172496124853543,0.0248951896081874,0.0186105081942289,0.0188878097490622,0.0142486222040683,0.0115055811807914,0.0625
20100511,0.0269321039318442,0.0128017249825262,0.0230100670604509,0.0184832195322967,0.0184147399126203,0.0123057596119312,0.066909975191824
20100514,0.0299697617677613,0.0300664707451032,0.0219481566622127,0.0193980842711768,0.0157417585933756,0.0136307536499395,0.0372758459084005
20100517,0.0296742893772239,0.0241418487035957,0.0206759855514659,0.0186576771349437,0.0163749211406666,0.0116216376615625,0.0279350396364421
20100518,0.0294836216414826,0.0242431104900996,0.0142589297066155,0.0103895977574775,0.0158236660890111,0.011683932912447,0.029165339949909
20100519,0.0194184377656953,0.02555,0.0188938378730278,0.0104704477772179,0.0183034387828948,0.0115624053696645,0.0391446753786487
20100520,0.0188624712964135,0.0335185819669675,0.0198094086565835,0.0128234944552336,0.0175897262555896,0.0625,0.0402140030648654
20100521,0.0189641548330082,0.02555,0.0222059890908905,0.0151323591735705,0.0163204135218219,0.0117719391079961,0.0469519668742243
20100525,0.0190114545837561,0.0251920437580544,0.0162746330839084,0.0103893469517789,0.0170767395069815,0.0121166547501751,0.0915489551297174
20100526,0.0195763657528235,0.0326969420745631,0.0167878256701555,0.0165800976356992,0.0597499085764735,0.0115131786093812,0.0507465057179161
20100527,0.0196761070563765,0.0289701682652335,0.0158861985504963,0.020510863066308,0.040704918480725,0.0115141226626528,0.0211066390078894
20100528,0.0206806554699136,0.02926227265186,0.0128020179576947,0.020677727636592,0.0539310321080762,0.0114602240689736,0.0199853647667765
20100604,0.0207995316128232,0.0294695124468257,0.0157389890579732,0.0216877970456814,0.0547253430579168,0.0115390417991751,0.0513706880237243
20100605,0.020619105931769,0.0299824193702887,0.0198065466504457,0.0223063733617411,0.0625,0.011564179212432,0.0551840070400168
20100607,0.0207592468356416,0.0290335669862133,0.0257122119253851,0.0210425698584884,0.0625,0.0122343759459074,0.0390980308915471
20100608,0.0200020254383124,0.0281352738703892,0.012570675814086,0.020953323592441,0.0300508223662116,0.0142724883345558,0.0539222922194028
20100610,0.0209001663210212,0.0293335355738141,0.0126456776361203,0.0226208000690405,0.0578832435535681,0.0115496216022932,0.0244305680937856
20100612,0.0205701889469633,0.0296808479125351,0.0128995147529368,0.0238388897799117,0.0595261142835449,0.0130902704341726,0.0551823840800124
20100614,0.020681797352554,0.0218590390458696,0.0124144144162215,0.018260911229717,0.0582577966429585,0.0117045101440727,0.0455242326078266
20100615,0.0200186287387832,0.021281550642652,0.0178432122943623,0.0175667813695126,0.0375,0.0117637813399964,0.0304570854886218
20100616,0.02401117325195,0.0203062989563525,0.0177330125142242,0.0200757517083117,0.0294356734141279,0.0132629326725789,0.0375
20100617,0.0206970625866141,0.031599705678014,0.0145727920918215,0.025040047453465,0.0289825698220409,0.012451833227651,0.0577133977471045
20100618,0.0205598101356046,0.0335275198733023,0.0200482065538907,0.0224358328539761,0.0660634168701364,0.0145502767538478,0.0583973105043964
20100621,0.0208040363624651,0.0356801614330006,0.0207181070282978,0.0375,0.0340052079665219,0.0154067620534803,0.047796211242584
20100622,0.0200707263979288,0.0379683251047791,0.0142974081579353,0.0213037519353016,0.0603116120430436,0.0124284107351102,0.0508711806850415
20100623,0.0200450721636885,0.0401211050426209,0.0152719926454137,0.0172935183523129,0.063887297688096,0.0122808179030904,0.0401830711427081
20100624,0.0205046176645627,0.0433148059951476,0.0136476794824318,0.0171674248196557,0.0375,0.0122077603059523,0.0401856534295593
20100625,0.0206691710263273,0.0143607730586592,0.0254726677705749,0.0205414593713789,0.0400927190673688,0.00860523389963288,0.0375
20100628,0.0205590411590235,0.0124415878224344,0.00857337102444718,0.0279276007195606,0.0375,0.0103227563936031,0.0380451490456154
20100629,0.0200241634266657,0.0133441306121464,0,0.0207349610986229,0.0375,0.00880735789971229,0.0542879275299904
20100630,0.020231519767953,0.0167286277812214,0.0133568766556615,0.0295836006039215,0.0375,0.0105010532812759,0.0240978698044644
20100701,0.0202149943705401,0.0150363341006581,0.0163226484950215,0.0289745845020684,0.0969180609896933,0.0105494069573643,0.0147394383461353
20100704,0.0193559509792367,0.0182525833596815,0.0161015858044355,0.0276806074614468,0.0334371842819259,0.0105560014122442,0.0162899973450607
20100705,0.0191951953018228,0.0142807779727794,0.0154697678796432,0.0191946332293391,0.0588896420888045,0.00894416901004266,0.0222360198204435
20100706,0.0197274183975484,0.0148644322199933,0,0.0254850361004277,0.0653417529575309,0.00990045963914233,0.0190257945389184
20100707,0.0197160291068025,0.0132590106658352,0.0153111973731856,0.0194199260356311,0.0250291770463915,0.010243707537347,0.0269058999716209
20100709,0.0203259982038788,0.0134520231006132,0.0159415815249521,0.0156700784357786,0.0267683810692667,0.0127662670676152,0.0217192589186165
20100710,0.0197336555581571,0.0134058873989344,0.0145651037928271,0.0185565523070951,0.0285311319410077,0.0131028958975795,0.0146296141502844
20100712,0.0195721622646351,0.0136132241756072,0.0142344773903896,0.0186180964816848,0.0283804849594914,0.0129190190940758,0.0149728420464243
20100713,0.0197271096237002,0.0134212672247494,0.0144826731711871,0.0180094230586976,0.026009316810851,0.0188606190943266,0.037947657312607
20100714,0.0234756742317153,0.0140936622171826,0.0109284627636303,0.0178151320784596,0.0272182294350545,0.0141948139006943,0.0375
20100715,0.0231001342020472,0.0136595174040264,0.0151436238672565,0.0176646503726295,0.0231721090505729,0.012735137416286,0.0375
20100716,0.0219172103632537,0.017504545734111,0.00944148359772773,0.019100936598319,0.0230778979384927,0.0120592823765714,0.0375
20100719,0.0219746157581762,0.0116256775595632,0.0101937407108207,0.0194347152235944,0.0292159174265657,0.0107037637481346,0.0161443583244018
20100720,0.0220162908269328,0.0169124885786757,0.00983590981787981,0.0192386385233462,0.0310106755380519,0.00903588217429412,0.0172599731426408
20100721,0.0214598936356113,0.00996537130692363,0.0114881730526231,0.0219726552746847,0.0205711166061016,0.00996153604548202,0.0436532520173395
20100722,0.0212260089089791,0.0150453851279795,0.0113141223186098,0.0233582935192706,0.0275986454864011,0.0100255456362638,0.044524926448222
20100723,0.0212446770684626,0.0124396328708177,0.00945502524745009,0.0244386455636433,0.0305116867266933,0.0113756788831477,0.0441429524001971
20100726,0.0210847556043031,0.0124742654328826,0.0126148359860023,0.019398390954639,0.0322203002964351,0.0114568433409602,0.0454071998955105
20100727,0.0210532379215371,0.0106646650070525,0.012499328482381,0.016219018028165,0.0303337807827111,0.0117859807469013,0.0458827214690626
20100728,0.018018779719764,0.0129069111914914,0.0157452102761069,0.0154708953989209,0.0347782181524748,0.0149107912507443,0.0176779626795137
20100729,0.0180213254150732,0.0185118552356671,0.0123781583789743,0.0242219335730195,0.0316150561249698,0.0150558262335811,0.0146752678522486
20100730,0.0235226540242439,0.0158181298721695,0.00799401279860922,0.0237647236606719,0.0379773472161537,0.0100867813793279,0.0168448059266701
20100801,0.0215630720050167,0.0156107317016127,0.00795420036418587,0.0159123745496267,0.0632821381922889,0.0100781477839686,0.0174372854860356
20100802,0.0208172047990578,0.0150448025037749,0.00984873307992903,0.0138293364833146,0.0718877170246848,0.0151966047401826,0.0375
20100803,0.0180113251242891,0.0162180990303911,0.00977865202636202,0.0127290519917878,0.076983165840332,0.0155356597888382,0.0375
20100804,0.0186694867016228,0.0172047886253764,0.00787837962886069,0.0122889547725581,0.0788866593542061,0.0159129091756823,0.0375
20100806,0.0256363369164296,0.015170427917877,0.00722135050575048,0.0234859825282107,0.0671808504438097,0.0109957401046903,0.0375
20100807,0.025738134639788,0.0140824722018336,0.0164535533756842,0.0168341929199721,0.0706604935872107,0.0109226162744768,0.042342291263874
20100809,0.0177178251771099,0.0157133392862682,0.0162477142451732,0.017294884440484,0.0772822465512926,0.0100553812703208,0.0396692585935862
20100810,0.0180574230754689,0.0169756137270009,0.0170059394578953,0.0185022558362756,0.0862652802356054,0.011247869556244,0.0375
20100811,0.0180451871048896,0.0176711976537597,0.0176073939594449,0.0185800507365037,0.085824642384472,0.0109228431474992,0.0441190354538899
20100813,0.018482421305981,0.017107500419757,0.0173037532988921,0.01817750145946,0.080638030808279,0.0113509678994348,0.0430845626938857
20100816,0.0181460150008265,0.0198362315467267,0.0170851677330542,0.0356788339394514,0.0868518396073711,0.0110623800942449,0.0375
20100817,0.0170302624460542,0.0203580974701567,0.0177791315594177,0.0162572223451928,0.0857518954087629,0.0100453649144158,0.0375
20100818,0.0172396819403941,0.0398392926528066,0.0118563530002703,0.0140088086974761,0.114457170372463,0.010272784319868,0.0277462606465983
20100819,0.0175060904382506,0.0184902774103912,0.0119523942798041,0.0162367502266482,0.0610864823654986,0.0125,0.0202840429046259
20100820,0.0175372166252327,0.0181348183483441,0.00925758998932476,0.0178559114272828,0.0610460063577041,0.0125,0.0419709040308634
20100823,0.0165314379637116,0.0169008791016869,0.0161254377041462,0.011807191125619,0.0791386599355582,0.0144411955986918,0.0361671647532576
20100824,0.0166994552627834,0.0179493197015439,0.0179602968545973,0.0160092159384334,0.0795581507337149,0.0140723308521614,0.0348147645933304
20100825,0.0177430483807524,0.017417670692788,0.0125,0.0158708648401845,0.0752675061489732,0.0125,0.0313850357142827
20100826,0.0151366244030737,0.0167262093635159,0.0149991221710913,0.0163841852911525,0.0355855995442541,0.013973013528204,0.0115331203072269
20100827,0.0148204925469075,0.0158407888047328,0.0157322539064707,0.0181336037099949,0.0383374097757144,0.0136619396150706,0.0125
20100830,0.0142405324954232,0.0160322242558814,0.0125,0.0179405555309464,0.03799011288108,0.0138167951836826,0.0156312660961732
20100831,0.0146391403813911,0.0168834377410189,0.0125,0.0207060323709602,0.0354782257869034,0.0103419736099616,0.0155896110594629
20100902,0.0135982144675516,0.0168831746023711,0.0125,0.0193752859265723,0.0390479157670445,0.0141890471689601,0.0156721908860447
20100903,0.0157985581051195,0.0203832033572194,0.0125863669416726,0.0179733041857466,0.0443023034678823,0.0134568856624512,0.016115722342055
20100904,0.0159893078543441,0.0197712474653975,0.00928389935591507,0.0156485525783411,0.0379474399591101,0.015938463379465,0.025931727925795
20100906,0.0150608002317027,0.0203758504585707,0.0102048431074981,0.0160377029548691,0.0384014139887859,0.0161282151650395,0.0294204198467825
20100907,0.0157856333721065,0.0217056990849326,0.0125,0.0149194296383506,0.0410654977020097,0.0219092783304833,0.0266091033495492
20100908,0.0162652143305297,0.0214124281864453,0.0141096658196298,0.0156314086952791,0.0428791015412992,0.0477482077283471,0.0179197724673114
20100909,0.0157608522022944,0.0174818581044787,0.0257059584220462,0.0159549473252808,0.0184799019927206,0.0426033363176072,0.0149740634472743
20100911,0.0180312535477086,0.018136658937994,0.0145930234134573,0.0205359678150252,0.0180367352078625,0.0125,0.0256625092530468
20100912,0.0163637684706698,0.0166130348806752,0.0149111316439793,0.0225428076818569,0.0749309149615932,0.0300378827406311,0.0258749247844349
20100913,0.0164950184108833,0.0172732232590042,0.0125,0.0181017204588367,0.0193240348008516,0.0280436810316832,0.0257265985665239
20100914,0.0160329213881377,0.0172992374990462,0.0125,0.0195852279157821,0.0207016862235387,0.0131875100366769,0.0218292160241899
20100915,0.0161053440218229,0.0168843362590124,0.0125,0.0261752070291075,0.0875864202911608,0.0159756167643387,0.0232629081442121
20100916,0.0179706346146881,0.0398404825082217,0.0125,0.0213798808508161,0.0846827279887997,0.012907176917483,0.0175537201633143
20100917,0.0178461978592702,0.0384116396865184,0.0125,0.0210277636287145,0.0796386608079601,0.012615902813412,0.0233446908265318
20100920,NA,NA,NA,NA,NA,NA,NA
20100921,NA,NA,NA,NA,NA,NA,NA
20100922,NA,NA,NA,NA,NA,NA,NA
20100923,NA,NA,NA,NA,NA,NA,NA
20100924,NA,NA,NA,NA,NA,NA,NA
20100927,NA,NA,NA,NA,NA,NA,NA
20100928,NA,NA,NA,NA,NA,NA,NA
20100929,NA,NA,NA,NA,NA,NA,NA
20100930,NA,NA,NA,NA,NA,NA,NA
20101002,NA,NA,NA,NA,NA,NA,NA
20101003,NA,NA,NA,NA,NA,NA,NA
20101005,NA,NA,NA,NA,NA,NA,NA
20101006,NA,NA,NA,NA,NA,NA,NA
20101008,NA,NA,NA,NA,NA,NA,NA
20101009,NA,NA,NA,NA,NA,NA,NA
20101012,NA,NA,NA,NA,NA,NA,NA
20101013,NA,NA,NA,NA,NA,NA,NA
20101014,NA,NA,NA,NA,NA,NA,NA
20101015,NA,NA,NA,NA,NA,NA,NA
20101018,NA,NA,NA,NA,NA,NA,NA
20101019,NA,NA,NA,NA,NA,NA,NA
20101020,NA,NA,NA,NA,NA,NA,NA
20101021,NA,NA,NA,NA,NA,NA,NA
20101022,NA,NA,NA,NA,NA,NA,NA
20101025,NA,NA,NA,NA,NA,NA,NA
20101027,NA,NA,NA,NA,NA,NA,NA
20101029,NA,NA,NA,NA,NA,NA,NA
20101101,NA,NA,NA,NA,NA,NA,NA
20101102,NA,NA,NA,NA,NA,NA,NA
20101103,NA,NA,NA,NA,NA,NA,NA
20101105,NA,NA,NA,NA,NA,NA,NA
20101106,NA,NA,NA,NA,NA,NA,NA
20101108,NA,NA,NA,NA,NA,NA,NA
20101110,NA,NA,NA,NA,NA,NA,NA
20101115,NA,NA,NA,NA,NA,NA,NA
20101116,NA,NA,NA,NA,NA,NA,NA
20101117,NA,NA,NA,NA,NA,NA,NA
20101118,NA,NA,NA,NA,NA,NA,NA
20101119,NA,NA,NA,NA,NA,NA,NA
20101122,NA,NA,NA,NA,NA,NA,NA
20101123,NA,NA,NA,NA,NA,NA,NA
20101124,NA,NA,NA,NA,NA,NA,NA
20101126,NA,NA,NA,NA,NA,NA,NA
20101129,NA,NA,NA,NA,NA,NA,NA
20101130,NA,NA,NA,NA,NA,NA,NA
20101201,NA,NA,NA,NA,NA,NA,NA
20101202,NA,NA,NA,NA,NA,NA,NA
20101203,NA,NA,NA,NA,NA,NA,NA
20101204,NA,NA,NA,NA,NA,NA,NA
20101205,NA,NA,NA,NA,NA,NA,NA
20101207,NA,NA,NA,NA,NA,NA,NA
20101208,NA,NA,NA,NA,NA,NA,NA
20101210,NA,NA,NA,NA,NA,NA,NA
20101211,NA,NA,NA,NA,NA,NA,NA
20101213,NA,NA,NA,NA,NA,NA,NA
20101214,NA,NA,NA,NA,NA,NA,NA
20101215,NA,NA,NA,NA,NA,NA,NA
20101216,NA,NA,NA,NA,NA,NA,NA
20101217,NA,NA,NA,NA,NA,NA,NA
20101220,NA,NA,NA,NA,NA,NA,NA
20101221,NA,NA,NA,NA,NA,NA,NA
20101222,NA,NA,NA,NA,NA,NA,NA
20101223,NA,NA,NA,NA,NA,NA,NA
20101227,NA,NA,NA,NA,NA,NA,NA
20101228,NA,NA,NA,NA,NA,NA,NA
20101229,NA,NA,NA,NA,NA,NA,NA
20101230,NA,NA,NA,NA,NA,NA,NA
20110102,NA,NA,NA,NA,NA,NA,NA
20110103,NA,NA,NA,NA,NA,NA,NA
20110104,NA,NA,NA,NA,NA,NA,NA
20110106,NA,NA,NA,NA,NA,NA,NA
20110107,NA,NA,NA,NA,NA,NA,NA
20110109,NA,NA,NA,NA,NA,NA,NA
20110113,NA,NA,NA,NA,NA,NA,NA
20110114,NA,NA,NA,NA,NA,NA,NA
20110118,NA,NA,NA,NA,NA,NA,NA
20110119,NA,NA,NA,NA,NA,NA,NA
20110120,NA,NA,NA,NA,NA,NA,NA
20110121,NA,NA,NA,NA,NA,NA,NA
20110124,NA,NA,NA,NA,NA,NA,NA
20110125,NA,NA,NA,NA,NA,NA,NA
20110126,NA,NA,NA,NA,NA,NA,NA
20110127,NA,NA,NA,NA,NA,NA,NA
20110128,NA,NA,NA,NA,NA,NA,NA
20110131,NA,NA,NA,NA,NA,NA,NA
20110202,NA,NA,NA,NA,NA,NA,NA
20110203,NA,NA,NA,NA,NA,NA,NA
20110205,NA,NA,NA,NA,NA,NA,NA
20110208,NA,NA,NA,NA,NA,NA,NA
20110209,NA,NA,NA,NA,NA,NA,NA
20110211,NA,NA,NA,NA,NA,NA,NA
20110212,NA,NA,NA,NA,NA,NA,NA
20110214,NA,NA,NA,NA,NA,NA,NA
20110215,NA,NA,NA,NA,NA,NA,NA
20110216,NA,NA,NA,NA,NA,NA,NA
20110217,NA,NA,NA,NA,NA,NA,NA
20110218,NA,NA,NA,NA,NA,NA,NA
20110222,NA,NA,NA,NA,NA,NA,NA
20110223,NA,NA,NA,NA,NA,NA,NA
20110224,NA,NA,NA,NA,NA,NA,NA
20110225,NA,NA,NA,NA,NA,NA,NA
20110228,NA,NA,NA,NA,NA,NA,NA
20110301,NA,NA,NA,NA,NA,NA,NA
20110302,NA,NA,NA,NA,NA,NA,NA
20110303,NA,NA,NA,NA,NA,NA,NA
20110306,NA,NA,NA,NA,NA,NA,NA
20110308,NA,NA,NA,NA,NA,NA,NA
20110310,NA,NA,NA,NA,NA,NA,NA
20110311,NA,NA,NA,NA,NA,NA,NA
20110314,NA,NA,NA,NA,NA,NA,NA
20110315,NA,NA,NA,NA,NA,NA,NA
20110316,NA,NA,NA,NA,NA,NA,NA
20110317,NA,NA,NA,NA,NA,NA,NA
20110318,NA,NA,NA,NA,NA,NA,NA
20110321,NA,NA,NA,NA,NA,NA,NA
20110324,NA,NA,NA,NA,NA,NA,NA
20110328,NA,NA,NA,NA,NA,NA,NA
20110329,NA,NA,NA,NA,NA,NA,NA
20110330,NA,NA,NA,NA,NA,NA,NA
20110331,NA,NA,NA,NA,NA,NA,NA
20110401,NA,NA,NA,NA,NA,NA,NA
20110402,NA,NA,NA,NA,NA,NA,NA
20110403,NA,NA,NA,NA,NA,NA,NA
20110404,NA,NA,NA,NA,NA,NA,NA
20110405,NA,NA,NA,NA,NA,NA,NA
20110408,NA,NA,NA,NA,NA,NA,NA
20110410,NA,NA,NA,NA,NA,NA,NA
20110411,NA,NA,NA,NA,NA,NA,NA
20110413,NA,NA,NA,NA,NA,NA,NA
20110415,NA,NA,NA,NA,NA,NA,NA
20110418,NA,NA,NA,NA,NA,NA,NA
20110419,NA,NA,NA,NA,NA,NA,NA
20110420,NA,NA,NA,NA,NA,NA,NA
20110421,NA,NA,NA,NA,NA,NA,NA
20110426,NA,NA,NA,NA,NA,NA,NA
20110427,NA,NA,NA,NA,NA,NA,NA
20110501,NA,NA,NA,NA,NA,NA,NA
20110504,NA,NA,NA,NA,NA,NA,NA
20110505,NA,NA,NA,NA,NA,NA,NA
20110507,NA,NA,NA,NA,NA,NA,NA
20110508,NA,NA,NA,NA,NA,NA,NA
20110510,NA,NA,NA,NA,NA,NA,NA
20110512,NA,NA,NA,NA,NA,NA,NA
20110513,NA,NA,NA,NA,NA,NA,NA
20110516,NA,NA,NA,NA,NA,NA,NA
20110517,NA,NA,NA,NA,NA,NA,NA
20110518,NA,NA,NA,NA,NA,NA,NA
20110519,NA,NA,NA,NA,NA,NA,NA
20110520,NA,NA,NA,NA,NA,NA,NA
20110523,NA,NA,NA,NA,NA,NA,NA
20110524,NA,NA,NA,NA,NA,NA,NA
20110525,NA,NA,NA,NA,NA,NA,NA
20110526,NA,NA,NA,NA,NA,NA,NA
20110527,NA,NA,NA,NA,NA,NA,NA
20110531,NA,NA,NA,NA,NA,NA,NA
20110604,NA,NA,NA,NA,NA,NA,NA
20110605,NA,NA,NA,NA,NA,NA,NA
20110606,NA,NA,NA,NA,NA,NA,NA
20110607,NA,NA,NA,NA,NA,NA,NA
20110609,NA,NA,NA,NA,NA,NA,NA
20110610,NA,NA,NA,NA,NA,NA,NA
20110612,NA,NA,NA,NA,NA,NA,NA
20110614,NA,NA,NA,NA,NA,NA,NA
20110615,NA,NA,NA,NA,NA,NA,NA
20110616,NA,NA,NA,NA,NA,NA,NA
20110617,NA,NA,NA,NA,NA,NA,NA
20110620,NA,NA,NA,NA,NA,NA,NA
20110621,NA,NA,NA,NA,NA,NA,NA
20110622,NA,NA,NA,NA,NA,NA,NA
20110624,NA,NA,NA,NA,NA,NA,NA
20110627,NA,NA,NA,NA,NA,NA,NA
20110628,NA,NA,NA,NA,NA,NA,NA
20110629,NA,NA,NA,NA,NA,NA,NA
20110630,NA,NA,NA,NA,NA,NA,NA
20110701,NA,NA,NA,NA,NA,NA,NA
20110702,NA,NA,NA,NA,NA,NA,NA
20110704,NA,NA,NA,NA,NA,NA,NA
20110706,NA,NA,NA,NA,NA,NA,NA
20110707,NA,NA,NA,NA,NA,NA,NA
20110709,NA,NA,NA,NA,NA,NA,NA
20110710,NA,NA,NA,NA,NA,NA,NA
20110711,NA,NA,NA,NA,NA,NA,NA
20110712,NA,NA,NA,NA,NA,NA,NA
20110713,NA,NA,NA,NA,NA,NA,NA
20110714,NA,NA,NA,NA,NA,NA,NA
20110715,NA,NA,NA,NA,NA,NA,NA
20110718,NA,NA,NA,NA,NA,NA,NA
20110719,NA,NA,NA,NA,NA,NA,NA
20110720,NA,NA,NA,NA,NA,NA,NA
20110721,NA,NA,NA,NA,NA,NA,NA
20110722,NA,NA,NA,NA,NA,NA,NA
20110725,NA,NA,NA,NA,NA,NA,NA
20110726,NA,NA,NA,NA,NA,NA,NA
20110727,NA,NA,NA,NA,NA,NA,NA
20110728,NA,NA,NA,NA,NA,NA,NA
20110802,NA,NA,NA,NA,NA,NA,NA
20110803,NA,NA,NA,NA,NA,NA,NA
20110804,NA,NA,NA,NA,NA,NA,NA
20110806,NA,NA,NA,NA,NA,NA,NA
20110807,NA,NA,NA,NA,NA,NA,NA
20110808,NA,NA,NA,NA,NA,NA,NA
20110809,NA,NA,NA,NA,NA,NA,NA
20110811,NA,NA,NA,NA,NA,NA,NA
20110816,NA,NA,NA,NA,NA,NA,NA
20110817,NA,NA,NA,NA,NA,NA,NA
20110818,NA,NA,NA,NA,NA,NA,NA
20110819,NA,NA,NA,NA,NA,NA,NA
20110822,NA,NA,NA,NA,NA,NA,NA
20110823,NA,NA,NA,NA,NA,NA,NA
20110824,NA,NA,NA,NA,NA,NA,NA
20110825,NA,NA,NA,NA,NA,NA,NA
20110826,NA,NA,NA,NA,NA,NA,NA
20110829,NA,NA,NA,NA,NA,NA,NA
20110830,NA,NA,NA,NA,NA,NA,NA
20110831,NA,NA,NA,NA,NA,NA,NA
20110902,NA,NA,NA,NA,NA,NA,NA
20110903,NA,NA,NA,NA,NA,NA,NA
20110905,NA,NA,NA,NA,NA,NA,NA
20110906,NA,NA,NA,NA,NA,NA,NA
20110908,NA,NA,NA,NA,NA,NA,NA
20110909,NA,NA,NA,NA,NA,NA,NA
20110911,NA,NA,NA,NA,NA,NA,NA
20110912,NA,NA,NA,NA,NA,NA,NA
20110913,NA,NA,NA,NA,NA,NA,NA
20110914,NA,NA,NA,NA,NA,NA,NA
20110915,NA,NA,NA,NA,NA,NA,NA
20110916,NA,NA,NA,NA,NA,NA,NA
20110919,NA,NA,NA,NA,NA,NA,NA
20110920,NA,NA,NA,NA,NA,NA,NA
20110921,NA,NA,NA,NA,NA,NA,NA
20110922,NA,NA,NA,NA,NA,NA,NA
20110923,NA,NA,NA,NA,NA,NA,NA
20110926,NA,NA,NA,NA,NA,NA,NA
20110927,NA,NA,NA,NA,NA,NA,NA
20110928,NA,NA,NA,NA,NA,NA,NA
20110929,NA,NA,NA,NA,NA,NA,NA
20110930,NA,NA,NA,NA,NA,NA,NA
20111001,NA,NA,NA,NA,NA,NA,NA
20111002,NA,NA,NA,NA,NA,NA,NA
20111003,NA,NA,NA,NA,NA,NA,NA
20111005,NA,NA,NA,NA,NA,NA,NA
20111006,NA,NA,NA,NA,NA,NA,NA
20111008,NA,NA,NA,NA,NA,NA,NA
20111010,NA,NA,NA,NA,NA,NA,NA
20111011,NA,NA,NA,NA,NA,NA,NA
20111013,NA,NA,NA,NA,NA,NA,NA
20111014,NA,NA,NA,NA,NA,NA,NA
20111017,NA,NA,NA,NA,NA,NA,NA
20111018,NA,NA,NA,NA,NA,NA,NA
20111019,NA,NA,NA,NA,NA,NA,NA
20111020,NA,NA,NA,NA,NA,NA,NA
20111021,NA,NA,NA,NA,NA,NA,NA
20111024,NA,NA,NA,NA,NA,NA,NA
20111025,NA,NA,NA,NA,NA,NA,NA
20111027,NA,NA,NA,NA,NA,NA,NA
20111031,NA,NA,NA,NA,NA,NA,NA
20111101,NA,NA,NA,NA,NA,NA,NA
20111102,NA,NA,NA,NA,NA,NA,NA
20111103,NA,NA,NA,NA,NA,NA,NA
20111104,0.027534551296653,0.0267022826809387,0.0125,0.0718448777191417,0.0129709034709738,0.0272051870328831,0.0176637221382304
20111105,0.0272567603995231,0.0253618456444055,0.0125,0.0780896220827784,0.0263367384126347,0.0299528630493546,0.020278979292285
20111107,0.0261429997766648,0.0253849779925321,0.0125,0.0386436157370793,0.0270073482644014,0.0289360858256779,0.0162535893306812
20111108,0.0278670276094317,0.0279466640311959,0.0125,0.0386622571998312,0.0231412414253813,0.0295888260748536,0.0162244145469154
20111110,0.028310610596012,0.0277848868770472,0.0125,0.0388856383264729,0.0262390276997761,0.0385090844356633,0.0200874910322484
20111114,0.0293532534550964,0.0257374167038092,0.01324235166395,0.0872174747951552,0.0249266326258269,0.0297698150801478,0.0191652004859551
20111115,0.029259924821081,0.0267053205357148,0.0125,0.0850719107078711,0.0254812068499233,0.0320829484623407,0.0157583904368853
20111116,0.0295538318040585,0.0312308322884276,0.0177559580426908,0.0719917775939613,0.0359549501757346,0.0326199676137652,0.0165885364155538
20111117,0.0294578743156972,0.0309682023850158,0.0139810537490394,0.0824299390459952,0.0263003536191649,0.0319461544148035,0.0158493887421965
20111118,0.0296134060344461,0.0236048198475449,0.0180672562277044,0.0858053825337145,0.0302504090435498,0.0303883531950218,0.0168535601919421
20111121,0.0297650644047868,0.0255901114275766,0.0320985898662095,0.0777948887260076,0.0365395245862227,0.0274912082384421,0.0171101626221407
20111122,0.0298649505984841,0.0224001324578815,0.025406953070988,0.0381865810499171,0.0164658928631011,0.0311417862312056,0.0170557124521502
20111123,0.0295970701702623,0.021825792902447,0.0251721967112661,0.0385491493150547,0.0188044489150862,0.0329311141260667,0.01628414642732
20111125,0.0295178262980396,0.0215489240825631,0.0249293303579895,0.0374500238642784,0.0197951478038081,0.0194236078054813,0.0166752532680603
20111128,0.0353326440459971,0.0213866564572825,0.0267774593007184,0.0319996900371778,0.0196302384257309,0.019707296564874,0.0167779141713974
20111129,0.0365192785718711,0.0219024902506432,0.0120161198733296,0.0380559834887848,0.0237728551872676,0.025802336815192,0.016730627340461
20111130,0.037700677001145,0.0217311780242068,0.0121651335363303,0.037498472353537,0.0227178168947603,0.0341231390481138,0.0167557815877796
20111201,0.0381916393791494,0.0234248020315127,0.0127233529276997,0.0325363995009115,0.0241970726560069,0.0342186469776029,0.0189511227368708
20111204,0.0377326639909619,0.023004577070041,0.0151077160987406,0.0326244310416354,0.021259454827754,0.0245546233344035,0.0194188287276541
20111205,0.0379349604194133,0.0231028546679839,0.0147469287988954,0.031034492876166,0.0253080372990057,0.0247131401534955,0.0206195443148999
20111207,0.0386583730002918,0.022827111727554,0.0125,0.0282547666363506,0.0257518356956129,0.0253897394966597,0.0205034740933328
20111208,0.0386654902696609,0.0342923155063863,0.0122570307548447,0.0281540984759042,0.0293853767249904,0.0177481071429484,0.0168325970327944
20111209,0.037913091507911,0.0276209928362198,0.0153732379599387,0.0379354410563383,0.0154315903425019,0.0259052904680459,0.0169984693588658
20111210,0.0381770321190065,0.0309749800999796,0.0129054426761717,0.0375842978972833,0.0161203570878755,0.0645860205799601,0.0199085522787101
20111212,0.0408459368659772,0.0238865014973045,0.014506404407611,0.0371037982653391,0.0376904496970824,0.0135633139856067,0.0189944367730252
20111213,0.0415886258781471,0.0304925399051054,0.0125,0.0228685515300829,0.0170350695025415,0.0137430665775846,0.0243594860859118
20111214,0.0380928508322904,0.0291111626555679,0.0135989496081213,0.0322380449151402,0.0332427668820999,0.0138933226022239,0.0376906835249606
20111215,0.0387078966343488,0.0148603392088726,0.0125,0.0339784789583141,0.03832775808191,0.0130367539016568,0.024257401205317
20111216,0.0389192259471701,0.0186120047627734,0.0125,0.0335011593525499,0.0408105459717332,0.0131001208452921,0.023790035757822
20111219,0.0385142906038806,0.0185386577994111,0.0129379933169487,0.0214903654002358,0.0334614712336128,0.013578922815473,0.0230864647267736
20111220,0.0380327347684977,0.0270111297825178,0.0130727330507526,0.0223679447552719,0.045081359678886,0.0183687575838062,0.0277555687666413
20111221,0.0377676016194582,0.0285657583181604,0.0235196460184872,0.0241506701005909,0.0467707093001457,0.0147150875619355,0.0160218095072419
20111222,0.0370881026647798,0.0296649785763412,0.0146944480904734,0.0135619672321672,0.0452196045965503,0.0158962665272248,0.0158069809346336
20111223,0.0410753270011128,0.0307150264857944,0.0148230792439086,0.0195661564715293,0.0451728730851045,0.0223140161020023,0.0159173901467119
20111227,0.0387700876774162,0.0315488906299376,0.0148436642966694,0.0160926067993746,0.0449007418511299,0.0212482626629171,0.0157440776484929
20111228,0.0386989336185215,0.0838753539553646,0.0154678826004989,0.01593965135329,0.0456307344207868,0.0168740975410492,0.0156430193720081
20111229,0.0390714164136534,0.0315376776834345,0.0151852521987964,0.0164844373654051,0.0473888159518539,0.0196403818469256,0.0153051184177988
20120102,0.038334942166566,0.0313399367732707,0.0273773961581776,0.0170685348162052,0.0516859933308242,0.014009481153762,0.0155427876675751
20120103,0.0380649335120591,0.0307392196097925,0.0247969547139992,0.0211604981928106,0.0523348518598237,0.0132447068683123,0.0156213826672956
20120106,0.0370283600249209,0.0186936636027683,0.0246645223957824,0.0202909711953117,0.0674107417790477,0.0137959403491426,0.0176027537895585
20120108,0.0411733551262542,0.0294741736971752,0.0263841806853575,0.0199380976934567,0.0518777395719774,0.0143796504667446,0.0217049262501378
20120110,0.0401277186900526,0.0316287490078797,0.0197819515849236,0.0204031702064412,0.025,0.0144855818163943,0.0210091580562118
20120113,0.040720409133995,0.0290195938375339,0.0389174627807656,0.0239071682221624,0.0247147541180661,0.0143696907299789,0.0153725864867838
20120117,0.0398906364790537,0.0278871055847978,0.0236893961177782,0.0225892752561504,0.0232996027160451,0.0141367238493741,0.0149177445951365
20120118,0.0384361338074376,0.027526421487059,0.0173972657305568,0.0205218911706863,0.0208044797251767,0.0166589008120157,0.0229765171953796
20120119,0.0389493464004821,0.025,0.0176419731866711,0.0184047569058523,0.0246788636604984,0.0168864972219514,0.0204773821494389
20120120,0.0285172105134608,0.0273423072435061,0.0159058984222968,0.0220957233287616,0.025,0.014159986485845,0.0143855869455622
20120123,0.0291442340422551,0.0278069897055061,0.0176990769827969,0.0237013871073014,0.025,0.0129608645356645,0.0150718370686749
20120124,0.0363820286883123,0.0236529031982338,0.0230993625273173,0.0235199357220432,0.025,0.0144714299137239,0.0146393590830523
20120125,0.0362357744389954,0.0240607826089127,0.0165822546257163,0.0176255094382437,0.0675626678793977,0.014155431836193,0.0110540259650287
20120126,0.0368539255576128,0.0192711559342891,0.0175294803855239,0.0179174076644415,0.068008534522365,0.014102227646297,0.010924388238753
20120127,0.0338392517772293,0.025,0.0112759626278458,0.0178669280650146,0.0782306680478562,0.0159424623728429,0.0118740741570658
20120130,0.0366511557956018,0.02443660407407,0.0112612813484893,0.0146410444382114,0.044559238857899,0.0183017101265938,0.012071493181346
20120131,0.0353832749121097,0.0237057410791689,0.0159354221083676,0.020397693704432,0.0388571236949841,0.0172491292787667,0.0203469246612479
20120202,0.0367442594532431,0.0217032645882938,0.0146246743452768,0.0142664798838449,0.052279307960001,0.0210949111589696,0.0272692555567783
20120203,0.0369378366165678,0.0209008914417573,0.0106529136726789,0.0136175414314689,0.0454235224029629,0.0239698492629652,0.025
20120204,0.0367394358858262,0.0169275111338612,0.00924373305019974,0.0136634797128393,0.0392023123791551,0.0249032607328725,0.0224895647599678
20120205,0.0405775236824713,0.0154848717702872,0.00952739867374293,0.0117604584302376,0.0479468709128499,0.0250091665584455,0.0243560089649082
20120207,0.0403635195412206,0.0173945926114064,0.00947125482068367,0.0111777778418919,0.0369727055484781,0.0283532749100869,0.0299358956926323
20120208,0.0400981787673377,0.0201857174507077,0.00879397056833634,0.010760966519631,0.0375,0.0277033666299959,0.0179391309304972
20120210,0.0418378316464805,0.0539513470028907,0.0100282617579197,0.0107418869560972,0.0353796072232426,0.0197795997383798,0.0182743218814587
20120211,0.0413472896582634,0.0547662176012398,0.0136757273319222,0.0127333732219469,0.0375,0.0165480496349715,0.0184878327731857
20120213,0.0423559009675531,0.0581587084889866,0.0132045552161958,0.0107862524244055,0.0357705578021648,0.0195859014779857,0.0173260661463735
20120214,0.0431892189926945,0.0549797547488472,0.0118589812845375,0.0107106020097326,0.0335965207897321,0.0247238282712939,0.0194050880279952
20120215,0.0481199274208263,0.0371910604013889,0.0172417519094514,0.0108756178739913,0.0283842579439612,0.020756353206464,0.0285354639596592
20120216,0.0452458849254272,0.031923507415646,0.0108369392304176,0.0106522899957333,0.0295675090339907,0.0223310858053748,0.0193104311862573
20120217,0.0433383357964403,0.0366781188630018,0.0224542000881138,0.0133761520439191,0.0403913071321495,0.0212808272571468,0.0272063948226766
20120221,0.0421245976616689,0.0507030857462371,0.0194055697423746,0.0126814081252858,0.0389369840166179,0.0231163244265026,0.026657292611502
20120222,0.0414281739999151,0.0375,0.0107514244547867,0.0123125836382463,0.0390845363930529,0.0237326352531992,0.0267547434319571
20120223,0.0491058286608816,0.0375,0.0158877799920542,0.0121415864570834,0.0387099140512367,0.0261584032712497,0.0266047377271495
20120224,0.0552538984471299,0.0515134843315011,0.0153602092226281,0.0124655985983937,0.0375,0.0280284893812305,0.0394862796564171
20120228,0.0548129970150521,0.0527960613508421,0.0146619700409612,0.0119598022582537,0.0375,0.0303310383893169,0.0403927310012712
20120229,0.0865442761369095,0.0570062165220577,0.0110656990613462,0.0113391216407866,0.0341954369279537,0.0323340398326016,0.0375
20120302,0.0882887415477563,0.0546294801032871,0.0107897603468011,0.0112252183480657,0.0351662452540937,0.0247690861305814,0.0425843431235578
20120304,0.0409435300447459,0.0179707100910871,0.00960306230830808,0.0107007898377518,0.0375,0.0117998613594874,0.0311902498204389
20120307,0.0410699820265799,0.0530799545041642,0.0201130836573679,0.00985393179763703,0.0359928832813431,0.01570942898974,0.0343431373964145
20120308,0.0410026279299454,0.0633589625758507,0.0114543313595911,0.00979513797637543,0.0365816381476527,0.0199244378834683,0.0327471149321479
20120310,0.0375,0.0359566668722911,0.0101186888543021,0.010185127268321,0.0375,0.0213385247601519,0.0186528388969079
20120312,0.0397854947551881,0.022089759477743,0.010052344956494,0.0104165916858858,0.0375,0.0238424100296647,0.0183377392147037
20120313,0.0394968600054827,0.0209732224066383,0.00992335959447669,0.010404533910871,0.0375,0.0218726576883093,0.0165952293500151
20120314,0.0404143603627174,0.0282212104883189,0.00988203321415984,0.010389077737247,0.0375,0.022820226343939,0.0165839454650159
20120315,0.0452201882158412,0.0510537069702587,0.0109914877912852,0.0101939362272019,0.0375,0.0243368597500201,0.0165370364508337
20120316,0.0434143770655982,0.0280177814703446,0.0141285598070094,0.011337240407379,0.0425676021609709,0.0236223784353181,0.02091630510165
20120319,0.0344028785747931,0.0298601176998546,0.0107274653245799,0.00824992254691935,0.0490150751082078,0.0123857173990347,0.0227079518887237
20120320,0.0403394504548445,0.0382765702759267,0.00975275513141792,0.00974477239371396,0.0464433247052155,0.0238260472960478,0.0281372754019627
20120321,0.0403267461082043,0.0553138327428704,0.0112369275406664,0.0105887848661495,0.0456617545183704,0.0273904694348106,0.0275477228980678
20120322,0.0353815583631134,0.0429162046634564,0.0117838870073619,0.0103502161555367,0.0442158043913613,0.0219745044808483,0.0223464379445756
20120323,0.0375,0.0480263632755068,0.0150866892051593,0.0101186822168724,0.0480518309095147,0.0114009423443888,0.0254675291285053
20120326,0.0361010463986316,0.0514853566184893,0.0149927949292272,0.0098988462282367,0.0415743613753818,0.0161697388600105,0.0202193162472817
20120327,0.0334752143182479,0.0519886554320638,0.015732923191422,0.00998122185232638,0.0415274871778494,0.0153714582475463,0.0203020371534287
20120328,0.0427841095518756,0.0244970190000903,0.0132678969677543,0.00907431764970332,0.0437425405748046,0.00708654274902402,0.0202859210358897
20120329,0.0434796381015032,0.0293235644490977,0.0135161801719001,0.00684920029836881,0.0455723961694999,0.0064778457189603,0.0213186618587004
20120330,0.0431836407687066,0.0198281152048699,0.0137277559367685,0.00904161360628516,0.0482165725846333,0.0134492411773484,0.0213288346301014
20120401,0.0436272554863639,0.0585554546765534,0.01302993445652,0.00518758950119614,0.0480006485555647,0.0136845682238794,0.0213225711830892
20120404,0.0465047791074783,0.0612949891823187,0.0127688413429478,0.00700740086406607,0.0509687691163419,0.0108909831165002,0.0214584172459608
20120405,0.042155029232137,0.0195574031112249,0.0121219473110661,0.00705279689181395,0.0456525175571062,0.0148689699486877,0.0217083659979891
20120409,0.0403849829595696,0.0156977810025225,0.0108536164512998,0.00865468994262545,0.0458236706406852,0.014606466841512,0.0207005917880818
20120410,0.041643961997425,0.0185345484992398,0.010961352306739,0.00829700421016635,0.0473878397186718,0.0149774723529891,0.0289907359477951
20120412,0.0417198725928938,0.018168168015402,0.0108439969128323,0.00858078840898606,0.0511179333563178,0.0103295342303607,0.0208309473950313
20120417,0.0401230353962937,0.0185932483927397,0.0104038112952329,0.00892605024586334,0.048681448769673,0.013468031440904,0.0178053636459453
20120418,0.0393398176778285,0.0176237222106347,0.0108104488856083,0.0108379403365333,0.0492842629046804,0.0171568624499084,0.0176373810245008
20120419,0.0383975433875596,0.0198651838708622,0.00985250256978,0.00893689838184813,0.0269082945640228,0.0137760801153869,0.0192889598630059
20120420,0.0391959554014088,0.0197102333292867,0.00956040786398608,0.00882758219458425,0.0172388276146366,0.0145087872721905,0.0228813607289082
20120423,0.0405773011472585,0.0194082203786285,0.0121835271182013,0.00804040206655921,0.0245045881567893,0.027879975565739,0.0224870144221179
20120424,0.040919112189328,0.0194802550758426,0.00894227001346202,0.00846617818177589,0.0238522047158234,0.0107743059750456,0.0174959570517258
20120425,0.0411735333089296,0.0139982463902828,0.00608327687966332,0.00782304206947061,0.0247551575829617,0.0375,0.0222671540743181
20120501,0.0404663259385348,0.0140651646729706,0.00942232535417688,0.00796867187940961,0.0245870105304501,0.0129530665257509,0.0259826270577325
20120503,0.0421788417010885,0.0167328516405507,0.00941327342858453,0.00848621484047378,0.0243789967057296,0.0245589788092589,0.0518458110289447
20120504,0.042052044768895,0.0142828065232393,0.00767065463244901,0.0136022164447775,0.0193010371916911,0.0137081979880329,0.0515557881226998
20120506,0.0422393829409227,0.0142216736865162,0.00740718124084023,0.0141425533554969,0.0189876036150847,0.013589683941025,0.0475482520131663
20120507,0.0415310874550579,0.0106446562450508,0.0106082261656593,0.00707374848806445,0.019619715437427,0.013883484245183,0.0464729420016787
20120509,0.041751415161023,0.0185663853385522,0.0114477006541507,0.0087193204813836,0.0209067984023495,0.0134143670727356,0.0489817966221891
20120510,0.0377455545641554,0.0121392348375301,0.0102272131236411,0.00853526422908568,0.0205554237727648,0.0128296991537903,0.0448858933196637
20120511,0.0375,0.0340140363442185,0.011308903342705,0.00869738536923744,0.0126311445666774,0.0107310873360533,0.0375
20120512,0.038332694634457,0.0337678732445903,0.011171932206566,0.00862774605977328,0.0110640898566961,0.0104077741518245,0.0385451131808719
20120514,0.0374042977037624,0.0325081271881447,0.0115573144899795,0.00865313039337888,0.010531734273755,0.00826301305689377,0.0375
20120515,0.0387380970510231,0.0265128620270564,0.0149556847925792,0.0107117739329214,0.0162473283769469,0.00857534310805386,0.0375
20120516,0.039291462142105,0.0330294403670699,0.0144856293852556,0.0104991232306001,0.0291244535933974,0.00838593288381777,0.0397050772238767
20120518,0.0389676905487232,0.0222413403130873,0.0145050475788014,0.010204252540902,0.0216266097747324,0.00744026153953616,0.0374889806534217
20120521,0.0403854275426173,0.0338220868251481,0.00962717616029678,0.00821870913235391,0.0291641307726627,0.0103694463070541,0.0361635526919064
20120522,0.040408853576776,0.0248110500325873,0.0119426598965998,0.00824952479741211,0.0126312165156305,0.0143429963204326,0.0398132065687709
20120523,0.0398308299605389,0.021166897008703,0.01176650834888,0.0139022888805596,0.0170771181364506,0.00876455450942671,0.038202215983545
20120524,0.0400630994174083,0.0213045056995837,0.00899773244557739,0.0136161636389636,0.0180637633619763,0.00865151338828826,0.0375
20120525,0.0396032989171642,0.0194398287519796,0.00548790170108925,0.0122123271277605,0.0183336713017771,0.00884986124950891,0.0365582472684413
20120529,0.0375,0.0199272198029864,0.00706071961449566,0.0122709476915058,0.062474939104971,0.0109586683942811,0.0334219882795957
20120530,0.0397673273271956,0.0233997959301469,0.00685422172043383,0.0127353581411625,0.0645608937638862,0.014215615177546,0.0347482491758948
20120531,0.038114531073927,0.0187026445285888,0.0125673680397022,0.0101295005974877,0.0207432399960084,0.0141495266554208,0.0341372015575495
20120602,0.0375,0.022966386892542,0.0118510199118294,0.0102628845827371,0.0283333649584265,0.00952069354332946,0.0333743958628733
20120603,0.0299350530349088,0.021723649689889,0.0115447883123342,0.0156524733820873,0.0369896740107385,0.0145836263086741,0.0325456918066939
20120606,0.0356100440732791,0.0231900317696107,0.0180673711218028,0.0151520946992425,0.0322582330363394,0.0260266255674559,0.0318695075745172
20120607,0.0369117255135673,0.0245353077432652,0.0189520094048988,0.0135762912587605,0.0216471291567795,0.0140811368136043,0.0299206467763372
20120608,0.0409214861037783,0.0406236555695217,0.0195249822337223,0.013977363468197,0.025,0.0174434743525542,0.0298552036251339
20120609,0.0330204551405799,0.025,0.0198042723660285,0.0103047307292934,0.025,0.012492193931646,0.0305099522904183
20120611,0.0422530917783924,0.0241256629142861,0.0186681270147294,0.0141104557983214,0.025,0.0106490092390781,0.0296190825229741
20120612,0.0423732190202011,0.0257522166867057,0.0289376003100845,0.0105661926807245,0.025,0.0138003803793604,0.0276855586503676
20120613,0.0418306270950513,0.025,0.0204316220210883,0.0102218974405343,0.0211029902013224,0.0100885203553105,0.0303278794829472
20120614,0.0426214067182651,0.0221611832003742,0.0170921690819517,0.0129643392491142,0.022326723810855,0.0103877702505965,0.0299718904963142
20120615,0.0429282971669072,0.0420530712867339,0.00946383942794344,0.00882210757567349,0.025,0.0132226615347024,0.0310002116707967
20120618,0.041655994310587,0.0526717216150445,0.00978000974411994,0.00827516225013482,0.0232976035950891,0.0106319180787389,0.043342293668885
20120619,0.0420844545432597,0.069894447392782,0.00979080041352853,0.00827977173538082,0.0169495009000127,0.00808974723698616,0.0517220162452709
20120620,0.0429839141563975,0.0276803844202975,0.00981722274706335,0.00823129437696152,0.0170778068477878,0.00808441702852333,0.0298437502050902
20120621,0.0394270080524385,0.0228702334082463,0.0145695550178582,0.0118341113676414,0.012491069471892,0.00871502989954635,0.0279595089920355
20120622,0.0415408231397698,0.0242787914839431,0.0140798737169073,0.0107116073197569,0.0122982957553467,0.00968023762123922,0.0301332062872959
20120625,0.0400973386544653,0.0133777985160214,0.00752656223392051,0.00907150736627226,0.016664851421835,0.00972081912900793,0.025
20120626,0.0373686332349296,0.0263564093477444,0.00763468274790808,0.0113380156302839,0.0169747867383707,0.00814279361072768,0.025
20120627,0.0369698825068953,0.0237455372429259,0.00950156414457778,0.0106837752471555,0.0209817663251105,0.00908966123390183,0.025
20120628,0.038379963198676,0.0222316565910739,0.00933067327216698,0.0106174335608436,0.0172116207109335,0.00858599648645174,0.018696130391255
20120629,0.038740790178069,0.0125,0.0117583641984755,0.0109316781001948,0.0170449620423158,0.00990427950024769,0.0189108941987576
20120702,0.040313510021256,0.0134448179667068,0.00999198995221879,0.00976437190954603,0.0215197991530797,0.00777147853200057,0.0320425603961635
20120703,0.0478198973369763,0.0123587439307883,0.00974980170019323,0.011255710926332,0.021344035537354,0.00931423203120535,0.0291292739091746
20120705,0.0447238485209418,0.0128455824223846,0.0107055911641066,0.0114603192542867,0.0211073851361509,0.0072328455438503,0.0277218028546901
20120708,0.0374504019599746,0.014468821604042,0.00716016608629077,0.0116533246060724,0.0190821936363938,0.00712943427912787,0.0256268056451683
20120709,0.0385703058579797,0.0153633410653564,0.0102297750933805,0.0119701710527238,0.0183195911381097,0.00737406760414483,0.0250855781211205
20120711,0.0376161428795519,0.0146199970061256,0.00979563320512111,0.0104511395978739,0.0180162653532706,0.00740062083276376,0.0237394909633984
20120712,0.037273117279002,0.0134052081010646,0.00745915617913279,0.0116037486230104,0.0193171022834414,0.00737735266951574,0.0247499382401127
20120716,0.0365353133966049,0.0144202305556441,0.00998470780130119,0.00804196289602343,0.0236733039352576,0.00707079295244871,0.0326671310452969
20120717,0.0362503696753752,0.0136313112080924,0.0114246821307578,0.00793363349251481,0.0215242470699125,0.00743135830920921,0.0320232262397235
20120718,0.0389755215937648,0.0131494096881396,0.0115384189991787,0.00820031782158358,0.0215584127060525,0.00744843953087168,0.0262800751466266
20120719,0.0374603235645988,0.016219487625956,0.0117602438122167,0.00828718345406114,0.0217365090063424,0.00758448110730429,0.0320029093506505
20120720,0.0374000476955404,0.0162262529146488,0.0120264722861532,0.010029772507484,0.0224128527290437,0.00868518819204073,0.0307984850894132
20120723,0.0381786857837749,0.0165082535662726,0.0136103761211772,0.00965844232336807,0.0269195973497619,0.00907400908436669,0.0414413641352928
20120724,0.0399014414318305,0.0141729349241908,0.0127382891842299,0.0262367027365255,0.0248730258658093,0.0129572199451173,0.0296694033616708
20120725,0.0389191044923521,0.0145143036380119,0.0143453619445131,0.0216604778877249,0.025036975795913,0.0415683038588031,0.0216593958811228
20120726,0.0399529551845302,0.0132278725968547,0.00985748769706978,0.0221581767285544,0.0250676865215608,0.0128308274036495,0.0292401284239902
20120727,0.0367687190842742,0.0132667715536034,0.0136336483795306,0.0214547416669736,0.0243439664363552,0.00730208607386465,0.0311012750813142
20120730,0.0376545258449364,0.0129629671794077,0.0129900466573324,0.0212639993886229,0.023271001072093,0.00738848074279559,0.041547502397622
20120731,0.0377862387298198,0.0130734222886776,0.0114740668499981,0.0134783246575598,0.0306146984287023,0.00731996259993176,0.0333627369068668
20120802,0.0380498702076908,0.0119127591891435,0.0249143847421277,0.0186343585543205,0.0235475514100564,0.00742845177968277,0.0290695108885444
20120803,0.0380710229968242,0.0134280000221242,0.0130368622752544,0.0187236502293372,0.0241209725253236,0.0396860525136587,0.0319289911068264
20120805,0.0382628809632928,0.0134274254253904,0.0151254517534813,0.0187551086586312,0.0316907532560256,0.0411362384411818,0.0362454355911297
20120806,0.0377349396275134,0.0130008756140816,0.0105983900809899,0.0183767638985217,0.029830693256708,0.0402484471154846,0.0302164781609768
20120808,0.0363162591652616,0.0214454919384779,0.0147408022322506,0.0196063408160697,0.0281411607117942,0.041493421643089,0.0316738513942847
20120810,0.0373406883849949,0.0152654422833322,0.010678308890066,0.027977523072774,0.0269179128442592,0.0418299225439071,0.0267071306297865
20120811,0.0373798883505495,0.0242124073363586,0.0110578929393712,0.0139011169285495,0.0268372619695579,0,0.0246278144988231
20120813,0.0368474042047139,0.0202014479035814,0.0108073562413381,0.0143326884260085,0.0218084529849892,0.0086124798915999,0.0245002743408318
20120814,0.0377751008624256,0.017975270758338,0.0112006805822749,0.0182590935886445,0.0224438004342304,0.00855614448642146,0.0246651629657498
20120816,0.0372180814157732,0.0253739336256897,0.0145528005878568,0.0149948628673459,0.024657086402543,0.00850555243169356,0.0253420074972404
20120817,0.037287943345671,0.0190768997654863,0.00690945624966264,0.0144391978954094,0.0265298834904606,0.00817162515075238,0.0245697018493295
20120820,0.0373698229435899,0.0169269373392111,0.00664825015296577,0.0142090087881113,0.0273278556644001,0.00872590965955318,0.0233212457488817
20120821,0.0376544574869141,0.0179623070737317,0.00680114728657655,0.0171854802020302,0.0400751095693647,0.0086931352540114,0.0409071360765177
20120822,0.0375073450123673,0.0175514691152815,0.00814871361924578,0.0178359534524781,0.0387545102198964,0.00795830322194509,0.0468247532559904
20120823,0.0356184115637185,0.0168317839980655,0.00816721490079123,0.0177594563717103,0.0356932443515738,0.00872719182421802,0.0409982947168144
20120824,0.0374115411418805,0.016427739209723,0.00823150930462701,0.0211539929619366,0.0274961899442231,0.0086908035753705,0.0436471795276107
20120827,NA,NA,NA,NA,NA,NA,NA
20120828,NA,NA,NA,NA,NA,NA,NA
20120829,NA,NA,NA,NA,NA,NA,NA
20120830,NA,NA,NA,NA,NA,NA,NA
20120831,NA,NA,NA,NA,NA,NA,NA
20120901,NA,NA,NA,NA,NA,NA,NA
20120902,NA,NA,NA,NA,NA,NA,NA
20120903,NA,NA,NA,NA,NA,NA,NA
20120905,NA,NA,NA,NA,NA,NA,NA
20120907,NA,NA,NA,NA,NA,NA,NA
20120908,NA,NA,NA,NA,NA,NA,NA
20120910,NA,NA,NA,NA,NA,NA,NA
20120911,NA,NA,NA,NA,NA,NA,NA
20120913,NA,NA,NA,NA,NA,NA,NA
20120914,NA,NA,NA,NA,NA,NA,NA
20120917,NA,NA,NA,NA,NA,NA,NA
20120918,NA,NA,NA,NA,NA,NA,NA
20120919,NA,NA,NA,NA,NA,NA,NA
20120920,NA,NA,NA,NA,NA,NA,NA
20120921,NA,NA,NA,NA,NA,NA,NA
20120924,NA,NA,NA,NA,NA,NA,NA
20120925,NA,NA,NA,NA,NA,NA,NA
20120926,NA,NA,NA,NA,NA,NA,NA
20120927,NA,NA,NA,NA,NA,NA,NA
20120928,NA,NA,NA,NA,NA,NA,NA
20121001,NA,NA,NA,NA,NA,NA,NA
20121002,NA,NA,NA,NA,NA,NA,NA
20121004,NA,NA,NA,NA,NA,NA,NA
20121005,NA,NA,NA,NA,NA,NA,NA
20121007,NA,NA,NA,NA,NA,NA,NA
20121008,NA,NA,NA,NA,NA,NA,NA
20121009,NA,NA,NA,NA,NA,NA,NA
20121010,NA,NA,NA,NA,NA,NA,NA
20121012,NA,NA,NA,NA,NA,NA,NA
20121015,NA,NA,NA,NA,NA,NA,NA
20121016,NA,NA,NA,NA,NA,NA,NA
20121017,NA,NA,NA,NA,NA,NA,NA
20121018,NA,NA,NA,NA,NA,NA,NA
20121019,NA,NA,NA,NA,NA,NA,NA
20121022,NA,NA,NA,NA,NA,NA,NA
20121023,NA,NA,NA,NA,NA,NA,NA
20121024,NA,NA,NA,NA,NA,NA,NA
20121025,NA,NA,NA,NA,NA,NA,NA
20121031,NA,NA,NA,NA,NA,NA,NA
20121101,NA,NA,NA,NA,NA,NA,NA
20121104,NA,NA,NA,NA,NA,NA,NA
20121105,NA,NA,NA,NA,NA,NA,NA
20121106,NA,NA,NA,NA,NA,NA,NA
20121107,NA,NA,NA,NA,NA,NA,NA
20121109,NA,NA,NA,NA,NA,NA,NA
20121110,NA,NA,NA,NA,NA,NA,NA
20121112,NA,NA,NA,NA,NA,NA,NA
20121113,NA,NA,NA,NA,NA,NA,NA
20121114,NA,NA,NA,NA,NA,NA,NA
20121115,NA,NA,NA,NA,NA,NA,NA
20121116,NA,NA,NA,NA,NA,NA,NA
20121119,NA,NA,NA,NA,NA,NA,NA
20121120,NA,NA,NA,NA,NA,NA,NA
20121121,NA,NA,NA,NA,NA,NA,NA
20121123,NA,NA,NA,NA,NA,NA,NA
20121126,NA,NA,NA,NA,NA,NA,NA
20121127,NA,NA,NA,NA,NA,NA,NA
20121128,NA,NA,NA,NA,NA,NA,NA
20121129,NA,NA,NA,NA,NA,NA,NA
20121201,NA,NA,NA,NA,NA,NA,NA
20121203,NA,NA,NA,NA,NA,NA,NA
20121204,NA,NA,NA,NA,NA,NA,NA
20121206,NA,NA,NA,NA,NA,NA,NA
20121207,NA,NA,NA,NA,NA,NA,NA
20121209,NA,NA,NA,NA,NA,NA,NA
20121210,NA,NA,NA,NA,NA,NA,NA
20121211,NA,NA,NA,NA,NA,NA,NA
20121212,NA,NA,NA,NA,NA,NA,NA
20121213,NA,NA,NA,NA,NA,NA,NA
20121214,NA,NA,NA,NA,NA,NA,NA
20121217,NA,NA,NA,NA,NA,NA,NA
20121218,NA,NA,NA,NA,NA,NA,NA
20121219,NA,NA,NA,NA,NA,NA,NA
20121220,NA,NA,NA,NA,NA,NA,NA
20121221,NA,NA,NA,NA,NA,NA,NA
20121227,NA,NA,NA,NA,NA,NA,NA
20121228,NA,NA,NA,NA,NA,NA,NA
20130102,NA,NA,NA,NA,NA,NA,NA
20130103,NA,NA,NA,NA,NA,NA,NA
20130107,NA,NA,NA,NA,NA,NA,NA
20130108,NA,NA,NA,NA,NA,NA,NA
20130110,NA,NA,NA,NA,NA,NA,NA
20130114,NA,NA,NA,NA,NA,NA,NA
20130115,NA,NA,NA,NA,NA,NA,NA
20130116,NA,NA,NA,NA,NA,NA,NA
20130117,NA,NA,NA,NA,NA,NA,NA
20130118,NA,NA,NA,NA,NA,NA,NA
20130122,NA,NA,NA,NA,NA,NA,NA
20130123,NA,NA,NA,NA,NA,NA,NA
20130124,NA,NA,NA,NA,NA,NA,NA
20130125,NA,NA,NA,NA,NA,NA,NA
20130128,NA,NA,NA,NA,NA,NA,NA
20130129,NA,NA,NA,NA,NA,NA,NA
20130130,NA,NA,NA,NA,NA,NA,NA
20130131,NA,NA,NA,NA,NA,NA,NA
20130204,NA,NA,NA,NA,NA,NA,NA
20130205,NA,NA,NA,NA,NA,NA,NA
20130207,NA,NA,NA,NA,NA,NA,NA
20130208,NA,NA,NA,NA,NA,NA,NA
20130210,NA,NA,NA,NA,NA,NA,NA
20130212,NA,NA,NA,NA,NA,NA,NA
20130213,NA,NA,NA,NA,NA,NA,NA
20130214,NA,NA,NA,NA,NA,NA,NA
20130215,NA,NA,NA,NA,NA,NA,NA
20130219,NA,NA,NA,NA,NA,NA,NA
20130220,NA,NA,NA,NA,NA,NA,NA
20130221,NA,NA,NA,NA,NA,NA,NA
20130222,NA,NA,NA,NA,NA,NA,NA
20130225,NA,NA,NA,NA,NA,NA,NA
20130226,NA,NA,NA,NA,NA,NA,NA
20130227,NA,NA,NA,NA,NA,NA,NA
20130228,NA,NA,NA,NA,NA,NA,NA
20130301,NA,NA,NA,NA,NA,NA,NA
20130304,NA,NA,NA,NA,NA,NA,NA
20130306,NA,NA,NA,NA,NA,NA,NA
20130307,NA,NA,NA,NA,NA,NA,NA
20130309,NA,NA,NA,NA,NA,NA,NA
20130310,NA,NA,NA,NA,NA,NA,NA
20130312,NA,NA,NA,NA,NA,NA,NA
20130313,NA,NA,NA,NA,NA,NA,NA
20130314,NA,NA,NA,NA,NA,NA,NA
20130315,NA,NA,NA,NA,NA,NA,NA
20130319,NA,NA,NA,NA,NA,NA,NA
20130320,NA,NA,NA,NA,NA,NA,NA
20130321,NA,NA,NA,NA,NA,NA,NA
20130322,NA,NA,NA,NA,NA,NA,NA
20130326,NA,NA,NA,NA,NA,NA,NA
20130327,NA,NA,NA,NA,NA,NA,NA
20130328,NA,NA,NA,NA,NA,NA,NA
20130401,NA,NA,NA,NA,NA,NA,NA
20130402,NA,NA,NA,NA,NA,NA,NA
20130403,NA,NA,NA,NA,NA,NA,NA
20130404,NA,NA,NA,NA,NA,NA,NA
20130406,NA,NA,NA,NA,NA,NA,NA
20130409,NA,NA,NA,NA,NA,NA,NA
20130410,NA,NA,NA,NA,NA,NA,NA
20130411,NA,NA,NA,NA,NA,NA,NA
20130412,NA,NA,NA,NA,NA,NA,NA
20130415,NA,NA,NA,NA,NA,NA,NA
20130417,NA,NA,NA,NA,NA,NA,NA
20130418,NA,NA,NA,NA,NA,NA,NA
20130419,NA,NA,NA,NA,NA,NA,NA
20130422,NA,NA,NA,NA,NA,NA,NA
20130423,NA,NA,NA,NA,NA,NA,NA
20130424,NA,NA,NA,NA,NA,NA,NA
20130425,NA,NA,NA,NA,NA,NA,NA
20130426,NA,NA,NA,NA,NA,NA,NA
20130502,NA,NA,NA,NA,NA,NA,NA
20130503,NA,NA,NA,NA,NA,NA,NA
20130504,NA,NA,NA,NA,NA,NA,NA
20130506,NA,NA,NA,NA,NA,NA,NA
20130507,NA,NA,NA,NA,NA,NA,NA
20130508,NA,NA,NA,NA,NA,NA,NA
20130509,NA,NA,NA,NA,NA,NA,NA
20130511,NA,NA,NA,NA,NA,NA,NA
20130512,NA,NA,NA,NA,NA,NA,NA
20130513,NA,NA,NA,NA,NA,NA,NA
20130514,NA,NA,NA,NA,NA,NA,NA
20130515,NA,NA,NA,NA,NA,NA,NA
20130516,NA,NA,NA,NA,NA,NA,NA
20130517,NA,NA,NA,NA,NA,NA,NA
20130521,NA,NA,NA,NA,NA,NA,NA
20130522,NA,NA,NA,NA,NA,NA,NA
20130523,NA,NA,NA,NA,NA,NA,NA
20130524,NA,NA,NA,NA,NA,NA,NA
20130528,NA,NA,NA,NA,NA,NA,NA
20130529,NA,NA,NA,NA,NA,NA,NA
20130531,NA,NA,NA,NA,NA,NA,NA
20130602,NA,NA,NA,NA,NA,NA,NA
20130603,NA,NA,NA,NA,NA,NA,NA
20130606,NA,NA,NA,NA,NA,NA,NA
20130608,NA,NA,NA,NA,NA,NA,NA
20130609,NA,NA,NA,NA,NA,NA,NA
20130611,NA,NA,NA,NA,NA,NA,NA
20130612,NA,NA,NA,NA,NA,NA,NA
20130613,NA,NA,NA,NA,NA,NA,NA
20130614,NA,NA,NA,NA,NA,NA,NA
20130617,NA,NA,NA,NA,NA,NA,NA
20130618,NA,NA,NA,NA,NA,NA,NA
20130619,NA,NA,NA,NA,NA,NA,NA
20130620,NA,NA,NA,NA,NA,NA,NA
20130621,NA,NA,NA,NA,NA,NA,NA
20130625,NA,NA,NA,NA,NA,NA,NA
20130626,NA,NA,NA,NA,NA,NA,NA
20130627,NA,NA,NA,NA,NA,NA,NA
20130628,NA,NA,NA,NA,NA,NA,NA
20130701,NA,NA,NA,NA,NA,NA,NA
20130702,NA,NA,NA,NA,NA,NA,NA
20130703,0.0236084974862688,0.0410586282659642,0.00890291715069321,0.00678926548517413,0.0415518319715148,0.0175504179978524,0.0344023398187229
20130706,0.0237801633415402,0.0407566795024603,0.00907901143449688,0.00642807726425315,0.037648971053943,0.0166287595969523,0.0191615113701419
20130708,0.0277901038261046,0.0340266659464912,0.00803274078376995,0.00622365790140617,0.0392857788388638,0.0174696890198928,0.0256524483700576
20130710,0.0239745740835937,0.0202696851793765,0.0095035337839496,0.00589232753992323,0.042051582143082,0.0165565108087823,0.0255157203448498
20130711,0.0255918417023171,0.0393424646535301,0.0160853974339382,0.00916306714256527,0.0416916462293269,0.0166887409153469,0.0257421000290273
20130715,0.024344634147898,0.0404960931637776,0.0174361122059053,0.0106371158301916,0.0173071423624497,0.0177934802401404,0.0480299380746131
20130716,0.0244254238813488,0.0401498342034369,0.0176753917739611,0.010414599290121,0.0175778323094858,0.0178363469421377,0.0261456426560314
20130717,0.024326322882545,0.0219235225352971,0.0184220639712531,0.0106827272322442,0.0166435591618473,0.0142546393435868,0.031133548159767
20130718,0.024391315558458,0.0353620444157174,0.0167940131659309,0.00797860360360356,0.0150833374098663,0.014245018786987,0.0279418042116762
20130719,0.0232413843337331,0.0403402073071165,0.0143581459704458,0.00908768921465463,0.0165802054773952,0.0151766093716284,0.0259185456644517
20130722,0.0243988041009562,0.0178038655133455,0.0147695256290588,0.00925566257072438,0.0241602586390556,0.015073945930988,0.0275457734048281
20130724,0.022420637683412,0.0172637640906301,0.0156094460223708,0.0150851777366803,0.021523727485026,0.0158053293972595,0.0276402883617261
20130725,0.022568827169213,0.0229338669083879,0.00954822284448426,0.00978029158255801,0.0234268937517805,0.0252273439304146,0.035083636886723
20130726,0.0210772672384547,0.0223521306641518,0.0127580062661566,0.00992288522701109,0.0181418544752563,0.0156996161238838,0.0335952807153647
20130729,0.0221271406349741,0.0125,0.0125,0.0101407484611503,0.0215312679959016,0.0184307991285202,0.0320569165237726
20130730,0.0198706743587607,0.0218901288539961,0.0127713577368005,0.0105201951694489,0.039276833954466,0.0151280752947175,0.0287518943265743
20130731,0.0221226112491227,0.0219734983513718,0.0132486064630204,0.0103696535742336,0.0200481010890092,0.0152758976656569,0.0300302713904579
20130801,0.0217306228968642,0.0227793877830019,0.015717225251137,0.0102333473850083,0.0231642152711606,0.0149116390285796,0.029859303897795
20130802,0.0223616616436889,0.0245424160606695,0.0133786622678818,0.0101084097670978,0.0260755450008934,0.018017779011009,0.0228002229337849
20130803,0.0222630385934655,0.0224677960043513,0.0156159705561844,0.00773651379366484,0.0225096854363808,0.0125,0.0240178146681411
20130804,0.0237688413638354,0.0226076846927443,0.0139535924029226,0.00605187593687666,0.0186860190961212,0.0125,0.0241396884331024
20130805,0.02162232655609,0.0258989325775967,0.0125,0.00568800083558409,0.0182378876223104,0.0125,0.0239466185600893
20130807,0.023416303235901,0.0254604447594115,0.0128435792876398,0.0118514954600662,0.0249798608817951,0.0095355874750262,0.0234080963773038
20130808,0.0240268453482918,0.0254212044134215,0.0125,0.0118831445390851,0.0362604531011809,0.00962874789345435,0.0233752577945525
20130810,0.02370599774102,0.0552625748762903,0.0127955642290037,0.0125,0.0305117356662558,0.0139868055327234,0.0235717991276348
20130811,0.0228782055768547,0.00964768847931944,0.0102560448234203,0.00636998498916109,0.028958640388228,0.0144387358770002,0.0148772182273531
20130813,0.021216558412622,0.0165039041100131,0.0125,0.00667819286455988,0.0458363049055587,0.0144761788245682,0.0132009750700257
20130814,0.0218629929557368,0.0149365458662032,0.0125,0.00831737751152056,0.0434168012676935,0.0143972654015776,0.0127249419251883
20130816,0.0222808837606202,0.0158327002496102,0.0125,0.00825045651023099,0.0466642364529729,0.014573473589953,0.013146195736809
20130819,0.0224556562667236,0.0156841013339956,0.01274000184136,0.00711103564407236,0.0340682659776697,0.0148047870983437,0.0125
20130820,0.0222888879525348,0.0160825065177204,0.0130608501992586,0.00933933868222331,0.0256124754391631,0.0149541417183596,0.0217431979787326
20130821,0.0224519931619183,0.0156737685950621,0.012872522041944,0.00812970314654159,0.0252534732201047,0.01440157172576,0.0152875225353068
20130822,0.0220262954990089,0.0163902930812275,0.0131799475708104,0.00663310704691002,0.0393880008374582,0.0162736721428826,0.0151183500852937
20130823,0.0224352789559718,0.0119504000921694,0.0130929890272776,0.00529094246469223,0.0309061034339181,0.0162225447708537,0.0119187307572077
20130826,0.0219845024174356,0.0125,0.00821811731042543,0.00525695741381636,0.0269909596139163,0.014111156898769,0.0135016599946023
20130827,0.0206456868620141,0.0125,0.0125,0.0055182349828828,0.0210051351596371,0.0140954138384953,0.014826473159036
20130828,0.021372446710053,0.0217794467651231,0.00919060608710155,0.0053463667771005,0.0221131011848278,0.0140963395148465,0.0201180555402301
20130829,0.02059088162471,0.0244270258701608,0.0081215981286359,0.00524721429892734,0.024515564936991,0.0132010864347365,0.0138445317252821
20130830,0.0158842969986974,0.0234479882349171,0.00928395008397762,0.00553642006397944,0.0328768426940064,0.0156535300829364,0.014285140916374
20130901,0.0204583053513813,0.0202752527314691,0.00917277807990146,0.00525014299424226,0.0284172355509138,0.0132746075790561,0.0184874280316784
20130904,0.0199219921558687,0.0148052360091205,0.00975974360670988,0.00556827804112237,0.0209143611809123,0.0130030947481611,0.0146457817471374
20130907,0.0222848949905972,0.0173428618610852,0.0125,0.00523290848552684,0.0158107480294745,0.0119958108401443,0.0118038825560186
20130908,0.021309378752433,0.01342168504828,0.0133570988805167,0.00553883196373557,0.0272857230017567,0.0158973228689958,0.016155563054193
20130909,0.022551843579725,0.0149493778038902,0.0131413111065679,0.0112980631993844,0.0298809609364099,0.016149099889365,0.0125
20130910,0.0220129652177812,0.0119284301737332,0.0136953083459976,0.0184957240598817,0.0275674293869111,0.0131679744321242,0.0125
20130912,0.0180570385292272,0.0119407584782418,0.013194223194116,0.0125,0.032764599857771,0.0163532444321958,0.0145835839812312
20130913,0.0207570397415276,0.0120729755433851,0.0185185099985121,0.0140712081743752,0.0286636126803396,0.0153886332375278,0.0134756236242052
20130916,0.0173335660868463,0.0121404415358193,0.017001293403299,0.0142268519067643,0.0248386905560744,0.017017882772253,0.0130846946564033
20130917,0.0200263841710225,0.00991249666616888,0.0150219839858137,0.0142957546640331,0.0263382857768816,0.0165729861806262,0.0145592219682826
20130918,0.0183035369247507,0.00911126035727407,0.0148822770111339,0.0140945899024283,0.0240589647419533,0.0165119630691607,0.0145759842590352
20130919,0.0181561185123345,0.0122682486304104,0.0140922193490965,0.0151292436815225,0.0177230276267149,0.0122573082229698,0.0140117883017582
20130920,0.017268968331287,0.0119538696590755,0.0125,0.0125,0.0191254342406604,0.0137832288778196,0.0173746054958476
20130923,0.0205091507597595,0.0140415023084051,0.0123669166714119,0.0115457932605871,0.0156984566123586,0.0125,0.0358825222084111
20130924,0.0163036261321259,0.013926164574469,0.0150297440175562,0.0111973956228489,0.0195407154355471,0.0152551562477201,0.0334681881786824
20130925,0.0187073147695837,0.0138467402005297,0.0179702990719677,0.011278908069895,0.0124546538067082,0.0166182024268952,0.0353533750730671
20130926,0.0198987231466644,0.0137028102693108,0.0229453335416838,0.0111900608155995,0.0119558702351511,0.0165694058307385,0.0159898131806933
20130927,0.0183730704658443,0.0140773029458996,0.0170931757633967,0.00824881784403606,0.0123984775043862,0.0113934224050731,0.0161461775727815
20130930,0.0190881649499036,0.0147564909496141,0.0169802293358731,0.0110623292040828,0.0125599830080913,0.0112905499648462,0.015911009599632
20131001,0.0172909432161752,0.0145152141454661,0.0172009856154471,0.00999067026072983,0.0124327106791013,0.0112253009747781,0.0158208939880433
20131004,0.0191575610767739,0.0140435167711891,0.0157476340154754,0.0108044245199267,0.0197978741349989,0.0110142494290297,0.0395659728471642
20131005,0.0196376275036052,0.014347050465744,0.0156299253064847,0.0120484591771279,0.0245457409229431,0.0109675829247933,0.0401798361647366
20131006,0.020126383637947,0.0110051484010201,0.0170063865116926,0.0117547958692196,0.0243863029305631,0.0123237378566971,0.0287689710753224
20131007,0.0194896380227659,0.00968470629536402,0.0167630574125949,0.0117047423877291,0.0182053616220799,0.010960297023249,0.0279168867797221
20131009,0.0204176479499348,0.00961371774428046,0.0136960381304828,0.0156712814454219,0.0234379863281208,0.0145098506971226,0.0282781489127944
20131010,0.0209856336006497,0.0049549832440509,0.0130582668965932,0.0107615547752956,0.0243170550002539,0.014183626712097,0.0294972322813747
20131012,0.0199776393442678,0.00752534554511615,0.0151466478317997,0.0154700619858016,0.0149510881778,0.0144707798996198,0.0295893757700833
20131014,0.0200615466659804,0.00631466220865307,0.014307259395757,0.0134729465298512,0.0186406433969684,0.0140299867766039,0.0165282663115056
20131015,0.0222134776479672,0.00643272016901345,0.0158597556326809,0.0141486917905269,0.0147858260724069,0.0125581598538412,0.0134615701816383
20131016,0.0210150857296665,0.00586202080993547,0.0149965271595401,0.0148362243266629,0.0188845107691172,0.0100275064487473,0.0289207336884581
20131017,0.0213879653839631,0.00631027674406982,0.0177273116961021,0.0131174101718484,0.019254154277064,0.013267963253001,0.0317783212962877
20131018,0.0208374066086472,0.0112377590762179,0.0124323459615033,0.0136913009395821,0.0147263736656473,0.0152833222050777,0.0330840846688535
20131021,0.019943959483369,0.0115624533194602,0.0124212575278212,0.0128365426781607,0.0147346358474782,0.0148344201038214,0.031361768744037
20131022,0.020231247442288,0.0125077354063446,0.00987698911177983,0.0125796208270149,0.0185846996883864,0.0148377293864754,0.0310779229020653
20131023,0.023921311178022,0.0117681370299249,0.0116045765292786,0.0136185864031477,0.0254288136545028,0.0149877371631891,0.0268591021809397
20131024,0.0201485525859577,0.0460269137254266,0.016365235980963,0.014019155112704,0.023136595488627,0.015100957729507,0.0405946145703197
20131025,0.0195774905973701,0.0239741995110109,0.0114380687346602,0.0131028653254284,0.0276190206709414,0.0150711852241533,0.0389992171209539
20131029,0.0199986976381329,0.0517579291887834,0.0112544272625984,0.0134530583393988,0.0288946617119785,0.0136933312913207,0.0342272176056296
20131030,0.020992271862133,0.033533028526339,0.0115470201237366,0.0132327948054707,0.012174222573476,0.0130281405675389,0.0319404308179915
20131031,0.0227602138816712,0.00932637000408604,0.0108985205525427,0.014210137644224,0.0116366069974505,0.013410742835074,0.0277196608167768
20131101,0.0207920080086822,0.00867242837032045,0.0102621588061105,0.0115247553830731,0.039356946109549,0.011153369489448,0.028703612055246
20131102,0.0209486942243603,0.00764437309526185,0.0115881675725937,0.013994572998482,0.0215245269853642,0.0125953679520628,0.0277294265802525
20131103,0.0211805483560325,0.0105291369277954,0.0161852912223294,0.0141526570322955,0.0296733716668326,0.0117783676978254,0.0273889154925104
20131104,0.0243320440426185,0.05,0.014395582317742,0.0139557215391191,0.0123285355216879,0.0141908764430024,0.0283991307557067
20131106,0.0251194889516635,0.0104558034748062,0.0161332148524058,0.0189256559406399,0.0162836585741568,0.014307265762598,0.0158136684655925
20131107,0.0232776769200289,0.0095165663680651,0.015993368307426,0.0138730113789932,0.0181386130293834,0.0122709487222653,0.0172911001711978
20131109,0.024514390481836,0.00942266072547311,0.0141001951878641,0.0132928524063527,0.0185414644549128,0.0120074530988812,0.0201779390036789
20131110,0.0226506031250553,0.0101461076615834,0.0154103101071736,0.0105628232864029,0.0208464655277761,0.0103609678123734,0.0196833042677327
20131112,0.02503836737589,0.0113265969620204,0.0145721316049141,0.0129017138276643,0.0181554386173356,0.0146387450351993,0.0146755018144437
20131113,0.0250261161756523,0.0134546568496484,0.0143895050415697,0.015411393364791,0.0208461086577993,0.0152597273969501,0.0161104853984012
20131114,0.0246930912074343,0.0139834201498381,0.0107321369595899,0.0115656292480609,0.0171325975884654,0.0195328709978632,0.0240638101742695
20131115,0.0226834497656996,0.0238541881118128,0.0111243674799174,0.0129587811678139,0.0226931834175628,0.0164984678773064,0.0222258518641507
20131118,0.025295042339935,0.0148195248660669,0.0108684673351717,0.0133610405908391,0.0175846158169079,0.011778335694518,0.0247339724517443
20131119,0.0230465319866025,0.0470236705909119,0.0149114402327143,0.0129557939782557,0.015755284613722,0.0155074935621785,0.0196821569997001
20131120,0.0230669713240679,0.0236284033685477,0.0100883664202407,0.0139181967861437,0.0141084577627448,0.0177524889306049,0.024324039603713
20131121,0.0241998593755193,0.0151574737764238,0.0100057463072175,0.013163283327098,0.0142722421688871,0.014466095877937,0.0213550581607507
20131122,0.0243171985979828,0.0148109482326693,0.0289094143351492,0.0127206068154927,0.013715810527617,0.014024826022497,0.021964930366234
20131125,0.0242617699713959,0.0150084071061269,0.0161329464480673,0.0126560877956622,0.0203280145247803,0.013748057636424,0.0300697488133428
20131126,0.0247095332923108,0.0120648476487305,0.0305807767926433,0.0117903861705697,0.0864590395253665,0.0137344626543173,0.0310036607047546
20131127,0.0250884557089923,0.00904610390794098,0.0151684913237488,0.012833997666606,0.0149674363041285,0.0163796541253474,0.0313232553792403
20131129,0.0257092737333067,0.00860578425765088,0.0155336298624153,0.0181124592409858,0.0143765463636754,0.0134897172236505,0.0311253621976984
20131202,0.0268130857964953,0.0120441684045339,0.0149497572688334,0.0134157876147135,0.0222000986491379,0.0134897172236504,0.0332652439473643
20131203,0.0249662118190853,0.010744585099329,0.0150699723750328,0.0133510263408367,0.0340973277010288,0.0172523169874359,0.0322432621631847
20131204,0.0235886843476913,0.0100033865763144,0.0147677103183845,0.0198927474566073,0.0322882741460207,0.0164215666183569,0.0316315817876403
20131206,0.024979046325507,0.0146649761113887,0.0101425359367454,0.0106363294724196,0.0267298188645315,0.0170029179487724,0.0311930035219637
20131207,0.0253340868703728,0.0114180317722205,0.00817094601581262,0.0127169084086854,0.0306712535420922,0.0189921867877189,0.033745273668267
20131208,0.024834041308609,0.0148516719944386,0.0106431385327474,0.0106493285720947,0.0298080560345518,0.0169217270009937,0.015030045818803
20131209,0.0253768258221981,0.0149910040187176,0.00798886666888208,0.0121071792011051,0.0238896723165337,0.0147006904183994,0.0157571772316738
20131211,0.0258555654540634,0.0117677435487265,0.0107933414391215,0.0106505985829431,0.0199957155967562,0.0139668773865679,0.0154759781926423
20131212,0.0251964564565093,0.0161566518563745,0.0123678126565904,0.00795109433594746,0.0166407252499391,0.0132995717837801,0.0163432624981298
20131213,0.0242936120127474,0.0279869215347063,0.01100115141268,0.0078451264353634,0.0155160566963236,0.0120180047212291,0.0179876413517659
20131216,0.0237506945640027,0.0280276088644244,0.0103917835831158,0.0101045381781241,0.0153705959938054,0.00954378535781189,0.0162589715368813
20131217,0.0240127933655375,0.0289058798739605,0.0143470622895893,0.0108150774037978,0.011955783847732,0.00941063874083864,0.0146481606433516
20131218,0.0229936114356029,0.0285406994351306,0.0121600507776776,0.0107407272306907,0.0129047039627725,0.00918577844474465,0.0163218990663334
20131219,0.0293085190227811,0.0306322508616742,0.0138831286904169,0.00992604523057467,0.0207948867375627,0.00950775647875198,0.0128244758699392
20131220,0.0290768666168818,0.0251112831832923,0.00934585049229027,0.01179028186463,0.0214387119113574,0.00953164337413146,0.0132102099420383
20131223,0.0306631248458378,0.0298817522353511,0.0120075686312081,0.0118450050054478,0.0201667662522781,0.00981265937727056,0.0132758034541176
20131227,0.0305288941918897,0.0129279379348127,0.0118004941499388,0.012306986201525,0.012241927735425,0.0097515410833771,0.0131738688821058
20131230,0.0300715136326665,0.0114974045080333,0.0101976207583108,0.0100261529348794,0.0161989726778658,0.0096835242160567,0.0136953927862673
20140104,0.0356105137361239,0.0134797581399759,0.0169315185262455,0.0113901244569368,0.0156475342270841,0.00974333450822222,0.0130765310022864
20140107,0.029743209305072,0.0143619709217077,0.00923147483132333,0.0129894264930784,0.0161695869879884,0.00963487666120416,0.014827804366581
20140108,0.023467070107325,0.0085378690740833,0.00772006866003624,0.00976544978994683,0.0176178761091481,0.011194995123462,0.0233488672927713
20140110,0.0229642508663102,0.0128006779274001,0.00991193027380647,0.00974071934001741,0.0175900277008311,0.011427160908604,0.0204150149479701
20140113,0.0228787929461542,0.0107639674578335,0.0118282053388093,0.00978868796334469,0.0179951523545707,0.00976668998928194,0.0199618717845901
20140114,0.0258857017854838,0.00939247030875202,0.00764744822902851,0.0102166900092716,0.0235731789568812,0.00990139140190035,0.0214577471646752
20140115,0.0226396416288689,0.0105950776584082,0.0155323413598397,0.0102950756619019,0.0237624482447955,0.00994012698160732,0.0189982004534501
20140116,0.0230543544287018,0.012512366938534,0.0242158924110366,0.0100750563903353,0.0279169969172488,0.0101098127550694,0.0196700073317941
20140117,0.0227461085381616,0.0251853160866844,0.00747780418565754,0.0101992251225052,0.0108044713203857,0.0100149560820853,0.019248558914109
20140121,0.0229972625464929,0.0210915685879019,0.00875339197632506,0.0123131471573346,0.0151284158958505,0.00967161119820531,0.0163126443270794
20140122,0.0237148118801209,0.0178737160717399,0.0110685590488686,0.00997438650646323,0.0149334470820299,0.00813591242862935,0.0150355917338305
20140123,0.0242490123664125,0.0252617059925777,0.0130086500716102,0.0102662584420736,0.0183498017495395,0.00861901184981321,0.0178925051875913
20140124,0.0247345415944624,0.0239989398058328,0.0104033876105176,0.00963715716886765,0.0281472618595048,0.00942324924312534,0.0202254357680518
20140127,0.0258396172265233,0.0106964750094666,0.0107974096970199,0.00982806707652531,0.017468702199934,0.0106995713339414,0.0183792553549486
20140128,0.026544473631522,0.0126359776727989,0.00949605876380827,0.00818328893402423,0.00827002896224754,0.0131016042774478,0.0160197486850717
20140129,0.0405225363819364,0.0129083374735718,0.00967579049804157,0.00745868740454347,0.00972960889697086,0.0162710099868564,0.0171642586669891
20140130,0.0411094863503501,0.0141585846980088,0.0103753782051439,0.00754842870872417,0.0150182437807388,0.0119461436304664,0.020221388173312
20140131,0.0282476951680816,0.0138793347207453,0.0104976128900663,0.00853241694574783,0.00912822057046942,0.0111833571522152,0.0217950450145067
20140204,0.0285690680492128,0.0191422280945264,0.00979768623153998,0.00852327563469628,0.00879640794346459,0.0128309857096643,0.0495465595614878
20140205,0.0283555831304435,0.0194644597551113,0.0101040387450357,0.00862853451333984,0.0201627736520513,0.0172593620610775,0.0203733338702598
20140206,0.0291592935594994,0.0157544305829113,0.0101921253833165,0.00878751946218078,0.0170761800828398,0.0176035244817223,0.0156453409887684
20140207,0.0287074453666435,0.014990959807397,0.0105741808515174,0.00869537702639891,0.0118610121199794,0.0167369618124203,0.0178342712477027
20140209,0.0299087402981469,0.0194472736437361,0.00902012078069627,0.00929452097663188,0.0112617860424839,0.0169989285998327,0.0176669545421392
20140210,0.0296410106369335,0.023488423762363,0.00725351353696579,0.0107758649764349,0.0117976848357431,0.0160303302137439,0.0176092752319788
20140212,0.0228082658430245,0.0120558735508836,0.00833316521664437,0.00941396913375266,0.0202440912089146,0.0140069965241716,0.0125741066123046
20140213,0.0247261417258725,0.00792514957311543,0.00808282628085391,0.00915336263264695,0.0215305893394358,0.0120062329148659,0.0181175649156487
20140214,0.0245252377866802,0.00715080478899437,0.0102026693657679,0.00875550897693451,0.0218960478973524,0.0129481010708205,0.0123271674118551
20140218,0.0230903135922445,0.00587534206018975,0.0103502551588545,0.00873288687134475,0.0215746945822922,0.0128698218870014,0.0175077359820132
20140219,0.0226110116433801,0.00638783010057902,0.00735674308528687,0.00879092503687628,0.0143200851702053,0.0156294610925704,0.0132678074004874
20140220,0.0226052455503097,0.00587613472507103,0.00823751418174756,0.00889614634186237,0.0149204518578698,0.0130360975488054,0.0135600134711696
20140221,0.0224934852684217,0.00590878946362214,0.00833042088670834,0.00887817170491225,0.0134518862425838,0.0186488083659229,0.0133269157539939
20140224,0.0232158437732215,0.00582308233964676,0.0079979253722298,0.00887963890721733,0.0112657817886035,0.0131606837698544,0.0173324758578364
20140225,0.024351125401913,0.00632856636617509,0.00729600231858509,0.0101360530520453,0.0120883627823937,0.0094030178919325,0.0306098043425327
20140226,0.0201229882522813,0.00634233116365319,0.00725980631803984,0.00617678812985617,0.011733149207752,0.0146330974028632,0.0190523655465408
20140227,0.0128179126031011,0.00781304084823274,0.0073261727951499,0.00620777301970474,0.0132476510566837,0.0153500411484634,0.0135804722680702
20140228,0.0143792304034761,0.00646217410314434,0.00646152414583702,0.00631927270985602,0.0120526935419586,0.0155144156229685,0.0127856176418924
20140301,0.0139193521441381,0.00631011192931257,0.00728587573131962,0.00697122236994006,0.0133333415817112,0.0123991796951124,0.0118142298414673
20140302,0.0136589580403824,0.00617758292922761,0.0146261137308691,0.00599206499260857,0.015158142057681,0.0120618218903611,0.0118833345143226
20140304,0.0134588846394482,0.0125236336716571,0.0138912887659127,0.00632617538845227,0.0143807781328667,0.0100424688519746,0.0150943721561965
20140306,0.0136153632963471,0.00873211205986272,0.00945815885099271,0.00621179494212918,0.0142575202360045,0.00985807543979563,0.0189179944364905
20140307,0.0135852156046276,0.00652082072967431,0.00954808776263835,0.00654997888339185,0.0143212667282715,0.0147973281861789,0.0131730497297847
20140309,0.0134995378888613,0.00644685641653492,0.00924611833992895,0.00648485373498579,0.0187781515512734,0.0110215315605039,0.0175464370095601
20140310,0.0138027617372011,0.00956306341433754,0.00924356345270505,0.00664388700944293,0.0162194232797035,0.0116459735356635,0.0172796951944053
20140311,0.0144955239990046,0.00713877765675751,0.00749993174360292,0.00665465849220904,0.0144092851250233,0.0100667010940376,0.0204581301534881
20140312,0.0135392759790404,0.0118666699948045,0.0083875845998205,0.00663753943546036,0.0145584766940593,0.00994962770750903,0.0202522915653807
20140313,0.0135101382887445,0.0125214212946467,0.0081682693185237,0.00657162311587733,0.0163619020273243,0.00977677867237902,0.0157686817673023
20140314,0.0137178438078174,0.0137394188289472,0.0192312090465924,0.00667697752525692,0.0182330181390701,0.0125738316537675,0.0163937507212304
20140317,0.0136711305938366,0.01109543093586,0.00670284001863985,0.00663624318658652,0.0160645935127268,0.0133007139728374,0.0144136945715304
20140318,0.0144598864596616,0.00880919952308166,0.00660159322998014,0.00663710670100455,0.0163378768069645,0.0140271324910904,0.0146335034868811
20140319,0.0136692235867264,0.0124363750665735,0.00626329844028347,0.00653212863244593,0.0147432901593496,0.0137393443836776,0.0182347888189772
20140320,0.0137592726352025,0.0124316961839182,0.00609714579360074,0.00653552368309205,0.0139318493524663,0.0139126759764524,0.0332462686046168
20140321,0.0137193198190093,0.00912959384115314,0.00509566745936991,0.00657177659421371,0.0141616084757199,0.0184922345557501,0.0254642325186678
20140324,0.0141761969132144,0.0098284646334796,0.0128347636522896,0.00659824594397556,0.0145636851792312,0.0107550600186815,0.0175971678810312
20140326,0.013378934293327,0.0116161813161087,0.0131120573263885,0.00643922860400363,0.0196635293082633,0.0114991132650631,0.0200483949844424
20140327,0.015678746635466,0.0101227010347436,0.0109889915450213,0.00641023560475733,0.0136200320496361,0.0119808413069276,0.0136455589880271
20140328,0.0156688246718736,0.0177217214857785,0.352337763120545,0.00551681563468274,0.0134788034383445,0.0111523888968102,0.00827265637598632
20140331,0.0118142035364203,0.00789418955153265,0.0125,0.00674440888144814,0.0129751616214241,0.0140778518962788,0.00907718813407559
20140402,0.0129760132005597,0.0075550636660326,0.0161667349473234,0.00611625401326132,0.0129412340549443,0.00854915136802572,0.0122958622681746
20140403,0.0126938744965107,0.00727764548491304,0.00920650692944621,0.00787674594636365,0.0131379326555073,0.00895035296898317,0.00998009030107362
20140404,0.0130562456980878,0.00951357471647842,0.0148955528028285,0.00790873520446394,0.0130838018899862,0.0108757456813222,0.0125815529123044
20140406,0.0128782516925799,0.00973048276097032,0.0161512514304183,0.00812693323877864,0.0131350160872417,0.0106852654750078,0.0125
20140408,0.0128661532697441,0.0101416660297117,0.0156910816766982,0.00802628096738426,0.0141150923461266,0.0109457097464009,0.0289066872129553
20140409,0.0126784228430011,0.00901674737162454,0.0168143399927746,0.00818842514084157,0.0142524982148065,0.0107190497270243,0.0261723535272686
20140411,0.012718195373362,0.00713341723473803,0.0150591880035493,0.00797107989311769,0.0151097158300968,0.0102770597060753,0.0297146868594989
20140412,0.0128293602392694,0.00603848661757529,0.0114753173814819,0.00795743716800814,0.0138469985417383,0.00822549265906629,0.0171468932425604
20140414,0.0114605107757903,0.00983534992052387,0.0075466984671033,0.00644925707452546,0.0136176268438909,0.0108675622684389,0.0174698795734251
20140415,0.0113879981848278,0.00924270687831966,0.00738531197512021,0.0048761507541091,0.0139338060346029,0.0082824248499075,0.0168379803677348
20140416,0.0114145347879331,0.00891350377024025,0.00751248915740123,0.00502665306867034,0.0131268625340337,0.0106973152668711,0.0165010401288041
20140417,0.0115022205990146,0.00894876657159919,0.00790994403454875,0.00728984710332046,0.0142442939035012,0.00887865263944169,0.0175160502247617
20140422,0.0113682096718071,0.0093435456965113,0.00923677421075316,0.00774609517525129,0.013129126914689,0.011841396481419,0.0206426780285611
20140423,0.0112374834516097,0.00946081585001852,0.00685801073935468,0.00773346256741815,0.0196399884706095,0.0117161128932011,0.0175712660272546
20140424,0.0111579875935212,0.00928091137828655,0.00788785460327617,0.00770754863888954,0.0201074480101565,0.0123459917183756,0.0178571539197729
20140425,0.0112104280795923,0.00972451941494961,0.00855669752004029,0.00772246424964539,0.0129729319739395,0.0134152410913813,0.0170518555475043
20140428,0.0111973373392747,0.0102165642404495,0.00888036318971059,0.00742388888268535,0.0141722119090194,0.0116866913749569,0.0151845332373806
20140430,0.011075238178151,0.0106997592951208,0.0125,0.00755535302102484,0.014136283066828,0.0123665812060321,0.0139382158467237
20140502,0.0113032188604389,0.00615788844026254,0.00691495597666781,0.00968123525527265,0.0130018621726364,0.016497336583149,0.0131390694138368
20140503,0.0113226089226572,0.00627467571188825,0.00863226127018266,0.0094647697773166,0.0131024878725081,0.01365028579172,0.0116507793309706
20140505,0.0113362211076382,0.0101255139114307,0.00803711619118559,0.00820678684017927,0.0164213032716844,0.0174365473957687,0.0328179163547354
20140506,0.011030314562538,0.0050424513052843,0.014146980115426,0.00760378745139671,0.0146960639851653,0.0111717362604898,0.03463
20140508,0.0112043355423367,0.00622699845449788,0.0141243122971254,0.00768898555179504,0.0152862660285203,0.011246969638774,0.035005
20140509,0.0134849594892587,0.00621087169833988,0.0125,0.00878624001846323,0.0130534669191198,0.017940675280113,0.034405
20140511,0.0125,0.00621375252232349,0.0125,0.00909189914410629,0.0131049066992727,0.00882178807947288,0.0336819952975428
20140512,0.0146427302277056,0.00615276199665146,0.0125,0.00899257261003744,0.0133431210081034,0.00890906430143657,0.035825
20140513,0.0140442577353555,0.00629078663477421,0.00783323389550587,0.00935156917788654,0.013281304459774,0.0093422090968388,0.0195846998271148
20140514,0.0129094720567967,0.00628231105555004,0.0083912847204822,0.00892956251097206,0.0132070538122695,0.011197293283734,0.0196253395853985
20140515,0.0132008866017644,0.00686858891904316,0.0104677432068298,0.00858831492479702,0.0131264949597013,0.0110197176415492,0.0268404936225509
20140516,0.0237869325746304,0.00630369470163131,0.0099586560496964,0.0104211131884775,0.0132846306547404,0.00938086050587219,0.0297203983775516
20140519,0.0245553898757051,0.00736194232570465,0.0106056255920895,0.0119825706221195,0.015568252608577,0.0108130377756747,0.0300510704009498
20140520,0.0277112604990075,0.00727715509379587,0.00978439010443256,0.0100957871474177,0.0132371043382624,0.0136446035103583,0.0264586714009937
20140521,0.0239814508322115,0.00614327532025226,0.00825258052493242,0.0080597952324936,0.0145949178162688,0.0135469392190578,0.0348496106230403
20140522,0.0248908094177272,0.00569487231128996,0.00830231495055894,0.00819509033211729,0.0152611570646749,0.0139769064691343,0.0390554466303406
20140523,0.0270175209170285,0.00622181745322729,0.0101760618542492,0.00806876083837895,0.0150347864166168,0.0144913082210012,0.0238928950058023
20140527,0.0270317596777978,0.00600479698466969,0.00671607285200509,0.00808185273759746,0.0161497982976622,0.0130666712709522,0.0252985529438305
20140528,0.0266254356408354,0.00560161178175985,0.00670752917382585,0.0101373528847679,0.0150968233792846,0.0129525477121357,0.0258884160045774
20140530,0.021962510704858,0.00558558833167359,0.00670568631890486,0.00826844921698795,0.0153994667307455,0.0129770169464129,0.0245760421417689
20140602,0.0246056684851801,0.00677311768306868,0.00672137879971317,0.00908374520771444,0.0161382734266935,0.0129153525572073,0.0254145634593132
20140603,0.0222086305480407,0.00712224231441059,0.00674860591899233,0.0100234902377461,0.0156739560032567,0.0128826014549851,0.0273151053976678
20140605,0.0171515110760521,0.00704201858595508,0.00683996376361638,0.0105832474287872,0.0157153544230322,0.0124955567301734,0.0258741940115789
20140606,0.0133402443664472,0.00696578343097859,0.0068893791150069,0.0104159606943921,0.0155237406493858,0.0117836248518602,0.0330891730441773
20140608,0.0133589192316825,0.00724264189248042,0.00709019260615872,0.00998313203906526,0.0130615582834575,0.0111968467432294,0.023978636385568
20140610,0.0179760354893867,0.00719134863086714,0.00694431102683612,0.00831080768218379,0.0132333580292629,0.0115435237746727,0.0255962613092178
20140611,0.0151717644516227,0.0070044060712776,0.00695914431257167,0.01027909558738,0.0131531040583865,0.0109491159243168,0.0237570361841793
20140613,0.0136334868846115,0.00702961866291791,0.00712512457142697,0.00819844977693475,0.0131129447799732,0.0109732520831808,0.0292110432201032
20140616,0.0187168370203028,0.00696954002933146,0.00687428343799857,0.0088722893493605,0.0164400734305264,0.0133222441414566,0.0309566587778731
20140617,0.0194490601918851,0.00695739456123761,0.00684959540773695,0.00819082697093739,0.0288125316151818,0.0122605342941834,0.0279641489700511
20140618,0.0162981848251081,0.00707949218287433,0.0156249537626834,0.00879168130968737,0.0281564872025835,0.0144801733774802,0.027591736655392
20140620,0.0144881547762719,0.00718958906610859,0.0175586673085031,0.0097535088009272,0.0276150727533425,0.012257462256405,0.027923438681706
20140623,0.0188638047841073,0.00710249009722055,0.0165998135243733,0.0076510145326968,0.0242019229027383,0.0120342613487353,0.0249775730372003
20140624,0.0150575317872527,0.00569962413495414,0.0060707957343875,0.00780960610810221,0.025748592982983,0.0128420407392332,0.0243842917907638
20140625,0.0160074557706088,0.0070321028644289,0.00632644318933965,0.00780294053855815,0.0261200769897411,0.0184480020851901,0.0267179844964191
20140626,NA,NA,NA,NA,NA,NA,NA
20140627,NA,NA,NA,NA,NA,NA,NA
20140630,NA,NA,NA,NA,NA,NA,NA
20140701,NA,NA,NA,NA,NA,NA,NA
20140702,NA,NA,NA,NA,NA,NA,NA
20140703,NA,NA,NA,NA,NA,NA,NA
20140704,NA,NA,NA,NA,NA,NA,NA
20140705,NA,NA,NA,NA,NA,NA,NA
20140707,NA,NA,NA,NA,NA,NA,NA
20140708,NA,NA,NA,NA,NA,NA,NA
20140710,NA,NA,NA,NA,NA,NA,NA
20140711,NA,NA,NA,NA,NA,NA,NA
20140714,NA,NA,NA,NA,NA,NA,NA
20140715,NA,NA,NA,NA,NA,NA,NA
20140716,NA,NA,NA,NA,NA,NA,NA
20140717,NA,NA,NA,NA,NA,NA,NA
20140718,NA,NA,NA,NA,NA,NA,NA
20140721,NA,NA,NA,NA,NA,NA,NA
20140722,NA,NA,NA,NA,NA,NA,NA
20140723,NA,NA,NA,NA,NA,NA,NA
20140724,NA,NA,NA,NA,NA,NA,NA
20140725,NA,NA,NA,NA,NA,NA,NA
20140728,NA,NA,NA,NA,NA,NA,NA
20140729,NA,NA,NA,NA,NA,NA,NA
20140730,NA,NA,NA,NA,NA,NA,NA
20140731,NA,NA,NA,NA,NA,NA,NA
20140801,NA,NA,NA,NA,NA,NA,NA
20140804,NA,NA,NA,NA,NA,NA,NA
20140805,NA,NA,NA,NA,NA,NA,NA
20140807,0.0124527919619545,0.00640737703885579,0.00915562049884156,0.00970343126601892,0.0295405579432737,0.00809669459408178,0.0299663102069186
20140808,0.0137814725703608,0.008379331512431,0.0164242297718242,0.00945976013668991,0.0260791097876367,0.00695172707694109,0.0321010061636141
20140809,0.0134530261218573,0.00752499682668057,0.0100638541388518,0.00929995202198126,0.0259405950798626,0.00753312074705314,0.0312172572289292
20140810,0.0137301744907247,0.00636408137569749,0.0206547730574013,0.00939316321156187,0.0223014820028803,0.00715888301965571,0.0285298010988391
20140813,0.0244868019186496,0.00650252718733003,0.021092031876669,0.00948599221060903,0.0247775936540955,0.00788042935540939,0.0295396630125192
20140814,0.356971543052116,0.006526525777677,0.0343942912689353,0.0102565887606498,0.0216636656937324,0.00759522266824139,0.0475318483348594
20140818,0.0145150639939248,0.00658210962665216,0.0311724283878233,0.00739627974645597,0.0194644037566347,0.00833747531367384,0.0489651769034534
20140819,0.0144349757507767,0.00680977956598188,0.0184121488196143,0.00741027635876316,0.0193303247075419,0.00818743150884966,0.0492497766040763
20140820,0.0175920175658614,0.0065468533943855,0.0125,0.00736830115639206,0.0186913792521822,0.00832221274594202,0.031354636738335
20140821,0.0174151686023334,0.00655975923971369,0.0155388204223719,0.00756647797996716,0.0176420317687017,0.0107338466731317,0.0324385534563652
20140822,0.0147741654088405,0.00712078683851379,0.0125,0.00736322751943701,0.0166857082222316,0.00805180641940342,0.0412274447559375
20140825,0.0151446042529962,0.00646486575518337,0.00984945740201948,0.00824025066841427,0.0155842248515222,0.00837454931755402,0.0402381767193446
20140826,0.0162461201692076,0.00635627849309978,0.0101131741374744,0.00736427061506718,0.0129684296958979,0.00817233582601723,0.0427919645857584
20140827,0.0171539540959961,0.00630610301044578,0.00638217084689522,0.00822775230936346,0.0220204329223229,0.00829621582931436,0.0443504780367689
20140828,0.0151242355078089,0.00628767435407386,0.0125,0.00763153382411091,0.0169355254573954,0.0105689924308621,0.0438119248564868
20140829,0.0151431788174389,0.00883311872501031,0.00912990974477916,0.0073023054596667,0.0191931883832404,0.00963979807782062,0.0269386017488407
20140901,0.0153054910566847,0.00624314802365822,0.00861426436231775,0.00736116864796102,0.0239551733776241,0.00818786743695844,0.0279996175987446
20140904,0.0277452450476526,0.00611530516711378,0.0122523262228782,0.0073240610718195,0.0297278459135486,0.0087271507702393,0.0269428781236469
20140905,0.0175826044739694,0.00607926266859551,0.0118350594171699,0.007527738794001,0.0270607511431835,0.00862760206173664,0.0263430287961148
20140907,0.0137139241502762,0.00585786069811936,0.00646069190011911,0.0078312609987829,0.0231559318761695,0.00871673348962983,0.0267942179318415
20140909,0.012905254688931,0.00606271075648984,0.00954856743267807,0.00740529324653392,0.0295340685265909,0.00850530356322168,0.0273345515964261
20140910,0.0125,0.00592003266493606,0.0120702841182938,0.00742867198794711,0.0282698521373564,0,0.0263927932727673
20140912,0.0125,0.00596072964166152,0.00766320411658642,0.00743604602917433,0.0286340693134569,0.00800953982179593,0.015723522772081
20140915,0.0186210911362431,0.0143974051661531,0.00755163587131875,0.00742411513242926,0.0193623482225141,0.00809017944477515,0.027883052174096
20140916,0.0205139850675669,0.0200605923728975,0.00698726871947268,0.00742168880259811,0.020759392200065,0.00770271784988469,0.0283920412343822
20140917,0.0206042855630339,0.0140034147338135,0.00632631079157358,0.00742294731503925,0.0177592519635174,0.00676490675053891,0.0295864704334997
20140918,0.0199417047779332,0.00911044996044563,0.00627182570381481,0.00728805905148981,0.0247672336640981,0.00852708329762839,0.0262194709044885
20140919,0.0191715904939092,0.0106447863604993,0.00764068755753158,0.0073079014002806,0.0246871416492449,0.00615368874312882,0.0326269202564088
20140922,0.0197958271723746,0.0281382691197861,0.00649258759380828,0.00723467820360292,0.0209559195810294,0.00779114026932588,0.0245858441909725
20140923,0.0197007803460697,0.0117395320378134,0.00697273320253569,0.00722132154383844,0.0211953345489971,0.00768368104123024,0.02313677569139
20140924,0.019533145763926,0.0105542267181545,0.00674705573504123,0.00692851930615447,0.0311561363926218,0,0.0231024662690055
20140925,0.0195498733241673,0.0106208788404847,0.0068067424377826,0.00702856145742966,0.0266422305913904,0.00707786796908386,0.0326656710933029
20140926,0.0202629866739403,0.0107505788673042,0.00626496886261636,0.00713008794552012,0.0259369679078825,0.00827250394720972,0.0339327157331681
20140929,0.0185059762977301,0.0249155044467238,0.00671885949703141,0.0084715791262437,0.0361297576884662,0.00740077270954524,0.0301232449086144
20140930,0.0187770985459517,0.0233353933920473,0.00627924160796714,0.00748896614573688,0.0345036867033917,0.00793185781335991,0.0327156431793154
20141001,0.0194801569211633,0.0237106865334977,0.0063103713658626,0.0073503157405461,0.0436597231754252,0.00698466277702933,0.0202260583338282
20141002,0.0223235832275668,0.0245430399052152,0.0061576553475137,0.00823343791391623,0.0314656987416448,0.00698224948329986,0.025
20141003,0.0166781836959355,0.00861282395985497,0.00625328530484204,0.00697320349908087,0.025,0.0073829711336219,0.0184648408704377
20141004,0.0178202269634919,0.0114865586999972,0.00627323446595266,0.00713098494769329,0.0264919683426435,0.00502478966798566,0.016780414836057
20141006,0.0154636644769635,0.0244776437930186,0.00632665836269076,0.00694865015487202,0.0313364441385414,0.00726411959142188,0.0197905606916875
20141007,0.0152976742588521,0.0127987177021952,0.00615692581887738,0.00705898535811712,0.0332481522800715,0.00744615385593193,0.0201905684832499
20141009,0.0168528157714699,0.0192762315762347,0.00599512393561174,0.00687204682465746,0.025,0.00743789645360155,0.0201997533093976
20141010,0.0168653487875994,0.0176090147597856,0.00589356016942271,0.0135761135562108,0.028328488342175,0.00709235667755939,0.0194713333730274
20141011,0.0187364357369958,0.013187123534284,0.00575148254021183,0.0104679163485559,0.0358245090203866,0.00745857450246096,0.0200441371017018
20141012,0.0168223726961256,0.00833329141545899,0.00607297684206925,0.00757864306573789,0.0276053429270613,0.00755410256760783,0.0196440073192429
20141013,0.0171183107136248,0.00670499386002305,0.00615402975284505,0.00814629654846068,0.025,0.00713862646478419,0.0169101848558016
20141014,0.0192986582126804,0.038808220698271,0.00615401918788867,0.00874421149613802,0.025,0.00720255586313319,0.0197531435910933
20141015,0.0166959158514831,0.0403754930118076,0.0108206260713923,0.00803820848225228,0.0254737051405042,0.00700662006079094,0.0210478690972698
20141016,0.0164410329436614,0.0375641676079993,0.00791864118032318,0.00819955654042338,0.025,0.0087459618073873,0.01483336466874
20141017,0.0164048706479714,0.0211852933069779,0.00830374905311599,0.00871609084869546,0.025,0.0105328103238243,0.0149085742746114
20141020,0.0162711479474253,0.0209373823635737,0.00899010487317527,0.0081462757874225,0.025,0.00952988604170924,0.0147817155557098
20141021,0.016235890481266,0.0227990998534913,0.00902357449411361,0.0079126179579733,0.025,0.00993773726049662,0.0171201493394393
20141022,0.0163826872892843,0.025,0.0107259301605675,0.00753934034003893,0.036684746134816,0.00783556112923063,0.018851874984825
20141023,0.0165493239363756,0.0370530118227236,0.00925792378949821,0.00755537131388865,0.0369373639393506,0.00906848370893702,0.0249950927104497
20141024,0.0166149035503931,0.024975201068935,0.009209540746996,0.00759283993951166,0.0383463378968388,0.00982251550844293,0.0249849725048126
20141027,0.0161644376526166,0.0382596180429723,0.0113185352515337,0.00738120824066756,0.0339445327530482,0.00979694651563724,0.025
20141029,0.016121362710688,0.025,0.0104502281795984,0.0110948887026619,0.0348538894781312,0.0093417798499304,0.0194995997662501
20141030,0.0162086153204739,0.0396359983854876,0.0102521680825891,0.00961693670883535,0.0186061741505244,0.00914237842219585,0.0207507698744704
20141031,0.0170767009026231,0.032728096062828,0.00982472138618523,0.00890435126848746,0.0463437747138836,0.00862442796903343,0.0223926532785225
20141102,0.0162919088947338,0.0345234406459488,0.00952581539647735,0.00990636161374935,0.0466326691678316,0.0091875937492606,0.0209371503418858
20141103,0.0162946959675745,0.0348186121848791,0.0126327193823774,0.0104187004897966,0.0378341869078498,0.00918517983492204,0.0176985264354807
20141104,0.016388345777826,0.0141760832459542,0.0134725538325254,0.00920635169712373,0.0180430600953001,0.00692767749908789,0.0230604336281424
20141106,0.0176824684977962,0.0218870890239385,0.0126510137358409,0.0121575355756335,0.011626931220625,0.00693799958457417,0.0225334486690326
20141107,0.0175092304104707,0.0151519396957553,0.0122465745540118,0.0101539137935982,0.012084271068112,0.00685817340636707,0.0211036074639089
20141108,0.016790904455811,0.0215989476673876,0.0119267767717832,0.00798654083078805,0.0121136370847147,0.00777783642051372,0.0211039136807178
20141109,0.0162107933086917,0.0208049594398748,0.0133139225807408,0.00763512627696685,0.0125136438182373,0.00859813811785354,0.0224792541473126
20141112,0.0166767242569015,0.0231089065819346,0.00937597532818489,0.00967138035155654,0.00967720120224554,0.0080816895009844,0.0222422203671848
20141113,0.0176302913382645,0.0132919042643223,0.0102333067305224,0.0149343550874436,0.0101640522220832,0.00829653141667717,0.025
20141114,0.0167882419148336,0.00747357222183646,0.0105498248721759,0.01590005644162,0.0133264481419172,0.00858454851216197,0.0210631385605379
20141117,0.0167493361377855,0.0114365677283489,0.0104548170245866,0.025,0.0104746502984917,0.0110109621113245,0.0209029779414482
20141118,0.0200497827505791,0.0107431759004487,0.0127620308238715,0.0159260097102277,0.00965249714378682,0.0105013345716003,0.0203921416911886
20141119,0.0166099572802012,0.00882841020953162,0.0101099595503355,0.0162482795875172,0.00988207329694858,0.0105116558365306,0.0194657426165724
20141120,0.0191045580461578,0.0122957757942527,0.0102758882151985,0.0138684464457433,0.020197774396045,0.0142378104084937,0.0164840357029793
20141121,0.0201257269829733,0.016496856664657,0.00966230367780744,0.0140905406574425,0.0199739651786911,0.0122170732322697,0.0128250572945943
20141124,0.0166447696674278,0.013947851638768,0.00956182640250388,0.0144821837574911,0.0184387596084499,0.0139741734155653,0.0129077333726379
20141125,0.0194724239406385,0.0180092044376528,0.00966289075273066,0.0147330568530589,0.0119869270736165,0.0140614054935883,0.025
20141126,0.0198205110235288,0.0165271456651124,0.0107213934871721,0.0144245916862635,0.0109094384753516,0.0144100836476188,0.0152834424419488
20141128,0.0166959360143956,0.0135578504311946,0.0101116223295629,0.0157976391965055,0.0107136688399221,0.0148108167937544,0.0280290662244344
20141202,0.0189361613488922,0.0186683210881464,0.00974167242027048,0.0158889895259447,0.0142970634009013,0.0064021012337057,0.0133601155602972
20141203,0.016762622866861,0.0159408406165954,0.00772541989360846,0.0139680309282565,0.0148894947578162,0.00763975288325923,0.0213427980343897
20141205,0.0163686904887325,0.0151067339954419,0.00690227475185168,0.0142580722509094,0.0149238644660803,0.00626186106266898,0.0244601903714189
20141206,0.0165097654011431,0.0130846131339408,0.0078483033393843,0.0162492179319894,0.0110346891472311,0.00586605829528583,0.0191536665647219
20141208,0.0166241925966796,0.0142854558203535,0.00766057523756534,0.0163969422624962,0.00905533205356143,0.00615677248779307,0.0193311162716278
20141209,0.025,0.0132903235179779,0.00769805949638956,0.0151362732505847,0.00862458849197823,0.00608916393858462,0.0195206267845487
20141211,0.0166562983359657,0.0126467247254828,0.00733628280412371,0.0173003593396043,0.00912469300203098,0.00604328130944478,0.0194534010666439
20141212,0.0246843314362267,0.0116443628834054,0.00770199693521827,0.017522528362079,0.00926323680439768,0.00634591811560453,0.0195944259227016
20141215,0.0251294969907664,0.0113542400397079,0.00778839284283901,0.0127713086199825,0.0185705307924479,0.00639592291336817,0.0208826836846756
20141216,0.0207261780894767,0.0125996103190437,0.00751767733071579,0.0168727478220398,0.0120889144503479,0.00726498828568257,0.00445251896947533
20141217,0.0216764894633746,0.0128883280602647,0.0142512229551191,0.0182492313413981,0.0141401418380512,0.0142113424453644,0.0196882117326068
20141218,0.0260390861834512,0.0124417724787689,0.0108143081555055,0.015382135001608,0.0135513081133691,0.0118863962775212,0.0203605645155646
20141219,0.0240232861866437,0.0132920316288414,0.0125,0.0148477304541507,0.0150400868232513,0.00672863196104268,0.0170635647383403
20141222,0.0181185945815445,0.0146222624059127,0.00813977343666686,0.014777623590041,0.0194968244802109,0.00877517663046238,0.0134136669786362
20141223,0.0180949655360214,0.0147138826035629,0.00639989448705936,0.0125,0.0218076331436228,0.00861076945602409,0.0154310317037882
20141229,0.0185164962772022,0.0151241322173376,0.00978015223444596,0.00947582703494705,0.0164957391358176,0.00966665892727114,0.0154217209046238
20141230,0.0179155111192188,0.0146662322378744,0.0105452748585635,0.00855757703592078,0.0136613367619052,0.00985907661903186,0.0152663954784374
20150104,0.0179398960373183,0.00723205577724063,0.0107826223992603,0.0113049923203342,0.0141172596717321,0.00965672288182452,0.021678779503351
20150109,0.0178761988719196,0.00798663600476138,0.00959655650556466,0.0113680487650907,0.0218373232663405,0.00996838776417093,0.0149767750073525
20150110,0.0180926320348079,0.0085225690079724,0.0100656794618383,0.0110426966446048,0.0247955805991188,0.009397109168797,0.017358987619813
20150113,0.0201195858973301,0.00911584917109201,0.0101096285111265,0.0150949992803969,0.0222465448837072,0.00784449434714686,0.0147291470364913
20150114,0.0202830950716938,0.0131371019308222,0.0170086862157909,0.0148278729037443,0.0132762723277226,0.00817037301855204,0.0147045487639791
20150115,0.0203631984241465,0.0185735378399028,0.00958653844618905,0.0138202158089396,0.013268926189489,0.00715913715645042,0.0148463210984201
20150116,0.0210169677703846,0.0125,0.00963151217683769,0.0227772684643687,0.0118161123227695,0.00740944709749058,0.0135866606792898
20150120,0.0209646939137419,0.0205965317362352,0.00990887622375938,0.0221822161465618,0.0118284838587025,0.00698342689684016,0.0153219094031174
20150121,0.0211540599108364,0.0125,0.010298285091565,0.0181213894659084,0.0144203705619327,0.00699297228343344,0.0145664436516749
20150122,0.018584021194256,0.0128023449727469,0.00995648162824364,0.0241344230318581,0.0146728835642138,0.00658091446833839,0.0144443212455146
20150123,0.0162452852600166,0.0125520867810431,0.00943564539704541,0.0150512728526417,0.0121426449940658,0.00727032186592076,0.0155207360941768
20150126,0.0193062290274409,0.0125,0.00985448726947759,0.0145700304668935,0.0120758967568788,0.00628993229969279,0.0166632031260328
20150127,0.0198206854266193,0.0181612580097887,0.00910307373286152,0.0251360724317017,0.0163877814873105,0.00656320237411462,0.0153037152722605
20150128,0.0201948601689639,0.00900445593913371,0.00900763622264806,0.02153437064377,0.019782193536982,0.00668870491073753,0.008895664202024
20150129,0.0333621329555276,0.00969188830138331,0.00880000288765076,0.0131324665055366,0.0149934551559021,0.0076853387652443,0.0116795419304475
20150130,0.0317436480838067,0.00979031633705029,0.0089394652771803,0.0233810346616577,0.0158738028358817,0.00638073199958209,0.0126315436715648
20150202,0.0306595167460537,0.00945875590544548,0.00934683692681814,0.0223467820105943,0.0160643920674889,0.00665178816758619,0.0139456962648032
20150203,0.0343188101735121,0.00902160711610453,0.00869716865291219,0.0111624937794746,0.0142274075544164,0.0076295811613584,0.0151235189742984
20150204,0.0276672142151341,0.00606867029231298,0.00901718961744503,0.0107196268283112,0.0179091127774535,0.00822914296282364,0.0125
20150206,0.0301004728657237,0.0063525523154412,0.00898431804893034,0.0135463246525424,0.0130752454397001,0.00828332599437002,0.010977657455621
20150209,0.0274404190942047,0.00606327597288963,0.00891446616581735,0.0125,0.0206841659585785,0.00885677786319099,0.0185076681020753
20150210,0.0274657249447177,0.00552825108381065,0.00892424640995425,0.0126402940178013,0.0168074440671408,0.00797376942502154,0.0177738249559056
20150211,0.0272501919563953,0.00745585634926791,0.00937800290332677,0.0124808945816249,0.0176122537423898,0.00782940139027825,0.0280650542067033
20150213,0.0313389425443548,0.00744989692961373,0.0104462394059345,0.0137452070721631,0.0290936014808104,0.00779457645978384,0.0257480977210386
20150217,0.0318336020188603,0.00747429111188112,0.0126296363010978,0,0.0278374206571545,0.00953371784954176,0.0263813006959004
20150218,0.0319498235182966,0.00750547463657666,0.0125,0.0117344500582369,0.0155933058250812,0.00968215540960086,0.0197415565709543
20150219,0.0309132441838471,0.0205803173014353,0.0101878447271763,0.00951803321426316,0.015965567570959,0.00792483890157538,0.0206289458332993
20150220,0.0327125644772722,0.0396449028299418,0.0103035490418055,0.0092335499810397,0.0162123376722393,0.00670244052892285,0.023888338172459
20150224,0.0313346850432634,0.00732015521471006,0.0151330677802696,0.0118454117132705,0.0161367703737536,0.00732016064954034,0.0130369650383959
20150225,0.0299882153416012,0.0101385409898103,0.0148590984777988,0.0125,0.0181213710684005,0.00703520360248347,0.0125
20150226,0.0301038333921968,0.0106830514829192,0.0146721549211746,0.0141598354705512,0.0171536532120942,0.00807684462537402,0.0234328610606927
20150227,NA,NA,NA,NA,NA,NA,NA
20150302,NA,NA,NA,NA,NA,NA,NA
20150303,NA,NA,NA,NA,NA,NA,NA
20150306,NA,NA,NA,NA,NA,NA,NA
20150308,NA,NA,NA,NA,NA,NA,NA
20150309,NA,NA,NA,NA,NA,NA,NA
20150311,NA,NA,NA,NA,NA,NA,NA
20150312,NA,NA,NA,NA,NA,NA,NA
20150313,NA,NA,NA,NA,NA,NA,NA
20150316,NA,NA,NA,NA,NA,NA,NA
20150317,NA,NA,NA,NA,NA,NA,NA
20150318,NA,NA,NA,NA,NA,NA,NA
20150319,NA,NA,NA,NA,NA,NA,NA
20150320,NA,NA,NA,NA,NA,NA,NA
20150323,NA,NA,NA,NA,NA,NA,NA
20150324,NA,NA,NA,NA,NA,NA,NA
20150326,NA,NA,NA,NA,NA,NA,NA
20150327,NA,NA,NA,NA,NA,NA,NA
20150330,NA,NA,NA,NA,NA,NA,NA
20150331,NA,NA,NA,NA,NA,NA,NA
20150402,NA,NA,NA,NA,NA,NA,NA
20150403,NA,NA,NA,NA,NA,NA,NA
20150405,NA,NA,NA,NA,NA,NA,NA
20150408,NA,NA,NA,NA,NA,NA,NA
20150409,NA,NA,NA,NA,NA,NA,NA
20150411,NA,NA,NA,NA,NA,NA,NA
20150412,NA,NA,NA,NA,NA,NA,NA
20150414,NA,NA,NA,NA,NA,NA,NA
20150415,NA,NA,NA,NA,NA,NA,NA
20150416,NA,NA,NA,NA,NA,NA,NA
20150417,NA,NA,NA,NA,NA,NA,NA
20150420,NA,NA,NA,NA,NA,NA,NA
20150421,NA,NA,NA,NA,NA,NA,NA
20150422,NA,NA,NA,NA,NA,NA,NA
20150423,NA,NA,NA,NA,NA,NA,NA
20150424,NA,NA,NA,NA,NA,NA,NA
20150427,NA,NA,NA,NA,NA,NA,NA
20150428,NA,NA,NA,NA,NA,NA,NA
20150429,NA,NA,NA,NA,NA,NA,NA
20150430,NA,NA,NA,NA,NA,NA,NA
20150501,NA,NA,NA,NA,NA,NA,NA
20150502,NA,NA,NA,NA,NA,NA,NA
20150503,NA,NA,NA,NA,NA,NA,NA
20150505,NA,NA,NA,NA,NA,NA,NA
20150506,NA,NA,NA,NA,NA,NA,NA
20150508,NA,NA,NA,NA,NA,NA,NA
20150510,NA,NA,NA,NA,NA,NA,NA
20150511,NA,NA,NA,NA,NA,NA,NA
20150513,NA,NA,NA,NA,NA,NA,NA
20150515,NA,NA,NA,NA,NA,NA,NA
20150518,NA,NA,NA,NA,NA,NA,NA
20150519,NA,NA,NA,NA,NA,NA,NA
20150520,NA,NA,NA,NA,NA,NA,NA
20150521,NA,NA,NA,NA,NA,NA,NA
20150522,NA,NA,NA,NA,NA,NA,NA
20150526,NA,NA,NA,NA,NA,NA,NA
20150527,NA,NA,NA,NA,NA,NA,NA
20150528,NA,NA,NA,NA,NA,NA,NA
20150529,NA,NA,NA,NA,NA,NA,NA
20150602,NA,NA,NA,NA,NA,NA,NA
20150603,NA,NA,NA,NA,NA,NA,NA
20150605,NA,NA,NA,NA,NA,NA,NA
20150608,NA,NA,NA,NA,NA,NA,NA
20150610,NA,NA,NA,NA,NA,NA,NA
20150611,NA,NA,NA,NA,NA,NA,NA
20150615,NA,NA,NA,NA,NA,NA,NA
20150616,NA,NA,NA,NA,NA,NA,NA
20150617,NA,NA,NA,NA,NA,NA,NA
20150618,NA,NA,NA,NA,NA,NA,NA
20150619,NA,NA,NA,NA,NA,NA,NA
20150622,NA,NA,NA,NA,NA,NA,NA
20150623,NA,NA,NA,NA,NA,NA,NA
20150624,NA,NA,NA,NA,NA,NA,NA
20150625,NA,NA,NA,NA,NA,NA,NA
20150626,NA,NA,NA,NA,NA,NA,NA
20150701,NA,NA,NA,NA,NA,NA,NA
20150704,NA,NA,NA,NA,NA,NA,NA
20150705,NA,NA,NA,NA,NA,NA,NA
20150708,NA,NA,NA,NA,NA,NA,NA
20150710,NA,NA,NA,NA,NA,NA,NA
20150712,NA,NA,NA,NA,NA,NA,NA
20150801,NA,NA,NA,NA,NA,NA,NA
20150804,NA,NA,NA,NA,NA,NA,NA
20150805,NA,NA,NA,NA,NA,NA,NA
20150806,NA,NA,NA,NA,NA,NA,NA
20150809,NA,NA,NA,NA,NA,NA,NA
20150810,NA,NA,NA,NA,NA,NA,NA
20150813,NA,NA,NA,NA,NA,NA,NA
20150814,NA,NA,NA,NA,NA,NA,NA
20150817,NA,NA,NA,NA,NA,NA,NA
20150818,NA,NA,NA,NA,NA,NA,NA
20150819,NA,NA,NA,NA,NA,NA,NA
20150820,NA,NA,NA,NA,NA,NA,NA
20150821,NA,NA,NA,NA,NA,NA,NA
20150824,NA,NA,NA,NA,NA,NA,NA
20150825,NA,NA,NA,NA,NA,NA,NA
20150826,NA,NA,NA,NA,NA,NA,NA
20150827,NA,NA,NA,NA,NA,NA,NA
20150828,NA,NA,NA,NA,NA,NA,NA
20150831,NA,NA,NA,NA,NA,NA,NA
20150901,NA,NA,NA,NA,NA,NA,NA
20150902,NA,NA,NA,NA,NA,NA,NA
20150903,NA,NA,NA,NA,NA,NA,NA
20150904,NA,NA,NA,NA,NA,NA,NA
20150906,NA,NA,NA,NA,NA,NA,NA
20150909,NA,NA,NA,NA,NA,NA,NA
20150910,NA,NA,NA,NA,NA,NA,NA
20150911,NA,NA,NA,NA,NA,NA,NA
20150912,NA,NA,NA,NA,NA,NA,NA
20150914,NA,NA,NA,NA,NA,NA,NA
20150915,NA,NA,NA,NA,NA,NA,NA
20150916,NA,NA,NA,NA,NA,NA,NA
20150917,NA,NA,NA,NA,NA,NA,NA
20150918,NA,NA,NA,NA,NA,NA,NA
20150921,NA,NA,NA,NA,NA,NA,NA
20150922,NA,NA,NA,NA,NA,NA,NA
20150923,NA,NA,NA,NA,NA,NA,NA
20150924,NA,NA,NA,NA,NA,NA,NA
20150925,NA,NA,NA,NA,NA,NA,NA
20150928,NA,NA,NA,NA,NA,NA,NA
20150929,NA,NA,NA,NA,NA,NA,NA
20150930,NA,NA,NA,NA,NA,NA,NA
20151002,NA,NA,NA,NA,NA,NA,NA
20151003,NA,NA,NA,NA,NA,NA,NA
20151006,NA,NA,NA,NA,NA,NA,NA
20151008,NA,NA,NA,NA,NA,NA,NA
20151009,NA,NA,NA,NA,NA,NA,NA
20151011,NA,NA,NA,NA,NA,NA,NA
20151012,NA,NA,NA,NA,NA,NA,NA
20151013,NA,NA,NA,NA,NA,NA,NA
20151014,NA,NA,NA,NA,NA,NA,NA
20151015,NA,NA,NA,NA,NA,NA,NA
20151016,NA,NA,NA,NA,NA,NA,NA
20151019,NA,NA,NA,NA,NA,NA,NA
20151020,NA,NA,NA,NA,NA,NA,NA
20151021,NA,NA,NA,NA,NA,NA,NA
20151022,NA,NA,NA,NA,NA,NA,NA
20151023,NA,NA,NA,NA,NA,NA,NA
20151027,NA,NA,NA,NA,NA,NA,NA
20151029,NA,NA,NA,NA,NA,NA,NA
20151030,NA,NA,NA,NA,NA,NA,NA
20151102,NA,NA,NA,NA,NA,NA,NA
20151103,NA,NA,NA,NA,NA,NA,NA
20151105,NA,NA,NA,NA,NA,NA,NA
20151106,NA,NA,NA,NA,NA,NA,NA
20151108,NA,NA,NA,NA,NA,NA,NA
20151109,NA,NA,NA,NA,NA,NA,NA
20151112,NA,NA,NA,NA,NA,NA,NA
20151113,NA,NA,NA,NA,NA,NA,NA
20151116,NA,NA,NA,NA,NA,NA,NA
20151117,NA,NA,NA,NA,NA,NA,NA
20151118,NA,NA,NA,NA,NA,NA,NA
20151119,NA,NA,NA,NA,NA,NA,NA
20151120,NA,NA,NA,NA,NA,NA,NA
20151123,NA,NA,NA,NA,NA,NA,NA
20151124,NA,NA,NA,NA,NA,NA,NA
20151125,NA,NA,NA,NA,NA,NA,NA
20151201,NA,NA,NA,NA,NA,NA,NA
20151202,NA,NA,NA,NA,NA,NA,NA
20151203,NA,NA,NA,NA,NA,NA,NA
20151205,NA,NA,NA,NA,NA,NA,NA
20151206,NA,NA,NA,NA,NA,NA,NA
20151208,NA,NA,NA,NA,NA,NA,NA
20151210,NA,NA,NA,NA,NA,NA,NA
20151211,NA,NA,NA,NA,NA,NA,NA
20151214,NA,NA,NA,NA,NA,NA,NA
20151215,NA,NA,NA,NA,NA,NA,NA
20151216,NA,NA,NA,NA,NA,NA,NA
20151217,NA,NA,NA,NA,NA,NA,NA
20151218,NA,NA,NA,NA,NA,NA,NA
20151221,NA,NA,NA,NA,NA,NA,NA
20151222,NA,NA,NA,NA,NA,NA,NA
20151223,NA,NA,NA,NA,NA,NA,NA
20151228,NA,NA,NA,NA,NA,NA,NA
20151229,NA,NA,NA,NA,NA,NA,NA
20151230,NA,NA,NA,NA,NA,NA,NA
20160102,NA,NA,NA,NA,NA,NA,NA
20160103,NA,NA,NA,NA,NA,NA,NA
20160104,NA,NA,NA,NA,NA,NA,NA
20160106,NA,NA,NA,NA,NA,NA,NA
20160107,NA,NA,NA,NA,NA,NA,NA
20160108,NA,NA,NA,NA,NA,NA,NA
20160109,NA,NA,NA,NA,NA,NA,NA
20160113,NA,NA,NA,NA,NA,NA,NA
20160114,NA,NA,NA,NA,NA,NA,NA
20160115,NA,NA,NA,NA,NA,NA,NA
20160119,NA,NA,NA,NA,NA,NA,NA
20160120,NA,NA,NA,NA,NA,NA,NA
20160121,NA,NA,NA,NA,NA,NA,NA
20160122,NA,NA,NA,NA,NA,NA,NA
20160125,NA,NA,NA,NA,NA,NA,NA
20160126,NA,NA,NA,NA,NA,NA,NA
20160127,NA,NA,NA,NA,NA,NA,NA
20160128,NA,NA,NA,NA,NA,NA,NA
20160129,NA,NA,NA,NA,NA,NA,NA
20160202,NA,NA,NA,NA,NA,NA,NA
20160203,NA,NA,NA,NA,NA,NA,NA
20160206,NA,NA,NA,NA,NA,NA,NA
20160208,NA,NA,NA,NA,NA,NA,NA
20160209,NA,NA,NA,NA,NA,NA,NA
20160211,NA,NA,NA,NA,NA,NA,NA
20160212,NA,NA,NA,NA,NA,NA,NA
20160216,NA,NA,NA,NA,NA,NA,NA
20160217,NA,NA,NA,NA,NA,NA,NA
20160218,NA,NA,NA,NA,NA,NA,NA
20160219,NA,NA,NA,NA,NA,NA,NA
20160222,NA,NA,NA,NA,NA,NA,NA
20160223,NA,NA,NA,NA,NA,NA,NA
20160224,NA,NA,NA,NA,NA,NA,NA
20160225,NA,NA,NA,NA,NA,NA,NA
20160226,NA,NA,NA,NA,NA,NA,NA
20160229,NA,NA,NA,NA,NA,NA,NA
20160302,NA,NA,NA,NA,NA,NA,NA
20160303,NA,NA,NA,NA,NA,NA,NA
20160306,NA,NA,NA,NA,NA,NA,NA
20160308,NA,NA,NA,NA,NA,NA,NA
20160310,NA,NA,NA,NA,NA,NA,NA
20160311,NA,NA,NA,NA,NA,NA,NA
20160315,NA,NA,NA,NA,NA,NA,NA
20160316,NA,NA,NA,NA,NA,NA,NA
20160317,NA,NA,NA,NA,NA,NA,NA
20160318,NA,NA,NA,NA,NA,NA,NA
20160321,NA,NA,NA,NA,NA,NA,NA
20160322,NA,NA,NA,NA,NA,NA,NA
20160323,NA,NA,NA,NA,NA,NA,NA
20160324,NA,NA,NA,NA,NA,NA,NA
20160329,NA,NA,NA,NA,NA,NA,NA
20160330,NA,NA,NA,NA,NA,NA,NA
20160331,NA,NA,NA,NA,NA,NA,NA
20160401,NA,NA,NA,NA,NA,NA,NA
20160402,NA,NA,NA,NA,NA,NA,NA
20160403,NA,NA,NA,NA,NA,NA,NA
20160404,NA,NA,NA,NA,NA,NA,NA
20160405,NA,NA,NA,NA,NA,NA,NA
20160408,NA,NA,NA,NA,NA,NA,NA
20160410,NA,NA,NA,NA,NA,NA,NA
20160411,NA,NA,NA,NA,NA,NA,NA
20160413,NA,NA,NA,NA,NA,NA,NA
20160414,NA,NA,NA,NA,NA,NA,NA
20160415,NA,NA,NA,NA,NA,NA,NA
20160418,NA,NA,NA,NA,NA,NA,NA
20160419,NA,NA,NA,NA,NA,NA,NA
20160420,NA,NA,NA,NA,NA,NA,NA
20160421,NA,NA,NA,NA,NA,NA,NA
20160422,NA,NA,NA,NA,NA,NA,NA
20160425,NA,NA,NA,NA,NA,NA,NA
20160426,NA,NA,NA,NA,NA,NA,NA
20160427,NA,NA,NA,NA,NA,NA,NA
20160428,NA,NA,NA,NA,NA,NA,NA
20160501,NA,NA,NA,NA,NA,NA,NA
20160502,NA,NA,NA,NA,NA,NA,NA
20160504,NA,NA,NA,NA,NA,NA,NA
20160507,NA,NA,NA,NA,NA,NA,NA
20160508,NA,NA,NA,NA,NA,NA,NA
20160510,NA,NA,NA,NA,NA,NA,NA
20160512,NA,NA,NA,NA,NA,NA,NA
20160513,NA,NA,NA,NA,NA,NA,NA
20160517,NA,NA,NA,NA,NA,NA,NA
20160518,NA,NA,NA,NA,NA,NA,NA
20160519,NA,NA,NA,NA,NA,NA,NA
20160520,NA,NA,NA,NA,NA,NA,NA
20160523,NA,NA,NA,NA,NA,NA,NA
20160524,NA,NA,NA,NA,NA,NA,NA
20160525,NA,NA,NA,NA,NA,NA,NA
20160527,NA,NA,NA,NA,NA,NA,NA
20160531,NA,NA,NA,NA,NA,NA,NA
20160604,NA,NA,NA,NA,NA,NA,NA
20160605,NA,NA,NA,NA,NA,NA,NA
20160606,NA,NA,NA,NA,NA,NA,NA
20160607,NA,NA,NA,NA,NA,NA,NA
20160609,NA,NA,NA,NA,NA,NA,NA
20160610,NA,NA,NA,NA,NA,NA,NA
20160612,NA,NA,NA,NA,NA,NA,NA
20160613,NA,NA,NA,NA,NA,NA,NA
20160614,NA,NA,NA,NA,NA,NA,NA
20160615,NA,NA,NA,NA,NA,NA,NA
20160616,NA,NA,NA,NA,NA,NA,NA
20160617,NA,NA,NA,NA,NA,NA,NA
20160621,NA,NA,NA,NA,NA,NA,NA
20160622,NA,NA,NA,NA,NA,NA,NA
20160623,NA,NA,NA,NA,NA,NA,NA
20160624,NA,NA,NA,NA,NA,NA,NA
20160627,NA,NA,NA,NA,NA,NA,NA
20160628,NA,NA,NA,NA,NA,NA,NA
20160629,NA,NA,NA,NA,NA,NA,NA
20160630,NA,NA,NA,NA,NA,NA,NA
20160701,NA,NA,NA,NA,NA,NA,NA
20160703,NA,NA,NA,NA,NA,NA,NA
20160704,NA,NA,NA,NA,NA,NA,NA
20160706,NA,NA,NA,NA,NA,NA,NA
20160707,NA,NA,NA,NA,NA,NA,NA
20160709,NA,NA,NA,NA,NA,NA,NA
20160710,NA,NA,NA,NA,NA,NA,NA
20160711,NA,NA,NA,NA,NA,NA,NA
20160712,NA,NA,NA,NA,NA,NA,NA
20160713,NA,NA,NA,NA,NA,NA,NA
20160714,NA,NA,NA,NA,NA,NA,NA
20160715,NA,NA,NA,NA,NA,NA,NA
20160718,NA,NA,NA,NA,NA,NA,NA
20160719,NA,NA,NA,NA,NA,NA,NA
20160720,NA,NA,NA,NA,NA,NA,NA
20160721,NA,NA,NA,NA,NA,NA,NA
20160722,NA,NA,NA,NA,NA,NA,NA
20160725,NA,NA,NA,NA,NA,NA,NA
20160726,NA,NA,NA,NA,NA,NA,NA
20160727,NA,NA,NA,NA,NA,NA,NA
20160728,NA,NA,NA,NA,NA,NA,NA
20160729,NA,NA,NA,NA,NA,NA,NA
20160801,NA,NA,NA,NA,NA,NA,NA
20160802,NA,NA,NA,NA,NA,NA,NA
20160803,NA,NA,NA,NA,NA,NA,NA
20160804,NA,NA,NA,NA,NA,NA,NA
20160806,NA,NA,NA,NA,NA,NA,NA
20160807,NA,NA,NA,NA,NA,NA,NA
20160808,NA,NA,NA,NA,NA,NA,NA
20160809,NA,NA,NA,NA,NA,NA,NA
20160811,NA,NA,NA,NA,NA,NA,NA
20160816,NA,NA,NA,NA,NA,NA,NA
20160817,NA,NA,NA,NA,NA,NA,NA
20160818,NA,NA,NA,NA,NA,NA,NA
20160819,NA,NA,NA,NA,NA,NA,NA
20160822,NA,NA,NA,NA,NA,NA,NA
20160823,NA,NA,NA,NA,NA,NA,NA
20160824,NA,NA,NA,NA,NA,NA,NA
20160825,NA,NA,NA,NA,NA,NA,NA
20160826,NA,NA,NA,NA,NA,NA,NA
20160829,NA,NA,NA,NA,NA,NA,NA
20160830,NA,NA,NA,NA,NA,NA,NA
20160831,NA,NA,NA,NA,NA,NA,NA
20160902,NA,NA,NA,NA,NA,NA,NA
20160903,NA,NA,NA,NA,NA,NA,NA
20160905,NA,NA,NA,NA,NA,NA,NA
20160906,NA,NA,NA,NA,NA,NA,NA
20160908,NA,NA,NA,NA,NA,NA,NA
20160909,NA,NA,NA,NA,NA,NA,NA
20160911,NA,NA,NA,NA,NA,NA,NA
20160912,NA,NA,NA,NA,NA,NA,NA
20160913,NA,NA,NA,NA,NA,NA,NA
20160914,NA,NA,NA,NA,NA,NA,NA
20160915,NA,NA,NA,NA,NA,NA,NA
20160916,NA,NA,NA,NA,NA,NA,NA
20160919,NA,NA,NA,NA,NA,NA,NA
20160920,NA,NA,NA,NA,NA,NA,NA
20160921,NA,NA,NA,NA,NA,NA,NA
20160922,NA,NA,NA,NA,NA,NA,NA
20160923,NA,NA,NA,NA,NA,NA,NA
20160926,NA,NA,NA,NA,NA,NA,NA
20160927,NA,NA,NA,NA,NA,NA,NA
20160928,NA,NA,NA,NA,NA,NA,NA
20160929,NA,NA,NA,NA,NA,NA,NA
20160930,NA,NA,NA,NA,NA,NA,NA
20161002,NA,NA,NA,NA,NA,NA,NA
20161003,NA,NA,NA,NA,NA,NA,NA
20161005,NA,NA,NA,NA,NA,NA,NA
20161006,NA,NA,NA,NA,NA,NA,NA
20161008,NA,NA,NA,NA,NA,NA,NA
20161010,NA,NA,NA,NA,NA,NA,NA
20161011,NA,NA,NA,NA,NA,NA,NA
20161013,NA,NA,NA,NA,NA,NA,NA
20161014,NA,NA,NA,NA,NA,NA,NA
20161017,NA,NA,NA,NA,NA,NA,NA
20161018,NA,NA,NA,NA,NA,NA,NA
20161019,NA,NA,NA,NA,NA,NA,NA
20161020,NA,NA,NA,NA,NA,NA,NA
20161021,NA,NA,NA,NA,NA,NA,NA
20161024,NA,NA,NA,NA,NA,NA,NA
20161025,NA,NA,NA,NA,NA,NA,NA
20161027,NA,NA,NA,NA,NA,NA,NA
20161031,NA,NA,NA,NA,NA,NA,NA
20161101,NA,NA,NA,NA,NA,NA,NA
20161102,NA,NA,NA,NA,NA,NA,NA
20161103,NA,NA,NA,NA,NA,NA,NA
20161104,NA,NA,NA,NA,NA,NA,NA
20161105,NA,NA,NA,NA,NA,NA,NA
20161107,NA,NA,NA,NA,NA,NA,NA
20161108,NA,NA,NA,NA,NA,NA,NA
20161110,NA,NA,NA,NA,NA,NA,NA
20161114,NA,NA,NA,NA,NA,NA,NA
20161115,NA,NA,NA,NA,NA,NA,NA
20161116,NA,NA,NA,NA,NA,NA,NA
20161117,NA,NA,NA,NA,NA,NA,NA
20161118,NA,NA,NA,NA,NA,NA,NA
20161121,NA,NA,NA,NA,NA,NA,NA
20161122,NA,NA,NA,NA,NA,NA,NA
20161123,NA,NA,NA,NA,NA,NA,NA
20161125,NA,NA,NA,NA,NA,NA,NA
20161128,NA,NA,NA,NA,NA,NA,NA
20161129,NA,NA,NA,NA,NA,NA,NA
20161201,NA,NA,NA,NA,NA,NA,NA
20161202,NA,NA,NA,NA,NA,NA,NA
20161204,NA,NA,NA,NA,NA,NA,NA
20161205,NA,NA,NA,NA,NA,NA,NA
20161207,NA,NA,NA,NA,NA,NA,NA
20161208,NA,NA,NA,NA,NA,NA,NA
20161209,NA,NA,NA,NA,NA,NA,NA
20161210,NA,NA,NA,NA,NA,NA,NA
20161212,NA,NA,NA,NA,NA,NA,NA
20161213,NA,NA,NA,NA,NA,NA,NA
20161214,NA,NA,NA,NA,NA,NA,NA
20161215,NA,NA,NA,NA,NA,NA,NA
20161216,NA,NA,NA,NA,NA,NA,NA
20161219,NA,NA,NA,NA,NA,NA,NA
20161220,NA,NA,NA,NA,NA,NA,NA
20161221,NA,NA,NA,NA,NA,NA,NA
20161222,NA,NA,NA,NA,NA,NA,NA
20161223,NA,NA,NA,NA,NA,NA,NA
20161227,NA,NA,NA,NA,NA,NA,NA
20161228,NA,NA,NA,NA,NA,NA,NA
20161229,NA,NA,NA,NA,NA,NA,NA
20161230,NA,NA,NA,NA,NA,NA,NA
20170102,NA,NA,NA,NA,NA,NA,NA
20170103,NA,NA,NA,NA,NA,NA,NA
20170108,NA,NA,NA,NA,NA,NA,NA
20170109,NA,NA,NA,NA,NA,NA,NA
20170113,NA,NA,NA,NA,NA,NA,NA
20170117,NA,NA,NA,NA,NA,NA,NA
20170118,NA,NA,NA,NA,NA,NA,NA
20170119,NA,NA,NA,NA,NA,NA,NA
20170120,NA,NA,NA,NA,NA,NA,NA
20170123,NA,NA,NA,NA,NA,NA,NA
20170125,NA,NA,NA,NA,NA,NA,NA
20170126,NA,NA,NA,NA,NA,NA,NA
20170127,NA,NA,NA,NA,NA,NA,NA
20170130,NA,NA,NA,NA,NA,NA,NA
20170131,NA,NA,NA,NA,NA,NA,NA
20170202,NA,NA,NA,NA,NA,NA,NA
20170203,NA,NA,NA,NA,NA,NA,NA
20170205,NA,NA,NA,NA,NA,NA,NA
20170208,NA,NA,NA,NA,NA,NA,NA
20170210,NA,NA,NA,NA,NA,NA,NA
20170211,NA,NA,NA,NA,NA,NA,NA
20170213,NA,NA,NA,NA,NA,NA,NA
20170214,NA,NA,NA,NA,NA,NA,NA
20170215,NA,NA,NA,NA,NA,NA,NA
20170216,NA,NA,NA,NA,NA,NA,NA
20170217,NA,NA,NA,NA,NA,NA,NA
20170221,NA,NA,NA,NA,NA,NA,NA
20170222,NA,NA,NA,NA,NA,NA,NA
20170223,NA,NA,NA,NA,NA,NA,NA
20170224,NA,NA,NA,NA,NA,NA,NA
20170228,NA,NA,NA,NA,NA,NA,NA
20170301,NA,NA,NA,NA,NA,NA,NA
20170302,NA,NA,NA,NA,NA,NA,NA
20170303,NA,NA,NA,NA,NA,NA,NA
20170304,NA,NA,NA,NA,NA,NA,NA
20170307,NA,NA,NA,NA,NA,NA,NA
20170308,NA,NA,NA,NA,NA,NA,NA
20170310,NA,NA,NA,NA,NA,NA,NA
20170311,NA,NA,NA,NA,NA,NA,NA
20170313,NA,NA,NA,NA,NA,NA,NA
20170314,NA,NA,NA,NA,NA,NA,NA
20170315,NA,NA,NA,NA,NA,NA,NA
20170316,NA,NA,NA,NA,NA,NA,NA
20170317,NA,NA,NA,NA,NA,NA,NA
20170320,NA,NA,NA,NA,NA,NA,NA
20170321,NA,NA,NA,NA,NA,NA,NA
20170322,NA,NA,NA,NA,NA,NA,NA
20170323,NA,NA,NA,NA,NA,NA,NA
20170324,NA,NA,NA,NA,NA,NA,NA
20170327,NA,NA,NA,NA,NA,NA,NA
20170328,NA,NA,NA,NA,NA,NA,NA
20170329,NA,NA,NA,NA,NA,NA,NA
20170330,NA,NA,NA,NA,NA,NA,NA
20170331,NA,NA,NA,NA,NA,NA,NA
20170401,NA,NA,NA,NA,NA,NA,NA
20170404,NA,NA,NA,NA,NA,NA,NA
20170405,NA,NA,NA,NA,NA,NA,NA
20170408,NA,NA,NA,NA,NA,NA,NA
20170410,NA,NA,NA,NA,NA,NA,NA
20170412,NA,NA,NA,NA,NA,NA,NA
20170413,NA,NA,NA,NA,NA,NA,NA
20170418,NA,NA,NA,NA,NA,NA,NA
20170419,NA,NA,NA,NA,NA,NA,NA
20170420,NA,NA,NA,NA,NA,NA,NA
20170421,NA,NA,NA,NA,NA,NA,NA
20170424,NA,NA,NA,NA,NA,NA,NA
20170425,NA,NA,NA,NA,NA,NA,NA
20170426,NA,NA,NA,NA,NA,NA,NA
20170427,NA,NA,NA,NA,NA,NA,NA
20170428,NA,NA,NA,NA,NA,NA,NA
20170501,NA,NA,NA,NA,NA,NA,NA
20170504,NA,NA,NA,NA,NA,NA,NA
20170505,NA,NA,NA,NA,NA,NA,NA
20170507,NA,NA,NA,NA,NA,NA,NA
20170509,NA,NA,NA,NA,NA,NA,NA
20170510,NA,NA,NA,NA,NA,NA,NA
20170512,NA,NA,NA,NA,NA,NA,NA
20170515,NA,NA,NA,NA,NA,NA,NA
20170516,NA,NA,NA,NA,NA,NA,NA
20170517,NA,NA,NA,NA,NA,NA,NA
20170518,NA,NA,NA,NA,NA,NA,NA
20170519,NA,NA,NA,NA,NA,NA,NA
20170522,NA,NA,NA,NA,NA,NA,NA
20170523,NA,NA,NA,NA,NA,NA,NA
20170524,NA,NA,NA,NA,NA,NA,NA
20170526,NA,NA,NA,NA,NA,NA,NA
20170530,NA,NA,NA,NA,NA,NA,NA
20170531,NA,NA,NA,NA,NA,NA,NA
20170602,NA,NA,NA,NA,NA,NA,NA
20170603,NA,NA,NA,NA,NA,NA,NA
20170604,NA,NA,NA,NA,NA,NA,NA
20170606,NA,NA,NA,NA,NA,NA,NA
20170607,NA,NA,NA,NA,NA,NA,NA
20170609,NA,NA,NA,NA,NA,NA,NA
20170610,NA,NA,NA,NA,NA,NA,NA
20170611,NA,NA,NA,NA,NA,NA,NA
20170612,NA,NA,NA,NA,NA,NA,NA
20170613,NA,NA,NA,NA,NA,NA,NA
20170614,NA,NA,NA,NA,NA,NA,NA
20170616,NA,NA,NA,NA,NA,NA,NA
20170619,NA,NA,NA,NA,NA,NA,NA
20170620,NA,NA,NA,NA,NA,NA,NA
20170621,NA,NA,NA,NA,NA,NA,NA
20170622,NA,NA,NA,NA,NA,NA,NA
20170623,NA,NA,NA,NA,NA,NA,NA
20170626,NA,NA,NA,NA,NA,NA,NA
20170627,NA,NA,NA,NA,NA,NA,NA
20170628,NA,NA,NA,NA,NA,NA,NA
20170629,NA,NA,NA,NA,NA,NA,NA
20170630,NA,NA,NA,NA,NA,NA,NA
20170702,NA,NA,NA,NA,NA,NA,NA
20170703,NA,NA,NA,NA,NA,NA,NA
20170704,NA,NA,NA,NA,NA,NA,NA
20170706,NA,NA,NA,NA,NA,NA,NA
20170707,NA,NA,NA,NA,NA,NA,NA
20170708,NA,NA,NA,NA,NA,NA,NA
20170709,NA,NA,NA,NA,NA,NA,NA
20170711,NA,NA,NA,NA,NA,NA,NA
20170712,NA,NA,NA,NA,NA,NA,NA
20170713,NA,NA,NA,NA,NA,NA,NA
20170714,NA,NA,NA,NA,NA,NA,NA
20170717,NA,NA,NA,NA,NA,NA,NA
20170718,NA,NA,NA,NA,NA,NA,NA
20170719,NA,NA,NA,NA,NA,NA,NA
20170720,NA,NA,NA,NA,NA,NA,NA
20170721,NA,NA,NA,NA,NA,NA,NA
20170724,NA,NA,NA,NA,NA,NA,NA
20170725,NA,NA,NA,NA,NA,NA,NA
20170726,NA,NA,NA,NA,NA,NA,NA
20170727,NA,NA,NA,NA,NA,NA,NA
20170728,NA,NA,NA,NA,NA,NA,NA
20170731,NA,NA,NA,NA,NA,NA,NA
20170802,NA,NA,NA,NA,NA,NA,NA
20170803,NA,NA,NA,NA,NA,NA,NA
20170805,NA,NA,NA,NA,NA,NA,NA
20170806,NA,NA,NA,NA,NA,NA,NA
20170808,NA,NA,NA,NA,NA,NA,NA
20170809,NA,NA,NA,NA,NA,NA,NA
20170811,NA,NA,NA,NA,NA,NA,NA
20170814,NA,NA,NA,NA,NA,NA,NA
20170816,NA,NA,NA,NA,NA,NA,NA
20170817,NA,NA,NA,NA,NA,NA,NA
20170818,NA,NA,NA,NA,NA,NA,NA
20170821,NA,NA,NA,NA,NA,NA,NA
20170822,NA,NA,NA,NA,NA,NA,NA
20170823,NA,NA,NA,NA,NA,NA,NA
20170824,NA,NA,NA,NA,NA,NA,NA
20170825,NA,NA,NA,NA,NA,NA,NA
20170828,NA,NA,NA,NA,NA,NA,NA
20170829,NA,NA,NA,NA,NA,NA,NA
20170830,NA,NA,NA,NA,NA,NA,NA
20170831,NA,NA,NA,NA,NA,NA,NA
20170901,NA,NA,NA,NA,NA,NA,NA
20170902,NA,NA,NA,NA,NA,NA,NA
20170903,NA,NA,NA,NA,NA,NA,NA
20170905,NA,NA,NA,NA,NA,NA,NA
20170906,NA,NA,NA,NA,NA,NA,NA
20170908,NA,NA,NA,NA,NA,NA,NA
20170910,NA,NA,NA,NA,NA,NA,NA
20170911,NA,NA,NA,NA,NA,NA,NA
20170913,NA,NA,NA,NA,NA,NA,NA
20170914,NA,NA,NA,NA,NA,NA,NA
20170915,NA,NA,NA,NA,NA,NA,NA
20170918,NA,NA,NA,NA,NA,NA,NA
20170919,NA,NA,NA,NA,NA,NA,NA
20170920,NA,NA,NA,NA,NA,NA,NA
20170921,NA,NA,NA,NA,NA,NA,NA
20170922,NA,NA,NA,NA,NA,NA,NA
20170925,NA,NA,NA,NA,NA,NA,NA
20170926,NA,NA,NA,NA,NA,NA,NA
20170927,NA,NA,NA,NA,NA,NA,NA
20170928,NA,NA,NA,NA,NA,NA,NA
20170929,NA,NA,NA,NA,NA,NA,NA
20171001,NA,NA,NA,NA,NA,NA,NA
20171002,NA,NA,NA,NA,NA,NA,NA
20171003,NA,NA,NA,NA,NA,NA,NA
20171004,NA,NA,NA,NA,NA,NA,NA
20171005,0.0152107295515148,0.00645156063534146,0.0204198935628168,0.0050144525815552,0.00651364490510699,0.00522047096831352,0.0105168729696568
20171007,0.0150521650594021,0.00646327784595238,0.0222071336190369,0.00497663636438839,0.00734036286997465,0.00559961371268589,0.0101967508907044
20171008,0.0154008815617638,0.00643523493044464,0.0223426878668814,0,0.0118205579654385,0.00589305566676942,0.00688903920020483
20171010,0.0159441603246929,0.00687500782623161,0.0227085342081459,0.00526538391394886,0.00565221151863128,0.00629900827704845,0.0102112398664286
20171011,0.0162104718885352,0.00670036011547313,0.0145282375288368,0.00525842777416734,0.00558384291715798,0.00603458625773761,0.0101536309091053
20171013,0.0162755534801773,0.00530165326507343,0.022574156412378,0.00598466893969862,0.00557373687662088,0.0625,0.0102237854526806
20171016,0.0161654605887302,0.00779650854289571,0.0182116663275795,0.00610873598057277,0.00552774767105735,0.0625,0.00998617665989176
20171017,0.0163699574119436,0.00779952213208172,0.0263189834160975,0.00586215010050922,0.00554452620356233,0.00611801445537719,0.0103486404078419
20171018,0.0165345410218645,0.00797411558221677,0.0146595377506381,0.00608223166182198,0.00465424530730444,0.0625,0.0123662302716087
20171019,0.0164471127816266,0.00639138937172338,0.0174493865540656,0.00601585681602163,0.00575613623062081,0.00546468508449918,0.00955417916575134
20171020,0.0163580700236922,0.00716296694426112,0.0229623363803889,0.00766995123048146,0.00850159100786839,0.0625,0.0101818383444818
20171023,0.0163287901366391,0.00721209083577243,0.0285286595801828,0.00605201024972018,0.00845126004460369,0.00545026835442564,0.00901478877240506
20171024,0.0162728479343832,0.00782651566353863,0.0219466895987064,0,0.00961859688236054,0.00611498198681777,0.0111181187662008
20171025,0.0164214026492968,0.00822733850076782,0.011484893000933,0.0056209831923776,0.0103200730926905,0.00778866952360596,0.0117184622450992
20171027,0.0167700399204367,0.00930231859313158,0.0127266125748121,0,0.0143333328539986,0.00821454547475555,0.00958117273460738
20171030,0.0183788740049065,0.00984439458700873,0.0127951920625519,0.0106428181900322,0.00970886190071884,0.00773646560489206,0.0113951902820809
20171031,0.0198648815873287,0.010244432420358,0.0119166109818108,0.00665180300519694,0.0107776636779275,0.00778584107844509,0.00795071323080676
20171101,0.0183579456337597,0.00640946871893223,0.0124288643094009,0.00822287036216578,0.0107611391316775,0.00824406359202361,0.0100325499107301
20171104,0.0168885742477125,0.00643730408402439,0.0116940044163513,0.00563387107952606,0.0108454657881966,0.00903800000609855,0.0101038366368118
20171105,0.0190312099873805,0.00551468994886844,0.0149451292422376,0.00872466596329323,0.011875018362856,0.00634046973403182,0.015857051697558
20171107,0.017390861471061,0.0061851717153263,0.0117285753181737,0.00746784537128061,0.0117524207517186,0.00702949612220477,0.0124167319385801
20171108,0.0176040836115858,0.00567867109191498,0.0152112126401402,0.00742929201916876,0.0128765704951697,0.00583694520779141,0.0112867003393384
20171109,0.0171734212130973,0.0055522210343432,0.00822320071683448,0.00489942503326114,0.0119077293516634,0.00747782644534937,0.0107652456985823
20171110,0.017629476173247,0.00702279364318564,0.00811449902074728,0.0162784989203681,0.0115731813149797,0.00683408640253931,0.00782633896814798
20171112,0.0178183867761047,0.00706888570652076,0.00944174679678394,0.0184935520653019,0.0122641181049219,0.00821389528375564,0.00888166837889496
20171113,0.0173820124805773,0.00644027994650289,0.0138010557510357,0.0093236078017788,0.0123552033228838,0.00833028273113566,0.010711329599912
20171114,0.0171915067618243,0.00686970542623818,0.0143115643498119,0.00917822112866346,0.0137306486119783,0.00832621683251227,0.00838026863733058
20171115,0.017342716981474,0.00554055015793089,0.0149545979263047,0.0200252571895383,0.00896040141393132,0.0625,0.0111568106369195
20171116,0.0173376091038715,0.00539357174571212,0.0114470227450068,0.00910312651224634,0.0111416869740285,0.00825752678168406,0.0130069819567963
20171117,0.0179279923081251,0.00536997807588076,0.0116083343462905,0.0045301835429643,0.0132616182709115,0.0082596148024783,0.0121179126326484
20171120,0.0177802574341306,0.0103328331721173,0.0119591832825331,0.00441895259889188,0.0120927615988443,0.00820454181606483,0.00987262069273834
20171121,0.016081417178577,0.0108586064138751,0.0107697205536334,0.00347104661466709,0.00966120076548798,0.0625,0.00949533212735617
20171122,0.0176524386205268,0.00723949945028526,0.0089795614683705,0.00377957931638917,0.0115843731350791,0.0625,0.00982065265875712
20171124,0.0167390137781096,0.034519190419758,0.00977022630760666,0.00502323725800164,0.0119219180581417,0.0625,0.00944101301845786
20171127,0.0180436826722516,0.0171232188522405,0.00931598323472541,0.00507376206972472,0.00999125186406498,0.0625,0.00709056400278921
20171128,0.0172192527900066,0.0149222124709975,0.00902398395003178,0.00505702717099672,0.0106491980230591,0.00896786381930637,0.00762316327360661
20171129,0.0168837747460777,0.016558588105798,0.00587129097009974,0.00509797167681207,0.0108389797287062,0.00972465008409454,0.0073116315486069
20171201,0.020325267606526,0.0141301807775225,0.00733912091310245,0.00504835704696388,0.0128662286106573,0.0092445340183548,0.0102006316023255
20171204,0.0182976115082469,0.00711814808383254,0.00575593798234213,0.00697844088953113,0.0126433056169983,0.00923570624642902,0.0106105796186637
20171205,0.0172915175790469,0.00974755938163579,0.0083505954159336,0.00625924451087333,0.0128054693789386,0.0093292646826676,0.0110380627820302
20171206,0.0178473700375672,0.00709264838552085,0.00652183740058111,0.00612762584037514,0.00849034032162363,0.00924777853149067,0.010671684765636
20171207,0.017191223534993,0.00650973613088019,0.00540534478641762,0.00644546847754012,0.0146869997047093,0.0102303525943796,0.0112930351151721
20171209,0.0174295747617679,0.0116449772000065,0.00591784584377005,0.00469981952785681,0.020290928916442,0.00995849914276592,0.0106513480507021
20171210,0.0181772371145884,0.0105378778308973,0.00657204304216498,0.00630528199722313,0.0183280485703241,0.00994660779692087,0.0101956439191507
20171212,0.0211712769769589,0.0133903612729221,0.00641248765395453,0.00625415059016278,0.011473732636604,0.00982241103603015,0.0102360310929842
20171213,0.0168111737976077,0.0120227318094036,0.00644834332469959,0.0069546788626418,0.0174585840338611,0.00990723751827376,0.0123106640373714
20171214,0.0163210702046714,0.0625,0.0106120632719288,0.0061687264361245,0.0170488472358946,0.00927112401920005,0.0157105208681148
20171215,0.0169202888723207,0.0183448660351245,0.0150335891128167,0.00760435605732997,0.010163767304451,0.00920148666526001,0.0130426169384771
20171218,0.0167166360048545,0.013604657305571,0.00735077533525031,0.00475450199859829,0.0109942160139488,0.00903827853822491,0.016202186332375
20171219,0.0163757405726106,0.0125505251993217,0.0625,0.00463118446917607,0.0155662010513487,0.00867735042421621,0.0137852876143822
20171220,0.0154200570359019,0.0155667718994807,0.00502809504444917,0.00600297088436831,0.0120408732371923,0.0106348343162272,0.0154982973889415
20171221,0.0147050777677633,0.0625,0.00525744257319174,0.00607640966947085,0.00813792218176197,0.00846834106618004,0.013779473106127
20171222,0.0167978291368977,0.0154808271864573,0.00527750294857538,0.00606074892800861,0.00795595253903005,0.00890970030513541,0.0134758022965884
20171227,0.0155885941046444,0.0625,0.00619376195215777,0.0062683754101424,0.00709867758311508,0.00884412201270223,0.00702501963751134
20171228,0.0162465756730998,0.014135723600138,0.00855532685720031,0.0122667420027857,0.00693602017664243,0.0065485087777064,0.00868399188303865
20171229,0.0171368220279569,0.0102822647417345,0.0117798913492132,0.0109113881975747,0.00997864523134026,0.00765867711385648,0.00982205341713593
20180102,0.018692670654241,0.00828771465746304,0.0136011798841556,0.00944024686002539,0.0150807795675684,0.00407880762764169,0.00963284616550345
20180103,0.0172560871475803,0.00800938452387457,0.00645206003617403,0.00865850525676996,0.0154297390461986,0.00261158043173452,0.0111056427788087
20180108,0.0173289205146634,0.0107016608038962,0.00586146446131522,0.0111679256863065,0.0115229862162378,0.00669416561083898,0.0098147355994642
20180110,0.0183068552840547,0.0096744613239881,0.00524808705901715,0.0133542909181147,0.0118815233845909,0.00655373013526728,0.0121600554632116
20180116,0.0185842591312254,0.00787909532156359,0.00560573725098118,0.0128043057910811,0.0129492061798102,0.00508754347236538,0.0126015691819714
20180117,0.0173977123935322,0.00609515933289959,0.00537911299021282,0.0204103671074167,0.0134525477537336,0.00651256963285683,0.0140347030950261
20180118,0.0174363726392449,0.0625,0.00518313683901312,0.0140993289746053,0.00951452824589701,0.00361333100208045,0.0149885113566087
20180119,0.0173830145206405,0.0150383185621881,0.00472154835762294,0.0121555198988489,0.00801239215526157,0.00361147586232364,0.0138758550391809
20180122,0.0192583808170825,0.00824743531046925,0.00993938621784613,0.00794024413042403,0.00768784223647865,0.0066439699291737,0.0133438060716173
20180123,0.0200578013297065,0.0105429772044053,0.00693285011055543,0.0117415713552292,0.00747482503176254,0.00431603066497468,0.0128088645737758
20180125,0.0207199269376413,0.0102289712578547,0.00780106475652114,0.0122631790798144,0.00957066880811165,0.00769473048918554,0.0111582654527495
20180126,0.019736922628456,0.00771812946207816,0.00769798145443553,0.0121224732626218,0.00912137736725179,0.00781612361087153,0.00889503021069422
20180129,0.0193975818421287,0.0166574306594265,0.0070284629202589,0.0109472394921443,0.00883520860606591,0.00948440267707742,0.0105930965448027
20180130,0.0206600533542968,0.0159255664323685,0.0063564997374385,0.0110512005413011,0.00886253472166583,0.00785273789531116,0.0112340571979286
20180131,0.0199948832530111,0.00754970982603185,0.00585258564745273,0.0069505428296185,0.00855399588147963,0.00848315243210601,0.0102276799127227
20180202,0.0195743650074174,0.00545114536130087,0.00597255906967422,0.00688695636480956,0.00685557794542421,0.00855628078148801,0.0122687566767524
20180203,0.0200655380864356,0.00515490360952344,0.00607295275315385,0.00987540816140194,0.0049715170707812,0.00878479500329886,0.0112726684019036
20180205,0.0200386673775708,0.00688472294120043,0.00601352471222745,0.0163939971060003,0.00576149725466441,0.00858213836685759,0.0101913918989059
20180207,0.019966588456566,0.0071154065100995,0.0064449116888922,0.0289500208597909,0.00931338253358828,0.00827139869251395,0.011895208084923
20180208,0.017543913149216,0.00772929956016197,0.00746517912934029,0.028206010114648,0.0077102854405905,0.00837901316907825,0.010993693836904
20180210,0.0217458088371312,0.00881544628578602,0.00611507784197302,0.0270803845657739,0.00945839523030334,0.00907212258753253,0.00620408808468418
20180211,0.021119601096173,0.00572110904499698,0.0110139277318057,0.0203767492014642,0.00953576596282461,0.00875031570304551,0.00508577687632068
20180213,0.0213747101503221,0.00566596393230315,0.00796095457424989,0.0159264694182748,0.00855433776661056,0.00847080239041906,0.00706920189979664
20180214,0.0213484758434124,0.00474423509209722,0.00779228882190912,0.025448076124689,0.008429051277844,0.00834360222544954,0.00618607000896452
20180215,0.0196234768947429,0.0075069377625713,0.00934129793183181,0.0268641707353156,0.00900544571910881,0.00761086755705666,0.00630240192440399
20180216,0.0203694302823391,0.00530190514435245,0.00990903127559837,0.026182650275368,0.008249502295549,0.00756023720293995,0.00624414101792301
20180220,0.0220314453866758,0.0054866930779624,0.00856559810967249,0.0266974005353466,0.0100457941899684,0.00745276711215253,0.00633410614381984
20180221,0.0160640572564396,0.00806336457887669,0.0103985910470897,0.0130146296376494,0.0104691113118758,0.0115092997150311,0.00796600780833003
20180222,0.0167622820032351,0.00759244578762515,0.00777067965279465,0.0123429320975599,0.01001623597458,0.00823432653725587,0.00848600452892457
20180223,0.0159456296437324,0.00805713122539525,0.00824415661479508,0.0136799084428019,0.0096603789574068,0.00796353330856089,0.00823426032013026
20180226,0.0178338577752099,0.0073926097543061,0.010409340549639,0.0115878008924439,0.00844964856701287,0.00808422203965934,0.0086184681548459
20180227,0.0173809986815905,0.00762555073430405,0.00903372500594647,0.0112046784783669,0.0126888879640188,0.00814551145383759,0.00825774047094862
20180228,0.0158861002566749,0.00745093362973466,0.00831368763031388,0.0099219913992109,0.0102937426376451,0.00812073648202518,0.0114462189626036
20180301,0.0160548375135692,0.00692826508885747,0.007387762327443,0.0101482579467988,0.0104674224057446,0.0078189630053405,0.00694819004764804
20180304,0.0180512139464292,0.00468728517271669,0.00663033880977103,0.0118117477270134,0.0105913251095572,0.00863185214026955,0.0110731846876266
20180307,0.0171768620339463,0.00442201607924744,0.00608908318848746,0.0171433278677262,0.0105385979545043,0.00953598632869141,0.0108373858028683
20180308,0.0163211002543684,0.00474339973876595,0.0058069558045761,0.0118047085390864,0.00562825056680325,0.00872267195848749,0.0108431968343968
20180310,0.0164505103590455,0.00610405868383946,0.00655535963964021,0.00979845003005803,0.00699236585021209,0.00866509634952753,0.0137084124154286
20180312,0.0227748163440663,0.00607807847836443,0.00664608164321131,0.00759758926475602,0.00711720041192553,0.0086128673299352,0.0157335364627452
20180313,0.0249523524073024,0.0058624054933981,0.00624729259619246,0.00870752312771623,0.00698281870055926,0.00810783515904322,0.0145397328709651
20180314,0.0252000299422145,0.00548420126605068,0.00644087791246952,0.00845663870469941,0.0069452737726547,0.00807834884615049,0.0122873180716033
20180315,0.025461316262531,0.00677622684793754,0.00706462438671411,0.00687541349619695,0.0067907947300016,0.00854990984999431,0.0134833455839595
20180316,0.0160676978423462,0.0075031491463288,0.00681602900038273,0.0090544628894488,0.00834214362477643,0.00969946907115273,0.0137986196158589
20180319,0.0169676203353097,0.00740612070100828,0.00573174285827809,0.0086950244782514,0.00673758452476797,0.00901545136746802,0.0137469520305215
20180320,0.0158793603526484,0.00619501610335862,0.00572940769059817,0.00886828046152377,0.00831288246717323,0.00918976597052739,0.0144442453273562
20180321,0.0159682751039417,0.00595869519151117,0.00613839368769242,0.00861457401578857,0.00634848279305446,0.0086986688826128,0.0142311196756405
20180322,0.0145557087962037,0.00544707559725743,0.00576156387719889,0.00895524700432238,0.00654509619544637,0.00878891722460805,0.012315036275436
20180323,0.0165037701261413,0.00665849400414689,0.00703087244341704,0.0167526018105176,0.00678890622221726,0.0102294180276128,0.0146752996087035
20180326,0.0165934296445448,0.00776044352831085,0.00772304663826826,0.016403602237791,0.00650150941441412,0.0101938860945371,0.0142234045573478
20180327,0.0153389565076182,0.00840599103028688,0.00566352818555415,0.0170642371646854,0.00708009742021273,0.00991582198644008,0.0111192375139049
20180328,0.0152800960947555,0.00859012641230234,0.00565913388677491,0.0104341444076615,0.00723700552436337,0.00982488008276964,0.0124779274896364
20180329,0.0152207817964047,0.0257305388852943,0.00565279772280993,0.00794292512414139,0.00688276863238212,0.0103194840552603,0.012724650765725
20180401,0.0154768432273083,0.0295776713454767,0.00705882683630798,0.00780391341937269,0.00616753166366089,0.0115553323742799,0.0137804074086321
20180404,0.0145077867797117,0.0220466731685038,0.00692794989862677,0.0125636120882517,0.0059227744016069,0.0104156717809575,0.0121821107885337
20180405,0.0146073798137539,0.0219389839597829,0.00776872256844793,0.0108962177412719,0.00624324583868993,0.0172076912064376,0.0113294688292852
20180406,0.014727230577987,0.0145473745796196,0.00847440547994125,0.0160947607357547,0.0111001991383575,0.0146551622249899,0.0109949187298332
20180409,0.0147455884046954,0.0150962868623955,0.00825000014526416,0.00667168423789572,0.00800831199012282,0.0175704635017834,0.0135061699827385
20180410,0.014605452766104,0.0165357422476882,0.0100324468689398,0.00569709745668254,0.00805543628451069,0.0109272336172981,0.0128407659159403
20180412,0.0145310241441491,0.00799052120106351,0.00776802460947578,0.00743352753234892,0.00905898003337457,0.0123649268016748,0.0100839745037397
20180413,0.0136400005550715,0.0270376805493907,0.0100289195202316,0.00745876114476714,0.00874086071006829,0.0106778803287253,0.010209070786349
20180416,0.0128394740956578,0.025,0.00947368191522232,0.00747427036719452,0.00839620447235258,0.0115585476394994,0.0103113496804123
20180417,0.0134258288696825,0.0169410118256784,0.00879785176072386,0.00877343845508323,0.00810978099416774,0.0160074355511007,0.0122006054433513
20180418,0.0143031992285971,0.0166080852069379,0.00738772229565761,0.00864764051973838,0.00836784333386315,0.00965014930242687,0.0134816686579536
20180419,0.0114289096867003,0.0178590921653276,0.00809657978394811,0.00716576912986373,0.00634943618405166,0.00967781744688658,0.0112120388189944
20180420,0.0114527059814284,0.0181330973434619,0.00824393694768824,0.00766390054917291,0.0127604833541948,0.00898348862732592,0.0137471805893988
20180423,0.0115653306643266,0.0198547084298979,0.00852714057847346,0.00755878610682976,0.011015382429274,0.00897535955236885,0.0106152075902537
20180424,0.0114302285659557,0.0186477571490001,0.00789071882352427,0.00777562237153936,0.0111526207311915,0.00898926502321102,0.0113643350881697
20180425,0.0116052975014513,0.0201892101648367,0.00763572849957913,0.00728665611742026,0.00871592766082148,0.0101923423265604,0.0135866138401569
20180426,0.0119914372187062,0.0184319060195549,0.00750661330436157,0.00734976504181037,0.00931508837203595,0.00981084454934858,0.0128187968093878
20180427,0.0115071379058278,0.016243356434719,0.00803596834415934,0.00626610350885719,0.0106950041006753,0.0101443622422492,0.0110793906591961
20180430,0.0116673149841852,0.0197422541838208,0.0119409920290871,0.00747692853711627,0.0100552105083574,0.0102156112662337,0.0103754376940348
20180501,0.0114171515707776,0.0153869530518796,0.00820611342214454,0.0091324627630887,0.011089148959689,0.0103143418775801,0.0142139477180862
20180502,0.011428556421537,0.010281025277333,0.0065069088412203,0.00607735390686413,0.00773945438279583,0.010108295284654,0.0134785171539487
20180503,0.0145125343099581,0.0195584195624376,0.00889290528302331,0.00603014493819629,0.00783728603865895,0.00989386722400612,0.00998685909012063
20180504,0.0118155709417079,0.00851118825300024,0.00999735240357874,0.00602670274935388,0.00727747184938692,0.0099413841550736,0.00765194232730184
20180506,0.0134064216746113,0.0173770311753429,0.0101033697844355,0.0058258933088205,0.0138087857707962,0.00991731294078615,0.011542270862829
20180507,0.012650612661771,0.00954735207666281,0.0107663751227469,0.00850391196195339,0.00789035198865176,0.0097582530724777,0.0128128304171405
20180509,0.0159231783282638,0.0232162873143345,0.00761292908858058,0.00981633755714859,0.00755970978038583,0.00966038403731219,0.0106730982953628
20180510,0.0134583551814643,0.025,0.0116110626724464,0.0110941499286974,0.00796753077301753,0.00951633528421263,0.0118979603993822
20180511,0.0136756360337242,0.025,0.00594560958004428,0.010410896310676,0.00829867283372538,0.0095425913534013,0.0136317336713612
20180514,0.013474326240311,0.025690918050752,0.00572546128770534,0.00905298462191578,0.00804380679512646,0.00937321037650992,0.0122405100457976
20180515,0.0132481234708903,0.0133421849974857,0.00755927093948369,0.00888293300451495,0.00753028115600449,0.00887785877707219,0.0125433706081346
20180516,0.0139401682471915,0.0165271098147266,0.00823403361435585,0.0101694889382219,0.00808981632849576,0.00951211149650514,0.0122273992569332
20180517,0.0136115987941582,0.0121718513635233,0.00813293139776529,0.00984962529517116,0.00853174468114055,0.0089223536368443,0.0105909469611439
20180518,0.0136643587348135,0.00721736331164823,0.00903612374315165,0.00934775034610479,0.00886494328939749,0.0088337979670572,0.0103293547218219
20180522,0.0136295028606683,0.00738600449236713,0.00855358153746323,0.00923241196548283,0.00965812121051384,0.00929746019346857,0.0137087033301871
20180523,0.0132905941573284,0.00740414438525706,0.00646696965216483,0.0094123996630876,0.00991271008411598,0.00881654585271085,0.0133042352258607
20180524,0.0130170546188289,0.00771038034858254,0.0104431485858228,0.0099508250369524,0.00974192514553166,0.00905657193897734,0.0135550987089871
20180525,0.0135495104941409,0.00572063343600836,0.0105400936389379,0.0093332308888667,0.00865111424843579,0.00867225573726759,0.0138807204073668
20180529,0.0123949300273415,0.0065812712884683,0.0112468074396823,0.00757533108521682,0.00868698982027715,0.00859494803590604,0.0155818110979271
20180530,0.0130615874511649,0.0113386235018955,0.0105101919453322,0.00678378901453762,0.025,0.00838019576895569,0.0151849968512303
20180602,0.0124953814839907,0.0143663598142936,0.0095688938510538,0.00794318907860845,0.0101462503110933,0.00825600258241397,0.0156243421731141
20180603,0.0114451154256873,0.0105963674526877,0.00669807111697969,0.00860443989401756,0.010698992258341,0.00833870337972781,0.0151870562305798
20180606,0.0116462766241416,0.0182723963608029,0.00916562440338405,0.009454891637442,0.0128596860785266,0.00888040621324068,0.0147370561075254
20180607,0.0126315247468061,0.0180327832084992,0.00922324114467356,0.00939505784992544,0.0121122782305789,0.00850843567970706,0.0146893509533073
20180608,0.0158683990187209,0.0109956901375485,0.00664892707454252,0.010586417714378,0.0114652868165035,0.00821699609518071,0.0156790563608051
20180609,0.0113555004721719,0.00702503634455884,0.00575765424123607,0.00919904370662216,0.0118697835287591,0.00833523341010943,0.0151425772969133
20180611,0.0116764396626206,0.00716160320033352,0.00637056990644058,0.00871720033265402,0.0110980895147778,0.00829490039070255,0.0156731501279883
20180612,0.0136437830927076,0.00706706976137483,0.00796625609300908,0.00762055477008945,0.010863360512234,0.0108097600817965,0.0144459915574358
20180613,0.0155753375185066,0.00720279001965878,0.00627531689543469,0.00879327916923487,0.0102052634709586,0.00830398811717115,0.0176303531959541
20180614,0.0148071915637613,0.00703172600766182,0.00653655704447252,0.00827222180459516,0.00847391192025221,0.00833712498737269,0.0165933586806343
20180615,0.0162093878528418,0.0108900513486543,0.00536746220820779,0.0120272486246668,0.0084958840770771,0.00858607997135483,0.0180879450688105
20180618,0.0119584463975544,0.00695154078579024,0.0070140906330688,0.0136665399633061,0.00830246755896726,0.0132580127765163,0.0251749366228892
20180619,0.0117427081521697,0.00746827329749409,0.00703969145790337,0.0113023557908172,0.00865730536011411,0.012812370126286,0.0270432314575254
20180620,0.0125143309419381,0.0207187950605029,0.00547389633424489,0.0172356525325069,0.00859981751015398,0.012839007081629,0.0277654356527527
20180621,0.0146145082787876,0.011990305695191,0.00749611130211159,0.0216793445105432,0.00861659961912334,0.0129855594604425,0.0276446520632087
20180622,0.0169258146125023,0.0124941284094005,0.00916693142822182,0.0204738201737653,0.00836117125237558,0.0102791252781217,0.033494233692101
20180625,0.0146129934221526,0.0138088844830035,0.00915378865239761,0.0174261320225992,0.00941446850864136,0.00999139333169504,0.030817538189073
20180626,0.0143807257179038,0.025,0.0067895356898034,0.0174757832564588,0.00920218099452306,0.0101056055627471,0.0362424743356155
20180627,0.0148179786659142,0.025,0.00599748274107966,0.0179210436020107,0.0095662069381217,0.0126212766746754,0.0359269670788636
20180628,NA,NA,NA,NA,NA,NA,NA
20180629,NA,NA,NA,NA,NA,NA,NA
20180702,NA,NA,NA,NA,NA,NA,NA
20180703,NA,NA,NA,NA,NA,NA,NA
20180705,NA,NA,NA,NA,NA,NA,NA
20180706,NA,NA,NA,NA,NA,NA,NA
20180708,NA,NA,NA,NA,NA,NA,NA
20180709,NA,NA,NA,NA,NA,NA,NA
20180711,NA,NA,NA,NA,NA,NA,NA
20180712,NA,NA,NA,NA,NA,NA,NA
20180713,NA,NA,NA,NA,NA,NA,NA
20180716,NA,NA,NA,NA,NA,NA,NA
20180717,NA,NA,NA,NA,NA,NA,NA
20180718,NA,NA,NA,NA,NA,NA,NA
20180719,NA,NA,NA,NA,NA,NA,NA
20180720,NA,NA,NA,NA,NA,NA,NA
20180723,NA,NA,NA,NA,NA,NA,NA
20180724,NA,NA,NA,NA,NA,NA,NA
20180725,NA,NA,NA,NA,NA,NA,NA
20180726,NA,NA,NA,NA,NA,NA,NA
20180727,NA,NA,NA,NA,NA,NA,NA
20180730,NA,NA,NA,NA,NA,NA,NA
20180731,NA,NA,NA,NA,NA,NA,NA
20180801,NA,NA,NA,NA,NA,NA,NA
20180802,NA,NA,NA,NA,NA,NA,NA
20180803,NA,NA,NA,NA,NA,NA,NA
20180805,NA,NA,NA,NA,NA,NA,NA
20180806,NA,NA,NA,NA,NA,NA,NA
20180808,NA,NA,NA,NA,NA,NA,NA
20180810,NA,NA,NA,NA,NA,NA,NA
20180811,NA,NA,NA,NA,NA,NA,NA
20180813,NA,NA,NA,NA,NA,NA,NA
20180814,NA,NA,NA,NA,NA,NA,NA
20180816,NA,NA,NA,NA,NA,NA,NA
20180817,NA,NA,NA,NA,NA,NA,NA
20180820,NA,NA,NA,NA,NA,NA,NA
20180821,NA,NA,NA,NA,NA,NA,NA
20180822,NA,NA,NA,NA,NA,NA,NA
20180823,NA,NA,NA,NA,NA,NA,NA
20180824,NA,NA,NA,NA,NA,NA,NA
20180827,NA,NA,NA,NA,NA,NA,NA
20180828,NA,NA,NA,NA,NA,NA,NA
20180829,NA,NA,NA,NA,NA,NA,NA
20180830,NA,NA,NA,NA,NA,NA,NA
20180831,NA,NA,NA,NA,NA,NA,NA
20180901,NA,NA,NA,NA,NA,NA,NA
20180902,NA,NA,NA,NA,NA,NA,NA
20180903,NA,NA,NA,NA,NA,NA,NA
20180905,NA,NA,NA,NA,NA,NA,NA
20180907,NA,NA,NA,NA,NA,NA,NA
20180908,NA,NA,NA,NA,NA,NA,NA
20180910,NA,NA,NA,NA,NA,NA,NA
20180911,NA,NA,NA,NA,NA,NA,NA
20180913,NA,NA,NA,NA,NA,NA,NA
20180914,NA,NA,NA,NA,NA,NA,NA
20180917,NA,NA,NA,NA,NA,NA,NA
20180918,NA,NA,NA,NA,NA,NA,NA
20180919,NA,NA,NA,NA,NA,NA,NA
20180920,NA,NA,NA,NA,NA,NA,NA
20180921,NA,NA,NA,NA,NA,NA,NA
20180924,NA,NA,NA,NA,NA,NA,NA
20180925,NA,NA,NA,NA,NA,NA,NA
20180926,NA,NA,NA,NA,NA,NA,NA
20180927,NA,NA,NA,NA,NA,NA,NA
20180928,NA,NA,NA,NA,NA,NA,NA
20181001,NA,NA,NA,NA,NA,NA,NA
20181004,NA,NA,NA,NA,NA,NA,NA
20181007,NA,NA,NA,NA,NA,NA,NA
20181008,NA,NA,NA,NA,NA,NA,NA
20181009,NA,NA,NA,NA,NA,NA,NA
20181010,NA,NA,NA,NA,NA,NA,NA
20181012,NA,NA,NA,NA,NA,NA,NA
20181015,NA,NA,NA,NA,NA,NA,NA
20181016,NA,NA,NA,NA,NA,NA,NA
20181017,NA,NA,NA,NA,NA,NA,NA
20181018,NA,NA,NA,NA,NA,NA,NA
20181019,NA,NA,NA,NA,NA,NA,NA
20181022,NA,NA,NA,NA,NA,NA,NA
20181023,NA,NA,NA,NA,NA,NA,NA
20181024,NA,NA,NA,NA,NA,NA,NA
20181025,NA,NA,NA,NA,NA,NA,NA
20181029,NA,NA,NA,NA,NA,NA,NA
20181030,NA,NA,NA,NA,NA,NA,NA
20181031,NA,NA,NA,NA,NA,NA,NA
20181101,NA,NA,NA,NA,NA,NA,NA
20181104,NA,NA,NA,NA,NA,NA,NA
20181105,NA,NA,NA,NA,NA,NA,NA
20181106,NA,NA,NA,NA,NA,NA,NA
20181107,NA,NA,NA,NA,NA,NA,NA
20181109,NA,NA,NA,NA,NA,NA,NA
20181110,NA,NA,NA,NA,NA,NA,NA
20181112,NA,NA,NA,NA,NA,NA,NA
20181113,NA,NA,NA,NA,NA,NA,NA
20181114,NA,NA,NA,NA,NA,NA,NA
20181115,NA,NA,NA,NA,NA,NA,NA
20181116,NA,NA,NA,NA,NA,NA,NA
20181119,NA,NA,NA,NA,NA,NA,NA
20181120,NA,NA,NA,NA,NA,NA,NA
20181121,NA,NA,NA,NA,NA,NA,NA
20181123,NA,NA,NA,NA,NA,NA,NA
20181126,NA,NA,NA,NA,NA,NA,NA
20181127,NA,NA,NA,NA,NA,NA,NA
20181128,NA,NA,NA,NA,NA,NA,NA
20181129,NA,NA,NA,NA,NA,NA,NA
20181201,NA,NA,NA,NA,NA,NA,NA
20181202,NA,NA,NA,NA,NA,NA,NA
20181203,NA,NA,NA,NA,NA,NA,NA
20181204,NA,NA,NA,NA,NA,NA,NA
20181206,NA,NA,NA,NA,NA,NA,NA
20181207,NA,NA,NA,NA,NA,NA,NA
20181209,NA,NA,NA,NA,NA,NA,NA
20181210,NA,NA,NA,NA,NA,NA,NA
20181212,NA,NA,NA,NA,NA,NA,NA
20181213,NA,NA,NA,NA,NA,NA,NA
20181214,NA,NA,NA,NA,NA,NA,NA
20181217,NA,NA,NA,NA,NA,NA,NA
20181218,NA,NA,NA,NA,NA,NA,NA
20181219,NA,NA,NA,NA,NA,NA,NA
20181220,NA,NA,NA,NA,NA,NA,NA
20181221,NA,NA,NA,NA,NA,NA,NA
20181227,NA,NA,NA,NA,NA,NA,NA
20181228,NA,NA,NA,NA,NA,NA,NA
20190102,NA,NA,NA,NA,NA,NA,NA
20190103,NA,NA,NA,NA,NA,NA,NA
20190104,NA,NA,NA,NA,NA,NA,NA
20190107,NA,NA,NA,NA,NA,NA,NA
20190108,NA,NA,NA,NA,NA,NA,NA
20190110,NA,NA,NA,NA,NA,NA,NA
20190114,NA,NA,NA,NA,NA,NA,NA
20190115,NA,NA,NA,NA,NA,NA,NA
20190116,NA,NA,NA,NA,NA,NA,NA
20190117,NA,NA,NA,NA,NA,NA,NA
20190118,NA,NA,NA,NA,NA,NA,NA
20190122,NA,NA,NA,NA,NA,NA,NA
20190123,NA,NA,NA,NA,NA,NA,NA
20190125,NA,NA,NA,NA,NA,NA,NA
20190128,NA,NA,NA,NA,NA,NA,NA
20190129,NA,NA,NA,NA,NA,NA,NA
20190130,NA,NA,NA,NA,NA,NA,NA
20190131,NA,NA,NA,NA,NA,NA,NA
20190204,NA,NA,NA,NA,NA,NA,NA
20190205,NA,NA,NA,NA,NA,NA,NA
20190207,NA,NA,NA,NA,NA,NA,NA
20190208,NA,NA,NA,NA,NA,NA,NA
20190210,NA,NA,NA,NA,NA,NA,NA
20190212,NA,NA,NA,NA,NA,NA,NA
20190213,NA,NA,NA,NA,NA,NA,NA
20190214,NA,NA,NA,NA,NA,NA,NA
20190215,NA,NA,NA,NA,NA,NA,NA
20190219,NA,NA,NA,NA,NA,NA,NA
20190220,NA,NA,NA,NA,NA,NA,NA
20190221,NA,NA,NA,NA,NA,NA,NA
20190222,NA,NA,NA,NA,NA,NA,NA
20190225,NA,NA,NA,NA,NA,NA,NA
20190226,NA,NA,NA,NA,NA,NA,NA
20190227,NA,NA,NA,NA,NA,NA,NA
20190228,NA,NA,NA,NA,NA,NA,NA
20190301,NA,NA,NA,NA,NA,NA,NA
20190304,NA,NA,NA,NA,NA,NA,NA
20190306,NA,NA,NA,NA,NA,NA,NA
20190307,NA,NA,NA,NA,NA,NA,NA
20190309,NA,NA,NA,NA,NA,NA,NA
20190310,NA,NA,NA,NA,NA,NA,NA
20190312,NA,NA,NA,NA,NA,NA,NA
20190313,NA,NA,NA,NA,NA,NA,NA
20190314,NA,NA,NA,NA,NA,NA,NA
20190315,NA,NA,NA,NA,NA,NA,NA
20190318,NA,NA,NA,NA,NA,NA,NA
20190319,NA,NA,NA,NA,NA,NA,NA
20190320,NA,NA,NA,NA,NA,NA,NA
20190321,NA,NA,NA,NA,NA,NA,NA
20190322,NA,NA,NA,NA,NA,NA,NA
20190326,NA,NA,NA,NA,NA,NA,NA
20190327,NA,NA,NA,NA,NA,NA,NA
20190328,NA,NA,NA,NA,NA,NA,NA
20190329,NA,NA,NA,NA,NA,NA,NA
20190401,NA,NA,NA,NA,NA,NA,NA
20190402,NA,NA,NA,NA,NA,NA,NA
20190403,NA,NA,NA,NA,NA,NA,NA
20190404,NA,NA,NA,NA,NA,NA,NA
20190406,NA,NA,NA,NA,NA,NA,NA
20190409,NA,NA,NA,NA,NA,NA,NA
20190410,NA,NA,NA,NA,NA,NA,NA
20190411,NA,NA,NA,NA,NA,NA,NA
20190412,NA,NA,NA,NA,NA,NA,NA
20190415,NA,NA,NA,NA,NA,NA,NA
20190416,NA,NA,NA,NA,NA,NA,NA
20190417,NA,NA,NA,NA,NA,NA,NA
20190418,NA,NA,NA,NA,NA,NA,NA
20190423,NA,NA,NA,NA,NA,NA,NA
20190424,NA,NA,NA,NA,NA,NA,NA
20190425,NA,NA,NA,NA,NA,NA,NA
20190430,NA,NA,NA,NA,NA,NA,NA
20190502,NA,NA,NA,NA,NA,NA,NA
20190503,NA,NA,NA,NA,NA,NA,NA
20190504,NA,NA,NA,NA,NA,NA,NA
20190506,NA,NA,NA,NA,NA,NA,NA
20190507,NA,NA,NA,NA,NA,NA,NA
20190508,NA,NA,NA,NA,NA,NA,NA
20190509,NA,NA,NA,NA,NA,NA,NA
20190511,NA,NA,NA,NA,NA,NA,NA
20190512,NA,NA,NA,NA,NA,NA,NA
20190513,NA,NA,NA,NA,NA,NA,NA
20190514,NA,NA,NA,NA,NA,NA,NA
20190515,NA,NA,NA,NA,NA,NA,NA
20190516,NA,NA,NA,NA,NA,NA,NA
20190517,NA,NA,NA,NA,NA,NA,NA
20190520,NA,NA,NA,NA,NA,NA,NA
20190521,NA,NA,NA,NA,NA,NA,NA
20190522,NA,NA,NA,NA,NA,NA,NA
20190523,NA,NA,NA,NA,NA,NA,NA
20190524,NA,NA,NA,NA,NA,NA,NA
20190528,NA,NA,NA,NA,NA,NA,NA
20190529,NA,NA,NA,NA,NA,NA,NA
20190530,NA,NA,NA,NA,NA,NA,NA
20190531,NA,NA,NA,NA,NA,NA,NA
20190602,NA,NA,NA,NA,NA,NA,NA
20190603,NA,NA,NA,NA,NA,NA,NA
20190605,NA,NA,NA,NA,NA,NA,NA
20190606,NA,NA,NA,NA,NA,NA,NA
20190608,NA,NA,NA,NA,NA,NA,NA
20190609,NA,NA,NA,NA,NA,NA,NA
20190611,NA,NA,NA,NA,NA,NA,NA
20190612,NA,NA,NA,NA,NA,NA,NA
20190613,NA,NA,NA,NA,NA,NA,NA
20190614,NA,NA,NA,NA,NA,NA,NA
20190618,NA,NA,NA,NA,NA,NA,NA
20190619,NA,NA,NA,NA,NA,NA,NA
20190621,NA,NA,NA,NA,NA,NA,NA
20190624,NA,NA,NA,NA,NA,NA,NA
20190625,NA,NA,NA,NA,NA,NA,NA
20190626,NA,NA,NA,NA,NA,NA,NA
20190627,NA,NA,NA,NA,NA,NA,NA
20190628,NA,NA,NA,NA,NA,NA,NA
20190701,NA,NA,NA,NA,NA,NA,NA
20190702,NA,NA,NA,NA,NA,NA,NA
20190703,NA,NA,NA,NA,NA,NA,NA
20190705,NA,NA,NA,NA,NA,NA,NA
20190706,NA,NA,NA,NA,NA,NA,NA
20190708,NA,NA,NA,NA,NA,NA,NA
20190710,NA,NA,NA,NA,NA,NA,NA
20190711,NA,NA,NA,NA,NA,NA,NA
20190715,NA,NA,NA,NA,NA,NA,NA
20190716,NA,NA,NA,NA,NA,NA,NA
20190717,NA,NA,NA,NA,NA,NA,NA
20190718,NA,NA,NA,NA,NA,NA,NA
20190719,NA,NA,NA,NA,NA,NA,NA
20190722,NA,NA,NA,NA,NA,NA,NA
20190723,NA,NA,NA,NA,NA,NA,NA
20190724,NA,NA,NA,NA,NA,NA,NA
20190725,NA,NA,NA,NA,NA,NA,NA
20190726,NA,NA,NA,NA,NA,NA,NA
20190729,NA,NA,NA,NA,NA,NA,NA
20190730,NA,NA,NA,NA,NA,NA,NA
20190731,NA,NA,NA,NA,NA,NA,NA
20190801,NA,NA,NA,NA,NA,NA,NA
20190802,NA,NA,NA,NA,NA,NA,NA
20190803,NA,NA,NA,NA,NA,NA,NA
20190804,NA,NA,NA,NA,NA,NA,NA
20190805,NA,NA,NA,NA,NA,NA,NA
20190807,NA,NA,NA,NA,NA,NA,NA
20190808,NA,NA,NA,NA,NA,NA,NA
20190810,NA,NA,NA,NA,NA,NA,NA
20190811,NA,NA,NA,NA,NA,NA,NA
20190813,NA,NA,NA,NA,NA,NA,NA
20190814,NA,NA,NA,NA,NA,NA,NA
20190816,NA,NA,NA,NA,NA,NA,NA
20190819,NA,NA,NA,NA,NA,NA,NA
20190820,NA,NA,NA,NA,NA,NA,NA
20190821,NA,NA,NA,NA,NA,NA,NA
20190822,NA,NA,NA,NA,NA,NA,NA
20190823,NA,NA,NA,NA,NA,NA,NA
20190826,NA,NA,NA,NA,NA,NA,NA
20190827,NA,NA,NA,NA,NA,NA,NA
20190828,NA,NA,NA,NA,NA,NA,NA
20190829,NA,NA,NA,NA,NA,NA,NA
20190830,NA,NA,NA,NA,NA,NA,NA
20190901,NA,NA,NA,NA,NA,NA,NA
20190904,NA,NA,NA,NA,NA,NA,NA
20190905,NA,NA,NA,NA,NA,NA,NA
20190907,NA,NA,NA,NA,NA,NA,NA
20190908,NA,NA,NA,NA,NA,NA,NA
20190909,NA,NA,NA,NA,NA,NA,NA
20190910,NA,NA,NA,NA,NA,NA,NA
20190912,NA,NA,NA,NA,NA,NA,NA
20190913,NA,NA,NA,NA,NA,NA,NA
20190916,NA,NA,NA,NA,NA,NA,NA
20190917,NA,NA,NA,NA,NA,NA,NA
20190918,NA,NA,NA,NA,NA,NA,NA
20190919,NA,NA,NA,NA,NA,NA,NA
20190920,NA,NA,NA,NA,NA,NA,NA
20190923,NA,NA,NA,NA,NA,NA,NA
20190924,NA,NA,NA,NA,NA,NA,NA
20190925,NA,NA,NA,NA,NA,NA,NA
20190926,NA,NA,NA,NA,NA,NA,NA
20190927,NA,NA,NA,NA,NA,NA,NA
20190930,NA,NA,NA,NA,NA,NA,NA
20191001,NA,NA,NA,NA,NA,NA,NA
20191004,NA,NA,NA,NA,NA,NA,NA
20191005,NA,NA,NA,NA,NA,NA,NA
20191007,NA,NA,NA,NA,NA,NA,NA
20191009,NA,NA,NA,NA,NA,NA,NA
20191010,NA,NA,NA,NA,NA,NA,NA
20191012,NA,NA,NA,NA,NA,NA,NA
20191014,NA,NA,NA,NA,NA,NA,NA
20191015,NA,NA,NA,NA,NA,NA,NA
20191016,NA,NA,NA,NA,NA,NA,NA
20191017,NA,NA,NA,NA,NA,NA,NA
20191018,NA,NA,NA,NA,NA,NA,NA
20191021,NA,NA,NA,NA,NA,NA,NA
20191022,NA,NA,NA,NA,NA,NA,NA
20191023,NA,NA,NA,NA,NA,NA,NA
20191024,NA,NA,NA,NA,NA,NA,NA
20191025,NA,NA,NA,NA,NA,NA,NA
20191029,NA,NA,NA,NA,NA,NA,NA
20191030,NA,NA,NA,NA,NA,NA,NA
20191031,NA,NA,NA,NA,NA,NA,NA
20191101,NA,NA,NA,NA,NA,NA,NA
20191102,NA,NA,NA,NA,NA,NA,NA
20191104,NA,NA,NA,NA,NA,NA,NA
20191106,NA,NA,NA,NA,NA,NA,NA
20191107,NA,NA,NA,NA,NA,NA,NA
20191109,NA,NA,NA,NA,NA,NA,NA
20191110,NA,NA,NA,NA,NA,NA,NA
20191112,NA,NA,NA,NA,NA,NA,NA
20191113,NA,NA,NA,NA,NA,NA,NA
20191114,NA,NA,NA,NA,NA,NA,NA
20191115,NA,NA,NA,NA,NA,NA,NA
20191118,NA,NA,NA,NA,NA,NA,NA
20191119,NA,NA,NA,NA,NA,NA,NA
20191120,NA,NA,NA,NA,NA,NA,NA
20191121,NA,NA,NA,NA,NA,NA,NA
20191122,NA,NA,NA,NA,NA,NA,NA
20191125,NA,NA,NA,NA,NA,NA,NA
20191126,NA,NA,NA,NA,NA,NA,NA
20191127,NA,NA,NA,NA,NA,NA,NA
20191129,NA,NA,NA,NA,NA,NA,NA
20191202,NA,NA,NA,NA,NA,NA,NA
20191203,NA,NA,NA,NA,NA,NA,NA
20191204,NA,NA,NA,NA,NA,NA,NA
20191206,NA,NA,NA,NA,NA,NA,NA
20191207,NA,NA,NA,NA,NA,NA,NA
20191208,NA,NA,NA,NA,NA,NA,NA
20191209,NA,NA,NA,NA,NA,NA,NA
20191211,NA,NA,NA,NA,NA,NA,NA
20191212,NA,NA,NA,NA,NA,NA,NA
20191213,NA,NA,NA,NA,NA,NA,NA
20191216,NA,NA,NA,NA,NA,NA,NA
20191217,NA,NA,NA,NA,NA,NA,NA
20191218,NA,NA,NA,NA,NA,NA,NA
20191219,NA,NA,NA,NA,NA,NA,NA
20191220,NA,NA,NA,NA,NA,NA,NA
20191223,NA,NA,NA,NA,NA,NA,NA
20191227,NA,NA,NA,NA,NA,NA,NA
20191230,NA,NA,NA,NA,NA,NA,NA
20200104,NA,NA,NA,NA,NA,NA,NA
20200107,NA,NA,NA,NA,NA,NA,NA
20200109,NA,NA,NA,NA,NA,NA,NA
20200110,NA,NA,NA,NA,NA,NA,NA
20200113,NA,NA,NA,NA,NA,NA,NA
20200114,NA,NA,NA,NA,NA,NA,NA
20200115,NA,NA,NA,NA,NA,NA,NA
20200116,NA,NA,NA,NA,NA,NA,NA
20200117,NA,NA,NA,NA,NA,NA,NA
20200121,NA,NA,NA,NA,NA,NA,NA
20200122,NA,NA,NA,NA,NA,NA,NA
20200123,NA,NA,NA,NA,NA,NA,NA
20200127,NA,NA,NA,NA,NA,NA,NA
20200128,NA,NA,NA,NA,NA,NA,NA
20200129,NA,NA,NA,NA,NA,NA,NA
20200130,NA,NA,NA,NA,NA,NA,NA
20200131,NA,NA,NA,NA,NA,NA,NA
20200204,NA,NA,NA,NA,NA,NA,NA
20200206,NA,NA,NA,NA,NA,NA,NA
20200207,NA,NA,NA,NA,NA,NA,NA
20200209,NA,NA,NA,NA,NA,NA,NA
20200210,NA,NA,NA,NA,NA,NA,NA
20200211,NA,NA,NA,NA,NA,NA,NA
20200212,NA,NA,NA,NA,NA,NA,NA
20200213,NA,NA,NA,NA,NA,NA,NA
20200214,NA,NA,NA,NA,NA,NA,NA
20200218,NA,NA,NA,NA,NA,NA,NA
20200219,NA,NA,NA,NA,NA,NA,NA
20200220,NA,NA,NA,NA,NA,NA,NA
20200221,NA,NA,NA,NA,NA,NA,NA
20200224,NA,NA,NA,NA,NA,NA,NA
20200225,NA,NA,NA,NA,NA,NA,NA
20200226,NA,NA,NA,NA,NA,NA,NA
20200227,NA,NA,NA,NA,NA,NA,NA
20200228,NA,NA,NA,NA,NA,NA,NA
20200301,NA,NA,NA,NA,NA,NA,NA
20200302,NA,NA,NA,NA,NA,NA,NA
20200303,NA,NA,NA,NA,NA,NA,NA
20200304,NA,NA,NA,NA,NA,NA,NA
20200306,NA,NA,NA,NA,NA,NA,NA
20200308,NA,NA,NA,NA,NA,NA,NA
20200309,NA,NA,NA,NA,NA,NA,NA
20200311,NA,NA,NA,NA,NA,NA,NA
20200312,NA,NA,NA,NA,NA,NA,NA
20200313,NA,NA,NA,NA,NA,NA,NA
20200316,NA,NA,NA,NA,NA,NA,NA
20200317,NA,NA,NA,NA,NA,NA,NA
20200318,NA,NA,NA,NA,NA,NA,NA
20200319,NA,NA,NA,NA,NA,NA,NA
20200320,NA,NA,NA,NA,NA,NA,NA
20200323,NA,NA,NA,NA,NA,NA,NA
20200324,0.025229543729198,0.0735371707820877,0.0249997356968552,0.0189139872555977,0.017408303000841,0.0177982104534015,0.03045589441832
20200326,0.0236008743549287,0.0198246740295935,0.0334289736576406,0.0125,0.0188842828010654,0.0125645278535671,0.031401111160075
20200327,0.0277438596137946,0.0362168843703045,0.0834933450089789,0.0125,0.0189606113284228,0.0190615564635515,0.120878873249816
20200330,0.0289450329106838,0.0805123957079489,0.0313291438498327,0.0132987953555644,0.0175560297176822,0.023342518631056,0.0445575603157224
20200331,0.0249809509551943,0.0763808141913042,0.0463150686711807,0.0178374534944817,0.0135072246828199,0.0356316506625734,0.049746886907846
20200402,0.0255092626050243,0.0775709533041122,0.0198668705450784,0.0134236556650388,0.0131630804278202,0.0256317865314985,0.0520229540321729
20200403,0.0210180772153706,0.0911073980735917,0.0195014018314951,0.0186826848181572,0.0174437718299163,0.0227370237649388,0.0514709220815663
20200405,0.0212799338468474,0.0910461088822226,0.0192979155125193,0.0220984143147634,0.0132535433409743,0.0227043509537562,0.0521573089693267
20200406,0.0241378796450475,0.0916629925701924,0.0185909276501569,0.0215349756187973,0.0126207690554612,0.0354209254460789,0.0321308626547948
20200408,0.0249497264407278,0.104553831509776,0.0463843727194907,0.023718710185733,0.0125,0.0351795442814818,0.0627788301519729
20200409,0.0249408733997294,0.107343500215887,0.0359572365348992,0.0560673479383683,0.0124032178255294,0.0234742636586686,0.0561724752176704
20200411,0.0294984580373633,0.106902901528247,0.023430718539129,0.0686770222596249,0.011242612979335,0.0197026378880822,0.0531439499681848
20200412,0.0305101959999126,0.106379835474328,0.0298026702757082,0.0386927958124343,0.0303753148895346,0.0190773606786096,0.051362256387363
20200414,0.0296055793010653,0.0931307703123785,0.0221383446681215,0.0385113887007093,0.0209692379793862,0.0191256245148129,0.0556220944265204
20200415,0.0415315671432775,0.112740272692377,0.0420463679462878,0.0448700228206286,0.0200512422236578,0.0200619058248206,0.0455188879861985
20200416,0.0291111303800591,0.0712153829250841,0.019378378684547,0.0197736048184009,0.0268518997062099,0.0207685467111615,0.049234146084339
20200421,0.0525664603191328,0.0744890672572963,0.0191789344849822,0.0204585959655566,0.0178608878754089,0.0152846413361134,0.0487237086897476
20200422,0.0244071003370607,0.110867040692282,0.0199810475347772,0.027648282791151,0.0173620410269592,0.015988128285381,0.0443457048976659
20200423,0.0384211197043826,0.0516580501227009,0.0199003871360267,0.02188,0.0169145146721442,0.0131390555940188,0.0437006736913098
20200424,0.0248579516395289,0.0524247541177456,0.01882,0.0383133218138596,0.0147044003131122,0.0118858116688439,0.0408629792416839
20200427,0.0250378295777686,0.0495267236395643,0.0337810251201368,0.0217709656420334,0.0256894907856909,0.0133123915826885,0.0414434867132776
20200428,0.0255820954452907,0.0648715424580259,0.0224451993792033,0.0224019751939057,0.0123111362405991,0.0153962989972943,0.0444069116483412
20200429,0.0263578938082384,0.0512465774863302,0.0225268123895529,0.0236614921575397,0.0122201099385346,0.0152289496879934,0.044026044153574
20200430,0.024983610134784,0.0500402227220911,0.0246682250409432,0.0248728490288095,0.0120456466538085,0.0153130170160973,0.0427655797286784
20200502,0.0238290428417607,0.0500698015572469,0.0157619397165276,0.020909452706622,0.0125474468600429,0.0152446965956991,0.0425965720177139
20200503,0.0235431690306372,0.0510835902072301,0.0149086697998596,0.0207491519076255,0.0125873709433885,0.01508103176147,0.0723690156635008
20200505,0.0281655733256485,0.0545861315039507,0.0261165108784267,0.0206204996307563,0.0124871692808523,0.0185710230570023,0.0445282597465246
20200506,0.0259199797778033,0.0523360850518057,0.0147043834418048,0.0179433484914387,0.0123665357146883,0.0190752046287859,0.0433757546568884
20200508,0.0270591445927928,0.0906302307290439,0.0147904623916217,0.0195508499315575,0.0123277207644925,0.0145466307857315,0.0195581067042774
20200510,0.0253880396294124,0.12015760303894,0.016017615864954,0.0178303784513618,0.0124350384346505,0.0115732711824027,0.0195193894825088
20200511,0.0269748758018357,0.122314108861729,0.0166827955418032,0.0206097264764175,0.0123677516868256,0.0149459653979304,0.0180766488840601
20200513,0.0239208628276518,0.12922987194549,0.0210558083545506,0.0256372211379156,0.0125,0.0126480369609412,0.0139970171285648
20200514,0.0329953842856149,0.0500855073657448,0.0185312139609451,0.0233423444328541,0.0125884607963253,0.0125,0.0179832239644665
20200515,0.0326426987577862,0.0666817058163653,0.0187135370144989,0.0247215204230272,0.0140338427540154,0.0125,0.015535964495681
20200518,0.0318096182670964,0.0624148312374241,0.0162459500672702,0.023935088339517,0.0147369218610539,0.0211499374597568,0.013709005085167
20200519,0.0305645436557895,0.110678791337989,0.0165361825359839,0.0250912076372771,0.015063574028752,0.0195615300092397,0.0127929705511392
20200520,0.03010529842543,0.106147058905036,0.0140643838122132,0.0377632039211628,0.0145335790229759,0.0157174792607192,0.0135346334263731
20200521,0.0306573901022384,0.0635342804763757,0.0140404192797046,0.0363744333411984,0.0148454545853903,0.0158523235117357,0.0148243267502119
20200522,0.0303025904272125,0.0677143363217106,0.017819712604624,0.036493211175925,0.0171205204763598,0.0199114491967357,0.0136494162786655
20200526,0.0315235865276624,0.0880587542038654,0.0409444157282384,0.0321497613500422,0.016059701927223,0.0194621473379447,0.0126328105921401
20200527,0.030403476030406,0.0650611263269846,0.0320690759864613,0.0319376060080908,0.0188284704233553,0.0187942681909298,0.0139457309688882
20200528,0.0312783722088861,0.0792706761269828,0.0309451984918798,0.0376720533577519,0.0190589668766174,0.0196661795217555,0.0137842568359714
20200529,0.0308106548884891,0.074900788913668,0.0322887397265042,0.0467978524423066,0.0207729663527359,0.019016482009614,0.0136804303818927
20200602,0.0301686150235876,0.0550637837317899,0.0334877810259158,0.0534939855971411,0.0322925242064485,0.0128945459437278,0.0141955767504023
20200603,0.0326852260247264,0.0549994152997583,0.0355522806833114,0.0501069165939391,0.0218296675596157,0.0184128758892577,0.0148086639162626
20200604,0.0318246927046202,0.078545583585189,0.0379102555214173,0.0460440871605074,0.0192041964862127,0.025,0.0138386002923757
20200605,0.032348804164321,0.0427120307204783,0.025,0.0430808635363024,0.0218156328375586,0.0186314705763416,0.0142560566099617
20200607,0.0377046843213766,0.0669173789258728,0.0478507361087529,0.0400433871750219,0.0200470316248338,0.025,0.0145581548860955
20200608,0.0342340172931452,0.0448827659055562,0.0194087773312106,0.0341636455802806,0.0193794148564955,0.025,0.014439275383828
20200610,0.0366475259447237,0.0382234025715589,0.0303684766400723,0.0399618805669482,0.019379241548848,0.025,0.0173970975122872
20200611,0.0361539778771161,0.0439291795189339,0.0412167107617039,0.0503182356961843,0.0226972028173262,0.0198773798479621,0.0282690531490513
20200615,0.0353800436993235,0.0614433392623334,0.0348598718737177,0.0309040768446153,0.025,0.0178052325581395,0.03101426627996
20200616,0.0349459944226558,0.0345336323000365,0.0294641647925633,0.0314613825540505,0.0315705888003264,0.0247634151402426,0.025
20200617,0.0384170000531602,0.0469948885276742,0.0240510737735402,0.0314029716856714,0.023399491264698,0.0239221197403226,0.019791945474095
20200618,0.0384640694258907,0.0642347095563786,0.0236783293435356,0.0312538632881602,0.0162452553995168,0.0221764596647283,0.0340141431593498
20200619,0.0379273658761979,0.0849881844198464,0.0276708452321463,0.0425768533039362,0.0215194431424749,0.0178052325581395,0.0292948468362814
20200622,0.0359908619265834,0.105523633782822,0.0267215838670656,0.0292685492892573,0.0151581067752157,0.0201879004607969,0.025798552300964
20200623,0.0360132930894045,0.104216961703653,0.0317858921551308,0.0295086401253526,0.015720935256481,0.0199436443935941,0.0249915883399719
20200624,0.0350566069617951,0.115270222786448,0.025,0.0302601254167691,0.0153218701821245,0.0207994074145031,0.0248190003403644
20200625,0.0363096177198789,0.0518841090759491,0.0340014476740211,0.0275792549105,0.025,0.0224916859580421,0.0238341760028013
20200626,0.0364800689105938,0.0508415544268924,0.0263551526339942,0.0306613090867899,0.0321451266462015,0.0217642607953928,0.0243227489539682
20200629,0.0357038790645049,0.0572706961914732,0.0310948334944842,0.0503792450164398,0.0325981525843315,0.0221311664419967,0.020770389908326
20200630,0.0312634412882871,0.058913955333968,0.031225117752205,0.0499502530858493,0.0327866539111124,0.025,0.0217806600810267
20200701,0.0352783333132847,0.0602350054705503,0.0327313597110282,0.0517517176790808,0.025,0.0179336542060252,0.0225557003015553
20200702,0.035355876796101,0.0596404352138186,0.032841166430507,0.0599900762541401,0.025,0.0181258073564306,0.0231306329524437
20200704,0.0350539973516806,0.0587330039099543,0.0311426590500994,0.0534243929856628,0.025,0.0182426728235665,0.0247322013157907
20200705,0.0315454003829739,0.0613061696171834,0.0348881988956144,0.0567994720335509,0.025,0.0178620308095404,0.0230584950678565
20200707,0.0370382191251726,0.0757627623812882,0.03137113445598,0.0577632768976889,0.025,0.0201109599168749,0.0136052564632518
20200708,0.0358429667464754,0.0783164036773057,0.0293772276458192,0.0571676860083523,0.0219612357438714,0.0292517332685124,0.0132588819667474
20200710,0.0361707144824017,0.0943331860940814,0.0310201212257959,0.0566156452855379,0.0218594282756069,0.0296647227770282,0.0442926945825547
20200712,0.0367660096681726,0.0875366335340564,0.0598792054426302,0.0584483181706178,0.0156466889719018,0.0339779025305302,0.0278683279598589
20200713,0.0411040445094296,0.0844255478326573,0.0518049081050084,0.058264772399617,0.0212181153051304,0.0325679225386544,0.043528947584294
20200714,0.0358194783529564,0.0795797432880557,0.0387233477043985,0.0549178874460865,0.0207885198333447,0.0237325354274442,0.0201653302623917
20200715,0.0453477275567069,0.0751459008401803,0.0430399596861922,0.0561318782057507,0.0203979661632021,0.025,0.025
20200716,0.0441658283256519,0.0732024855380525,0.025,0.060082669372061,0.0200117764338318,0.025,0.023851736026534
20200717,0.0489848665902316,0.0984381024415988,0.0205758471585607,0.117141337160495,0.029505274641297,0.025,0.0187704916591044
20200720,0.0357043329116042,0.115118691247161,0.0209277684516691,0.0652685331267847,0.028916549238269,0.025,0.0237306544550172
20200721,0.0345247867599728,0.135988022710667,0.025,0.0550521001917922,0.0282121130285032,0.0308063610632589,0.0212411993127288
20200722,0.0542769886422404,0.115806931218782,0.025,0.0542043307548777,0.0296309467221773,0.0172141476250204,0.0211129424933277
20200723,0.0482974077808105,0.100571179088254,0.025,0.0540392469054424,0.0294582544894479,0.0159074785670574,0.0204339637398652
20200724,0.0602020283639525,0.0972581412573296,0.0203364090427381,0.0532355458196036,0.0293671842874489,0.0158632500203674,0.0155330449704094
20200727,0.0611226117170971,0.110862026010802,0.0257539223163703,0.0496580492965204,0.0292365253091509,0.0226278899014263,0.0169753119109775
20200728,0.0607385457230603,0.111063340508702,0.0343385644280288,0.051528218196341,0.0302063759507584,0.0240345597064264,0.0176392123749826
20200729,0.0611846783677802,0.109521770371471,0.0347000892378423,0.0508648612434096,0.0307102185286493,0.018734292924764,0.0186620657523559
20200730,0.0574868675233785,0.0973173031338677,0.0349707993892209,0.096362261921476,0.025,0.025,0.0163216222048179
20200731,0.0606640902715018,0.091080062582062,0.025,0.0171043113049277,0.0189354295261196,0.0189391521613722,0.0105691075875255
20200801,0.0487879364968491,0.0945461802962645,0.0496700548138688,0.0123887768872976,0.0239582698383707,0.0127821685346704,0.0118554164406633
20200804,0.077186038560997,0.03328645205247,0.0162599170629267,0.0104037728239491,0.0733655917183136,0.0139270734572941,0.0123922648733046
20200805,0.0552025015667328,0.0443515937043348,0.0240844844151304,0.0202283236756582,0.0726572156901484,0.0210633906083281,0.0103173021055213
20200807,0.0574676839864422,0.0653543575826028,0.0153071360834672,0.0185085194677343,0.0331729577831992,0.025,0.0118966610650209
20200809,0.0322629742496435,0.0842959289361009,0.0370996345256333,0.0186196544669188,0.0483466641425613,0.0192292647842943,0.0157880401069632
20200810,0.0435952081831443,0.0388251581389626,0.0391515780946446,0.0272678589942171,0.0291913093492726,0.0103322461572017,0.0137830813345274
20200812,0.0455376552564008,0.0391949509757417,0.0411533246233001,0.0269188830774713,0.0282188738963954,0.0145897582592957,0.0154948669807855
20200813,0.0457074593780747,0.0489381580624207,0.0413321601043425,0.0157006542254945,0.0205098976491718,0.0145103403106455,0.0192130122701546
20200814,0.0473252209501318,0.0485781465250922,0.0232235650033684,0.0171448526871129,0.0302057477767298,0.0144600642314117,0.012964776425835
20200817,0.053799449706924,0.0918867982895811,0.0237551746853642,0.0171608849219207,0.0277946250016891,0.0191749661537767,0.0133006116850644
20200818,0.0461735888379693,0.0639953276735029,0.0264231336820833,0.019161448027043,0.0182511345518388,0.0169470488673746,0.0125
20200819,0.0448975052149548,0.0716737096922138,0.0277260020582635,0.0191733750689267,0.021077083489984,0.0141434466510708,0.0204574676500784
20200820,0.0438436795134206,0.0741468901262375,0.0370751913801079,0.0154328345639857,0.0229965363438087,0.0147149677392498,0.0133102534765318
20200821,0.048963354886864,0.0812982421836111,0.0445060454407492,0.0132940203575115,0.01742872934934,0.0111933959369157,0.0131102245053796
20200824,0.0505195740340315,0.0773334242921935,0.0398541624402727,0.0125,0.0172495408752516,0.0153863022059896,0.0132157176156762
20200825,0.0328248494906741,0.0657146258213688,0.0449264715118564,0.0156166357762457,0.0208293971022948,0.0149062355451566,0.0124062840469847
20200826,0.0328014130929887,0.0374221247986776,0.0428528457497516,0.0162899509762054,0.0261844678320058,0.0187565836749195,0.0125
20200827,0.032999731077966,0.0365668350324545,0.0423851540301934,0.0179891663230252,0.0249468558516522,0.0186901582763639,0.0124862062772032
20200828,0.0483078118392439,0.045374979797576,0.0378323106208949,0.0197203782654487,0.0208052404183836,0.0106047458509035,0.0334186372937241
20200831,0.0349524452484535,0.0455539539584363,0.0289785225056006,0.0131633428923858,0.0164308299165657,0.0167979076982949,0.0199111487678948
20200901,0.0450721684427557,0.0447911548851245,0.0292531753577592,0.0112245687524178,0.0177433992854037,0.0152369845661642,0.0240155581328353
20200903,0.0276973932352283,0.0561467146114428,0.0309474787584626,0.0136929988903285,0.0127686144297674,0.0175025671646563,0.0252103968230698
20200904,0.0305157672804917,0.121248064988546,0.0206206559479151,0.0174704354982883,0.0477793352272766,0.0191451159755354,0.0640081172854343
20200906,0.0189008026690369,0.119124622037526,0.0183363586064357,0.0210157083374255,0.0478953835685978,0.0247178525163956,0.0582986391827243
20200907,0.0304757633694729,0.116170132189886,0.0184168469508058,0.016251489310832,0.0306689056562368,0.0244484547375858,0.0202345008577791
20200909,0.0195569842679782,0.117763236826521,0.021015331565669,0.0166763336367379,0.0205460843424,0.0181356786594149,0.0200875160998212
20200910,0.0265561968882977,0.119421342223433,0.0178460536341887,0.0165161400727265,0.0273020270450977,0.0189903052485618,0.0228588999400079
20200911,0.024548261682012,0.112528055873294,0.019653697269509,0.021645556000031,0.0270683665057505,0.0190387908739812,0.0271368874532353
20200912,0.0278095805270284,0.131401841015474,0.00844861536370325,0.013637433693072,0.0314987502972143,0.0207252360645408,0.0138832963449686
20200914,0.0261392864771855,0.130420151228122,0.00902793821452345,0.0118341482394179,0.0617088902148681,0.0188996815980769,0.0269710756227625
20200915,0.0254684564258392,0.114443785580787,0.0125,0.0136046765001406,0.018633532086808,0.0266390820842895,0.0316242995610634
20200916,0.0284943366719096,0.129019691083416,0.0168908837515453,0.014191003524414,0.0178383244106776,0.0235153146819137,0.0098953187962631
20200917,0.02520645223774,0.12861526335326,0.0171570067490344,0.0123998510440282,0.0157332799863132,0.0247660886944077,0.0124118172835216
20200918,0.0210639844424294,0.126348256090618,0.0159918412323324,0.0105138909850735,0.0155780508194897,0.0244761160807139,0.0123633954237153
20200921,0.020863140401418,0.124184619851639,0.017057548672831,0.0178415714857482,0.0139263127882572,0.024239502655012,0.0122933705991588
20200922,0.0295067589890962,0.108821274434121,0.0160154100293074,0.0125,0.0191320109011613,0.0187134833688768,0.0124243423035786
20200923,0.01858424616133,0.107463888588841,0.0266662831707691,0.0125,0.0142135502402886,0.0155863283890346,0.0175776153212231
20200924,0.0282214279049152,0.112032772722408,0.0265721277632259,0.0106050425973263,0.0132643057860084,0.015444638326198,0.0141691953884485
20200925,0.02892928570979,0.10083150246363,0.0262788175870246,0.00973888981239918,0.0125,0.0148725915761176,0.0137258268007103
20200928,0.0310564295433035,0.0489297468354837,0.0348427539980507,0.00986477510417438,0.0105234691742271,0.0128264529229601,0.0185075443939099
20200929,0.022552222764165,0.0439476267251193,0.0332367469552218,0.00983092588455725,0.0105902844647256,0.0127105931372096,0.0176736808625105
20200930,0.0228185888841846,0.0448411747562142,0.0287410780163327,0.00976534322669373,0.0105675782627199,0.0128636742514065,0.0198405856312535
20201001,0.0217124879918117,0.0302510249902455,0.0226787481147802,0.00984763740440691,0.0254910714375857,0.0125540084351908,0.0192110796852349
20201002,0.0181046423846777,0.0452486156858059,0.0425672028872519,0.00982447437288135,0.0334467155505434,0.0152429745143123,0.0181677614363508
20201003,0.0306084593306583,0.061431807847289,0.0427754239626264,0.00978284714198671,0.0346480845546993,0.0162872050270096,0.0169082002794987
20201006,0.0234660894330482,0.0760534320628296,0.0411035967781982,0.00981424695644297,0.0696814060125115,0.0160261689679453,0.0202444916859327
20201007,0.0232750049075617,0.0849263011118754,0.0661337553958564,0.00980684827043684,0.0379320570645097,0.015914064951937,0.0203754286133761
20201008,0.0189969809841259,0.0550160801218879,0.0116222354231983,0.00955321004620497,0.0610010827889035,0.0210171434502495,0.0194110438713158
20201009,NA,NA,NA,NA,NA,NA,NA
20201011,NA,NA,NA,NA,NA,NA,NA
20201012,NA,NA,NA,NA,NA,NA,NA
20201013,NA,NA,NA,NA,NA,NA,NA
20201014,NA,NA,NA,NA,NA,NA,NA
20201015,NA,NA,NA,NA,NA,NA,NA
20201016,NA,NA,NA,NA,NA,NA,NA
20201019,NA,NA,NA,NA,NA,NA,NA
20201020,NA,NA,NA,NA,NA,NA,NA
20201021,NA,NA,NA,NA,NA,NA,NA
20201022,NA,NA,NA,NA,NA,NA,NA
20201023,NA,NA,NA,NA,NA,NA,NA
20201027,NA,NA,NA,NA,NA,NA,NA
20201029,NA,NA,NA,NA,NA,NA,NA
20201030,NA,NA,NA,NA,NA,NA,NA
20201102,NA,NA,NA,NA,NA,NA,NA
20201103,NA,NA,NA,NA,NA,NA,NA
20201105,NA,NA,NA,NA,NA,NA,NA
20201108,NA,NA,NA,NA,NA,NA,NA
20201109,NA,NA,NA,NA,NA,NA,NA
20201112,NA,NA,NA,NA,NA,NA,NA
20201113,NA,NA,NA,NA,NA,NA,NA
20201116,NA,NA,NA,NA,NA,NA,NA
20201117,NA,NA,NA,NA,NA,NA,NA
20201118,NA,NA,NA,NA,NA,NA,NA
20201119,NA,NA,NA,NA,NA,NA,NA
20201120,NA,NA,NA,NA,NA,NA,NA
20201123,NA,NA,NA,NA,NA,NA,NA
20201124,NA,NA,NA,NA,NA,NA,NA
20201125,NA,NA,NA,NA,NA,NA,NA
20201127,NA,NA,NA,NA,NA,NA,NA
20201202,NA,NA,NA,NA,NA,NA,NA
20201203,NA,NA,NA,NA,NA,NA,NA
20201205,NA,NA,NA,NA,NA,NA,NA
20201206,NA,NA,NA,NA,NA,NA,NA
20201208,NA,NA,NA,NA,NA,NA,NA
20201210,NA,NA,NA,NA,NA,NA,NA
20201211,NA,NA,NA,NA,NA,NA,NA
20201214,NA,NA,NA,NA,NA,NA,NA
20201215,NA,NA,NA,NA,NA,NA,NA
20201216,NA,NA,NA,NA,NA,NA,NA
20201217,NA,NA,NA,NA,NA,NA,NA
20201218,NA,NA,NA,NA,NA,NA,NA
20201221,NA,NA,NA,NA,NA,NA,NA
20201222,NA,NA,NA,NA,NA,NA,NA
20201223,NA,NA,NA,NA,NA,NA,NA
20201228,NA,NA,NA,NA,NA,NA,NA
20201229,NA,NA,NA,NA,NA,NA,NA
20201230,NA,NA,NA,NA,NA,NA,NA
20210102,NA,NA,NA,NA,NA,NA,NA
20210103,NA,NA,NA,NA,NA,NA,NA
20210104,NA,NA,NA,NA,NA,NA,NA
20210107,NA,NA,NA,NA,NA,NA,NA
20210109,NA,NA,NA,NA,NA,NA,NA
20210110,NA,NA,NA,NA,NA,NA,NA
20210113,NA,NA,NA,NA,NA,NA,NA
20210114,NA,NA,NA,NA,NA,NA,NA
20210115,NA,NA,NA,NA,NA,NA,NA
20210119,NA,NA,NA,NA,NA,NA,NA
20210120,NA,NA,NA,NA,NA,NA,NA
20210121,NA,NA,NA,NA,NA,NA,NA
20210122,NA,NA,NA,NA,NA,NA,NA
20210125,NA,NA,NA,NA,NA,NA,NA
20210126,NA,NA,NA,NA,NA,NA,NA
20210127,NA,NA,NA,NA,NA,NA,NA
20210128,NA,NA,NA,NA,NA,NA,NA
20210129,NA,NA,NA,NA,NA,NA,NA
20210202,NA,NA,NA,NA,NA,NA,NA
20210203,NA,NA,NA,NA,NA,NA,NA
20210206,NA,NA,NA,NA,NA,NA,NA
20210207,NA,NA,NA,NA,NA,NA,NA
20210208,NA,NA,NA,NA,NA,NA,NA
20210209,NA,NA,NA,NA,NA,NA,NA
20210211,NA,NA,NA,NA,NA,NA,NA
20210212,NA,NA,NA,NA,NA,NA,NA
20210216,NA,NA,NA,NA,NA,NA,NA
20210217,NA,NA,NA,NA,NA,NA,NA
20210218,NA,NA,NA,NA,NA,NA,NA
20210219,NA,NA,NA,NA,NA,NA,NA
20210222,NA,NA,NA,NA,NA,NA,NA
20210223,NA,NA,NA,NA,NA,NA,NA
20210224,NA,NA,NA,NA,NA,NA,NA
20210225,NA,NA,NA,NA,NA,NA,NA
20210226,NA,NA,NA,NA,NA,NA,NA
20210302,NA,NA,NA,NA,NA,NA,NA
20210303,NA,NA,NA,NA,NA,NA,NA
20210308,NA,NA,NA,NA,NA,NA,NA
20210309,NA,NA,NA,NA,NA,NA,NA
20210311,NA,NA,NA,NA,NA,NA,NA
20210312,NA,NA,NA,NA,NA,NA,NA
20210316,NA,NA,NA,NA,NA,NA,NA
20210317,NA,NA,NA,NA,NA,NA,NA
20210318,NA,NA,NA,NA,NA,NA,NA
20210319,NA,NA,NA,NA,NA,NA,NA
20210322,NA,NA,NA,NA,NA,NA,NA
20210323,NA,NA,NA,NA,NA,NA,NA
20210324,NA,NA,NA,NA,NA,NA,NA
20210326,NA,NA,NA,NA,NA,NA,NA
20210329,NA,NA,NA,NA,NA,NA,NA
20210330,NA,NA,NA,NA,NA,NA,NA
20210331,NA,NA,NA,NA,NA,NA,NA
20210401,NA,NA,NA,NA,NA,NA,NA
20210402,NA,NA,NA,NA,NA,NA,NA
20210403,NA,NA,NA,NA,NA,NA,NA
20210406,NA,NA,NA,NA,NA,NA,NA
20210408,NA,NA,NA,NA,NA,NA,NA
20210410,NA,NA,NA,NA,NA,NA,NA
20210411,NA,NA,NA,NA,NA,NA,NA
20210413,NA,NA,NA,NA,NA,NA,NA
20210414,NA,NA,NA,NA,NA,NA,NA
20210415,NA,NA,NA,NA,NA,NA,NA
20210416,NA,NA,NA,NA,NA,NA,NA
20210419,NA,NA,NA,NA,NA,NA,NA
20210420,NA,NA,NA,NA,NA,NA,NA
20210421,NA,NA,NA,NA,NA,NA,NA
20210422,NA,NA,NA,NA,NA,NA,NA
20210423,NA,NA,NA,NA,NA,NA,NA
20210426,NA,NA,NA,NA,NA,NA,NA
20210427,NA,NA,NA,NA,NA,NA,NA
20210428,NA,NA,NA,NA,NA,NA,NA
20210429,NA,NA,NA,NA,NA,NA,NA
20210501,NA,NA,NA,NA,NA,NA,NA
20210502,NA,NA,NA,NA,NA,NA,NA
20210503,NA,NA,NA,NA,NA,NA,NA
20210505,NA,NA,NA,NA,NA,NA,NA
20210508,NA,NA,NA,NA,NA,NA,NA
20210510,NA,NA,NA,NA,NA,NA,NA
20210511,NA,NA,NA,NA,NA,NA,NA
20210513,NA,NA,NA,NA,NA,NA,NA
20210514,NA,NA,NA,NA,NA,NA,NA
20210517,NA,NA,NA,NA,NA,NA,NA
20210518,NA,NA,NA,NA,NA,NA,NA
20210519,NA,NA,NA,NA,NA,NA,NA
20210520,NA,NA,NA,NA,NA,NA,NA
20210521,NA,NA,NA,NA,NA,NA,NA
20210525,NA,NA,NA,NA,NA,NA,NA
20210526,NA,NA,NA,NA,NA,NA,NA
20210527,NA,NA,NA,NA,NA,NA,NA
20210528,NA,NA,NA,NA,NA,NA,NA
20210604,NA,NA,NA,NA,NA,NA,NA
20210605,NA,NA,NA,NA,NA,NA,NA
20210607,NA,NA,NA,NA,NA,NA,NA
20210608,NA,NA,NA,NA,NA,NA,NA
20210610,NA,NA,NA,NA,NA,NA,NA
20210612,NA,NA,NA,NA,NA,NA,NA
20210614,NA,NA,NA,NA,NA,NA,NA
20210615,NA,NA,NA,NA,NA,NA,NA
20210616,NA,NA,NA,NA,NA,NA,NA
20210617,NA,NA,NA,NA,NA,NA,NA
20210618,NA,NA,NA,NA,NA,NA,NA
20210622,NA,NA,NA,NA,NA,NA,NA
20210623,NA,NA,NA,NA,NA,NA,NA
20210624,NA,NA,NA,NA,NA,NA,NA
20210625,NA,NA,NA,NA,NA,NA,NA
20210628,NA,NA,NA,NA,NA,NA,NA
20210629,NA,NA,NA,NA,NA,NA,NA
20210630,NA,NA,NA,NA,NA,NA,NA
20210701,NA,NA,NA,NA,NA,NA,NA
20210704,NA,NA,NA,NA,NA,NA,NA
20210705,NA,NA,NA,NA,NA,NA,NA
20210706,NA,NA,NA,NA,NA,NA,NA
20210707,NA,NA,NA,NA,NA,NA,NA
20210709,NA,NA,NA,NA,NA,NA,NA
20210710,NA,NA,NA,NA,NA,NA,NA
20210712,NA,NA,NA,NA,NA,NA,NA
20210713,NA,NA,NA,NA,NA,NA,NA
20210714,NA,NA,NA,NA,NA,NA,NA
20210715,NA,NA,NA,NA,NA,NA,NA
20210716,NA,NA,NA,NA,NA,NA,NA
20210719,NA,NA,NA,NA,NA,NA,NA
20210720,NA,NA,NA,NA,NA,NA,NA
20210721,NA,NA,NA,NA,NA,NA,NA
20210722,NA,NA,NA,NA,NA,NA,NA
20210723,NA,NA,NA,NA,NA,NA,NA
20210726,NA,NA,NA,NA,NA,NA,NA
20210727,NA,NA,NA,NA,NA,NA,NA
20210728,NA,NA,NA,NA,NA,NA,NA
20210729,NA,NA,NA,NA,NA,NA,NA
20210730,NA,NA,NA,NA,NA,NA,NA
20210801,NA,NA,NA,NA,NA,NA,NA
20210802,NA,NA,NA,NA,NA,NA,NA
20210803,NA,NA,NA,NA,NA,NA,NA
20210804,NA,NA,NA,NA,NA,NA,NA
20210806,NA,NA,NA,NA,NA,NA,NA
20210807,NA,NA,NA,NA,NA,NA,NA
20210809,NA,NA,NA,NA,NA,NA,NA
20210810,NA,NA,NA,NA,NA,NA,NA
20210811,NA,NA,NA,NA,NA,NA,NA
20210812,NA,NA,NA,NA,NA,NA,NA
20210813,NA,NA,NA,NA,NA,NA,NA
20210816,NA,NA,NA,NA,NA,NA,NA
20210817,NA,NA,NA,NA,NA,NA,NA
20210818,NA,NA,NA,NA,NA,NA,NA
20210819,NA,NA,NA,NA,NA,NA,NA
20210820,NA,NA,NA,NA,NA,NA,NA
20210823,NA,NA,NA,NA,NA,NA,NA
20210824,NA,NA,NA,NA,NA,NA,NA
20210825,NA,NA,NA,NA,NA,NA,NA
20210826,NA,NA,NA,NA,NA,NA,NA
20210827,NA,NA,NA,NA,NA,NA,NA
20210830,NA,NA,NA,NA,NA,NA,NA
20210831,NA,NA,NA,NA,NA,NA,NA
20210902,NA,NA,NA,NA,NA,NA,NA
20210903,NA,NA,NA,NA,NA,NA,NA
20210904,NA,NA,NA,NA,NA,NA,NA
20210906,NA,NA,NA,NA,NA,NA,NA
20210907,NA,NA,NA,NA,NA,NA,NA
20210908,NA,NA,NA,NA,NA,NA,NA
20210909,NA,NA,NA,NA,NA,NA,NA
20210911,NA,NA,NA,NA,NA,NA,NA
20210912,NA,NA,NA,NA,NA,NA,NA
20210913,NA,NA,NA,NA,NA,NA,NA
20210914,NA,NA,NA,NA,NA,NA,NA
20210915,NA,NA,NA,NA,NA,NA,NA
20210916,NA,NA,NA,NA,NA,NA,NA
20210917,NA,NA,NA,NA,NA,NA,NA
20210920,NA,NA,NA,NA,NA,NA,NA
20210921,NA,NA,NA,NA,NA,NA,NA
20210922,NA,NA,NA,NA,NA,NA,NA
20210923,NA,NA,NA,NA,NA,NA,NA
20210924,NA,NA,NA,NA,NA,NA,NA
20210927,NA,NA,NA,NA,NA,NA,NA
20210928,NA,NA,NA,NA,NA,NA,NA
20210929,NA,NA,NA,NA,NA,NA,NA
20210930,NA,NA,NA,NA,NA,NA,NA
20211002,NA,NA,NA,NA,NA,NA,NA
20211003,NA,NA,NA,NA,NA,NA,NA
20211005,NA,NA,NA,NA,NA,NA,NA
20211006,NA,NA,NA,NA,NA,NA,NA
20211008,0.0119759484838926,0.0286758828558913,0.00817092877864558,0.00532632842535804,0.0309321845347191,0.00836480143310319,0.0229892552466522
20211009,0.0113839913102968,0.0300754004886245,0.0089263141252802,0.00506182352089068,0.027900194783684,0.00853631600895171,0.0232629671001922
20211011,0.0117769314315879,0.0179821979943579,0.006936582378744,0.00585678633342316,0.0131474518591212,0.00836654285536194,0.0354770054893672
20211012,0.0117557185230397,0.0352796905411693,0.0069396442789731,0.00612323775961705,0.0109706116418819,0.00827110796817948,0.0223134061698839
20211013,0.0113914481184936,0.0246005054328398,0.00686841018233333,0.00518823230911168,0.013748913935371,0.00820689391185304,0.0222635057991619
20211014,0.0115398018006475,0.0229810553334074,0.00671734700205693,0.00546739819335196,0.0375879445165108,0.00799105645866544,0.0163191616540842
20211015,0.0123918350832781,0.015018933671248,0.00691917743204868,0.00607185241009442,0.0243276756028744,0.00794386512762999,0.0167230964783338
20211018,0.012320369283677,0.0240752101989699,0.00678178956107327,0.00728655064852553,0.0260011322657659,0.00820060472433106,0.0171847179804269
20211019,0.0128287282043476,0.0291722579664754,0.00683470935046883,0.00627609800102164,0.0272813331481831,0.0101853906259972,0.0349402339740595
20211020,0.0128299027272602,0.0249501340790689,0.00691329502593851,0.00744795326674126,0.0171341145723497,0.0109288477279696,0.0329774704277938
20211021,0.013447791045358,0.0300497004179066,0.00692864574124224,0.00625574269996316,0.0203787556786727,0.0125,0.0415860468737725
20211022,0.0132712808758227,0.0212624977319358,0.0066458410789894,0.00616944173356191,0.0212232885817961,0.00808194036860329,0.0140452700135241
20211025,0.0138512036046374,0.0148823415979839,0.00699593453877204,0.00581464716957498,0.0288334962442854,0.00813564812807664,0.0158691178439389
20211027,0.0146589035182689,0.0156418397452666,0.00685720355891666,0.00934908315890405,0.0191480822945692,0.00810930581471357,0.0295633062193138
20211029,0.0147601047927317,0.015759689581701,0.00681528121882232,0.00708913815185138,0.0138694279409348,0.0086227559604185,0.0288097503065419
20211101,0.0141474896155563,0.0160271711158975,0.00659028080314698,0.00913441385616805,0.0126094895543163,0.00844212154975848,0.0252129146910198
20211102,0.0120243562651257,0.0108916929819318,0.00646498218680335,0.00913658706220906,0.0204198412698758,0.00863498878412153,0.028483603999641
20211103,0.012169059885812,0.0168227876065475,0.0206287348242578,0.0096628545670174,0.0125,0.00859092940904459,0.013481523249165
20211105,0.0121697373990883,0.0154393389957733,0.00668700889144864,0.00917285531268811,0.0122717188148898,0.0086948593182305,0.0133227017267118
20211106,0.0120851285359917,0.0155807809057226,0.00667520953159974,0.00817602455888169,0.0117067636948639,0.00999828818371196,0.0159912686095937
20211108,0.0120130699162791,0.0147285873022289,0.00663294065162246,0.00933907074889372,0.00745637114740664,0.0117340238941803,0.0254979961915614
20211110,0.0121728172861181,0.0106744809598482,0.00693310284405505,0.00936991039437446,0.00756709932402123,0.0122795058244491,0.0251850941552629
20211115,0.0122141314397317,0.0110802682263378,0.00687996830693867,0.00892718267934036,0.0142888760159038,0.0167284981910272,0.0172543165869695
20211116,0.0121234787726753,0.0140537666545512,0.00660394923876888,0.00702329452981104,0.00853134015934282,0.00872183536265141,0.0109174850154914
20211117,0.0146970259902309,0.0115769558032079,0.00646571792259138,0.00703148691114097,0.00973452772052192,0.00838055836397393,0.0308840837294662
20211118,0.0143922178659011,0.00987682764511255,0.00874440415443253,0.00544853354913222,0.0096954517514728,0.00838570540456018,0.010694887754341
20211119,0.014398883515583,0.0135602639059009,0.00873016449679641,0.00848302879072797,0.0092143361911267,0.00833023664423388,0.0163208430670465
20211122,0.0144673888297333,0.0158982665702092,0.0114367062433482,0.0053329239743156,0.0134680969958531,0.00801162473686822,0.0168903984700613
20211123,0.0110238107718603,0.0156063934249263,0.0114434745878477,0,0.0142233961232841,0.00785889622006918,0.0132699557849601
20211124,0.0101546773742944,0.00548799685794224,0.0112804418274303,0.00040253423602707,0.0154314180926677,0.00912889900166856,0.0108168985166593
20211126,0.00973286919222191,0.00577158046966138,0.0109779055648395,0.00679612226210064,0.0223898875234248,0.00861311127644866,0.0106809037890457
20211129,0.0130747054528344,0.025,0.00797228061449837,0.00679430967844391,0.0253432958160258,0.0080153515050227,0.0344902232928271
20211201,0.011282634690015,0.0222164852798734,0.00783227074494422,0.00671688099588281,0.025,0.00782572626236186,0.0195947913285002
20211202,0.0145640496552206,0.0166506262089792,0.00789115641932094,0.00653223606777014,0.0252210596771181,0.00786458930015437,0.0195411496074573
20211203,0.0109155755449715,0.0170602635250515,0.0078801406016323,0.00659516206881972,0.0255740810364169,0.00717007573659826,0.0212953976410894
20211204,0.0109212785960047,0.0168982485451409,0.00783739569486306,0.0061512587074595,0.0257520283712221,0.00719906577698968,0.0188725812053968
20211205,0.0115590977775237,0.0515466343107977,0.00789525579266093,0.00671430646972883,0.025,0.00770913040166514,0.0240539670720393
20211207,0.0114872388874848,0.0169204221272404,0.00781270318825338,0.00642316396924984,0.0264299492355357,0.00781399358213211,0.0207463865878447
20211208,0.0114535511493468,0.0169108502971273,0.00754462027570077,0.0061872146245587,0.0270832940814858,0.00768057267011893,0.0315207130903011
20211210,0.0114849495133823,0.0162020022036532,0.00711918306859065,0.00664505865354987,0.0264747038250343,0.00764436731855986,0.0257753922917357
20211211,0.0115343463156488,0.0496229080375282,0.00747970069626717,0.00653524228166977,0.0268478071591056,0.00710834311763044,0.0276504698765117
20211213,0.0113892269795045,0.0163065191658001,0.0074479865460118,0.0199401160338007,0.0278799008677425,0.00771356578055112,0.0172688705448847
20211214,0.0146421420620579,0.0133004671793975,0.00650537848986085,0.00467575601492918,0.0226741209283147,0.014164742063546,0.0169651601142265
20211215,0.0139386349181893,0.0355982675769216,0.00669866496949088,0.00464630749121692,0.0224494855120724,0.0192468319448001,0.0169420622582744
20211216,0.0122111716294183,0.025,0.00768922703976621,0.00459137868815246,0.0223641724910671,0.0142894970873774,0.0292533694036881
20211217,0.0109677552648112,0.0086567906036685,0.0077111062310309,0.00511229907949284,0.0163464362893405,0.0165119307413339,0.0238968718676066
20211220,0.015058098003048,0.00642826503460044,0.00791851647759459,0.0052934781633934,0.0174300396682659,0.0241106679732842,0.0306646133139241
20211221,0.013264379478488,0.012168855982626,0.00796383180240332,0.0112962371930218,0.019399332318885,0.0160296310182811,0.0310856401615761
20211222,0.0149539597014722,0.0120493602269559,0.00808486257227713,0.0112178003018924,0.0204083037887053,0.0335926629186387,0.0340541600971925
20211223,0.0124228350791553,0.025,0.00813513816123991,0.0101600603328662,0.0200371923177174,0.0231682935905251,0.0233925176801217
20211227,0.0132483970239741,0.00815215083075017,0.00801721365253741,0.011679220823866,0.0208459467847683,0.0465258158927252,0.0267971421663759
20211228,0.0129032260189358,0.0104763218013923,0.00835159216724999,0.00725163214791878,0.0196712792260879,0.044859975535045,0.0340127761485525
20211229,0.0129849754119583,0.0127673619337544,0.0092768349278199,0.00641097370591773,0.0227739655403826,0.0359790300771702,0.04031218778149
20211230,0.0156900342111382,0.00785277086136004,0.0111392791502668,0.00599304358541225,0.020033835746078,0.0370812640050107,0.0397486542026437
20220102,0.0125730588675314,0.00706839383107925,0.00987239036497136,0.00576884484600211,0.0206268665524777,0.0124533673007722,0.0410675848788825
20220103,0.0156259842838429,0.011206588731835,0.0110970031967973,0.00585323185089699,0.0240978412055682,0.00983520808676667,0.0360672850694554
20220104,0.0112289164822495,0.00985348613186671,0.0106792714834675,0.00684643588970381,0.025,0.0122373808558066,0.0449227907203803
20220107,0.0110810986109486,0.0199159369144851,0.00989970954580635,0.0153723164556162,0.025,0.0167812601284775,0.0366170023009674
20220108,0.0151491039455959,0.02154416818889,0.0100719567718157,0.0113100698037967,0.0179957760720865,0.0433427731216958,0.0368006033566244
20220109,0.0133513584121962,0.0139904496988406,0.0085607208331584,0.00990498378073799,0.0206040203707219,0.025,0.0374578477436508
20220113,0.0110353537079897,0.0094201425765806,0.0088852026027449,0.00934391673517384,0.0408931189851628,0.0304986463888755,0.0357237405779231
20220114,0.0110203696453763,0.0112546895561487,0.00848224678847724,0.00934766023169391,0.0452283182019805,0.0304273994922936,0.0492714469535793
20220118,0.0109367169718132,0.0123884438000296,0.00890581696957875,0.00606119333611471,0.0337500856763494,0.0297605841569714,0.0483941276406221
20220119,0.0106979238469579,0.0134799391145545,0.0094168607960955,0.00580918574313454,0.0258265071774235,0.0291875696783792,0.0520167399154566
20220120,0.0117430935682109,0.0125806683373154,0.00964391167518197,0.00643651682252938,0.0369362418032666,0.026976327378873,0.0457644646335777
20220121,0.0119582700908816,0.0208729776152773,0.00952094116510596,0.00666209396321259,0.0345284270724207,0.0274908656970479,0.025
20220125,0.0110499873822068,0.0275115287529322,0.00915500106932969,0.00629911615953673,0.0345578974798528,0.0277902608857696,0.0312560622595673
20220126,0.0115904796965881,0.0444305517744101,0.0126596448917371,0.00700186607971876,0.0304514385636699,0.0342766741752489,0.0150357217167832
20220127,0.0113748451924285,0.0457088931897772,0.00908311684804647,0.00682406068763532,0.025,0.032635202590926,0.015858266672348
20220128,0.0104678580153934,0.0205732179091627,0.00876558107711248,0.00737417773428679,0.025,0.0272652087261393,0.0148513258560058
20220131,0.01030153156395,0.0447513171242581,0.007845659823289,0.00579105718539063,0.0251422554626769,0.0245660128651592,0.0159453877126877
20220202,0.0109580713952197,0.0476563850000794,0.00873160806626185,0.00634686973661347,0.025,0.0160094480102256,0.025
20220203,0.0109313999644085,0.0347469415801608,0.00876339129585383,0.00721522693232844,0.0121448101373615,0.0147970990980534,0.025
20220206,0.0109065429071857,0.0378456637173257,0.00843813455157802,0.00538079955909118,0.0259485574306432,0.0161765067614993,0.0152656226361204
20220208,0.012497478182469,0.0262843238300497,0.00779745503347432,0.00736987672749518,0.0281429352074591,0.0395616949888915,0.0280158251010672
20220209,0.0133355612851456,0.020231842888346,0.0103747217873641,0.0144717021446927,0.025,0.0105357462784323,0.0253760954539758
20220211,0.0105545966461494,0.0278337274296393,0.0107020055585728,0.0127864756171782,0.0464133289850261,0.0104634304108902,0.0199244599948319
20220212,0.0103817485259879,0.0105758316281224,0.025,0.0103432070601831,0.0202712255981706,0.00886980404716451,0.0198653052473232
20220214,0.011091467144243,0.0160766269852618,0.0130563816237532,0.0116399935840152,0.0329193645200896,0.00896505194159671,0.019349327805264
20220215,0.0113961491398999,0.025,0.025,0.01011438423046,0.0330165021306157,0.00916125157500351,0.0211366981267452
20220216,0.0271355372442197,0.0197271503109839,0.0239183426665379,0.00801661866311897,0.025,0.00913606599396207,0.025
20220217,0.0106106724305013,0.025,0.0238613789979763,0.0129541160247322,0.0248733763474154,0.00931348720355771,0.0207617155126226
20220218,0.0104219451181017,0.0190389532205216,0.0234942124376508,0.0133206864514765,0.029334625250874,0.00945089375194939,0.0323098933786139
20220222,0.0108304647581342,0.0178417054393142,0.0135884331139184,0.0151800380791742,0.022689814895872,0.0110992522208236,0.0264965693106105
20220223,0.0107683850026954,0.0210534588918081,0.0179672261445729,0.0252284578883785,0.0126638258062387,0.0159261522064462,0.0266775307663943
20220224,0.0106112809501166,0.025,0.0132348736606749,0.0240657438920308,0.01166746340743,0.0139935827445277,0.0324244736062878
20220225,0.0105961614738538,0.0116954074976931,0.0145659268032831,0.0151895876376954,0.0783854763960671,0.0755414936044332,0.0205034667199281
20220228,0.0104888755454092,0.025,0.0119516353739938,0.0173621986024473,0.0839979703062719,0.0478088403453716,0.0343126905872432
20220301,0.0181123889843222,0.0260291808216011,0.0104818583484638,0.0364069055733974,0.0383366342997005,0.0451361925436096,0.0384445120155109
20220302,0.0211283686829947,0.025,0.0120476353284054,0.0236530986780756,0.019506367985693,0.0494945202262996,0.036880208866222
20220303,0.0161406264572747,0.0310753461189867,0.00942784560635373,0.0377144723412755,0.0244899568262823,0.0893859498387315,0.0374611374620221
20220306,0.0209060578597332,0.0398348950467199,0.0121059917215606,0.0264406740206684,0.0183499132062041,0.0620692336422465,0.0252464180550786
20220308,0.0148258276288911,0.0189729948160381,0.0124448504110627,0.0155134939544484,0.019794347888107,0.0212305084708632,0.0155790858437497
20220310,0.0132193581299633,0.0328263089212737,0.012518047830724,0.0185530110087739,0.014218204965848,0.0160187907578163,0.022249295978433
20220311,0.013315056632843,0.0229050465714119,0.0120390021195725,0.0160949771859537,0.0133363535413885,0.0220349415278301,0.02222770626514
20220314,0.00950963884023729,0.0187107926947803,0.0121194225143463,0.0158927493988093,0.0143166270094425,0.0125,0.0204477895199435
20220315,0.0119011501208915,0.0159483423893531,0.00829366207368615,0.0148854008452243,0.0146062758541362,0.0125,0.0146775683145317
20220316,0.010035762663397,0.0170212549762945,0.00789646191348897,0.019049680234739,0.0165013065421674,0.0151798768714949,0.0201163769900194
20220317,0.0104192413383687,0.0173628064245375,0.00836529365692951,0.0221035653390757,0.0195036127346719,0.00743951981619565,0.0199149164584063
20220318,0.0170086266545018,0.0261279269140729,0.00984625685484743,0.0220932334259308,0.0479421550096329,0.0111620961794836,0.0167620130211203
20220321,0.0159974575926273,0.0276736565659809,0.00785910608948287,0.0200519674842153,0.0321750502212803,0.0207818538686934,0.0169881820889412
20220322,0.015904954088045,0.0247509252842696,0.00791727966698179,0.0168003594686758,0.0293476083024471,0.0175000354472951,0.0154204080681966
20220323,0.0173252468577289,0.0226655997712126,0.00792364062336967,0.0201155150753688,0.0148085914361148,0.0117340359164202,0.0191393998723793
20220324,0.0153328749311603,0.0267930318240917,0.00909344183096828,0.0140191673657792,0.0167454209460362,0.0125,0.0166755542776114
20220328,0.0165160487241034,0.0329957989372631,0.00844434807957637,0.0134929306858249,0.017479480563884,0.0125,0.0152074743782859
20220329,0.0149489025205936,0.0285853306905087,0.00934132399270373,0.0175462219641038,0.0201693130197033,0.0097886955573963,0.0152329091764644
20220330,0.0156708280135235,0.0361800009575135,0.00934845743319818,0.0184427183058836,0.0205942097417709,0.012925878036959,0.0173127619898433
20220331,0.0147286648102197,0.0367472299847577,0.01331299308175,0.0178222813413537,0.0198430522860057,0.0125,0.0125
20220401,0.0165388084363802,0.0640099945125049,0.0168866411098619,0.0181246640180324,0.0205390119203436,0.0125,0.0209714246171156
20220402,0.0178540337301909,0.0650382325785157,0.0170754864631863,0.0181207397974368,0.0168975181764237,0.0128023905436905,0.0227180853981418
20220403,0.0175850531261502,0.0670207822113097,0.0181347373507187,0.0129777835939622,0.0170541812574137,0.0125,0.0223999967922711
20220404,0.0177987273641952,0.0227956266364426,0.0125,0.0183944751369967,0.0182375889258622,0.0125,0.0170722721784989
20220405,NA,NA,NA,NA,NA,NA,NA
20220408,NA,NA,NA,NA,NA,NA,NA
20220410,NA,NA,NA,NA,NA,NA,NA
20220411,NA,NA,NA,NA,NA,NA,NA
20220413,NA,NA,NA,NA,NA,NA,NA
20220414,NA,NA,NA,NA,NA,NA,NA
20220419,NA,NA,NA,NA,NA,NA,NA
20220420,NA,NA,NA,NA,NA,NA,NA
20220421,NA,NA,NA,NA,NA,NA,NA
20220426,NA,NA,NA,NA,NA,NA,NA
20220427,NA,NA,NA,NA,NA,NA,NA
20220428,NA,NA,NA,NA,NA,NA,NA
20220429,NA,NA,NA,NA,NA,NA,NA
20220501,NA,NA,NA,NA,NA,NA,NA
20220504,NA,NA,NA,NA,NA,NA,NA
20220505,NA,NA,NA,NA,NA,NA,NA
20220507,NA,NA,NA,NA,NA,NA,NA
20220508,NA,NA,NA,NA,NA,NA,NA
20220510,NA,NA,NA,NA,NA,NA,NA
20220512,NA,NA,NA,NA,NA,NA,NA
20220513,NA,NA,NA,NA,NA,NA,NA
20220516,NA,NA,NA,NA,NA,NA,NA
20220517,NA,NA,NA,NA,NA,NA,NA
20220518,NA,NA,NA,NA,NA,NA,NA
20220519,NA,NA,NA,NA,NA,NA,NA
20220520,NA,NA,NA,NA,NA,NA,NA
20220523,NA,NA,NA,NA,NA,NA,NA
20220524,NA,NA,NA,NA,NA,NA,NA
20220525,NA,NA,NA,NA,NA,NA,NA
20220526,NA,NA,NA,NA,NA,NA,NA
20220527,NA,NA,NA,NA,NA,NA,NA
20220531,NA,NA,NA,NA,NA,NA,NA
20220604,NA,NA,NA,NA,NA,NA,NA
20220605,NA,NA,NA,NA,NA,NA,NA
20220607,NA,NA,NA,NA,NA,NA,NA
20220609,NA,NA,NA,NA,NA,NA,NA
20220610,NA,NA,NA,NA,NA,NA,NA
20220612,NA,NA,NA,NA,NA,NA,NA
20220614,NA,NA,NA,NA,NA,NA,NA
20220615,NA,NA,NA,NA,NA,NA,NA
20220617,NA,NA,NA,NA,NA,NA,NA
20220621,NA,NA,NA,NA,NA,NA,NA
20220622,NA,NA,NA,NA,NA,NA,NA
20220623,NA,NA,NA,NA,NA,NA,NA
20220624,NA,NA,NA,NA,NA,NA,NA
20220627,NA,NA,NA,NA,NA,NA,NA
20220628,NA,NA,NA,NA,NA,NA,NA
20220629,NA,NA,NA,NA,NA,NA,NA
20220630,NA,NA,NA,NA,NA,NA,NA
20220701,NA,NA,NA,NA,NA,NA,NA
20220702,NA,NA,NA,NA,NA,NA,NA
20220704,NA,NA,NA,NA,NA,NA,NA
20220706,NA,NA,NA,NA,NA,NA,NA
20220707,NA,NA,NA,NA,NA,NA,NA
20220709,0.0190155479902828,0.0704852359968448,0.0167228352658854,0.00879574517269116,0.0275427581383576,0.0124536088888174,0.0406309963880606
20220710,0.0182101855558866,0.0704211162444617,0.0173061518599502,0.00853364862065514,0.0286050802796015,0.0130919337011679,0.0318710262643316
20220711,0.0190437859801358,0.103741240603593,0.0156579084764945,0.00822471187208977,0.0319843973721358,0.0235245959624244,0.0433129914311492
20220712,0.0201085492200329,0.0371651242773826,0.0170371591667875,0.00854578799763807,0.0323820728769227,0.0125279764629335,0.0445811088068042
20220713,0.0289516833357224,0.0376731989665892,0.0163327453085081,0.0114930944005519,0.0320174235865169,0.0269893718597232,0.0494351674593367
20220714,0.0168786232734614,0.0385837859636218,0.0194221838815133,0.0168150892206789,0.0308902590753962,0.0296278558276254,0.056309580141359
20220715,0.0163524827368327,0.0704273056296758,0.0176488986989906,0.0122630615428196,0.0316390929316148,0.0424119559735314,0.0315875395786742
20220718,0.016700988245359,0.0767686298656266,0.0235487467796738,0.013291847089668,0.020356337235917,0.0290527862142318,0.0305566622488361
20220719,0.0163941626497635,0.0688370064919652,0.0523621624980632,0.012037331577532,0.0194476982172176,0.0479095261322227,0.0236969482757881
20220720,0.0162020529613411,0.0675456152673377,0.0393877444413865,0.0119812685718486,0.0207233298103078,0.0314017548781023,0.024524079408279
20220721,0.0169738917564324,0.030432862503249,0.0167923395277172,0.0147830053749907,0.0848520193094275,0.0212957513605421,0.0294181395450126
20220722,0.0156955762826662,0.0153006912915847,0.0160818700240226,0.0149689095495376,0.079244165452125,0.0272766158304082,0.0710605408815248
20220725,0.0152887093772748,0.0156693026112902,0.0209231620117621,0.013417432272164,0.0620931835501885,0.0204075389075088,0.0250954585855411
20220726,0.0128675116729169,0.0166992488968376,0.0142867275616985,0.0123612279495469,0.0766652095708206,0.0250354240373376,0.0266573752141879
20220727,0.0148628373583644,0.0154527185579176,0.0141261458765084,0.0122941528603132,0.0727715721048049,0.0230999423360925,0.0255878420765795
20220728,0.0155093038235221,0.0116779408579472,0.0136015478503771,0.0157652262826596,0.0761538010316093,0.0234916172479364,0.0282841773465833
20220729,0.0272056628733901,0.0218895105031667,0.0139829264652209,0.017464426057643,0.0802295742217271,0.0217870107625352,0.0274751304807376
20220802,0.019272229458999,0.0249479876888582,0.0137137173298544,0.045702597931592,0.0781049950248748,0.0190248707401366,0.0277292577016217
20220803,0.015352766176748,0.0237707996209182,0.0139841433364455,0.0557805976089518,0.0650119510043235,0.0196348271417261,0.0293209180758267
20220804,0.0187939229623956,0.0245259755128625,0.0161973680095125,0.0559568225643159,0.0697540868121746,0.0211446015308377,0.039851701705984
20220806,0.0189053756246584,0.0254608117022351,0.0168381396372682,0.0267422571464224,0.0697024397897973,0.0212018563569394,0.0330519853970914
20220807,0.0186197197824229,0.0250502939350622,0.0167706802033038,0.0573162803344106,0.0817774983475185,0.0186659262497536,0.0278343878320965
20220808,0.0249978482821616,0.0287514448446685,0.0144181666160634,0.0665936208189968,0.0719187507784656,0.0220269218221243,0.0275034694278724
20220809,0.0172355732292925,0.0202711491226869,0.0135833569026921,0.0553293546635025,0.076246290288087,0.0184996823475312,0.0436668248799145
20220811,0.0152412185701982,0.0130764308167683,0.0130861822904487,0.0329388650648503,0.0691729954064562,0.0150725703865413,0.0522500997488215
20220812,0.0173238821109004,0.0226479241944572,0.0155434024934441,0.00962943470208064,0.0667874732159122,0.0122812268032865,0.0430939521244579
20220819,0.0172624383872314,0.0238518250573738,0.0126811281699553,0.0183003103018219,0.0615075837287448,0.0152490051152136,0.041460842000806
20220822,0.0158018480459854,0.0232009254855008,0.0125870705201609,0.0182308176618856,0.0580130175924655,0.0153402511754708,0.0265521976498285
20220823,0.0148339817729654,0.0116694982535769,0.0184149992967378,0.02291279794398,0.0356238321839318,0.0164751997542845,0.0222281503365611
20220824,0.0167605449007701,0.0124160130509625,0.015752826167271,0.0235807528111491,0.0370331560364388,0.0161757244905663,0.0322455627148109
20220825,0.0165075440264342,0.0119051873674898,0.0134374187828599,0.017167574676005,0.0208733313361339,0.015959473961644,0.0334080484853009
20220826,0.010796650890706,0.0265960533102103,0.018251832569174,0.0110354298806009,0.0200829702130641,0.0188289699029962,0.0351380073699197
20220829,0.0167810574686678,0.0271502651971767,0.0175328386545338,0.0168783721792074,0.0205549029466405,0.0188865041451825,0.0347943738999401
20220830,0.016632182665162,0.0199232552647828,0.0134143763479848,0.0171380304275033,0.0365781730026918,0.0225437877656826,0.038209737100025
20220831,0.01651414373873,0.0262813075615187,0.0138549469038664,0.0293127281156166,0.044950666751669,0.0167300145108096,0.0529749302051836
20220902,0.0167140474016911,0.0260800120406417,0.0112935174835613,0.00703906666675475,0.04877611612747,0.0188560973087903,0.0125098320450547
20220903,0.0169627742137704,0.0259233667417864,0.0107059340860723,0.00976667513122274,0.0490170494748592,0.0142727804658488,0.010586872280032
20220905,0.0168014743086749,0.0166156733403926,0.0125154462802969,0.011661804388046,0.0526903142283828,0.0152079423560094,0.0137410498146086
20220906,0.0164424495711823,0.0200004958263474,0.0123919844269084,0.0548463974420207,0.0506604142386845,0.0195613889582855,0.0125344849547573
20220908,0.0165674620968026,0.0148293477277917,0.0112598862699025,0.0101098036263455,0.0499155769303035,0.0190696948522626,0.0103819054114567
20220909,0.0166850463209451,0.0139683306304641,0.0111532907021176,0.0106709348197306,0.0485621110109809,0.0195176758694263,0.0202846435499371
20220911,0.0164225162002334,0.0138228322573134,0.0109543221393051,0.00695132494715736,0.0488071630011857,0.0142537924457507,0.0220967406804093
20220912,0.0162445072324286,0.0139273871791161,0.0111351328002379,0.0105426461714012,0.0421878355772394,0.013188141069903,0.0248519044284322
20220913,0.0165056252664238,0.0149151378482996,0.0108973295426415,0.00745782953180307,0.0416144002841843,0.0133855524188839,0.0248862285506834
20220914,0.0217929063686052,0.0148271872328672,0.0149212987742373,0.0113426229042281,0.0423297850596389,0.0136644891886833,0.0257231855648284
20220915,0.0152287904950137,0.0177785477284917,0.0153902779002407,0.00966285179728719,0.0425891303645587,0.0134124275168843,0.026795931361746
20220916,0.013856333430021,0.0147797527738387,0.0143712216245469,0.0144959467768644,0.0372952392609877,0.0151217978052143,0.0223616260187106
20220919,0.0153089620387884,0.0130249890181706,0.0119865186291978,0.0229222839035658,0.0423910767762143,0.0181584766586139,0.023735134454281
20220920,0.0137644423870059,0.0121718559791525,0.0117519046393001,0.0230193594482929,0.0467554081075199,0.0183006150237159,0.0271063048872551
20220921,0.0139212487520573,0.0124566647434735,0.0117174121695185,0.0219156184362936,0.0477217734860316,0.0212019301898405,0.0410860314310516
20220922,0.013693029532357,0.0099423318803313,0.0117549644103862,0.0229828709474203,0.0357513255486439,0.0174700993553718,0.0393207347471451
20220923,0.0141001628622709,0.0290330506320064,0.0117451077256431,0.016461127466596,0.0740925531405781,0.0229792309798623,0.0258529154664394
20220926,0.0151694286179223,0.0267504852385875,0.0153433131279518,0.0143074606864529,0.0290022603567963,0.0190283919054545,0.0259939598855651
20220927,0.0136024633262532,0.0190726875538312,0.013340082897866,0.016293793743726,0.0485643503167058,0.0172233433384207,0.0261547284974647
20220928,0.0233775562682664,0.017999259698772,0.0134637703340116,0.0145098281711222,0.0488748581541384,0.0183229920761477,0.0274686998027877
20220929,0.022937388142081,0.0151177259169336,0.0133868253524458,0.0161192765537074,0.0562091955626019,0.0172528562642938,0.0258449102476412
20220930,0.0213145689273373,0.0151413696577297,0.0122959623098761,0.0161998169676831,0.0555969769161076,0.0170958009370689,0.0248109849042084
20221001,0.0228185848870048,0.0145385829706523,0.0112447415267799,0.0129037923627124,0.0386364172179142,0.017986150294256,0.024097642232674
20221002,0.0237163297178072,0.017915452318775,0.0114965161378081,0.0131329987396708,0.0407601475015133,0.0181647994675595,0.0263693150347282
20221003,0.0231444374935673,0.0137564686899823,0.0140881115640235,0.0115905567369603,0.0243808254646426,0.0200592145861626,0.0209269538726751
20221005,0.0244413081700951,0.0129596944314209,0.012369811372114,0.0622292207805027,0.0210370511436329,0.0239521547551936,0.0560691472828811
20221006,0.025329847658115,0.0131035838252966,0.0118043067022716,0.0416444489523633,0.0224723365277685,0.0230744832122197,0.0556546164177261
20221008,0.0271961208621745,0.0136735813441414,0.0161458567648835,0.0550456726011399,0.0214489908809261,0.0235711057094735,0.0607008778877361
20221010,0.0272210027796526,0.0128058213286042,0.0129202742861719,0.0413454938162654,0.0208290545598162,0.0245798101828523,0.0607007675403295
20221011,0.0274013400369293,0.0135591195834275,0.0111107848364603,0.0431531029313298,0.0440023948388583,0.0193537943542955,0.0532837470495598
20221013,0.0285887693020455,0.0145441753579302,0.0181988260451991,0.0456769820458025,0.0518126485337424,0.0161227155870055,0.0350723906477753
20221014,0.0274616711824228,0.0158712901064526,0.0173468582973647,0.0113944602920159,0.0479190102580792,0.0169825940869472,0.026855237613895
20221017,0.0257515658121998,0.016022783414429,0.0169333687410018,0.0113407871080083,0.0480886488080833,0.0186749996984607,0.0274657052275027
20221018,0.0249068179350573,0.0190521062762343,0.0186064181746629,0.0116425893536679,0.0478779696926669,0.0181821687627481,0.0270949104945084
20221019,0.0296137255574305,0.0163609297479216,0.0190283404030729,0.0114645037158368,0.0395958817031831,0.0191091376501994,0.0274548244236692
20221020,0.0281242064416116,0.0192069049608419,0.018361737763807,0.0114191361075019,0.0388608904700358,0.0189359182082595,0.0317268627057401
20221021,0.0241520933423223,0.0285630577207738,0.017416966532973,0.00970981054582271,0.0206027949606539,0.0192916239351787,0.0308813668700572
20221024,0.0243554096638583,0.0208789376250626,0.0166652468472069,0.01225194189312,0.0324555186295885,0.0192057114102301,0.0305319279641842
20221025,0.0278631215960076,0.0240373111550986,0.0138897204562556,0.0221447720434558,0.0269393519429428,0.0188425176830354,0.0341759236239874
20221027,0.0239401637747632,0.0241069710082815,0.010760902375406,0.0204970753286681,0.0268007233049761,0.014539163608691,0.0201887335564069
20221031,0.0226200614096737,0.0259323458144586,0.0154456498479212,0.018616093824245,0.0365031850776414,0.0189563920942884,0.0194215496300114
20221101,0.0240008054423951,0.0249211635261676,0.0236181715095553,0.0153391848257997,0.0361902059521727,0.0194077675084311,0.0195809583165978
20221102,0.0227061982596075,0.0263132174527128,0.0154523989016549,0.015010878913507,0.0342150854554838,0.0192380799742611,0.0430779257559942
20221103,0.0197866200923415,0.0293314603504692,0.0149846931271371,0.0347452349541171,0.0329158755177549,0.0183893719201166,0.0485737464409699
20221104,0.0228302139117005,0.0412704219988258,0.017539753850152,0.0140813553867005,0.0340813698751716,0.0184681196773987,0.0298344987110211
20221105,0.0315133256245358,0.0317152321656205,0.0179126881215036,0.0148872912117988,0.0651093056191761,0.0183238828427144,0.0267548602554368
20221107,0.0253217994135247,0.0293012761072401,0.0177062690093835,0.0257511521214286,0.0754046619580358,0.0187012285603506,0.0303226013715201
20221108,0.0145368715969722,0.0262616731294158,0.0189419551277459,0.014902636589165,0.0757331159143013,0.0181611108437957,0.029140604037408
20221110,0.0128167128372718,0.027064165834443,0.0185602311244288,0.0146802462276514,0.060461074081739,0.0185443499040089,0.0295484659277227
20221114,0.0135831706078414,0.0262847006106911,0.018061743009333,0.0127988468428384,0.0705298252149027,0.0179735179238995,0.0181465873667966
20221115,0.0122048037932848,0.0266948788472057,0.0186169469841627,0.0114441365303048,0.0717729189752618,0.0150693008788293,0.0415125536862331
20221116,0.0117134962025549,0.0246177166320846,0.0191481874174543,0.014421325239705,0.0712978026754004,0.0151664289432403,0.0207633065948312
20221117,0.0175777186792208,0.0193559030975657,0.0148590514337632,0.0132171389922467,0.0856873023765711,0.0151296278954972,0.0325649777665456
20221118,0.0172582803844245,0.0142737113122111,0.0149253848455731,0.0121620368943409,0.0704973565041758,0.0229747808566854,0.0194181390520537
20221121,0.0176575684238151,0.014760767694654,0.0166122684382707,0.0120482459400822,0.0725519305861921,0.0230254479470803,0.0329747012809123
20221122,0.0129221746091843,0.0152932979944914,0.0181372562245914,0.00947833879796629,0.075,0.0223043892950676,0.020579381114269
20221123,0.0192322863984341,0.0179854641702643,0.0196380046426153,0.0114205274490578,0.075,0.0180150976645424,0.0286462000014392
20221125,0.0194880903929968,0.016936613770193,0.0199563579695655,0.075,0.075,0.0158336627753966,0.0314059486243876
20221128,0.0191803543458875,0.0169675327381053,0.0196309444334021,0.0121833224102007,0.075,0.0175510218528859,0.0288315264057286
20221129,0.0193844261167234,0.02005087479503,0.0195312854499734,0.0153336252776892,0.075,0.0184481626980777,0.0296756950978779
20221201,0.0202885220800007,0.0217843638375852,0.0193811184044587,0.0167071303670143,0.075,0.0172208357689573,0.0305078751585511
20221204,0.0189664039049633,0.0205701205589176,0.0143632697655619,0.0130394221407753,0.075,0.0196680630046308,0.0445592467628328
20221205,0.0217435142164875,0.021954966576393,0.015476844879998,0.0157397495466534,0.075,0.0182961571762423,0.0442090705911197
20221207,0.02305821440654,0.0196185212228939,0.0203526392693766,0.0110425621684705,0.0459155412946675,0.017232196532802,0.0455857893472816
20221208,0.0249268926842276,0.0185532990300678,0.0169554095112911,0.0128346103855606,0.0427582759321882,0.0152231608529846,0.0370194053359547
20221209,0.0241529131215488,0.0155469445751386,0.0169838039948896,0.0119304131074838,0.0576482650037419,0.0152214594908561,0.0210797937799804
20221210,0.0229032551918959,0.0144152926340218,0.0159127341743758,0.00963707471217939,0.0576826983214192,0.0154494754505317,0.0224858225491495
20221212,0.0231121810986081,0.0172567423933931,0.0158516092626222,0.0108329159152652,0.0691240479374461,0.0152907883460429,0.0235481878460344
20221213,0.0227484340919256,0.0155968944347316,0.015802598551374,0.034967529943009,0.0567927699253512,0.0151209249433232,0.0236054116244511
20221214,0.0220229434141342,0.0148402126896552,0.015261566750163,0.00781878522190656,0.0606163590448792,0.0152226857476746,0.022781343217331
20221215,0.0204663546132631,0.0393213131976023,0.0152895746690791,0.00753372848306501,0.0473612101156148,0.0198972910225847,0.0210755645530334
20221216,0.0242819650427257,0.0390299203983988,0.0155458187228426,0.00923391688652955,0.0568117202909322,0.0182868870918157,0.022039579068653
20221219,0.0202053515948712,0.0294354061894322,0.0145676595527417,0.010224001216638,0.059628026311395,0.0176127536123719,0.0210976056422478
20221220,0.0191617684145869,0.0549092208344295,0.0145297325354097,0.0108108583108908,0.0510179040356389,0.0166227966814101,0.0208792168075165
20221221,0.0209182945033641,0.0307362720287207,0.0146104184497006,0.0113691916465673,0.0477952817421005,0.0173659826041144,0.0209873538534526
20221222,0.0176299512295675,0.0281886507797697,0.0213507160480529,0.0168472132878614,0.0378331909965969,0.0154936474111189,0.019605834931022
20221223,0.0172727724616711,0.0259627013160556,0.0145155032963696,0.0130176220031731,0.0351142010568886,0.0166631446639722,0.0230333846190277
20221227,0.0151809517230834,0.0264559713442777,0.0202941460838553,0.0126951199873491,0.0406096707715741,0.0163796895198779,0.0185194681902438
20221228,0.0208294377013182,0.0258371630511394,0.0149332901027452,0.012915677099326,0.0412025527549587,0.0155579822452466,0.0265899817519614
20221229,0.0375,0.0267003672238206,0.0145402326883997,0.010810089262086,0.0390364971946555,0.0156244210659836,0.027523720773852
20221230,0.0203710395888899,0.0268016814655724,0.0145321083211686,0.0104689620486966,0.0375,0.0156192978250568,0.0181292976730173
20230102,0.0142887990432599,0.0266501904888018,0.0144476607974994,0.010572895441403,0.0375,0.0156377848647823,0.0282217192921994
20230103,0.020429078337057,0.0309983897561797,0.0144747602036414,0.0102726201497918,0.0375,0.0183979584843317,0.028003878231146
20230108,0.0214786708279416,0.031872584031383,0.015924213413605,0.0101637498906382,0.0413783787221072,0.0195573043963274,0.0264404043104915
20230109,0.0219826233688473,0.0350282226544549,0.0155718378956148,0.00803991607674357,0.0445425893743206,0.018440531822267,0.0260456609887647
20230113,0.0293579648036672,0.0375,0.0152481487851887,0.0102974832080344,0.0517684358993447,0.0156104336521395,0.0539009415941788
20230117,0.0298987334523871,0.0313046341844615,0.0154466878130598,0.0108186418934967,0.0485219667696593,0.0154572750627258,0.0268295118572746
20230118,0.0348446353127561,0.032120120223335,0.0244864923867082,0.0101211969107817,0.0478574096932071,0.015156859930098,0.0405598375570915
20230119,0.0154449039939447,0.0375,0.0208009506521343,0.0109449204267664,0.0481331402150686,0.0151354836527301,0.0399900745006368
20230120,0.0208853139581209,0.0302280763609174,0.0171593462426517,0.00855964192952898,0.0410760540505071,0.0119910600323953,0.0539285115756363
20230123,0.0206697956825116,0.0300848987172839,0.0155756585215616,0.00859171407553345,0.0471831036053658,0.0119444034135052,0.0540856863434446
20230125,0.0333281687591488,0.0332989360230702,0.0170090660304568,0.0114603665921504,0.0458496469463782,0.0122638922938777,0.0518569365885668
20230126,0.019924892424163,0.0352393503882471,0.014003199980384,0.014077983575425,0.0375,0.0127156115504402,0.0490936969587063
20230127,0.0174007308370273,0.0343445982289924,0.0143132715264417,0.0149550430870334,0.0318107490419928,0.0120810917019781,0.0494488778769588
20230130,0.029346194592458,0.0341130554191341,0.0137889898945256,0.0122173445052713,0.0336917794120102,0.0139845257972873,0.0445712082805318
20230131,0.0167223938242406,0.0339961605211391,0.0139314454747007,0.0264447588393559,0.0218388303467956,0.0123836885911992,0.0440275183016158
20230202,0.0273895499217204,0.0146130169123729,0.0140864173121866,0.0121198381365074,0.0280758112599392,0.0119597434026838,0.0461815448242787
20230203,0.0250605778593062,0.0105310614914288,0.0140038834495759,0.0116082281611048,0.0181458942158737,0.0119321443447856,0.0465815596526426
20230205,0.0255422295893016,0.0107366826075541,0.0138014299281509,0.0103410363622324,0.0187285066038593,0.011931918523529,0.0250322573551872
20230206,0.0259159862996708,0.0215918163869567,0.0145426044426119,0.0100127712408609,0.0259521875910206,0.0120103440077923,0.0475586835367792
20230208,0.0291270302638527,0.030052041253373,0.0148150516683231,0.00983512248664634,0.0309831822423378,0.0120359727506874,0.044717905025295
20230210,0.0199085119541844,0.0133395606228377,0.0146399593594753,0.0103614843319173,0.0263760655079704,0.0118670311881675,0.0333815198867851
20230211,0.0183047185012491,0.0136908792306827,0.0155019930023614,0.0105154625839561,0.027492449746053,0.0176501744718648,0.0442862940469766
20230213,0.0196025734961312,0.0107440154936678,0.01577883831592,0.0101951275824443,0.033166982919768,0.0147359689931326,0.037648356843035
20230214,0.0196998685702344,0.0106231947742416,0.0158316088134035,0.0100016179134438,0.0340331835246058,0.0153064847007629,0.0357151233038745
20230215,0.0186800709630896,0.0104359148313008,0.0202052573192489,0.00984560449144932,0.0353171936263578,0.0133787876557884,0.0318533573197761
20230216,0.0209892623939264,0.0153629077608198,0.0147466431408586,0.0109659690441313,0.0409569653150616,0.0147977466260899,0.0305851735911948
20230217,0.0138445715594301,0.0161433917138307,0.0180219731034434,0.0121511796285491,0.0454511805416672,0.0136906176691021,0.0310822899238799
20230221,0.0211070339211192,0.0174758377009822,0.0170586127939913,0.00842279523106487,0.0187944729423544,0.0133280818926657,0.0302218562137249
20230222,0.0164531396822077,0.0112465035127139,0.0139501961804169,0.00879858344794218,0.0247527470370776,0.0131586745783358,0.0823900611185846
20230223,0.013667052884394,0.00764200045438508,0.0137090612796989,0.00856059107945368,0.0247236446073791,0.0151033657275002,0.0578324335464907
20230224,0.0136094183938971,0.00730752170736418,0.0156128393092433,0.00938881156902131,0.0218478073832623,0.0116083044817276,0.0755221972933661
20230228,0.0171434867387419,0.00797057091632636,0.0139503987275448,0.0104380258830874,0.0193893657908046,0.0128166589560019,0.0725199689655422
20230301,0.0164254667695217,0.00766912302998659,0.0138022917120457,0.00789470403754725,0.0275034079529283,0.0133196671541482,0.0591887195172028
20230302,0.0167906014901861,0.00745526529494574,0.0130107795281643,0.00793308474214837,0.0218592058702718,0.0136456648399224,0.0590283449500876
20230303,0.0140233296947784,0.014947727281694,0.0132968002954219,0.00958069056023409,0.0168799362909105,0.0142168867933611,0.0273062011186651
20230304,0.0132142280418135,0.0167956462154882,0.0130018995593146,0.00977553193326196,0.0142641797460117,0.0134814932390821,0.0508865491041768
20230307,NA,NA,NA,NA,NA,NA,NA
20230308,NA,NA,NA,NA,NA,NA,NA
20230310,NA,NA,NA,NA,NA,NA,NA
20230311,NA,NA,NA,NA,NA,NA,NA
20230313,NA,NA,NA,NA,NA,NA,NA
20230314,NA,NA,NA,NA,NA,NA,NA
20230315,NA,NA,NA,NA,NA,NA,NA
20230316,NA,NA,NA,NA,NA,NA,NA
20230317,NA,NA,NA,NA,NA,NA,NA
20230320,NA,NA,NA,NA,NA,NA,NA
20230321,NA,NA,NA,NA,NA,NA,NA
20230322,NA,NA,NA,NA,NA,NA,NA
20230323,NA,NA,NA,NA,NA,NA,NA
20230324,NA,NA,NA,NA,NA,NA,NA
20230327,NA,NA,NA,NA,NA,NA,NA
20230328,NA,NA,NA,NA,NA,NA,NA
20230329,NA,NA,NA,NA,NA,NA,NA
20230330,NA,NA,NA,NA,NA,NA,NA
20230331,NA,NA,NA,NA,NA,NA,NA
20230401,NA,NA,NA,NA,NA,NA,NA
20230404,NA,NA,NA,NA,NA,NA,NA
20230405,NA,NA,NA,NA,NA,NA,NA
20230408,NA,NA,NA,NA,NA,NA,NA
20230410,NA,NA,NA,NA,NA,NA,NA
20230412,NA,NA,NA,NA,NA,NA,NA
20230413,NA,NA,NA,NA,NA,NA,NA
20230418,NA,NA,NA,NA,NA,NA,NA
20230419,NA,NA,NA,NA,NA,NA,NA
20230420,NA,NA,NA,NA,NA,NA,NA
20230421,NA,NA,NA,NA,NA,NA,NA
20230424,NA,NA,NA,NA,NA,NA,NA
20230425,NA,NA,NA,NA,NA,NA,NA
20230426,NA,NA,NA,NA,NA,NA,NA
20230427,NA,NA,NA,NA,NA,NA,NA
20230428,NA,NA,NA,NA,NA,NA,NA
20230501,NA,NA,NA,NA,NA,NA,NA
20230504,NA,NA,NA,NA,NA,NA,NA
20230505,NA,NA,NA,NA,NA,NA,NA
20230507,NA,NA,NA,NA,NA,NA,NA
20230509,NA,NA,NA,NA,NA,NA,NA
20230510,NA,NA,NA,NA,NA,NA,NA
20230512,NA,NA,NA,NA,NA,NA,NA
20230515,NA,NA,NA,NA,NA,NA,NA
20230516,NA,NA,NA,NA,NA,NA,NA
20230517,NA,NA,NA,NA,NA,NA,NA
20230518,NA,NA,NA,NA,NA,NA,NA
20230519,NA,NA,NA,NA,NA,NA,NA
20230522,NA,NA,NA,NA,NA,NA,NA
20230523,NA,NA,NA,NA,NA,NA,NA
20230524,NA,NA,NA,NA,NA,NA,NA
20230525,NA,NA,NA,NA,NA,NA,NA
20230526,NA,NA,NA,NA,NA,NA,NA
20230530,NA,NA,NA,NA,NA,NA,NA
20230531,NA,NA,NA,NA,NA,NA,NA
20230602,NA,NA,NA,NA,NA,NA,NA
20230603,NA,NA,NA,NA,NA,NA,NA
20230604,NA,NA,NA,NA,NA,NA,NA
20230606,NA,NA,NA,NA,NA,NA,NA
20230607,NA,NA,NA,NA,NA,NA,NA
20230609,NA,NA,NA,NA,NA,NA,NA
20230610,NA,NA,NA,NA,NA,NA,NA
20230611,NA,NA,NA,NA,NA,NA,NA
20230612,NA,NA,NA,NA,NA,NA,NA
20230613,NA,NA,NA,NA,NA,NA,NA
20230614,NA,NA,NA,NA,NA,NA,NA
20230615,NA,NA,NA,NA,NA,NA,NA
20230616,NA,NA,NA,NA,NA,NA,NA
20230620,NA,NA,NA,NA,NA,NA,NA
20230621,NA,NA,NA,NA,NA,NA,NA
20230622,NA,NA,NA,NA,NA,NA,NA
20230623,NA,NA,NA,NA,NA,NA,NA
20230626,NA,NA,NA,NA,NA,NA,NA
20230627,NA,NA,NA,NA,NA,NA,NA
20230628,NA,NA,NA,NA,NA,NA,NA
20230629,NA,NA,NA,NA,NA,NA,NA
20230630,NA,NA,NA,NA,NA,NA,NA
20230702,NA,NA,NA,NA,NA,NA,NA
20230703,NA,NA,NA,NA,NA,NA,NA
20230706,NA,NA,NA,NA,NA,NA,NA
20230707,NA,NA,NA,NA,NA,NA,NA
20230708,NA,NA,NA,NA,NA,NA,NA
20230709,NA,NA,NA,NA,NA,NA,NA
20230711,NA,NA,NA,NA,NA,NA,NA
20230712,NA,NA,NA,NA,NA,NA,NA
20230713,NA,NA,NA,NA,NA,NA,NA
20230714,NA,NA,NA,NA,NA,NA,NA
20230717,NA,NA,NA,NA,NA,NA,NA
20230718,NA,NA,NA,NA,NA,NA,NA
20230719,NA,NA,NA,NA,NA,NA,NA
20230720,NA,NA,NA,NA,NA,NA,NA
20230721,NA,NA,NA,NA,NA,NA,NA
20230724,NA,NA,NA,NA,NA,NA,NA
20230725,NA,NA,NA,NA,NA,NA,NA
20230726,NA,NA,NA,NA,NA,NA,NA
20230727,NA,NA,NA,NA,NA,NA,NA
20230728,NA,NA,NA,NA,NA,NA,NA
20230731,NA,NA,NA,NA,NA,NA,NA
20230802,NA,NA,NA,NA,NA,NA,NA
20230803,NA,NA,NA,NA,NA,NA,NA
20230805,NA,NA,NA,NA,NA,NA,NA
20230808,NA,NA,NA,NA,NA,NA,NA
20230809,NA,NA,NA,NA,NA,NA,NA
20230811,NA,NA,NA,NA,NA,NA,NA
20230812,NA,NA,NA,NA,NA,NA,NA
20230814,NA,NA,NA,NA,NA,NA,NA
20230816,NA,NA,NA,NA,NA,NA,NA
20230817,NA,NA,NA,NA,NA,NA,NA
20230818,NA,NA,NA,NA,NA,NA,NA
20230821,NA,NA,NA,NA,NA,NA,NA
20230822,NA,NA,NA,NA,NA,NA,NA
20230823,NA,NA,NA,NA,NA,NA,NA
20230824,NA,NA,NA,NA,NA,NA,NA
20230825,NA,NA,NA,NA,NA,NA,NA
20230828,NA,NA,NA,NA,NA,NA,NA
20230829,NA,NA,NA,NA,NA,NA,NA
20230830,NA,NA,NA,NA,NA,NA,NA
20230831,NA,NA,NA,NA,NA,NA,NA
20230901,NA,NA,NA,NA,NA,NA,NA
20230902,NA,NA,NA,NA,NA,NA,NA
20230903,NA,NA,NA,NA,NA,NA,NA
20230905,NA,NA,NA,NA,NA,NA,NA
20230906,NA,NA,NA,NA,NA,NA,NA
20230908,NA,NA,NA,NA,NA,NA,NA
20230910,NA,NA,NA,NA,NA,NA,NA
20230911,NA,NA,NA,NA,NA,NA,NA
20230913,NA,NA,NA,NA,NA,NA,NA
20230914,NA,NA,NA,NA,NA,NA,NA
20230915,NA,NA,NA,NA,NA,NA,NA
20230918,NA,NA,NA,NA,NA,NA,NA
20230919,NA,NA,NA,NA,NA,NA,NA
20230920,NA,NA,NA,NA,NA,NA,NA
20230921,NA,NA,NA,NA,NA,NA,NA
20230922,NA,NA,NA,NA,NA,NA,NA
20230925,NA,NA,NA,NA,NA,NA,NA
20230926,NA,NA,NA,NA,NA,NA,NA
20230927,NA,NA,NA,NA,NA,NA,NA
20230928,NA,NA,NA,NA,NA,NA,NA
20230929,NA,NA,NA,NA,NA,NA,NA
20231001,NA,NA,NA,NA,NA,NA,NA
20231002,NA,NA,NA,NA,NA,NA,NA
20231003,NA,NA,NA,NA,NA,NA,NA
20231005,NA,NA,NA,NA,NA,NA,NA
20231007,NA,NA,NA,NA,NA,NA,NA
20231008,NA,NA,NA,NA,NA,NA,NA
20231010,NA,NA,NA,NA,NA,NA,NA
20231011,NA,NA,NA,NA,NA,NA,NA
20231013,NA,NA,NA,NA,NA,NA,NA
20231016,NA,NA,NA,NA,NA,NA,NA
20231017,NA,NA,NA,NA,NA,NA,NA
20231018,NA,NA,NA,NA,NA,NA,NA
20231019,NA,NA,NA,NA,NA,NA,NA
20231020,NA,NA,NA,NA,NA,NA,NA
20231025,NA,NA,NA,NA,NA,NA,NA
20231027,NA,NA,NA,NA,NA,NA,NA
20231030,NA,NA,NA,NA,NA,NA,NA
20231031,NA,NA,NA,NA,NA,NA,NA
20231101,NA,NA,NA,NA,NA,NA,NA
20231104,NA,NA,NA,NA,NA,NA,NA
20231105,NA,NA,NA,NA,NA,NA,NA
20231107,NA,NA,NA,NA,NA,NA,NA
20231108,NA,NA,NA,NA,NA,NA,NA
20231109,NA,NA,NA,NA,NA,NA,NA
20231110,NA,NA,NA,NA,NA,NA,NA
20231112,NA,NA,NA,NA,NA,NA,NA
20231113,NA,NA,NA,NA,NA,NA,NA
20231114,NA,NA,NA,NA,NA,NA,NA
20231115,NA,NA,NA,NA,NA,NA,NA
20231116,NA,NA,NA,NA,NA,NA,NA
20231117,NA,NA,NA,NA,NA,NA,NA
20231120,NA,NA,NA,NA,NA,NA,NA
20231121,NA,NA,NA,NA,NA,NA,NA
20231122,NA,NA,NA,NA,NA,NA,NA
20231124,NA,NA,NA,NA,NA,NA,NA
20231127,NA,NA,NA,NA,NA,NA,NA
20231128,NA,NA,NA,NA,NA,NA,NA
20231129,NA,NA,NA,NA,NA,NA,NA
20231201,NA,NA,NA,NA,NA,NA,NA
20231204,NA,NA,NA,NA,NA,NA,NA
20231205,NA,NA,NA,NA,NA,NA,NA
20231206,NA,NA,NA,NA,NA,NA,NA
20231207,NA,NA,NA,NA,NA,NA,NA
20231209,NA,NA,NA,NA,NA,NA,NA
20231210,NA,NA,NA,NA,NA,NA,NA
20231212,NA,NA,NA,NA,NA,NA,NA
20231213,NA,NA,NA,NA,NA,NA,NA
20231214,NA,NA,NA,NA,NA,NA,NA
20231215,NA,NA,NA,NA,NA,NA,NA
20231218,NA,NA,NA,NA,NA,NA,NA
20231219,NA,NA,NA,NA,NA,NA,NA
20231220,NA,NA,NA,NA,NA,NA,NA
20231221,NA,NA,NA,NA,NA,NA,NA
20231222,NA,NA,NA,NA,NA,NA,NA
20231227,NA,NA,NA,NA,NA,NA,NA
20231228,NA,NA,NA,NA,NA,NA,NA
20231229,NA,NA,NA,NA,NA,NA,NA
20240102,NA,NA,NA,NA,NA,NA,NA
20240103,NA,NA,NA,NA,NA,NA,NA
20240107,NA,NA,NA,NA,NA,NA,NA
20240108,NA,NA,NA,NA,NA,NA,NA
20240110,NA,NA,NA,NA,NA,NA,NA
20240116,NA,NA,NA,NA,NA,NA,NA
20240117,NA,NA,NA,NA,NA,NA,NA
20240118,NA,NA,NA,NA,NA,NA,NA
20240119,NA,NA,NA,NA,NA,NA,NA
20240122,NA,NA,NA,NA,NA,NA,NA
20240123,NA,NA,NA,NA,NA,NA,NA
20240125,NA,NA,NA,NA,NA,NA,NA
20240126,NA,NA,NA,NA,NA,NA,NA
20240129,NA,NA,NA,NA,NA,NA,NA
20240130,NA,NA,NA,NA,NA,NA,NA
20240131,NA,NA,NA,NA,NA,NA,NA
20240202,NA,NA,NA,NA,NA,NA,NA
20240204,NA,NA,NA,NA,NA,NA,NA
20240205,NA,NA,NA,NA,NA,NA,NA
20240207,NA,NA,NA,NA,NA,NA,NA
20240208,NA,NA,NA,NA,NA,NA,NA
20240210,NA,NA,NA,NA,NA,NA,NA
20240212,NA,NA,NA,NA,NA,NA,NA
20240213,NA,NA,NA,NA,NA,NA,NA
20240214,NA,NA,NA,NA,NA,NA,NA
20240215,NA,NA,NA,NA,NA,NA,NA
20240216,NA,NA,NA,NA,NA,NA,NA
20240220,NA,NA,NA,NA,NA,NA,NA
20240221,NA,NA,NA,NA,NA,NA,NA
20240222,NA,NA,NA,NA,NA,NA,NA
20240223,NA,NA,NA,NA,NA,NA,NA
20240226,NA,NA,NA,NA,NA,NA,NA
20240227,NA,NA,NA,NA,NA,NA,NA
20240228,NA,NA,NA,NA,NA,NA,NA
20240229,NA,NA,NA,NA,NA,NA,NA
20240301,NA,NA,NA,NA,NA,NA,NA
20240304,NA,NA,NA,NA,NA,NA,NA
20240306,NA,NA,NA,NA,NA,NA,NA
20240307,NA,NA,NA,NA,NA,NA,NA
20240309,NA,NA,NA,NA,NA,NA,NA
20240310,NA,NA,NA,NA,NA,NA,NA
20240312,NA,NA,NA,NA,NA,NA,NA
20240313,NA,NA,NA,NA,NA,NA,NA
20240314,NA,NA,NA,NA,NA,NA,NA
20240315,NA,NA,NA,NA,NA,NA,NA
20240319,NA,NA,NA,NA,NA,NA,NA
20240320,NA,NA,NA,NA,NA,NA,NA
20240321,NA,NA,NA,NA,NA,NA,NA
20240322,NA,NA,NA,NA,NA,NA,NA
20240326,NA,NA,NA,NA,NA,NA,NA
20240327,NA,NA,NA,NA,NA,NA,NA
20240328,NA,NA,NA,NA,NA,NA,NA
20240401,NA,NA,NA,NA,NA,NA,NA
20240403,NA,NA,NA,NA,NA,NA,NA
20240404,NA,NA,NA,NA,NA,NA,NA
20240406,NA,NA,NA,NA,NA,NA,NA
20240409,NA,NA,NA,NA,NA,NA,NA
20240410,NA,NA,NA,NA,NA,NA,NA
20240411,NA,NA,NA,NA,NA,NA,NA
20240412,NA,NA,NA,NA,NA,NA,NA
20240415,NA,NA,NA,NA,NA,NA,NA
20240416,NA,NA,NA,NA,NA,NA,NA
20240417,NA,NA,NA,NA,NA,NA,NA
20240418,NA,NA,NA,NA,NA,NA,NA
20240419,NA,NA,NA,NA,NA,NA,NA
20240422,NA,NA,NA,NA,NA,NA,NA
20240423,NA,NA,NA,NA,NA,NA,NA
20240424,NA,NA,NA,NA,NA,NA,NA
20240425,NA,NA,NA,NA,NA,NA,NA
20240426,NA,NA,NA,NA,NA,NA,NA
20240429,NA,NA,NA,NA,NA,NA,NA
20240430,NA,NA,NA,NA,NA,NA,NA
20240501,NA,NA,NA,NA,NA,NA,NA
20240502,NA,NA,NA,NA,NA,NA,NA
20240503,NA,NA,NA,NA,NA,NA,NA
20240504,NA,NA,NA,NA,NA,NA,NA
20240506,NA,NA,NA,NA,NA,NA,NA
20240507,NA,NA,NA,NA,NA,NA,NA
20240508,NA,NA,NA,NA,NA,NA,NA
20240509,NA,NA,NA,NA,NA,NA,NA
20240511,NA,NA,NA,NA,NA,NA,NA
20240512,NA,NA,NA,NA,NA,NA,NA
20240513,NA,NA,NA,NA,NA,NA,NA
20240514,NA,NA,NA,NA,NA,NA,NA
20240515,NA,NA,NA,NA,NA,NA,NA
20240516,NA,NA,NA,NA,NA,NA,NA
20240517,NA,NA,NA,NA,NA,NA,NA
20240520,NA,NA,NA,NA,NA,NA,NA
20240521,NA,NA,NA,NA,NA,NA,NA
20240522,NA,NA,NA,NA,NA,NA,NA
20240523,NA,NA,NA,NA,NA,NA,NA
20240524,NA,NA,NA,NA,NA,NA,NA
20240528,NA,NA,NA,NA,NA,NA,NA
20240529,NA,NA,NA,NA,NA,NA,NA
20240531,NA,NA,NA,NA,NA,NA,NA
20240602,NA,NA,NA,NA,NA,NA,NA
20240603,NA,NA,NA,NA,NA,NA,NA
20240606,NA,NA,NA,NA,NA,NA,NA
20240608,NA,NA,NA,NA,NA,NA,NA
20240609,NA,NA,NA,NA,NA,NA,NA
20240611,NA,NA,NA,NA,NA,NA,NA
20240612,NA,NA,NA,NA,NA,NA,NA
20240613,NA,NA,NA,NA,NA,NA,NA
20240614,NA,NA,NA,NA,NA,NA,NA
20240617,NA,NA,NA,NA,NA,NA,NA
20240618,NA,NA,NA,NA,NA,NA,NA
20240620,NA,NA,NA,NA,NA,NA,NA
20240621,NA,NA,NA,NA,NA,NA,NA
20240625,NA,NA,NA,NA,NA,NA,NA
20240626,NA,NA,NA,NA,NA,NA,NA
20240627,NA,NA,NA,NA,NA,NA,NA
20240628,NA,NA,NA,NA,NA,NA,NA
20240702,NA,NA,NA,NA,NA,NA,NA
20240703,NA,NA,NA,NA,NA,NA,NA
20240706,NA,NA,NA,NA,NA,NA,NA
20240708,NA,NA,NA,NA,NA,NA,NA
20240710,0.0115572226059089,0.0125,0.00927214010302815,0.00728726279704822,0.00998151546411119,0.0165964397408852,0.0066207179038252
20240711,0.0110269335385403,0.0125,0.0101367695284807,0.00928602743834887,0.00873131078963473,0.0168121236078832,0.00478246136100938
20240715,0.0106353125233854,0.0128276952051094,0.00923573204517526,0.00932717825710838,0.00989902358235482,0.0164657889362802,0.00790099563701749
20240716,0.0107620549943715,0.00996170253605287,0.00933141624108068,0.0090270937356221,0.0101181474475437,0.0162924771976108,0.00784999489199789
20240717,0.0103122291150982,0.00973959351764716,0.00933515164701006,0.00914754224683745,0.0103065072880453,0.0164382074626943,0.00790708604943801
20240718,0.0100041236923892,0.00961188688587535,0.00932432891561904,0.00905163618915533,0.013954193256592,0.0160113733876593,0.00780858839295119
20240719,0.0103125269800939,0.00937135733120649,0.010434966716152,0.00915205609565114,0.0143866527146986,0.015760298555945,0.00780588893665922
20240722,0.0106982382443505,0.00928147447115951,0.0109474631658869,0.0100930827196664,0.0144807800370239,0.0161441864338429,0.00781537190450647
20240723,0.00831018551733877,0.00961459107776799,0.0107377019945585,0.0125,0.0148733984323998,0.0161870671005805,0.00800587692908266
20240724,0.00789499283463856,0.0103264895251953,0.0110419916129208,0.0125,0.0102317034372268,0.0160291204298119,0.00795575989125588
20240725,0.0080988772348535,0.00988572155311375,0.00909323370938231,0.0105694883522236,0.00928514264674677,0.0156740585823259,0.00789401825175036
20240726,0.00818665281976777,0.00832218184755787,0.00985320067815872,0.0101794819629272,0.0092766485871813,0.0157007758588474,0.0074371165419612
20240729,0.00807855517146427,0.0110738872080143,0.00986322297620205,0.0125,0.0111499141421846,0.0157007153895315,0.00737803528709262
20240730,0.00799542982734264,0.0109304023163537,0.00981582812144467,0.0101638318594317,0.0158692603454061,0.0161523988885179,0.00718011200017058
20240731,0.00784695876614717,0.00994239334366562,0.00956653491889272,0.0169215301913964,0.00889587586564997,0.0160370318405937,0.00786329572516499
20240801,0.00797046243201069,0.0111837153367146,0.00947680166169277,0.0129264948295338,0.00864462827317495,0.0171714449569654,0.0077873452977927
20240802,0.00802997814604828,0.00837347220258468,0.00999360834171246,0.00802358800379753,0.00749261975231664,0.017499312490638,0.00773835727471319
20240803,0.00797825221079701,0.00835831039980645,0.0101679408700636,0.00904623313230311,0.00696431845447416,0.0172138387350622,0.00767014500628471
20240804,0.00806190956909584,0.00845896187492616,0.0099000862380843,0.00896647164526629,0.0111861298289752,0.0172698136379622,0.00875824561863776
20240805,0.00818405930435907,0.0110043242771351,0.0104494915851918,0.00933682016337129,0.00762313816347055,0.0168790545412074,0.00870649273676903
20240807,0.00832023190957443,0.00859349800140507,0.0107941972414846,0.00913729205443818,0.00743105818071382,0.0170364117680521,0.00983654903001024
20240808,0.0082782895410685,0.0112759715457925,0.00987784740346315,0.00908271726610348,0.00534500163641882,0.0176238804240811,0.00958929582102558
20240810,0.0118357651716525,0.0120843782314865,0.0117634013120785,0.0101843382695594,0.00687292784674862,0.0176756086036264,0.00775861854381971
20240811,0.00801610837529903,0.0106193801094172,0.00985967808854437,0.0113775290288972,0.0222574015080176,0.0219300208505426,0.00838368276602442
20240813,0.0078290670781078,0.00868946442632959,0.00971639013232154,0.0127825883332356,0.0203934031280423,0.0179141415538464,0.00898610999986764
20240814,0.00765808191482363,0.00875477410707381,0.00970504006741683,0.0113426014800201,0.018832400120435,0.0165616062515563,0.0103802993475377
20240816,0.00764733448650321,0.00878849048944345,0.00957779917916376,0.00992978795351152,0.0279598180569099,0.0164612056189515,0.0089121057683887
20240819,0.00806711880367156,0.00999186558096693,0.00960852190571276,0.0116870798524314,0.00947215484050944,0.0179039754064517,0.00949193464429864
20240820,0.00801886230819742,0.0105976415577509,0.00973611250449239,0.0111203145953584,0.0206609732431961,0.0174167856525886,0.0101074776853623
20240821,0.00793509479805296,0.00926844307698062,0.00985182575654115,0.0129011782513565,0.0199531332581563,0.0170665392592797,0.00873761742846
20240822,0.00786078535954702,0.010433366727733,0.00978000367063112,0.0121970613342574,0.0114608641844583,0.0166541843651144,0.00895174130743243
20240823,0.0077763573127393,0.0101603866062877,0.0100164532551845,0.0125444467330152,0.0119413876974222,0.0168322407074357,0.00878066725894803
20240826,0.00813417644983013,0.0108408700829332,0.0100341492755657,0.0109085257395444,0.0118276114116601,0.0169192447100038,0.00915638847677043
20240827,0.00792378664640835,0.010440129650192,0.0119053972054246,0.0104507933134814,0.0114664353874649,0.01676427639337,0.0086179025679529
20240828,0.00824421283111555,0.0103939200621879,0.00998935448037883,0.00907117765406868,0.0274663304641009,0.0168428385766313,0.00879509452003768
20240829,0.0100136876689683,0.0112876315193296,0.00954867793667844,0.00906585979953385,0.0158060526617851,0.0164489816820878,0.00872006141082236
20240830,0.00718574266725226,0.0105982909414893,0.009281373923949,0.00844448892933394,0.0180528026908673,0.0123120131307777,0.00861983013460159
20240901,0.00764841878837947,0.0116100446429576,0.00802955449359153,0.00842759726926051,0.0191650530645044,0.0143271012492779,0.00848357768920586
20240902,0.00767185615862235,0.0122525178581315,0.00884651462202214,0.0104301040837039,0.0177957186840273,0.0125703519560636,0.0081942313695149
20240904,0.0125495604142881,0.0136459685317341,0.0100192492584402,0.00975517368990251,0.0199036791909463,0.0124383044477772,0.00823018616401432
20240905,0.0130976773633509,0.0144327313966291,0.0102670087367221,0.0082335135970216,0.0159187761985528,0.0141965559113233,0.0110162586987481
20240907,0.0125740906760304,0.0153703455837385,0.0100100155721191,0.00814249682574331,0.0174443698456517,0.0143044573189372,0.0112250899401293
20240908,0.0102488173275568,0.0163265986952187,0.0101096836125854,0.00779187576535887,0.0166901077918269,0.0132807491315031,0.0112231183284041
20240909,0.0100926553913333,0.0147329268893209,0.0101656327970113,0.00809865432792554,0.01941989908998,0.0486836891207748,0.0115652506824019
20240910,0.0190488518772067,0.0114497036435475,0.0110369545457257,0.00748008617115811,0.014756871973471,0.0144100527523919,0.0111340939677498
20240912,0.00815631861466241,0.0109337547836693,0.0119155318141781,0.0075043690895374,0.0162377822908319,0.0139800573984413,0.0137438790102154
20240913,0.00813462594311551,0.0102519797265471,0.0115380681859313,0.00741299431640633,0.0170564432106886,0.0143108988118951,0.00833230898555543
20240916,0.0101741427089221,0.0106419485973352,0.0120445807645364,0.00814544922975075,0.0128423415602209,0.00990649538923546,0.00732471163447918
20240917,0.00991323096283084,0.0115029512307352,0.0113679641128854,0.00716937745731382,0.0132766615328273,0.0105619580943374,0.00799703098948877
20240918,0.0104641360482516,0.0106289309169287,0.0106951423088204,0.00713153619184637,0.0141671013491912,0.00894795768770561,0.0117159049389703
20240919,0.0105199856766548,0.0122277819762593,0.0109575851290239,0.0132431343632215,0.0139514902140501,0.0090106267375234,0.0116218009142673
20240920,0.00999310225723403,0.0111970820778896,0.0104762455537007,0.0135010580439056,0.0100925346814429,0.0123768840006107,0.0103752688958502
20240923,0.00994886155422692,0.011329463826364,0.0110422938778733,0.0137586434088791,0.00979245442005097,0.0120139329233114,0.0085491688308915
20240924,0.0119088294493243,0.0124712140471113,0.0123473851213561,0.0117852994604157,0.0128489534424608,0.0102367977851656,0.0167588696880539
20240925,0.00871129353243488,0.0126698776310973,0.0124199453092549,0.00687834812303097,0.0121802071284037,0.010505567805341,0.0180292512170616
20240926,0.00909384935418378,0.0203797279513157,0.0123893042027478,0.00659952336229937,0.0121669197825504,0.0104335276485697,0.0174034112829941
20240927,0.00902676754533829,0.020391231208275,0.0127029347216824,0.0120038653441833,0.012030398077407,0.0100081145190199,0.017654961275888
20240930,0.0109623262294009,0.0183691046118401,0.0127213793795827,0.0108630295513721,0.0114518846718373,0.0105716391340556,0.0165443104827925
20241001,0.00993972575349883,0.0125780409641706,0.0123218626735419,0.0106477660499401,0.0135996254912003,0.0103403963636067,0.018400940985141
20241004,0.00941696127537367,0.0116042527069244,0.0125975027341331,0.0125126618239275,0.00770000285079784,0.0108776185323652,0.0109485144810318
20241005,0.00936483143197147,0.0117029684818595,0.0138441523136598,0.0113110110445755,0.0100241867765855,0.0103122613906102,0.00956534482186472
20241006,0.00944296098973739,0.0117223831768411,0.0132042441812772,0.0123857952296458,0.00986380684162022,0.0101179447960296,0.0110490551333057
20241007,0.00984236561510204,0.0114067955878981,0.00985922624605566,0.0120990732596396,0.00840378388637843,0.0103801817245916,0.0126481322299243
20241009,0.00910552936893145,0.00671004473744125,0.00952526897710581,0.0108258160503801,0.00902486733367491,0.0101846967150685,0.0103034259492781
20241010,0.00915884044673473,0.00634951583257397,0.0145960244317492,0.0105876023448522,0.0103978570886025,0.0103909146323481,0.0154238393437549
20241012,0.0105700953486489,0.00625391878535016,0.0108354750407577,0.0102111532501556,0.00769653382057666,0.0100365748910524,0.0190615885570304
20241014,0.00913163889378178,0.00746329510467907,0.0103729775931153,0.0100876852573466,0.0082718174210639,0.0101969792333536,0.0194756021056734
20241015,0.00920716911273895,0.00621080174592141,0.0083447282100544,0.0102019597088151,0.00797925173649813,0.0101835410934056,0.0198612357294063
20241016,0.00784488621115624,0.00617891946316371,0.00821462505606999,0.0068948568789888,0.00757225666267735,0.0101849000361338,0.020869095129259
20241017,0.0100201686379874,0.00616859885144753,0.00867529884944258,0.00620687111734994,0.00747993447962563,0.0102444357920628,0.0196991850447079
20241018,0.00878307086347724,0.0110355430998777,0.00865664936069655,0.011253237704596,0.0126454227972093,0.0102006090775346,0.0195974978116228
20241021,0.00915191186074889,0.00620413775563002,0.00842187457580089,0.0109196909196324,0.0120673727422021,0.0103056489045749,0.0154185179557577
20241022,0.00801503755890306,0.00810788467364653,0.00827915174401447,0.00679816895988204,0.0108438345993103,0.010851939545717,0.0150801107389375
20241023,0.00916126245236607,0.00936849729333346,0.00830560534061643,0.00670742353283807,0.00994031296717276,0.00890274794804072,0.0149331623453895
20241024,0.00893357863490037,0.00574359688298561,0.00883273590520088,0.00676186547623637,0.006654685908648,0.00634903500420974,0.0150615021042316
20241025,0.00755688471140814,0.00602702287220208,0.0083177055263875,0.00637439780060677,0.00647071171669075,0.00760712191338609,0.0178679581252624
20241029,0.00750155707670226,0.00596515812925446,0.00815491329131633,0.00622135436283847,0.00833661762270128,0.00875239216862895,0.0112355064723448
20241030,0.00872245118021399,0.00818257387813502,0.00814256988500218,0.00625884529393029,0.0092325196029636,0.010471479273994,0.00683740041052676
20241031,0.00887190490625633,0.00788932335243502,0.00808262790692991,0.006526274318559,0.00489535284473581,0.0118769569705279,0.00623236424485729
20241101,0.008996311689249,0.00591512105730895,0.00818508877383537,0.00638700317616567,0.00506919228434066,0.00848726408793643,0.00861392780511661
20241103,0.00894932043511584,0.00630262540893848,0.00797242624256678,0.00648201984282631,0.00605538124329519,0.00915878730791925,0.00716565464166852
20241104,0.00844896732047281,0.00633760308401775,0.00768612526125578,0.00667546135560984,0.00506960334284508,0.00952077725387865,0.00714811271843979
20241106,0.00888249580288057,0.00607925682243527,0.00787501589843739,0.00657767171889293,0.0067611149803516,0.00944242247114297,0.0101169187557298
20241107,0.00797244939825638,0.00642991048473327,0.00809654856890947,0.00772898926263292,0.00808885049027243,0.00953437023800221,0.0103451137600298
20241109,0.00806482650689272,0.00644733175806421,0.0135180061855935,0.0112726685720935,0.00778902157738419,0.00951214514583553,0.00630220095883707
20241110,0.00801532484665961,0.00662423230593999,0.0113399530363691,0.00463773001891205,0.00719691201882969,0.00956457630157658,0.00875150828699918
20241112,0.00791022868355997,0.00663579232736161,0.00851692383252807,0.00437102319810542,0.0100251628740801,0.00967203554262197,0.0108915834359939
20241113,0.00791015571062678,0.00658747593932129,0.00805583345896248,0.00413307236700379,0.0103030656918003,0.00933066224177473,0.00995383266689907
20241114,0.008245193218499,0.00817274147638546,0.00798627077367569,0.00502570633490848,0.0100127566932784,0.00926418569347493,0.0120687322718231
20241115,0.00812301452421429,0.00895291819465075,0.00803699145892536,0.00497171371954265,0.0135835804956384,0.00929070846422947,0.0123305865625569
20241118,0.00791930108140482,0.00665962042488651,0.00775341722953194,0.00422413095856478,0.0100504906939252,0.00940718319263444,0.0125
20241119,0.00692319299591685,0.00675809416177305,0.00826258651758295,0.00443550529062272,0.0108510391541608,0.00944507217339314,0.013364591110746
20241120,0.00691248456548597,0.00654112989514038,0.00848870349601807,0.0064061608087196,0.00718983025574649,0.0111410191597583,0.0127520990997319
20241121,0.00748304806196337,0.00668613333060907,0.00793290055332881,0.00637730408874241,0.0125,0.00942980768106159,0.0130955526958219
20241122,0.00719609753415651,0.00669789538986677,0.00783934466745889,0.00637578575958573,0.00945995875569172,0.00954412003822372,0.013090216476155
20241125,0.00745512794368337,0.00996623207392518,0.00800918414093939,0.00655280185898813,0.0187238352955413,0.00970973007981218,0.010053223669592
20241126,0.00789424316009497,0.00896005211118779,0.00775649459099038,0.00611979664551176,0.0125,0.0130091515404161,0.00691419154718598
20241127,0.00810967744192706,0.00684101450210485,0.00750289357279275,0.00843517656628493,0.0125,0.0127745364561629,0.00819304227267749
20241129,0.00689732837567034,0.00677193960729269,0.00706727591858102,0.0103385077840933,0.0125,0.0113688727199827,0.00872257543593578
20241201,0.00714580586856973,0.00666199438991689,0.00723982940068751,0.00740228947287604,0.00752341501141985,0.0120668809468761,0.00765427930368177
20241202,0.00927206284045759,0.00838913941980279,0.00719531887761338,0.00700580781847871,0.0125,0.0120246252332847,0.00792495946429108
20241203,0.0100196855541304,0.00887535028798683,0.00484275201167222,0.00676231514608002,0.0125,0.0125,0.00596944478460455
20241204,0.00694761887500324,0.00932936761653421,0.00510365274508338,0.00738202845126733,0.0125,0.012519943586111,0.006932017292767
20241206,0.00796994703956795,0.0102990820094447,0.00807783900445043,0.0067410805673401,0.00900909785419375,0.0112668110691513,0.00702316764385748
20241207,0.00701080385212129,0.0101642841451179,0.00675796084846599,0.00744702205904206,0.00887861672595399,0.011592332410711,0.0070447494994809
20241208,0.00847702119767788,0.0105853839017482,0.00791109641739895,0.00716823400665793,0.00799118655242422,0.0118259763905551,0.00623189785855566
20241209,0.00921060379836005,0.010501515180325,0.00803632577044939,0.00714856436655052,0.00802847754161282,0.00992133739600524,0.00614416517688862
20241211,0.00938763967495288,0.0100369839152796,0.00795707346499347,0.00712237779981455,0.0125,0.00970467935135344,0.00609541593152797
20241212,0.00895300094816267,0.00368673480302211,0.00813572986697089,0.00733375137212303,0.00560415627682034,0.00964431156364284,0.00747318986195469
20241213,0.00909158878814586,0.0105042576354403,0.00825128384379915,0.00715685039357804,0.0058584546589004,0.00984111996335716,0.00700605472050421
20241216,0.00859308655209884,0.0104769919379766,0.0080804673888316,0.00728333267164952,0.00686868737602107,0.00966385841069241,0.00732680500721448
20241217,0.00834454914994945,0.0106294403520405,0.00816889441617986,0.00698669911985871,0.00523610254281336,0.00977155584873808,0.00694077251715788
20241218,NA,NA,NA,NA,NA,NA,NA
20241219,NA,NA,NA,NA,NA,NA,NA
20241220,NA,NA,NA,NA,NA,NA,NA
20241223,NA,NA,NA,NA,NA,NA,NA
20241227,NA,NA,NA,NA,NA,NA,NA
20241230,NA,NA,NA,NA,NA,NA,NA
20250104,NA,NA,NA,NA,NA,NA,NA
20250107,NA,NA,NA,NA,NA,NA,NA
20250108,NA,NA,NA,NA,NA,NA,NA
20250110,NA,NA,NA,NA,NA,NA,NA
20250113,NA,NA,NA,NA,NA,NA,NA
20250114,NA,NA,NA,NA,NA,NA,NA
20250115,NA,NA,NA,NA,NA,NA,NA
20250116,NA,NA,NA,NA,NA,NA,NA
20250117,NA,NA,NA,NA,NA,NA,NA
20250121,NA,NA,NA,NA,NA,NA,NA
20250122,NA,NA,NA,NA,NA,NA,NA
20250123,NA,NA,NA,NA,NA,NA,NA
20250127,NA,NA,NA,NA,NA,NA,NA
20250128,NA,NA,NA,NA,NA,NA,NA
20250129,NA,NA,NA,NA,NA,NA,NA
20250130,NA,NA,NA,NA,NA,NA,NA
20250131,NA,NA,NA,NA,NA,NA,NA
20250204,NA,NA,NA,NA,NA,NA,NA
20250205,NA,NA,NA,NA,NA,NA,NA
20250206,NA,NA,NA,NA,NA,NA,NA
20250207,NA,NA,NA,NA,NA,NA,NA
20250209,NA,NA,NA,NA,NA,NA,NA
20250210,NA,NA,NA,NA,NA,NA,NA
20250212,NA,NA,NA,NA,NA,NA,NA
20250213,NA,NA,NA,NA,NA,NA,NA
20250214,NA,NA,NA,NA,NA,NA,NA
20250218,NA,NA,NA,NA,NA,NA,NA
20250219,NA,NA,NA,NA,NA,NA,NA
20250220,NA,NA,NA,NA,NA,NA,NA
20250221,NA,NA,NA,NA,NA,NA,NA
20250224,NA,NA,NA,NA,NA,NA,NA
20250225,NA,NA,NA,NA,NA,NA,NA
20250226,NA,NA,NA,NA,NA,NA,NA
20250227,NA,NA,NA,NA,NA,NA,NA
20250228,NA,NA,NA,NA,NA,NA,NA
20250301,NA,NA,NA,NA,NA,NA,NA
20250302,NA,NA,NA,NA,NA,NA,NA
20250304,NA,NA,NA,NA,NA,NA,NA
20250306,NA,NA,NA,NA,NA,NA,NA
20250307,NA,NA,NA,NA,NA,NA,NA
20250309,NA,NA,NA,NA,NA,NA,NA
20250310,NA,NA,NA,NA,NA,NA,NA
20250311,NA,NA,NA,NA,NA,NA,NA
20250312,NA,NA,NA,NA,NA,NA,NA
20250313,NA,NA,NA,NA,NA,NA,NA
20250314,NA,NA,NA,NA,NA,NA,NA
20250317,NA,NA,NA,NA,NA,NA,NA
20250318,NA,NA,NA,NA,NA,NA,NA
20250319,NA,NA,NA,NA,NA,NA,NA
20250320,NA,NA,NA,NA,NA,NA,NA
20250321,NA,NA,NA,NA,NA,NA,NA
20250324,NA,NA,NA,NA,NA,NA,NA
20250326,NA,NA,NA,NA,NA,NA,NA
20250327,NA,NA,NA,NA,NA,NA,NA
20250328,NA,NA,NA,NA,NA,NA,NA
20250331,NA,NA,NA,NA,NA,NA,NA
20250402,NA,NA,NA,NA,NA,NA,NA
20250403,NA,NA,NA,NA,NA,NA,NA
20250404,NA,NA,NA,NA,NA,NA,NA
20250406,NA,NA,NA,NA,NA,NA,NA
20250408,NA,NA,NA,NA,NA,NA,NA
20250409,NA,NA,NA,NA,NA,NA,NA
20250411,NA,NA,NA,NA,NA,NA,NA
20250412,NA,NA,NA,NA,NA,NA,NA
20250414,NA,NA,NA,NA,NA,NA,NA
20250415,NA,NA,NA,NA,NA,NA,NA
20250416,NA,NA,NA,NA,NA,NA,NA
20250417,NA,NA,NA,NA,NA,NA,NA
20250422,NA,NA,NA,NA,NA,NA,NA
20250423,NA,NA,NA,NA,NA,NA,NA
20250424,NA,NA,NA,NA,NA,NA,NA
20250425,NA,NA,NA,NA,NA,NA,NA
20250428,NA,NA,NA,NA,NA,NA,NA
20250429,NA,NA,NA,NA,NA,NA,NA
20250430,NA,NA,NA,NA,NA,NA,NA
20250502,NA,NA,NA,NA,NA,NA,NA
20250503,NA,NA,NA,NA,NA,NA,NA
20250505,NA,NA,NA,NA,NA,NA,NA
20250506,NA,NA,NA,NA,NA,NA,NA
20250508,NA,NA,NA,NA,NA,NA,NA
20250509,NA,NA,NA,NA,NA,NA,NA
20250511,NA,NA,NA,NA,NA,NA,NA
20250512,NA,NA,NA,NA,NA,NA,NA
20250513,NA,NA,NA,NA,NA,NA,NA
20250514,NA,NA,NA,NA,NA,NA,NA
20250515,NA,NA,NA,NA,NA,NA,NA
20250516,NA,NA,NA,NA,NA,NA,NA
20250519,NA,NA,NA,NA,NA,NA,NA
20250520,NA,NA,NA,NA,NA,NA,NA
20250521,NA,NA,NA,NA,NA,NA,NA
20250522,NA,NA,NA,NA,NA,NA,NA
20250523,NA,NA,NA,NA,NA,NA,NA
20250527,NA,NA,NA,NA,NA,NA,NA
20250528,NA,NA,NA,NA,NA,NA,NA
20250529,NA,NA,NA,NA,NA,NA,NA
20250530,NA,NA,NA,NA,NA,NA,NA
20250602,NA,NA,NA,NA,NA,NA,NA
20250603,NA,NA,NA,NA,NA,NA,NA
20250605,NA,NA,NA,NA,NA,NA,NA
20250606,NA,NA,NA,NA,NA,NA,NA
20250608,NA,NA,NA,NA,NA,NA,NA
20250610,NA,NA,NA,NA,NA,NA,NA
20250611,NA,NA,NA,NA,NA,NA,NA
20250613,NA,NA,NA,NA,NA,NA,NA
20250616,NA,NA,NA,NA,NA,NA,NA
20250617,NA,NA,NA,NA,NA,NA,NA
20250618,NA,NA,NA,NA,NA,NA,NA
20250620,NA,NA,NA,NA,NA,NA,NA
20250623,NA,NA,NA,NA,NA,NA,NA
20250624,NA,NA,NA,NA,NA,NA,NA
20250630,NA,NA,NA,NA,NA,NA,NA
20250702,NA,NA,NA,NA,NA,NA,NA
20250703,NA,NA,NA,NA,NA,NA,NA
20250704,NA,NA,NA,NA,NA,NA,NA
20250705,NA,NA,NA,NA,NA,NA,NA
20250707,NA,NA,NA,NA,NA,NA,NA
20250708,NA,NA,NA,NA,NA,NA,NA
20250710,NA,NA,NA,NA,NA,NA,NA
20250711,NA,NA,NA,NA,NA,NA,NA
20250714,NA,NA,NA,NA,NA,NA,NA
20250715,NA,NA,NA,NA,NA,NA,NA
20250716,NA,NA,NA,NA,NA,NA,NA
20250717,NA,NA,NA,NA,NA,NA,NA
20250718,NA,NA,NA,NA,NA,NA,NA
20250721,NA,NA,NA,NA,NA,NA,NA
20250722,NA,NA,NA,NA,NA,NA,NA
20250723,NA,NA,NA,NA,NA,NA,NA
20250724,NA,NA,NA,NA,NA,NA,NA
20250725,NA,NA,NA,NA,NA,NA,NA
20250728,NA,NA,NA,NA,NA,NA,NA
20250729,NA,NA,NA,NA,NA,NA,NA
20250730,NA,NA,NA,NA,NA,NA,NA
20250731,NA,NA,NA,NA,NA,NA,NA
20250801,NA,NA,NA,NA,NA,NA,NA
20250804,NA,NA,NA,NA,NA,NA,NA
20250805,NA,NA,NA,NA,NA,NA,NA
20250807,NA,NA,NA,NA,NA,NA,NA
20250808,NA,NA,NA,NA,NA,NA,NA
20250809,NA,NA,NA,NA,NA,NA,NA
20250810,NA,NA,NA,NA,NA,NA,NA
20250812,NA,NA,NA,NA,NA,NA,NA
20250813,NA,NA,NA,NA,NA,NA,NA
20250814,NA,NA,NA,NA,NA,NA,NA
20250818,NA,NA,NA,NA,NA,NA,NA
20250819,NA,NA,NA,NA,NA,NA,NA
20250820,NA,NA,NA,NA,NA,NA,NA
20250821,NA,NA,NA,NA,NA,NA,NA
20250822,NA,NA,NA,NA,NA,NA,NA
20250825,NA,NA,NA,NA,NA,NA,NA
20250826,NA,NA,NA,NA,NA,NA,NA
20250827,NA,NA,NA,NA,NA,NA,NA
20250828,NA,NA,NA,NA,NA,NA,NA
20250829,NA,NA,NA,NA,NA,NA,NA
20250904,NA,NA,NA,NA,NA,NA,NA
20250905,NA,NA,NA,NA,NA,NA,NA
20250907,NA,NA,NA,NA,NA,NA,NA
20250909,NA,NA,NA,NA,NA,NA,NA
20250910,NA,NA,NA,NA,NA,NA,NA
20250912,NA,NA,NA,NA,NA,NA,NA
20250915,NA,NA,NA,NA,NA,NA,NA
20250916,NA,NA,NA,NA,NA,NA,NA
20250917,NA,NA,NA,NA,NA,NA,NA
20250918,NA,NA,NA,NA,NA,NA,NA
20250919,NA,NA,NA,NA,NA,NA,NA
20250922,NA,NA,NA,NA,NA,NA,NA
20250923,NA,NA,NA,NA,NA,NA,NA
20250924,NA,NA,NA,NA,NA,NA,NA
20250925,NA,NA,NA,NA,NA,NA,NA
20250926,NA,NA,NA,NA,NA,NA,NA
20250929,NA,NA,NA,NA,NA,NA,NA
20250930,NA,NA,NA,NA,NA,NA,NA
20251001,NA,NA,NA,NA,NA,NA,NA
20251002,NA,NA,NA,NA,NA,NA,NA
20251003,NA,NA,NA,NA,NA,NA,NA
20251004,NA,NA,NA,NA,NA,NA,NA
20251006,NA,NA,NA,NA,NA,NA,NA
20251007,NA,NA,NA,NA,NA,NA,NA
20251009,NA,NA,NA,NA,NA,NA,NA
20251010,NA,NA,NA,NA,NA,NA,NA
20251011,NA,NA,NA,NA,NA,NA,NA
20251012,NA,NA,NA,NA,NA,NA,NA
20251013,NA,NA,NA,NA,NA,NA,NA
20251014,NA,NA,NA,NA,NA,NA,NA
20251015,NA,NA,NA,NA,NA,NA,NA
20251016,NA,NA,NA,NA,NA,NA,NA
20251017,NA,NA,NA,NA,NA,NA,NA
20251020,NA,NA,NA,NA,NA,NA,NA
20251021,NA,NA,NA,NA,NA,NA,NA
20251022,NA,NA,NA,NA,NA,NA,NA
20251023,NA,NA,NA,NA,NA,NA,NA
20251024,NA,NA,NA,NA,NA,NA,NA
20251027,NA,NA,NA,NA,NA,NA,NA
20251029,NA,NA,NA,NA,NA,NA,NA
20251030,NA,NA,NA,NA,NA,NA,NA
20251031,NA,NA,NA,NA,NA,NA,NA
20251102,NA,NA,NA,NA,NA,NA,NA
20251103,NA,NA,NA,NA,NA,NA,NA
20251104,NA,NA,NA,NA,NA,NA,NA
20251106,NA,NA,NA,NA,NA,NA,NA
20251107,NA,NA,NA,NA,NA,NA,NA
20251108,NA,NA,NA,NA,NA,NA,NA
20251109,NA,NA,NA,NA,NA,NA,NA
20251112,NA,NA,NA,NA,NA,NA,NA
20251113,NA,NA,NA,NA,NA,NA,NA
20251114,NA,NA,NA,NA,NA,NA,NA
20251117,NA,NA,NA,NA,NA,NA,NA
20251118,NA,NA,NA,NA,NA,NA,NA
20251119,NA,NA,NA,NA,NA,NA,NA
20251120,NA,NA,NA,NA,NA,NA,NA
20251121,NA,NA,NA,NA,NA,NA,NA
20251124,NA,NA,NA,NA,NA,NA,NA
20251125,NA,NA,NA,NA,NA,NA,NA
20251126,NA,NA,NA,NA,NA,NA,NA
20251128,NA,NA,NA,NA,NA,NA,NA
20251202,NA,NA,NA,NA,NA,NA,NA
20251203,NA,NA,NA,NA,NA,NA,NA
20251205,NA,NA,NA,NA,NA,NA,NA
20251206,NA,NA,NA,NA,NA,NA,NA
20251208,NA,NA,NA,NA,NA,NA,NA
20251209,NA,NA,NA,NA,NA,NA,NA
20251211,NA,NA,NA,NA,NA,NA,NA
20251212,NA,NA,NA,NA,NA,NA,NA
20251215,NA,NA,NA,NA,NA,NA,NA
20251216,NA,NA,NA,NA,NA,NA,NA
20251217,NA,NA,NA,NA,NA,NA,NA
20251218,NA,NA,NA,NA,NA,NA,NA
20251219,NA,NA,NA,NA,NA,NA,NA
20251222,NA,NA,NA,NA,NA,NA,NA
20251223,NA,NA,NA,NA,NA,NA,NA
20251229,NA,NA,NA,NA,NA,NA,NA
20251230,NA,NA,NA,NA,NA,NA,NA
